boundary,iters,cum_iters,ideal_min,ideal_mean,ideal_max,resid_min,resid_max
0,5,5,5.069629e-03,8.993485e-03,1.000000e-02,0.000000e+00,0.000000e+00
1,3,8,5.668586e-03,7.179572e-03,1.000000e-02,0.000000e+00,0.000000e+00
2,3,11,6.130517e-03,7.053432e-03,9.758773e-03,0.000000e+00,0.000000e+00
3,8,19,2.731789e-03,5.426232e-03,1.038447e-02,0.000000e+00,0.000000e+00
4,7,26,2.754105e-03,5.712275e-03,1.000000e-02,0.000000e+00,0.000000e+00
5,8,34,2.686024e-03,5.630209e-03,9.408565e-03,0.000000e+00,0.000000e+00
6,7,41,2.312056e-03,5.651567e-03,1.007294e-02,0.000000e+00,0.000000e+00
7,8,49,2.415308e-03,5.584488e-03,9.449909e-03,0.000000e+00,0.000000e+00
8,7,56,2.236336e-03,5.053100e-03,9.714956e-03,0.000000e+00,0.000000e+00
9,7,63,2.863280e-03,5.135838e-03,9.714956e-03,0.000000e+00,0.000000e+00
10,9,72,2.168318e-03,4.081824e-03,1.000000e-02,0.000000e+00,0.000000e+00
11,9,81,2.066089e-03,4.889573e-03,8.279611e-03,0.000000e+00,0.000000e+00
12,12,93,1.350659e-03,4.985061e-03,1.000000e-02,0.000000e+00,0.000000e+00
13,12,105,1.494401e-03,4.920643e-03,9.764147e-03,0.000000e+00,0.000000e+00
14,6,111,2.283503e-03,5.170269e-03,1.000000e-02,0.000000e+00,0.000000e+00
15,7,118,1.703887e-03,5.200062e-03,9.787976e-03,0.000000e+00,0.000000e+00
16,7,125,1.945540e-03,5.361048e-03,9.787976e-03,0.000000e+00,0.000000e+00
17,8,133,1.880723e-03,5.376042e-03,9.659276e-03,0.000000e+00,0.000000e+00
18,8,141,2.096279e-03,5.520764e-03,1.000000e-02,0.000000e+00,0.000000e+00
19,9,150,2.245408e-03,5.660429e-03,9.556227e-03,0.000000e+00,0.000000e+00
20,8,158,2.098719e-03,5.956714e-03,1.003126e-02,0.000000e+00,0.000000e+00
21,7,165,1.802303e-03,5.848452e-03,1.000000e-02,0.000000e+00,0.000000e+00
22,8,173,2.448406e-03,6.119772e-03,1.096561e-02,0.000000e+00,0.000000e+00
23,9,182,2.148491e-03,6.106115e-03,1.036583e-02,0.000000e+00,0.000000e+00
24,9,191,2.464795e-03,6.219630e-03,1.000000e-02,0.000000e+00,0.000000e+00
25,7,198,2.272959e-03,6.096346e-03,1.194522e-02,0.000000e+00,0.000000e+00
26,8,206,1.975373e-03,6.473911e-03,1.100432e-02,0.000000e+00,0.000000e+00
27,6,212,2.483626e-03,6.437105e-03,1.134258e-02,0.000000e+00,0.000000e+00
28,7,219,2.556246e-03,6.533546e-03,1.063403e-02,0.000000e+00,0.000000e+00
29,7,226,3.074620e-03,6.526783e-03,1.042702e-02,0.000000e+00,0.000000e+00
30,6,232,2.006629e-03,6.799146e-03,1.128846e-02,0.000000e+00,0.000000e+00
31,6,238,2.436390e-03,6.675795e-03,1.118830e-02,0.000000e+00,0.000000e+00
32,7,245,2.789508e-03,6.897272e-03,1.272619e-02,0.000000e+00,0.000000e+00
33,8,253,2.310594e-03,6.698371e-03,1.158404e-02,0.000000e+00,0.000000e+00
34,6,259,3.229416e-03,6.979076e-03,1.104061e-02,0.000000e+00,0.000000e+00
35,6,265,2.603487e-03,6.874254e-03,1.101999e-02,0.000000e+00,0.000000e+00
36,5,270,3.800373e-03,7.331934e-03,1.328524e-02,0.000000e+00,0.000000e+00
37,6,276,3.516726e-03,7.085341e-03,1.040800e-02,0.000000e+00,0.000000e+00
38,7,283,2.452068e-03,7.091459e-03,1.179662e-02,0.000000e+00,0.000000e+00
39,8,291,2.174478e-03,6.836381e-03,1.063920e-02,0.000000e+00,0.000000e+00
40,8,299,2.344618e-03,7.203658e-03,1.256322e-02,0.000000e+00,0.000000e+00
41,7,306,3.113540e-03,7.097446e-03,1.061688e-02,0.000000e+00,0.000000e+00
42,7,313,1.993688e-03,7.558315e-03,1.414015e-02,0.000000e+00,0.000000e+00
43,8,321,3.009001e-03,7.314550e-03,1.066552e-02,0.000000e+00,0.000000e+00
44,6,327,2.695885e-03,7.652354e-03,1.311377e-02,0.000000e+00,0.000000e+00
45,5,332,3.697575e-03,7.341982e-03,1.165234e-02,0.000000e+00,0.000000e+00
46,7,339,1.916369e-03,7.699996e-03,1.352386e-02,0.000000e+00,0.000000e+00
47,9,348,2.091442e-03,7.266439e-03,1.197900e-02,0.000000e+00,0.000000e+00
HIST {'total_samples': 32704, 'floor_samples': 0, 'floor_fraction': 0.0, 'saturation_depth': 0.0, 'boundaries': 48, 'capped_boundaries': 0, 'unfinished_worlds': 0}
48,9,357,2.505339e-03,7.405955e-03,1.089000e-02,0.000000e+00,0.000000e+00
49,8,365,2.190382e-03,7.116867e-03,1.089000e-02,0.000000e+00,0.000000e+00
50,8,373,2.178937e-03,7.286924e-03,1.329314e-02,0.000000e+00,0.000000e+00
51,11,384,1.604934e-03,6.916535e-03,1.317690e-02,0.000000e+00,0.000000e+00
52,12,396,9.923531e-04,7.198500e-03,1.533604e-02,0.000000e+00,0.000000e+00
53,10,406,1.713411e-03,6.811121e-03,1.098242e-02,0.000000e+00,0.000000e+00
54,11,417,1.611941e-03,6.921022e-03,1.318279e-02,0.000000e+00,0.000000e+00
55,9,426,1.603747e-03,6.751513e-03,1.235086e-02,0.000000e+00,0.000000e+00
56,8,434,1.781286e-03,6.884208e-03,1.273602e-02,0.000000e+00,0.000000e+00
57,12,446,1.152061e-03,6.725953e-03,1.225062e-02,0.000000e+00,0.000000e+00
58,9,455,1.910724e-03,6.846260e-03,1.213788e-02,0.000000e+00,0.000000e+00
59,13,468,1.246291e-03,6.451172e-03,1.056411e-02,0.000000e+00,0.000000e+00
60,14,482,7.869897e-04,6.699400e-03,1.129918e-02,0.000000e+00,0.000000e+00
61,12,494,1.138383e-03,6.378470e-03,1.022612e-02,0.000000e+00,0.000000e+00
62,11,505,1.514746e-03,6.577390e-03,1.499816e-02,0.000000e+00,0.000000e+00
63,12,517,1.190082e-03,6.214048e-03,1.197900e-02,0.000000e+00,0.000000e+00
64,12,529,1.036034e-03,6.297691e-03,1.260870e-02,0.000000e+00,0.000000e+00
65,17,546,9.211432e-04,5.923796e-03,1.130792e-02,0.000000e+00,0.000000e+00
66,15,561,1.071271e-03,6.000951e-03,1.243871e-02,0.000000e+00,0.000000e+00
67,15,576,1.026186e-03,5.871859e-03,1.270176e-02,0.000000e+00,0.000000e+00
68,12,588,1.406132e-03,6.097084e-03,1.322823e-02,0.000000e+00,0.000000e+00
69,11,599,1.151328e-03,5.800917e-03,1.370087e-02,0.000000e+00,0.000000e+00
70,12,611,8.851472e-04,5.931236e-03,1.213591e-02,0.000000e+00,0.000000e+00
71,11,622,1.580275e-03,5.785679e-03,1.000000e-02,0.000000e+00,0.000000e+00
72,14,636,8.951981e-04,5.944815e-03,1.355148e-02,0.000000e+00,0.000000e+00
73,10,646,1.209522e-03,5.683505e-03,1.608264e-02,0.000000e+00,0.000000e+00
74,10,656,1.116988e-03,5.751808e-03,1.078489e-02,0.000000e+00,0.000000e+00
75,10,666,1.291776e-03,5.712529e-03,1.004260e-02,0.000000e+00,0.000000e+00
76,20,686,7.651318e-04,5.843662e-03,1.294443e-02,0.000000e+00,0.000000e+00
77,11,697,8.735409e-04,5.626896e-03,1.321861e-02,0.000000e+00,0.000000e+00
78,15,712,6.690775e-04,5.762041e-03,1.319520e-02,0.000000e+00,0.000000e+00
79,17,729,7.993542e-04,5.545401e-03,1.093184e-02,0.000000e+00,0.000000e+00
80,14,743,8.653573e-04,5.680304e-03,1.132718e-02,0.000000e+00,0.000000e+00
81,11,754,8.054345e-04,5.567540e-03,1.150242e-02,0.000000e+00,0.000000e+00
82,12,766,9.792309e-04,5.556697e-03,1.343140e-02,0.000000e+00,0.000000e+00
83,14,780,1.147158e-03,5.338569e-03,1.108091e-02,0.000000e+00,0.000000e+00
84,15,795,9.275602e-04,5.467935e-03,1.045421e-02,0.000000e+00,0.000000e+00
85,13,808,1.041712e-03,5.204385e-03,1.002637e-02,0.000000e+00,0.000000e+00
86,13,821,1.239226e-03,5.407413e-03,1.166461e-02,0.000000e+00,0.000000e+00
87,12,833,1.007010e-03,5.177615e-03,1.000000e-02,0.000000e+00,0.000000e+00
88,15,848,1.035832e-03,5.265556e-03,1.197900e-02,0.000000e+00,0.000000e+00
89,12,860,1.125766e-03,5.185610e-03,1.226504e-02,0.000000e+00,0.000000e+00
90,12,872,1.206301e-03,5.306858e-03,1.349155e-02,0.000000e+00,0.000000e+00
91,15,887,1.126989e-03,5.249596e-03,1.484070e-02,0.000000e+00,0.000000e+00
92,15,902,9.723712e-04,5.302166e-03,1.317269e-02,0.000000e+00,0.000000e+00
93,14,916,7.375785e-04,5.264150e-03,1.000000e-02,0.000000e+00,0.000000e+00
94,16,932,8.766747e-04,5.442999e-03,1.298488e-02,0.000000e+00,0.000000e+00
95,12,944,1.224846e-03,5.266261e-03,1.035815e-02,0.000000e+00,0.000000e+00
HIST {'total_samples': 73204, 'floor_samples': 0, 'floor_fraction': 0.0, 'saturation_depth': 0.0, 'boundaries': 96, 'capped_boundaries': 0, 'unfinished_worlds': 0}
96,17,961,6.085220e-04,5.288303e-03,1.105190e-02,0.000000e+00,0.000000e+00
97,13,974,1.302324e-03,5.229235e-03,1.098506e-02,0.000000e+00,0.000000e+00
98,17,991,8.049411e-04,5.314713e-03,1.156470e-02,0.000000e+00,0.000000e+00
99,14,1005,9.835932e-04,5.265306e-03,1.060520e-02,0.000000e+00,0.000000e+00
100,22,1027,4.728108e-04,5.440434e-03,1.412146e-02,0.000000e+00,0.000000e+00
101,15,1042,1.145167e-03,5.196966e-03,1.067980e-02,0.000000e+00,0.000000e+00
102,18,1060,6.291189e-04,5.384320e-03,1.816037e-02,0.000000e+00,0.000000e+00
103,15,1075,1.135678e-03,5.097549e-03,1.118785e-02,0.000000e+00,0.000000e+00
104,13,1088,1.010241e-03,5.387519e-03,1.401562e-02,0.000000e+00,0.000000e+00
105,15,1103,1.020969e-03,5.237287e-03,1.329696e-02,0.000000e+00,0.000000e+00
106,14,1117,1.047406e-03,5.249741e-03,1.664964e-02,0.000000e+00,0.000000e+00
107,11,1128,1.047406e-03,5.043238e-03,1.000000e-02,0.000000e+00,0.000000e+00
108,13,1141,1.112133e-03,5.323866e-03,1.000000e-02,0.000000e+00,0.000000e+00
109,10,1151,1.260702e-03,5.047603e-03,1.154249e-02,0.000000e+00,0.000000e+00
110,15,1166,1.268263e-03,5.198772e-03,1.334677e-02,0.000000e+00,0.000000e+00
111,13,1179,1.333243e-03,5.297452e-03,1.023599e-02,0.000000e+00,0.000000e+00
112,13,1192,1.107413e-03,5.504176e-03,1.210783e-02,0.000000e+00,0.000000e+00
113,11,1203,1.396150e-03,5.303123e-03,1.000000e-02,0.000000e+00,0.000000e+00
114,14,1217,8.954457e-04,5.271369e-03,1.322735e-02,0.000000e+00,0.000000e+00
115,17,1234,8.791516e-04,5.048094e-03,1.000000e-02,0.000000e+00,0.000000e+00
116,13,1247,9.830518e-04,5.301841e-03,1.110719e-02,0.000000e+00,0.000000e+00
117,15,1262,9.578801e-04,5.146569e-03,1.000000e-02,0.000000e+00,0.000000e+00
118,15,1277,6.036088e-04,5.289691e-03,1.163687e-02,0.000000e+00,0.000000e+00
119,16,1293,1.167219e-03,5.193058e-03,1.000000e-02,0.000000e+00,0.000000e+00
120,11,1304,1.237705e-03,5.273634e-03,1.583899e-02,0.000000e+00,0.000000e+00
121,13,1317,1.364612e-03,5.220209e-03,1.190046e-02,0.000000e+00,0.000000e+00
122,14,1331,1.228670e-03,5.337528e-03,1.309051e-02,0.000000e+00,0.000000e+00
123,11,1342,1.707116e-03,5.279941e-03,1.424393e-02,0.000000e+00,0.000000e+00
124,13,1355,9.468053e-04,5.368734e-03,1.583952e-02,0.000000e+00,0.000000e+00
125,17,1372,1.017967e-03,5.209232e-03,1.315900e-02,0.000000e+00,0.000000e+00
126,13,1385,1.110683e-03,5.355381e-03,1.476214e-02,0.000000e+00,0.000000e+00
127,17,1402,8.937380e-04,5.113761e-03,1.275846e-02,0.000000e+00,0.000000e+00
128,18,1420,1.108696e-03,5.320332e-03,1.745194e-02,0.000000e+00,0.000000e+00
129,16,1436,8.291844e-04,5.074640e-03,1.000000e-02,0.000000e+00,0.000000e+00
130,13,1449,1.071661e-03,5.153465e-03,1.025061e-02,0.000000e+00,0.000000e+00
131,17,1466,7.542681e-04,5.002638e-03,1.000882e-02,0.000000e+00,0.000000e+00
132,13,1479,7.559159e-04,5.194095e-03,1.295669e-02,0.000000e+00,0.000000e+00
133,11,1490,1.196263e-03,5.202769e-03,1.000000e-02,0.000000e+00,0.000000e+00
134,18,1508,7.154420e-04,5.277525e-03,1.240994e-02,0.000000e+00,0.000000e+00
135,15,1523,6.307630e-04,5.257532e-03,1.061281e-02,0.000000e+00,0.000000e+00
136,18,1541,6.790780e-04,5.253169e-03,1.090906e-02,0.000000e+00,0.000000e+00
137,16,1557,7.927853e-04,5.230422e-03,1.171821e-02,0.000000e+00,0.000000e+00
138,10,1567,1.354348e-03,5.328079e-03,1.119959e-02,0.000000e+00,0.000000e+00
139,14,1581,6.752364e-04,5.265579e-03,1.231955e-02,0.000000e+00,0.000000e+00
140,13,1594,9.059357e-04,5.433380e-03,1.221894e-02,0.000000e+00,0.000000e+00
141,10,1604,1.429112e-03,5.269683e-03,1.209208e-02,0.000000e+00,0.000000e+00
142,15,1619,1.332616e-03,5.292995e-03,1.047962e-02,0.000000e+00,0.000000e+00
143,13,1632,1.193718e-03,5.030777e-03,1.000000e-02,0.000000e+00,0.000000e+00
HIST {'total_samples': 121600, 'floor_samples': 0, 'floor_fraction': 0.0, 'saturation_depth': 0.0, 'boundaries': 144, 'capped_boundaries': 0, 'unfinished_worlds': 0}
144,17,1649,1.156841e-03,5.278589e-03,1.077873e-02,0.000000e+00,0.000000e+00
145,12,1661,1.185756e-03,5.249929e-03,1.000000e-02,0.000000e+00,0.000000e+00
146,15,1676,1.264821e-03,5.314848e-03,1.130319e-02,0.000000e+00,0.000000e+00
147,11,1687,1.219904e-03,5.184059e-03,1.329552e-02,0.000000e+00,0.000000e+00
148,18,1705,6.508075e-04,5.320054e-03,1.399742e-02,0.000000e+00,0.000000e+00
149,16,1721,1.120596e-03,5.285018e-03,1.000000e-02,0.000000e+00,0.000000e+00
150,13,1734,1.132863e-03,5.186324e-03,1.039041e-02,0.000000e+00,0.000000e+00
151,12,1746,1.086887e-03,5.202202e-03,1.006141e-02,0.000000e+00,0.000000e+00
152,11,1757,1.116064e-03,5.457405e-03,1.116170e-02,0.000000e+00,0.000000e+00
153,13,1770,1.245501e-03,5.233432e-03,1.000000e-02,0.000000e+00,0.000000e+00
154,12,1782,1.040306e-03,5.397199e-03,1.061657e-02,0.000000e+00,0.000000e+00
155,15,1797,8.067663e-04,5.236086e-03,1.154549e-02,0.000000e+00,0.000000e+00
156,11,1808,1.082850e-03,5.556491e-03,1.393983e-02,0.000000e+00,0.000000e+00
157,11,1819,1.127573e-03,5.418886e-03,1.018003e-02,0.000000e+00,0.000000e+00
158,10,1829,1.106936e-03,5.325596e-03,1.002237e-02,0.000000e+00,0.000000e+00
159,10,1839,1.472068e-03,5.223988e-03,1.000000e-02,0.000000e+00,0.000000e+00
160,11,1850,1.138151e-03,5.250055e-03,1.167495e-02,0.000000e+00,0.000000e+00
161,11,1861,1.348826e-03,5.360382e-03,1.242297e-02,0.000000e+00,0.000000e+00
162,12,1873,1.498470e-03,5.428747e-03,1.291024e-02,0.000000e+00,0.000000e+00
163,15,1888,6.114149e-04,5.231964e-03,1.000000e-02,0.000000e+00,0.000000e+00
164,13,1901,1.028791e-03,5.295368e-03,1.238322e-02,0.000000e+00,0.000000e+00
165,13,1914,1.129495e-03,5.231176e-03,1.041645e-02,0.000000e+00,0.000000e+00
166,11,1925,1.142387e-03,5.314685e-03,1.256796e-02,0.000000e+00,0.000000e+00
167,12,1937,1.224631e-03,5.257972e-03,1.648207e-02,0.000000e+00,0.000000e+00
168,15,1952,1.019608e-03,5.328742e-03,1.813028e-02,0.000000e+00,0.000000e+00
169,13,1965,1.113631e-03,5.201716e-03,1.776604e-02,0.000000e+00,0.000000e+00
170,17,1982,9.519788e-04,5.254566e-03,1.817925e-02,0.000000e+00,0.000000e+00
171,12,1994,1.306083e-03,5.199245e-03,1.817925e-02,0.000000e+00,0.000000e+00
172,14,2008,1.077798e-03,5.309161e-03,1.310408e-02,0.000000e+00,0.000000e+00
173,21,2029,8.971101e-04,5.013029e-03,1.000000e-02,0.000000e+00,0.000000e+00
174,15,2044,9.647603e-04,5.158696e-03,1.101950e-02,0.000000e+00,0.000000e+00
175,17,2061,1.208104e-03,5.101935e-03,1.212145e-02,0.000000e+00,0.000000e+00
176,14,2075,9.021488e-04,5.089334e-03,1.176137e-02,0.000000e+00,0.000000e+00
177,15,2090,8.488275e-04,4.924474e-03,1.029951e-02,0.000000e+00,0.000000e+00
178,15,2105,9.202547e-04,5.046180e-03,1.115291e-02,0.000000e+00,0.000000e+00
179,13,2118,1.007927e-03,5.045068e-03,1.000000e-02,0.000000e+00,0.000000e+00
180,13,2131,1.105053e-03,5.121718e-03,1.265767e-02,0.000000e+00,0.000000e+00
181,14,2145,9.339075e-04,5.090208e-03,1.000000e-02,0.000000e+00,0.000000e+00
182,13,2158,1.231161e-03,5.213163e-03,1.216681e-02,0.000000e+00,0.000000e+00
183,17,2175,1.101395e-03,5.007333e-03,1.000000e-02,0.000000e+00,0.000000e+00
184,16,2191,8.985851e-04,5.110725e-03,1.223847e-02,0.000000e+00,0.000000e+00
185,19,2210,1.048729e-03,5.044252e-03,1.000000e-02,0.000000e+00,0.000000e+00
186,18,2228,1.089707e-03,5.084231e-03,1.384847e-02,0.000000e+00,0.000000e+00
187,15,2243,6.866048e-04,4.982884e-03,9.876003e-03,0.000000e+00,0.000000e+00
188,13,2256,1.119379e-03,5.208199e-03,1.000000e-02,0.000000e+00,0.000000e+00
189,13,2269,1.037615e-03,5.121090e-03,1.077655e-02,0.000000e+00,0.000000e+00
190,11,2280,1.373184e-03,5.344121e-03,1.430844e-02,0.000000e+00,0.000000e+00
191,10,2290,7.219309e-04,5.234429e-03,1.003122e-02,0.000000e+00,0.000000e+00
HIST {'total_samples': 171047, 'floor_samples': 0, 'floor_fraction': 0.0, 'saturation_depth': 0.0, 'boundaries': 192, 'capped_boundaries': 0, 'unfinished_worlds': 0}
192,14,2304,1.490082e-03,5.207244e-03,1.120262e-02,0.000000e+00,0.000000e+00
193,11,2315,1.078935e-03,5.182445e-03,9.715514e-03,0.000000e+00,0.000000e+00
194,13,2328,1.188226e-03,5.398806e-03,1.000000e-02,0.000000e+00,0.000000e+00
195,14,2342,7.594337e-04,5.286543e-03,9.624436e-03,0.000000e+00,0.000000e+00
196,14,2356,1.108188e-03,5.292553e-03,1.028905e-02,0.000000e+00,0.000000e+00
197,14,2370,1.165733e-03,5.102290e-03,1.000000e-02,0.000000e+00,0.000000e+00
198,11,2381,1.702217e-03,5.316121e-03,1.126375e-02,0.000000e+00,0.000000e+00
199,11,2392,1.204442e-03,5.123357e-03,1.000000e-02,0.000000e+00,0.000000e+00
200,11,2403,1.614353e-03,5.226932e-03,1.188015e-02,0.000000e+00,0.000000e+00
201,13,2416,1.057354e-03,5.085669e-03,1.000000e-02,0.000000e+00,0.000000e+00
202,11,2427,8.223951e-04,5.121445e-03,1.082376e-02,0.000000e+00,0.000000e+00
203,20,2447,7.684692e-04,4.963978e-03,9.438355e-03,0.000000e+00,0.000000e+00
204,13,2460,1.073005e-03,5.112943e-03,1.005941e-02,0.000000e+00,0.000000e+00
205,17,2477,7.030377e-04,5.177258e-03,1.189567e-02,0.000000e+00,0.000000e+00
206,13,2490,1.312222e-03,5.231421e-03,1.053712e-02,0.000000e+00,0.000000e+00
207,10,2500,1.260520e-03,5.142542e-03,1.000000e-02,0.000000e+00,0.000000e+00
208,16,2516,7.325581e-04,5.186621e-03,1.050988e-02,0.000000e+00,0.000000e+00
209,14,2530,9.987376e-04,4.977678e-03,1.000000e-02,0.000000e+00,0.000000e+00
210,11,2541,1.364649e-03,5.036382e-03,1.027587e-02,0.000000e+00,0.000000e+00
211,15,2556,1.052410e-03,4.985034e-03,1.019610e-02,0.000000e+00,0.000000e+00
212,12,2568,1.518908e-03,5.086580e-03,1.314009e-02,0.000000e+00,0.000000e+00
213,12,2580,1.003646e-03,5.030586e-03,1.000000e-02,0.000000e+00,0.000000e+00
214,15,2595,1.113313e-03,5.073948e-03,1.017668e-02,0.000000e+00,0.000000e+00
215,20,2615,9.267493e-04,4.913059e-03,1.087187e-02,0.000000e+00,0.000000e+00
216,19,2634,9.165159e-04,4.897784e-03,1.000000e-02,0.000000e+00,0.000000e+00
217,13,2647,1.237982e-03,4.904914e-03,1.000000e-02,0.000000e+00,0.000000e+00
218,20,2667,9.461091e-04,5.001362e-03,1.447046e-02,0.000000e+00,0.000000e+00
219,14,2681,1.161474e-03,4.903134e-03,1.251408e-02,0.000000e+00,0.000000e+00
220,14,2695,1.009916e-03,5.186284e-03,1.750926e-02,0.000000e+00,0.000000e+00
221,14,2709,1.029571e-03,5.054214e-03,1.179466e-02,0.000000e+00,0.000000e+00
222,14,2723,8.888230e-04,5.267266e-03,1.483008e-02,0.000000e+00,0.000000e+00
223,14,2737,1.073585e-03,5.268127e-03,1.093995e-02,0.000000e+00,0.000000e+00
224,10,2747,1.291977e-03,5.272257e-03,1.629492e-02,0.000000e+00,0.000000e+00
225,19,2766,9.417242e-04,5.172634e-03,1.814398e-02,0.000000e+00,0.000000e+00
226,10,2776,1.370612e-03,5.195424e-03,1.357558e-02,0.000000e+00,0.000000e+00
227,15,2791,1.016314e-03,5.140602e-03,1.821472e-02,0.000000e+00,0.000000e+00
228,12,2803,1.290434e-03,5.192198e-03,1.750869e-02,0.000000e+00,0.000000e+00
229,13,2816,8.100021e-04,4.893899e-03,1.587716e-02,0.000000e+00,0.000000e+00
230,12,2828,1.144998e-03,5.027397e-03,1.129879e-02,0.000000e+00,0.000000e+00
231,13,2841,1.127775e-03,4.907794e-03,1.000000e-02,0.000000e+00,0.000000e+00
232,17,2858,8.436164e-04,5.088663e-03,1.180141e-02,0.000000e+00,0.000000e+00
233,14,2872,1.058256e-03,5.067627e-03,1.000000e-02,0.000000e+00,0.000000e+00
234,11,2883,1.332274e-03,5.209167e-03,1.141226e-02,0.000000e+00,0.000000e+00
235,16,2899,1.248535e-03,5.071051e-03,1.000000e-02,0.000000e+00,0.000000e+00
236,19,2918,8.238321e-04,5.148537e-03,1.190937e-02,0.000000e+00,0.000000e+00
237,15,2933,1.045069e-03,5.134286e-03,1.000000e-02,0.000000e+00,0.000000e+00
238,13,2946,7.001603e-04,5.238963e-03,1.033231e-02,0.000000e+00,0.000000e+00
239,15,2961,8.946979e-04,5.125155e-03,1.000000e-02,0.000000e+00,0.000000e+00
HIST {'total_samples': 221495, 'floor_samples': 0, 'floor_fraction': 0.0, 'saturation_depth': 0.0, 'boundaries': 240, 'capped_boundaries': 0, 'unfinished_worlds': 0}
240,14,2975,1.104295e-03,5.356712e-03,1.307188e-02,0.000000e+00,0.000000e+00
241,13,2988,1.174624e-03,5.084427e-03,1.437906e-02,0.000000e+00,0.000000e+00
242,11,2999,9.013256e-04,5.201789e-03,1.330388e-02,0.000000e+00,0.000000e+00
243,11,3010,1.395709e-03,5.002295e-03,1.090967e-02,0.000000e+00,0.000000e+00
244,9,3019,1.154876e-03,5.322966e-03,1.310785e-02,0.000000e+00,0.000000e+00
245,11,3030,1.471845e-03,5.317247e-03,1.038774e-02,0.000000e+00,0.000000e+00
246,11,3041,1.408053e-03,5.353305e-03,1.022406e-02,0.000000e+00,0.000000e+00
247,14,3055,1.101039e-03,5.232479e-03,1.100368e-02,0.000000e+00,0.000000e+00
248,15,3070,6.973324e-04,5.187020e-03,1.106549e-02,0.000000e+00,0.000000e+00
249,13,3083,1.250499e-03,5.055167e-03,9.507529e-03,0.000000e+00,0.000000e+00
250,10,3093,1.319141e-03,5.195534e-03,1.089000e-02,0.000000e+00,0.000000e+00
251,11,3104,1.181925e-03,5.143365e-03,1.131067e-02,0.000000e+00,0.000000e+00
252,14,3118,8.320044e-04,5.300310e-03,1.214249e-02,0.000000e+00,0.000000e+00
253,11,3129,9.859572e-04,5.192433e-03,1.000000e-02,0.000000e+00,0.000000e+00
254,14,3143,1.050179e-03,5.246231e-03,1.116115e-02,0.000000e+00,0.000000e+00
255,14,3157,8.892990e-04,5.068942e-03,1.000000e-02,0.000000e+00,0.000000e+00
256,14,3171,1.501901e-03,5.137179e-03,1.079980e-02,0.000000e+00,0.000000e+00
257,13,3184,1.016997e-03,5.097088e-03,1.000000e-02,0.000000e+00,0.000000e+00
258,15,3199,1.030766e-03,5.323546e-03,1.261682e-02,0.000000e+00,0.000000e+00
259,26,3225,6.603286e-04,5.185778e-03,1.670124e-02,0.000000e+00,0.000000e+00
260,12,3237,7.597021e-04,5.281200e-03,1.089000e-02,0.000000e+00,0.000000e+00
261,13,3250,1.399045e-03,5.327486e-03,1.022846e-02,0.000000e+00,0.000000e+00
262,11,3261,1.420106e-03,5.430236e-03,1.000000e-02,0.000000e+00,0.000000e+00
263,12,3273,1.333482e-03,5.445093e-03,9.014777e-03,0.000000e+00,0.000000e+00
264,12,3285,1.224739e-03,5.333744e-03,1.034100e-02,0.000000e+00,0.000000e+00
265,15,3300,1.081181e-03,5.199737e-03,9.750776e-03,0.000000e+00,0.000000e+00
266,10,3310,1.732502e-03,5.222647e-03,1.495422e-02,0.000000e+00,0.000000e+00
267,12,3322,1.569486e-03,5.174599e-03,1.356615e-02,0.000000e+00,0.000000e+00
268,12,3334,1.081117e-03,5.317181e-03,1.264425e-02,0.000000e+00,0.000000e+00
269,12,3346,1.218642e-03,5.265637e-03,1.214260e-02,0.000000e+00,0.000000e+00
270,11,3357,1.379427e-03,5.491325e-03,1.410768e-02,0.000000e+00,0.000000e+00
271,10,3367,1.335102e-03,5.239375e-03,1.000000e-02,0.000000e+00,0.000000e+00
272,13,3380,1.384157e-03,5.436325e-03,1.045927e-02,0.000000e+00,0.000000e+00
273,15,3395,1.510419e-03,5.226814e-03,1.026985e-02,0.000000e+00,0.000000e+00
274,13,3408,1.146105e-03,5.188801e-03,1.399364e-02,0.000000e+00,0.000000e+00
275,9,3417,1.678013e-03,5.161545e-03,1.000000e-02,0.000000e+00,0.000000e+00
276,11,3428,7.214576e-04,5.313183e-03,1.443646e-02,0.000000e+00,0.000000e+00
277,13,3441,9.594947e-04,5.259696e-03,1.065390e-02,0.000000e+00,0.000000e+00
278,12,3453,1.043741e-03,5.290919e-03,1.000000e-02,0.000000e+00,0.000000e+00
279,11,3464,1.477867e-03,5.157098e-03,9.482424e-03,0.000000e+00,0.000000e+00
280,15,3479,9.487336e-04,5.217243e-03,1.061656e-02,0.000000e+00,0.000000e+00
281,12,3491,1.146129e-03,5.134348e-03,1.123678e-02,0.000000e+00,0.000000e+00
282,11,3502,1.081402e-03,5.347328e-03,1.089000e-02,0.000000e+00,0.000000e+00
283,15,3517,6.857789e-04,5.319563e-03,1.000000e-02,0.000000e+00,0.000000e+00
284,11,3528,1.138175e-03,5.260419e-03,1.141388e-02,0.000000e+00,0.000000e+00
285,16,3544,6.228801e-04,5.048126e-03,1.094795e-02,0.000000e+00,0.000000e+00
286,13,3557,1.117827e-03,5.226325e-03,1.058117e-02,0.000000e+00,0.000000e+00
287,16,3573,1.172936e-03,5.065551e-03,1.000000e-02,0.000000e+00,0.000000e+00
HIST {'total_samples': 270223, 'floor_samples': 0, 'floor_fraction': 0.0, 'saturation_depth': 0.0, 'boundaries': 288, 'capped_boundaries': 0, 'unfinished_worlds': 0}
288,13,3586,9.540819e-04,5.090164e-03,1.111245e-02,0.000000e+00,0.000000e+00
289,13,3599,9.721602e-04,4.921007e-03,1.089000e-02,0.000000e+00,0.000000e+00
290,16,3615,1.126496e-03,5.017345e-03,1.089572e-02,0.000000e+00,0.000000e+00
291,13,3628,1.050257e-03,5.014622e-03,1.189769e-02,0.000000e+00,0.000000e+00
292,13,3641,1.235063e-03,5.136327e-03,1.034531e-02,0.000000e+00,0.000000e+00
293,13,3654,1.055040e-03,5.037808e-03,1.014963e-02,0.000000e+00,0.000000e+00
294,10,3664,1.368967e-03,5.296299e-03,1.095383e-02,0.000000e+00,0.000000e+00
295,13,3677,1.405710e-03,5.305846e-03,1.155860e-02,0.000000e+00,0.000000e+00
296,12,3689,9.237778e-04,5.251801e-03,1.215092e-02,0.000000e+00,0.000000e+00
297,12,3701,8.870717e-04,5.100077e-03,1.201344e-02,0.000000e+00,0.000000e+00
298,15,3716,6.950698e-04,5.242504e-03,1.118354e-02,0.000000e+00,0.000000e+00
299,14,3730,1.472881e-03,5.048615e-03,1.000000e-02,0.000000e+00,0.000000e+00
300,11,3741,8.648540e-04,5.182283e-03,1.084173e-02,0.000000e+00,0.000000e+00
301,11,3752,1.262281e-03,5.184204e-03,1.150794e-02,0.000000e+00,0.000000e+00
302,15,3767,1.112509e-03,5.335658e-03,1.222433e-02,0.000000e+00,0.000000e+00
303,10,3777,1.075826e-03,5.107189e-03,1.000000e-02,0.000000e+00,0.000000e+00
304,13,3790,1.712271e-03,5.349772e-03,1.326687e-02,0.000000e+00,0.000000e+00
305,12,3802,1.039670e-03,5.269876e-03,1.069704e-02,0.000000e+00,0.000000e+00
306,10,3812,1.511511e-03,5.481964e-03,1.067059e-02,0.000000e+00,0.000000e+00
307,13,3825,1.542814e-03,5.272410e-03,1.000000e-02,0.000000e+00,0.000000e+00
308,12,3837,1.270589e-03,5.359676e-03,1.162649e-02,0.000000e+00,0.000000e+00
309,12,3849,1.512072e-03,5.090449e-03,1.010536e-02,0.000000e+00,0.000000e+00
310,10,3859,1.320419e-03,5.134453e-03,1.147056e-02,0.000000e+00,0.000000e+00
311,12,3871,1.090002e-03,5.053671e-03,1.000000e-02,0.000000e+00,0.000000e+00
312,11,3882,1.410006e-03,5.165691e-03,1.163335e-02,0.000000e+00,0.000000e+00
313,12,3894,1.027655e-03,5.123383e-03,1.197900e-02,0.000000e+00,0.000000e+00
314,11,3905,1.121478e-03,5.117622e-03,1.407636e-02,0.000000e+00,0.000000e+00
315,14,3919,1.185769e-03,5.042372e-03,1.006267e-02,0.000000e+00,0.000000e+00
316,13,3932,1.302832e-03,5.268167e-03,1.198349e-02,0.000000e+00,0.000000e+00
317,12,3944,1.287550e-03,5.110296e-03,1.000000e-02,0.000000e+00,0.000000e+00
318,11,3955,1.085752e-03,5.239693e-03,1.089000e-02,0.000000e+00,0.000000e+00
319,12,3967,1.744714e-03,5.105616e-03,1.062167e-02,0.000000e+00,0.000000e+00
320,9,3976,1.803658e-03,5.210857e-03,1.386926e-02,0.000000e+00,0.000000e+00
321,22,3998,7.444345e-04,5.118740e-03,1.150420e-02,0.000000e+00,0.000000e+00
322,13,4011,1.347410e-03,5.223083e-03,1.163481e-02,0.000000e+00,0.000000e+00
323,11,4022,1.384507e-03,5.186832e-03,1.038328e-02,0.000000e+00,0.000000e+00
324,11,4033,1.314234e-03,5.343342e-03,1.255653e-02,0.000000e+00,0.000000e+00
325,22,4055,6.344400e-04,5.216482e-03,1.197900e-02,0.000000e+00,0.000000e+00
326,13,4068,1.078336e-03,5.377071e-03,1.277010e-02,0.000000e+00,0.000000e+00
327,13,4081,1.348323e-03,5.332393e-03,1.276841e-02,0.000000e+00,0.000000e+00
328,14,4095,1.011003e-03,5.431783e-03,1.086705e-02,0.000000e+00,0.000000e+00
329,14,4109,1.315633e-03,5.229479e-03,1.123670e-02,0.000000e+00,0.000000e+00
330,13,4122,1.178916e-03,5.363941e-03,1.164499e-02,0.000000e+00,0.000000e+00
331,16,4138,1.077686e-03,5.283195e-03,1.000000e-02,0.000000e+00,0.000000e+00
332,14,4152,1.283544e-03,5.198712e-03,1.317690e-02,0.000000e+00,0.000000e+00
333,13,4165,1.174494e-03,5.097248e-03,1.000000e-02,0.000000e+00,0.000000e+00
334,20,4185,7.538886e-04,5.257615e-03,1.158706e-02,0.000000e+00,0.000000e+00
335,13,4198,8.519432e-04,5.110698e-03,1.000000e-02,0.000000e+00,0.000000e+00
HIST {'total_samples': 320571, 'floor_samples': 0, 'floor_fraction': 0.0, 'saturation_depth': 0.0, 'boundaries': 336, 'capped_boundaries': 0, 'unfinished_worlds': 0}
336,21,4219,7.538452e-04,5.086798e-03,1.156440e-02,0.000000e+00,0.000000e+00
337,15,4234,9.326832e-04,4.940662e-03,1.307355e-02,0.000000e+00,0.000000e+00
338,15,4249,8.082407e-04,5.141089e-03,1.135962e-02,0.000000e+00,0.000000e+00
339,10,4259,1.519104e-03,5.067387e-03,1.136900e-02,0.000000e+00,0.000000e+00
340,15,4274,6.848871e-04,5.233473e-03,1.727867e-02,0.000000e+00,0.000000e+00
341,16,4290,9.033425e-04,5.124029e-03,1.041020e-02,0.000000e+00,0.000000e+00
342,14,4304,1.428568e-03,5.207853e-03,1.258337e-02,0.000000e+00,0.000000e+00
343,11,4315,1.193243e-03,5.094693e-03,1.174208e-02,0.000000e+00,0.000000e+00
344,15,4330,9.976204e-04,5.218368e-03,1.250052e-02,0.000000e+00,0.000000e+00
345,13,4343,1.070817e-03,4.963339e-03,1.000000e-02,0.000000e+00,0.000000e+00
346,13,4356,1.124071e-03,4.965881e-03,1.272687e-02,0.000000e+00,0.000000e+00
347,14,4370,1.045240e-03,5.001785e-03,1.000000e-02,0.000000e+00,0.000000e+00
348,11,4381,1.084930e-03,5.069302e-03,1.229870e-02,0.000000e+00,0.000000e+00
349,12,4393,1.102849e-03,4.954658e-03,1.312560e-02,0.000000e+00,0.000000e+00
350,13,4406,9.202187e-04,5.026439e-03,1.148091e-02,0.000000e+00,0.000000e+00
351,13,4419,7.666709e-04,4.986198e-03,1.081405e-02,0.000000e+00,0.000000e+00
352,13,4432,6.136371e-04,5.194931e-03,1.304604e-02,0.000000e+00,0.000000e+00
353,13,4445,8.146280e-04,5.070220e-03,1.320557e-02,0.000000e+00,0.000000e+00
354,12,4457,1.544294e-03,5.222393e-03,1.807406e-02,0.000000e+00,0.000000e+00
355,13,4470,1.169662e-03,5.052533e-03,1.345075e-02,0.000000e+00,0.000000e+00
356,12,4482,1.525839e-03,5.203480e-03,1.197900e-02,0.000000e+00,0.000000e+00
357,12,4494,1.128480e-03,4.983070e-03,1.290340e-02,0.000000e+00,0.000000e+00
358,11,4505,1.455845e-03,5.193907e-03,1.449459e-02,0.000000e+00,0.000000e+00
359,14,4519,8.437592e-04,4.982967e-03,1.197900e-02,0.000000e+00,0.000000e+00
360,10,4529,1.208218e-03,5.213003e-03,1.317690e-02,0.000000e+00,0.000000e+00
361,11,4540,8.839271e-04,5.026252e-03,1.098419e-02,0.000000e+00,0.000000e+00
362,13,4553,8.451130e-04,5.245642e-03,1.317690e-02,0.000000e+00,0.000000e+00
363,16,4569,8.520879e-04,5.074936e-03,1.330388e-02,0.000000e+00,0.000000e+00
364,11,4580,1.581752e-03,5.069140e-03,1.150590e-02,0.000000e+00,0.000000e+00
365,15,4595,1.292353e-03,5.014719e-03,1.197900e-02,0.000000e+00,0.000000e+00
366,13,4608,1.141134e-03,4.944190e-03,1.089000e-02,0.000000e+00,0.000000e+00
367,12,4620,1.487731e-03,4.826584e-03,1.015531e-02,0.000000e+00,0.000000e+00
368,12,4632,1.253571e-03,4.955487e-03,1.000000e-02,0.000000e+00,0.000000e+00
369,14,4646,7.772454e-04,5.035740e-03,9.905381e-03,0.000000e+00,0.000000e+00
370,13,4659,1.347750e-03,5.238711e-03,1.225929e-02,0.000000e+00,0.000000e+00
371,14,4673,1.039591e-03,4.948405e-03,1.001177e-02,0.000000e+00,0.000000e+00
372,15,4688,9.065520e-04,5.092364e-03,1.000790e-02,0.000000e+00,0.000000e+00
373,11,4699,1.283680e-03,5.081351e-03,1.000000e-02,0.000000e+00,0.000000e+00
374,14,4713,1.173509e-03,5.136528e-03,1.623791e-02,0.000000e+00,0.000000e+00
375,14,4727,1.038528e-03,5.042662e-03,1.000000e-02,0.000000e+00,0.000000e+00
376,15,4742,9.842687e-04,5.016145e-03,1.000000e-02,0.000000e+00,0.000000e+00
377,13,4755,1.103784e-03,4.894113e-03,1.151764e-02,0.000000e+00,0.000000e+00
378,11,4766,1.252715e-03,4.931062e-03,1.058235e-02,0.000000e+00,0.000000e+00
379,10,4776,1.695396e-03,4.907083e-03,1.210055e-02,0.000000e+00,0.000000e+00
380,14,4790,1.019555e-03,5.031778e-03,1.291014e-02,0.000000e+00,0.000000e+00
381,11,4801,1.542351e-03,5.017914e-03,1.000000e-02,0.000000e+00,0.000000e+00
382,20,4821,8.879751e-04,4.888255e-03,1.089000e-02,0.000000e+00,0.000000e+00
383,17,4838,1.104036e-03,5.001910e-03,1.197900e-02,0.000000e+00,0.000000e+00
HIST {'total_samples': 372509, 'floor_samples': 0, 'floor_fraction': 0.0, 'saturation_depth': 0.0, 'boundaries': 384, 'capped_boundaries': 0, 'unfinished_worlds': 0}
384,11,4849,1.143856e-03,5.082198e-03,1.317690e-02,0.000000e+00,0.000000e+00
385,10,4859,1.019320e-03,5.028732e-03,1.258586e-02,0.000000e+00,0.000000e+00
386,11,4870,1.499736e-03,5.240898e-03,1.067472e-02,0.000000e+00,0.000000e+00
387,10,4880,1.138371e-03,5.054812e-03,1.174219e-02,0.000000e+00,0.000000e+00
388,12,4892,1.064931e-03,4.980865e-03,1.045503e-02,0.000000e+00,0.000000e+00
389,27,4919,1.102278e-03,4.981114e-03,9.885293e-03,0.000000e+00,0.000000e+00
390,11,4930,1.283127e-03,4.988588e-03,1.132942e-02,0.000000e+00,0.000000e+00
391,11,4941,8.607630e-04,4.964588e-03,9.551858e-03,0.000000e+00,0.000000e+00
392,13,4954,1.252748e-03,5.036398e-03,1.104229e-02,0.000000e+00,0.000000e+00
393,10,4964,1.344929e-03,5.013132e-03,1.082461e-02,0.000000e+00,0.000000e+00
394,13,4977,8.395487e-04,5.157244e-03,1.171142e-02,0.000000e+00,0.000000e+00
395,12,4989,9.822106e-04,5.206690e-03,1.241047e-02,0.000000e+00,0.000000e+00
396,19,5008,9.347640e-04,5.159911e-03,1.000000e-02,0.000000e+00,0.000000e+00
397,11,5019,1.273924e-03,5.077609e-03,1.089000e-02,0.000000e+00,0.000000e+00
398,13,5032,8.588293e-04,5.208700e-03,1.118140e-02,0.000000e+00,0.000000e+00
399,11,5043,1.167621e-03,5.040806e-03,1.229954e-02,0.000000e+00,0.000000e+00
400,16,5059,1.120638e-03,5.198820e-03,1.029657e-02,0.000000e+00,0.000000e+00
401,14,5073,1.062754e-03,5.060701e-03,1.087354e-02,0.000000e+00,0.000000e+00
402,10,5083,1.614507e-03,5.177043e-03,1.196089e-02,0.000000e+00,0.000000e+00
403,14,5097,1.152385e-03,5.056729e-03,1.000000e-02,0.000000e+00,0.000000e+00
404,17,5114,1.018887e-03,5.116308e-03,1.427936e-02,0.000000e+00,0.000000e+00
405,17,5131,8.684986e-04,5.038915e-03,1.000000e-02,0.000000e+00,0.000000e+00
406,17,5148,1.256166e-03,5.030057e-03,1.102466e-02,0.000000e+00,0.000000e+00
407,15,5163,8.817395e-04,5.033469e-03,1.000000e-02,0.000000e+00,0.000000e+00
408,16,5179,8.408147e-04,5.142415e-03,1.063656e-02,0.000000e+00,0.000000e+00
409,12,5191,1.225386e-03,5.216344e-03,1.000000e-02,0.000000e+00,0.000000e+00
410,12,5203,1.140083e-03,5.158510e-03,1.317690e-02,0.000000e+00,0.000000e+00
411,11,5214,1.181300e-03,4.990458e-03,1.000000e-02,0.000000e+00,0.000000e+00
412,15,5229,9.476488e-04,5.120368e-03,1.425664e-02,0.000000e+00,0.000000e+00
413,12,5241,1.323751e-03,5.031609e-03,1.000000e-02,0.000000e+00,0.000000e+00
414,13,5254,1.248839e-03,5.271829e-03,1.329684e-02,0.000000e+00,0.000000e+00
415,16,5270,8.058353e-04,5.123855e-03,1.080334e-02,0.000000e+00,0.000000e+00
416,11,5281,9.454382e-04,5.085963e-03,1.097714e-02,0.000000e+00,0.000000e+00
417,12,5293,1.034133e-03,5.066321e-03,1.000000e-02,0.000000e+00,0.000000e+00
418,11,5304,1.552626e-03,5.168775e-03,1.131493e-02,0.000000e+00,0.000000e+00
419,12,5316,1.256814e-03,5.147441e-03,9.681270e-03,0.000000e+00,0.000000e+00
420,15,5331,9.274427e-04,5.149456e-03,1.049313e-02,0.000000e+00,0.000000e+00
421,9,5340,1.423043e-03,5.130813e-03,1.000000e-02,0.000000e+00,0.000000e+00
422,14,5354,1.080579e-03,5.309365e-03,1.102040e-02,0.000000e+00,0.000000e+00
423,13,5367,1.067664e-03,5.283938e-03,1.199999e-02,0.000000e+00,0.000000e+00
424,9,5376,1.863013e-03,5.462802e-03,1.123289e-02,0.000000e+00,0.000000e+00
425,13,5389,8.002992e-04,5.243927e-03,1.000000e-02,0.000000e+00,0.000000e+00
426,11,5400,6.286652e-04,5.309043e-03,1.144199e-02,0.000000e+00,0.000000e+00
427,16,5416,8.895533e-04,5.221630e-03,1.000000e-02,0.000000e+00,0.000000e+00
428,14,5430,1.202867e-03,5.369136e-03,1.170723e-02,0.000000e+00,0.000000e+00
429,14,5444,1.083666e-03,5.266018e-03,1.102604e-02,0.000000e+00,0.000000e+00
430,13,5457,1.014991e-03,5.191257e-03,1.305444e-02,0.000000e+00,0.000000e+00
431,17,5474,8.466924e-04,5.162404e-03,1.207379e-02,0.000000e+00,0.000000e+00
HIST {'total_samples': 423801, 'floor_samples': 0, 'floor_fraction': 0.0, 'saturation_depth': 0.0, 'boundaries': 432, 'capped_boundaries': 0, 'unfinished_worlds': 0}
432,35,5509,3.326658e-04,5.097786e-03,1.208473e-02,0.000000e+00,0.000000e+00
433,23,5532,6.481354e-04,5.012579e-03,1.000000e-02,0.000000e+00,0.000000e+00
434,16,5548,7.431525e-04,5.066770e-03,1.001761e-02,0.000000e+00,0.000000e+00
435,19,5567,9.985772e-04,5.098558e-03,1.036621e-02,0.000000e+00,0.000000e+00
436,12,5579,8.838585e-04,5.261283e-03,1.206414e-02,0.000000e+00,0.000000e+00
437,19,5598,7.855851e-04,5.094347e-03,1.155352e-02,0.000000e+00,0.000000e+00
438,12,5610,8.609855e-04,5.124174e-03,1.353054e-02,0.000000e+00,0.000000e+00
439,12,5622,1.269287e-03,5.083739e-03,1.000000e-02,0.000000e+00,0.000000e+00
440,11,5633,1.366852e-03,5.220907e-03,1.595638e-02,0.000000e+00,0.000000e+00
441,12,5645,1.102417e-03,4.992884e-03,1.454963e-02,0.000000e+00,0.000000e+00
442,10,5655,1.190950e-03,5.205728e-03,1.559317e-02,0.000000e+00,0.000000e+00
443,13,5668,1.005310e-03,4.967670e-03,1.344884e-02,0.000000e+00,0.000000e+00
444,12,5680,1.464100e-03,5.108250e-03,1.052401e-02,0.000000e+00,0.000000e+00
445,13,5693,1.142082e-03,5.088969e-03,1.000000e-02,0.000000e+00,0.000000e+00
446,12,5705,9.442623e-04,5.049830e-03,1.089000e-02,0.000000e+00,0.000000e+00
447,15,5720,1.377547e-03,5.139502e-03,1.023797e-02,0.000000e+00,0.000000e+00
448,12,5732,1.312542e-03,5.156606e-03,1.317690e-02,0.000000e+00,0.000000e+00
449,13,5745,9.630030e-04,5.153767e-03,1.112845e-02,0.000000e+00,0.000000e+00
450,11,5756,1.194956e-03,5.348454e-03,1.224130e-02,0.000000e+00,0.000000e+00
451,11,5767,1.560422e-03,5.220341e-03,1.031519e-02,0.000000e+00,0.000000e+00
452,14,5781,1.217362e-03,5.205629e-03,1.078487e-02,0.000000e+00,0.000000e+00
453,12,5793,1.227520e-03,5.217326e-03,1.186336e-02,0.000000e+00,0.000000e+00
454,10,5803,1.504638e-03,5.107180e-03,1.047751e-02,0.000000e+00,0.000000e+00
455,14,5817,9.808120e-04,5.116965e-03,1.167146e-02,0.000000e+00,0.000000e+00
456,10,5827,1.055243e-03,5.256679e-03,1.089000e-02,0.000000e+00,0.000000e+00
457,11,5838,1.183326e-03,5.136492e-03,1.000000e-02,0.000000e+00,0.000000e+00
458,15,5853,1.095905e-03,5.214066e-03,1.072437e-02,0.000000e+00,0.000000e+00
459,14,5867,1.078961e-03,5.180913e-03,1.000000e-02,0.000000e+00,0.000000e+00
460,12,5879,9.597470e-04,5.248217e-03,1.028951e-02,0.000000e+00,0.000000e+00
461,11,5890,1.246198e-03,5.095332e-03,1.000000e-02,0.000000e+00,0.000000e+00
462,11,5901,1.292797e-03,5.173485e-03,1.000000e-02,0.000000e+00,0.000000e+00
463,12,5913,1.317617e-03,5.083960e-03,1.027124e-02,0.000000e+00,0.000000e+00
464,17,5930,1.229851e-03,5.212693e-03,1.000000e-02,0.000000e+00,0.000000e+00
465,19,5949,5.855327e-04,5.060716e-03,1.042908e-02,0.000000e+00,0.000000e+00
466,13,5962,9.369768e-04,5.117529e-03,1.158446e-02,0.000000e+00,0.000000e+00
467,13,5975,1.003577e-03,4.986273e-03,1.000000e-02,0.000000e+00,0.000000e+00
468,13,5988,1.094223e-03,5.102099e-03,1.009769e-02,0.000000e+00,0.000000e+00
469,12,6000,1.300557e-03,5.051355e-03,1.003793e-02,0.000000e+00,0.000000e+00
470,15,6015,9.026517e-04,5.098539e-03,1.099500e-02,0.000000e+00,0.000000e+00
471,16,6031,7.990021e-04,5.003314e-03,1.000000e-02,0.000000e+00,0.000000e+00
472,16,6047,1.109699e-03,5.140448e-03,1.034376e-02,0.000000e+00,0.000000e+00
473,13,6060,1.372856e-03,5.180473e-03,1.073292e-02,0.000000e+00,0.000000e+00
474,13,6073,1.050651e-03,5.325214e-03,1.361321e-02,0.000000e+00,0.000000e+00
475,13,6086,1.023389e-03,5.235181e-03,9.291710e-03,0.000000e+00,0.000000e+00
476,15,6101,1.187218e-03,5.278782e-03,1.275892e-02,0.000000e+00,0.000000e+00
477,12,6113,1.074728e-03,5.239792e-03,1.197900e-02,0.000000e+00,0.000000e+00
478,16,6129,1.165916e-03,5.320931e-03,1.000000e-02,0.000000e+00,0.000000e+00
479,14,6143,9.952731e-04,5.176017e-03,1.000000e-02,0.000000e+00,0.000000e+00
HIST {'total_samples': 475082, 'floor_samples': 0, 'floor_fraction': 0.0, 'saturation_depth': 0.0, 'boundaries': 480, 'capped_boundaries': 0, 'unfinished_worlds': 0}
480,13,6156,1.213899e-03,5.237492e-03,1.000000e-02,0.000000e+00,0.000000e+00
481,12,6168,1.122014e-03,5.123712e-03,1.063154e-02,0.000000e+00,0.000000e+00
482,12,6180,1.319854e-03,5.226570e-03,1.127378e-02,0.000000e+00,0.000000e+00
483,11,6191,1.383368e-03,5.346198e-03,1.043368e-02,0.000000e+00,0.000000e+00
484,11,6202,1.630076e-03,5.242295e-03,1.254574e-02,0.000000e+00,0.000000e+00
485,16,6218,8.273740e-04,5.017825e-03,1.000000e-02,0.000000e+00,0.000000e+00
486,12,6230,1.153308e-03,5.057388e-03,1.089000e-02,0.000000e+00,0.000000e+00
487,12,6242,1.143033e-03,4.995178e-03,1.000000e-02,0.000000e+00,0.000000e+00
488,11,6253,1.142762e-03,4.957786e-03,1.089000e-02,0.000000e+00,0.000000e+00
489,11,6264,1.351273e-03,4.916937e-03,1.221007e-02,0.000000e+00,0.000000e+00
490,12,6276,1.050670e-03,5.096935e-03,1.256040e-02,0.000000e+00,0.000000e+00
491,12,6288,9.439161e-04,5.025384e-03,1.000000e-02,0.000000e+00,0.000000e+00
492,12,6300,1.203012e-03,5.064570e-03,1.038669e-02,0.000000e+00,0.000000e+00
493,24,6324,7.017730e-04,4.906177e-03,9.201831e-03,0.000000e+00,0.000000e+00
494,14,6338,1.397316e-03,5.080441e-03,9.967430e-03,0.000000e+00,0.000000e+00
495,12,6350,7.388780e-04,5.137746e-03,1.071413e-02,0.000000e+00,0.000000e+00
496,11,6361,1.405863e-03,5.288067e-03,1.000000e-02,0.000000e+00,0.000000e+00
497,15,6376,9.419090e-04,5.228294e-03,9.643693e-03,0.000000e+00,0.000000e+00
498,10,6386,1.075867e-03,5.315388e-03,1.053523e-02,0.000000e+00,0.000000e+00
499,10,6396,1.270902e-03,5.184386e-03,9.484305e-03,0.000000e+00,0.000000e+00
500,9,6405,1.464761e-03,5.379540e-03,1.148311e-02,0.000000e+00,0.000000e+00
501,11,6416,1.135931e-03,5.094906e-03,1.000000e-02,0.000000e+00,0.000000e+00
502,10,6426,1.523401e-03,5.259870e-03,1.051547e-02,0.000000e+00,0.000000e+00
503,14,6440,1.168259e-03,5.087056e-03,1.156702e-02,0.000000e+00,0.000000e+00
504,13,6453,9.505221e-04,5.328340e-03,1.132388e-02,0.000000e+00,0.000000e+00
505,11,6464,1.488676e-03,5.132336e-03,1.033700e-02,0.000000e+00,0.000000e+00
506,18,6482,7.283867e-04,5.123680e-03,1.179263e-02,0.000000e+00,0.000000e+00
507,12,6494,1.387458e-03,4.952242e-03,1.075510e-02,0.000000e+00,0.000000e+00
508,12,6506,1.583718e-03,5.030559e-03,1.000000e-02,0.000000e+00,0.000000e+00
509,17,6523,9.137704e-04,5.035206e-03,1.000000e-02,0.000000e+00,0.000000e+00
510,10,6533,1.194022e-03,5.165122e-03,1.307173e-02,0.000000e+00,0.000000e+00
511,15,6548,1.183853e-03,5.021187e-03,1.056842e-02,0.000000e+00,0.000000e+00
512,10,6558,1.149661e-03,5.125477e-03,1.237453e-02,0.000000e+00,0.000000e+00
513,15,6573,1.030679e-03,5.018391e-03,1.000000e-02,0.000000e+00,0.000000e+00
514,10,6583,1.314226e-03,5.127953e-03,1.066266e-02,0.000000e+00,0.000000e+00
515,13,6596,9.277885e-04,5.005469e-03,1.112843e-02,0.000000e+00,0.000000e+00
516,10,6606,1.147585e-03,5.163587e-03,1.402779e-02,0.000000e+00,0.000000e+00
517,24,6630,5.211409e-04,5.006819e-03,1.000000e-02,0.000000e+00,0.000000e+00
518,15,6645,1.186319e-03,5.056935e-03,1.755429e-02,0.000000e+00,0.000000e+00
519,14,6659,7.435452e-04,4.919000e-03,1.197900e-02,0.000000e+00,0.000000e+00
520,13,6672,1.218198e-03,5.060248e-03,1.088681e-02,0.000000e+00,0.000000e+00
521,14,6686,1.093870e-03,5.067273e-03,1.099691e-02,0.000000e+00,0.000000e+00
522,12,6698,1.532573e-03,5.034220e-03,1.089000e-02,0.000000e+00,0.000000e+00
523,12,6710,9.081900e-04,4.998812e-03,1.201743e-02,0.000000e+00,0.000000e+00
524,15,6725,1.206247e-03,4.900306e-03,1.253952e-02,0.000000e+00,0.000000e+00
525,14,6739,1.533577e-03,4.978819e-03,1.000000e-02,0.000000e+00,0.000000e+00
526,14,6753,8.587196e-04,5.153495e-03,1.058689e-02,0.000000e+00,0.000000e+00
527,14,6767,9.018506e-04,5.075508e-03,1.078399e-02,0.000000e+00,0.000000e+00
HIST {'total_samples': 527228, 'floor_samples': 0, 'floor_fraction': 0.0, 'saturation_depth': 0.0, 'boundaries': 528, 'capped_boundaries': 0, 'unfinished_worlds': 0}
528,17,6784,8.872654e-04,5.119203e-03,1.151810e-02,0.000000e+00,0.000000e+00
529,17,6801,9.618110e-04,5.154714e-03,1.286562e-02,0.000000e+00,0.000000e+00
530,13,6814,1.171646e-03,5.144865e-03,1.200592e-02,0.000000e+00,0.000000e+00
531,15,6829,1.213919e-03,4.942085e-03,1.266214e-02,0.000000e+00,0.000000e+00
532,15,6844,8.201238e-04,5.007236e-03,1.270210e-02,0.000000e+00,0.000000e+00
533,11,6855,8.907755e-04,4.987483e-03,1.406859e-02,0.000000e+00,0.000000e+00
534,15,6870,1.068090e-03,5.203999e-03,1.059747e-02,0.000000e+00,0.000000e+00
535,11,6881,1.470233e-03,5.168855e-03,1.000000e-02,0.000000e+00,0.000000e+00
536,14,6895,1.008863e-03,5.168878e-03,1.203337e-02,0.000000e+00,0.000000e+00
537,12,6907,1.274874e-03,5.107867e-03,1.236727e-02,0.000000e+00,0.000000e+00
538,10,6917,1.107941e-03,5.133216e-03,1.062972e-02,0.000000e+00,0.000000e+00
539,11,6928,1.021008e-03,5.018676e-03,1.000000e-02,0.000000e+00,0.000000e+00
540,13,6941,1.142685e-03,5.210592e-03,1.342777e-02,0.000000e+00,0.000000e+00
541,15,6956,7.130068e-04,5.089478e-03,1.215106e-02,0.000000e+00,0.000000e+00
542,13,6969,1.344499e-03,5.196617e-03,1.315565e-02,0.000000e+00,0.000000e+00
543,14,6983,1.094427e-03,5.074394e-03,1.442600e-02,0.000000e+00,0.000000e+00
544,16,6999,9.605890e-04,5.115188e-03,1.000000e-02,0.000000e+00,0.000000e+00
545,14,7013,9.927568e-04,4.944622e-03,9.622681e-03,0.000000e+00,0.000000e+00
546,13,7026,8.522914e-04,5.117634e-03,1.089000e-02,0.000000e+00,0.000000e+00
547,14,7040,9.318651e-04,5.117971e-03,1.038509e-02,0.000000e+00,0.000000e+00
548,11,7051,1.029154e-03,5.230072e-03,1.268010e-02,0.000000e+00,0.000000e+00
549,23,7074,1.114789e-03,5.133857e-03,1.449459e-02,0.000000e+00,0.000000e+00
550,16,7090,9.286937e-04,5.104324e-03,1.594405e-02,0.000000e+00,0.000000e+00
551,12,7102,1.138130e-03,5.026698e-03,1.471737e-02,0.000000e+00,0.000000e+00
552,10,7112,1.641614e-03,5.175850e-03,1.025584e-02,0.000000e+00,0.000000e+00
553,15,7127,6.949787e-04,5.066273e-03,9.890502e-03,0.000000e+00,0.000000e+00
554,13,7140,1.124210e-03,5.211037e-03,1.000000e-02,0.000000e+00,0.000000e+00
555,11,7151,1.027176e-03,5.121678e-03,1.132075e-02,0.000000e+00,0.000000e+00
556,14,7165,9.997815e-04,5.152142e-03,1.208379e-02,0.000000e+00,0.000000e+00
557,15,7180,1.134365e-03,5.093553e-03,1.056843e-02,0.000000e+00,0.000000e+00
558,11,7191,9.412754e-04,5.213656e-03,1.162527e-02,0.000000e+00,0.000000e+00
559,14,7205,5.397301e-04,5.135102e-03,1.250022e-02,0.000000e+00,0.000000e+00
560,13,7218,1.001948e-03,5.160272e-03,1.385289e-02,0.000000e+00,0.000000e+00
561,11,7229,1.525760e-03,5.143255e-03,1.418483e-02,0.000000e+00,0.000000e+00
562,12,7241,1.340678e-03,5.270204e-03,1.289688e-02,0.000000e+00,0.000000e+00
563,12,7253,1.445252e-03,5.139983e-03,1.021342e-02,0.000000e+00,0.000000e+00
564,12,7265,1.475905e-03,5.240357e-03,1.098681e-02,0.000000e+00,0.000000e+00
565,15,7280,1.400988e-03,4.994906e-03,1.016499e-02,0.000000e+00,0.000000e+00
566,12,7292,1.421896e-03,5.070217e-03,1.154755e-02,0.000000e+00,0.000000e+00
567,11,7303,1.424214e-03,5.086657e-03,1.141852e-02,0.000000e+00,0.000000e+00
568,11,7314,9.878882e-04,5.116086e-03,1.049323e-02,0.000000e+00,0.000000e+00
569,13,7327,1.359056e-03,5.217254e-03,1.108459e-02,0.000000e+00,0.000000e+00
570,14,7341,8.025911e-04,5.206560e-03,1.089000e-02,0.000000e+00,0.000000e+00
571,11,7352,1.228158e-03,5.033542e-03,1.014669e-02,0.000000e+00,0.000000e+00
572,9,7361,1.356520e-03,5.140767e-03,1.000000e-02,0.000000e+00,0.000000e+00
573,12,7373,1.223932e-03,4.955501e-03,1.000000e-02,0.000000e+00,0.000000e+00
574,14,7387,1.171408e-03,5.047361e-03,1.038103e-02,0.000000e+00,0.000000e+00
575,13,7400,1.376046e-03,5.014346e-03,1.000000e-02,0.000000e+00,0.000000e+00
HIST {'total_samples': 579142, 'floor_samples': 0, 'floor_fraction': 0.0, 'saturation_depth': 0.0, 'boundaries': 576, 'capped_boundaries': 0, 'unfinished_worlds': 0}
576,14,7414,1.033973e-03,5.111793e-03,1.084464e-02,0.000000e+00,0.000000e+00
577,15,7429,8.896957e-04,5.049247e-03,1.167527e-02,0.000000e+00,0.000000e+00
578,14,7443,1.094411e-03,4.991656e-03,1.076527e-02,0.000000e+00,0.000000e+00
579,15,7458,1.153593e-03,4.863125e-03,1.000000e-02,0.000000e+00,0.000000e+00
580,15,7473,7.777984e-04,5.042257e-03,1.468231e-02,0.000000e+00,0.000000e+00
581,13,7486,1.032193e-03,4.953755e-03,1.126093e-02,0.000000e+00,0.000000e+00
582,13,7499,1.042504e-03,5.086649e-03,1.066016e-02,0.000000e+00,0.000000e+00
583,13,7512,1.318937e-03,4.892498e-03,1.036006e-02,0.000000e+00,0.000000e+00
584,17,7529,1.185348e-03,4.931539e-03,1.128083e-02,0.000000e+00,0.000000e+00
585,13,7542,8.617935e-04,5.042803e-03,1.101108e-02,0.000000e+00,0.000000e+00
586,16,7558,9.898582e-04,5.111241e-03,1.035548e-02,0.000000e+00,0.000000e+00
587,15,7573,1.065557e-03,5.052160e-03,1.000000e-02,0.000000e+00,0.000000e+00
588,9,7582,1.604857e-03,5.098591e-03,1.127760e-02,0.000000e+00,0.000000e+00
589,13,7595,1.063989e-03,4.942235e-03,1.078562e-02,0.000000e+00,0.000000e+00
590,12,7607,8.887551e-04,4.930106e-03,1.023396e-02,0.000000e+00,0.000000e+00
591,15,7622,1.016712e-03,4.911206e-03,1.248659e-02,0.000000e+00,0.000000e+00
592,14,7636,9.952002e-04,5.045121e-03,1.299497e-02,0.000000e+00,0.000000e+00
593,12,7648,8.932324e-04,4.947333e-03,1.054969e-02,0.000000e+00,0.000000e+00
594,14,7662,9.047710e-04,4.952541e-03,1.022668e-02,0.000000e+00,0.000000e+00
595,13,7675,9.816118e-04,4.831259e-03,1.244075e-02,0.000000e+00,0.000000e+00
596,13,7688,1.065699e-03,4.955002e-03,1.049897e-02,0.000000e+00,0.000000e+00
597,12,7700,9.884357e-04,5.025469e-03,1.085812e-02,0.000000e+00,0.000000e+00
598,14,7714,1.254731e-03,5.125452e-03,1.293919e-02,0.000000e+00,0.000000e+00
599,10,7724,1.239095e-03,4.924615e-03,1.473088e-02,0.000000e+00,0.000000e+00
600,10,7734,1.333593e-03,5.062258e-03,1.696728e-02,0.000000e+00,0.000000e+00
601,13,7747,9.420218e-04,4.867041e-03,1.597357e-02,0.000000e+00,0.000000e+00
602,12,7759,1.505049e-03,5.145062e-03,1.560298e-02,0.000000e+00,0.000000e+00
603,12,7771,1.168482e-03,5.096678e-03,1.000000e-02,0.000000e+00,0.000000e+00
604,12,7783,9.216806e-04,5.155882e-03,1.110808e-02,0.000000e+00,0.000000e+00
605,24,7807,5.096607e-04,5.100085e-03,1.209134e-02,0.000000e+00,0.000000e+00
606,17,7824,8.654903e-04,5.007860e-03,1.049893e-02,0.000000e+00,0.000000e+00
607,22,7846,7.585124e-04,5.060453e-03,1.455813e-02,0.000000e+00,0.000000e+00
608,16,7862,1.572557e-03,5.137429e-03,1.407013e-02,0.000000e+00,0.000000e+00
609,14,7876,9.570462e-04,5.033078e-03,1.091076e-02,0.000000e+00,0.000000e+00
610,12,7888,6.938209e-04,5.168514e-03,1.483434e-02,0.000000e+00,0.000000e+00
611,13,7901,1.091124e-03,5.028761e-03,1.000000e-02,0.000000e+00,0.000000e+00
612,10,7911,1.226807e-03,5.157210e-03,1.724803e-02,0.000000e+00,0.000000e+00
613,13,7924,1.000910e-03,5.085244e-03,1.620337e-02,0.000000e+00,0.000000e+00
614,15,7939,1.303535e-03,5.094083e-03,1.076267e-02,0.000000e+00,0.000000e+00
615,10,7949,1.392874e-03,4.995887e-03,1.000000e-02,0.000000e+00,0.000000e+00
616,12,7961,1.249486e-03,5.067785e-03,1.270455e-02,0.000000e+00,0.000000e+00
617,13,7974,9.999920e-04,4.894670e-03,1.107407e-02,0.000000e+00,0.000000e+00
618,11,7985,1.507355e-03,5.104803e-03,1.242121e-02,0.000000e+00,0.000000e+00
619,13,7998,1.197143e-03,5.075211e-03,1.006414e-02,0.000000e+00,0.000000e+00
620,13,8011,1.066384e-03,5.158091e-03,1.684711e-02,0.000000e+00,0.000000e+00
621,14,8025,8.810516e-04,5.012121e-03,1.292440e-02,0.000000e+00,0.000000e+00
622,11,8036,1.204522e-03,4.965158e-03,1.049694e-02,0.000000e+00,0.000000e+00
623,11,8047,1.320744e-03,4.844937e-03,1.000000e-02,0.000000e+00,0.000000e+00
HIST {'total_samples': 631946, 'floor_samples': 0, 'floor_fraction': 0.0, 'saturation_depth': 0.0, 'boundaries': 624, 'capped_boundaries': 0, 'unfinished_worlds': 0}
624,16,8063,1.060180e-03,4.955127e-03,1.000000e-02,0.000000e+00,0.000000e+00
625,14,8077,1.466402e-03,4.853667e-03,1.000000e-02,0.000000e+00,0.000000e+00
626,12,8089,9.755350e-04,5.018215e-03,1.000000e-02,0.000000e+00,0.000000e+00
627,14,8103,6.905802e-04,4.958300e-03,1.157606e-02,0.000000e+00,0.000000e+00
628,12,8115,1.287186e-03,4.995829e-03,1.000000e-02,0.000000e+00,0.000000e+00
629,11,8126,9.264355e-04,4.856978e-03,8.812489e-03,0.000000e+00,0.000000e+00
630,11,8137,1.663320e-03,5.048105e-03,1.119697e-02,0.000000e+00,0.000000e+00
631,12,8149,1.076728e-03,4.923230e-03,1.000000e-02,0.000000e+00,0.000000e+00
632,10,8159,1.468330e-03,5.115561e-03,1.000000e-02,0.000000e+00,0.000000e+00
633,14,8173,1.036594e-03,5.022326e-03,1.000000e-02,0.000000e+00,0.000000e+00
634,12,8185,9.962581e-04,5.208197e-03,1.259392e-02,0.000000e+00,0.000000e+00
635,20,8205,1.043692e-03,5.124230e-03,1.002199e-02,0.000000e+00,0.000000e+00
636,15,8220,1.057499e-03,5.155326e-03,1.045342e-02,0.000000e+00,0.000000e+00
637,17,8237,1.020157e-03,5.040619e-03,8.817088e-03,0.000000e+00,0.000000e+00
638,11,8248,1.250514e-03,5.231211e-03,1.305311e-02,0.000000e+00,0.000000e+00
639,13,8261,1.300852e-03,5.191327e-03,9.312632e-03,0.000000e+00,0.000000e+00
640,14,8275,6.972219e-04,5.313809e-03,1.465369e-02,0.000000e+00,0.000000e+00
641,17,8292,1.208737e-03,5.101818e-03,1.000000e-02,0.000000e+00,0.000000e+00
642,17,8309,1.120341e-03,5.275844e-03,1.304973e-02,0.000000e+00,0.000000e+00
643,13,8322,6.709051e-04,5.064747e-03,1.000000e-02,0.000000e+00,0.000000e+00
644,12,8334,1.322108e-03,5.227633e-03,1.317690e-02,0.000000e+00,0.000000e+00
645,13,8347,1.574547e-03,5.265728e-03,1.000000e-02,0.000000e+00,0.000000e+00
646,15,8362,1.190143e-03,5.229364e-03,1.056268e-02,0.000000e+00,0.000000e+00
647,13,8375,1.148792e-03,5.179297e-03,1.097910e-02,0.000000e+00,0.000000e+00
648,13,8388,8.630977e-04,5.245461e-03,1.207701e-02,0.000000e+00,0.000000e+00
649,15,8403,1.005731e-03,5.183346e-03,1.000000e-02,0.000000e+00,0.000000e+00
650,17,8420,8.257115e-04,5.354395e-03,1.461319e-02,0.000000e+00,0.000000e+00
651,12,8432,9.711795e-04,5.211142e-03,1.228058e-02,0.000000e+00,0.000000e+00
652,12,8444,1.438384e-03,5.246227e-03,1.263088e-02,0.000000e+00,0.000000e+00
653,12,8456,1.611705e-03,5.147777e-03,1.000000e-02,0.000000e+00,0.000000e+00
654,11,8467,8.697553e-04,5.210691e-03,1.415864e-02,0.000000e+00,0.000000e+00
655,20,8487,7.870084e-04,5.043495e-03,1.000000e-02,0.000000e+00,0.000000e+00
656,12,8499,9.367483e-04,5.107653e-03,1.039231e-02,0.000000e+00,0.000000e+00
657,14,8513,9.733270e-04,5.104357e-03,1.000000e-02,0.000000e+00,0.000000e+00
658,14,8527,1.033982e-03,5.111083e-03,1.364635e-02,0.000000e+00,0.000000e+00
659,14,8541,1.266708e-03,5.137313e-03,1.109319e-02,0.000000e+00,0.000000e+00
660,14,8555,1.021740e-03,5.072653e-03,1.062263e-02,0.000000e+00,0.000000e+00
661,12,8567,8.454349e-04,5.087369e-03,1.121324e-02,0.000000e+00,0.000000e+00
662,9,8576,1.104724e-03,5.107964e-03,1.074280e-02,0.000000e+00,0.000000e+00
663,13,8589,9.908045e-04,4.898928e-03,1.000000e-02,0.000000e+00,0.000000e+00
664,15,8604,1.099983e-03,5.029611e-03,1.156525e-02,0.000000e+00,0.000000e+00
665,32,8636,8.820361e-04,4.920169e-03,1.069751e-02,0.000000e+00,0.000000e+00
666,13,8649,9.562320e-04,4.936912e-03,1.073323e-02,0.000000e+00,0.000000e+00
667,12,8661,9.508352e-04,5.018591e-03,1.000000e-02,0.000000e+00,0.000000e+00
668,17,8678,9.697650e-04,4.994138e-03,1.089000e-02,0.000000e+00,0.000000e+00
669,13,8691,9.605099e-04,4.923793e-03,1.000000e-02,0.000000e+00,0.000000e+00
670,14,8705,8.765277e-04,5.113096e-03,1.317690e-02,0.000000e+00,0.000000e+00
671,14,8719,1.155349e-03,4.996821e-03,1.009346e-02,0.000000e+00,0.000000e+00
HIST {'total_samples': 683962, 'floor_samples': 0, 'floor_fraction': 0.0, 'saturation_depth': 0.0, 'boundaries': 672, 'capped_boundaries': 0, 'unfinished_worlds': 0}
672,16,8735,9.524812e-04,5.118280e-03,1.245990e-02,0.000000e+00,0.000000e+00
673,16,8751,7.666704e-04,5.053290e-03,1.267973e-02,0.000000e+00,0.000000e+00
674,14,8765,1.234656e-03,5.152209e-03,1.638779e-02,0.000000e+00,0.000000e+00
675,16,8781,9.072782e-04,4.986329e-03,1.142245e-02,0.000000e+00,0.000000e+00
676,12,8793,1.575508e-03,5.211092e-03,1.274206e-02,0.000000e+00,0.000000e+00
677,13,8806,1.253800e-03,5.111649e-03,1.000000e-02,0.000000e+00,0.000000e+00
678,18,8824,1.314110e-03,5.107927e-03,1.046325e-02,0.000000e+00,0.000000e+00
679,10,8834,1.653772e-03,5.059914e-03,8.629189e-03,0.000000e+00,0.000000e+00
680,16,8850,8.825749e-04,5.153964e-03,1.199063e-02,0.000000e+00,0.000000e+00
681,10,8860,1.379856e-03,5.057642e-03,1.115185e-02,0.000000e+00,0.000000e+00
682,12,8872,1.018820e-03,5.082683e-03,1.000000e-02,0.000000e+00,0.000000e+00
683,12,8884,1.178395e-03,4.944290e-03,9.547614e-03,0.000000e+00,0.000000e+00
684,11,8895,1.279517e-03,5.095192e-03,1.089000e-02,0.000000e+00,0.000000e+00
685,15,8910,1.010240e-03,4.978563e-03,1.062689e-02,0.000000e+00,0.000000e+00
686,14,8924,1.081299e-03,5.091646e-03,1.104831e-02,0.000000e+00,0.000000e+00
687,12,8936,1.481248e-03,4.945696e-03,1.002451e-02,0.000000e+00,0.000000e+00
688,14,8950,9.352075e-04,5.032588e-03,1.199157e-02,0.000000e+00,0.000000e+00
689,14,8964,1.095526e-03,4.925667e-03,1.000000e-02,0.000000e+00,0.000000e+00
690,13,8977,9.753723e-04,4.984109e-03,1.159402e-02,0.000000e+00,0.000000e+00
691,13,8990,9.377621e-04,4.912920e-03,1.117587e-02,0.000000e+00,0.000000e+00
692,11,9001,1.184671e-03,5.093858e-03,1.089000e-02,0.000000e+00,0.000000e+00
693,15,9016,1.285544e-03,5.028352e-03,1.055469e-02,0.000000e+00,0.000000e+00
694,13,9029,1.072205e-03,5.112209e-03,1.178673e-02,0.000000e+00,0.000000e+00
695,13,9042,1.288373e-03,4.834602e-03,1.000000e-02,0.000000e+00,0.000000e+00
696,15,9057,8.502576e-04,4.903940e-03,1.165041e-02,0.000000e+00,0.000000e+00
697,14,9071,1.067066e-03,4.868276e-03,1.014884e-02,0.000000e+00,0.000000e+00
698,11,9082,1.380505e-03,5.003759e-03,1.080168e-02,0.000000e+00,0.000000e+00
699,12,9094,1.350580e-03,4.875242e-03,1.021480e-02,0.000000e+00,0.000000e+00
700,11,9105,1.082385e-03,5.041168e-03,1.089000e-02,0.000000e+00,0.000000e+00
701,13,9118,1.305404e-03,4.897503e-03,1.000000e-02,0.000000e+00,0.000000e+00
702,12,9130,9.599960e-04,4.992399e-03,1.194822e-02,0.000000e+00,0.000000e+00
703,16,9146,1.234764e-03,4.926828e-03,1.000000e-02,0.000000e+00,0.000000e+00
704,11,9157,1.178707e-03,5.037544e-03,1.583977e-02,0.000000e+00,0.000000e+00
705,23,9180,5.650692e-04,4.865008e-03,1.000000e-02,0.000000e+00,0.000000e+00
706,13,9193,1.358994e-03,4.989253e-03,1.036421e-02,0.000000e+00,0.000000e+00
707,24,9217,7.443493e-04,4.938625e-03,9.754427e-03,0.000000e+00,0.000000e+00
708,16,9233,9.359219e-04,5.022992e-03,1.000000e-02,0.000000e+00,0.000000e+00
709,10,9243,1.469356e-03,5.208230e-03,1.297295e-02,0.000000e+00,0.000000e+00
710,15,9258,7.121953e-04,5.246298e-03,1.222634e-02,0.000000e+00,0.000000e+00
711,11,9269,1.214689e-03,5.077450e-03,1.033910e-02,0.000000e+00,0.000000e+00
712,12,9281,8.326363e-04,5.152456e-03,1.089000e-02,0.000000e+00,0.000000e+00
713,14,9295,9.925681e-04,5.012455e-03,1.061131e-02,0.000000e+00,0.000000e+00
714,15,9310,7.911109e-04,5.286080e-03,1.167244e-02,0.000000e+00,0.000000e+00
715,11,9321,1.322299e-03,4.989488e-03,1.092142e-02,0.000000e+00,0.000000e+00
716,13,9334,5.720139e-04,5.038857e-03,1.302835e-02,0.000000e+00,0.000000e+00
717,12,9346,1.051847e-03,4.932110e-03,1.000000e-02,0.000000e+00,0.000000e+00
718,17,9363,7.831454e-04,4.929402e-03,1.051454e-02,0.000000e+00,0.000000e+00
719,14,9377,9.324375e-04,4.905909e-03,9.828617e-03,0.000000e+00,0.000000e+00
HIST {'total_samples': 736917, 'floor_samples': 0, 'floor_fraction': 0.0, 'saturation_depth': 0.0, 'boundaries': 720, 'capped_boundaries': 0, 'unfinished_worlds': 0}
720,11,9388,1.175573e-03,5.161867e-03,1.212542e-02,0.000000e+00,0.000000e+00
721,12,9400,1.241277e-03,4.885300e-03,1.000000e-02,0.000000e+00,0.000000e+00
722,11,9411,1.135873e-03,5.009516e-03,1.132999e-02,0.000000e+00,0.000000e+00
723,13,9424,1.018038e-03,5.045832e-03,1.000000e-02,0.000000e+00,0.000000e+00
724,13,9437,1.056273e-03,5.091942e-03,1.197900e-02,0.000000e+00,0.000000e+00
725,12,9449,1.220627e-03,5.006855e-03,1.060986e-02,0.000000e+00,0.000000e+00
726,10,9459,1.407578e-03,5.172549e-03,1.085271e-02,0.000000e+00,0.000000e+00
727,11,9470,1.299492e-03,5.017492e-03,1.000000e-02,0.000000e+00,0.000000e+00
728,12,9482,8.983031e-04,5.262841e-03,1.291590e-02,0.000000e+00,0.000000e+00
729,19,9501,8.160024e-04,5.002969e-03,1.000000e-02,0.000000e+00,0.000000e+00
730,15,9516,8.231026e-04,4.957152e-03,1.348693e-02,0.000000e+00,0.000000e+00
731,14,9530,8.692615e-04,4.968824e-03,1.000000e-02,0.000000e+00,0.000000e+00
732,14,9544,9.967664e-04,5.188357e-03,1.717300e-02,0.000000e+00,0.000000e+00
733,12,9556,1.424056e-03,5.138859e-03,1.000000e-02,0.000000e+00,0.000000e+00
734,11,9567,1.034048e-03,5.043484e-03,1.089000e-02,0.000000e+00,0.000000e+00
735,12,9579,1.285464e-03,5.137862e-03,1.159901e-02,0.000000e+00,0.000000e+00
736,12,9591,1.303412e-03,5.225017e-03,1.195027e-02,0.000000e+00,0.000000e+00
737,11,9602,1.159465e-03,5.091211e-03,1.000000e-02,0.000000e+00,0.000000e+00
738,11,9613,7.044849e-04,5.168553e-03,1.216929e-02,0.000000e+00,0.000000e+00
739,14,9627,1.055571e-03,5.203773e-03,1.000000e-02,0.000000e+00,0.000000e+00
740,11,9638,1.252193e-03,5.243484e-03,1.197900e-02,0.000000e+00,0.000000e+00
741,14,9652,8.862978e-04,5.059428e-03,1.000000e-02,0.000000e+00,0.000000e+00
742,20,9672,1.018354e-03,5.046792e-03,1.000000e-02,0.000000e+00,0.000000e+00
743,15,9687,1.160602e-03,5.040523e-03,9.255986e-03,0.000000e+00,0.000000e+00
744,12,9699,1.452980e-03,5.104604e-03,1.100865e-02,0.000000e+00,0.000000e+00
745,15,9714,1.014963e-03,5.147550e-03,1.227845e-02,0.000000e+00,0.000000e+00
746,14,9728,8.788530e-04,5.134277e-03,1.000000e-02,0.000000e+00,0.000000e+00
747,11,9739,1.253286e-03,4.948545e-03,1.011458e-02,0.000000e+00,0.000000e+00
748,11,9750,1.399380e-03,5.211100e-03,1.089000e-02,0.000000e+00,0.000000e+00
749,17,9767,7.960640e-04,5.101639e-03,1.000000e-02,0.000000e+00,0.000000e+00
750,12,9779,1.155314e-03,5.272994e-03,1.167529e-02,0.000000e+00,0.000000e+00
751,11,9790,1.320485e-03,5.180752e-03,1.107366e-02,0.000000e+00,0.000000e+00
752,12,9802,1.593147e-03,5.250135e-03,1.134347e-02,0.000000e+00,0.000000e+00
753,14,9816,1.407933e-03,5.105130e-03,1.039975e-02,0.000000e+00,0.000000e+00
754,14,9830,1.192975e-03,5.196433e-03,1.089000e-02,0.000000e+00,0.000000e+00
755,15,9845,1.012747e-03,5.072751e-03,1.000000e-02,0.000000e+00,0.000000e+00
756,12,9857,1.230770e-03,5.272377e-03,1.317690e-02,0.000000e+00,0.000000e+00
757,23,9880,6.711989e-04,5.153432e-03,1.239170e-02,0.000000e+00,0.000000e+00
758,12,9892,8.941276e-04,5.189711e-03,1.594405e-02,0.000000e+00,0.000000e+00
759,13,9905,9.304304e-04,4.912997e-03,1.000000e-02,0.000000e+00,0.000000e+00
760,14,9919,8.402190e-04,5.155014e-03,1.061607e-02,0.000000e+00,0.000000e+00
761,14,9933,1.225659e-03,4.963306e-03,1.079501e-02,0.000000e+00,0.000000e+00
762,15,9948,1.196786e-03,5.071648e-03,1.063630e-02,0.000000e+00,0.000000e+00
763,14,9962,9.670519e-04,5.118488e-03,9.014862e-03,0.000000e+00,0.000000e+00
764,15,9977,8.926359e-04,5.041979e-03,1.208242e-02,0.000000e+00,0.000000e+00
765,14,9991,1.080047e-03,4.930687e-03,1.000000e-02,0.000000e+00,0.000000e+00
766,12,10003,1.087465e-03,4.962609e-03,1.089000e-02,0.000000e+00,0.000000e+00
767,11,10014,1.317806e-03,4.915463e-03,1.069815e-02,0.000000e+00,0.000000e+00
HIST {'total_samples': 788501, 'floor_samples': 0, 'floor_fraction': 0.0, 'saturation_depth': 0.0, 'boundaries': 768, 'capped_boundaries': 0, 'unfinished_worlds': 0}
768,16,10030,8.986833e-04,5.234896e-03,1.076070e-02,0.000000e+00,0.000000e+00
769,17,10047,8.489136e-04,5.128447e-03,1.019580e-02,0.000000e+00,0.000000e+00
770,13,10060,8.313081e-04,5.199753e-03,1.237781e-02,0.000000e+00,0.000000e+00
771,15,10075,8.600467e-04,5.117372e-03,1.000000e-02,0.000000e+00,0.000000e+00
772,13,10088,1.255037e-03,5.266772e-03,1.186780e-02,0.000000e+00,0.000000e+00
773,14,10102,8.154314e-04,5.133281e-03,1.000000e-02,0.000000e+00,0.000000e+00
774,14,10116,1.200500e-03,5.154922e-03,9.638512e-03,0.000000e+00,0.000000e+00
775,12,10128,1.371483e-03,5.020600e-03,1.040070e-02,0.000000e+00,0.000000e+00
776,12,10140,8.994609e-04,4.998615e-03,1.165194e-02,0.000000e+00,0.000000e+00
777,12,10152,1.597352e-03,5.012034e-03,1.000000e-02,0.000000e+00,0.000000e+00
778,10,10162,1.214512e-03,5.235977e-03,1.019769e-02,0.000000e+00,0.000000e+00
779,15,10177,1.387884e-03,5.184172e-03,9.821272e-03,0.000000e+00,0.000000e+00
780,15,10192,9.050160e-04,5.008146e-03,1.012228e-02,0.000000e+00,0.000000e+00
781,15,10207,1.206332e-03,4.881608e-03,9.280483e-03,0.000000e+00,0.000000e+00
782,13,10220,9.733390e-04,4.994594e-03,1.336961e-02,0.000000e+00,0.000000e+00
783,12,10232,9.759166e-04,5.026572e-03,1.256506e-02,0.000000e+00,0.000000e+00
784,11,10243,1.358907e-03,5.047783e-03,1.038698e-02,0.000000e+00,0.000000e+00
785,11,10254,7.985752e-04,4.865560e-03,9.509817e-03,0.000000e+00,0.000000e+00
786,13,10267,1.028099e-03,4.974660e-03,1.146552e-02,0.000000e+00,0.000000e+00
787,14,10281,1.012761e-03,4.962333e-03,1.038447e-02,0.000000e+00,0.000000e+00
788,12,10293,9.505564e-04,5.019142e-03,1.171181e-02,0.000000e+00,0.000000e+00
789,14,10307,7.158454e-04,4.759114e-03,9.509817e-03,0.000000e+00,0.000000e+00
790,13,10320,9.711943e-04,4.861066e-03,1.043203e-02,0.000000e+00,0.000000e+00
791,13,10333,1.299963e-03,4.758280e-03,8.991144e-03,0.000000e+00,0.000000e+00
792,14,10347,1.066717e-03,4.671163e-03,1.094666e-02,0.000000e+00,0.000000e+00
793,13,10360,1.335922e-03,4.752616e-03,1.002198e-02,0.000000e+00,0.000000e+00
794,13,10373,8.048495e-04,4.944512e-03,1.289023e-02,0.000000e+00,0.000000e+00
795,12,10385,6.795225e-04,4.933121e-03,1.000000e-02,0.000000e+00,0.000000e+00
796,13,10398,1.061081e-03,4.980407e-03,1.000000e-02,0.000000e+00,0.000000e+00
797,14,10412,1.257716e-03,4.938709e-03,1.034210e-02,0.000000e+00,0.000000e+00
798,15,10427,9.485146e-04,5.059508e-03,1.137631e-02,0.000000e+00,0.000000e+00
799,11,10438,1.334368e-03,4.960997e-03,1.000000e-02,0.000000e+00,0.000000e+00
800,13,10451,7.102336e-04,5.105493e-03,1.350275e-02,0.000000e+00,0.000000e+00
801,18,10469,9.706962e-04,4.972660e-03,1.032506e-02,0.000000e+00,0.000000e+00
802,12,10481,1.005645e-03,4.987274e-03,1.073224e-02,0.000000e+00,0.000000e+00
803,32,10513,6.039331e-04,4.992549e-03,1.012308e-02,0.000000e+00,0.000000e+00
804,12,10525,1.335866e-03,5.184315e-03,1.089000e-02,0.000000e+00,0.000000e+00
805,12,10537,1.039504e-03,5.081761e-03,1.000000e-02,0.000000e+00,0.000000e+00
806,10,10547,8.327148e-04,5.144197e-03,1.123044e-02,0.000000e+00,0.000000e+00
807,10,10557,1.153634e-03,5.036094e-03,1.260648e-02,0.000000e+00,0.000000e+00
808,13,10570,1.014955e-03,5.068879e-03,1.150567e-02,0.000000e+00,0.000000e+00
809,14,10584,7.100124e-04,5.069087e-03,1.236336e-02,0.000000e+00,0.000000e+00
810,30,10614,6.841279e-04,5.065823e-03,1.210341e-02,0.000000e+00,0.000000e+00
811,17,10631,1.128250e-03,4.968018e-03,1.039618e-02,0.000000e+00,0.000000e+00
812,15,10646,1.070772e-03,4.945035e-03,1.317690e-02,0.000000e+00,0.000000e+00
813,16,10662,1.084205e-03,4.879567e-03,1.055744e-02,0.000000e+00,0.000000e+00
814,13,10675,1.096772e-03,4.972587e-03,9.798740e-03,0.000000e+00,0.000000e+00
815,10,10685,1.393346e-03,4.912025e-03,9.858089e-03,0.000000e+00,0.000000e+00
HIST {'total_samples': 841538, 'floor_samples': 0, 'floor_fraction': 0.0, 'saturation_depth': 0.0, 'boundaries': 816, 'capped_boundaries': 0, 'unfinished_worlds': 0}
816,15,10700,1.189004e-03,5.128352e-03,1.125939e-02,0.000000e+00,0.000000e+00
817,11,10711,1.197238e-03,4.995053e-03,1.000000e-02,0.000000e+00,0.000000e+00
818,10,10721,9.670237e-04,5.050124e-03,1.166069e-02,0.000000e+00,0.000000e+00
819,13,10734,1.175732e-03,5.060444e-03,1.148616e-02,0.000000e+00,0.000000e+00
820,14,10748,1.466061e-03,5.131781e-03,1.608435e-02,0.000000e+00,0.000000e+00
821,20,10768,9.653843e-04,4.906311e-03,1.000000e-02,0.000000e+00,0.000000e+00
822,12,10780,1.108146e-03,5.076201e-03,1.068576e-02,0.000000e+00,0.000000e+00
823,11,10791,1.208237e-03,4.964537e-03,9.518898e-03,0.000000e+00,0.000000e+00
824,11,10802,1.460633e-03,5.265406e-03,1.170333e-02,0.000000e+00,0.000000e+00
825,16,10818,1.141435e-03,5.028419e-03,9.771179e-03,0.000000e+00,0.000000e+00
826,18,10836,9.414182e-04,5.014707e-03,9.771179e-03,0.000000e+00,0.000000e+00
827,13,10849,1.294208e-03,4.925645e-03,9.590534e-03,0.000000e+00,0.000000e+00
828,12,10861,1.411265e-03,5.026428e-03,1.078039e-02,0.000000e+00,0.000000e+00
829,10,10871,1.209703e-03,5.154771e-03,1.237960e-02,0.000000e+00,0.000000e+00
830,9,10880,1.586675e-03,5.181508e-03,1.062329e-02,0.000000e+00,0.000000e+00
831,10,10890,1.314129e-03,5.134611e-03,1.200661e-02,0.000000e+00,0.000000e+00
832,15,10905,8.352681e-04,5.043251e-03,1.124381e-02,0.000000e+00,0.000000e+00
833,14,10919,9.904493e-04,4.878376e-03,1.000000e-02,0.000000e+00,0.000000e+00
834,15,10934,9.884717e-04,4.967948e-03,1.028340e-02,0.000000e+00,0.000000e+00
835,12,10946,1.089500e-03,5.002585e-03,1.067051e-02,0.000000e+00,0.000000e+00
836,17,10963,6.113732e-04,4.952307e-03,1.173757e-02,0.000000e+00,0.000000e+00
837,13,10976,1.205419e-03,5.080412e-03,1.042667e-02,0.000000e+00,0.000000e+00
838,11,10987,1.394057e-03,5.054899e-03,1.085863e-02,0.000000e+00,0.000000e+00
839,12,10999,1.033838e-03,5.007829e-03,1.194449e-02,0.000000e+00,0.000000e+00
840,9,11008,1.275716e-03,5.100859e-03,1.134285e-02,0.000000e+00,0.000000e+00
841,11,11019,1.163117e-03,4.988766e-03,8.651574e-03,0.000000e+00,0.000000e+00
842,10,11029,1.264235e-03,5.187084e-03,1.246830e-02,0.000000e+00,0.000000e+00
843,11,11040,1.333818e-03,5.232078e-03,1.291805e-02,0.000000e+00,0.000000e+00
844,13,11053,1.515215e-03,5.235543e-03,1.505594e-02,0.000000e+00,0.000000e+00
845,12,11065,1.413330e-03,5.096431e-03,1.006503e-02,0.000000e+00,0.000000e+00
846,15,11080,9.355286e-04,5.199513e-03,1.343310e-02,0.000000e+00,0.000000e+00
847,11,11091,9.290450e-04,5.195873e-03,1.261977e-02,0.000000e+00,0.000000e+00
848,12,11103,1.248372e-03,5.278944e-03,1.124570e-02,0.000000e+00,0.000000e+00
849,14,11117,1.241060e-03,5.040554e-03,1.383092e-02,0.000000e+00,0.000000e+00
850,15,11132,9.551950e-04,5.166849e-03,1.583152e-02,0.000000e+00,0.000000e+00
851,11,11143,1.372124e-03,5.121859e-03,1.226418e-02,0.000000e+00,0.000000e+00
852,12,11155,1.363325e-03,5.163622e-03,1.604604e-02,0.000000e+00,0.000000e+00
853,14,11169,1.146501e-03,5.054243e-03,1.000000e-02,0.000000e+00,0.000000e+00
854,12,11181,1.147281e-03,5.205954e-03,1.422640e-02,0.000000e+00,0.000000e+00
855,13,11194,7.363152e-04,5.115285e-03,1.000000e-02,0.000000e+00,0.000000e+00
856,11,11205,1.104117e-03,5.323268e-03,1.123999e-02,0.000000e+00,0.000000e+00
857,14,11219,9.793385e-04,5.224567e-03,1.000000e-02,0.000000e+00,0.000000e+00
858,12,11231,8.716628e-04,5.260808e-03,1.197900e-02,0.000000e+00,0.000000e+00
859,19,11250,1.170958e-03,5.067944e-03,1.000000e-02,0.000000e+00,0.000000e+00
860,16,11266,1.205871e-03,5.106342e-03,1.171187e-02,0.000000e+00,0.000000e+00
861,11,11277,1.267176e-03,4.987032e-03,1.288306e-02,0.000000e+00,0.000000e+00
862,12,11289,1.486090e-03,5.121145e-03,1.417136e-02,0.000000e+00,0.000000e+00
863,12,11301,1.123774e-03,5.024549e-03,1.558850e-02,0.000000e+00,0.000000e+00
HIST {'total_samples': 894350, 'floor_samples': 0, 'floor_fraction': 0.0, 'saturation_depth': 0.0, 'boundaries': 864, 'capped_boundaries': 0, 'unfinished_worlds': 0}
864,11,11312,1.400380e-03,5.012155e-03,1.222308e-02,0.000000e+00,0.000000e+00
865,11,11323,1.498427e-03,4.983610e-03,1.034762e-02,0.000000e+00,0.000000e+00
866,12,11335,9.897930e-04,5.092866e-03,1.411471e-02,0.000000e+00,0.000000e+00
867,12,11347,1.093623e-03,4.994402e-03,1.043492e-02,0.000000e+00,0.000000e+00
868,15,11362,9.232191e-04,5.026526e-03,1.308543e-02,0.000000e+00,0.000000e+00
869,14,11376,7.258173e-04,5.003330e-03,1.042795e-02,0.000000e+00,0.000000e+00
870,15,11391,9.221958e-04,5.011072e-03,1.065594e-02,0.000000e+00,0.000000e+00
871,13,11404,9.405861e-04,5.032862e-03,1.145351e-02,0.000000e+00,0.000000e+00
872,10,11414,1.121093e-03,4.973128e-03,1.286429e-02,0.000000e+00,0.000000e+00
873,14,11428,9.672054e-04,4.874388e-03,1.008673e-02,0.000000e+00,0.000000e+00
874,13,11441,1.257808e-03,4.916669e-03,9.714307e-03,0.000000e+00,0.000000e+00
875,11,11452,1.328313e-03,5.038634e-03,1.174133e-02,0.000000e+00,0.000000e+00
876,13,11465,9.110653e-04,4.956482e-03,1.145649e-02,0.000000e+00,0.000000e+00
877,13,11478,1.082160e-03,4.812303e-03,1.136295e-02,0.000000e+00,0.000000e+00
878,12,11490,1.380037e-03,4.905032e-03,1.147908e-02,0.000000e+00,0.000000e+00
879,17,11507,8.296846e-04,4.834040e-03,1.000000e-02,0.000000e+00,0.000000e+00
880,20,11527,3.950291e-04,4.817010e-03,1.000000e-02,0.000000e+00,0.000000e+00
881,13,11540,7.931186e-04,4.828678e-03,1.089218e-02,0.000000e+00,0.000000e+00
882,15,11555,8.034539e-04,4.952217e-03,1.000000e-02,0.000000e+00,0.000000e+00
883,12,11567,1.068733e-03,4.913232e-03,8.933878e-03,0.000000e+00,0.000000e+00
884,9,11576,1.365374e-03,5.082214e-03,1.015878e-02,0.000000e+00,0.000000e+00
885,13,11589,6.969253e-04,4.969499e-03,1.114623e-02,0.000000e+00,0.000000e+00
886,11,11600,1.348906e-03,5.063772e-03,1.056021e-02,0.000000e+00,0.000000e+00
887,19,11619,1.050862e-03,5.010096e-03,1.000000e-02,0.000000e+00,0.000000e+00
888,17,11636,1.258417e-03,5.065456e-03,1.147527e-02,0.000000e+00,0.000000e+00
889,12,11648,1.104726e-03,4.816203e-03,1.000000e-02,0.000000e+00,0.000000e+00
890,23,11671,8.941196e-04,4.840475e-03,9.941933e-03,0.000000e+00,0.000000e+00
891,15,11686,9.768291e-04,4.732555e-03,9.941933e-03,0.000000e+00,0.000000e+00
892,11,11697,1.351502e-03,4.874036e-03,9.264994e-03,0.000000e+00,0.000000e+00
893,22,11719,8.593503e-04,4.847457e-03,1.024932e-02,0.000000e+00,0.000000e+00
894,16,11735,1.214010e-03,4.961368e-03,1.190944e-02,0.000000e+00,0.000000e+00
895,15,11750,1.110899e-03,4.886471e-03,9.586849e-03,0.000000e+00,0.000000e+00
896,13,11763,9.963691e-04,5.113719e-03,1.184495e-02,0.000000e+00,0.000000e+00
897,10,11773,1.258414e-03,5.054380e-03,1.197377e-02,0.000000e+00,0.000000e+00
898,13,11786,9.269420e-04,5.077649e-03,1.000000e-02,0.000000e+00,0.000000e+00
899,13,11799,1.054289e-03,4.925585e-03,1.104704e-02,0.000000e+00,0.000000e+00
900,10,11809,1.257594e-03,5.038649e-03,1.060595e-02,0.000000e+00,0.000000e+00
901,21,11830,8.239653e-04,4.929352e-03,9.983644e-03,0.000000e+00,0.000000e+00
902,14,11844,1.091674e-03,4.832908e-03,1.036616e-02,0.000000e+00,0.000000e+00
903,22,11866,7.215035e-04,4.890352e-03,1.000000e-02,0.000000e+00,0.000000e+00
904,12,11878,1.011673e-03,4.954952e-03,1.033413e-02,0.000000e+00,0.000000e+00
905,13,11891,1.266715e-03,4.851524e-03,1.211557e-02,0.000000e+00,0.000000e+00
906,11,11902,1.254530e-03,4.920759e-03,1.000000e-02,0.000000e+00,0.000000e+00
907,13,11915,1.366269e-03,4.911913e-03,9.882774e-03,0.000000e+00,0.000000e+00
908,19,11934,9.962294e-04,4.868985e-03,1.426342e-02,0.000000e+00,0.000000e+00
909,20,11954,7.402804e-04,4.756482e-03,1.000000e-02,0.000000e+00,0.000000e+00
910,14,11968,8.102115e-04,4.884521e-03,1.000000e-02,0.000000e+00,0.000000e+00
911,14,11982,4.503547e-04,4.820416e-03,1.031070e-02,0.000000e+00,0.000000e+00
HIST {'total_samples': 948411, 'floor_samples': 0, 'floor_fraction': 0.0, 'saturation_depth': 0.0, 'boundaries': 912, 'capped_boundaries': 0, 'unfinished_worlds': 0}
912,17,11999,1.031717e-03,4.991278e-03,1.259778e-02,0.000000e+00,0.000000e+00
913,13,12012,1.358605e-03,4.908284e-03,1.021693e-02,0.000000e+00,0.000000e+00
914,10,12022,1.212524e-03,4.875474e-03,1.000000e-02,0.000000e+00,0.000000e+00
915,17,12039,9.360313e-04,4.890261e-03,1.050078e-02,0.000000e+00,0.000000e+00
916,14,12053,1.297330e-03,4.940001e-03,1.155086e-02,0.000000e+00,0.000000e+00
917,12,12065,1.326322e-03,4.979763e-03,1.270594e-02,0.000000e+00,0.000000e+00
918,10,12075,9.481523e-04,4.935097e-03,1.092363e-02,0.000000e+00,0.000000e+00
919,11,12086,1.399719e-03,4.796653e-03,1.003394e-02,0.000000e+00,0.000000e+00
920,10,12096,1.419673e-03,4.927855e-03,1.094029e-02,0.000000e+00,0.000000e+00
921,16,12112,7.141430e-04,4.776214e-03,9.718085e-03,0.000000e+00,0.000000e+00
922,15,12127,9.581933e-04,4.853860e-03,9.893655e-03,0.000000e+00,0.000000e+00
923,13,12140,1.337975e-03,4.803355e-03,9.564118e-03,0.000000e+00,0.000000e+00
924,11,12151,1.278911e-03,4.822959e-03,1.069617e-02,0.000000e+00,0.000000e+00
925,13,12164,9.021190e-04,4.856662e-03,1.000000e-02,0.000000e+00,0.000000e+00
926,10,12174,1.216209e-03,4.867293e-03,1.065529e-02,0.000000e+00,0.000000e+00
927,12,12186,7.847810e-04,4.801445e-03,1.139978e-02,0.000000e+00,0.000000e+00
928,13,12199,7.907884e-04,4.951044e-03,1.004247e-02,0.000000e+00,0.000000e+00
929,12,12211,1.271293e-03,4.873822e-03,1.137908e-02,0.000000e+00,0.000000e+00
930,11,12222,1.193169e-03,4.864951e-03,1.077072e-02,0.000000e+00,0.000000e+00
931,11,12233,1.043600e-03,4.764945e-03,1.000000e-02,0.000000e+00,0.000000e+00
932,13,12246,7.846227e-04,4.865424e-03,1.046308e-02,0.000000e+00,0.000000e+00
933,18,12264,1.064259e-03,4.773806e-03,1.000000e-02,0.000000e+00,0.000000e+00
934,14,12278,9.344855e-04,5.013541e-03,1.161795e-02,0.000000e+00,0.000000e+00
935,11,12289,1.282248e-03,4.959125e-03,1.000000e-02,0.000000e+00,0.000000e+00
936,13,12302,1.129063e-03,4.923122e-03,1.056649e-02,0.000000e+00,0.000000e+00
937,11,12313,1.172811e-03,5.059240e-03,1.010160e-02,0.000000e+00,0.000000e+00
938,12,12325,1.326921e-03,5.140080e-03,1.197900e-02,0.000000e+00,0.000000e+00
939,13,12338,8.337956e-04,5.046963e-03,1.023619e-02,0.000000e+00,0.000000e+00
940,15,12353,9.669086e-04,4.987304e-03,1.036149e-02,0.000000e+00,0.000000e+00
941,14,12367,1.073821e-03,4.946586e-03,1.000000e-02,0.000000e+00,0.000000e+00
942,15,12382,9.295461e-04,5.037270e-03,1.323648e-02,0.000000e+00,0.000000e+00
943,12,12394,1.164547e-03,4.860381e-03,1.385825e-02,0.000000e+00,0.000000e+00
944,12,12406,1.359731e-03,4.967667e-03,1.102622e-02,0.000000e+00,0.000000e+00
945,14,12420,8.480786e-04,4.805114e-03,1.000000e-02,0.000000e+00,0.000000e+00
946,11,12431,1.176767e-03,4.934999e-03,1.347053e-02,0.000000e+00,0.000000e+00
947,15,12446,6.498100e-04,4.837411e-03,1.465444e-02,0.000000e+00,0.000000e+00
948,13,12459,1.163102e-03,4.950948e-03,1.107984e-02,0.000000e+00,0.000000e+00
949,15,12474,1.282690e-03,4.760390e-03,1.000000e-02,0.000000e+00,0.000000e+00
950,10,12484,1.336110e-03,4.813535e-03,1.388576e-02,0.000000e+00,0.000000e+00
951,17,12501,5.705074e-04,4.811405e-03,1.130898e-02,0.000000e+00,0.000000e+00
952,12,12513,1.244051e-03,4.904878e-03,1.215172e-02,0.000000e+00,0.000000e+00
953,14,12527,9.098751e-04,4.830265e-03,1.054140e-02,0.000000e+00,0.000000e+00
954,14,12541,1.186355e-03,5.049958e-03,1.020161e-02,0.000000e+00,0.000000e+00
955,11,12552,9.155814e-04,5.072915e-03,1.122177e-02,0.000000e+00,0.000000e+00
956,11,12563,1.462496e-03,4.976681e-03,1.016608e-02,0.000000e+00,0.000000e+00
957,14,12577,9.633042e-04,4.852190e-03,1.118269e-02,0.000000e+00,0.000000e+00
958,12,12589,1.117199e-03,4.959738e-03,1.263252e-02,0.000000e+00,0.000000e+00
959,14,12603,8.292750e-04,4.869746e-03,9.812455e-03,0.000000e+00,0.000000e+00
HIST {'total_samples': 1002189, 'floor_samples': 0, 'floor_fraction': 0.0, 'saturation_depth': 0.0, 'boundaries': 960, 'capped_boundaries': 0, 'unfinished_worlds': 0}
960,20,12623,8.259750e-04,5.076803e-03,1.099000e-02,0.000000e+00,0.000000e+00
961,15,12638,1.030377e-03,4.986485e-03,1.037772e-02,0.000000e+00,0.000000e+00
962,21,12659,4.705270e-04,5.005070e-03,1.000000e-02,0.000000e+00,0.000000e+00
963,15,12674,7.713253e-04,4.896908e-03,9.360803e-03,0.000000e+00,0.000000e+00
964,12,12686,1.185073e-03,4.864071e-03,1.011876e-02,0.000000e+00,0.000000e+00
965,11,12697,1.249365e-03,4.850314e-03,1.179860e-02,0.000000e+00,0.000000e+00
966,19,12716,6.109527e-04,4.829783e-03,1.000000e-02,0.000000e+00,0.000000e+00
967,14,12730,1.210046e-03,4.839052e-03,9.664074e-03,0.000000e+00,0.000000e+00
968,13,12743,1.111827e-03,4.898110e-03,1.081447e-02,0.000000e+00,0.000000e+00
969,15,12758,1.361471e-03,4.901092e-03,9.740913e-03,0.000000e+00,0.000000e+00
970,15,12773,8.363992e-04,4.933218e-03,1.049206e-02,0.000000e+00,0.000000e+00
971,14,12787,8.351589e-04,4.788120e-03,8.825165e-03,0.000000e+00,0.000000e+00
972,15,12802,1.239524e-03,4.974213e-03,1.002733e-02,0.000000e+00,0.000000e+00
973,12,12814,9.799976e-04,5.000804e-03,1.000000e-02,0.000000e+00,0.000000e+00
974,13,12827,8.506961e-04,5.060359e-03,1.283732e-02,0.000000e+00,0.000000e+00
975,14,12841,1.037398e-03,4.992416e-03,1.024366e-02,0.000000e+00,0.000000e+00
976,15,12856,1.127521e-03,4.980253e-03,1.083638e-02,0.000000e+00,0.000000e+00
977,12,12868,1.112532e-03,5.016739e-03,1.197900e-02,0.000000e+00,0.000000e+00
978,13,12881,1.027428e-03,5.172874e-03,1.022281e-02,0.000000e+00,0.000000e+00
979,14,12895,9.470290e-04,5.009229e-03,1.000000e-02,0.000000e+00,0.000000e+00
980,13,12908,1.256789e-03,5.134427e-03,1.079365e-02,0.000000e+00,0.000000e+00
981,11,12919,1.285139e-03,4.974367e-03,1.035473e-02,0.000000e+00,0.000000e+00
982,11,12930,1.209160e-03,5.147781e-03,1.041552e-02,0.000000e+00,0.000000e+00
983,14,12944,8.920153e-04,4.974214e-03,1.108171e-02,0.000000e+00,0.000000e+00
984,10,12954,1.412261e-03,4.969573e-03,1.022383e-02,0.000000e+00,0.000000e+00
985,13,12967,1.134668e-03,4.741632e-03,9.261394e-03,0.000000e+00,0.000000e+00
986,11,12978,1.269648e-03,4.868704e-03,1.077717e-02,0.000000e+00,0.000000e+00
987,13,12991,1.191793e-03,4.823004e-03,1.000000e-02,0.000000e+00,0.000000e+00
988,14,13005,1.305999e-03,4.925188e-03,1.245340e-02,0.000000e+00,0.000000e+00
989,16,13021,8.939423e-04,4.836891e-03,1.124725e-02,0.000000e+00,0.000000e+00
990,14,13035,8.257724e-04,5.031645e-03,1.206550e-02,0.000000e+00,0.000000e+00
991,13,13048,1.001011e-03,4.953439e-03,1.089000e-02,0.000000e+00,0.000000e+00
992,12,13060,1.194599e-03,5.068111e-03,1.132850e-02,0.000000e+00,0.000000e+00
993,12,13072,9.787505e-04,5.002584e-03,1.186839e-02,0.000000e+00,0.000000e+00
994,18,13090,1.412948e-03,4.997629e-03,1.146484e-02,0.000000e+00,0.000000e+00
995,15,13105,1.121359e-03,5.045676e-03,1.065492e-02,0.000000e+00,0.000000e+00
996,16,13121,7.409920e-04,5.123531e-03,1.042454e-02,0.000000e+00,0.000000e+00
997,15,13136,8.665665e-04,5.083427e-03,1.140057e-02,0.000000e+00,0.000000e+00
998,12,13148,1.131131e-03,5.145478e-03,1.317690e-02,0.000000e+00,0.000000e+00
999,15,13163,9.569126e-04,5.042451e-03,1.449459e-02,0.000000e+00,0.000000e+00
1000,13,13176,1.398921e-03,5.130114e-03,1.435555e-02,0.000000e+00,0.000000e+00
1001,14,13190,9.851751e-04,5.019822e-03,1.000000e-02,0.000000e+00,0.000000e+00
1002,13,13203,1.052219e-03,5.073542e-03,1.391243e-02,0.000000e+00,0.000000e+00
1003,11,13214,1.203146e-03,4.973351e-03,1.000000e-02,0.000000e+00,0.000000e+00
1004,14,13228,1.037414e-03,4.891783e-03,1.036275e-02,0.000000e+00,0.000000e+00
1005,16,13244,9.027790e-04,4.848498e-03,1.234086e-02,0.000000e+00,0.000000e+00
1006,10,13254,1.401301e-03,4.996983e-03,1.178847e-02,0.000000e+00,0.000000e+00
1007,16,13270,7.417511e-04,4.864461e-03,1.197900e-02,0.000000e+00,0.000000e+00
HIST {'total_samples': 1055921, 'floor_samples': 0, 'floor_fraction': 0.0, 'saturation_depth': 0.0, 'boundaries': 1008, 'capped_boundaries': 0, 'unfinished_worlds': 0}
1008,14,13284,1.112077e-03,4.864123e-03,1.317690e-02,0.000000e+00,0.000000e+00
1009,11,13295,1.310321e-03,4.792204e-03,1.264462e-02,0.000000e+00,0.000000e+00
1010,13,13308,1.056057e-03,4.994015e-03,1.594405e-02,0.000000e+00,0.000000e+00
1011,15,13323,1.065378e-03,4.800521e-03,1.267710e-02,0.000000e+00,0.000000e+00
1012,15,13338,8.380818e-04,4.862551e-03,1.089000e-02,0.000000e+00,0.000000e+00
1013,11,13349,1.311824e-03,4.969527e-03,1.000000e-02,0.000000e+00,0.000000e+00
1014,11,13360,1.361856e-03,4.970303e-03,1.133399e-02,0.000000e+00,0.000000e+00
1015,12,13372,1.190329e-03,4.900219e-03,1.265776e-02,0.000000e+00,0.000000e+00
1016,13,13385,1.099320e-03,4.943301e-03,1.594405e-02,0.000000e+00,0.000000e+00
1017,18,13403,8.511132e-04,4.793948e-03,1.147470e-02,0.000000e+00,0.000000e+00
1018,14,13417,1.379242e-03,5.006481e-03,1.197249e-02,0.000000e+00,0.000000e+00
1019,15,13432,7.080080e-04,4.968076e-03,1.082433e-02,0.000000e+00,0.000000e+00
1020,10,13442,1.105723e-03,5.151539e-03,1.081780e-02,0.000000e+00,0.000000e+00
1021,11,13453,8.448607e-04,4.799150e-03,1.000000e-02,0.000000e+00,0.000000e+00
1022,11,13464,1.019694e-03,4.919942e-03,1.031061e-02,0.000000e+00,0.000000e+00
1023,14,13478,1.120154e-03,4.858438e-03,1.000000e-02,0.000000e+00,0.000000e+00
1024,12,13490,9.541290e-04,4.903744e-03,1.051969e-02,0.000000e+00,0.000000e+00
1025,13,13503,1.186456e-03,4.852678e-03,9.243600e-03,0.000000e+00,0.000000e+00
1026,13,13516,1.182782e-03,4.851634e-03,1.030650e-02,0.000000e+00,0.000000e+00
1027,13,13529,1.287650e-03,4.807393e-03,9.400737e-03,0.000000e+00,0.000000e+00
1028,17,13546,1.055927e-03,4.902142e-03,1.214527e-02,0.000000e+00,0.000000e+00
1029,15,13561,9.026116e-04,4.691980e-03,1.000000e-02,0.000000e+00,0.000000e+00
1030,13,13574,8.516535e-04,4.863025e-03,1.127310e-02,0.000000e+00,0.000000e+00
1031,16,13590,5.294695e-04,4.841779e-03,1.000000e-02,0.000000e+00,0.000000e+00
1032,13,13603,1.073679e-03,4.836631e-03,1.046422e-02,0.000000e+00,0.000000e+00
1033,13,13616,1.328079e-03,4.823067e-03,1.060975e-02,0.000000e+00,0.000000e+00
1034,10,13626,1.299091e-03,4.933509e-03,1.089000e-02,0.000000e+00,0.000000e+00
1035,12,13638,1.067780e-03,4.852513e-03,1.103520e-02,0.000000e+00,0.000000e+00
1036,15,13653,8.721702e-04,4.853772e-03,1.000000e-02,0.000000e+00,0.000000e+00
1037,14,13667,1.183468e-03,4.957193e-03,1.032861e-02,0.000000e+00,0.000000e+00
1038,13,13680,9.315820e-04,5.095928e-03,1.040695e-02,0.000000e+00,0.000000e+00
1039,13,13693,1.242653e-03,4.959702e-03,1.720289e-02,0.000000e+00,0.000000e+00
1040,9,13702,1.588197e-03,5.101196e-03,1.323000e-02,0.000000e+00,0.000000e+00
1041,14,13716,1.246922e-03,4.802790e-03,1.000000e-02,0.000000e+00,0.000000e+00
1042,11,13727,1.204788e-03,4.895812e-03,1.075090e-02,0.000000e+00,0.000000e+00
1043,12,13739,1.094747e-03,4.743367e-03,1.041624e-02,0.000000e+00,0.000000e+00
1044,11,13750,1.063856e-03,4.773650e-03,1.145787e-02,0.000000e+00,0.000000e+00
1045,12,13762,1.353499e-03,4.830652e-03,9.351986e-03,0.000000e+00,0.000000e+00
1046,16,13778,8.018396e-04,5.035404e-03,1.089000e-02,0.000000e+00,0.000000e+00
1047,14,13792,6.605930e-04,4.792047e-03,1.197900e-02,0.000000e+00,0.000000e+00
1048,11,13803,1.291619e-03,4.962225e-03,1.216528e-02,0.000000e+00,0.000000e+00
1049,12,13815,1.205618e-03,4.846138e-03,1.000000e-02,0.000000e+00,0.000000e+00
1050,12,13827,1.221499e-03,4.853903e-03,1.107046e-02,0.000000e+00,0.000000e+00
1051,14,13841,8.918760e-04,4.755737e-03,1.000000e-02,0.000000e+00,0.000000e+00
1052,10,13851,1.283385e-03,4.908243e-03,1.000000e-02,0.000000e+00,0.000000e+00
1053,16,13867,9.749877e-04,4.912283e-03,8.960194e-03,0.000000e+00,0.000000e+00
1054,12,13879,9.982751e-04,4.979422e-03,1.089000e-02,0.000000e+00,0.000000e+00
1055,14,13893,4.275621e-04,4.930410e-03,1.025371e-02,0.000000e+00,0.000000e+00
HIST {'total_samples': 1110874, 'floor_samples': 0, 'floor_fraction': 0.0, 'saturation_depth': 0.0, 'boundaries': 1056, 'capped_boundaries': 0, 'unfinished_worlds': 0}
1056,12,13905,1.258154e-03,5.053922e-03,1.000000e-02,0.000000e+00,0.000000e+00
1057,15,13920,8.276301e-04,5.002568e-03,1.000000e-02,0.000000e+00,0.000000e+00
1058,16,13936,8.979802e-04,4.999758e-03,1.008525e-02,0.000000e+00,0.000000e+00
1059,12,13948,9.734135e-04,4.836394e-03,1.046749e-02,0.000000e+00,0.000000e+00
1060,11,13959,9.904208e-04,4.847394e-03,1.081881e-02,0.000000e+00,0.000000e+00
1061,16,13975,9.543931e-04,4.823978e-03,1.000000e-02,0.000000e+00,0.000000e+00
1062,10,13985,1.148643e-03,4.804133e-03,1.366138e-02,0.000000e+00,0.000000e+00
1063,30,14015,8.628119e-04,4.831124e-03,1.283330e-02,0.000000e+00,0.000000e+00
1064,12,14027,1.101083e-03,5.000277e-03,1.551945e-02,0.000000e+00,0.000000e+00
1065,16,14043,7.260658e-04,4.840123e-03,1.000000e-02,0.000000e+00,0.000000e+00
1066,12,14055,9.147831e-04,4.968298e-03,1.135718e-02,0.000000e+00,0.000000e+00
1067,12,14067,1.217608e-03,4.877193e-03,1.000000e-02,0.000000e+00,0.000000e+00
1068,10,14077,1.262437e-03,5.001172e-03,1.041070e-02,0.000000e+00,0.000000e+00
1069,10,14087,1.516741e-03,4.907635e-03,1.000000e-02,0.000000e+00,0.000000e+00
1070,15,14102,1.033508e-03,4.877522e-03,1.339038e-02,0.000000e+00,0.000000e+00
1071,10,14112,9.142875e-04,4.773407e-03,1.385664e-02,0.000000e+00,0.000000e+00
1072,14,14126,1.131469e-03,4.888920e-03,1.468639e-02,0.000000e+00,0.000000e+00
1073,16,14142,7.631903e-04,4.823532e-03,1.018495e-02,0.000000e+00,0.000000e+00
1074,18,14160,9.439898e-04,4.875160e-03,1.022983e-02,0.000000e+00,0.000000e+00
1075,17,14177,8.860582e-04,4.772719e-03,1.059813e-02,0.000000e+00,0.000000e+00
1076,14,14191,1.104956e-03,4.937743e-03,1.055508e-02,0.000000e+00,0.000000e+00
1077,12,14203,9.657430e-04,4.759327e-03,1.197900e-02,0.000000e+00,0.000000e+00
1078,14,14217,1.132248e-03,4.799226e-03,1.000000e-02,0.000000e+00,0.000000e+00
1079,14,14231,1.218518e-03,4.785744e-03,1.449459e-02,0.000000e+00,0.000000e+00
1080,12,14243,1.025515e-03,5.021055e-03,1.182712e-02,0.000000e+00,0.000000e+00
1081,13,14256,1.032704e-03,4.867091e-03,1.000000e-02,0.000000e+00,0.000000e+00
1082,10,14266,1.001972e-03,4.997388e-03,1.000000e-02,0.000000e+00,0.000000e+00
1083,11,14277,1.315718e-03,4.910239e-03,9.493691e-03,0.000000e+00,0.000000e+00
1084,13,14290,8.438943e-04,5.000783e-03,1.000000e-02,0.000000e+00,0.000000e+00
1085,12,14302,1.055258e-03,5.004630e-03,1.186887e-02,0.000000e+00,0.000000e+00
1086,14,14316,1.052140e-03,5.045393e-03,1.018580e-02,0.000000e+00,0.000000e+00
1087,21,14337,5.103069e-04,4.913870e-03,9.019341e-03,0.000000e+00,0.000000e+00
1088,12,14349,8.526964e-04,5.026677e-03,1.577947e-02,0.000000e+00,0.000000e+00
1089,14,14363,1.203848e-03,4.947520e-03,1.000000e-02,0.000000e+00,0.000000e+00
1090,11,14374,1.230523e-03,5.042602e-03,1.098497e-02,0.000000e+00,0.000000e+00
1091,12,14386,1.141155e-03,4.823133e-03,1.000000e-02,0.000000e+00,0.000000e+00
1092,11,14397,1.626041e-03,5.049666e-03,1.000000e-02,0.000000e+00,0.000000e+00
1093,11,14408,1.090374e-03,4.943566e-03,9.702711e-03,0.000000e+00,0.000000e+00
1094,12,14420,1.009361e-03,4.903014e-03,1.054483e-02,0.000000e+00,0.000000e+00
1095,12,14432,1.200161e-03,4.799280e-03,1.098847e-02,0.000000e+00,0.000000e+00
1096,10,14442,1.492145e-03,4.964398e-03,1.352384e-02,0.000000e+00,0.000000e+00
1097,15,14457,1.339679e-03,4.881522e-03,1.000000e-02,0.000000e+00,0.000000e+00
1098,10,14467,1.524230e-03,4.972047e-03,1.045795e-02,0.000000e+00,0.000000e+00
1099,11,14478,1.490230e-03,4.735919e-03,1.000000e-02,0.000000e+00,0.000000e+00
1100,10,14488,1.456221e-03,4.866540e-03,1.610958e-02,0.000000e+00,0.000000e+00
1101,13,14501,1.340738e-03,4.983528e-03,1.000000e-02,0.000000e+00,0.000000e+00
1102,12,14513,1.109159e-03,5.024120e-03,1.081241e-02,0.000000e+00,0.000000e+00
1103,12,14525,1.423322e-03,4.774948e-03,9.296729e-03,0.000000e+00,0.000000e+00
HIST {'total_samples': 1164860, 'floor_samples': 0, 'floor_fraction': 0.0, 'saturation_depth': 0.0, 'boundaries': 1104, 'capped_boundaries': 0, 'unfinished_worlds': 0}
1104,12,14537,9.429024e-04,4.923338e-03,1.089000e-02,0.000000e+00,0.000000e+00
1105,11,14548,1.215330e-03,4.918205e-03,1.000000e-02,0.000000e+00,0.000000e+00
1106,14,14562,1.091514e-03,4.929949e-03,1.063396e-02,0.000000e+00,0.000000e+00
1107,11,14573,1.062290e-03,4.932526e-03,9.438179e-03,0.000000e+00,0.000000e+00
1108,13,14586,9.641675e-04,5.001782e-03,1.193596e-02,0.000000e+00,0.000000e+00
1109,14,14600,1.079577e-03,5.032443e-03,1.282896e-02,0.000000e+00,0.000000e+00
1110,12,14612,9.236372e-04,5.111404e-03,1.112433e-02,0.000000e+00,0.000000e+00
1111,13,14625,1.260443e-03,5.047030e-03,1.223677e-02,0.000000e+00,0.000000e+00
1112,12,14637,9.373039e-04,5.160496e-03,1.315483e-02,0.000000e+00,0.000000e+00
1113,14,14651,1.039971e-03,5.109505e-03,1.000000e-02,0.000000e+00,0.000000e+00
1114,12,14663,9.908119e-04,4.980604e-03,1.089000e-02,0.000000e+00,0.000000e+00
1115,11,14674,1.398078e-03,4.901613e-03,1.000000e-02,0.000000e+00,0.000000e+00
1116,12,14686,1.106560e-03,5.001713e-03,1.197900e-02,0.000000e+00,0.000000e+00
1117,10,14696,1.172795e-03,5.074330e-03,1.057426e-02,0.000000e+00,0.000000e+00
1118,12,14708,1.173396e-03,5.250192e-03,1.317690e-02,0.000000e+00,0.000000e+00
1119,11,14719,9.381223e-04,5.053186e-03,1.000000e-02,0.000000e+00,0.000000e+00
1120,15,14734,8.011718e-04,5.030439e-03,1.085592e-02,0.000000e+00,0.000000e+00
1121,12,14746,1.104673e-03,5.026657e-03,1.064045e-02,0.000000e+00,0.000000e+00
1122,15,14761,9.879342e-04,4.883069e-03,1.027329e-02,0.000000e+00,0.000000e+00
1123,15,14776,9.507510e-04,4.803495e-03,9.272543e-03,0.000000e+00,0.000000e+00
1124,11,14787,1.227174e-03,4.808619e-03,1.092366e-02,0.000000e+00,0.000000e+00
1125,12,14799,1.066053e-03,4.824498e-03,1.227221e-02,0.000000e+00,0.000000e+00
1126,13,14812,1.193030e-03,5.018335e-03,1.060457e-02,0.000000e+00,0.000000e+00
1127,10,14822,1.264219e-03,4.900377e-03,9.315655e-03,0.000000e+00,0.000000e+00
1128,13,14835,1.008574e-03,4.850761e-03,1.000725e-02,0.000000e+00,0.000000e+00
1129,11,14846,1.463314e-03,4.904263e-03,8.498803e-03,0.000000e+00,0.000000e+00
1130,10,14856,1.355777e-03,5.124213e-03,1.098297e-02,0.000000e+00,0.000000e+00
1131,14,14870,9.943924e-04,4.978521e-03,9.761402e-03,0.000000e+00,0.000000e+00
1132,10,14880,1.190632e-03,5.118091e-03,1.273029e-02,0.000000e+00,0.000000e+00
1133,20,14900,1.231077e-03,4.952369e-03,1.000000e-02,0.000000e+00,0.000000e+00
1134,12,14912,1.243747e-03,5.080414e-03,1.321576e-02,0.000000e+00,0.000000e+00
1135,12,14924,9.885979e-04,4.963407e-03,1.000000e-02,0.000000e+00,0.000000e+00
1136,15,14939,9.910541e-04,5.007047e-03,1.234039e-02,0.000000e+00,0.000000e+00
1137,12,14951,1.111839e-03,4.904713e-03,1.000000e-02,0.000000e+00,0.000000e+00
1138,13,14964,1.037282e-03,4.995717e-03,1.089000e-02,0.000000e+00,0.000000e+00
1139,14,14978,8.757751e-04,5.000015e-03,1.079157e-02,0.000000e+00,0.000000e+00
1140,10,14988,1.136281e-03,5.189843e-03,1.115003e-02,0.000000e+00,0.000000e+00
1141,12,15000,1.076151e-03,5.154168e-03,1.099118e-02,0.000000e+00,0.000000e+00
1142,14,15014,1.265522e-03,5.259801e-03,1.226943e-02,0.000000e+00,0.000000e+00
1143,11,15025,1.541019e-03,5.082354e-03,1.077337e-02,0.000000e+00,0.000000e+00
1144,11,15036,1.004868e-03,5.234931e-03,1.108143e-02,0.000000e+00,0.000000e+00
1145,15,15051,8.730608e-04,5.131822e-03,1.328486e-02,0.000000e+00,0.000000e+00
1146,12,15063,1.068318e-03,5.117997e-03,1.089000e-02,0.000000e+00,0.000000e+00
1147,12,15075,1.119149e-03,4.959130e-03,1.069122e-02,0.000000e+00,0.000000e+00
1148,11,15086,1.173162e-03,5.105859e-03,1.197900e-02,0.000000e+00,0.000000e+00
1149,12,15098,1.079522e-03,5.013684e-03,1.000000e-02,0.000000e+00,0.000000e+00
1150,20,15118,9.793517e-04,4.980904e-03,1.301226e-02,0.000000e+00,0.000000e+00
1151,12,15130,1.057349e-03,4.980287e-03,1.000000e-02,0.000000e+00,0.000000e+00
HIST {'total_samples': 1218178, 'floor_samples': 0, 'floor_fraction': 0.0, 'saturation_depth': 0.0, 'boundaries': 1152, 'capped_boundaries': 0, 'unfinished_worlds': 0}
1152,12,15142,1.178338e-03,5.088450e-03,1.029313e-02,0.000000e+00,0.000000e+00
1153,14,15156,1.117882e-03,4.875740e-03,1.074675e-02,0.000000e+00,0.000000e+00
1154,17,15173,8.977214e-04,4.910410e-03,1.008485e-02,0.000000e+00,0.000000e+00
1155,11,15184,1.226154e-03,4.917895e-03,1.055886e-02,0.000000e+00,0.000000e+00
1156,13,15197,1.278984e-03,5.047251e-03,1.265020e-02,0.000000e+00,0.000000e+00
1157,15,15212,8.533522e-04,4.976847e-03,1.000000e-02,0.000000e+00,0.000000e+00
1158,17,15229,9.860649e-04,5.071230e-03,1.132949e-02,0.000000e+00,0.000000e+00
1159,12,15241,1.369194e-03,4.950239e-03,1.000000e-02,0.000000e+00,0.000000e+00
1160,11,15252,1.310025e-03,5.145234e-03,1.150351e-02,0.000000e+00,0.000000e+00
1161,25,15277,9.084331e-04,5.056096e-03,1.000000e-02,0.000000e+00,0.000000e+00
1162,11,15288,9.917137e-04,5.143530e-03,1.136418e-02,0.000000e+00,0.000000e+00
1163,15,15303,1.039222e-03,5.097533e-03,1.250060e-02,0.000000e+00,0.000000e+00
1164,21,15324,5.615724e-04,5.006983e-03,1.317690e-02,0.000000e+00,0.000000e+00
1165,20,15344,6.599926e-04,5.000225e-03,1.264871e-02,0.000000e+00,0.000000e+00
1166,12,15356,1.393934e-03,5.056033e-03,1.307267e-02,0.000000e+00,0.000000e+00
1167,14,15370,6.457074e-04,4.937057e-03,1.000000e-02,0.000000e+00,0.000000e+00
1168,13,15383,1.218008e-03,5.142918e-03,1.089000e-02,0.000000e+00,0.000000e+00
1169,15,15398,1.199495e-03,5.021996e-03,1.046818e-02,0.000000e+00,0.000000e+00
1170,18,15416,6.669036e-04,5.030937e-03,1.000000e-02,0.000000e+00,0.000000e+00
1171,17,15433,1.210182e-03,4.958867e-03,1.051270e-02,0.000000e+00,0.000000e+00
1172,16,15449,1.257390e-03,4.893162e-03,1.228472e-02,0.000000e+00,0.000000e+00
1173,13,15462,1.099145e-03,4.798738e-03,9.621701e-03,0.000000e+00,0.000000e+00
1174,13,15475,1.028358e-03,4.885799e-03,1.037578e-02,0.000000e+00,0.000000e+00
1175,14,15489,1.202578e-03,5.018286e-03,9.521735e-03,0.000000e+00,0.000000e+00
1176,10,15499,1.353046e-03,4.993336e-03,1.000000e-02,0.000000e+00,0.000000e+00
1177,14,15513,1.323262e-03,5.043235e-03,9.978071e-03,0.000000e+00,0.000000e+00
1178,10,15523,1.151766e-03,5.144753e-03,1.282570e-02,0.000000e+00,0.000000e+00
1179,17,15540,7.814820e-04,4.944411e-03,1.145319e-02,0.000000e+00,0.000000e+00
1180,11,15551,1.104498e-03,5.058293e-03,1.211688e-02,0.000000e+00,0.000000e+00
1181,11,15562,1.496690e-03,5.050658e-03,1.207255e-02,0.000000e+00,0.000000e+00
1182,14,15576,1.473599e-03,5.128917e-03,1.039787e-02,0.000000e+00,0.000000e+00
1183,15,15591,1.141027e-03,4.971634e-03,1.000000e-02,0.000000e+00,0.000000e+00
1184,12,15603,1.119536e-03,5.179984e-03,1.171241e-02,0.000000e+00,0.000000e+00
1185,13,15616,6.899188e-04,4.949165e-03,1.000000e-02,0.000000e+00,0.000000e+00
1186,13,15629,1.103299e-03,5.176661e-03,1.089000e-02,0.000000e+00,0.000000e+00
1187,12,15641,1.028435e-03,4.923778e-03,1.078187e-02,0.000000e+00,0.000000e+00
1188,14,15655,1.070935e-03,5.101732e-03,1.277548e-02,0.000000e+00,0.000000e+00
1189,15,15670,9.955009e-04,4.894860e-03,1.000000e-02,0.000000e+00,0.000000e+00
1190,14,15684,1.142797e-03,4.969056e-03,1.317690e-02,0.000000e+00,0.000000e+00
1191,12,15696,1.574148e-03,4.875883e-03,1.000000e-02,0.000000e+00,0.000000e+00
1192,14,15710,1.025609e-03,4.924547e-03,1.000000e-02,0.000000e+00,0.000000e+00
1193,13,15723,1.063856e-03,4.880974e-03,9.114940e-03,0.000000e+00,0.000000e+00
1194,15,15738,9.910912e-04,5.008174e-03,1.209485e-02,0.000000e+00,0.000000e+00
1195,14,15752,8.998906e-04,4.892513e-03,1.000000e-02,0.000000e+00,0.000000e+00
1196,14,15766,1.301354e-03,4.980409e-03,1.139933e-02,0.000000e+00,0.000000e+00
1197,12,15778,1.158435e-03,4.822676e-03,1.000000e-02,0.000000e+00,0.000000e+00
1198,15,15793,9.339348e-04,4.879025e-03,1.145090e-02,0.000000e+00,0.000000e+00
1199,15,15808,7.904510e-04,5.006790e-03,1.003955e-02,0.000000e+00,0.000000e+00
HIST {'total_samples': 1272238, 'floor_samples': 0, 'floor_fraction': 0.0, 'saturation_depth': 0.0, 'boundaries': 1200, 'capped_boundaries': 0, 'unfinished_worlds': 0}
1200,15,15823,8.180192e-04,4.970895e-03,1.128298e-02,0.000000e+00,0.000000e+00
1201,11,15834,1.194080e-03,4.916072e-03,1.132914e-02,0.000000e+00,0.000000e+00
1202,17,15851,1.187333e-03,5.034703e-03,1.060722e-02,0.000000e+00,0.000000e+00
1203,14,15865,8.876005e-04,4.955717e-03,1.129319e-02,0.000000e+00,0.000000e+00
1204,15,15880,8.328569e-04,4.970283e-03,1.166061e-02,0.000000e+00,0.000000e+00
1205,10,15890,1.174225e-03,4.799027e-03,1.000000e-02,0.000000e+00,0.000000e+00
1206,11,15901,1.141301e-03,4.890753e-03,1.000000e-02,0.000000e+00,0.000000e+00
1207,11,15912,8.379964e-04,4.946349e-03,1.000000e-02,0.000000e+00,0.000000e+00
1208,11,15923,1.570251e-03,5.013623e-03,1.187800e-02,0.000000e+00,0.000000e+00
1209,9,15932,1.225448e-03,4.999298e-03,1.000000e-02,0.000000e+00,0.000000e+00
1210,11,15943,1.079980e-03,5.068457e-03,1.198628e-02,0.000000e+00,0.000000e+00
1211,16,15959,9.705388e-04,4.965365e-03,1.054759e-02,0.000000e+00,0.000000e+00
1212,13,15972,8.846069e-04,4.937023e-03,1.049533e-02,0.000000e+00,0.000000e+00
1213,14,15986,1.064769e-03,4.845570e-03,1.000000e-02,0.000000e+00,0.000000e+00
1214,12,15998,1.159604e-03,4.900191e-03,1.140559e-02,0.000000e+00,0.000000e+00
1215,11,16009,9.294790e-04,4.786725e-03,1.000000e-02,0.000000e+00,0.000000e+00
1216,10,16019,1.558399e-03,4.869580e-03,1.000000e-02,0.000000e+00,0.000000e+00
1217,12,16031,1.253504e-03,4.827810e-03,9.246058e-03,0.000000e+00,0.000000e+00
1218,16,16047,9.813281e-04,4.996819e-03,1.120787e-02,0.000000e+00,0.000000e+00
1219,13,16060,1.310457e-03,4.901920e-03,9.909346e-03,0.000000e+00,0.000000e+00
1220,12,16072,1.252471e-03,5.036460e-03,1.075480e-02,0.000000e+00,0.000000e+00
1221,13,16085,1.151655e-03,4.929768e-03,1.048058e-02,0.000000e+00,0.000000e+00
1222,16,16101,1.017182e-03,5.101696e-03,1.000000e-02,0.000000e+00,0.000000e+00
1223,14,16115,1.015729e-03,5.102187e-03,9.877270e-03,0.000000e+00,0.000000e+00
1224,11,16126,1.594223e-03,5.119036e-03,1.025513e-02,0.000000e+00,0.000000e+00
1225,11,16137,1.101177e-03,4.895070e-03,8.965594e-03,0.000000e+00,0.000000e+00
1226,14,16151,8.289420e-04,4.979861e-03,1.066318e-02,0.000000e+00,0.000000e+00
1227,12,16163,9.581624e-04,5.032271e-03,1.000000e-02,0.000000e+00,0.000000e+00
1228,11,16174,1.072217e-03,4.905843e-03,1.025065e-02,0.000000e+00,0.000000e+00
1229,10,16184,1.257499e-03,4.882641e-03,1.000000e-02,0.000000e+00,0.000000e+00
1230,12,16196,9.068158e-04,5.016794e-03,1.032597e-02,0.000000e+00,0.000000e+00
1231,13,16209,9.566698e-04,4.905926e-03,9.594768e-03,0.000000e+00,0.000000e+00
1232,12,16221,1.283180e-03,5.042689e-03,1.144728e-02,0.000000e+00,0.000000e+00
1233,12,16233,1.259223e-03,5.063288e-03,1.017447e-02,0.000000e+00,0.000000e+00
1234,14,16247,1.055195e-03,5.113110e-03,1.214562e-02,0.000000e+00,0.000000e+00
1235,10,16257,1.607470e-03,5.100048e-03,1.000000e-02,0.000000e+00,0.000000e+00
1236,10,16267,1.097885e-03,4.988868e-03,1.197124e-02,0.000000e+00,0.000000e+00
1237,15,16282,1.038491e-03,4.959719e-03,1.244809e-02,0.000000e+00,0.000000e+00
1238,12,16294,9.028141e-04,5.071373e-03,1.189221e-02,0.000000e+00,0.000000e+00
1239,13,16307,1.172958e-03,4.997324e-03,1.000000e-02,0.000000e+00,0.000000e+00
1240,13,16320,1.371701e-03,5.158190e-03,1.245336e-02,0.000000e+00,0.000000e+00
1241,14,16334,8.560360e-04,5.059821e-03,1.369870e-02,0.000000e+00,0.000000e+00
1242,11,16345,1.025862e-03,5.141708e-03,1.250306e-02,0.000000e+00,0.000000e+00
1243,11,16356,9.444785e-04,4.828562e-03,1.000000e-02,0.000000e+00,0.000000e+00
1244,14,16370,8.634918e-04,4.886697e-03,1.067267e-02,0.000000e+00,0.000000e+00
1245,12,16382,1.337386e-03,4.897187e-03,1.000000e-02,0.000000e+00,0.000000e+00
1246,13,16395,1.243550e-03,5.059028e-03,1.089000e-02,0.000000e+00,0.000000e+00
1247,13,16408,1.377807e-03,4.934928e-03,1.139133e-02,0.000000e+00,0.000000e+00
HIST {'total_samples': 1326287, 'floor_samples': 0, 'floor_fraction': 0.0, 'saturation_depth': 0.0, 'boundaries': 1248, 'capped_boundaries': 0, 'unfinished_worlds': 0}
1248,11,16419,1.069420e-03,4.981886e-03,1.317690e-02,0.000000e+00,0.000000e+00
1249,11,16430,1.345117e-03,4.858484e-03,1.000000e-02,0.000000e+00,0.000000e+00
1250,10,16440,1.478705e-03,5.009104e-03,1.127459e-02,0.000000e+00,0.000000e+00
1251,13,16453,1.025766e-03,4.996232e-03,9.489491e-03,0.000000e+00,0.000000e+00
1252,17,16470,7.623030e-04,5.033781e-03,1.120271e-02,0.000000e+00,0.000000e+00
1253,16,16486,1.135099e-03,4.953458e-03,1.000000e-02,0.000000e+00,0.000000e+00
1254,12,16498,1.281697e-03,4.961262e-03,9.623948e-03,0.000000e+00,0.000000e+00
1255,12,16510,9.019769e-04,4.951205e-03,9.623948e-03,0.000000e+00,0.000000e+00
1256,17,16527,1.005943e-03,4.928520e-03,1.065967e-02,0.000000e+00,0.000000e+00
1257,11,16538,1.430102e-03,4.952270e-03,1.000000e-02,0.000000e+00,0.000000e+00
1258,13,16551,7.830602e-04,5.042613e-03,1.167229e-02,0.000000e+00,0.000000e+00
1259,20,16571,5.177010e-04,4.929888e-03,9.656819e-03,0.000000e+00,0.000000e+00
1260,15,16586,1.289493e-03,5.007207e-03,1.147318e-02,0.000000e+00,0.000000e+00
1261,13,16599,8.832517e-04,4.875873e-03,1.000000e-02,0.000000e+00,0.000000e+00
1262,10,16609,1.259528e-03,4.936376e-03,1.002073e-02,0.000000e+00,0.000000e+00
1263,12,16621,1.044734e-03,4.861074e-03,1.104316e-02,0.000000e+00,0.000000e+00
1264,13,16634,1.050752e-03,5.014575e-03,1.240843e-02,0.000000e+00,0.000000e+00
1265,16,16650,1.086025e-03,4.948116e-03,1.214183e-02,0.000000e+00,0.000000e+00
1266,13,16663,8.638368e-04,5.065208e-03,1.068468e-02,0.000000e+00,0.000000e+00
1267,14,16677,8.277645e-04,4.944652e-03,1.162696e-02,0.000000e+00,0.000000e+00
1268,11,16688,1.202580e-03,5.000359e-03,1.278965e-02,0.000000e+00,0.000000e+00
1269,12,16700,1.389988e-03,4.917071e-03,9.543352e-03,0.000000e+00,0.000000e+00
1270,14,16714,8.329095e-04,5.080877e-03,1.089572e-02,0.000000e+00,0.000000e+00
1271,16,16730,9.921994e-04,4.972666e-03,1.197900e-02,0.000000e+00,0.000000e+00
1272,12,16742,1.048682e-03,5.251638e-03,1.359443e-02,0.000000e+00,0.000000e+00
1273,12,16754,1.099203e-03,5.024945e-03,1.000000e-02,0.000000e+00,0.000000e+00
1274,12,16766,1.254841e-03,5.137290e-03,1.120717e-02,0.000000e+00,0.000000e+00
1275,17,16783,1.316758e-03,4.986219e-03,1.232789e-02,0.000000e+00,0.000000e+00
1276,11,16794,1.201526e-03,5.167383e-03,1.224008e-02,0.000000e+00,0.000000e+00
1277,17,16811,1.152912e-03,4.997866e-03,1.075375e-02,0.000000e+00,0.000000e+00
1278,13,16824,6.205706e-04,5.066034e-03,1.171398e-02,0.000000e+00,0.000000e+00
1279,12,16836,1.070088e-03,4.918466e-03,1.086920e-02,0.000000e+00,0.000000e+00
1280,13,16849,8.264274e-04,5.107920e-03,1.317690e-02,0.000000e+00,0.000000e+00
1281,13,16862,1.023218e-03,4.976517e-03,1.000000e-02,0.000000e+00,0.000000e+00
1282,14,16876,7.980367e-04,4.990749e-03,1.074980e-02,0.000000e+00,0.000000e+00
1283,19,16895,7.374050e-04,4.940276e-03,1.020053e-02,0.000000e+00,0.000000e+00
1284,11,16906,1.156669e-03,4.972293e-03,1.010478e-02,0.000000e+00,0.000000e+00
1285,9,16915,9.604374e-04,4.892901e-03,9.858822e-03,0.000000e+00,0.000000e+00
1286,16,16931,1.176272e-03,5.028750e-03,1.036057e-02,0.000000e+00,0.000000e+00
1287,11,16942,1.204988e-03,5.032804e-03,9.791037e-03,0.000000e+00,0.000000e+00
1288,13,16955,8.467225e-04,5.128604e-03,1.116863e-02,0.000000e+00,0.000000e+00
1289,12,16967,1.072344e-03,5.005685e-03,1.000000e-02,0.000000e+00,0.000000e+00
1290,11,16978,8.690770e-04,5.057061e-03,1.089000e-02,0.000000e+00,0.000000e+00
1291,13,16991,1.123804e-03,4.918325e-03,1.275284e-02,0.000000e+00,0.000000e+00
1292,11,17002,9.183121e-04,4.958245e-03,1.203131e-02,0.000000e+00,0.000000e+00
1293,12,17014,7.073269e-04,4.874697e-03,1.000000e-02,0.000000e+00,0.000000e+00
1294,13,17027,1.079294e-03,4.880093e-03,1.251650e-02,0.000000e+00,0.000000e+00
1295,11,17038,1.047744e-03,4.887817e-03,1.328083e-02,0.000000e+00,0.000000e+00
HIST {'total_samples': 1380802, 'floor_samples': 0, 'floor_fraction': 0.0, 'saturation_depth': 0.0, 'boundaries': 1296, 'capped_boundaries': 0, 'unfinished_worlds': 0}
1296,16,17054,8.702393e-04,4.882111e-03,1.223307e-02,0.000000e+00,0.000000e+00
1297,13,17067,1.080687e-03,4.780900e-03,1.000000e-02,0.000000e+00,0.000000e+00
1298,12,17079,1.211105e-03,4.860009e-03,1.023139e-02,0.000000e+00,0.000000e+00
1299,12,17091,9.493163e-04,4.799359e-03,9.553361e-03,0.000000e+00,0.000000e+00
1300,10,17101,1.092944e-03,4.989015e-03,1.166988e-02,0.000000e+00,0.000000e+00
1301,17,17118,1.037849e-03,4.813183e-03,1.000000e-02,0.000000e+00,0.000000e+00
1302,19,17137,6.975586e-04,4.854769e-03,9.568335e-03,0.000000e+00,0.000000e+00
1303,10,17147,1.141596e-03,4.738713e-03,9.786085e-03,0.000000e+00,0.000000e+00
1304,11,17158,1.595163e-03,5.040121e-03,1.000000e-02,0.000000e+00,0.000000e+00
1305,12,17170,1.474336e-03,4.949239e-03,9.599589e-03,0.000000e+00,0.000000e+00
1306,10,17180,1.365675e-03,4.989934e-03,1.065705e-02,0.000000e+00,0.000000e+00
1307,12,17192,1.161437e-03,4.977238e-03,1.000000e-02,0.000000e+00,0.000000e+00
1308,14,17206,1.305569e-03,4.954988e-03,1.000501e-02,0.000000e+00,0.000000e+00
1309,12,17218,9.900987e-04,4.780833e-03,1.000000e-02,0.000000e+00,0.000000e+00
1310,12,17230,1.150346e-03,4.815340e-03,1.129596e-02,0.000000e+00,0.000000e+00
1311,21,17251,1.033177e-03,4.932789e-03,1.015709e-02,0.000000e+00,0.000000e+00
1312,12,17263,1.083746e-03,4.861682e-03,1.000000e-02,0.000000e+00,0.000000e+00
1313,24,17287,1.008965e-03,4.942221e-03,1.000000e-02,0.000000e+00,0.000000e+00
1314,16,17303,9.667181e-04,5.090226e-03,1.100527e-02,0.000000e+00,0.000000e+00
1315,25,17328,7.212005e-04,4.871223e-03,9.738445e-03,0.000000e+00,0.000000e+00
1316,13,17341,1.257960e-03,4.906015e-03,1.027462e-02,0.000000e+00,0.000000e+00
1317,15,17356,6.865368e-04,4.841030e-03,1.000000e-02,0.000000e+00,0.000000e+00
1318,13,17369,1.203634e-03,4.980279e-03,1.082744e-02,0.000000e+00,0.000000e+00
1319,15,17384,1.008441e-03,4.901114e-03,1.068896e-02,0.000000e+00,0.000000e+00
1320,12,17396,1.439243e-03,4.915646e-03,1.185903e-02,0.000000e+00,0.000000e+00
1321,14,17410,1.042138e-03,4.986372e-03,1.090322e-02,0.000000e+00,0.000000e+00
1322,20,17430,9.331827e-04,5.158312e-03,1.292456e-02,0.000000e+00,0.000000e+00
1323,12,17442,1.110624e-03,5.067509e-03,1.107874e-02,0.000000e+00,0.000000e+00
1324,14,17456,1.278007e-03,4.984210e-03,1.091610e-02,0.000000e+00,0.000000e+00
1325,10,17466,1.289775e-03,4.972526e-03,1.195688e-02,0.000000e+00,0.000000e+00
1326,11,17477,1.054821e-03,5.004555e-03,1.230685e-02,0.000000e+00,0.000000e+00
1327,13,17490,1.043033e-03,4.991339e-03,1.027456e-02,0.000000e+00,0.000000e+00
1328,17,17507,9.632715e-04,4.972417e-03,1.000000e-02,0.000000e+00,0.000000e+00
1329,13,17520,1.117860e-03,4.852309e-03,9.872650e-03,0.000000e+00,0.000000e+00
1330,13,17533,8.461518e-04,5.044519e-03,1.230395e-02,0.000000e+00,0.000000e+00
1331,12,17545,8.036676e-04,4.926016e-03,1.036594e-02,0.000000e+00,0.000000e+00
1332,12,17557,9.472545e-04,4.944589e-03,1.171075e-02,0.000000e+00,0.000000e+00
1333,12,17569,1.258184e-03,4.917790e-03,1.000000e-02,0.000000e+00,0.000000e+00
1334,10,17579,1.093032e-03,5.055215e-03,1.355095e-02,0.000000e+00,0.000000e+00
1335,12,17591,1.223096e-03,4.854457e-03,1.000000e-02,0.000000e+00,0.000000e+00
1336,11,17602,1.018795e-03,5.011864e-03,1.193260e-02,0.000000e+00,0.000000e+00
1337,12,17614,1.258128e-03,4.963947e-03,1.084801e-02,0.000000e+00,0.000000e+00
1338,12,17626,1.285852e-03,4.882995e-03,1.000000e-02,0.000000e+00,0.000000e+00
1339,12,17638,1.562626e-03,4.924915e-03,9.299569e-03,0.000000e+00,0.000000e+00
1340,13,17651,1.125941e-03,4.934398e-03,1.317690e-02,0.000000e+00,0.000000e+00
1341,13,17664,1.461882e-03,5.021173e-03,1.068554e-02,0.000000e+00,0.000000e+00
1342,9,17673,1.141732e-03,5.047526e-03,1.254319e-02,0.000000e+00,0.000000e+00
1343,16,17689,1.087435e-03,4.968859e-03,1.221392e-02,0.000000e+00,0.000000e+00
HIST {'total_samples': 1435445, 'floor_samples': 0, 'floor_fraction': 0.0, 'saturation_depth': 0.0, 'boundaries': 1344, 'capped_boundaries': 0, 'unfinished_worlds': 0}
1344,11,17700,1.227974e-03,4.860343e-03,1.166001e-02,0.000000e+00,0.000000e+00
1345,13,17713,1.341489e-03,4.761548e-03,1.028651e-02,0.000000e+00,0.000000e+00
1346,14,17727,1.144025e-03,4.835889e-03,1.149014e-02,0.000000e+00,0.000000e+00
1347,11,17738,1.303393e-03,4.982823e-03,1.135136e-02,0.000000e+00,0.000000e+00
1348,12,17750,9.774701e-04,4.969928e-03,1.197900e-02,0.000000e+00,0.000000e+00
1349,14,17764,8.706271e-04,4.860355e-03,1.023278e-02,0.000000e+00,0.000000e+00
1350,12,17776,1.116646e-03,4.850186e-03,1.191024e-02,0.000000e+00,0.000000e+00
1351,15,17791,9.730745e-04,4.924909e-03,1.000000e-02,0.000000e+00,0.000000e+00
1352,20,17811,9.554656e-04,4.932895e-03,1.291171e-02,0.000000e+00,0.000000e+00
1353,13,17824,1.111298e-03,4.899717e-03,1.030675e-02,0.000000e+00,0.000000e+00
1354,23,17847,6.178239e-04,4.868511e-03,1.537870e-02,0.000000e+00,0.000000e+00
1355,17,17864,8.087917e-04,4.741206e-03,1.483488e-02,0.000000e+00,0.000000e+00
1356,14,17878,1.251442e-03,4.745484e-03,1.000000e-02,0.000000e+00,0.000000e+00
1357,11,17889,1.175574e-03,4.935654e-03,1.000000e-02,0.000000e+00,0.000000e+00
1358,12,17901,1.094737e-03,5.034610e-03,1.629174e-02,0.000000e+00,0.000000e+00
1359,13,17914,1.323971e-03,4.900872e-03,1.212189e-02,0.000000e+00,0.000000e+00
1360,13,17927,7.579215e-04,4.876315e-03,1.044855e-02,0.000000e+00,0.000000e+00
1361,14,17941,1.154343e-03,4.819785e-03,1.000000e-02,0.000000e+00,0.000000e+00
1362,12,17953,1.359093e-03,4.908263e-03,1.067003e-02,0.000000e+00,0.000000e+00
1363,16,17969,7.992683e-04,4.772053e-03,1.000000e-02,0.000000e+00,0.000000e+00
1364,13,17982,7.992683e-04,5.000238e-03,1.012320e-02,0.000000e+00,0.000000e+00
1365,15,17997,1.025115e-03,4.899837e-03,1.045679e-02,0.000000e+00,0.000000e+00
1366,13,18010,1.038406e-03,4.864038e-03,1.150247e-02,0.000000e+00,0.000000e+00
1367,14,18024,8.666164e-04,4.807663e-03,1.000000e-02,0.000000e+00,0.000000e+00
1368,15,18039,9.247196e-04,4.939896e-03,1.111100e-02,0.000000e+00,0.000000e+00
1369,11,18050,1.216542e-03,4.870106e-03,1.014597e-02,0.000000e+00,0.000000e+00
1370,13,18063,1.157184e-03,4.998228e-03,1.089000e-02,0.000000e+00,0.000000e+00
1371,15,18078,1.202774e-03,5.021601e-03,1.104112e-02,0.000000e+00,0.000000e+00
1372,14,18092,6.900136e-04,4.955074e-03,1.048798e-02,0.000000e+00,0.000000e+00
1373,15,18107,1.016193e-03,4.870053e-03,1.039682e-02,0.000000e+00,0.000000e+00
1374,16,18123,1.089869e-03,4.910037e-03,1.143650e-02,0.000000e+00,0.000000e+00
1375,17,18140,9.248230e-04,4.826043e-03,1.317690e-02,0.000000e+00,0.000000e+00
1376,12,18152,1.118355e-03,4.944211e-03,1.019278e-02,0.000000e+00,0.000000e+00
1377,13,18165,1.357399e-03,4.851092e-03,1.131017e-02,0.000000e+00,0.000000e+00
1378,14,18179,1.423022e-03,4.775372e-03,1.099929e-02,0.000000e+00,0.000000e+00
1379,10,18189,1.268209e-03,4.807542e-03,9.499350e-03,0.000000e+00,0.000000e+00
1380,11,18200,9.811904e-04,4.965312e-03,1.047407e-02,0.000000e+00,0.000000e+00
1381,12,18212,1.065756e-03,4.931331e-03,1.000000e-02,0.000000e+00,0.000000e+00
1382,13,18225,9.558878e-04,4.949567e-03,1.062974e-02,0.000000e+00,0.000000e+00
1383,13,18238,1.033909e-03,4.934943e-03,1.000000e-02,0.000000e+00,0.000000e+00
1384,12,18250,1.140114e-03,4.982004e-03,1.441166e-02,0.000000e+00,0.000000e+00
1385,13,18263,1.135700e-03,4.910800e-03,1.243958e-02,0.000000e+00,0.000000e+00
1386,15,18278,1.051008e-03,4.983273e-03,1.629174e-02,0.000000e+00,0.000000e+00
1387,13,18291,1.050076e-03,4.784641e-03,1.000000e-02,0.000000e+00,0.000000e+00
1388,11,18302,8.757883e-04,4.865485e-03,1.043281e-02,0.000000e+00,0.000000e+00
1389,16,18318,8.645843e-04,4.926370e-03,9.798726e-03,0.000000e+00,0.000000e+00
1390,14,18332,1.149829e-03,4.924725e-03,1.000000e-02,0.000000e+00,0.000000e+00
1391,12,18344,1.162987e-03,4.924763e-03,1.038971e-02,0.000000e+00,0.000000e+00
HIST {'total_samples': 1490149, 'floor_samples': 0, 'floor_fraction': 0.0, 'saturation_depth': 0.0, 'boundaries': 1392, 'capped_boundaries': 0, 'unfinished_worlds': 0}
1392,10,18354,8.867794e-04,4.982238e-03,1.088876e-02,0.000000e+00,0.000000e+00
1393,12,18366,1.068245e-03,4.947687e-03,1.010516e-02,0.000000e+00,0.000000e+00
1394,12,18378,1.149314e-03,4.964745e-03,1.111551e-02,0.000000e+00,0.000000e+00
1395,12,18390,9.953153e-04,4.928194e-03,1.197900e-02,0.000000e+00,0.000000e+00
1396,12,18402,9.244100e-04,5.047476e-03,1.017077e-02,0.000000e+00,0.000000e+00
1397,12,18414,1.494950e-03,5.058120e-03,1.012316e-02,0.000000e+00,0.000000e+00
1398,12,18426,6.564170e-04,4.986531e-03,9.614621e-03,0.000000e+00,0.000000e+00
1399,11,18437,1.316803e-03,4.918057e-03,9.469011e-03,0.000000e+00,0.000000e+00
1400,14,18451,9.266156e-04,4.964242e-03,1.000000e-02,0.000000e+00,0.000000e+00
1401,12,18463,1.026022e-03,4.982067e-03,9.804526e-03,0.000000e+00,0.000000e+00
1402,10,18473,1.087867e-03,5.027291e-03,1.107220e-02,0.000000e+00,0.000000e+00
1403,13,18486,1.054657e-03,5.095591e-03,1.000000e-02,0.000000e+00,0.000000e+00
1404,13,18499,9.153514e-04,5.160349e-03,1.274358e-02,0.000000e+00,0.000000e+00
1405,12,18511,1.175328e-03,5.169914e-03,1.000000e-02,0.000000e+00,0.000000e+00
1406,16,18527,1.021415e-03,5.020886e-03,1.000000e-02,0.000000e+00,0.000000e+00
1407,14,18541,1.193642e-03,4.888977e-03,1.000000e-02,0.000000e+00,0.000000e+00
1408,13,18554,1.208672e-03,4.957135e-03,1.123992e-02,0.000000e+00,0.000000e+00
1409,12,18566,1.281999e-03,4.848535e-03,1.142965e-02,0.000000e+00,0.000000e+00
1410,16,18582,8.196227e-04,5.069518e-03,1.159268e-02,0.000000e+00,0.000000e+00
1411,13,18595,1.213680e-03,4.901479e-03,1.000000e-02,0.000000e+00,0.000000e+00
1412,17,18612,1.004490e-03,4.996569e-03,1.089000e-02,0.000000e+00,0.000000e+00
1413,12,18624,1.344089e-03,4.889238e-03,1.000000e-02,0.000000e+00,0.000000e+00
1414,19,18643,1.032235e-03,5.041498e-03,1.059791e-02,0.000000e+00,0.000000e+00
1415,13,18656,1.187566e-03,4.982295e-03,1.042560e-02,0.000000e+00,0.000000e+00
1416,12,18668,1.245092e-03,5.055098e-03,1.025165e-02,0.000000e+00,0.000000e+00
1417,11,18679,1.236446e-03,4.956720e-03,1.000000e-02,0.000000e+00,0.000000e+00
1418,13,18692,1.088555e-03,4.951123e-03,1.089000e-02,0.000000e+00,0.000000e+00
1419,12,18704,1.091138e-03,4.913873e-03,1.197900e-02,0.000000e+00,0.000000e+00
1420,12,18716,1.269579e-03,4.997431e-03,1.052298e-02,0.000000e+00,0.000000e+00
1421,12,18728,1.043127e-03,4.933870e-03,9.547505e-03,0.000000e+00,0.000000e+00
1422,12,18740,1.147001e-03,4.954652e-03,1.162088e-02,0.000000e+00,0.000000e+00
1423,14,18754,9.480567e-04,4.834018e-03,9.283915e-03,0.000000e+00,0.000000e+00
1424,14,18768,7.968454e-04,4.833123e-03,1.169370e-02,0.000000e+00,0.000000e+00
1425,15,18783,7.242543e-04,4.700575e-03,1.000000e-02,0.000000e+00,0.000000e+00
1426,16,18799,1.150662e-03,4.953431e-03,1.180606e-02,0.000000e+00,0.000000e+00
1427,13,18812,9.683434e-04,4.910114e-03,1.000000e-02,0.000000e+00,0.000000e+00
1428,20,18832,9.025707e-04,4.882775e-03,1.000000e-02,0.000000e+00,0.000000e+00
1429,11,18843,1.123554e-03,4.884845e-03,1.277320e-02,0.000000e+00,0.000000e+00
1430,14,18857,1.146200e-03,4.991475e-03,1.235172e-02,0.000000e+00,0.000000e+00
1431,10,18867,1.255441e-03,5.003091e-03,1.000000e-02,0.000000e+00,0.000000e+00
1432,11,18878,1.402380e-03,5.004331e-03,1.031263e-02,0.000000e+00,0.000000e+00
1433,12,18890,1.800229e-03,4.979713e-03,1.000000e-02,0.000000e+00,0.000000e+00
1434,14,18904,1.377008e-03,5.063716e-03,1.223647e-02,0.000000e+00,0.000000e+00
1435,11,18915,1.203677e-03,5.027067e-03,1.000000e-02,0.000000e+00,0.000000e+00
1436,13,18928,1.065077e-03,4.996545e-03,1.357288e-02,0.000000e+00,0.000000e+00
1437,16,18944,1.292270e-03,5.000124e-03,1.106545e-02,0.000000e+00,0.000000e+00
1438,12,18956,9.159704e-04,5.109559e-03,1.229620e-02,0.000000e+00,0.000000e+00
1439,10,18966,1.128054e-03,5.087460e-03,1.080493e-02,0.000000e+00,0.000000e+00
HIST {'total_samples': 1543734, 'floor_samples': 0, 'floor_fraction': 0.0, 'saturation_depth': 0.0, 'boundaries': 1440, 'capped_boundaries': 0, 'unfinished_worlds': 0}
1440,11,18977,1.258750e-03,5.309231e-03,1.034378e-02,0.000000e+00,0.000000e+00
1441,12,18989,9.818973e-04,5.123289e-03,9.978062e-03,0.000000e+00,0.000000e+00
1442,14,19003,1.090244e-03,5.149814e-03,9.978062e-03,0.000000e+00,0.000000e+00
1443,20,19023,1.303994e-03,5.198975e-03,9.232839e-03,0.000000e+00,0.000000e+00
1444,11,19034,1.123472e-03,5.206275e-03,1.232975e-02,0.000000e+00,0.000000e+00
1445,14,19048,9.872436e-04,5.052887e-03,1.000000e-02,0.000000e+00,0.000000e+00
1446,11,19059,1.073638e-03,5.095873e-03,1.000000e-02,0.000000e+00,0.000000e+00
1447,10,19069,1.337830e-03,5.028284e-03,1.000000e-02,0.000000e+00,0.000000e+00
1448,10,19079,1.527968e-03,5.285317e-03,1.121166e-02,0.000000e+00,0.000000e+00
1449,11,19090,1.361245e-03,5.171246e-03,1.100069e-02,0.000000e+00,0.000000e+00
1450,14,19104,1.154202e-03,5.145685e-03,1.089000e-02,0.000000e+00,0.000000e+00
1451,11,19115,1.214374e-03,5.125693e-03,1.255746e-02,0.000000e+00,0.000000e+00
1452,11,19126,1.190456e-03,5.226562e-03,1.473094e-02,0.000000e+00,0.000000e+00
1453,11,19137,1.116271e-03,5.138746e-03,1.011277e-02,0.000000e+00,0.000000e+00
1454,20,19157,5.771292e-04,5.157863e-03,1.370040e-02,0.000000e+00,0.000000e+00
1455,12,19169,9.839500e-04,4.952876e-03,1.000000e-02,0.000000e+00,0.000000e+00
1456,14,19183,7.295101e-04,5.200352e-03,1.317690e-02,0.000000e+00,0.000000e+00
1457,12,19195,1.181041e-03,5.184160e-03,1.027818e-02,0.000000e+00,0.000000e+00
1458,10,19205,1.656635e-03,5.141745e-03,1.143279e-02,0.000000e+00,0.000000e+00
1459,11,19216,1.276866e-03,5.078597e-03,1.250719e-02,0.000000e+00,0.000000e+00
1460,12,19228,1.635532e-03,5.062223e-03,1.317690e-02,0.000000e+00,0.000000e+00
1461,12,19240,1.170327e-03,5.131972e-03,1.449459e-02,0.000000e+00,0.000000e+00
1462,12,19252,1.487555e-03,5.215555e-03,1.488923e-02,0.000000e+00,0.000000e+00
1463,16,19268,1.249252e-03,5.048743e-03,1.065224e-02,0.000000e+00,0.000000e+00
1464,10,19278,1.242290e-03,5.281971e-03,1.079195e-02,0.000000e+00,0.000000e+00
1465,11,19289,8.479422e-04,5.274822e-03,1.000000e-02,0.000000e+00,0.000000e+00
1466,11,19300,9.504622e-04,5.345703e-03,1.000568e-02,0.000000e+00,0.000000e+00
1467,13,19313,1.454948e-03,5.134978e-03,9.348908e-03,0.000000e+00,0.000000e+00
1468,14,19327,9.111992e-04,5.155282e-03,1.174115e-02,0.000000e+00,0.000000e+00
1469,11,19338,1.256140e-03,5.086240e-03,1.000000e-02,0.000000e+00,0.000000e+00
1470,13,19351,1.038784e-03,5.132431e-03,1.165519e-02,0.000000e+00,0.000000e+00
1471,11,19362,1.218082e-03,4.991917e-03,1.000000e-02,0.000000e+00,0.000000e+00
1472,12,19374,1.084375e-03,5.067349e-03,1.213788e-02,0.000000e+00,0.000000e+00
1473,16,19390,9.997991e-04,4.955358e-03,1.000000e-02,0.000000e+00,0.000000e+00
1474,17,19407,6.277803e-04,5.115260e-03,1.084122e-02,0.000000e+00,0.000000e+00
1475,16,19423,1.337224e-03,5.050055e-03,1.000000e-02,0.000000e+00,0.000000e+00
1476,18,19441,9.599295e-04,5.244933e-03,1.294841e-02,0.000000e+00,0.000000e+00
1477,20,19461,7.510038e-04,5.144406e-03,1.226486e-02,0.000000e+00,0.000000e+00
1478,14,19475,5.848049e-04,5.214504e-03,1.000000e-02,0.000000e+00,0.000000e+00
1479,16,19491,1.041793e-03,5.080487e-03,1.099023e-02,0.000000e+00,0.000000e+00
1480,12,19503,1.313221e-03,5.194180e-03,1.039365e-02,0.000000e+00,0.000000e+00
1481,11,19514,1.457657e-03,5.040536e-03,1.027741e-02,0.000000e+00,0.000000e+00
1482,11,19525,1.092983e-03,5.205709e-03,1.237308e-02,0.000000e+00,0.000000e+00
1483,14,19539,1.254568e-03,5.106499e-03,1.000000e-02,0.000000e+00,0.000000e+00
1484,10,19549,1.464675e-03,5.141833e-03,1.317690e-02,0.000000e+00,0.000000e+00
1485,13,19562,9.749829e-04,5.012519e-03,1.000000e-02,0.000000e+00,0.000000e+00
1486,12,19574,9.898968e-04,5.120074e-03,1.689337e-02,0.000000e+00,0.000000e+00
1487,11,19585,9.163184e-04,5.020093e-03,1.171326e-02,0.000000e+00,0.000000e+00
HIST {'total_samples': 1596142, 'floor_samples': 0, 'floor_fraction': 0.0, 'saturation_depth': 0.0, 'boundaries': 1488, 'capped_boundaries': 0, 'unfinished_worlds': 0}
1488,11,19596,1.115410e-03,5.104226e-03,1.046184e-02,0.000000e+00,0.000000e+00
1489,11,19607,1.085963e-03,4.951739e-03,1.000000e-02,0.000000e+00,0.000000e+00
1490,13,19620,9.184730e-04,5.053736e-03,1.776044e-02,0.000000e+00,0.000000e+00
1491,10,19630,1.034939e-03,4.866374e-03,1.000000e-02,0.000000e+00,0.000000e+00
1492,16,19646,1.056808e-03,4.821707e-03,9.863120e-03,0.000000e+00,0.000000e+00
1493,12,19658,9.429543e-04,4.911298e-03,1.116694e-02,0.000000e+00,0.000000e+00
1494,15,19673,9.593759e-04,4.991979e-03,1.089568e-02,0.000000e+00,0.000000e+00
1495,12,19685,1.312966e-03,5.010807e-03,9.556068e-03,0.000000e+00,0.000000e+00
1496,12,19697,1.242721e-03,5.203919e-03,1.180846e-02,0.000000e+00,0.000000e+00
1497,15,19712,9.868598e-04,5.109855e-03,1.204037e-02,0.000000e+00,0.000000e+00
1498,14,19726,8.328540e-04,5.003546e-03,1.066781e-02,0.000000e+00,0.000000e+00
1499,18,19744,8.937059e-04,4.859358e-03,9.562410e-03,0.000000e+00,0.000000e+00
1500,13,19757,1.201379e-03,4.884942e-03,9.897453e-03,0.000000e+00,0.000000e+00
1501,14,19771,1.023840e-03,4.705985e-03,9.913394e-03,0.000000e+00,0.000000e+00
1502,14,19785,1.185792e-03,4.875103e-03,1.000000e-02,0.000000e+00,0.000000e+00
1503,12,19797,1.199377e-03,4.884127e-03,1.012591e-02,0.000000e+00,0.000000e+00
1504,11,19808,1.597165e-03,4.953942e-03,1.207846e-02,0.000000e+00,0.000000e+00
1505,14,19822,1.049939e-03,4.830661e-03,1.000000e-02,0.000000e+00,0.000000e+00
1506,21,19843,1.058395e-03,4.857740e-03,1.405989e-02,0.000000e+00,0.000000e+00
1507,17,19860,8.020278e-04,4.773776e-03,1.000000e-02,0.000000e+00,0.000000e+00
1508,13,19873,1.391285e-03,4.936341e-03,9.351066e-03,0.000000e+00,0.000000e+00
1509,13,19886,8.255533e-04,4.863509e-03,1.001610e-02,0.000000e+00,0.000000e+00
1510,12,19898,1.087337e-03,4.884875e-03,1.124633e-02,0.000000e+00,0.000000e+00
1511,17,19915,9.008439e-04,4.811429e-03,1.000000e-02,0.000000e+00,0.000000e+00
1512,10,19925,1.359571e-03,4.896723e-03,1.089000e-02,0.000000e+00,0.000000e+00
1513,12,19937,1.086310e-03,4.836632e-03,1.000000e-02,0.000000e+00,0.000000e+00
1514,16,19953,9.954290e-04,4.999442e-03,1.091337e-02,0.000000e+00,0.000000e+00
1515,11,19964,1.237736e-03,4.948534e-03,1.000000e-02,0.000000e+00,0.000000e+00
1516,9,19973,9.554162e-04,4.905399e-03,1.000000e-02,0.000000e+00,0.000000e+00
1517,11,19984,1.374455e-03,4.828269e-03,9.506845e-03,0.000000e+00,0.000000e+00
1518,13,19997,8.654550e-04,4.900287e-03,1.046568e-02,0.000000e+00,0.000000e+00
1519,12,20009,8.771950e-04,4.787630e-03,1.000000e-02,0.000000e+00,0.000000e+00
1520,13,20022,1.023225e-03,4.801200e-03,1.068111e-02,0.000000e+00,0.000000e+00
1521,16,20038,9.239892e-04,4.790099e-03,9.533427e-03,0.000000e+00,0.000000e+00
1522,15,20053,9.371779e-04,4.853115e-03,1.000100e-02,0.000000e+00,0.000000e+00
1523,12,20065,9.305670e-04,4.794832e-03,9.301275e-03,0.000000e+00,0.000000e+00
1524,13,20078,8.655328e-04,4.892156e-03,1.089000e-02,0.000000e+00,0.000000e+00
1525,14,20092,1.331493e-03,4.947969e-03,1.000000e-02,0.000000e+00,0.000000e+00
1526,13,20105,1.282550e-03,4.993510e-03,1.212756e-02,0.000000e+00,0.000000e+00
1527,19,20124,9.203275e-04,4.692359e-03,1.000000e-02,0.000000e+00,0.000000e+00
1528,20,20144,1.000072e-03,5.004236e-03,1.000000e-02,0.000000e+00,0.000000e+00
1529,16,20160,4.117101e-04,4.861334e-03,1.000000e-02,0.000000e+00,0.000000e+00
1530,14,20174,8.935702e-04,5.006602e-03,1.097362e-02,0.000000e+00,0.000000e+00
1531,13,20187,1.235679e-03,4.913225e-03,1.000000e-02,0.000000e+00,0.000000e+00
1532,10,20197,1.424443e-03,4.884577e-03,1.000000e-02,0.000000e+00,0.000000e+00
1533,13,20210,1.413784e-03,4.862229e-03,9.274364e-03,0.000000e+00,0.000000e+00
1534,14,20224,1.512867e-03,4.980387e-03,1.142222e-02,0.000000e+00,0.000000e+00
1535,11,20235,1.293667e-03,4.934662e-03,1.000000e-02,0.000000e+00,0.000000e+00
HIST {'total_samples': 1650808, 'floor_samples': 0, 'floor_fraction': 0.0, 'saturation_depth': 0.0, 'boundaries': 1536, 'capped_boundaries': 0, 'unfinished_worlds': 0}
1536,11,20246,1.336066e-03,4.837049e-03,1.000000e-02,0.000000e+00,0.000000e+00
1537,11,20257,1.417166e-03,4.819757e-03,1.055529e-02,0.000000e+00,0.000000e+00
1538,11,20268,1.213036e-03,4.828913e-03,1.000000e-02,0.000000e+00,0.000000e+00
1539,12,20280,1.041544e-03,4.826522e-03,9.293446e-03,0.000000e+00,0.000000e+00
1540,11,20291,1.463633e-03,5.021940e-03,1.106033e-02,0.000000e+00,0.000000e+00
1541,12,20303,1.137692e-03,5.045346e-03,9.912097e-03,0.000000e+00,0.000000e+00
1542,16,20319,8.531785e-04,4.917872e-03,1.089000e-02,0.000000e+00,0.000000e+00
1543,14,20333,1.033995e-03,4.899587e-03,1.033645e-02,0.000000e+00,0.000000e+00
1544,13,20346,9.902066e-04,5.047571e-03,1.193087e-02,0.000000e+00,0.000000e+00
1545,15,20361,1.028298e-03,4.943009e-03,1.336209e-02,0.000000e+00,0.000000e+00
1546,10,20371,1.139127e-03,4.994623e-03,1.000000e-02,0.000000e+00,0.000000e+00
1547,13,20384,7.786750e-04,4.855565e-03,1.145332e-02,0.000000e+00,0.000000e+00
1548,12,20396,9.242986e-04,4.876237e-03,1.057906e-02,0.000000e+00,0.000000e+00
1549,11,20407,8.334350e-04,4.930903e-03,1.000000e-02,0.000000e+00,0.000000e+00
1550,13,20420,1.375859e-03,5.024273e-03,9.328551e-03,0.000000e+00,0.000000e+00
1551,12,20432,1.150754e-03,4.994546e-03,9.447800e-03,0.000000e+00,0.000000e+00
1552,13,20445,1.198535e-03,4.949252e-03,1.015879e-02,0.000000e+00,0.000000e+00
1553,11,20456,1.491136e-03,4.949911e-03,1.413597e-02,0.000000e+00,0.000000e+00
1554,10,20466,1.451559e-03,4.938599e-03,1.333756e-02,0.000000e+00,0.000000e+00
1555,11,20477,1.217880e-03,4.853540e-03,1.038800e-02,0.000000e+00,0.000000e+00
1556,15,20492,1.270318e-03,4.774980e-03,1.103550e-02,0.000000e+00,0.000000e+00
1557,13,20505,1.148114e-03,4.806142e-03,9.500957e-03,0.000000e+00,0.000000e+00
1558,10,20515,1.430628e-03,4.887188e-03,9.296652e-03,0.000000e+00,0.000000e+00
1559,10,20525,1.212695e-03,4.888509e-03,8.841305e-03,0.000000e+00,0.000000e+00
1560,14,20539,9.932318e-04,5.091329e-03,1.012405e-02,0.000000e+00,0.000000e+00
1561,15,20554,1.103644e-03,5.010350e-03,1.000000e-02,0.000000e+00,0.000000e+00
1562,12,20566,1.195242e-03,5.019913e-03,1.031232e-02,0.000000e+00,0.000000e+00
1563,10,20576,1.219869e-03,4.910543e-03,1.134355e-02,0.000000e+00,0.000000e+00
1564,11,20587,1.423645e-03,5.021950e-03,1.047330e-02,0.000000e+00,0.000000e+00
1565,13,20600,1.592000e-03,4.993537e-03,1.000000e-02,0.000000e+00,0.000000e+00
1566,11,20611,1.528886e-03,4.959855e-03,1.000000e-02,0.000000e+00,0.000000e+00
1567,11,20622,1.209109e-03,4.926653e-03,1.036820e-02,0.000000e+00,0.000000e+00
1568,19,20641,8.093219e-04,5.068131e-03,1.122717e-02,0.000000e+00,0.000000e+00
1569,15,20656,7.503667e-04,5.147649e-03,1.089000e-02,0.000000e+00,0.000000e+00
1570,21,20677,6.090125e-04,5.100329e-03,1.077835e-02,0.000000e+00,0.000000e+00
1571,22,20699,1.279474e-03,4.948488e-03,1.316571e-02,0.000000e+00,0.000000e+00
1572,13,20712,1.376924e-03,4.998642e-03,1.070625e-02,0.000000e+00,0.000000e+00
1573,11,20723,1.087982e-03,4.955587e-03,1.000000e-02,0.000000e+00,0.000000e+00
1574,13,20736,1.166631e-03,5.099563e-03,1.693905e-02,0.000000e+00,0.000000e+00
1575,14,20750,9.948576e-04,4.961971e-03,1.000000e-02,0.000000e+00,0.000000e+00
1576,12,20762,1.280145e-03,4.994166e-03,1.374982e-02,0.000000e+00,0.000000e+00
1577,16,20778,4.501037e-04,4.810248e-03,1.000000e-02,0.000000e+00,0.000000e+00
1578,14,20792,9.885291e-04,4.932385e-03,1.089000e-02,0.000000e+00,0.000000e+00
1579,14,20806,1.129195e-03,4.993376e-03,1.197900e-02,0.000000e+00,0.000000e+00
1580,11,20817,1.397159e-03,4.996315e-03,1.317690e-02,0.000000e+00,0.000000e+00
1581,14,20831,1.026406e-03,5.004627e-03,1.000000e-02,0.000000e+00,0.000000e+00
1582,11,20842,1.192347e-03,5.035331e-03,9.698529e-03,0.000000e+00,0.000000e+00
1583,15,20857,6.085035e-04,4.913263e-03,9.417675e-03,0.000000e+00,0.000000e+00
HIST {'total_samples': 1704736, 'floor_samples': 0, 'floor_fraction': 0.0, 'saturation_depth': 0.0, 'boundaries': 1584, 'capped_boundaries': 0, 'unfinished_worlds': 0}
1584,13,20870,1.199421e-03,5.044162e-03,1.000000e-02,0.000000e+00,0.000000e+00
1585,11,20881,9.217560e-04,4.953629e-03,9.918431e-03,0.000000e+00,0.000000e+00
1586,14,20895,1.192343e-03,5.111194e-03,1.000000e-02,0.000000e+00,0.000000e+00
1587,12,20907,9.157945e-04,4.998159e-03,9.929213e-03,0.000000e+00,0.000000e+00
1588,12,20919,1.198716e-03,5.018237e-03,9.285490e-03,0.000000e+00,0.000000e+00
1589,11,20930,1.175258e-03,4.687479e-03,8.781643e-03,0.000000e+00,0.000000e+00
1590,10,20940,1.215034e-03,4.906780e-03,1.028284e-02,0.000000e+00,0.000000e+00
1591,15,20955,8.925500e-04,4.871227e-03,1.009158e-02,0.000000e+00,0.000000e+00
1592,16,20971,8.658224e-04,5.023774e-03,1.025514e-02,0.000000e+00,0.000000e+00
1593,12,20983,1.111928e-03,5.081345e-03,1.232720e-02,0.000000e+00,0.000000e+00
1594,12,20995,9.964939e-04,5.026418e-03,1.335423e-02,0.000000e+00,0.000000e+00
1595,11,21006,1.251143e-03,5.063334e-03,1.000000e-02,0.000000e+00,0.000000e+00
1596,13,21019,1.272912e-03,5.148130e-03,1.098278e-02,0.000000e+00,0.000000e+00
1597,10,21029,1.041658e-03,5.010794e-03,1.041354e-02,0.000000e+00,0.000000e+00
1598,13,21042,8.699772e-04,5.066279e-03,1.002730e-02,0.000000e+00,0.000000e+00
1599,12,21054,1.600782e-03,5.001130e-03,9.735934e-03,0.000000e+00,0.000000e+00
1600,14,21068,1.222614e-03,5.119085e-03,1.089000e-02,0.000000e+00,0.000000e+00
1601,12,21080,1.235182e-03,4.861465e-03,9.871352e-03,0.000000e+00,0.000000e+00
1602,13,21093,1.242037e-03,4.970730e-03,1.131067e-02,0.000000e+00,0.000000e+00
1603,13,21106,1.136861e-03,4.957539e-03,1.081183e-02,0.000000e+00,0.000000e+00
1604,11,21117,1.785925e-03,5.068567e-03,1.075146e-02,0.000000e+00,0.000000e+00
1605,15,21132,1.048420e-03,5.057957e-03,1.000000e-02,0.000000e+00,0.000000e+00
1606,15,21147,9.425508e-04,5.039176e-03,1.271863e-02,0.000000e+00,0.000000e+00
1607,12,21159,9.942031e-04,5.098633e-03,1.267869e-02,0.000000e+00,0.000000e+00
1608,12,21171,1.185837e-03,5.037758e-03,1.270417e-02,0.000000e+00,0.000000e+00
1609,12,21183,9.778469e-04,4.877364e-03,1.033075e-02,0.000000e+00,0.000000e+00
1610,15,21198,1.053677e-03,4.862830e-03,1.000000e-02,0.000000e+00,0.000000e+00
1611,12,21210,1.364036e-03,4.818400e-03,9.354676e-03,0.000000e+00,0.000000e+00
1612,11,21221,1.296509e-03,4.834024e-03,1.256977e-02,0.000000e+00,0.000000e+00
1613,19,21240,9.621162e-04,4.966302e-03,1.000000e-02,0.000000e+00,0.000000e+00
1614,14,21254,1.005196e-03,5.019035e-03,1.052959e-02,0.000000e+00,0.000000e+00
1615,13,21267,1.400381e-03,4.991140e-03,1.000000e-02,0.000000e+00,0.000000e+00
1616,10,21277,1.194875e-03,5.032701e-03,1.000000e-02,0.000000e+00,0.000000e+00
1617,11,21288,1.476854e-03,4.923366e-03,9.924694e-03,0.000000e+00,0.000000e+00
1618,12,21300,1.027111e-03,4.964120e-03,1.210701e-02,0.000000e+00,0.000000e+00
1619,16,21316,7.107554e-04,4.977788e-03,1.000000e-02,0.000000e+00,0.000000e+00
1620,13,21329,1.152561e-03,4.959456e-03,1.066452e-02,0.000000e+00,0.000000e+00
1621,12,21341,1.195954e-03,4.881633e-03,1.000000e-02,0.000000e+00,0.000000e+00
1622,13,21354,1.369522e-03,4.854079e-03,1.197015e-02,0.000000e+00,0.000000e+00
1623,11,21365,1.395926e-03,4.894494e-03,9.706005e-03,0.000000e+00,0.000000e+00
1624,11,21376,1.584530e-03,4.976724e-03,1.116109e-02,0.000000e+00,0.000000e+00
1625,13,21389,1.068556e-03,4.829360e-03,1.000000e-02,0.000000e+00,0.000000e+00
1626,12,21401,8.995642e-04,5.000876e-03,1.149705e-02,0.000000e+00,0.000000e+00
1627,13,21414,1.100758e-03,4.955914e-03,1.000000e-02,0.000000e+00,0.000000e+00
1628,12,21426,8.451106e-04,4.917192e-03,1.079008e-02,0.000000e+00,0.000000e+00
1629,12,21438,1.165287e-03,4.831203e-03,1.000000e-02,0.000000e+00,0.000000e+00
1630,11,21449,1.165264e-03,4.907328e-03,1.089000e-02,0.000000e+00,0.000000e+00
1631,10,21459,1.169988e-03,4.852638e-03,1.000000e-02,0.000000e+00,0.000000e+00
HIST {'total_samples': 1758601, 'floor_samples': 0, 'floor_fraction': 0.0, 'saturation_depth': 0.0, 'boundaries': 1632, 'capped_boundaries': 0, 'unfinished_worlds': 0}
1632,12,21471,1.482370e-03,4.968998e-03,1.099106e-02,0.000000e+00,0.000000e+00
1633,11,21482,1.315664e-03,4.843077e-03,1.008215e-02,0.000000e+00,0.000000e+00
1634,11,21493,1.324070e-03,4.984442e-03,1.123553e-02,0.000000e+00,0.000000e+00
1635,15,21508,1.124100e-03,4.995014e-03,1.000000e-02,0.000000e+00,0.000000e+00
1636,12,21520,9.482108e-04,5.120383e-03,1.089000e-02,0.000000e+00,0.000000e+00
1637,12,21532,1.057083e-03,5.103258e-03,1.000000e-02,0.000000e+00,0.000000e+00
1638,13,21545,8.396599e-04,5.076203e-03,1.110633e-02,0.000000e+00,0.000000e+00
1639,13,21558,1.153992e-03,4.880369e-03,1.025898e-02,0.000000e+00,0.000000e+00
1640,10,21568,1.461430e-03,4.997767e-03,1.088679e-02,0.000000e+00,0.000000e+00
1641,11,21579,1.109568e-03,4.864953e-03,1.130017e-02,0.000000e+00,0.000000e+00
1642,11,21590,1.062175e-03,4.957580e-03,1.160224e-02,0.000000e+00,0.000000e+00
1643,11,21601,1.018811e-03,4.831349e-03,1.000000e-02,0.000000e+00,0.000000e+00
1644,12,21613,1.030961e-03,4.985744e-03,1.039376e-02,0.000000e+00,0.000000e+00
1645,9,21622,1.020933e-03,4.903813e-03,1.000000e-02,0.000000e+00,0.000000e+00
1646,11,21633,1.451753e-03,4.875693e-03,1.179739e-02,0.000000e+00,0.000000e+00
1647,12,21645,1.305723e-03,4.906349e-03,1.000000e-02,0.000000e+00,0.000000e+00
1648,11,21656,1.440430e-03,5.186251e-03,1.455921e-02,0.000000e+00,0.000000e+00
1649,17,21673,1.177387e-03,5.087798e-03,1.192976e-02,0.000000e+00,0.000000e+00
1650,15,21688,9.705632e-04,5.118262e-03,1.089000e-02,0.000000e+00,0.000000e+00
1651,20,21708,9.728281e-04,5.069031e-03,1.057096e-02,0.000000e+00,0.000000e+00
1652,10,21718,1.379876e-03,5.156864e-03,1.294921e-02,0.000000e+00,0.000000e+00
1653,12,21730,1.073855e-03,5.142565e-03,1.000000e-02,0.000000e+00,0.000000e+00
1654,14,21744,8.558916e-04,5.146937e-03,1.327215e-02,0.000000e+00,0.000000e+00
1655,23,21767,3.930519e-04,5.038466e-03,1.459937e-02,0.000000e+00,0.000000e+00
1656,12,21779,1.214825e-03,5.107909e-03,1.035606e-02,0.000000e+00,0.000000e+00
1657,11,21790,1.551611e-03,5.082123e-03,1.000000e-02,0.000000e+00,0.000000e+00
1658,10,21800,1.783673e-03,5.154816e-03,1.465444e-02,0.000000e+00,0.000000e+00
1659,10,21810,1.407642e-03,5.053480e-03,1.000000e-02,0.000000e+00,0.000000e+00
1660,12,21822,1.222087e-03,5.095420e-03,1.481869e-02,0.000000e+00,0.000000e+00
1661,10,21832,1.382662e-03,5.059597e-03,1.000000e-02,0.000000e+00,0.000000e+00
1662,10,21842,1.271697e-03,4.998960e-03,1.000000e-02,0.000000e+00,0.000000e+00
1663,17,21859,9.814854e-04,4.943301e-03,1.001300e-02,0.000000e+00,0.000000e+00
1664,17,21876,1.008806e-03,4.884147e-03,1.096923e-02,0.000000e+00,0.000000e+00
1665,14,21890,8.220020e-04,4.922095e-03,1.000000e-02,0.000000e+00,0.000000e+00
1666,11,21901,1.172449e-03,4.958568e-03,1.000000e-02,0.000000e+00,0.000000e+00
1667,15,21916,9.438694e-04,4.872032e-03,9.238957e-03,0.000000e+00,0.000000e+00
1668,14,21930,1.057142e-03,4.904219e-03,1.077538e-02,0.000000e+00,0.000000e+00
1669,10,21940,1.561558e-03,4.947199e-03,1.000000e-02,0.000000e+00,0.000000e+00
1670,12,21952,9.608050e-04,4.992788e-03,1.093475e-02,0.000000e+00,0.000000e+00
1671,11,21963,1.097376e-03,5.025364e-03,1.202822e-02,0.000000e+00,0.000000e+00
1672,20,21983,9.778683e-04,4.905140e-03,1.154591e-02,0.000000e+00,0.000000e+00
1673,14,21997,7.633628e-04,4.789013e-03,1.000000e-02,0.000000e+00,0.000000e+00
1674,16,22013,7.554549e-04,4.951154e-03,1.011739e-02,0.000000e+00,0.000000e+00
1675,11,22024,1.027555e-03,4.667339e-03,1.180854e-02,0.000000e+00,0.000000e+00
1676,13,22037,1.219575e-03,4.929589e-03,1.307624e-02,0.000000e+00,0.000000e+00
1677,13,22050,1.122561e-03,4.915499e-03,1.047962e-02,0.000000e+00,0.000000e+00
1678,11,22061,1.288880e-03,4.950829e-03,1.047921e-02,0.000000e+00,0.000000e+00
1679,12,22073,1.130400e-03,4.840627e-03,1.077709e-02,0.000000e+00,0.000000e+00
HIST {'total_samples': 1813069, 'floor_samples': 0, 'floor_fraction': 0.0, 'saturation_depth': 0.0, 'boundaries': 1680, 'capped_boundaries': 0, 'unfinished_worlds': 0}
1680,17,22090,9.458732e-04,4.947635e-03,1.089000e-02,0.000000e+00,0.000000e+00
1681,13,22103,8.872452e-04,4.869784e-03,1.000000e-02,0.000000e+00,0.000000e+00
1682,15,22118,1.059416e-03,5.053336e-03,1.317690e-02,0.000000e+00,0.000000e+00
1683,14,22132,1.012552e-03,4.962157e-03,1.000000e-02,0.000000e+00,0.000000e+00
1684,12,22144,1.155475e-03,5.032769e-03,1.272951e-02,0.000000e+00,0.000000e+00
1685,11,22155,8.872096e-04,4.926076e-03,1.000000e-02,0.000000e+00,0.000000e+00
1686,11,22166,1.452986e-03,4.974029e-03,1.089000e-02,0.000000e+00,0.000000e+00
1687,14,22180,1.416711e-03,4.836930e-03,1.000000e-02,0.000000e+00,0.000000e+00
1688,13,22193,1.217898e-03,4.931972e-03,1.171074e-02,0.000000e+00,0.000000e+00
1689,11,22204,1.505405e-03,4.973903e-03,1.054706e-02,0.000000e+00,0.000000e+00
1690,18,22222,8.206946e-04,5.028023e-03,1.230442e-02,0.000000e+00,0.000000e+00
1691,35,22257,7.256671e-04,4.915935e-03,1.000000e-02,0.000000e+00,0.000000e+00
1692,26,22283,4.087170e-04,5.030532e-03,1.063997e-02,0.000000e+00,0.000000e+00
1693,14,22297,1.029398e-03,4.999660e-03,1.001734e-02,0.000000e+00,0.000000e+00
1694,15,22312,1.063251e-03,5.078918e-03,1.197900e-02,0.000000e+00,0.000000e+00
1695,12,22324,1.287934e-03,4.997399e-03,1.000000e-02,0.000000e+00,0.000000e+00
1696,11,22335,1.280278e-03,5.159883e-03,1.152102e-02,0.000000e+00,0.000000e+00
1697,15,22350,7.625849e-04,5.036484e-03,1.197900e-02,0.000000e+00,0.000000e+00
1698,14,22364,1.050859e-03,5.220381e-03,1.089000e-02,0.000000e+00,0.000000e+00
1699,11,22375,1.049314e-03,5.237312e-03,1.197900e-02,0.000000e+00,0.000000e+00
1700,12,22387,1.660207e-03,5.232232e-03,1.000000e-02,0.000000e+00,0.000000e+00
1701,14,22401,8.842663e-04,5.033958e-03,1.074441e-02,0.000000e+00,0.000000e+00
1702,11,22412,1.125157e-03,4.991782e-03,1.103296e-02,0.000000e+00,0.000000e+00
1703,12,22424,1.171651e-03,5.016059e-03,1.031460e-02,0.000000e+00,0.000000e+00
1704,12,22436,9.764013e-04,5.038949e-03,1.283480e-02,0.000000e+00,0.000000e+00
1705,11,22447,1.201276e-03,5.008884e-03,9.927007e-03,0.000000e+00,0.000000e+00
1706,16,22463,1.130102e-03,5.101058e-03,1.244081e-02,0.000000e+00,0.000000e+00
1707,19,22482,8.056957e-04,5.034995e-03,1.280417e-02,0.000000e+00,0.000000e+00
1708,12,22494,1.055995e-03,5.098146e-03,1.276530e-02,0.000000e+00,0.000000e+00
1709,12,22506,1.338636e-03,4.935903e-03,1.062340e-02,0.000000e+00,0.000000e+00
1710,14,22520,1.246958e-03,5.065123e-03,1.194327e-02,0.000000e+00,0.000000e+00
1711,15,22535,8.766304e-04,5.020455e-03,9.789983e-03,0.000000e+00,0.000000e+00
1712,13,22548,1.075422e-03,4.981986e-03,1.142229e-02,0.000000e+00,0.000000e+00
1713,14,22562,7.228493e-04,4.859036e-03,1.307000e-02,0.000000e+00,0.000000e+00
1714,15,22577,6.674918e-04,4.966922e-03,1.262014e-02,0.000000e+00,0.000000e+00
1715,14,22591,8.843793e-04,5.001801e-03,9.657301e-03,0.000000e+00,0.000000e+00
1716,12,22603,1.016766e-03,5.149336e-03,1.089000e-02,0.000000e+00,0.000000e+00
1717,12,22615,8.600546e-04,5.019631e-03,1.000000e-02,0.000000e+00,0.000000e+00
1718,13,22628,1.129625e-03,5.211946e-03,1.317690e-02,0.000000e+00,0.000000e+00
1719,18,22646,8.503588e-04,5.093866e-03,1.000000e-02,0.000000e+00,0.000000e+00
1720,11,22657,1.451564e-03,5.192721e-03,1.105449e-02,0.000000e+00,0.000000e+00
1721,12,22669,1.625574e-03,5.095965e-03,1.000000e-02,0.000000e+00,0.000000e+00
1722,12,22681,8.546192e-04,5.175231e-03,1.248946e-02,0.000000e+00,0.000000e+00
1723,14,22695,1.004619e-03,5.182381e-03,1.292718e-02,0.000000e+00,0.000000e+00
1724,12,22707,1.505808e-03,5.112906e-03,1.545568e-02,0.000000e+00,0.000000e+00
1725,14,22721,1.217122e-03,4.991597e-03,1.000000e-02,0.000000e+00,0.000000e+00
1726,19,22740,8.753104e-04,4.975836e-03,1.581942e-02,0.000000e+00,0.000000e+00
1727,13,22753,9.651238e-04,5.017535e-03,1.048334e-02,0.000000e+00,0.000000e+00
HIST {'total_samples': 1867472, 'floor_samples': 0, 'floor_fraction': 0.0, 'saturation_depth': 0.0, 'boundaries': 1728, 'capped_boundaries': 0, 'unfinished_worlds': 0}
1728,11,22764,1.571740e-03,5.190114e-03,1.487226e-02,0.000000e+00,0.000000e+00
1729,10,22774,1.460421e-03,5.020390e-03,1.000000e-02,0.000000e+00,0.000000e+00
1730,14,22788,1.135551e-03,5.125145e-03,1.131792e-02,0.000000e+00,0.000000e+00
1731,15,22803,1.241582e-03,5.120272e-03,1.106492e-02,0.000000e+00,0.000000e+00
1732,11,22814,7.942357e-04,5.118306e-03,1.057260e-02,0.000000e+00,0.000000e+00
1733,12,22826,1.398780e-03,5.130810e-03,1.000000e-02,0.000000e+00,0.000000e+00
1734,11,22837,1.376877e-03,5.159480e-03,1.082362e-02,0.000000e+00,0.000000e+00
1735,11,22848,1.091228e-03,5.036178e-03,9.617097e-03,0.000000e+00,0.000000e+00
1736,11,22859,1.486893e-03,5.066564e-03,1.089000e-02,0.000000e+00,0.000000e+00
1737,14,22873,7.197586e-04,5.009461e-03,1.000000e-02,0.000000e+00,0.000000e+00
1738,17,22890,1.065940e-03,5.152829e-03,1.014543e-02,0.000000e+00,0.000000e+00
1739,11,22901,1.344455e-03,5.072277e-03,9.504330e-03,0.000000e+00,0.000000e+00
1740,20,22921,8.262519e-04,5.197130e-03,1.119365e-02,0.000000e+00,0.000000e+00
1741,19,22940,1.003755e-03,5.087160e-03,1.000000e-02,0.000000e+00,0.000000e+00
1742,15,22955,9.506582e-04,5.052689e-03,1.059816e-02,0.000000e+00,0.000000e+00
1743,13,22968,1.028064e-03,5.073965e-03,1.000000e-02,0.000000e+00,0.000000e+00
1744,14,22982,1.063106e-03,5.120752e-03,1.321217e-02,0.000000e+00,0.000000e+00
1745,12,22994,1.130880e-03,5.193102e-03,1.092689e-02,0.000000e+00,0.000000e+00
1746,18,23012,6.600978e-04,5.170020e-03,1.313622e-02,0.000000e+00,0.000000e+00
1747,12,23024,9.931287e-04,5.132143e-03,1.000000e-02,0.000000e+00,0.000000e+00
1748,15,23039,8.837774e-04,5.236894e-03,1.089000e-02,0.000000e+00,0.000000e+00
1749,14,23053,1.079701e-03,5.186356e-03,1.000000e-02,0.000000e+00,0.000000e+00
1750,13,23066,1.195675e-03,5.193581e-03,1.381169e-02,0.000000e+00,0.000000e+00
1751,11,23077,8.360364e-04,5.021665e-03,1.011007e-02,0.000000e+00,0.000000e+00
1752,12,23089,1.227650e-03,5.183399e-03,1.050341e-02,0.000000e+00,0.000000e+00
1753,11,23100,1.061532e-03,5.231950e-03,1.112128e-02,0.000000e+00,0.000000e+00
1754,17,23117,6.626503e-04,5.339663e-03,1.821472e-02,0.000000e+00,0.000000e+00
1755,12,23129,1.408212e-03,5.136737e-03,1.018408e-02,0.000000e+00,0.000000e+00
1756,13,23142,1.117374e-03,5.249163e-03,1.185875e-02,0.000000e+00,0.000000e+00
1757,13,23155,1.067742e-03,5.183689e-03,1.000000e-02,0.000000e+00,0.000000e+00
1758,14,23169,1.060933e-03,5.296642e-03,1.317690e-02,0.000000e+00,0.000000e+00
1759,12,23181,9.575843e-04,5.144537e-03,1.072595e-02,0.000000e+00,0.000000e+00
1760,14,23195,1.202524e-03,5.252148e-03,1.594405e-02,0.000000e+00,0.000000e+00
1761,12,23207,6.834115e-04,5.154421e-03,1.000000e-02,0.000000e+00,0.000000e+00
1762,10,23217,1.589600e-03,5.276677e-03,1.083428e-02,0.000000e+00,0.000000e+00
1763,11,23228,9.836345e-04,5.254888e-03,1.139375e-02,0.000000e+00,0.000000e+00
1764,11,23239,1.316220e-03,5.254651e-03,1.214842e-02,0.000000e+00,0.000000e+00
1765,11,23250,1.417556e-03,5.146545e-03,1.027461e-02,0.000000e+00,0.000000e+00
1766,12,23262,9.926821e-04,5.090900e-03,1.000000e-02,0.000000e+00,0.000000e+00
1767,14,23276,9.218135e-04,5.040497e-03,1.000000e-02,0.000000e+00,0.000000e+00
1768,10,23286,8.269690e-04,5.184027e-03,1.030892e-02,0.000000e+00,0.000000e+00
1769,13,23299,9.307242e-04,5.063482e-03,9.387407e-03,0.000000e+00,0.000000e+00
1770,12,23311,1.415834e-03,5.161166e-03,1.172598e-02,0.000000e+00,0.000000e+00
1771,11,23322,1.245363e-03,5.083182e-03,1.000000e-02,0.000000e+00,0.000000e+00
1772,11,23333,1.556314e-03,5.172470e-03,1.048689e-02,0.000000e+00,0.000000e+00
1773,19,23352,8.930038e-04,5.056138e-03,9.947143e-03,0.000000e+00,0.000000e+00
1774,13,23365,1.144610e-03,5.115787e-03,1.089000e-02,0.000000e+00,0.000000e+00
1775,13,23378,1.013439e-03,5.071059e-03,1.008023e-02,0.000000e+00,0.000000e+00
HIST {'total_samples': 1920783, 'floor_samples': 0, 'floor_fraction': 0.0, 'saturation_depth': 0.0, 'boundaries': 1776, 'capped_boundaries': 0, 'unfinished_worlds': 0}
1776,11,23389,1.551642e-03,5.109747e-03,1.116836e-02,0.000000e+00,0.000000e+00
1777,17,23406,1.200538e-03,4.882596e-03,1.000000e-02,0.000000e+00,0.000000e+00
1778,13,23419,9.730741e-04,5.003491e-03,1.143572e-02,0.000000e+00,0.000000e+00
1779,12,23431,1.141804e-03,4.983175e-03,1.000000e-02,0.000000e+00,0.000000e+00
1780,13,23444,1.168753e-03,5.042614e-03,1.239488e-02,0.000000e+00,0.000000e+00
1781,11,23455,1.332618e-03,5.011407e-03,1.000000e-02,0.000000e+00,0.000000e+00
1782,12,23467,1.319167e-03,5.139075e-03,1.400347e-02,0.000000e+00,0.000000e+00
1783,17,23484,8.321162e-04,4.946991e-03,1.000000e-02,0.000000e+00,0.000000e+00
1784,12,23496,1.171998e-03,5.087834e-03,1.180960e-02,0.000000e+00,0.000000e+00
1785,13,23509,8.895255e-04,5.015514e-03,1.082679e-02,0.000000e+00,0.000000e+00
1786,12,23521,1.188467e-03,5.202951e-03,1.428962e-02,0.000000e+00,0.000000e+00
1787,11,23532,1.124179e-03,5.136565e-03,1.000000e-02,0.000000e+00,0.000000e+00
1788,12,23544,1.233018e-03,5.176089e-03,1.464587e-02,0.000000e+00,0.000000e+00
1789,20,23564,8.231878e-04,5.088822e-03,1.017109e-02,0.000000e+00,0.000000e+00
1790,12,23576,1.312932e-03,5.239555e-03,1.222164e-02,0.000000e+00,0.000000e+00
1791,10,23586,1.342628e-03,5.116999e-03,1.019746e-02,0.000000e+00,0.000000e+00
1792,11,23597,1.129811e-03,5.185156e-03,1.289048e-02,0.000000e+00,0.000000e+00
1793,22,23619,1.047746e-03,4.980907e-03,1.000000e-02,0.000000e+00,0.000000e+00
1794,19,23638,9.365531e-04,5.141617e-03,1.097330e-02,0.000000e+00,0.000000e+00
1795,13,23651,1.015332e-03,5.105083e-03,1.285237e-02,0.000000e+00,0.000000e+00
1796,16,23667,1.154837e-03,5.130904e-03,1.236653e-02,0.000000e+00,0.000000e+00
1797,16,23683,5.738831e-04,4.973775e-03,1.000000e-02,0.000000e+00,0.000000e+00
1798,12,23695,1.146242e-03,4.987736e-03,1.100344e-02,0.000000e+00,0.000000e+00
1799,15,23710,7.436553e-04,4.957229e-03,1.000000e-02,0.000000e+00,0.000000e+00
1800,15,23725,1.101472e-03,4.965452e-03,1.086951e-02,0.000000e+00,0.000000e+00
1801,14,23739,1.257195e-03,4.927981e-03,9.938572e-03,0.000000e+00,0.000000e+00
1802,15,23754,9.261575e-04,4.977741e-03,1.281642e-02,0.000000e+00,0.000000e+00
1803,12,23766,9.238474e-04,4.941364e-03,1.029677e-02,0.000000e+00,0.000000e+00
1804,12,23778,9.930989e-04,5.045551e-03,1.272459e-02,0.000000e+00,0.000000e+00
1805,12,23790,1.497758e-03,4.945695e-03,1.000000e-02,0.000000e+00,0.000000e+00
1806,11,23801,1.444466e-03,5.130675e-03,1.091174e-02,0.000000e+00,0.000000e+00
1807,10,23811,6.448702e-04,5.114521e-03,1.152680e-02,0.000000e+00,0.000000e+00
1808,10,23821,1.437077e-03,5.123173e-03,1.131427e-02,0.000000e+00,0.000000e+00
1809,14,23835,9.162780e-04,5.029473e-03,1.000000e-02,0.000000e+00,0.000000e+00
1810,13,23848,1.151125e-03,5.137168e-03,1.317690e-02,0.000000e+00,0.000000e+00
1811,11,23859,9.805604e-04,5.164437e-03,1.000000e-02,0.000000e+00,0.000000e+00
1812,10,23869,1.739926e-03,5.271983e-03,1.273446e-02,0.000000e+00,0.000000e+00
1813,13,23882,1.137807e-03,5.229380e-03,1.092292e-02,0.000000e+00,0.000000e+00
1814,15,23897,1.070190e-03,5.156427e-03,1.043379e-02,0.000000e+00,0.000000e+00
1815,14,23911,1.048357e-03,4.969644e-03,1.000000e-02,0.000000e+00,0.000000e+00
1816,14,23925,1.059846e-03,5.047823e-03,1.053212e-02,0.000000e+00,0.000000e+00
1817,14,23939,1.077800e-03,4.940599e-03,1.000000e-02,0.000000e+00,0.000000e+00
1818,12,23951,1.135746e-03,5.014163e-03,1.058526e-02,0.000000e+00,0.000000e+00
1819,11,23962,1.357832e-03,4.986655e-03,1.000000e-02,0.000000e+00,0.000000e+00
1820,11,23973,1.576394e-03,5.001035e-03,9.652721e-03,0.000000e+00,0.000000e+00
1821,12,23985,1.131410e-03,5.059401e-03,1.224675e-02,0.000000e+00,0.000000e+00
1822,14,23999,1.292893e-03,5.065612e-03,1.708976e-02,0.000000e+00,0.000000e+00
1823,11,24010,9.557334e-04,4.946131e-03,1.821472e-02,0.000000e+00,0.000000e+00
HIST {'total_samples': 1975234, 'floor_samples': 0, 'floor_fraction': 0.0, 'saturation_depth': 0.0, 'boundaries': 1824, 'capped_boundaries': 0, 'unfinished_worlds': 0}
1824,10,24020,1.033847e-03,5.168069e-03,1.086117e-02,0.000000e+00,0.000000e+00
1825,11,24031,1.458365e-03,5.000738e-03,1.000000e-02,0.000000e+00,0.000000e+00
1826,16,24047,1.133362e-03,5.087195e-03,1.245452e-02,0.000000e+00,0.000000e+00
1827,12,24059,1.188854e-03,5.106346e-03,1.000000e-02,0.000000e+00,0.000000e+00
1828,13,24072,1.393766e-03,5.046886e-03,1.142449e-02,0.000000e+00,0.000000e+00
1829,11,24083,1.102102e-03,5.061445e-03,1.000000e-02,0.000000e+00,0.000000e+00
1830,11,24094,1.593881e-03,5.267220e-03,1.266509e-02,0.000000e+00,0.000000e+00
1831,13,24107,1.229309e-03,5.248182e-03,1.000000e-02,0.000000e+00,0.000000e+00
1832,15,24122,7.957402e-04,5.314139e-03,1.093559e-02,0.000000e+00,0.000000e+00
1833,17,24139,8.606234e-04,5.208508e-03,1.108680e-02,0.000000e+00,0.000000e+00
1834,11,24150,9.154224e-04,5.181547e-03,1.445937e-02,0.000000e+00,0.000000e+00
1835,20,24170,6.160638e-04,5.083676e-03,1.000000e-02,0.000000e+00,0.000000e+00
1836,11,24181,8.506629e-04,5.081709e-03,1.165889e-02,0.000000e+00,0.000000e+00
1837,13,24194,9.710001e-04,4.991623e-03,1.000000e-02,0.000000e+00,0.000000e+00
1838,12,24206,1.253425e-03,5.083513e-03,1.066784e-02,0.000000e+00,0.000000e+00
1839,12,24218,1.089198e-03,4.916232e-03,1.432614e-02,0.000000e+00,0.000000e+00
1840,10,24228,1.086892e-03,5.047222e-03,1.000000e-02,0.000000e+00,0.000000e+00
1841,12,24240,7.277835e-04,5.040814e-03,9.734964e-03,0.000000e+00,0.000000e+00
1842,17,24257,6.136899e-04,5.184467e-03,1.279073e-02,0.000000e+00,0.000000e+00
1843,13,24270,8.910115e-04,5.128738e-03,1.003005e-02,0.000000e+00,0.000000e+00
1844,13,24283,1.164672e-03,5.102222e-03,1.149975e-02,0.000000e+00,0.000000e+00
1845,15,24298,1.103575e-03,5.167924e-03,1.000000e-02,0.000000e+00,0.000000e+00
1846,12,24310,1.359840e-03,5.166595e-03,1.303450e-02,0.000000e+00,0.000000e+00
1847,12,24322,1.049436e-03,4.962095e-03,1.032682e-02,0.000000e+00,0.000000e+00
1848,15,24337,1.184443e-03,4.950554e-03,1.218919e-02,0.000000e+00,0.000000e+00
1849,13,24350,1.020396e-03,5.006278e-03,1.205210e-02,0.000000e+00,0.000000e+00
1850,15,24365,1.146653e-03,5.123440e-03,1.197900e-02,0.000000e+00,0.000000e+00
1851,17,24382,1.021385e-03,5.037027e-03,1.012713e-02,0.000000e+00,0.000000e+00
1852,16,24398,9.041899e-04,5.145965e-03,1.089000e-02,0.000000e+00,0.000000e+00
1853,12,24410,1.286984e-03,5.137605e-03,1.248373e-02,0.000000e+00,0.000000e+00
1854,12,24422,1.304597e-03,5.252066e-03,1.073498e-02,0.000000e+00,0.000000e+00
1855,12,24434,1.143348e-03,5.064085e-03,1.000000e-02,0.000000e+00,0.000000e+00
1856,17,24451,9.600577e-04,5.072166e-03,1.125280e-02,0.000000e+00,0.000000e+00
1857,16,24467,8.976115e-04,5.104066e-03,1.000000e-02,0.000000e+00,0.000000e+00
1858,11,24478,1.048329e-03,5.143890e-03,1.090458e-02,0.000000e+00,0.000000e+00
1859,12,24490,8.923586e-04,4.985120e-03,1.199504e-02,0.000000e+00,0.000000e+00
1860,12,24502,9.001319e-04,4.987645e-03,1.070014e-02,0.000000e+00,0.000000e+00
1861,14,24516,1.038116e-03,4.994867e-03,1.007790e-02,0.000000e+00,0.000000e+00
1862,17,24533,7.937265e-04,4.974714e-03,1.384432e-02,0.000000e+00,0.000000e+00
1863,12,24545,1.259633e-03,4.959404e-03,1.018146e-02,0.000000e+00,0.000000e+00
1864,13,24558,1.078313e-03,4.959283e-03,1.256205e-02,0.000000e+00,0.000000e+00
1865,12,24570,7.969452e-04,4.921605e-03,1.060710e-02,0.000000e+00,0.000000e+00
1866,13,24583,1.158349e-03,4.922517e-03,1.000000e-02,0.000000e+00,0.000000e+00
1867,14,24597,9.729620e-04,4.851486e-03,1.020052e-02,0.000000e+00,0.000000e+00
1868,12,24609,1.426415e-03,4.948508e-03,1.126799e-02,0.000000e+00,0.000000e+00
1869,13,24622,1.027612e-03,4.817573e-03,9.234678e-03,0.000000e+00,0.000000e+00
1870,12,24634,9.373282e-04,4.874635e-03,1.048329e-02,0.000000e+00,0.000000e+00
1871,11,24645,9.021115e-04,4.818871e-03,1.000000e-02,0.000000e+00,0.000000e+00
HIST {'total_samples': 2029360, 'floor_samples': 0, 'floor_fraction': 0.0, 'saturation_depth': 0.0, 'boundaries': 1872, 'capped_boundaries': 0, 'unfinished_worlds': 0}
1872,11,24656,1.004663e-03,5.125023e-03,1.099971e-02,0.000000e+00,0.000000e+00
1873,11,24667,7.590724e-04,4.972789e-03,1.088478e-02,0.000000e+00,0.000000e+00
1874,19,24686,9.827652e-04,5.025888e-03,1.123480e-02,0.000000e+00,0.000000e+00
1875,10,24696,1.142852e-03,4.947448e-03,1.000000e-02,0.000000e+00,0.000000e+00
1876,12,24708,1.406688e-03,5.031124e-03,1.262792e-02,0.000000e+00,0.000000e+00
1877,11,24719,1.372751e-03,4.917675e-03,1.000000e-02,0.000000e+00,0.000000e+00
1878,13,24732,1.153420e-03,5.007272e-03,1.000000e-02,0.000000e+00,0.000000e+00
1879,17,24749,7.268745e-04,5.097243e-03,1.074154e-02,0.000000e+00,0.000000e+00
1880,20,24769,1.057848e-03,4.952942e-03,1.021842e-02,0.000000e+00,0.000000e+00
1881,14,24783,9.350547e-04,4.938649e-03,1.226141e-02,0.000000e+00,0.000000e+00
1882,13,24796,1.033269e-03,4.927747e-03,1.242298e-02,0.000000e+00,0.000000e+00
1883,12,24808,1.016187e-03,4.891342e-03,1.000000e-02,0.000000e+00,0.000000e+00
1884,14,24822,1.049744e-03,4.869933e-03,1.000000e-02,0.000000e+00,0.000000e+00
1885,11,24833,9.099426e-04,4.855800e-03,1.009693e-02,0.000000e+00,0.000000e+00
1886,13,24846,1.348847e-03,5.081502e-03,1.197900e-02,0.000000e+00,0.000000e+00
1887,10,24856,1.141007e-03,5.166935e-03,1.000000e-02,0.000000e+00,0.000000e+00
1888,11,24867,1.253736e-03,5.236667e-03,1.487226e-02,0.000000e+00,0.000000e+00
1889,11,24878,9.841748e-04,5.234817e-03,1.036648e-02,0.000000e+00,0.000000e+00
1890,10,24888,8.576966e-04,5.251529e-03,1.108385e-02,0.000000e+00,0.000000e+00
1891,12,24900,7.815993e-04,5.205490e-03,1.209859e-02,0.000000e+00,0.000000e+00
1892,12,24912,1.375341e-03,5.152865e-03,1.319725e-02,0.000000e+00,0.000000e+00
1893,16,24928,1.436887e-03,5.125720e-03,1.120328e-02,0.000000e+00,0.000000e+00
1894,12,24940,1.297808e-03,5.160206e-03,1.262558e-02,0.000000e+00,0.000000e+00
1895,11,24951,1.089431e-03,5.179317e-03,1.197900e-02,0.000000e+00,0.000000e+00
1896,14,24965,9.574777e-04,5.249590e-03,1.299903e-02,0.000000e+00,0.000000e+00
1897,12,24977,1.233925e-03,5.281750e-03,1.000000e-02,0.000000e+00,0.000000e+00
1898,13,24990,1.010743e-03,5.200644e-03,1.099909e-02,0.000000e+00,0.000000e+00
1899,13,25003,1.182103e-03,5.064216e-03,1.044889e-02,0.000000e+00,0.000000e+00
1900,12,25015,1.277237e-03,5.210939e-03,1.221034e-02,0.000000e+00,0.000000e+00
1901,13,25028,1.206570e-03,4.994492e-03,1.000000e-02,0.000000e+00,0.000000e+00
1902,14,25042,1.289538e-03,4.970774e-03,1.100339e-02,0.000000e+00,0.000000e+00
1903,14,25056,1.219625e-03,4.973176e-03,1.003079e-02,0.000000e+00,0.000000e+00
1904,16,25072,1.049064e-03,4.926782e-03,1.508806e-02,0.000000e+00,0.000000e+00
1905,12,25084,1.143909e-03,4.956835e-03,1.091043e-02,0.000000e+00,0.000000e+00
1906,13,25097,8.910076e-04,4.933015e-03,1.200148e-02,0.000000e+00,0.000000e+00
1907,13,25110,7.743834e-04,4.930899e-03,9.744882e-03,0.000000e+00,0.000000e+00
1908,17,25127,1.038830e-03,4.813062e-03,9.510424e-03,0.000000e+00,0.000000e+00
1909,15,25142,1.027029e-03,4.885326e-03,1.037411e-02,0.000000e+00,0.000000e+00
1910,16,25158,9.390559e-04,4.922207e-03,1.010961e-02,0.000000e+00,0.000000e+00
1911,9,25167,1.743960e-03,4.938195e-03,1.120389e-02,0.000000e+00,0.000000e+00
1912,10,25177,1.372010e-03,5.031338e-03,1.289544e-02,0.000000e+00,0.000000e+00
1913,12,25189,1.205841e-03,5.006948e-03,1.000000e-02,0.000000e+00,0.000000e+00
1914,15,25204,9.496105e-04,5.047468e-03,1.045841e-02,0.000000e+00,0.000000e+00
1915,14,25218,9.903903e-04,5.001073e-03,9.900000e-03,0.000000e+00,0.000000e+00
1916,15,25233,1.124074e-03,4.950665e-03,1.021368e-02,0.000000e+00,0.000000e+00
1917,13,25246,1.417274e-03,4.972170e-03,1.000000e-02,0.000000e+00,0.000000e+00
1918,12,25258,1.404174e-03,5.017010e-03,1.106904e-02,0.000000e+00,0.000000e+00
1919,12,25270,8.833180e-04,4.945036e-03,1.000000e-02,0.000000e+00,0.000000e+00
HIST {'total_samples': 2084143, 'floor_samples': 0, 'floor_fraction': 0.0, 'saturation_depth': 0.0, 'boundaries': 1920, 'capped_boundaries': 0, 'unfinished_worlds': 0}
1920,13,25283,1.384683e-03,5.100641e-03,1.131673e-02,0.000000e+00,0.000000e+00
1921,11,25294,1.126202e-03,4.963604e-03,1.000000e-02,0.000000e+00,0.000000e+00
1922,12,25306,1.188836e-03,4.938784e-03,1.056492e-02,0.000000e+00,0.000000e+00
1923,13,25319,8.922194e-04,4.942660e-03,1.000000e-02,0.000000e+00,0.000000e+00
1924,11,25330,9.227542e-04,4.801671e-03,1.000000e-02,0.000000e+00,0.000000e+00
1925,12,25342,1.052189e-03,4.936416e-03,9.723756e-03,0.000000e+00,0.000000e+00
1926,11,25353,1.321046e-03,4.984723e-03,1.000000e-02,0.000000e+00,0.000000e+00
1927,13,25366,8.760913e-04,4.851934e-03,1.038605e-02,0.000000e+00,0.000000e+00
1928,18,25384,1.174631e-03,4.926440e-03,9.976966e-03,0.000000e+00,0.000000e+00
1929,11,25395,1.290706e-03,4.837744e-03,9.882897e-03,0.000000e+00,0.000000e+00
1930,12,25407,1.135991e-03,4.852838e-03,1.099131e-02,0.000000e+00,0.000000e+00
1931,13,25420,1.026283e-03,4.894425e-03,1.000000e-02,0.000000e+00,0.000000e+00
1932,14,25434,9.471584e-04,4.926662e-03,1.682667e-02,0.000000e+00,0.000000e+00
1933,14,25448,7.024317e-04,4.913080e-03,1.000000e-02,0.000000e+00,0.000000e+00
1934,11,25459,1.246240e-03,5.122576e-03,1.288920e-02,0.000000e+00,0.000000e+00
1935,14,25473,6.995237e-04,5.083090e-03,1.000000e-02,0.000000e+00,0.000000e+00
1936,13,25486,1.586153e-03,5.154421e-03,1.192896e-02,0.000000e+00,0.000000e+00
1937,10,25496,1.748747e-03,5.073095e-03,1.003994e-02,0.000000e+00,0.000000e+00
1938,13,25509,1.011655e-03,5.048220e-03,1.096383e-02,0.000000e+00,0.000000e+00
1939,12,25521,1.111289e-03,5.052499e-03,1.000000e-02,0.000000e+00,0.000000e+00
1940,13,25534,1.040467e-03,4.992836e-03,1.089000e-02,0.000000e+00,0.000000e+00
1941,12,25546,1.456986e-03,5.027225e-03,1.000000e-02,0.000000e+00,0.000000e+00
1942,12,25558,1.186644e-03,5.038264e-03,1.038784e-02,0.000000e+00,0.000000e+00
1943,13,25571,1.347715e-03,5.036911e-03,1.015645e-02,0.000000e+00,0.000000e+00
1944,13,25584,9.552459e-04,5.101441e-03,1.040238e-02,0.000000e+00,0.000000e+00
1945,14,25598,8.211505e-04,5.017253e-03,1.028789e-02,0.000000e+00,0.000000e+00
1946,12,25610,1.475857e-03,5.038637e-03,1.043458e-02,0.000000e+00,0.000000e+00
1947,11,25621,1.239502e-03,5.105327e-03,1.352925e-02,0.000000e+00,0.000000e+00
1948,10,25631,1.097458e-03,5.261379e-03,1.300522e-02,0.000000e+00,0.000000e+00
1949,12,25643,1.026557e-03,5.164939e-03,1.089000e-02,0.000000e+00,0.000000e+00
1950,13,25656,1.183968e-03,5.220876e-03,1.220123e-02,0.000000e+00,0.000000e+00
1951,13,25669,1.106253e-03,5.110429e-03,1.225868e-02,0.000000e+00,0.000000e+00
1952,11,25680,1.354503e-03,5.273801e-03,1.348454e-02,0.000000e+00,0.000000e+00
1953,14,25694,1.085249e-03,5.003629e-03,1.289077e-02,0.000000e+00,0.000000e+00
1954,14,25708,1.105409e-03,5.027185e-03,1.090264e-02,0.000000e+00,0.000000e+00
1955,11,25719,1.304397e-03,5.079543e-03,1.054091e-02,0.000000e+00,0.000000e+00
1956,11,25730,1.078768e-03,5.230798e-03,1.290643e-02,0.000000e+00,0.000000e+00
1957,13,25743,8.204395e-04,5.000365e-03,1.262792e-02,0.000000e+00,0.000000e+00
1958,16,25759,7.734637e-04,5.093347e-03,1.072313e-02,0.000000e+00,0.000000e+00
1959,15,25774,1.154370e-03,5.093757e-03,1.000000e-02,0.000000e+00,0.000000e+00
1960,9,25783,1.548158e-03,5.199620e-03,1.035020e-02,0.000000e+00,0.000000e+00
1961,11,25794,1.408199e-03,5.049661e-03,1.123890e-02,0.000000e+00,0.000000e+00
1962,14,25808,9.789161e-04,5.160947e-03,1.144208e-02,0.000000e+00,0.000000e+00
1963,14,25822,1.181648e-03,4.968671e-03,1.197900e-02,0.000000e+00,0.000000e+00
1964,14,25836,8.249283e-04,4.959756e-03,1.000000e-02,0.000000e+00,0.000000e+00
1965,14,25850,1.293871e-03,4.995906e-03,1.066412e-02,0.000000e+00,0.000000e+00
1966,12,25862,1.063202e-03,4.990330e-03,1.131854e-02,0.000000e+00,0.000000e+00
1967,11,25873,1.051856e-03,5.017686e-03,1.163007e-02,0.000000e+00,0.000000e+00
HIST {'total_samples': 2138209, 'floor_samples': 0, 'floor_fraction': 0.0, 'saturation_depth': 0.0, 'boundaries': 1968, 'capped_boundaries': 0, 'unfinished_worlds': 0}
1968,14,25887,1.450359e-03,5.086134e-03,1.133511e-02,0.000000e+00,0.000000e+00
1969,13,25900,1.149603e-03,5.071861e-03,1.000000e-02,0.000000e+00,0.000000e+00
1970,11,25911,6.746607e-04,5.179616e-03,1.108439e-02,0.000000e+00,0.000000e+00
1971,14,25925,8.558531e-04,5.109183e-03,1.000000e-02,0.000000e+00,0.000000e+00
1972,18,25943,6.352969e-04,5.184837e-03,1.089000e-02,0.000000e+00,0.000000e+00
1973,13,25956,1.291563e-03,5.146697e-03,1.000000e-02,0.000000e+00,0.000000e+00
1974,12,25968,6.939414e-04,5.089447e-03,1.192642e-02,0.000000e+00,0.000000e+00
1975,12,25980,9.912659e-04,5.013330e-03,1.210251e-02,0.000000e+00,0.000000e+00
1976,16,25996,9.025910e-04,5.100980e-03,1.134825e-02,0.000000e+00,0.000000e+00
1977,11,26007,1.080480e-03,4.910070e-03,1.000000e-02,0.000000e+00,0.000000e+00
1978,10,26017,1.181824e-03,5.117535e-03,1.031034e-02,0.000000e+00,0.000000e+00
1979,13,26030,1.064912e-03,5.085097e-03,1.249519e-02,0.000000e+00,0.000000e+00
1980,10,26040,1.316796e-03,5.243822e-03,1.282574e-02,0.000000e+00,0.000000e+00
1981,11,26051,1.433845e-03,5.217175e-03,1.000000e-02,0.000000e+00,0.000000e+00
1982,12,26063,1.570495e-03,5.366354e-03,1.123901e-02,0.000000e+00,0.000000e+00
1983,10,26073,1.378410e-03,5.207455e-03,1.113048e-02,0.000000e+00,0.000000e+00
1984,13,26086,1.001370e-03,5.032584e-03,1.174358e-02,0.000000e+00,0.000000e+00
1985,13,26099,1.208372e-03,5.009403e-03,9.469576e-03,0.000000e+00,0.000000e+00
1986,11,26110,1.394235e-03,5.134403e-03,1.377866e-02,0.000000e+00,0.000000e+00
1987,13,26123,1.054000e-03,5.011217e-03,1.000000e-02,0.000000e+00,0.000000e+00
1988,14,26137,1.314661e-03,5.172557e-03,1.130082e-02,0.000000e+00,0.000000e+00
1989,15,26152,1.168678e-03,5.044016e-03,9.410504e-03,0.000000e+00,0.000000e+00
1990,16,26168,8.985409e-04,5.261159e-03,1.089000e-02,0.000000e+00,0.000000e+00
1991,12,26180,1.237563e-03,5.067245e-03,1.024983e-02,0.000000e+00,0.000000e+00
1992,13,26193,1.038974e-03,5.100301e-03,1.019113e-02,0.000000e+00,0.000000e+00
1993,13,26206,1.165517e-03,5.113488e-03,1.000000e-02,0.000000e+00,0.000000e+00
1994,12,26218,1.232235e-03,5.233758e-03,1.253711e-02,0.000000e+00,0.000000e+00
1995,15,26233,1.298458e-03,5.117572e-03,1.108922e-02,0.000000e+00,0.000000e+00
1996,12,26245,1.120557e-03,5.129381e-03,1.077412e-02,0.000000e+00,0.000000e+00
1997,13,26258,1.424240e-03,5.095794e-03,1.000000e-02,0.000000e+00,0.000000e+00
1998,11,26269,1.002296e-03,5.012762e-03,1.089000e-02,0.000000e+00,0.000000e+00
1999,12,26281,1.164522e-03,5.097600e-03,1.197900e-02,0.000000e+00,0.000000e+00
2000,11,26292,1.379572e-03,5.070242e-03,1.317690e-02,0.000000e+00,0.000000e+00
2001,13,26305,7.082639e-04,4.871359e-03,1.000000e-02,0.000000e+00,0.000000e+00
2002,11,26316,1.404382e-03,4.992373e-03,1.133844e-02,0.000000e+00,0.000000e+00
2003,12,26328,1.369884e-03,4.980264e-03,1.000000e-02,0.000000e+00,0.000000e+00
2004,18,26346,9.317108e-04,5.075173e-03,1.184590e-02,0.000000e+00,0.000000e+00
2005,15,26361,8.806028e-04,5.101941e-03,1.056673e-02,0.000000e+00,0.000000e+00
2006,14,26375,1.251517e-03,5.271528e-03,1.272483e-02,0.000000e+00,0.000000e+00
2007,13,26388,1.266817e-03,5.093021e-03,1.128380e-02,0.000000e+00,0.000000e+00
2008,13,26401,1.251924e-03,5.004542e-03,1.089000e-02,0.000000e+00,0.000000e+00
2009,19,26420,9.263635e-04,4.957435e-03,1.000000e-02,0.000000e+00,0.000000e+00
2010,15,26435,8.001089e-04,4.984489e-03,1.201349e-02,0.000000e+00,0.000000e+00
2011,19,26454,4.985734e-04,4.817873e-03,9.149373e-03,0.000000e+00,0.000000e+00
2012,16,26470,1.035895e-03,4.946480e-03,1.260998e-02,0.000000e+00,0.000000e+00
2013,15,26485,1.035368e-03,4.904042e-03,1.000000e-02,0.000000e+00,0.000000e+00
2014,11,26496,1.345598e-03,5.019197e-03,1.044221e-02,0.000000e+00,0.000000e+00
2015,14,26510,9.051143e-04,5.038569e-03,1.142597e-02,0.000000e+00,0.000000e+00
HIST {'total_samples': 2192052, 'floor_samples': 0, 'floor_fraction': 0.0, 'saturation_depth': 0.0, 'boundaries': 2016, 'capped_boundaries': 0, 'unfinished_worlds': 0}
2016,10,26520,1.237174e-03,5.051807e-03,1.100154e-02,0.000000e+00,0.000000e+00
2017,13,26533,9.466984e-04,5.052957e-03,1.000000e-02,0.000000e+00,0.000000e+00
2018,16,26549,7.308417e-04,5.060362e-03,1.157676e-02,0.000000e+00,0.000000e+00
2019,13,26562,1.226849e-03,4.747720e-03,1.000000e-02,0.000000e+00,0.000000e+00
2020,11,26573,9.844457e-04,4.816040e-03,1.142905e-02,0.000000e+00,0.000000e+00
2021,12,26585,1.285208e-03,4.948108e-03,1.000000e-02,0.000000e+00,0.000000e+00
2022,11,26596,1.407257e-03,5.057354e-03,1.154093e-02,0.000000e+00,0.000000e+00
2023,17,26613,1.050094e-03,4.971194e-03,1.337352e-02,0.000000e+00,0.000000e+00
2024,13,26626,1.133337e-03,5.128444e-03,1.090115e-02,0.000000e+00,0.000000e+00
2025,11,26637,1.059214e-03,5.032021e-03,1.047365e-02,0.000000e+00,0.000000e+00
2026,11,26648,1.001167e-03,5.080361e-03,1.165430e-02,0.000000e+00,0.000000e+00
2027,10,26658,1.237304e-03,5.099553e-03,1.057260e-02,0.000000e+00,0.000000e+00
2028,11,26669,1.306560e-03,5.115387e-03,1.089000e-02,0.000000e+00,0.000000e+00
2029,11,26680,1.217345e-03,4.979779e-03,1.007300e-02,0.000000e+00,0.000000e+00
2030,14,26694,9.663375e-04,4.980369e-03,1.089000e-02,0.000000e+00,0.000000e+00
2031,13,26707,1.034147e-03,4.984727e-03,1.110013e-02,0.000000e+00,0.000000e+00
2032,14,26721,1.097523e-03,4.973931e-03,1.226168e-02,0.000000e+00,0.000000e+00
2033,11,26732,1.267467e-03,4.889781e-03,1.044728e-02,0.000000e+00,0.000000e+00
2034,17,26749,1.004966e-03,5.041723e-03,1.543933e-02,0.000000e+00,0.000000e+00
2035,11,26760,1.245495e-03,4.998121e-03,1.000000e-02,0.000000e+00,0.000000e+00
2036,12,26772,1.309932e-03,5.190289e-03,1.279761e-02,0.000000e+00,0.000000e+00
2037,15,26787,9.994658e-04,4.992213e-03,1.000000e-02,0.000000e+00,0.000000e+00
2038,12,26799,7.236374e-04,5.113584e-03,1.472838e-02,0.000000e+00,0.000000e+00
2039,14,26813,1.355639e-03,4.944744e-03,1.000000e-02,0.000000e+00,0.000000e+00
2040,17,26830,1.002591e-03,4.967556e-03,1.089000e-02,0.000000e+00,0.000000e+00
2041,14,26844,8.451384e-04,4.937536e-03,1.162932e-02,0.000000e+00,0.000000e+00
2042,12,26856,1.134402e-03,5.102078e-03,1.317690e-02,0.000000e+00,0.000000e+00
2043,11,26867,9.426342e-04,4.999641e-03,1.022578e-02,0.000000e+00,0.000000e+00
2044,12,26879,9.362210e-04,5.056419e-03,1.000000e-02,0.000000e+00,0.000000e+00
2045,14,26893,9.604342e-04,5.013849e-03,1.042441e-02,0.000000e+00,0.000000e+00
2046,11,26904,1.281065e-03,4.962503e-03,1.025996e-02,0.000000e+00,0.000000e+00
2047,15,26919,9.489497e-04,4.944752e-03,1.076072e-02,0.000000e+00,0.000000e+00
2048,11,26930,9.898329e-04,4.967799e-03,1.042235e-02,0.000000e+00,0.000000e+00
2049,11,26941,1.090555e-03,4.906112e-03,1.000000e-02,0.000000e+00,0.000000e+00
2050,13,26954,1.522633e-03,4.937375e-03,1.261105e-02,0.000000e+00,0.000000e+00
2051,13,26967,1.261401e-03,4.855644e-03,1.122222e-02,0.000000e+00,0.000000e+00
2052,11,26978,1.271132e-03,4.873737e-03,1.025932e-02,0.000000e+00,0.000000e+00
2053,11,26989,1.342493e-03,4.781729e-03,1.000000e-02,0.000000e+00,0.000000e+00
2054,12,27001,1.192302e-03,5.001977e-03,1.007358e-02,0.000000e+00,0.000000e+00
2055,12,27013,1.312735e-03,4.849320e-03,1.166227e-02,0.000000e+00,0.000000e+00
2056,10,27023,1.157727e-03,4.885322e-03,1.094857e-02,0.000000e+00,0.000000e+00
2057,14,27037,1.382396e-03,4.807918e-03,1.022528e-02,0.000000e+00,0.000000e+00
2058,12,27049,7.900193e-04,4.905882e-03,1.005969e-02,0.000000e+00,0.000000e+00
2059,13,27062,9.893994e-04,4.799592e-03,1.000000e-02,0.000000e+00,0.000000e+00
2060,11,27073,1.207405e-03,4.889226e-03,1.130523e-02,0.000000e+00,0.000000e+00
2061,15,27088,1.032894e-03,4.931629e-03,1.000000e-02,0.000000e+00,0.000000e+00
2062,12,27100,1.324939e-03,5.004064e-03,1.096573e-02,0.000000e+00,0.000000e+00
2063,11,27111,1.077684e-03,4.866867e-03,1.051784e-02,0.000000e+00,0.000000e+00
HIST {'total_samples': 2246874, 'floor_samples': 0, 'floor_fraction': 0.0, 'saturation_depth': 0.0, 'boundaries': 2064, 'capped_boundaries': 0, 'unfinished_worlds': 0}
2064,11,27122,1.292191e-03,4.876120e-03,1.109801e-02,0.000000e+00,0.000000e+00
2065,10,27132,1.156204e-03,5.003392e-03,1.000000e-02,0.000000e+00,0.000000e+00
2066,11,27143,1.310805e-03,5.143551e-03,1.089000e-02,0.000000e+00,0.000000e+00
2067,12,27155,1.225223e-03,5.033708e-03,1.000000e-02,0.000000e+00,0.000000e+00
2068,12,27167,1.233122e-03,5.149200e-03,1.261193e-02,0.000000e+00,0.000000e+00
2069,12,27179,1.443960e-03,5.036748e-03,1.000000e-02,0.000000e+00,0.000000e+00
2070,11,27190,8.184789e-04,5.036466e-03,1.116051e-02,0.000000e+00,0.000000e+00
2071,15,27205,1.031706e-03,5.062344e-03,1.158638e-02,0.000000e+00,0.000000e+00
2072,10,27215,1.459509e-03,5.180016e-03,1.253196e-02,0.000000e+00,0.000000e+00
2073,10,27225,1.128889e-03,5.064426e-03,1.000000e-02,0.000000e+00,0.000000e+00
2074,10,27235,1.526753e-03,5.174772e-03,1.089000e-02,0.000000e+00,0.000000e+00
2075,13,27248,8.774936e-04,5.108362e-03,1.020031e-02,0.000000e+00,0.000000e+00
2076,23,27271,8.092676e-04,5.067792e-03,1.067939e-02,0.000000e+00,0.000000e+00
2077,13,27284,1.417647e-03,5.046756e-03,1.000000e-02,0.000000e+00,0.000000e+00
2078,13,27297,1.099048e-03,5.118553e-03,1.244810e-02,0.000000e+00,0.000000e+00
2079,11,27308,1.054128e-03,4.985553e-03,1.132868e-02,0.000000e+00,0.000000e+00
2080,11,27319,1.169815e-03,5.093344e-03,1.208299e-02,0.000000e+00,0.000000e+00
2081,13,27332,1.413531e-03,4.968172e-03,1.132831e-02,0.000000e+00,0.000000e+00
2082,12,27344,1.126757e-03,4.976569e-03,1.086965e-02,0.000000e+00,0.000000e+00
2083,11,27355,1.206989e-03,4.968692e-03,1.016149e-02,0.000000e+00,0.000000e+00
2084,17,27372,1.278822e-03,4.999515e-03,1.020497e-02,0.000000e+00,0.000000e+00
2085,12,27384,1.189724e-03,4.950849e-03,1.000000e-02,0.000000e+00,0.000000e+00
2086,12,27396,1.278342e-03,4.995264e-03,1.031460e-02,0.000000e+00,0.000000e+00
2087,12,27408,9.658108e-04,5.025407e-03,1.078835e-02,0.000000e+00,0.000000e+00
2088,13,27421,1.179638e-03,5.060941e-03,1.317690e-02,0.000000e+00,0.000000e+00
2089,12,27433,9.687797e-04,4.942068e-03,1.212474e-02,0.000000e+00,0.000000e+00
2090,12,27445,1.058300e-03,5.100159e-03,1.022449e-02,0.000000e+00,0.000000e+00
2091,12,27457,1.128726e-03,5.146214e-03,1.254370e-02,0.000000e+00,0.000000e+00
2092,11,27468,9.820147e-04,5.172995e-03,1.003435e-02,0.000000e+00,0.000000e+00
2093,27,27495,4.092696e-04,5.049200e-03,1.000000e-02,0.000000e+00,0.000000e+00
2094,17,27512,8.372268e-04,5.089601e-03,9.876835e-03,0.000000e+00,0.000000e+00
2095,16,27528,9.174698e-04,5.028684e-03,9.876835e-03,0.000000e+00,0.000000e+00
2096,12,27540,1.058398e-03,4.968646e-03,1.072105e-02,0.000000e+00,0.000000e+00
2097,13,27553,9.391492e-04,5.147603e-03,1.031997e-02,0.000000e+00,0.000000e+00
2098,12,27565,1.234140e-03,5.120287e-03,1.380340e-02,0.000000e+00,0.000000e+00
2099,10,27575,1.199982e-03,5.213366e-03,1.281887e-02,0.000000e+00,0.000000e+00
2100,13,27588,8.028464e-04,5.123585e-03,1.280894e-02,0.000000e+00,0.000000e+00
2101,14,27602,8.888229e-04,4.992790e-03,1.194231e-02,0.000000e+00,0.000000e+00
2102,13,27615,1.181974e-03,5.147903e-03,1.153353e-02,0.000000e+00,0.000000e+00
2103,12,27627,1.365705e-03,5.097868e-03,1.000000e-02,0.000000e+00,0.000000e+00
2104,11,27638,1.196988e-03,5.191821e-03,1.000000e-02,0.000000e+00,0.000000e+00
2105,11,27649,8.719976e-04,4.968798e-03,1.000000e-02,0.000000e+00,0.000000e+00
2106,13,27662,1.248008e-03,4.981332e-03,1.034675e-02,0.000000e+00,0.000000e+00
2107,15,27677,1.186689e-03,5.003039e-03,1.000000e-02,0.000000e+00,0.000000e+00
2108,14,27691,8.252592e-04,4.996436e-03,1.112658e-02,0.000000e+00,0.000000e+00
2109,14,27705,9.863409e-04,5.014565e-03,1.010900e-02,0.000000e+00,0.000000e+00
2110,13,27718,1.069966e-03,5.114235e-03,1.713297e-02,0.000000e+00,0.000000e+00
2111,15,27733,8.486301e-04,5.060548e-03,1.200012e-02,0.000000e+00,0.000000e+00
HIST {'total_samples': 2300273, 'floor_samples': 0, 'floor_fraction': 0.0, 'saturation_depth': 0.0, 'boundaries': 2112, 'capped_boundaries': 0, 'unfinished_worlds': 0}
2112,11,27744,1.166483e-03,5.159085e-03,1.089000e-02,0.000000e+00,0.000000e+00
2113,14,27758,8.679140e-04,4.935550e-03,1.000000e-02,0.000000e+00,0.000000e+00
2114,16,27774,9.834678e-04,5.120923e-03,1.556122e-02,0.000000e+00,0.000000e+00
2115,11,27785,1.140098e-03,5.041951e-03,1.000000e-02,0.000000e+00,0.000000e+00
2116,14,27799,9.037561e-04,4.955415e-03,1.102534e-02,0.000000e+00,0.000000e+00
2117,11,27810,1.507425e-03,4.868983e-03,1.000000e-02,0.000000e+00,0.000000e+00
2118,11,27821,1.349756e-03,4.939307e-03,1.005272e-02,0.000000e+00,0.000000e+00
2119,11,27832,1.223232e-03,4.921927e-03,1.000000e-02,0.000000e+00,0.000000e+00
2120,13,27845,1.227033e-03,5.077591e-03,1.275202e-02,0.000000e+00,0.000000e+00
2121,13,27858,1.087153e-03,5.006478e-03,1.000000e-02,0.000000e+00,0.000000e+00
2122,13,27871,1.050248e-03,5.031143e-03,1.208295e-02,0.000000e+00,0.000000e+00
2123,13,27884,1.220985e-03,4.995912e-03,1.080817e-02,0.000000e+00,0.000000e+00
2124,11,27895,1.343563e-03,5.038564e-03,1.060560e-02,0.000000e+00,0.000000e+00
2125,10,27905,9.978154e-04,4.915506e-03,1.061351e-02,0.000000e+00,0.000000e+00
2126,12,27917,9.501347e-04,5.011140e-03,1.287975e-02,0.000000e+00,0.000000e+00
2127,12,27929,1.123637e-03,5.012959e-03,1.000000e-02,0.000000e+00,0.000000e+00
2128,14,27943,9.377034e-04,5.025283e-03,1.089000e-02,0.000000e+00,0.000000e+00
2129,14,27957,1.121354e-03,4.915655e-03,1.020966e-02,0.000000e+00,0.000000e+00
2130,12,27969,1.536084e-03,5.111555e-03,1.108792e-02,0.000000e+00,0.000000e+00
2131,18,27987,9.690193e-04,4.949727e-03,1.000000e-02,0.000000e+00,0.000000e+00
2132,11,27998,1.402172e-03,4.890659e-03,1.000000e-02,0.000000e+00,0.000000e+00
2133,12,28010,9.178533e-04,4.957667e-03,1.000000e-02,0.000000e+00,0.000000e+00
2134,13,28023,9.405955e-04,4.931547e-03,1.109822e-02,0.000000e+00,0.000000e+00
2135,12,28035,1.119811e-03,4.922549e-03,1.000000e-02,0.000000e+00,0.000000e+00
2136,11,28046,1.291847e-03,5.055388e-03,1.278195e-02,0.000000e+00,0.000000e+00
2137,15,28061,1.149687e-03,5.032782e-03,1.270870e-02,0.000000e+00,0.000000e+00
2138,10,28071,1.270096e-03,4.999635e-03,1.032055e-02,0.000000e+00,0.000000e+00
2139,16,28087,8.171770e-04,4.887480e-03,1.135260e-02,0.000000e+00,0.000000e+00
2140,10,28097,1.514997e-03,5.040709e-03,1.121419e-02,0.000000e+00,0.000000e+00
2141,11,28108,1.252857e-03,4.893444e-03,1.000000e-02,0.000000e+00,0.000000e+00
2142,13,28121,1.151028e-03,4.991567e-03,1.093038e-02,0.000000e+00,0.000000e+00
2143,14,28135,9.317489e-04,4.948248e-03,1.000000e-02,0.000000e+00,0.000000e+00
2144,19,28154,8.029187e-04,5.082990e-03,1.287975e-02,0.000000e+00,0.000000e+00
2145,12,28166,9.770977e-04,5.048678e-03,1.169034e-02,0.000000e+00,0.000000e+00
2146,11,28177,1.023358e-03,4.999921e-03,1.047650e-02,0.000000e+00,0.000000e+00
2147,12,28189,9.235160e-04,5.032949e-03,1.017714e-02,0.000000e+00,0.000000e+00
2148,10,28199,1.300849e-03,5.088357e-03,1.163379e-02,0.000000e+00,0.000000e+00
2149,14,28213,9.794694e-04,5.073938e-03,1.000000e-02,0.000000e+00,0.000000e+00
2150,13,28226,1.104301e-03,5.146975e-03,1.337273e-02,0.000000e+00,0.000000e+00
2151,11,28237,1.231337e-03,4.978511e-03,1.059167e-02,0.000000e+00,0.000000e+00
2152,11,28248,1.339694e-03,5.071227e-03,1.089000e-02,0.000000e+00,0.000000e+00
2153,14,28262,1.078336e-03,4.950470e-03,1.000000e-02,0.000000e+00,0.000000e+00
2154,10,28272,8.900022e-04,4.949989e-03,1.000000e-02,0.000000e+00,0.000000e+00
2155,17,28289,9.963120e-04,4.886973e-03,1.035671e-02,0.000000e+00,0.000000e+00
2156,13,28302,1.175860e-03,4.973981e-03,1.211244e-02,0.000000e+00,0.000000e+00
2157,14,28316,8.317954e-04,4.960424e-03,1.000000e-02,0.000000e+00,0.000000e+00
2158,13,28329,9.696888e-04,5.017951e-03,1.151288e-02,0.000000e+00,0.000000e+00
2159,11,28340,1.290157e-03,4.925524e-03,1.009005e-02,0.000000e+00,0.000000e+00
HIST {'total_samples': 2353973, 'floor_samples': 0, 'floor_fraction': 0.0, 'saturation_depth': 0.0, 'boundaries': 2160, 'capped_boundaries': 0, 'unfinished_worlds': 0}
2160,10,28350,1.272649e-03,5.039004e-03,1.290477e-02,0.000000e+00,0.000000e+00
2161,15,28365,1.005973e-03,4.949691e-03,1.049506e-02,0.000000e+00,0.000000e+00
2162,12,28377,1.205948e-03,5.057550e-03,1.213219e-02,0.000000e+00,0.000000e+00
2163,12,28389,9.667935e-04,4.892684e-03,1.037096e-02,0.000000e+00,0.000000e+00
2164,13,28402,9.036653e-04,5.029171e-03,1.079349e-02,0.000000e+00,0.000000e+00
2165,23,28425,8.265334e-04,5.008405e-03,1.000000e-02,0.000000e+00,0.000000e+00
2166,23,28448,7.680866e-04,5.057033e-03,1.364772e-02,0.000000e+00,0.000000e+00
2167,14,28462,7.680866e-04,5.090444e-03,1.073459e-02,0.000000e+00,0.000000e+00
2168,17,28479,6.272700e-04,5.100959e-03,1.220388e-02,0.000000e+00,0.000000e+00
2169,13,28492,1.339412e-03,5.078770e-03,1.205969e-02,0.000000e+00,0.000000e+00
2170,12,28504,1.305202e-03,5.041417e-03,1.046214e-02,0.000000e+00,0.000000e+00
2171,11,28515,1.280962e-03,4.978746e-03,1.000000e-02,0.000000e+00,0.000000e+00
2172,25,28540,8.023782e-04,5.114697e-03,1.370537e-02,0.000000e+00,0.000000e+00
2173,11,28551,9.557126e-04,5.058768e-03,1.000000e-02,0.000000e+00,0.000000e+00
2174,16,28567,8.318772e-04,5.033994e-03,1.040178e-02,0.000000e+00,0.000000e+00
2175,14,28581,1.045596e-03,5.030887e-03,1.076323e-02,0.000000e+00,0.000000e+00
2176,10,28591,1.204756e-03,5.106984e-03,1.017339e-02,0.000000e+00,0.000000e+00
2177,16,28607,7.466476e-04,5.141689e-03,1.009782e-02,0.000000e+00,0.000000e+00
2178,12,28619,1.527880e-03,5.200507e-03,1.313184e-02,0.000000e+00,0.000000e+00
2179,14,28633,1.094136e-03,5.096843e-03,1.030591e-02,0.000000e+00,0.000000e+00
2180,17,28650,1.061961e-03,4.994399e-03,1.068946e-02,0.000000e+00,0.000000e+00
2181,12,28662,1.442733e-03,5.026339e-03,1.045799e-02,0.000000e+00,0.000000e+00
2182,15,28677,1.035002e-03,5.261309e-03,1.203733e-02,0.000000e+00,0.000000e+00
2183,9,28686,1.331373e-03,5.142299e-03,1.066833e-02,0.000000e+00,0.000000e+00
2184,12,28698,1.271706e-03,5.168360e-03,1.093669e-02,0.000000e+00,0.000000e+00
2185,13,28711,1.017896e-03,5.111540e-03,1.000000e-02,0.000000e+00,0.000000e+00
2186,15,28726,8.589247e-04,5.204540e-03,1.105059e-02,0.000000e+00,0.000000e+00
2187,12,28738,1.330454e-03,5.164186e-03,1.004736e-02,0.000000e+00,0.000000e+00
2188,12,28750,1.032682e-03,5.291463e-03,1.433843e-02,0.000000e+00,0.000000e+00
2189,12,28762,1.044041e-03,4.995470e-03,1.000000e-02,0.000000e+00,0.000000e+00
2190,10,28772,1.106135e-03,5.026850e-03,1.105184e-02,0.000000e+00,0.000000e+00
2191,10,28782,1.663034e-03,5.159288e-03,1.097315e-02,0.000000e+00,0.000000e+00
2192,15,28797,1.358018e-03,5.148561e-03,1.089000e-02,0.000000e+00,0.000000e+00
2193,10,28807,1.125088e-03,5.022589e-03,1.000000e-02,0.000000e+00,0.000000e+00
2194,16,28823,1.042954e-03,5.057171e-03,1.295109e-02,0.000000e+00,0.000000e+00
2195,11,28834,1.270976e-03,4.875464e-03,1.000000e-02,0.000000e+00,0.000000e+00
2196,11,28845,1.280050e-03,4.940948e-03,1.103598e-02,0.000000e+00,0.000000e+00
2197,28,28873,5.368231e-04,4.943030e-03,1.011869e-02,0.000000e+00,0.000000e+00
2198,12,28885,1.297009e-03,5.093228e-03,1.125333e-02,0.000000e+00,0.000000e+00
2199,14,28899,1.309903e-03,5.041317e-03,1.192023e-02,0.000000e+00,0.000000e+00
2200,11,28910,9.926208e-04,5.101211e-03,1.089000e-02,0.000000e+00,0.000000e+00
2201,13,28923,9.422701e-04,4.955694e-03,1.016592e-02,0.000000e+00,0.000000e+00
2202,13,28936,1.090101e-03,4.898138e-03,1.072232e-02,0.000000e+00,0.000000e+00
2203,13,28949,1.030170e-03,4.873715e-03,1.000000e-02,0.000000e+00,0.000000e+00
2204,14,28963,9.741546e-04,4.999205e-03,1.000000e-02,0.000000e+00,0.000000e+00
2205,19,28982,8.694691e-04,4.888313e-03,9.822488e-03,0.000000e+00,0.000000e+00
2206,16,28998,8.816805e-04,4.927216e-03,1.021169e-02,0.000000e+00,0.000000e+00
2207,12,29010,1.078228e-03,4.897189e-03,1.071079e-02,0.000000e+00,0.000000e+00
HIST {'total_samples': 2407506, 'floor_samples': 0, 'floor_fraction': 0.0, 'saturation_depth': 0.0, 'boundaries': 2208, 'capped_boundaries': 0, 'unfinished_worlds': 0}
2208,10,29020,1.378781e-03,5.064046e-03,1.000000e-02,0.000000e+00,0.000000e+00
2209,12,29032,1.099603e-03,4.998804e-03,1.167861e-02,0.000000e+00,0.000000e+00
2210,12,29044,1.214960e-03,5.105786e-03,1.243779e-02,0.000000e+00,0.000000e+00
2211,11,29055,1.118416e-03,4.942426e-03,1.000000e-02,0.000000e+00,0.000000e+00
2212,13,29068,1.183008e-03,4.982535e-03,1.144488e-02,0.000000e+00,0.000000e+00
2213,12,29080,8.774528e-04,5.047845e-03,1.000000e-02,0.000000e+00,0.000000e+00
2214,19,29099,8.334454e-04,4.973014e-03,1.058153e-02,0.000000e+00,0.000000e+00
2215,11,29110,7.590165e-04,4.990220e-03,1.769182e-02,0.000000e+00,0.000000e+00
2216,12,29122,1.267159e-03,5.028435e-03,1.263979e-02,0.000000e+00,0.000000e+00
2217,13,29135,1.283385e-03,4.916898e-03,9.248198e-03,0.000000e+00,0.000000e+00
2218,13,29148,1.034997e-03,4.954605e-03,1.563945e-02,0.000000e+00,0.000000e+00
2219,11,29159,1.042837e-03,4.951256e-03,1.000000e-02,0.000000e+00,0.000000e+00
2220,12,29171,1.196765e-03,5.076973e-03,1.317690e-02,0.000000e+00,0.000000e+00
2221,13,29184,1.123330e-03,4.967274e-03,1.000000e-02,0.000000e+00,0.000000e+00
2222,10,29194,1.320421e-03,5.060183e-03,1.027703e-02,0.000000e+00,0.000000e+00
2223,11,29205,1.054024e-03,4.981150e-03,1.000000e-02,0.000000e+00,0.000000e+00
2224,17,29222,5.977598e-04,5.026127e-03,1.197900e-02,0.000000e+00,0.000000e+00
2225,11,29233,1.274848e-03,4.909033e-03,1.000000e-02,0.000000e+00,0.000000e+00
2226,13,29246,1.120521e-03,4.912338e-03,1.089589e-02,0.000000e+00,0.000000e+00
2227,13,29259,1.018970e-03,4.801537e-03,1.051567e-02,0.000000e+00,0.000000e+00
2228,12,29271,1.280028e-03,4.950481e-03,1.226067e-02,0.000000e+00,0.000000e+00
2229,14,29285,9.660168e-04,4.912744e-03,1.098087e-02,0.000000e+00,0.000000e+00
2230,12,29297,1.144845e-03,5.101006e-03,1.351861e-02,0.000000e+00,0.000000e+00
2231,11,29308,9.973724e-04,5.035092e-03,1.287975e-02,0.000000e+00,0.000000e+00
2232,13,29321,8.837453e-04,5.105784e-03,1.142194e-02,0.000000e+00,0.000000e+00
2233,14,29335,1.005994e-03,4.989981e-03,1.224995e-02,0.000000e+00,0.000000e+00
2234,11,29346,1.437938e-03,5.051068e-03,1.164380e-02,0.000000e+00,0.000000e+00
2235,11,29357,1.319523e-03,4.975806e-03,1.000000e-02,0.000000e+00,0.000000e+00
2236,12,29369,1.135401e-03,5.116154e-03,1.208932e-02,0.000000e+00,0.000000e+00
2237,13,29382,9.912420e-04,5.070182e-03,1.000000e-02,0.000000e+00,0.000000e+00
2238,10,29392,1.285546e-03,5.178067e-03,1.223240e-02,0.000000e+00,0.000000e+00
2239,11,29403,1.221017e-03,5.152092e-03,1.117731e-02,0.000000e+00,0.000000e+00
2240,17,29420,9.941147e-04,5.210657e-03,1.089000e-02,0.000000e+00,0.000000e+00
2241,17,29437,8.814108e-04,5.013946e-03,1.049296e-02,0.000000e+00,0.000000e+00
2242,14,29451,1.196714e-03,5.208655e-03,1.088758e-02,0.000000e+00,0.000000e+00
2243,14,29465,1.384225e-03,5.131124e-03,1.040075e-02,0.000000e+00,0.000000e+00
2244,12,29477,1.174930e-03,5.278418e-03,1.116608e-02,0.000000e+00,0.000000e+00
2245,19,29496,7.652846e-04,5.121163e-03,1.000000e-02,0.000000e+00,0.000000e+00
2246,12,29508,1.190845e-03,5.230204e-03,1.180009e-02,0.000000e+00,0.000000e+00
2247,13,29521,1.094833e-03,5.230895e-03,1.061670e-02,0.000000e+00,0.000000e+00
2248,12,29533,1.085312e-03,5.338179e-03,1.153291e-02,0.000000e+00,0.000000e+00
2249,13,29546,1.165881e-03,5.301518e-03,1.134409e-02,0.000000e+00,0.000000e+00
2250,16,29562,9.720977e-04,5.191706e-03,1.089000e-02,0.000000e+00,0.000000e+00
2251,13,29575,1.139650e-03,5.135234e-03,1.015168e-02,0.000000e+00,0.000000e+00
2252,12,29587,9.933836e-04,5.121606e-03,1.067838e-02,0.000000e+00,0.000000e+00
2253,10,29597,1.082394e-03,5.135172e-03,1.080876e-02,0.000000e+00,0.000000e+00
2254,17,29614,1.135922e-03,5.261651e-03,1.199056e-02,0.000000e+00,0.000000e+00
2255,12,29626,1.288671e-03,5.135885e-03,1.061503e-02,0.000000e+00,0.000000e+00
HIST {'total_samples': 2460479, 'floor_samples': 0, 'floor_fraction': 0.0, 'saturation_depth': 0.0, 'boundaries': 2256, 'capped_boundaries': 0, 'unfinished_worlds': 0}
2256,11,29637,1.066103e-03,5.206694e-03,1.154583e-02,0.000000e+00,0.000000e+00
2257,12,29649,9.390644e-04,5.042098e-03,1.000000e-02,0.000000e+00,0.000000e+00
2258,11,29660,7.713791e-04,5.054496e-03,1.317690e-02,0.000000e+00,0.000000e+00
2259,17,29677,1.209824e-03,5.001787e-03,1.000000e-02,0.000000e+00,0.000000e+00
2260,21,29698,7.385403e-04,5.149758e-03,1.594405e-02,0.000000e+00,0.000000e+00
2261,12,29710,9.954008e-04,5.109808e-03,1.000000e-02,0.000000e+00,0.000000e+00
2262,12,29722,1.009994e-03,5.162083e-03,1.000584e-02,0.000000e+00,0.000000e+00
2263,13,29735,1.362369e-03,4.983583e-03,1.056798e-02,0.000000e+00,0.000000e+00
2264,13,29748,1.226046e-03,4.994387e-03,1.089000e-02,0.000000e+00,0.000000e+00
2265,10,29758,1.234306e-03,5.055514e-03,1.033536e-02,0.000000e+00,0.000000e+00
2266,11,29769,9.151926e-04,5.218999e-03,1.317690e-02,0.000000e+00,0.000000e+00
2267,12,29781,9.152928e-04,5.164129e-03,1.269137e-02,0.000000e+00,0.000000e+00
2268,12,29793,1.401337e-03,5.199986e-03,1.232734e-02,0.000000e+00,0.000000e+00
2269,10,29803,1.364616e-03,4.952191e-03,1.000000e-02,0.000000e+00,0.000000e+00
2270,12,29815,1.220123e-03,5.076640e-03,1.317690e-02,0.000000e+00,0.000000e+00
2271,11,29826,1.157298e-03,4.967495e-03,1.229781e-02,0.000000e+00,0.000000e+00
2272,16,29842,1.404227e-03,5.093333e-03,1.429310e-02,0.000000e+00,0.000000e+00
2273,12,29854,1.116650e-03,5.086768e-03,1.183179e-02,0.000000e+00,0.000000e+00
2274,12,29866,1.141805e-03,5.142472e-03,1.093144e-02,0.000000e+00,0.000000e+00
2275,15,29881,1.495308e-03,5.060152e-03,1.000000e-02,0.000000e+00,0.000000e+00
2276,11,29892,1.053445e-03,5.210988e-03,1.168769e-02,0.000000e+00,0.000000e+00
2277,13,29905,1.149915e-03,5.124950e-03,1.000000e-02,0.000000e+00,0.000000e+00
2278,13,29918,1.352093e-03,5.228578e-03,1.080411e-02,0.000000e+00,0.000000e+00
2279,15,29933,9.081232e-04,4.944906e-03,1.000000e-02,0.000000e+00,0.000000e+00
2280,15,29948,1.084698e-03,5.045533e-03,1.089000e-02,0.000000e+00,0.000000e+00
2281,13,29961,1.155414e-03,4.924066e-03,1.314477e-02,0.000000e+00,0.000000e+00
2282,16,29977,9.893094e-04,5.144415e-03,1.281506e-02,0.000000e+00,0.000000e+00
2283,12,29989,1.145945e-03,5.043191e-03,1.133817e-02,0.000000e+00,0.000000e+00
2284,11,30000,1.479975e-03,5.146897e-03,1.058973e-02,0.000000e+00,0.000000e+00
2285,15,30015,7.702194e-04,4.988047e-03,1.000000e-02,0.000000e+00,0.000000e+00
2286,11,30026,8.514169e-04,5.205825e-03,1.091727e-02,0.000000e+00,0.000000e+00
2287,14,30040,8.596713e-04,5.147315e-03,1.000000e-02,0.000000e+00,0.000000e+00
2288,11,30051,1.328455e-03,5.146975e-03,1.042427e-02,0.000000e+00,0.000000e+00
2289,15,30066,1.328455e-03,5.142622e-03,1.077943e-02,0.000000e+00,0.000000e+00
2290,16,30082,8.851161e-04,5.040130e-03,1.002232e-02,0.000000e+00,0.000000e+00
2291,12,30094,7.897054e-04,5.117829e-03,1.010672e-02,0.000000e+00,0.000000e+00
2292,15,30109,9.763738e-04,5.106545e-03,1.334316e-02,0.000000e+00,0.000000e+00
2293,15,30124,8.600486e-04,5.102754e-03,1.000000e-02,0.000000e+00,0.000000e+00
2294,10,30134,1.173977e-03,5.214940e-03,1.379718e-02,0.000000e+00,0.000000e+00
2295,14,30148,1.173977e-03,4.986581e-03,1.000000e-02,0.000000e+00,0.000000e+00
2296,21,30169,6.675373e-04,4.945920e-03,1.000000e-02,0.000000e+00,0.000000e+00
2297,15,30184,7.174186e-04,4.993468e-03,1.006588e-02,0.000000e+00,0.000000e+00
2298,10,30194,1.173977e-03,5.108303e-03,1.148696e-02,0.000000e+00,0.000000e+00
2299,10,30204,1.173977e-03,4.998226e-03,1.000000e-02,0.000000e+00,0.000000e+00
2300,10,30214,1.043978e-03,5.194563e-03,1.089000e-02,0.000000e+00,0.000000e+00
2301,12,30226,7.201973e-04,5.091360e-03,1.000000e-02,0.000000e+00,0.000000e+00
2302,12,30238,1.043978e-03,5.155052e-03,1.300434e-02,0.000000e+00,0.000000e+00
2303,14,30252,9.629260e-04,4.967348e-03,1.000000e-02,0.000000e+00,0.000000e+00
HIST {'total_samples': 2513492, 'floor_samples': 0, 'floor_fraction': 0.0, 'saturation_depth': 0.0, 'boundaries': 2304, 'capped_boundaries': 0, 'unfinished_worlds': 0}
2304,12,30264,1.043978e-03,5.055395e-03,1.123981e-02,0.000000e+00,0.000000e+00
2305,11,30275,1.043978e-03,4.996745e-03,1.080895e-02,0.000000e+00,0.000000e+00
2306,10,30285,1.043978e-03,5.092656e-03,1.238890e-02,0.000000e+00,0.000000e+00
2307,11,30296,7.657921e-04,5.006964e-03,1.000000e-02,0.000000e+00,0.000000e+00
2308,15,30311,8.715791e-04,5.108756e-03,1.088517e-02,0.000000e+00,0.000000e+00
2309,13,30324,1.043978e-03,4.920076e-03,1.025745e-02,0.000000e+00,0.000000e+00
2310,12,30336,9.342555e-04,4.996425e-03,1.089000e-02,0.000000e+00,0.000000e+00
2311,13,30349,9.342555e-04,4.926455e-03,1.000000e-02,0.000000e+00,0.000000e+00
2312,15,30364,9.342555e-04,5.094379e-03,1.469707e-02,0.000000e+00,0.000000e+00
2313,13,30377,9.342555e-04,5.099854e-03,1.119938e-02,0.000000e+00,0.000000e+00
2314,16,30393,9.342555e-04,5.236763e-03,1.317690e-02,0.000000e+00,0.000000e+00
2315,18,30411,7.190086e-04,5.031395e-03,1.095074e-02,0.000000e+00,0.000000e+00
2316,14,30425,7.190086e-04,5.233252e-03,1.142775e-02,0.000000e+00,0.000000e+00
2317,14,30439,7.190086e-04,5.090767e-03,9.633794e-03,0.000000e+00,0.000000e+00
2318,14,30453,7.190086e-04,5.220911e-03,1.319030e-02,0.000000e+00,0.000000e+00
2319,16,30469,6.422541e-04,5.023041e-03,1.000000e-02,0.000000e+00,0.000000e+00
2320,16,30485,6.422541e-04,5.184993e-03,1.089000e-02,0.000000e+00,0.000000e+00
2321,16,30501,6.422541e-04,5.209042e-03,1.088168e-02,0.000000e+00,0.000000e+00
2322,16,30517,6.422541e-04,5.351151e-03,1.352045e-02,0.000000e+00,0.000000e+00
2323,18,30535,5.718538e-04,5.223983e-03,1.240690e-02,0.000000e+00,0.000000e+00
2324,12,30547,1.400343e-03,5.350443e-03,1.131804e-02,0.000000e+00,0.000000e+00
2325,11,30558,1.215465e-03,5.285279e-03,1.204102e-02,0.000000e+00,0.000000e+00
2326,15,30573,8.895604e-04,5.184343e-03,1.000000e-02,0.000000e+00,0.000000e+00
2327,17,30590,6.277551e-04,5.178601e-03,1.029795e-02,0.000000e+00,0.000000e+00
2328,12,30602,9.783865e-04,5.251538e-03,1.164669e-02,0.000000e+00,0.000000e+00
2329,18,30620,9.236471e-04,5.013198e-03,1.281136e-02,0.000000e+00,0.000000e+00
2330,13,30633,6.089516e-04,5.065248e-03,1.238821e-02,0.000000e+00,0.000000e+00
2331,12,30645,4.985269e-04,5.075463e-03,1.044772e-02,0.000000e+00,0.000000e+00
2332,12,30657,1.099798e-03,5.065016e-03,1.294271e-02,0.000000e+00,0.000000e+00
2333,10,30667,1.125196e-03,5.037613e-03,1.240924e-02,0.000000e+00,0.000000e+00
2334,11,30678,1.414226e-03,5.189078e-03,1.643685e-02,0.000000e+00,0.000000e+00
2335,14,30692,7.817643e-04,4.990091e-03,1.041235e-02,0.000000e+00,0.000000e+00
2336,13,30705,1.460342e-03,5.097600e-03,1.232280e-02,0.000000e+00,0.000000e+00
2337,10,30715,1.437402e-03,5.012924e-03,1.000000e-02,0.000000e+00,0.000000e+00
2338,14,30729,1.185578e-03,4.921571e-03,1.166187e-02,0.000000e+00,0.000000e+00
2339,11,30740,1.010927e-03,5.053569e-03,1.000000e-02,0.000000e+00,0.000000e+00
2340,11,30751,1.123537e-03,5.063242e-03,1.223665e-02,0.000000e+00,0.000000e+00
2341,15,30766,8.956029e-04,5.003537e-03,9.878395e-03,0.000000e+00,0.000000e+00
2342,12,30778,1.462174e-03,4.981663e-03,1.006022e-02,0.000000e+00,0.000000e+00
2343,13,30791,1.171921e-03,4.926648e-03,9.651540e-03,0.000000e+00,0.000000e+00
2344,12,30803,1.269644e-03,5.008900e-03,1.089000e-02,0.000000e+00,0.000000e+00
2345,13,30816,1.181218e-03,4.955633e-03,1.197900e-02,0.000000e+00,0.000000e+00
2346,11,30827,1.467726e-03,4.979204e-03,1.171072e-02,0.000000e+00,0.000000e+00
2347,12,30839,1.371653e-03,4.939330e-03,1.022227e-02,0.000000e+00,0.000000e+00
2348,12,30851,1.061955e-03,4.938100e-03,1.108440e-02,0.000000e+00,0.000000e+00
2349,12,30863,9.825241e-04,4.976322e-03,1.000000e-02,0.000000e+00,0.000000e+00
2350,11,30874,1.129060e-03,5.044619e-03,1.187477e-02,0.000000e+00,0.000000e+00
2351,13,30887,1.115550e-03,5.009716e-03,1.000000e-02,0.000000e+00,0.000000e+00
HIST {'total_samples': 2567216, 'floor_samples': 0, 'floor_fraction': 0.0, 'saturation_depth': 0.0, 'boundaries': 2352, 'capped_boundaries': 0, 'unfinished_worlds': 0}
2352,15,30902,8.452325e-04,5.041255e-03,1.061287e-02,0.000000e+00,0.000000e+00
2353,12,30914,1.199996e-03,4.955188e-03,1.000000e-02,0.000000e+00,0.000000e+00
2354,15,30929,1.198313e-03,4.972176e-03,1.024467e-02,0.000000e+00,0.000000e+00
2355,11,30940,1.294789e-03,5.009937e-03,1.000000e-02,0.000000e+00,0.000000e+00
2356,13,30953,8.427553e-04,5.120064e-03,1.088561e-02,0.000000e+00,0.000000e+00
2357,13,30966,1.212332e-03,5.014698e-03,1.000000e-02,0.000000e+00,0.000000e+00
2358,13,30979,8.467202e-04,5.072413e-03,1.086416e-02,0.000000e+00,0.000000e+00
2359,14,30993,1.334985e-03,5.019801e-03,1.000000e-02,0.000000e+00,0.000000e+00
2360,13,31006,1.009818e-03,5.090136e-03,1.129439e-02,0.000000e+00,0.000000e+00
2361,12,31018,8.828111e-04,5.112810e-03,1.025569e-02,0.000000e+00,0.000000e+00
2362,11,31029,1.176871e-03,5.220667e-03,1.287975e-02,0.000000e+00,0.000000e+00
2363,12,31041,1.525554e-03,5.092707e-03,1.095560e-02,0.000000e+00,0.000000e+00
2364,11,31052,1.635914e-03,5.222657e-03,1.205116e-02,0.000000e+00,0.000000e+00
2365,13,31065,1.265674e-03,5.163595e-03,1.000000e-02,0.000000e+00,0.000000e+00
2366,10,31075,1.618865e-03,5.329193e-03,1.362446e-02,0.000000e+00,0.000000e+00
2367,10,31085,1.038190e-03,5.258778e-03,1.097480e-02,0.000000e+00,0.000000e+00
2368,12,31097,9.713873e-04,5.162629e-03,1.973709e-02,0.000000e+00,0.000000e+00
2369,12,31109,9.102297e-04,4.956585e-03,1.000000e-02,0.000000e+00,0.000000e+00
2370,14,31123,1.088059e-03,5.083408e-03,1.039171e-02,0.000000e+00,0.000000e+00
2371,14,31137,1.063749e-03,4.937089e-03,1.054175e-02,0.000000e+00,0.000000e+00
2372,14,31151,1.039793e-03,4.926927e-03,1.176316e-02,0.000000e+00,0.000000e+00
2373,14,31165,1.256970e-03,4.942227e-03,1.000000e-02,0.000000e+00,0.000000e+00
2374,11,31176,7.973476e-04,5.069871e-03,1.116564e-02,0.000000e+00,0.000000e+00
2375,13,31189,1.123627e-03,5.033392e-03,1.000000e-02,0.000000e+00,0.000000e+00
2376,13,31202,1.094054e-03,5.005457e-03,1.114849e-02,0.000000e+00,0.000000e+00
2377,12,31214,1.162487e-03,4.976806e-03,1.012580e-02,0.000000e+00,0.000000e+00
2378,14,31228,9.620046e-04,5.036402e-03,1.089000e-02,0.000000e+00,0.000000e+00
2379,17,31245,7.033722e-04,5.062264e-03,1.197900e-02,0.000000e+00,0.000000e+00
2380,11,31256,1.101782e-03,5.056962e-03,1.059265e-02,0.000000e+00,0.000000e+00
2381,13,31269,1.200051e-03,4.960398e-03,1.000000e-02,0.000000e+00,0.000000e+00
2382,17,31286,8.260856e-04,4.922382e-03,1.281710e-02,0.000000e+00,0.000000e+00
2383,14,31300,8.411682e-04,4.922423e-03,1.136707e-02,0.000000e+00,0.000000e+00
2384,11,31311,1.238604e-03,4.846025e-03,1.256106e-02,0.000000e+00,0.000000e+00
2385,20,31331,7.603162e-04,4.748928e-03,1.076856e-02,0.000000e+00,0.000000e+00
2386,14,31345,1.247375e-03,4.812742e-03,1.089000e-02,0.000000e+00,0.000000e+00
2387,12,31357,1.148586e-03,4.829939e-03,1.000000e-02,0.000000e+00,0.000000e+00
2388,13,31370,1.254730e-03,4.986228e-03,1.000000e-02,0.000000e+00,0.000000e+00
2389,18,31388,8.825539e-04,4.944684e-03,1.000000e-02,0.000000e+00,0.000000e+00
2390,12,31400,1.112487e-03,4.902002e-03,1.198927e-02,0.000000e+00,0.000000e+00
2391,17,31417,8.353307e-04,4.868156e-03,1.067991e-02,0.000000e+00,0.000000e+00
2392,13,31430,1.107058e-03,4.889471e-03,9.598768e-03,0.000000e+00,0.000000e+00
2393,25,31455,6.172185e-04,4.876393e-03,1.134840e-02,0.000000e+00,0.000000e+00
2394,23,31478,4.259387e-04,4.881254e-03,1.060574e-02,0.000000e+00,0.000000e+00
2395,16,31494,1.123814e-03,4.840281e-03,1.004163e-02,0.000000e+00,0.000000e+00
2396,13,31507,8.447739e-04,4.845338e-03,1.081750e-02,0.000000e+00,0.000000e+00
2397,14,31521,1.135534e-03,4.830110e-03,1.000000e-02,0.000000e+00,0.000000e+00
2398,12,31533,1.023240e-03,4.835425e-03,1.136157e-02,0.000000e+00,0.000000e+00
2399,15,31548,8.295808e-04,4.734790e-03,1.000000e-02,0.000000e+00,0.000000e+00
HIST {'total_samples': 2622136, 'floor_samples': 0, 'floor_fraction': 0.0, 'saturation_depth': 0.0, 'boundaries': 2400, 'capped_boundaries': 0, 'unfinished_worlds': 0}
2400,16,31564,9.020559e-04,4.782164e-03,1.095123e-02,0.000000e+00,0.000000e+00
2401,17,31581,9.617217e-04,4.717169e-03,9.455773e-03,0.000000e+00,0.000000e+00
2402,14,31595,1.233233e-03,4.861136e-03,1.197900e-02,0.000000e+00,0.000000e+00
2403,17,31612,7.021311e-04,4.738881e-03,1.000000e-02,0.000000e+00,0.000000e+00
2404,18,31630,9.522237e-04,4.755703e-03,1.227087e-02,0.000000e+00,0.000000e+00
2405,23,31653,9.636623e-04,4.728760e-03,1.000000e-02,0.000000e+00,0.000000e+00
2406,13,31666,1.159936e-03,4.845118e-03,1.000000e-02,0.000000e+00,0.000000e+00
2407,14,31680,1.338178e-03,4.857529e-03,1.000000e-02,0.000000e+00,0.000000e+00
2408,12,31692,1.065640e-03,4.834776e-03,1.030323e-02,0.000000e+00,0.000000e+00
2409,15,31707,7.507655e-04,4.898934e-03,1.001703e-02,0.000000e+00,0.000000e+00
2410,26,31733,5.222882e-04,4.800111e-03,1.175483e-02,0.000000e+00,0.000000e+00
2411,19,31752,7.443021e-04,4.725639e-03,1.000000e-02,0.000000e+00,0.000000e+00
2412,11,31763,8.285924e-04,4.985940e-03,1.089000e-02,0.000000e+00,0.000000e+00
2413,12,31775,9.255679e-04,4.935761e-03,1.197900e-02,0.000000e+00,0.000000e+00
2414,12,31787,1.276347e-03,4.966115e-03,1.066507e-02,0.000000e+00,0.000000e+00
2415,11,31798,9.428668e-04,4.873657e-03,9.153771e-03,0.000000e+00,0.000000e+00
2416,13,31811,1.047294e-03,4.816933e-03,1.122537e-02,0.000000e+00,0.000000e+00
2417,12,31823,7.639017e-04,4.870675e-03,1.000000e-02,0.000000e+00,0.000000e+00
2418,12,31835,8.199366e-04,4.925742e-03,1.242968e-02,0.000000e+00,0.000000e+00
2419,10,31845,1.191077e-03,4.924543e-03,1.000000e-02,0.000000e+00,0.000000e+00
2420,11,31856,1.279888e-03,5.071028e-03,1.030673e-02,0.000000e+00,0.000000e+00
2421,11,31867,1.283743e-03,4.980470e-03,1.054077e-02,0.000000e+00,0.000000e+00
2422,10,31877,1.308679e-03,5.024008e-03,1.275044e-02,0.000000e+00,0.000000e+00
2423,22,31899,7.890799e-04,4.858575e-03,1.000000e-02,0.000000e+00,0.000000e+00
2424,13,31912,1.079529e-03,5.002996e-03,1.117437e-02,0.000000e+00,0.000000e+00
2425,11,31923,9.933772e-04,4.932518e-03,1.037175e-02,0.000000e+00,0.000000e+00
2426,10,31933,1.318310e-03,5.053990e-03,1.027631e-02,0.000000e+00,0.000000e+00
2427,15,31948,8.733238e-04,4.995074e-03,1.021650e-02,0.000000e+00,0.000000e+00
2428,11,31959,1.283734e-03,5.064609e-03,1.254900e-02,0.000000e+00,0.000000e+00
2429,16,31975,7.679362e-04,5.089068e-03,1.000000e-02,0.000000e+00,0.000000e+00
2430,15,31990,1.056600e-03,5.189150e-03,1.241477e-02,0.000000e+00,0.000000e+00
2431,13,32003,7.685230e-04,5.044620e-03,1.000000e-02,0.000000e+00,0.000000e+00
2432,12,32015,1.453130e-03,5.089231e-03,1.089577e-02,0.000000e+00,0.000000e+00
2433,9,32024,1.036472e-03,5.050111e-03,1.216132e-02,0.000000e+00,0.000000e+00
2434,16,32040,1.076050e-03,5.149875e-03,1.145984e-02,0.000000e+00,0.000000e+00
2435,14,32054,1.288244e-03,5.114089e-03,1.026380e-02,0.000000e+00,0.000000e+00
2436,15,32069,7.190828e-04,5.097123e-03,1.052633e-02,0.000000e+00,0.000000e+00
2437,12,32081,1.116051e-03,4.977742e-03,1.000000e-02,0.000000e+00,0.000000e+00
2438,11,32092,1.131141e-03,5.062574e-03,1.000000e-02,0.000000e+00,0.000000e+00
2439,13,32105,1.082480e-03,5.013864e-03,1.000000e-02,0.000000e+00,0.000000e+00
2440,11,32116,1.149184e-03,5.120737e-03,1.391171e-02,0.000000e+00,0.000000e+00
2441,12,32128,1.196330e-03,5.107125e-03,1.000000e-02,0.000000e+00,0.000000e+00
2442,11,32139,1.041347e-03,5.043941e-03,1.213490e-02,0.000000e+00,0.000000e+00
2443,13,32152,1.146212e-03,5.032191e-03,1.096431e-02,0.000000e+00,0.000000e+00
2444,10,32162,1.223753e-03,5.180480e-03,1.053597e-02,0.000000e+00,0.000000e+00
2445,15,32177,1.131798e-03,5.096484e-03,1.000000e-02,0.000000e+00,0.000000e+00
2446,14,32191,1.060888e-03,5.113446e-03,1.000000e-02,0.000000e+00,0.000000e+00
2447,13,32204,1.386700e-03,5.169902e-03,9.621463e-03,0.000000e+00,0.000000e+00
HIST {'total_samples': 2676677, 'floor_samples': 0, 'floor_fraction': 0.0, 'saturation_depth': 0.0, 'boundaries': 2448, 'capped_boundaries': 0, 'unfinished_worlds': 0}
2448,14,32218,5.328706e-04,5.138572e-03,1.296567e-02,0.000000e+00,0.000000e+00
2449,13,32231,1.272639e-03,5.134308e-03,1.176154e-02,0.000000e+00,0.000000e+00
2450,17,32248,1.159348e-03,5.175965e-03,1.076311e-02,0.000000e+00,0.000000e+00
2451,10,32258,1.179912e-03,5.003303e-03,1.222567e-02,0.000000e+00,0.000000e+00
2452,12,32270,1.292725e-03,5.161851e-03,1.000000e-02,0.000000e+00,0.000000e+00
2453,11,32281,1.654278e-03,5.166349e-03,1.000000e-02,0.000000e+00,0.000000e+00
2454,12,32293,9.898358e-04,5.097504e-03,1.089000e-02,0.000000e+00,0.000000e+00
2455,10,32303,1.370069e-03,5.164124e-03,1.000000e-02,0.000000e+00,0.000000e+00
2456,16,32319,1.240017e-03,5.190707e-03,1.287975e-02,0.000000e+00,0.000000e+00
2457,12,32331,1.074147e-03,5.143816e-03,1.000000e-02,0.000000e+00,0.000000e+00
2458,9,32340,1.530675e-03,5.390713e-03,1.086321e-02,0.000000e+00,0.000000e+00
2459,18,32358,1.147342e-03,5.162300e-03,1.000000e-02,0.000000e+00,0.000000e+00
2460,14,32372,1.138207e-03,5.224406e-03,1.264239e-02,0.000000e+00,0.000000e+00
2461,13,32385,9.767321e-04,5.091536e-03,1.000000e-02,0.000000e+00,0.000000e+00
2462,12,32397,1.010657e-03,5.379456e-03,1.287975e-02,0.000000e+00,0.000000e+00
2463,12,32409,9.032966e-04,5.184292e-03,1.287975e-02,0.000000e+00,0.000000e+00
2464,15,32424,7.882438e-04,5.226597e-03,1.144429e-02,0.000000e+00,0.000000e+00
2465,16,32440,8.041612e-04,5.216743e-03,1.287975e-02,0.000000e+00,0.000000e+00
2466,12,32452,1.082297e-03,5.243404e-03,1.291750e-02,0.000000e+00,0.000000e+00
2467,22,32474,4.400690e-04,5.113963e-03,1.000000e-02,0.000000e+00,0.000000e+00
2468,13,32487,8.272686e-04,5.245029e-03,1.051289e-02,0.000000e+00,0.000000e+00
2469,17,32504,8.714832e-04,5.008046e-03,1.000000e-02,0.000000e+00,0.000000e+00
2470,14,32518,1.322645e-03,5.206441e-03,1.174743e-02,0.000000e+00,0.000000e+00
2471,15,32533,8.778119e-04,5.095348e-03,1.000000e-02,0.000000e+00,0.000000e+00
2472,18,32551,8.608997e-04,5.040306e-03,1.000000e-02,0.000000e+00,0.000000e+00
2473,13,32564,1.153975e-03,5.002443e-03,8.961512e-03,0.000000e+00,0.000000e+00
2474,14,32578,9.984358e-04,5.178024e-03,1.197900e-02,0.000000e+00,0.000000e+00
2475,20,32598,7.589055e-04,4.970106e-03,1.000000e-02,0.000000e+00,0.000000e+00
2476,17,32615,8.667277e-04,5.191224e-03,1.168436e-02,0.000000e+00,0.000000e+00
2477,14,32629,1.225984e-03,5.190835e-03,1.211610e-02,0.000000e+00,0.000000e+00
2478,11,32640,1.329398e-03,5.202609e-03,1.341636e-02,0.000000e+00,0.000000e+00
2479,15,32655,5.584720e-04,5.099153e-03,1.113018e-02,0.000000e+00,0.000000e+00
2480,13,32668,1.066105e-03,5.158304e-03,1.260987e-02,0.000000e+00,0.000000e+00
2481,12,32680,1.140976e-03,5.069027e-03,1.101575e-02,0.000000e+00,0.000000e+00
2482,17,32697,1.193803e-03,5.192230e-03,1.406449e-02,0.000000e+00,0.000000e+00
2483,15,32712,9.937116e-04,5.076739e-03,1.120496e-02,0.000000e+00,0.000000e+00
2484,13,32725,9.716246e-04,5.150713e-03,1.165391e-02,0.000000e+00,0.000000e+00
2485,13,32738,8.843532e-04,5.050627e-03,1.000000e-02,0.000000e+00,0.000000e+00
2486,20,32758,1.002252e-03,5.211879e-03,1.231815e-02,0.000000e+00,0.000000e+00
2487,11,32769,1.144761e-03,5.013034e-03,1.000000e-02,0.000000e+00,0.000000e+00
2488,12,32781,1.374065e-03,5.208336e-03,1.000000e-02,0.000000e+00,0.000000e+00
2489,12,32793,9.417678e-04,5.119927e-03,1.000000e-02,0.000000e+00,0.000000e+00
2490,11,32804,1.702696e-03,5.122302e-03,1.094233e-02,0.000000e+00,0.000000e+00
2491,11,32815,1.165284e-03,4.955462e-03,1.000000e-02,0.000000e+00,0.000000e+00
2492,11,32826,1.444804e-03,5.117889e-03,1.343657e-02,0.000000e+00,0.000000e+00
2493,15,32841,8.486385e-04,5.038065e-03,1.000000e-02,0.000000e+00,0.000000e+00
2494,13,32854,7.798386e-04,5.244008e-03,1.412599e-02,0.000000e+00,0.000000e+00
2495,13,32867,1.354935e-03,5.169435e-03,1.130904e-02,0.000000e+00,0.000000e+00
HIST {'total_samples': 2729717, 'floor_samples': 0, 'floor_fraction': 0.0, 'saturation_depth': 0.0, 'boundaries': 2496, 'capped_boundaries': 0, 'unfinished_worlds': 0}
2496,14,32881,1.232272e-03,5.099029e-03,1.096653e-02,0.000000e+00,0.000000e+00
2497,15,32896,9.673533e-04,5.123232e-03,1.000000e-02,0.000000e+00,0.000000e+00
2498,21,32917,7.572550e-04,5.024129e-03,9.787799e-03,0.000000e+00,0.000000e+00
2499,10,32927,1.085924e-03,5.030383e-03,1.117259e-02,0.000000e+00,0.000000e+00
2500,10,32937,1.127776e-03,5.037963e-03,1.000000e-02,0.000000e+00,0.000000e+00
2501,11,32948,1.294361e-03,4.971104e-03,1.048225e-02,0.000000e+00,0.000000e+00
2502,17,32965,8.038961e-04,5.055740e-03,1.018835e-02,0.000000e+00,0.000000e+00
2503,12,32977,1.056936e-03,4.981108e-03,1.168710e-02,0.000000e+00,0.000000e+00
2504,14,32991,1.236647e-03,5.036411e-03,1.210404e-02,0.000000e+00,0.000000e+00
2505,12,33003,1.297243e-03,4.959034e-03,1.000000e-02,0.000000e+00,0.000000e+00
2506,13,33016,9.574014e-04,4.951242e-03,1.237424e-02,0.000000e+00,0.000000e+00
2507,13,33029,1.127450e-03,4.983428e-03,1.000000e-02,0.000000e+00,0.000000e+00
2508,12,33041,9.348554e-04,5.016747e-03,1.222372e-02,0.000000e+00,0.000000e+00
2509,15,33056,9.699633e-04,5.017454e-03,1.026389e-02,0.000000e+00,0.000000e+00
2510,14,33070,6.745590e-04,4.965228e-03,1.146320e-02,0.000000e+00,0.000000e+00
2511,17,33087,7.603590e-04,4.889616e-03,1.000000e-02,0.000000e+00,0.000000e+00
2512,17,33104,7.970212e-04,4.948905e-03,1.158745e-02,0.000000e+00,0.000000e+00
2513,16,33120,7.470670e-04,4.859616e-03,1.022444e-02,0.000000e+00,0.000000e+00
2514,12,33132,8.196922e-04,4.928777e-03,1.102515e-02,0.000000e+00,0.000000e+00
2515,11,33143,1.034028e-03,4.934894e-03,1.000000e-02,0.000000e+00,0.000000e+00
2516,17,33160,7.483478e-04,5.092856e-03,1.317690e-02,0.000000e+00,0.000000e+00
2517,12,33172,1.074715e-03,5.116444e-03,1.102898e-02,0.000000e+00,0.000000e+00
2518,14,33186,1.194227e-03,5.184282e-03,1.226502e-02,0.000000e+00,0.000000e+00
2519,12,33198,1.814028e-03,5.017168e-03,1.000000e-02,0.000000e+00,0.000000e+00
2520,13,33211,1.327483e-03,5.118878e-03,1.273726e-02,0.000000e+00,0.000000e+00
2521,13,33224,8.410507e-04,4.987356e-03,1.093721e-02,0.000000e+00,0.000000e+00
2522,16,33240,1.127275e-03,5.258645e-03,1.572260e-02,0.000000e+00,0.000000e+00
2523,13,33253,5.137022e-04,5.046469e-03,1.035006e-02,0.000000e+00,0.000000e+00
2524,11,33264,1.374580e-03,5.142000e-03,1.206388e-02,0.000000e+00,0.000000e+00
2525,11,33275,1.103852e-03,5.087934e-03,1.017834e-02,0.000000e+00,0.000000e+00
2526,13,33288,1.254778e-03,5.027619e-03,1.034982e-02,0.000000e+00,0.000000e+00
2527,11,33299,1.479117e-03,5.131562e-03,1.051861e-02,0.000000e+00,0.000000e+00
2528,14,33313,1.124642e-03,5.068576e-03,1.089000e-02,0.000000e+00,0.000000e+00
2529,11,33324,1.132422e-03,5.083340e-03,1.050072e-02,0.000000e+00,0.000000e+00
2530,12,33336,1.063169e-03,5.064450e-03,1.296815e-02,0.000000e+00,0.000000e+00
2531,14,33350,1.122301e-03,5.056301e-03,1.000000e-02,0.000000e+00,0.000000e+00
2532,14,33364,9.822120e-04,5.199849e-03,1.178907e-02,0.000000e+00,0.000000e+00
2533,12,33376,1.197605e-03,5.043099e-03,1.148321e-02,0.000000e+00,0.000000e+00
2534,11,33387,1.539422e-03,5.049316e-03,1.063773e-02,0.000000e+00,0.000000e+00
2535,14,33401,1.215851e-03,4.995547e-03,1.000000e-02,0.000000e+00,0.000000e+00
2536,12,33413,1.535584e-03,5.102105e-03,1.197900e-02,0.000000e+00,0.000000e+00
2537,11,33424,1.825941e-03,4.959229e-03,1.000000e-02,0.000000e+00,0.000000e+00
2538,16,33440,6.697197e-04,5.121564e-03,1.064983e-02,0.000000e+00,0.000000e+00
2539,11,33451,1.058687e-03,5.062899e-03,1.291938e-02,0.000000e+00,0.000000e+00
2540,13,33464,1.087700e-03,5.122148e-03,1.007804e-02,0.000000e+00,0.000000e+00
2541,12,33476,9.233468e-04,5.096671e-03,1.000000e-02,0.000000e+00,0.000000e+00
2542,13,33489,1.479658e-03,5.347657e-03,1.274433e-02,0.000000e+00,0.000000e+00
2543,9,33498,1.433142e-03,5.230297e-03,1.130885e-02,0.000000e+00,0.000000e+00
HIST {'total_samples': 2783421, 'floor_samples': 0, 'floor_fraction': 0.0, 'saturation_depth': 0.0, 'boundaries': 2544, 'capped_boundaries': 0, 'unfinished_worlds': 0}
2544,13,33511,1.010479e-03,5.181800e-03,1.047881e-02,0.000000e+00,0.000000e+00
2545,13,33524,1.070968e-03,5.140847e-03,1.020116e-02,0.000000e+00,0.000000e+00
2546,12,33536,8.252136e-04,5.050715e-03,1.060140e-02,0.000000e+00,0.000000e+00
2547,12,33548,9.544393e-04,5.100836e-03,1.013229e-02,0.000000e+00,0.000000e+00
2548,20,33568,3.971348e-04,5.048398e-03,1.008964e-02,0.000000e+00,0.000000e+00
2549,16,33584,1.094888e-03,4.980835e-03,9.961230e-03,0.000000e+00,0.000000e+00
2550,15,33599,1.130678e-03,5.035019e-03,9.961230e-03,0.000000e+00,0.000000e+00
2551,21,33620,5.898353e-04,5.043794e-03,9.961230e-03,0.000000e+00,0.000000e+00
2552,13,33633,1.132233e-03,5.132390e-03,1.370352e-02,0.000000e+00,0.000000e+00
2553,13,33646,1.220691e-03,4.953959e-03,1.000000e-02,0.000000e+00,0.000000e+00
2554,11,33657,1.256072e-03,5.021211e-03,1.351364e-02,0.000000e+00,0.000000e+00
2555,15,33672,1.483750e-03,4.958528e-03,1.115014e-02,0.000000e+00,0.000000e+00
2556,21,33693,9.569050e-04,5.033341e-03,1.167618e-02,0.000000e+00,0.000000e+00
2557,15,33708,1.037323e-03,5.002360e-03,1.045987e-02,0.000000e+00,0.000000e+00
2558,13,33721,1.061143e-03,4.996168e-03,1.035795e-02,0.000000e+00,0.000000e+00
2559,12,33733,1.017656e-03,5.075428e-03,1.000000e-02,0.000000e+00,0.000000e+00
2560,12,33745,1.209702e-03,5.135160e-03,1.224049e-02,0.000000e+00,0.000000e+00
2561,10,33755,1.539954e-03,5.112254e-03,1.139949e-02,0.000000e+00,0.000000e+00
2562,12,33767,1.155457e-03,5.223152e-03,1.239945e-02,0.000000e+00,0.000000e+00
2563,10,33777,1.320261e-03,5.127871e-03,1.000000e-02,0.000000e+00,0.000000e+00
2564,12,33789,9.593657e-04,5.178432e-03,1.089000e-02,0.000000e+00,0.000000e+00
2565,15,33804,1.025382e-03,5.018134e-03,1.145543e-02,0.000000e+00,0.000000e+00
2566,15,33819,9.019739e-04,5.009791e-03,1.318182e-02,0.000000e+00,0.000000e+00
2567,12,33831,1.174291e-03,5.150439e-03,1.287975e-02,0.000000e+00,0.000000e+00
2568,11,33842,1.412441e-03,5.124432e-03,1.199398e-02,0.000000e+00,0.000000e+00
2569,13,33855,1.154751e-03,4.950492e-03,1.055470e-02,0.000000e+00,0.000000e+00
2570,18,33873,1.023811e-03,5.097817e-03,1.089000e-02,0.000000e+00,0.000000e+00
2571,13,33886,1.003729e-03,5.095109e-03,1.000000e-02,0.000000e+00,0.000000e+00
2572,19,33905,6.291892e-04,5.200298e-03,1.082365e-02,0.000000e+00,0.000000e+00
2573,10,33915,1.433193e-03,5.125574e-03,1.172218e-02,0.000000e+00,0.000000e+00
2574,13,33928,1.308021e-03,5.203890e-03,1.000000e-02,0.000000e+00,0.000000e+00
2575,11,33939,1.125043e-03,5.111991e-03,9.805099e-03,0.000000e+00,0.000000e+00
2576,11,33950,6.408981e-04,5.230149e-03,1.033953e-02,0.000000e+00,0.000000e+00
2577,12,33962,1.126027e-03,5.197950e-03,9.516409e-03,0.000000e+00,0.000000e+00
2578,12,33974,9.962167e-04,5.207885e-03,1.317842e-02,0.000000e+00,0.000000e+00
2579,11,33985,1.374139e-03,5.063762e-03,1.000000e-02,0.000000e+00,0.000000e+00
2580,9,33994,1.479525e-03,5.144954e-03,1.000000e-02,0.000000e+00,0.000000e+00
2581,10,34004,1.477388e-03,5.180907e-03,9.912171e-03,0.000000e+00,0.000000e+00
2582,13,34017,9.152357e-04,5.107943e-03,1.003816e-02,0.000000e+00,0.000000e+00
2583,14,34031,1.153831e-03,5.011192e-03,9.047266e-03,0.000000e+00,0.000000e+00
2584,12,34043,1.171434e-03,5.078214e-03,1.109595e-02,0.000000e+00,0.000000e+00
2585,13,34056,1.331758e-03,5.059849e-03,1.000000e-02,0.000000e+00,0.000000e+00
2586,10,34066,1.408677e-03,5.208169e-03,1.113918e-02,0.000000e+00,0.000000e+00
2587,10,34076,1.389267e-03,5.084677e-03,9.687766e-03,0.000000e+00,0.000000e+00
2588,12,34088,9.365494e-04,5.116702e-03,1.046825e-02,0.000000e+00,0.000000e+00
2589,13,34101,1.173190e-03,5.006607e-03,9.990511e-03,0.000000e+00,0.000000e+00
2590,11,34112,9.528834e-04,5.204086e-03,1.170884e-02,0.000000e+00,0.000000e+00
2591,14,34126,9.933967e-04,5.201507e-03,1.000000e-02,0.000000e+00,0.000000e+00
HIST {'total_samples': 2836734, 'floor_samples': 0, 'floor_fraction': 0.0, 'saturation_depth': 0.0, 'boundaries': 2592, 'capped_boundaries': 0, 'unfinished_worlds': 0}
2592,15,34141,1.036782e-03,5.151698e-03,1.055684e-02,0.000000e+00,0.000000e+00
2593,12,34153,1.111719e-03,5.127257e-03,1.000000e-02,0.000000e+00,0.000000e+00
2594,9,34162,1.197222e-03,5.242958e-03,1.209520e-02,0.000000e+00,0.000000e+00
2595,12,34174,8.563146e-04,5.114292e-03,1.352045e-02,0.000000e+00,0.000000e+00
2596,14,34188,8.542541e-04,5.274924e-03,1.000000e-02,0.000000e+00,0.000000e+00
2597,11,34199,1.320516e-03,5.114965e-03,9.958939e-03,0.000000e+00,0.000000e+00
2598,11,34210,1.380242e-03,5.253604e-03,1.028250e-02,0.000000e+00,0.000000e+00
2599,10,34220,1.440428e-03,5.155309e-03,1.088386e-02,0.000000e+00,0.000000e+00
2600,10,34230,1.516158e-03,5.337280e-03,1.115550e-02,0.000000e+00,0.000000e+00
2601,10,34240,1.247661e-03,5.156083e-03,1.000000e-02,0.000000e+00,0.000000e+00
2602,11,34251,1.093642e-03,5.202669e-03,1.232741e-02,0.000000e+00,0.000000e+00
2603,16,34267,9.794763e-04,5.115493e-03,1.000000e-02,0.000000e+00,0.000000e+00
2604,13,34280,8.898639e-04,5.230641e-03,1.089000e-02,0.000000e+00,0.000000e+00
2605,13,34293,1.543911e-03,5.106489e-03,1.106273e-02,0.000000e+00,0.000000e+00
2606,13,34306,1.276468e-03,5.152880e-03,1.216900e-02,0.000000e+00,0.000000e+00
2607,13,34319,9.030992e-04,4.954415e-03,9.705599e-03,0.000000e+00,0.000000e+00
2608,10,34329,1.557362e-03,5.073316e-03,1.075561e-02,0.000000e+00,0.000000e+00
2609,12,34341,1.438132e-03,5.123193e-03,1.000000e-02,0.000000e+00,0.000000e+00
2610,11,34352,1.475837e-03,5.211467e-03,1.238836e-02,0.000000e+00,0.000000e+00
2611,9,34361,1.632112e-03,5.298735e-03,1.000000e-02,0.000000e+00,0.000000e+00
2612,11,34372,5.999063e-04,5.309322e-03,1.271156e-02,0.000000e+00,0.000000e+00
2613,13,34385,1.257326e-03,5.262431e-03,1.233330e-02,0.000000e+00,0.000000e+00
2614,11,34396,1.429096e-03,5.192514e-03,1.250669e-02,0.000000e+00,0.000000e+00
2615,10,34406,1.452147e-03,5.111402e-03,1.000000e-02,0.000000e+00,0.000000e+00
2616,12,34418,1.862635e-03,5.248998e-03,1.089000e-02,0.000000e+00,0.000000e+00
2617,18,34436,1.267426e-03,5.081273e-03,1.000000e-02,0.000000e+00,0.000000e+00
2618,15,34451,1.112722e-03,5.096018e-03,1.317690e-02,0.000000e+00,0.000000e+00
2619,12,34463,1.002342e-03,4.927395e-03,1.000000e-02,0.000000e+00,0.000000e+00
2620,11,34474,1.209331e-03,5.071768e-03,1.089000e-02,0.000000e+00,0.000000e+00
2621,14,34488,9.317562e-04,5.014360e-03,1.000000e-02,0.000000e+00,0.000000e+00
2622,15,34503,9.468577e-04,4.977283e-03,1.005819e-02,0.000000e+00,0.000000e+00
2623,14,34517,1.073887e-03,4.922958e-03,1.024362e-02,0.000000e+00,0.000000e+00
2624,20,34537,6.226189e-04,4.972993e-03,1.062938e-02,0.000000e+00,0.000000e+00
2625,12,34549,1.260171e-03,5.024941e-03,1.017987e-02,0.000000e+00,0.000000e+00
2626,13,34562,1.170520e-03,5.061869e-03,1.000000e-02,0.000000e+00,0.000000e+00
2627,20,34582,7.995646e-04,5.056407e-03,1.032070e-02,0.000000e+00,0.000000e+00
2628,26,34608,4.481391e-04,5.058507e-03,1.182049e-02,0.000000e+00,0.000000e+00
2629,15,34623,1.078984e-03,4.874071e-03,1.000000e-02,0.000000e+00,0.000000e+00
2630,16,34639,4.186982e-04,4.996787e-03,1.078610e-02,0.000000e+00,0.000000e+00
2631,14,34653,1.117031e-03,4.983991e-03,9.249938e-03,0.000000e+00,0.000000e+00
2632,17,34670,8.245768e-04,4.970174e-03,9.324364e-03,0.000000e+00,0.000000e+00
2633,13,34683,6.523300e-04,4.980980e-03,9.594529e-03,0.000000e+00,0.000000e+00
2634,12,34695,1.234582e-03,5.114690e-03,1.217699e-02,0.000000e+00,0.000000e+00
2635,11,34706,1.465288e-03,5.051693e-03,1.000000e-02,0.000000e+00,0.000000e+00
2636,11,34717,1.393490e-03,5.140452e-03,1.061274e-02,0.000000e+00,0.000000e+00
2637,10,34727,1.426640e-03,4.900502e-03,9.442931e-03,0.000000e+00,0.000000e+00
2638,19,34746,7.717400e-04,4.940537e-03,1.089000e-02,0.000000e+00,0.000000e+00
2639,14,34760,1.001219e-03,5.028322e-03,9.988438e-03,0.000000e+00,0.000000e+00
HIST {'total_samples': 2890523, 'floor_samples': 0, 'floor_fraction': 0.0, 'saturation_depth': 0.0, 'boundaries': 2640, 'capped_boundaries': 0, 'unfinished_worlds': 0}
2640,15,34775,1.034669e-03,5.177478e-03,1.069927e-02,0.000000e+00,0.000000e+00
2641,11,34786,1.250410e-03,5.077927e-03,1.000000e-02,0.000000e+00,0.000000e+00
2642,11,34797,1.147175e-03,5.050160e-03,1.089000e-02,0.000000e+00,0.000000e+00
2643,12,34809,1.060572e-03,4.997318e-03,1.000000e-02,0.000000e+00,0.000000e+00
2644,10,34819,1.222042e-03,5.079863e-03,1.134360e-02,0.000000e+00,0.000000e+00
2645,10,34829,1.334237e-03,5.159301e-03,1.000000e-02,0.000000e+00,0.000000e+00
2646,15,34844,9.676164e-04,5.342527e-03,1.037096e-02,0.000000e+00,0.000000e+00
2647,9,34853,8.390666e-04,5.191545e-03,1.000000e-02,0.000000e+00,0.000000e+00
2648,12,34865,1.024459e-03,5.291789e-03,1.034101e-02,0.000000e+00,0.000000e+00
2649,14,34879,1.196651e-03,5.043176e-03,1.137511e-02,0.000000e+00,0.000000e+00
2650,12,34891,9.140368e-04,5.180668e-03,1.251262e-02,0.000000e+00,0.000000e+00
2651,9,34900,1.210662e-03,5.171997e-03,1.000000e-02,0.000000e+00,0.000000e+00
2652,11,34911,1.375623e-03,5.217450e-03,1.721911e-02,0.000000e+00,0.000000e+00
2653,10,34921,1.253682e-03,5.091197e-03,1.000000e-02,0.000000e+00,0.000000e+00
2654,20,34941,9.494072e-04,5.170347e-03,1.019997e-02,0.000000e+00,0.000000e+00
2655,12,34953,1.121222e-03,5.042586e-03,1.000000e-02,0.000000e+00,0.000000e+00
2656,20,34973,8.681769e-04,5.199645e-03,1.089000e-02,0.000000e+00,0.000000e+00
2657,13,34986,1.360052e-03,5.161681e-03,1.000000e-02,0.000000e+00,0.000000e+00
2658,10,34996,1.803243e-03,5.256243e-03,1.146855e-02,0.000000e+00,0.000000e+00
2659,13,35009,1.181992e-03,5.112406e-03,1.253558e-02,0.000000e+00,0.000000e+00
2660,9,35018,1.392999e-03,5.151493e-03,1.134767e-02,0.000000e+00,0.000000e+00
2661,19,35037,8.167437e-04,5.002426e-03,1.000000e-02,0.000000e+00,0.000000e+00
2662,20,35057,8.324737e-04,4.982897e-03,1.300952e-02,0.000000e+00,0.000000e+00
2663,11,35068,1.034408e-03,4.901827e-03,1.251390e-02,0.000000e+00,0.000000e+00
2664,12,35080,1.289030e-03,5.004687e-03,1.028053e-02,0.000000e+00,0.000000e+00
2665,11,35091,1.349184e-03,5.020290e-03,1.007520e-02,0.000000e+00,0.000000e+00
2666,11,35102,1.652771e-03,5.210949e-03,1.108272e-02,0.000000e+00,0.000000e+00
2667,12,35114,1.494570e-03,5.134965e-03,9.547364e-03,0.000000e+00,0.000000e+00
2668,10,35124,1.122071e-03,5.125965e-03,1.056459e-02,0.000000e+00,0.000000e+00
2669,11,35135,1.400679e-03,5.023418e-03,9.753307e-03,0.000000e+00,0.000000e+00
2670,17,35152,1.245738e-03,5.152322e-03,1.089000e-02,0.000000e+00,0.000000e+00
2671,11,35163,1.266853e-03,5.151509e-03,1.000000e-02,0.000000e+00,0.000000e+00
2672,14,35177,1.566762e-03,5.276681e-03,1.039420e-02,0.000000e+00,0.000000e+00
2673,12,35189,1.005223e-03,5.128096e-03,1.089000e-02,0.000000e+00,0.000000e+00
2674,16,35205,9.513074e-04,5.186171e-03,1.218097e-02,0.000000e+00,0.000000e+00
2675,13,35218,1.259218e-03,4.929970e-03,1.000000e-02,0.000000e+00,0.000000e+00
2676,14,35232,9.938480e-04,4.941339e-03,1.000000e-02,0.000000e+00,0.000000e+00
2677,14,35246,1.015352e-03,4.948724e-03,1.091830e-02,0.000000e+00,0.000000e+00
2678,13,35259,9.434035e-04,5.065740e-03,1.002966e-02,0.000000e+00,0.000000e+00
2679,12,35271,1.066551e-03,4.953894e-03,1.000000e-02,0.000000e+00,0.000000e+00
2680,13,35284,9.579390e-04,4.880321e-03,1.000000e-02,0.000000e+00,0.000000e+00
2681,12,35296,1.463423e-03,4.967744e-03,1.034207e-02,0.000000e+00,0.000000e+00
2682,12,35308,1.421409e-03,4.890395e-03,1.276048e-02,0.000000e+00,0.000000e+00
2683,13,35321,9.442166e-04,4.876573e-03,1.000000e-02,0.000000e+00,0.000000e+00
2684,16,35337,9.442166e-04,5.033290e-03,1.047802e-02,0.000000e+00,0.000000e+00
2685,13,35350,1.246789e-03,5.088616e-03,9.818658e-03,0.000000e+00,0.000000e+00
2686,18,35368,8.158267e-04,5.131106e-03,1.341132e-02,0.000000e+00,0.000000e+00
2687,10,35378,1.320324e-03,5.149776e-03,1.002138e-02,0.000000e+00,0.000000e+00
HIST {'total_samples': 2943706, 'floor_samples': 0, 'floor_fraction': 0.0, 'saturation_depth': 0.0, 'boundaries': 2688, 'capped_boundaries': 0, 'unfinished_worlds': 0}
2688,16,35394,1.056495e-03,5.077282e-03,1.067784e-02,0.000000e+00,0.000000e+00
2689,18,35412,7.654986e-04,5.065931e-03,1.000000e-02,0.000000e+00,0.000000e+00
2690,11,35423,8.069049e-04,5.100428e-03,1.099446e-02,0.000000e+00,0.000000e+00
2691,13,35436,1.032164e-03,4.997429e-03,1.000000e-02,0.000000e+00,0.000000e+00
2692,14,35450,8.732993e-04,5.028215e-03,1.019311e-02,0.000000e+00,0.000000e+00
2693,15,35465,1.289370e-03,4.926964e-03,1.000000e-02,0.000000e+00,0.000000e+00
2694,17,35482,7.589434e-04,5.033031e-03,1.077302e-02,0.000000e+00,0.000000e+00
2695,20,35502,7.681597e-04,5.017941e-03,1.000000e-02,0.000000e+00,0.000000e+00
2696,11,35513,1.144210e-03,5.129008e-03,1.420915e-02,0.000000e+00,0.000000e+00
2697,17,35530,8.037001e-04,5.086774e-03,1.032634e-02,0.000000e+00,0.000000e+00
2698,15,35545,1.000863e-03,5.137976e-03,1.190724e-02,0.000000e+00,0.000000e+00
2699,14,35559,1.190149e-03,5.041940e-03,1.201860e-02,0.000000e+00,0.000000e+00
2700,12,35571,9.387343e-04,5.186662e-03,1.425244e-02,0.000000e+00,0.000000e+00
2701,14,35585,9.592891e-04,5.104725e-03,1.000000e-02,0.000000e+00,0.000000e+00
2702,14,35599,1.254174e-03,5.134693e-03,1.014272e-02,0.000000e+00,0.000000e+00
2703,13,35612,1.121003e-03,5.110752e-03,1.163710e-02,0.000000e+00,0.000000e+00
2704,13,35625,1.145469e-03,5.172639e-03,1.441078e-02,0.000000e+00,0.000000e+00
2705,14,35639,1.054090e-03,5.009173e-03,1.000000e-02,0.000000e+00,0.000000e+00
2706,14,35653,1.280305e-03,5.045921e-03,1.034932e-02,0.000000e+00,0.000000e+00
2707,14,35667,9.002028e-04,4.926088e-03,1.036903e-02,0.000000e+00,0.000000e+00
2708,10,35677,1.573301e-03,5.211278e-03,1.192755e-02,0.000000e+00,0.000000e+00
2709,15,35692,7.430132e-04,5.080452e-03,1.000000e-02,0.000000e+00,0.000000e+00
2710,18,35710,7.005663e-04,5.153169e-03,1.069795e-02,0.000000e+00,0.000000e+00
2711,11,35721,1.074857e-03,5.052545e-03,9.080159e-03,0.000000e+00,0.000000e+00
2712,13,35734,9.675110e-04,5.069131e-03,1.089000e-02,0.000000e+00,0.000000e+00
2713,16,35750,9.275629e-04,4.993174e-03,1.000000e-02,0.000000e+00,0.000000e+00
2714,12,35762,1.106112e-03,5.072787e-03,1.000000e-02,0.000000e+00,0.000000e+00
2715,11,35773,1.049458e-03,5.023391e-03,8.581231e-03,0.000000e+00,0.000000e+00
2716,15,35788,1.035325e-03,5.233914e-03,1.310816e-02,0.000000e+00,0.000000e+00
2717,12,35800,1.116968e-03,5.067326e-03,1.084822e-02,0.000000e+00,0.000000e+00
2718,13,35813,1.118792e-03,5.146574e-03,1.225536e-02,0.000000e+00,0.000000e+00
2719,15,35828,7.557754e-04,5.080433e-03,1.000000e-02,0.000000e+00,0.000000e+00
2720,10,35838,1.027364e-03,5.080028e-03,1.073041e-02,0.000000e+00,0.000000e+00
2721,14,35852,1.338436e-03,5.009986e-03,1.000000e-02,0.000000e+00,0.000000e+00
2722,10,35862,1.510713e-03,5.252881e-03,1.119915e-02,0.000000e+00,0.000000e+00
2723,10,35872,1.181895e-03,5.024579e-03,1.000000e-02,0.000000e+00,0.000000e+00
2724,13,35885,1.645470e-03,5.033659e-03,9.833384e-03,0.000000e+00,0.000000e+00
2725,13,35898,9.219205e-04,5.016814e-03,1.024082e-02,0.000000e+00,0.000000e+00
2726,12,35910,8.567225e-04,5.040778e-03,1.032187e-02,0.000000e+00,0.000000e+00
2727,12,35922,1.403970e-03,5.028429e-03,1.000000e-02,0.000000e+00,0.000000e+00
2728,12,35934,1.363548e-03,5.071544e-03,1.197900e-02,0.000000e+00,0.000000e+00
2729,11,35945,1.183770e-03,5.149564e-03,1.220451e-02,0.000000e+00,0.000000e+00
2730,12,35957,9.894830e-04,4.959828e-03,1.043568e-02,0.000000e+00,0.000000e+00
2731,10,35967,1.594570e-03,5.020956e-03,1.000000e-02,0.000000e+00,0.000000e+00
2732,10,35977,1.340657e-03,5.032170e-03,1.000000e-02,0.000000e+00,0.000000e+00
2733,13,35990,1.069516e-03,5.026025e-03,9.558476e-03,0.000000e+00,0.000000e+00
2734,12,36002,1.053193e-03,5.134869e-03,1.014799e-02,0.000000e+00,0.000000e+00
2735,9,36011,1.346033e-03,5.083338e-03,1.038512e-02,0.000000e+00,0.000000e+00
HIST {'total_samples': 2996998, 'floor_samples': 0, 'floor_fraction': 0.0, 'saturation_depth': 0.0, 'boundaries': 2736, 'capped_boundaries': 0, 'unfinished_worlds': 0}
2736,18,36029,1.141781e-03,5.194767e-03,1.118120e-02,0.000000e+00,0.000000e+00
2737,12,36041,9.795809e-04,5.118776e-03,9.902763e-03,0.000000e+00,0.000000e+00
2738,11,36052,9.386105e-04,5.204682e-03,1.164766e-02,0.000000e+00,0.000000e+00
2739,11,36063,1.290611e-03,5.106904e-03,1.014831e-02,0.000000e+00,0.000000e+00
2740,11,36074,1.193735e-03,5.186935e-03,1.430816e-02,0.000000e+00,0.000000e+00
2741,11,36085,1.235380e-03,5.103899e-03,1.000000e-02,0.000000e+00,0.000000e+00
2742,9,36094,1.236917e-03,5.125504e-03,1.041694e-02,0.000000e+00,0.000000e+00
2743,20,36114,8.952456e-04,5.079170e-03,1.000000e-02,0.000000e+00,0.000000e+00
2744,12,36126,9.606921e-04,5.123714e-03,1.054073e-02,0.000000e+00,0.000000e+00
2745,12,36138,1.078736e-03,5.063691e-03,1.038776e-02,0.000000e+00,0.000000e+00
2746,12,36150,1.516297e-03,5.142695e-03,1.157615e-02,0.000000e+00,0.000000e+00
2747,13,36163,1.074841e-03,5.081216e-03,1.236518e-02,0.000000e+00,0.000000e+00
2748,15,36178,7.193419e-04,5.104481e-03,1.223630e-02,0.000000e+00,0.000000e+00
2749,12,36190,1.162182e-03,5.086179e-03,1.345994e-02,0.000000e+00,0.000000e+00
2750,10,36200,1.537161e-03,5.185531e-03,1.480593e-02,0.000000e+00,0.000000e+00
2751,10,36210,1.358360e-03,5.191060e-03,1.219526e-02,0.000000e+00,0.000000e+00
2752,10,36220,1.404462e-03,5.282244e-03,1.089000e-02,0.000000e+00,0.000000e+00
2753,13,36233,1.228487e-03,5.238554e-03,1.382508e-02,0.000000e+00,0.000000e+00
2754,10,36243,1.514908e-03,5.175327e-03,1.172809e-02,0.000000e+00,0.000000e+00
2755,12,36255,1.445457e-03,5.078034e-03,1.000000e-02,0.000000e+00,0.000000e+00
2756,16,36271,9.530496e-04,5.137084e-03,1.155315e-02,0.000000e+00,0.000000e+00
2757,12,36283,1.053941e-03,5.126889e-03,1.114265e-02,0.000000e+00,0.000000e+00
2758,10,36293,1.344059e-03,5.150492e-03,1.133973e-02,0.000000e+00,0.000000e+00
2759,11,36304,1.074067e-03,5.016234e-03,1.000000e-02,0.000000e+00,0.000000e+00
2760,14,36318,9.222964e-04,5.109934e-03,1.080727e-02,0.000000e+00,0.000000e+00
2761,13,36331,1.263631e-03,5.084342e-03,1.243412e-02,0.000000e+00,0.000000e+00
2762,11,36342,1.370668e-03,5.158585e-03,1.162645e-02,0.000000e+00,0.000000e+00
2763,12,36354,1.089737e-03,5.028432e-03,1.000000e-02,0.000000e+00,0.000000e+00
2764,16,36370,8.399233e-04,5.093144e-03,1.126859e-02,0.000000e+00,0.000000e+00
2765,14,36384,1.100978e-03,5.066424e-03,9.919821e-03,0.000000e+00,0.000000e+00
2766,14,36398,9.844180e-04,5.111060e-03,1.089000e-02,0.000000e+00,0.000000e+00
2767,14,36412,9.210690e-04,5.024383e-03,1.002411e-02,0.000000e+00,0.000000e+00
2768,14,36426,1.503833e-03,5.155513e-03,1.101953e-02,0.000000e+00,0.000000e+00
2769,19,36445,1.117023e-03,5.068291e-03,1.000000e-02,0.000000e+00,0.000000e+00
2770,19,36464,8.575464e-04,5.102492e-03,1.082194e-02,0.000000e+00,0.000000e+00
2771,10,36474,1.088763e-03,4.833843e-03,1.000000e-02,0.000000e+00,0.000000e+00
2772,9,36483,1.550576e-03,4.868762e-03,1.145623e-02,0.000000e+00,0.000000e+00
2773,14,36497,8.506634e-04,4.960609e-03,1.306118e-02,0.000000e+00,0.000000e+00
2774,12,36509,9.475076e-04,5.037659e-03,1.052664e-02,0.000000e+00,0.000000e+00
2775,11,36520,1.256531e-03,5.019302e-03,1.000000e-02,0.000000e+00,0.000000e+00
2776,12,36532,1.264173e-03,5.089493e-03,1.076692e-02,0.000000e+00,0.000000e+00
2777,12,36544,1.056627e-03,5.060265e-03,1.116532e-02,0.000000e+00,0.000000e+00
2778,15,36559,1.050109e-03,5.253242e-03,1.227335e-02,0.000000e+00,0.000000e+00
2779,11,36570,1.329547e-03,5.046617e-03,1.350069e-02,0.000000e+00,0.000000e+00
2780,12,36582,1.219319e-03,5.088590e-03,1.234609e-02,0.000000e+00,0.000000e+00
2781,12,36594,1.345776e-03,4.988980e-03,1.000000e-02,0.000000e+00,0.000000e+00
2782,15,36609,8.169035e-04,4.953653e-03,1.140996e-02,0.000000e+00,0.000000e+00
2783,11,36620,9.834098e-04,4.936868e-03,1.235441e-02,0.000000e+00,0.000000e+00
HIST {'total_samples': 3050251, 'floor_samples': 0, 'floor_fraction': 0.0, 'saturation_depth': 0.0, 'boundaries': 2784, 'capped_boundaries': 0, 'unfinished_worlds': 0}
2784,12,36632,1.441825e-03,5.013819e-03,1.117067e-02,0.000000e+00,0.000000e+00
2785,12,36644,9.968081e-04,4.921659e-03,1.009169e-02,0.000000e+00,0.000000e+00
2786,12,36656,7.314274e-04,4.917538e-03,1.000000e-02,0.000000e+00,0.000000e+00
2787,13,36669,1.426423e-03,4.797684e-03,9.440858e-03,0.000000e+00,0.000000e+00
2788,11,36680,1.042459e-03,4.840898e-03,1.006428e-02,0.000000e+00,0.000000e+00
2789,12,36692,8.855600e-04,4.891944e-03,1.006868e-02,0.000000e+00,0.000000e+00
2790,10,36702,1.410125e-03,4.991147e-03,1.093758e-02,0.000000e+00,0.000000e+00
2791,12,36714,1.468727e-03,4.902034e-03,1.000000e-02,0.000000e+00,0.000000e+00
2792,14,36728,1.202884e-03,4.920976e-03,1.044038e-02,0.000000e+00,0.000000e+00
2793,18,36746,1.035982e-03,4.886020e-03,1.148442e-02,0.000000e+00,0.000000e+00
2794,15,36761,9.173959e-04,5.013280e-03,1.065339e-02,0.000000e+00,0.000000e+00
2795,11,36772,1.304317e-03,4.913011e-03,1.000000e-02,0.000000e+00,0.000000e+00
2796,16,36788,6.358042e-04,5.013683e-03,1.294913e-02,0.000000e+00,0.000000e+00
2797,10,36798,1.065811e-03,4.916969e-03,1.000000e-02,0.000000e+00,0.000000e+00
2798,12,36810,6.891047e-04,5.043429e-03,1.381426e-02,0.000000e+00,0.000000e+00
2799,13,36823,1.142386e-03,4.988878e-03,1.000000e-02,0.000000e+00,0.000000e+00
2800,13,36836,1.054080e-03,4.919242e-03,1.099428e-02,0.000000e+00,0.000000e+00
2801,13,36849,9.074689e-04,4.849008e-03,9.347347e-03,0.000000e+00,0.000000e+00
2802,13,36862,1.187616e-03,4.780211e-03,1.095583e-02,0.000000e+00,0.000000e+00
2803,15,36877,8.564179e-04,4.630167e-03,9.037978e-03,0.000000e+00,0.000000e+00
2804,14,36891,8.990256e-04,4.695945e-03,1.000000e-02,0.000000e+00,0.000000e+00
2805,12,36903,1.083183e-03,4.716454e-03,9.903475e-03,0.000000e+00,0.000000e+00
2806,10,36913,9.635207e-04,4.868447e-03,1.394951e-02,0.000000e+00,0.000000e+00
2807,12,36925,1.126331e-03,4.880489e-03,1.000000e-02,0.000000e+00,0.000000e+00
2808,11,36936,1.181478e-03,4.881116e-03,1.000000e-02,0.000000e+00,0.000000e+00
2809,13,36949,1.137786e-03,4.786693e-03,9.477851e-03,0.000000e+00,0.000000e+00
2810,12,36961,6.369782e-04,4.864725e-03,9.581499e-03,0.000000e+00,0.000000e+00
2811,16,36977,8.452210e-04,4.722736e-03,1.012796e-02,0.000000e+00,0.000000e+00
2812,11,36988,1.239197e-03,4.943141e-03,1.139688e-02,0.000000e+00,0.000000e+00
2813,14,37002,1.302980e-03,4.993543e-03,1.000000e-02,0.000000e+00,0.000000e+00
2814,11,37013,9.993894e-04,4.943781e-03,1.073803e-02,0.000000e+00,0.000000e+00
2815,12,37025,1.088393e-03,4.831209e-03,1.047456e-02,0.000000e+00,0.000000e+00
2816,18,37043,9.706952e-04,4.895032e-03,1.000000e-02,0.000000e+00,0.000000e+00
2817,11,37054,1.169678e-03,4.809020e-03,9.458137e-03,0.000000e+00,0.000000e+00
2818,11,37065,1.367019e-03,4.896483e-03,1.021475e-02,0.000000e+00,0.000000e+00
2819,17,37082,1.061856e-03,4.982632e-03,1.123623e-02,0.000000e+00,0.000000e+00
2820,15,37097,8.182907e-04,5.025644e-03,1.155454e-02,0.000000e+00,0.000000e+00
2821,13,37110,1.624919e-03,4.961690e-03,1.000000e-02,0.000000e+00,0.000000e+00
2822,13,37123,9.970580e-04,5.038564e-03,1.203825e-02,0.000000e+00,0.000000e+00
2823,12,37135,1.128330e-03,4.950074e-03,1.000000e-02,0.000000e+00,0.000000e+00
2824,12,37147,1.238198e-03,5.011507e-03,1.038302e-02,0.000000e+00,0.000000e+00
2825,9,37156,1.586534e-03,5.045355e-03,1.207003e-02,0.000000e+00,0.000000e+00
2826,13,37169,1.436191e-03,5.147057e-03,1.115443e-02,0.000000e+00,0.000000e+00
2827,13,37182,1.040559e-03,4.918024e-03,9.467501e-03,0.000000e+00,0.000000e+00
2828,12,37194,1.416311e-03,5.054160e-03,1.079104e-02,0.000000e+00,0.000000e+00
2829,20,37214,9.427225e-04,5.016856e-03,1.000000e-02,0.000000e+00,0.000000e+00
2830,14,37228,8.661333e-04,5.045723e-03,1.040624e-02,0.000000e+00,0.000000e+00
2831,12,37240,7.226051e-04,4.870460e-03,1.000000e-02,0.000000e+00,0.000000e+00
HIST {'total_samples': 3104559, 'floor_samples': 0, 'floor_fraction': 0.0, 'saturation_depth': 0.0, 'boundaries': 2832, 'capped_boundaries': 0, 'unfinished_worlds': 0}
2832,12,37252,1.295026e-03,5.032746e-03,1.133850e-02,0.000000e+00,0.000000e+00
2833,9,37261,1.161890e-03,5.036684e-03,1.035871e-02,0.000000e+00,0.000000e+00
2834,11,37272,1.316898e-03,5.149496e-03,1.164547e-02,0.000000e+00,0.000000e+00
2835,12,37284,1.274791e-03,5.148735e-03,1.172304e-02,0.000000e+00,0.000000e+00
2836,17,37301,6.702013e-04,5.130530e-03,1.063548e-02,0.000000e+00,0.000000e+00
2837,10,37311,1.168876e-03,5.025551e-03,1.000000e-02,0.000000e+00,0.000000e+00
2838,14,37325,1.030377e-03,5.014444e-03,1.059825e-02,0.000000e+00,0.000000e+00
2839,14,37339,9.245523e-04,4.987908e-03,1.149713e-02,0.000000e+00,0.000000e+00
2840,11,37350,1.272442e-03,5.098364e-03,1.264684e-02,0.000000e+00,0.000000e+00
2841,12,37362,1.150529e-03,4.992960e-03,9.800384e-03,0.000000e+00,0.000000e+00
2842,14,37376,1.037296e-03,5.074718e-03,1.534755e-02,0.000000e+00,0.000000e+00
2843,13,37389,9.491262e-04,5.038332e-03,1.305135e-02,0.000000e+00,0.000000e+00
2844,12,37401,1.391194e-03,5.067996e-03,1.317690e-02,0.000000e+00,0.000000e+00
2845,10,37411,1.371241e-03,5.000116e-03,1.163503e-02,0.000000e+00,0.000000e+00
2846,10,37421,1.041421e-03,4.994021e-03,1.000000e-02,0.000000e+00,0.000000e+00
2847,16,37437,9.155834e-04,4.855464e-03,9.426516e-03,0.000000e+00,0.000000e+00
2848,11,37448,1.332714e-03,5.055414e-03,1.380136e-02,0.000000e+00,0.000000e+00
2849,12,37460,1.183984e-03,5.098170e-03,1.000000e-02,0.000000e+00,0.000000e+00
2850,12,37472,1.149409e-03,5.002893e-03,1.009173e-02,0.000000e+00,0.000000e+00
2851,11,37483,1.541367e-03,4.866376e-03,1.000000e-02,0.000000e+00,0.000000e+00
2852,14,37497,8.964180e-04,4.939754e-03,1.000000e-02,0.000000e+00,0.000000e+00
2853,10,37507,1.257885e-03,4.845753e-03,9.920326e-03,0.000000e+00,0.000000e+00
2854,11,37518,1.071863e-03,5.080625e-03,1.114528e-02,0.000000e+00,0.000000e+00
2855,12,37530,1.070023e-03,5.007698e-03,1.000000e-02,0.000000e+00,0.000000e+00
2856,11,37541,1.457164e-03,5.128217e-03,1.010343e-02,0.000000e+00,0.000000e+00
2857,11,37552,1.082026e-03,5.107808e-03,1.067437e-02,0.000000e+00,0.000000e+00
2858,14,37566,1.204463e-03,5.072146e-03,1.048319e-02,0.000000e+00,0.000000e+00
2859,11,37577,1.220447e-03,4.969915e-03,1.000000e-02,0.000000e+00,0.000000e+00
2860,15,37592,1.053459e-03,5.046747e-03,1.201477e-02,0.000000e+00,0.000000e+00
2861,12,37604,1.223114e-03,4.985305e-03,1.000000e-02,0.000000e+00,0.000000e+00
2862,11,37615,1.086527e-03,5.103312e-03,1.332599e-02,0.000000e+00,0.000000e+00
2863,13,37628,1.247461e-03,5.050317e-03,1.043758e-02,0.000000e+00,0.000000e+00
2864,12,37640,9.578196e-04,5.052086e-03,1.148077e-02,0.000000e+00,0.000000e+00
2865,22,37662,6.915244e-04,4.974416e-03,1.223355e-02,0.000000e+00,0.000000e+00
2866,12,37674,7.625631e-04,5.066855e-03,1.204409e-02,0.000000e+00,0.000000e+00
2867,15,37689,1.083176e-03,4.992045e-03,1.393328e-02,0.000000e+00,0.000000e+00
2868,11,37700,1.534562e-03,5.134931e-03,1.265393e-02,0.000000e+00,0.000000e+00
2869,17,37717,6.731499e-04,5.069452e-03,1.079643e-02,0.000000e+00,0.000000e+00
2870,13,37730,1.277832e-03,5.187184e-03,1.089000e-02,0.000000e+00,0.000000e+00
2871,21,37751,8.073894e-04,5.169764e-03,1.041431e-02,0.000000e+00,0.000000e+00
2872,21,37772,8.328487e-04,5.119375e-03,1.304563e-02,0.000000e+00,0.000000e+00
2873,15,37787,1.255003e-03,5.039743e-03,1.274816e-02,0.000000e+00,0.000000e+00
2874,13,37800,1.076034e-03,5.056408e-03,1.054377e-02,0.000000e+00,0.000000e+00
2875,14,37814,1.164976e-03,5.087683e-03,1.000000e-02,0.000000e+00,0.000000e+00
2876,15,37829,9.197268e-04,4.908616e-03,1.080252e-02,0.000000e+00,0.000000e+00
2877,11,37840,1.241260e-03,4.999308e-03,1.168839e-02,0.000000e+00,0.000000e+00
2878,11,37851,1.181571e-03,4.973837e-03,1.167055e-02,0.000000e+00,0.000000e+00
2879,13,37864,1.233752e-03,5.022840e-03,1.203460e-02,0.000000e+00,0.000000e+00
HIST {'total_samples': 3157778, 'floor_samples': 0, 'floor_fraction': 0.0, 'saturation_depth': 0.0, 'boundaries': 2880, 'capped_boundaries': 0, 'unfinished_worlds': 0}
2880,13,37877,1.171789e-03,5.126658e-03,1.138784e-02,0.000000e+00,0.000000e+00
2881,11,37888,1.349501e-03,5.016292e-03,1.000000e-02,0.000000e+00,0.000000e+00
2882,16,37904,1.043692e-03,5.040396e-03,1.089000e-02,0.000000e+00,0.000000e+00
2883,12,37916,1.315610e-03,4.844548e-03,1.000000e-02,0.000000e+00,0.000000e+00
2884,13,37929,1.166497e-03,4.855247e-03,1.027089e-02,0.000000e+00,0.000000e+00
2885,10,37939,1.616721e-03,4.887773e-03,9.647317e-03,0.000000e+00,0.000000e+00
2886,18,37957,1.190813e-03,4.734333e-03,1.040178e-02,0.000000e+00,0.000000e+00
2887,16,37973,7.685299e-04,4.745533e-03,9.700854e-03,0.000000e+00,0.000000e+00
2888,14,37987,9.591308e-04,4.779075e-03,1.009541e-02,0.000000e+00,0.000000e+00
2889,14,38001,1.280207e-03,4.832470e-03,1.021513e-02,0.000000e+00,0.000000e+00
2890,14,38015,1.033385e-03,4.837117e-03,1.036689e-02,0.000000e+00,0.000000e+00
2891,11,38026,9.753933e-04,4.688733e-03,1.000000e-02,0.000000e+00,0.000000e+00
2892,13,38039,9.011917e-04,4.721486e-03,1.018442e-02,0.000000e+00,0.000000e+00
2893,9,38048,1.675298e-03,4.627228e-03,1.000000e-02,0.000000e+00,0.000000e+00
2894,14,38062,1.402890e-03,4.806672e-03,1.000000e-02,0.000000e+00,0.000000e+00
2895,13,38075,1.057977e-03,4.691736e-03,1.056590e-02,0.000000e+00,0.000000e+00
2896,10,38085,1.233090e-03,4.694665e-03,1.109679e-02,0.000000e+00,0.000000e+00
2897,12,38097,1.185652e-03,4.678556e-03,1.000000e-02,0.000000e+00,0.000000e+00
2898,11,38108,1.021104e-03,4.786280e-03,1.342711e-02,0.000000e+00,0.000000e+00
2899,11,38119,1.212984e-03,4.750422e-03,1.000000e-02,0.000000e+00,0.000000e+00
2900,11,38130,9.034773e-04,4.759643e-03,1.000000e-02,0.000000e+00,0.000000e+00
2901,12,38142,1.099624e-03,4.812852e-03,1.128199e-02,0.000000e+00,0.000000e+00
2902,15,38157,1.141218e-03,4.858848e-03,1.067227e-02,0.000000e+00,0.000000e+00
2903,15,38172,1.130829e-03,4.790901e-03,1.000000e-02,0.000000e+00,0.000000e+00
2904,15,38187,9.038548e-04,4.819697e-03,1.097715e-02,0.000000e+00,0.000000e+00
2905,15,38202,9.478696e-04,4.656051e-03,1.000000e-02,0.000000e+00,0.000000e+00
2906,12,38214,8.839024e-04,4.835566e-03,1.009554e-02,0.000000e+00,0.000000e+00
2907,17,38231,1.159814e-03,4.669940e-03,1.060939e-02,0.000000e+00,0.000000e+00
2908,12,38243,1.159814e-03,4.869384e-03,1.284571e-02,0.000000e+00,0.000000e+00
2909,14,38257,1.194606e-03,4.771662e-03,1.000000e-02,0.000000e+00,0.000000e+00
2910,13,38270,9.971583e-04,4.734014e-03,1.321766e-02,0.000000e+00,0.000000e+00
2911,11,38281,1.031521e-03,4.738093e-03,1.077252e-02,0.000000e+00,0.000000e+00
2912,13,38294,1.289168e-03,4.983310e-03,1.065980e-02,0.000000e+00,0.000000e+00
2913,15,38309,1.164938e-03,4.848620e-03,9.470230e-03,0.000000e+00,0.000000e+00
2914,13,38322,1.309315e-03,4.906398e-03,1.233944e-02,0.000000e+00,0.000000e+00
2915,17,38339,1.024616e-03,4.855936e-03,1.000000e-02,0.000000e+00,0.000000e+00
2916,10,38349,8.369657e-04,4.864061e-03,1.105321e-02,0.000000e+00,0.000000e+00
2917,11,38360,1.432136e-03,4.803901e-03,1.000000e-02,0.000000e+00,0.000000e+00
2918,14,38374,5.914154e-04,4.784605e-03,1.148479e-02,0.000000e+00,0.000000e+00
2919,13,38387,1.289070e-03,4.774782e-03,1.203934e-02,0.000000e+00,0.000000e+00
2920,17,38404,8.837005e-04,4.751588e-03,1.000000e-02,0.000000e+00,0.000000e+00
2921,13,38417,1.129180e-03,4.669165e-03,1.000000e-02,0.000000e+00,0.000000e+00
2922,11,38428,1.014485e-03,4.799376e-03,1.260648e-02,0.000000e+00,0.000000e+00
2923,12,38440,8.453005e-04,4.607771e-03,9.817488e-03,0.000000e+00,0.000000e+00
2924,14,38454,1.182371e-03,4.836746e-03,1.000000e-02,0.000000e+00,0.000000e+00
2925,15,38469,1.151849e-03,4.792576e-03,1.006233e-02,0.000000e+00,0.000000e+00
2926,12,38481,1.150279e-03,4.876147e-03,1.044496e-02,0.000000e+00,0.000000e+00
2927,20,38501,1.027335e-03,4.740074e-03,1.063894e-02,0.000000e+00,0.000000e+00
HIST {'total_samples': 3212261, 'floor_samples': 0, 'floor_fraction': 0.0, 'saturation_depth': 0.0, 'boundaries': 2928, 'capped_boundaries': 0, 'unfinished_worlds': 0}
2928,13,38514,8.884303e-04,4.950630e-03,1.139201e-02,0.000000e+00,0.000000e+00
2929,15,38529,1.258371e-03,4.876771e-03,1.000070e-02,0.000000e+00,0.000000e+00
2930,13,38542,1.087181e-03,4.873529e-03,1.110618e-02,0.000000e+00,0.000000e+00
2931,13,38555,8.350963e-04,4.844206e-03,1.072768e-02,0.000000e+00,0.000000e+00
2932,17,38572,9.193681e-04,4.863147e-03,1.037492e-02,0.000000e+00,0.000000e+00
2933,12,38584,1.125271e-03,4.759986e-03,1.024758e-02,0.000000e+00,0.000000e+00
2934,14,38598,6.645667e-04,4.915589e-03,1.089230e-02,0.000000e+00,0.000000e+00
2935,15,38613,7.280138e-04,4.915888e-03,1.041599e-02,0.000000e+00,0.000000e+00
2936,12,38625,1.386604e-03,4.946040e-03,1.004812e-02,0.000000e+00,0.000000e+00
2937,13,38638,1.113510e-03,4.877676e-03,1.000000e-02,0.000000e+00,0.000000e+00
2938,11,38649,1.333592e-03,4.960848e-03,1.033925e-02,0.000000e+00,0.000000e+00
2939,15,38664,1.285814e-03,4.967006e-03,1.137318e-02,0.000000e+00,0.000000e+00
2940,11,38675,1.105992e-03,4.991269e-03,1.317733e-02,0.000000e+00,0.000000e+00
2941,12,38687,1.335621e-03,4.885903e-03,1.023665e-02,0.000000e+00,0.000000e+00
2942,16,38703,1.018649e-03,5.046293e-03,1.215525e-02,0.000000e+00,0.000000e+00
2943,13,38716,1.250671e-03,4.894669e-03,1.000000e-02,0.000000e+00,0.000000e+00
2944,14,38730,1.022895e-03,4.916180e-03,1.030603e-02,0.000000e+00,0.000000e+00
2945,11,38741,1.236352e-03,4.846190e-03,1.106621e-02,0.000000e+00,0.000000e+00
2946,13,38754,9.075119e-04,4.979120e-03,1.111160e-02,0.000000e+00,0.000000e+00
2947,13,38767,1.133121e-03,4.861684e-03,1.057691e-02,0.000000e+00,0.000000e+00
2948,12,38779,9.378232e-04,4.946231e-03,1.317690e-02,0.000000e+00,0.000000e+00
2949,14,38793,8.681043e-04,4.944518e-03,1.071558e-02,0.000000e+00,0.000000e+00
2950,10,38803,1.286176e-03,4.929570e-03,1.060833e-02,0.000000e+00,0.000000e+00
2951,14,38817,1.492497e-03,4.801351e-03,1.000000e-02,0.000000e+00,0.000000e+00
2952,10,38827,1.734923e-03,4.903220e-03,1.331937e-02,0.000000e+00,0.000000e+00
2953,11,38838,1.612187e-03,4.797904e-03,1.000000e-02,0.000000e+00,0.000000e+00
2954,10,38848,1.229597e-03,4.877105e-03,1.189892e-02,0.000000e+00,0.000000e+00
2955,14,38862,1.201122e-03,4.812797e-03,1.019766e-02,0.000000e+00,0.000000e+00
2956,12,38874,1.133876e-03,5.005638e-03,1.089000e-02,0.000000e+00,0.000000e+00
2957,11,38885,1.304601e-03,4.909667e-03,1.083168e-02,0.000000e+00,0.000000e+00
2958,11,38896,9.805007e-04,4.912957e-03,1.089000e-02,0.000000e+00,0.000000e+00
2959,13,38909,1.073188e-03,4.766046e-03,1.114239e-02,0.000000e+00,0.000000e+00
2960,14,38923,9.364523e-04,4.764368e-03,1.069397e-02,0.000000e+00,0.000000e+00
2961,19,38942,8.955234e-04,4.839922e-03,1.184050e-02,0.000000e+00,0.000000e+00
2962,14,38956,9.855594e-04,4.770535e-03,1.067605e-02,0.000000e+00,0.000000e+00
2963,13,38969,8.392374e-04,4.861115e-03,1.000000e-02,0.000000e+00,0.000000e+00
2964,10,38979,1.377612e-03,5.103453e-03,1.071397e-02,0.000000e+00,0.000000e+00
2965,9,38988,1.273190e-03,5.037352e-03,1.090489e-02,0.000000e+00,0.000000e+00
2966,13,39001,1.212553e-03,4.972357e-03,1.156142e-02,0.000000e+00,0.000000e+00
2967,18,39019,5.680316e-04,4.949069e-03,1.000000e-02,0.000000e+00,0.000000e+00
2968,12,39031,1.289755e-03,4.896930e-03,1.089000e-02,0.000000e+00,0.000000e+00
2969,14,39045,8.794888e-04,4.840313e-03,1.000000e-02,0.000000e+00,0.000000e+00
2970,15,39060,9.217591e-04,4.935446e-03,1.317690e-02,0.000000e+00,0.000000e+00
2971,11,39071,8.943371e-04,4.796822e-03,1.000000e-02,0.000000e+00,0.000000e+00
2972,11,39082,1.391033e-03,4.855508e-03,1.029522e-02,0.000000e+00,0.000000e+00
2973,10,39092,1.622671e-03,5.003442e-03,1.031880e-02,0.000000e+00,0.000000e+00
2974,10,39102,7.359701e-04,5.065420e-03,1.064930e-02,0.000000e+00,0.000000e+00
2975,13,39115,9.970185e-04,4.892255e-03,1.000000e-02,0.000000e+00,0.000000e+00
HIST {'total_samples': 3265373, 'floor_samples': 0, 'floor_fraction': 0.0, 'saturation_depth': 0.0, 'boundaries': 2976, 'capped_boundaries': 0, 'unfinished_worlds': 0}
2976,11,39126,1.228123e-03,5.073762e-03,1.076192e-02,0.000000e+00,0.000000e+00
2977,14,39140,1.148003e-03,5.015564e-03,1.106578e-02,0.000000e+00,0.000000e+00
2978,15,39155,1.045720e-03,5.035989e-03,1.222554e-02,0.000000e+00,0.000000e+00
2979,13,39168,1.240007e-03,5.061068e-03,1.236882e-02,0.000000e+00,0.000000e+00
2980,14,39182,1.337758e-03,5.076710e-03,1.226433e-02,0.000000e+00,0.000000e+00
2981,13,39195,1.418315e-03,4.983353e-03,1.170685e-02,0.000000e+00,0.000000e+00
2982,17,39212,1.324474e-03,4.940262e-03,1.242273e-02,0.000000e+00,0.000000e+00
2983,13,39225,1.128261e-03,4.914996e-03,1.000000e-02,0.000000e+00,0.000000e+00
2984,12,39237,1.115596e-03,4.928708e-03,1.298318e-02,0.000000e+00,0.000000e+00
2985,15,39252,9.534074e-04,4.833344e-03,1.094288e-02,0.000000e+00,0.000000e+00
2986,12,39264,1.197212e-03,4.905879e-03,1.089000e-02,0.000000e+00,0.000000e+00
2987,14,39278,7.457799e-04,4.949526e-03,9.746359e-03,0.000000e+00,0.000000e+00
2988,15,39293,1.291341e-03,5.139567e-03,1.139034e-02,0.000000e+00,0.000000e+00
2989,12,39305,1.124111e-03,4.988758e-03,1.346451e-02,0.000000e+00,0.000000e+00
2990,12,39317,9.574602e-04,4.981915e-03,1.292480e-02,0.000000e+00,0.000000e+00
2991,14,39331,9.886454e-04,4.918810e-03,1.201780e-02,0.000000e+00,0.000000e+00
2992,14,39345,1.031464e-03,5.068913e-03,1.089000e-02,0.000000e+00,0.000000e+00
2993,10,39355,1.267013e-03,5.041599e-03,1.294169e-02,0.000000e+00,0.000000e+00
2994,13,39368,1.327941e-03,5.064372e-03,1.283907e-02,0.000000e+00,0.000000e+00
2995,13,39381,1.259428e-03,5.003734e-03,1.000000e-02,0.000000e+00,0.000000e+00
2996,17,39398,8.134375e-04,4.943313e-03,1.001504e-02,0.000000e+00,0.000000e+00
2997,15,39413,1.078131e-03,4.941654e-03,1.000000e-02,0.000000e+00,0.000000e+00
2998,12,39425,8.488104e-04,4.923233e-03,1.317690e-02,0.000000e+00,0.000000e+00
2999,13,39438,1.163066e-03,4.911229e-03,1.124945e-02,0.000000e+00,0.000000e+00
3000,13,39451,1.250916e-03,5.065072e-03,1.278433e-02,0.000000e+00,0.000000e+00
3001,11,39462,1.467537e-03,5.039396e-03,1.000000e-02,0.000000e+00,0.000000e+00
3002,15,39477,1.296249e-03,5.028298e-03,9.914436e-03,0.000000e+00,0.000000e+00
3003,12,39489,1.226022e-03,4.938149e-03,1.118686e-02,0.000000e+00,0.000000e+00
3004,13,39502,1.006471e-03,4.959435e-03,1.030518e-02,0.000000e+00,0.000000e+00
3005,11,39513,1.067978e-03,4.934718e-03,1.045318e-02,0.000000e+00,0.000000e+00
3006,19,39532,1.155866e-03,4.896955e-03,1.105502e-02,0.000000e+00,0.000000e+00
3007,12,39544,1.043085e-03,4.901809e-03,1.036396e-02,0.000000e+00,0.000000e+00
3008,11,39555,8.037307e-04,4.948954e-03,1.223789e-02,0.000000e+00,0.000000e+00
3009,14,39569,1.288963e-03,4.958948e-03,1.201473e-02,0.000000e+00,0.000000e+00
3010,15,39584,5.429050e-04,4.923248e-03,1.073583e-02,0.000000e+00,0.000000e+00
3011,15,39599,8.462875e-04,4.834270e-03,8.959806e-03,0.000000e+00,0.000000e+00
3012,13,39612,1.289943e-03,4.845134e-03,1.033542e-02,0.000000e+00,0.000000e+00
3013,15,39627,1.149252e-03,4.893591e-03,9.899837e-03,0.000000e+00,0.000000e+00
3014,12,39639,1.131280e-03,4.961058e-03,1.058338e-02,0.000000e+00,0.000000e+00
3015,14,39653,1.016019e-03,4.880306e-03,1.000000e-02,0.000000e+00,0.000000e+00
3016,13,39666,1.247417e-03,5.060239e-03,1.107006e-02,0.000000e+00,0.000000e+00
3017,12,39678,1.337387e-03,4.947254e-03,1.000000e-02,0.000000e+00,0.000000e+00
3018,13,39691,8.993792e-04,4.924798e-03,1.099519e-02,0.000000e+00,0.000000e+00
3019,13,39704,9.089943e-04,4.756495e-03,1.000000e-02,0.000000e+00,0.000000e+00
3020,16,39720,1.143259e-03,5.092764e-03,1.215436e-02,0.000000e+00,0.000000e+00
3021,12,39732,1.236186e-03,5.031329e-03,1.228527e-02,0.000000e+00,0.000000e+00
3022,13,39745,9.048677e-04,4.932153e-03,1.011347e-02,0.000000e+00,0.000000e+00
3023,13,39758,1.177280e-03,4.905620e-03,1.000000e-02,0.000000e+00,0.000000e+00
HIST {'total_samples': 3318712, 'floor_samples': 0, 'floor_fraction': 0.0, 'saturation_depth': 0.0, 'boundaries': 3024, 'capped_boundaries': 0, 'unfinished_worlds': 0}
3024,12,39770,8.351328e-04,4.985158e-03,1.048465e-02,0.000000e+00,0.000000e+00
3025,10,39780,9.634076e-04,4.844275e-03,1.013470e-02,0.000000e+00,0.000000e+00
3026,13,39793,1.326678e-03,5.068183e-03,1.102374e-02,0.000000e+00,0.000000e+00
3027,12,39805,1.064128e-03,4.988410e-03,9.564929e-03,0.000000e+00,0.000000e+00
3028,12,39817,1.019190e-03,5.050899e-03,1.089000e-02,0.000000e+00,0.000000e+00
3029,11,39828,1.003844e-03,4.848488e-03,1.000000e-02,0.000000e+00,0.000000e+00
3030,10,39838,1.634382e-03,4.984543e-03,1.035624e-02,0.000000e+00,0.000000e+00
3031,12,39850,1.500146e-03,4.993217e-03,1.000000e-02,0.000000e+00,0.000000e+00
3032,14,39864,1.193641e-03,5.072048e-03,1.078444e-02,0.000000e+00,0.000000e+00
3033,9,39873,1.245884e-03,4.875227e-03,1.189466e-02,0.000000e+00,0.000000e+00
3034,12,39885,1.062206e-03,5.011805e-03,1.143753e-02,0.000000e+00,0.000000e+00
3035,12,39897,1.184307e-03,4.918782e-03,1.000000e-02,0.000000e+00,0.000000e+00
3036,13,39910,1.331440e-03,5.007252e-03,1.070454e-02,0.000000e+00,0.000000e+00
3037,14,39924,9.736111e-04,4.851506e-03,1.197900e-02,0.000000e+00,0.000000e+00
3038,12,39936,1.063285e-03,4.936280e-03,1.185037e-02,0.000000e+00,0.000000e+00
3039,12,39948,1.249394e-03,4.850698e-03,1.029398e-02,0.000000e+00,0.000000e+00
3040,11,39959,1.650483e-03,4.996126e-03,1.002288e-02,0.000000e+00,0.000000e+00
3041,18,39977,9.603191e-04,4.868920e-03,1.000000e-02,0.000000e+00,0.000000e+00
3042,13,39990,8.667429e-04,4.895922e-03,1.382230e-02,0.000000e+00,0.000000e+00
3043,13,40003,9.478617e-04,4.872519e-03,1.000000e-02,0.000000e+00,0.000000e+00
3044,13,40016,9.589006e-04,4.858613e-03,1.078732e-02,0.000000e+00,0.000000e+00
3045,12,40028,6.201675e-04,4.853084e-03,1.136703e-02,0.000000e+00,0.000000e+00
3046,14,40042,8.754518e-04,4.888303e-03,1.287975e-02,0.000000e+00,0.000000e+00
3047,12,40054,1.019283e-03,4.912741e-03,1.035774e-02,0.000000e+00,0.000000e+00
3048,13,40067,1.011597e-03,4.938118e-03,1.004580e-02,0.000000e+00,0.000000e+00
3049,13,40080,1.482520e-03,4.951167e-03,1.000000e-02,0.000000e+00,0.000000e+00
3050,15,40095,1.190875e-03,4.790393e-03,1.222035e-02,0.000000e+00,0.000000e+00
3051,18,40113,7.022310e-04,4.807537e-03,1.041543e-02,0.000000e+00,0.000000e+00
3052,11,40124,9.110858e-04,4.828569e-03,1.113632e-02,0.000000e+00,0.000000e+00
3053,14,40138,8.829617e-04,4.714893e-03,1.000000e-02,0.000000e+00,0.000000e+00
3054,12,40150,1.084610e-03,4.892663e-03,1.315770e-02,0.000000e+00,0.000000e+00
3055,14,40164,9.678764e-04,4.721751e-03,1.000000e-02,0.000000e+00,0.000000e+00
3056,17,40181,1.074806e-03,4.823932e-03,1.075640e-02,0.000000e+00,0.000000e+00
3057,18,40199,8.607546e-04,4.701095e-03,8.890526e-03,0.000000e+00,0.000000e+00
3058,11,40210,1.210512e-03,4.791938e-03,9.936613e-03,0.000000e+00,0.000000e+00
3059,11,40221,9.881213e-04,4.862429e-03,1.118025e-02,0.000000e+00,0.000000e+00
3060,10,40231,1.350569e-03,4.858953e-03,1.059825e-02,0.000000e+00,0.000000e+00
3061,10,40241,1.361062e-03,4.760147e-03,1.116334e-02,0.000000e+00,0.000000e+00
3062,12,40253,1.454806e-03,4.826298e-03,1.063368e-02,0.000000e+00,0.000000e+00
3063,12,40265,1.101391e-03,4.859704e-03,1.045140e-02,0.000000e+00,0.000000e+00
3064,13,40278,9.816758e-04,4.891245e-03,1.099264e-02,0.000000e+00,0.000000e+00
3065,13,40291,1.388176e-03,4.793147e-03,1.000000e-02,0.000000e+00,0.000000e+00
3066,12,40303,1.055090e-03,4.915142e-03,1.241380e-02,0.000000e+00,0.000000e+00
3067,10,40313,1.175645e-03,4.804503e-03,1.004401e-02,0.000000e+00,0.000000e+00
3068,13,40326,1.010588e-03,4.804290e-03,1.145089e-02,0.000000e+00,0.000000e+00
3069,12,40338,1.176347e-03,4.786359e-03,1.015588e-02,0.000000e+00,0.000000e+00
3070,11,40349,9.462584e-04,4.880764e-03,1.197900e-02,0.000000e+00,0.000000e+00
3071,12,40361,8.944370e-04,4.787674e-03,1.287975e-02,0.000000e+00,0.000000e+00
HIST {'total_samples': 3372290, 'floor_samples': 0, 'floor_fraction': 0.0, 'saturation_depth': 0.0, 'boundaries': 3072, 'capped_boundaries': 0, 'unfinished_worlds': 0}
3072,16,40377,5.982716e-04,4.908452e-03,1.253983e-02,0.000000e+00,0.000000e+00
3073,14,40391,1.141669e-03,4.825474e-03,1.000000e-02,0.000000e+00,0.000000e+00
3074,15,40406,8.940490e-04,4.706142e-03,1.092807e-02,0.000000e+00,0.000000e+00
3075,14,40420,1.238419e-03,4.832252e-03,1.000000e-02,0.000000e+00,0.000000e+00
3076,16,40436,9.607157e-04,4.849037e-03,1.061067e-02,0.000000e+00,0.000000e+00
3077,11,40447,1.169393e-03,4.761838e-03,1.000000e-02,0.000000e+00,0.000000e+00
3078,13,40460,1.013565e-03,4.902850e-03,1.037976e-02,0.000000e+00,0.000000e+00
3079,11,40471,1.009610e-03,4.952835e-03,1.000000e-02,0.000000e+00,0.000000e+00
3080,14,40485,9.973474e-04,4.940100e-03,1.005973e-02,0.000000e+00,0.000000e+00
3081,12,40497,1.162992e-03,4.853488e-03,1.058330e-02,0.000000e+00,0.000000e+00
3082,12,40509,9.662384e-04,5.006727e-03,1.157570e-02,0.000000e+00,0.000000e+00
3083,13,40522,1.088631e-03,4.858993e-03,1.079651e-02,0.000000e+00,0.000000e+00
3084,10,40532,1.651326e-03,4.985106e-03,1.026368e-02,0.000000e+00,0.000000e+00
3085,15,40547,6.602166e-04,4.952877e-03,1.019957e-02,0.000000e+00,0.000000e+00
3086,14,40561,1.127933e-03,4.986683e-03,1.272654e-02,0.000000e+00,0.000000e+00
3087,15,40576,1.149149e-03,4.883127e-03,1.000000e-02,0.000000e+00,0.000000e+00
3088,14,40590,1.256300e-03,4.839864e-03,1.005031e-02,0.000000e+00,0.000000e+00
3089,11,40601,1.373038e-03,4.817485e-03,9.661112e-03,0.000000e+00,0.000000e+00
3090,11,40612,1.227568e-03,4.757545e-03,1.099437e-02,0.000000e+00,0.000000e+00
3091,10,40622,1.733977e-03,4.806228e-03,9.825001e-03,0.000000e+00,0.000000e+00
3092,11,40633,1.037945e-03,4.948148e-03,1.089000e-02,0.000000e+00,0.000000e+00
3093,16,40649,1.261192e-03,4.839974e-03,1.000000e-02,0.000000e+00,0.000000e+00
3094,11,40660,1.156836e-03,4.849945e-03,1.089000e-02,0.000000e+00,0.000000e+00
3095,10,40670,1.194289e-03,4.890793e-03,1.000000e-02,0.000000e+00,0.000000e+00
3096,13,40683,1.218863e-03,4.962490e-03,1.189708e-02,0.000000e+00,0.000000e+00
3097,12,40695,1.371342e-03,4.865014e-03,1.107094e-02,0.000000e+00,0.000000e+00
3098,12,40707,1.584127e-03,5.133279e-03,1.209644e-02,0.000000e+00,0.000000e+00
3099,10,40717,1.591865e-03,4.946266e-03,1.030098e-02,0.000000e+00,0.000000e+00
3100,11,40728,1.380645e-03,4.927150e-03,1.337032e-02,0.000000e+00,0.000000e+00
3101,13,40741,1.090153e-03,4.924696e-03,1.164700e-02,0.000000e+00,0.000000e+00
3102,10,40751,1.551692e-03,5.023289e-03,1.171155e-02,0.000000e+00,0.000000e+00
3103,10,40761,5.711510e-04,4.760361e-03,1.000000e-02,0.000000e+00,0.000000e+00
3104,13,40774,1.025461e-03,4.820372e-03,1.326678e-02,0.000000e+00,0.000000e+00
3105,12,40786,1.129578e-03,4.878870e-03,1.294310e-02,0.000000e+00,0.000000e+00
3106,13,40799,8.555299e-04,4.828403e-03,1.249376e-02,0.000000e+00,0.000000e+00
3107,13,40812,1.303294e-03,4.681003e-03,1.000000e-02,0.000000e+00,0.000000e+00
3108,13,40825,1.175534e-03,4.797283e-03,1.067473e-02,0.000000e+00,0.000000e+00
3109,12,40837,8.979141e-04,4.727617e-03,1.062783e-02,0.000000e+00,0.000000e+00
3110,15,40852,1.313244e-03,4.855180e-03,1.054290e-02,0.000000e+00,0.000000e+00
3111,17,40869,8.637523e-04,4.896095e-03,1.159719e-02,0.000000e+00,0.000000e+00
3112,16,40885,1.159445e-03,4.983317e-03,1.013950e-02,0.000000e+00,0.000000e+00
3113,15,40900,1.108726e-03,4.886124e-03,1.080201e-02,0.000000e+00,0.000000e+00
3114,12,40912,1.341189e-03,4.929921e-03,1.202371e-02,0.000000e+00,0.000000e+00
3115,15,40927,8.230358e-04,4.842171e-03,9.388367e-03,0.000000e+00,0.000000e+00
3116,13,40940,1.088651e-03,4.862519e-03,1.435076e-02,0.000000e+00,0.000000e+00
3117,12,40952,1.258848e-03,4.851250e-03,1.230466e-02,0.000000e+00,0.000000e+00
3118,11,40963,9.770127e-04,4.970527e-03,1.209198e-02,0.000000e+00,0.000000e+00
3119,10,40973,1.412422e-03,4.959963e-03,9.778265e-03,0.000000e+00,0.000000e+00
HIST {'total_samples': 3425846, 'floor_samples': 0, 'floor_fraction': 0.0, 'saturation_depth': 0.0, 'boundaries': 3120, 'capped_boundaries': 0, 'unfinished_worlds': 0}
3120,11,40984,1.281711e-03,4.833975e-03,1.084015e-02,0.000000e+00,0.000000e+00
3121,12,40996,1.024781e-03,4.866588e-03,1.192416e-02,0.000000e+00,0.000000e+00
3122,11,41007,9.948703e-04,4.856478e-03,1.234298e-02,0.000000e+00,0.000000e+00
3123,11,41018,9.887441e-04,4.895361e-03,1.000000e-02,0.000000e+00,0.000000e+00
3124,11,41029,1.176254e-03,4.847601e-03,1.089000e-02,0.000000e+00,0.000000e+00
3125,11,41040,7.386763e-04,4.818109e-03,1.000000e-02,0.000000e+00,0.000000e+00
3126,15,41055,1.064279e-03,4.968540e-03,1.095047e-02,0.000000e+00,0.000000e+00
3127,12,41067,4.832313e-04,4.904725e-03,1.000000e-02,0.000000e+00,0.000000e+00
3128,13,41080,1.160814e-03,4.949349e-03,1.238807e-02,0.000000e+00,0.000000e+00
3129,12,41092,1.116347e-03,4.879361e-03,1.000000e-02,0.000000e+00,0.000000e+00
3130,11,41103,1.268054e-03,4.879434e-03,1.089000e-02,0.000000e+00,0.000000e+00
3131,14,41117,1.199032e-03,4.735718e-03,1.000000e-02,0.000000e+00,0.000000e+00
3132,12,41129,1.429663e-03,4.777656e-03,1.157968e-02,0.000000e+00,0.000000e+00
3133,13,41142,9.991301e-04,4.654491e-03,1.000000e-02,0.000000e+00,0.000000e+00
3134,16,41158,9.160245e-04,4.817201e-03,1.083333e-02,0.000000e+00,0.000000e+00
3135,17,41175,7.779030e-04,4.755381e-03,1.000000e-02,0.000000e+00,0.000000e+00
3136,11,41186,1.255658e-03,4.833107e-03,1.102668e-02,0.000000e+00,0.000000e+00
3137,11,41197,1.196823e-03,4.776309e-03,1.013592e-02,0.000000e+00,0.000000e+00
3138,11,41208,9.732101e-04,4.857374e-03,1.041610e-02,0.000000e+00,0.000000e+00
3139,9,41217,1.374874e-03,4.860754e-03,1.049837e-02,0.000000e+00,0.000000e+00
3140,12,41229,1.145780e-03,4.889797e-03,1.141823e-02,0.000000e+00,0.000000e+00
3141,12,41241,7.399679e-04,4.780677e-03,1.213393e-02,0.000000e+00,0.000000e+00
3142,15,41256,1.099596e-03,4.834977e-03,1.287975e-02,0.000000e+00,0.000000e+00
3143,12,41268,6.459393e-04,4.636854e-03,1.000000e-02,0.000000e+00,0.000000e+00
3144,18,41286,8.486940e-04,4.746727e-03,1.130917e-02,0.000000e+00,0.000000e+00
3145,14,41300,1.089924e-03,4.653511e-03,1.038559e-02,0.000000e+00,0.000000e+00
3146,13,41313,7.788309e-04,4.652489e-03,1.080626e-02,0.000000e+00,0.000000e+00
3147,12,41325,9.594689e-04,4.563416e-03,9.479763e-03,0.000000e+00,0.000000e+00
3148,11,41336,1.544909e-03,4.664865e-03,1.089000e-02,0.000000e+00,0.000000e+00
3149,12,41348,9.500522e-04,4.615987e-03,1.151592e-02,0.000000e+00,0.000000e+00
3150,11,41359,1.279397e-03,4.647824e-03,1.287975e-02,0.000000e+00,0.000000e+00
3151,11,41370,1.124257e-03,4.766324e-03,1.000000e-02,0.000000e+00,0.000000e+00
3152,13,41383,8.230508e-04,4.802220e-03,1.055991e-02,0.000000e+00,0.000000e+00
3153,12,41395,1.162945e-03,4.607474e-03,1.000000e-02,0.000000e+00,0.000000e+00
3154,13,41408,1.054447e-03,4.684179e-03,1.089000e-02,0.000000e+00,0.000000e+00
3155,11,41419,1.169131e-03,4.553883e-03,1.000000e-02,0.000000e+00,0.000000e+00
3156,11,41430,9.590819e-04,4.626961e-03,1.137169e-02,0.000000e+00,0.000000e+00
3157,17,41447,1.048446e-03,4.528038e-03,1.365779e-02,0.000000e+00,0.000000e+00
3158,18,41465,8.971351e-04,4.495895e-03,1.089000e-02,0.000000e+00,0.000000e+00
3159,13,41478,1.051365e-03,4.562099e-03,1.000000e-02,0.000000e+00,0.000000e+00
3160,11,41489,1.413150e-03,4.674974e-03,1.000000e-02,0.000000e+00,0.000000e+00
3161,12,41501,1.291632e-03,4.564013e-03,8.663917e-03,0.000000e+00,0.000000e+00
3162,11,41512,1.332292e-03,4.683568e-03,1.026852e-02,0.000000e+00,0.000000e+00
3163,13,41525,1.278823e-03,4.491543e-03,9.627596e-03,0.000000e+00,0.000000e+00
3164,16,41541,1.416135e-03,4.695768e-03,1.051302e-02,0.000000e+00,0.000000e+00
3165,13,41554,8.738984e-04,4.682044e-03,1.000000e-02,0.000000e+00,0.000000e+00
3166,10,41564,1.102604e-03,4.782716e-03,1.033333e-02,0.000000e+00,0.000000e+00
3167,12,41576,1.387885e-03,4.760146e-03,1.079194e-02,0.000000e+00,0.000000e+00
HIST {'total_samples': 3481168, 'floor_samples': 0, 'floor_fraction': 0.0, 'saturation_depth': 0.0, 'boundaries': 3168, 'capped_boundaries': 0, 'unfinished_worlds': 0}
3168,13,41589,1.038730e-03,4.830378e-03,1.000000e-02,0.000000e+00,0.000000e+00
3169,14,41603,1.025437e-03,4.626034e-03,1.006050e-02,0.000000e+00,0.000000e+00
3170,12,41615,1.214742e-03,4.684059e-03,1.000000e-02,0.000000e+00,0.000000e+00
3171,15,41630,1.187046e-03,4.640683e-03,1.000000e-02,0.000000e+00,0.000000e+00
3172,11,41641,1.155381e-03,4.844485e-03,1.216239e-02,0.000000e+00,0.000000e+00
3173,15,41656,1.000127e-03,4.669785e-03,1.000000e-02,0.000000e+00,0.000000e+00
3174,11,41667,1.419126e-03,4.649277e-03,1.389224e-02,0.000000e+00,0.000000e+00
3175,11,41678,1.025598e-03,4.698784e-03,1.000000e-02,0.000000e+00,0.000000e+00
3176,18,41696,9.902087e-04,4.708502e-03,1.000000e-02,0.000000e+00,0.000000e+00
3177,12,41708,1.261508e-03,4.721983e-03,9.589449e-03,0.000000e+00,0.000000e+00
3178,10,41718,1.377921e-03,4.768997e-03,1.057105e-02,0.000000e+00,0.000000e+00
3179,15,41733,1.230435e-03,4.759084e-03,9.869576e-03,0.000000e+00,0.000000e+00
3180,14,41747,1.283895e-03,4.775927e-03,1.311133e-02,0.000000e+00,0.000000e+00
3181,11,41758,1.346216e-03,4.688412e-03,1.188395e-02,0.000000e+00,0.000000e+00
3182,9,41767,1.439358e-03,4.730347e-03,1.077867e-02,0.000000e+00,0.000000e+00
3183,10,41777,1.283040e-03,4.785726e-03,1.000000e-02,0.000000e+00,0.000000e+00
3184,11,41788,9.721742e-04,4.685104e-03,1.279260e-02,0.000000e+00,0.000000e+00
3185,12,41800,1.369101e-03,4.715322e-03,1.000000e-02,0.000000e+00,0.000000e+00
3186,11,41811,1.165860e-03,4.718341e-03,1.351137e-02,0.000000e+00,0.000000e+00
3187,10,41821,1.363963e-03,4.625993e-03,1.000000e-02,0.000000e+00,0.000000e+00
3188,11,41832,1.398655e-03,4.750404e-03,1.201702e-02,0.000000e+00,0.000000e+00
3189,14,41846,7.559294e-04,4.691557e-03,1.000000e-02,0.000000e+00,0.000000e+00
3190,13,41859,1.190191e-03,4.789549e-03,1.227845e-02,0.000000e+00,0.000000e+00
3191,12,41871,1.349263e-03,4.591159e-03,1.013292e-02,0.000000e+00,0.000000e+00
3192,13,41884,8.604355e-04,4.878013e-03,1.198797e-02,0.000000e+00,0.000000e+00
3193,19,41903,5.091440e-04,4.721562e-03,1.045181e-02,0.000000e+00,0.000000e+00
3194,11,41914,9.321553e-04,4.843438e-03,1.225896e-02,0.000000e+00,0.000000e+00
3195,14,41928,9.257847e-04,4.750448e-03,1.197900e-02,0.000000e+00,0.000000e+00
3196,23,41951,6.582015e-04,4.958941e-03,1.317690e-02,0.000000e+00,0.000000e+00
3197,11,41962,1.060040e-03,4.760169e-03,1.000000e-02,0.000000e+00,0.000000e+00
3198,12,41974,1.291889e-03,4.877704e-03,1.016914e-02,0.000000e+00,0.000000e+00
3199,9,41983,1.292620e-03,4.780272e-03,1.000000e-02,0.000000e+00,0.000000e+00
3200,11,41994,1.747820e-03,4.927643e-03,1.089000e-02,0.000000e+00,0.000000e+00
3201,11,42005,1.331608e-03,4.787530e-03,1.000000e-02,0.000000e+00,0.000000e+00
3202,15,42020,1.271361e-03,4.866453e-03,1.089000e-02,0.000000e+00,0.000000e+00
3203,18,42038,6.709896e-04,4.670202e-03,1.197900e-02,0.000000e+00,0.000000e+00
3204,12,42050,1.033681e-03,4.745383e-03,1.196329e-02,0.000000e+00,0.000000e+00
3205,16,42066,8.848655e-04,4.680208e-03,1.074911e-02,0.000000e+00,0.000000e+00
3206,11,42077,1.116002e-03,4.630784e-03,1.065109e-02,0.000000e+00,0.000000e+00
3207,19,42096,1.019100e-03,4.767470e-03,1.143286e-02,0.000000e+00,0.000000e+00
3208,12,42108,9.682581e-04,4.706771e-03,1.258663e-02,0.000000e+00,0.000000e+00
3209,10,42118,1.065781e-03,4.641194e-03,1.279645e-02,0.000000e+00,0.000000e+00
3210,20,42138,8.282092e-04,4.600177e-03,1.000000e-02,0.000000e+00,0.000000e+00
3211,13,42151,1.119956e-03,4.612768e-03,9.729063e-03,0.000000e+00,0.000000e+00
3212,13,42164,1.141009e-03,4.659344e-03,1.072677e-02,0.000000e+00,0.000000e+00
3213,22,42186,8.740731e-04,4.672197e-03,1.000000e-02,0.000000e+00,0.000000e+00
3214,15,42201,8.881199e-04,4.699703e-03,1.100564e-02,0.000000e+00,0.000000e+00
3215,13,42214,9.927237e-04,4.588297e-03,1.000000e-02,0.000000e+00,0.000000e+00
HIST {'total_samples': 3537156, 'floor_samples': 0, 'floor_fraction': 0.0, 'saturation_depth': 0.0, 'boundaries': 3216, 'capped_boundaries': 0, 'unfinished_worlds': 0}
3216,16,42230,1.314169e-03,4.650229e-03,1.185388e-02,0.000000e+00,0.000000e+00
3217,12,42242,6.507347e-04,4.595168e-03,1.000000e-02,0.000000e+00,0.000000e+00
3218,12,42254,1.396581e-03,4.717482e-03,1.047132e-02,0.000000e+00,0.000000e+00
3219,13,42267,1.164527e-03,4.723415e-03,1.000000e-02,0.000000e+00,0.000000e+00
3220,13,42280,1.491252e-03,4.953269e-03,1.152489e-02,0.000000e+00,0.000000e+00
3221,14,42294,1.094686e-03,4.792591e-03,1.378828e-02,0.000000e+00,0.000000e+00
3222,16,42310,1.047940e-03,4.836397e-03,1.634445e-02,0.000000e+00,0.000000e+00
3223,12,42322,1.274597e-03,4.855709e-03,1.528850e-02,0.000000e+00,0.000000e+00
3224,13,42335,1.407237e-03,4.795625e-03,1.806538e-02,0.000000e+00,0.000000e+00
3225,14,42349,1.143213e-03,4.780303e-03,1.484209e-02,0.000000e+00,0.000000e+00
3226,11,42360,1.002921e-03,4.842283e-03,1.704420e-02,0.000000e+00,0.000000e+00
3227,11,42371,1.450794e-03,4.742844e-03,1.736628e-02,0.000000e+00,0.000000e+00
3228,10,42381,1.279671e-03,4.874481e-03,2.062349e-02,0.000000e+00,0.000000e+00
3229,11,42392,1.199102e-03,4.749100e-03,2.090702e-02,0.000000e+00,0.000000e+00
3230,13,42405,1.106102e-03,4.865131e-03,1.276037e-02,0.000000e+00,0.000000e+00
3231,13,42418,1.463394e-03,4.858339e-03,1.053913e-02,0.000000e+00,0.000000e+00
3232,11,42429,1.217847e-03,4.864625e-03,1.158792e-02,0.000000e+00,0.000000e+00
3233,13,42442,1.060026e-03,4.842143e-03,1.100588e-02,0.000000e+00,0.000000e+00
3234,13,42455,1.218038e-03,4.894736e-03,1.363931e-02,0.000000e+00,0.000000e+00
3235,12,42467,1.678861e-03,4.886386e-03,1.489044e-02,0.000000e+00,0.000000e+00
3236,12,42479,8.997365e-04,5.021243e-03,1.546915e-02,0.000000e+00,0.000000e+00
3237,11,42490,6.673083e-04,4.853168e-03,1.000000e-02,0.000000e+00,0.000000e+00
3238,13,42503,1.202295e-03,4.785471e-03,1.000000e-02,0.000000e+00,0.000000e+00
3239,13,42516,1.269242e-03,4.769433e-03,1.187683e-02,0.000000e+00,0.000000e+00
3240,14,42530,7.779436e-04,4.741131e-03,1.089000e-02,0.000000e+00,0.000000e+00
3241,12,42542,1.071031e-03,4.812448e-03,1.065975e-02,0.000000e+00,0.000000e+00
3242,11,42553,1.346222e-03,4.925608e-03,1.317690e-02,0.000000e+00,0.000000e+00
3243,12,42565,1.333954e-03,4.825396e-03,1.000000e-02,0.000000e+00,0.000000e+00
3244,12,42577,1.432073e-03,4.976799e-03,1.274313e-02,0.000000e+00,0.000000e+00
3245,11,42588,1.176080e-03,5.020655e-03,1.015521e-02,0.000000e+00,0.000000e+00
3246,12,42600,1.439826e-03,5.022736e-03,1.179489e-02,0.000000e+00,0.000000e+00
3247,14,42614,8.698077e-04,4.985622e-03,1.167926e-02,0.000000e+00,0.000000e+00
3248,14,42628,9.706101e-04,5.038881e-03,1.253585e-02,0.000000e+00,0.000000e+00
3249,12,42640,1.236918e-03,4.899759e-03,1.000000e-02,0.000000e+00,0.000000e+00
3250,11,42651,1.024235e-03,4.872017e-03,1.192708e-02,0.000000e+00,0.000000e+00
3251,17,42668,8.995284e-04,4.907736e-03,1.000000e-02,0.000000e+00,0.000000e+00
3252,16,42684,1.041821e-03,5.040944e-03,1.181333e-02,0.000000e+00,0.000000e+00
3253,11,42695,8.046780e-04,4.976269e-03,1.153437e-02,0.000000e+00,0.000000e+00
3254,16,42711,1.096725e-03,5.081446e-03,1.000000e-02,0.000000e+00,0.000000e+00
3255,10,42721,1.206725e-03,4.861522e-03,1.263017e-02,0.000000e+00,0.000000e+00
3256,18,42739,6.665533e-04,4.889940e-03,1.000553e-02,0.000000e+00,0.000000e+00
3257,15,42754,1.009319e-03,4.744175e-03,1.026455e-02,0.000000e+00,0.000000e+00
3258,13,42767,1.057032e-03,4.948535e-03,1.089000e-02,0.000000e+00,0.000000e+00
3259,10,42777,1.358134e-03,4.923457e-03,1.009875e-02,0.000000e+00,0.000000e+00
3260,11,42788,1.202755e-03,4.959228e-03,1.153991e-02,0.000000e+00,0.000000e+00
3261,20,42808,7.129599e-04,4.899632e-03,1.000000e-02,0.000000e+00,0.000000e+00
3262,13,42821,1.476259e-03,4.977556e-03,1.287975e-02,0.000000e+00,0.000000e+00
3263,13,42834,1.179704e-03,4.866211e-03,1.184834e-02,0.000000e+00,0.000000e+00
HIST {'total_samples': 3591147, 'floor_samples': 0, 'floor_fraction': 0.0, 'saturation_depth': 0.0, 'boundaries': 3264, 'capped_boundaries': 0, 'unfinished_worlds': 0}
3264,13,42847,8.571840e-04,4.904368e-03,1.287975e-02,0.000000e+00,0.000000e+00
3265,15,42862,1.222918e-03,4.870165e-03,1.287975e-02,0.000000e+00,0.000000e+00
3266,13,42875,1.116251e-03,4.887265e-03,1.245775e-02,0.000000e+00,0.000000e+00
3267,12,42887,1.171517e-03,4.865019e-03,1.005911e-02,0.000000e+00,0.000000e+00
3268,10,42897,1.699905e-03,4.959134e-03,1.488277e-02,0.000000e+00,0.000000e+00
3269,23,42920,9.150539e-04,4.814066e-03,1.103834e-02,0.000000e+00,0.000000e+00
3270,12,42932,1.108915e-03,4.824300e-03,1.000000e-02,0.000000e+00,0.000000e+00
3271,12,42944,1.146352e-03,4.889973e-03,1.018672e-02,0.000000e+00,0.000000e+00
3272,12,42956,1.283527e-03,5.021010e-03,1.200251e-02,0.000000e+00,0.000000e+00
3273,14,42970,9.031423e-04,4.873209e-03,1.000000e-02,0.000000e+00,0.000000e+00
3274,11,42981,1.321317e-03,4.777114e-03,1.000000e-02,0.000000e+00,0.000000e+00
3275,14,42995,1.476337e-03,4.668026e-03,9.379513e-03,0.000000e+00,0.000000e+00
3276,14,43009,1.069763e-03,4.740094e-03,1.229637e-02,0.000000e+00,0.000000e+00
3277,10,43019,1.088859e-03,4.747727e-03,1.261756e-02,0.000000e+00,0.000000e+00
3278,11,43030,1.062584e-03,4.681158e-03,1.000000e-02,0.000000e+00,0.000000e+00
3279,17,43047,1.118204e-03,4.678074e-03,1.000000e-02,0.000000e+00,0.000000e+00
3280,10,43057,1.169627e-03,4.796778e-03,1.406133e-02,0.000000e+00,0.000000e+00
3281,11,43068,1.280501e-03,4.732906e-03,1.000000e-02,0.000000e+00,0.000000e+00
3282,13,43081,1.007727e-03,4.661115e-03,1.173247e-02,0.000000e+00,0.000000e+00
3283,10,43091,1.220753e-03,4.774041e-03,1.000000e-02,0.000000e+00,0.000000e+00
3284,12,43103,1.202974e-03,4.710193e-03,1.089000e-02,0.000000e+00,0.000000e+00
3285,12,43115,9.540915e-04,4.647508e-03,1.000000e-02,0.000000e+00,0.000000e+00
3286,11,43126,9.075605e-04,4.768567e-03,1.066021e-02,0.000000e+00,0.000000e+00
3287,10,43136,1.421253e-03,4.684601e-03,1.035321e-02,0.000000e+00,0.000000e+00
3288,9,43145,1.502817e-03,4.691022e-03,8.924657e-03,0.000000e+00,0.000000e+00
3289,10,43155,1.413146e-03,4.711444e-03,9.700873e-03,0.000000e+00,0.000000e+00
3290,10,43165,1.031629e-03,4.813809e-03,1.098274e-02,0.000000e+00,0.000000e+00
3291,17,43182,1.001530e-03,4.690308e-03,9.352706e-03,0.000000e+00,0.000000e+00
3292,12,43194,1.095359e-03,4.732342e-03,1.040785e-02,0.000000e+00,0.000000e+00
3293,18,43212,1.041252e-03,4.718332e-03,9.476049e-03,0.000000e+00,0.000000e+00
3294,11,43223,1.230846e-03,4.890132e-03,1.125741e-02,0.000000e+00,0.000000e+00
3295,13,43236,1.120336e-03,4.836440e-03,1.109278e-02,0.000000e+00,0.000000e+00
3296,11,43247,1.075578e-03,4.822951e-03,1.000000e-02,0.000000e+00,0.000000e+00
3297,16,43263,1.441682e-03,4.705654e-03,1.013220e-02,0.000000e+00,0.000000e+00
3298,14,43277,1.243807e-03,4.859855e-03,1.139764e-02,0.000000e+00,0.000000e+00
3299,23,43300,8.527903e-04,4.879743e-03,1.009486e-02,0.000000e+00,0.000000e+00
3300,22,43322,6.941337e-04,4.947545e-03,1.214938e-02,0.000000e+00,0.000000e+00
3301,20,43342,8.623704e-04,4.916482e-03,1.000000e-02,0.000000e+00,0.000000e+00
3302,14,43356,1.002542e-03,4.903433e-03,1.077291e-02,0.000000e+00,0.000000e+00
3303,12,43368,9.341956e-04,4.799769e-03,1.077336e-02,0.000000e+00,0.000000e+00
3304,12,43380,1.134455e-03,5.013270e-03,1.052963e-02,0.000000e+00,0.000000e+00
3305,11,43391,1.243974e-03,4.865326e-03,1.096192e-02,0.000000e+00,0.000000e+00
3306,12,43403,1.107887e-03,4.911901e-03,1.205811e-02,0.000000e+00,0.000000e+00
3307,15,43418,9.786621e-04,4.786297e-03,9.767643e-03,0.000000e+00,0.000000e+00
3308,11,43429,1.387407e-03,4.885386e-03,1.143811e-02,0.000000e+00,0.000000e+00
3309,13,43442,1.188029e-03,4.847192e-03,1.023275e-02,0.000000e+00,0.000000e+00
3310,11,43453,1.225049e-03,4.943677e-03,1.217400e-02,0.000000e+00,0.000000e+00
3311,15,43468,1.058768e-03,4.791095e-03,1.000000e-02,0.000000e+00,0.000000e+00
HIST {'total_samples': 3645490, 'floor_samples': 0, 'floor_fraction': 0.0, 'saturation_depth': 0.0, 'boundaries': 3312, 'capped_boundaries': 0, 'unfinished_worlds': 0}
3312,11,43479,1.066991e-03,4.836398e-03,1.000000e-02,0.000000e+00,0.000000e+00
3313,9,43488,1.591683e-03,4.826137e-03,9.530671e-03,0.000000e+00,0.000000e+00
3314,11,43499,1.066819e-03,4.924104e-03,1.294794e-02,0.000000e+00,0.000000e+00
3315,15,43514,9.642487e-04,4.696376e-03,1.000000e-02,0.000000e+00,0.000000e+00
3316,14,43528,1.057235e-03,4.824088e-03,9.519058e-03,0.000000e+00,0.000000e+00
3317,11,43539,1.313107e-03,4.845861e-03,1.124145e-02,0.000000e+00,0.000000e+00
3318,14,43553,1.159098e-03,4.944431e-03,1.104123e-02,0.000000e+00,0.000000e+00
3319,10,43563,1.468431e-03,4.835426e-03,1.317690e-02,0.000000e+00,0.000000e+00
3320,18,43581,1.006209e-03,4.765532e-03,1.232848e-02,0.000000e+00,0.000000e+00
3321,12,43593,1.441013e-03,4.742313e-03,1.213278e-02,0.000000e+00,0.000000e+00
3322,12,43605,1.312737e-03,4.695948e-03,1.000000e-02,0.000000e+00,0.000000e+00
3323,15,43620,9.019742e-04,4.708227e-03,9.963358e-03,0.000000e+00,0.000000e+00
3324,11,43631,1.335813e-03,4.892641e-03,1.392499e-02,0.000000e+00,0.000000e+00
3325,15,43646,9.847002e-04,4.752964e-03,1.000000e-02,0.000000e+00,0.000000e+00
3326,10,43656,1.547030e-03,4.830427e-03,1.011436e-02,0.000000e+00,0.000000e+00
3327,12,43668,1.153120e-03,4.805969e-03,1.000000e-02,0.000000e+00,0.000000e+00
3328,10,43678,1.371673e-03,4.916074e-03,1.011025e-02,0.000000e+00,0.000000e+00
3329,10,43688,1.416438e-03,4.831244e-03,1.000000e-02,0.000000e+00,0.000000e+00
3330,13,43701,9.696385e-04,4.865299e-03,1.089000e-02,0.000000e+00,0.000000e+00
3331,14,43715,1.261476e-03,4.800750e-03,1.182504e-02,0.000000e+00,0.000000e+00
3332,14,43729,1.117200e-03,4.763350e-03,1.048370e-02,0.000000e+00,0.000000e+00
3333,12,43741,1.276089e-03,4.630978e-03,1.000000e-02,0.000000e+00,0.000000e+00
3334,12,43753,8.649226e-04,4.637230e-03,1.039547e-02,0.000000e+00,0.000000e+00
3335,13,43766,9.920030e-04,4.615923e-03,1.000000e-02,0.000000e+00,0.000000e+00
3336,13,43779,8.138967e-04,4.785331e-03,1.000000e-02,0.000000e+00,0.000000e+00
3337,17,43796,9.743493e-04,4.649309e-03,1.014539e-02,0.000000e+00,0.000000e+00
3338,14,43810,9.384724e-04,4.703701e-03,1.071822e-02,0.000000e+00,0.000000e+00
3339,15,43825,1.056636e-03,4.711193e-03,1.000000e-02,0.000000e+00,0.000000e+00
3340,15,43840,1.013229e-03,4.745247e-03,1.240162e-02,0.000000e+00,0.000000e+00
3341,13,43853,9.959445e-04,4.626740e-03,1.223510e-02,0.000000e+00,0.000000e+00
3342,14,43867,7.735456e-04,4.692910e-03,1.091169e-02,0.000000e+00,0.000000e+00
3343,12,43879,1.263779e-03,4.710779e-03,1.000000e-02,0.000000e+00,0.000000e+00
3344,12,43891,1.033566e-03,4.814946e-03,1.063529e-02,0.000000e+00,0.000000e+00
3345,13,43904,7.590094e-04,4.713840e-03,1.000000e-02,0.000000e+00,0.000000e+00
3346,14,43918,8.902198e-04,4.800677e-03,1.126429e-02,0.000000e+00,0.000000e+00
3347,13,43931,1.130006e-03,4.764067e-03,1.028691e-02,0.000000e+00,0.000000e+00
3348,13,43944,1.091929e-03,4.814527e-03,1.089000e-02,0.000000e+00,0.000000e+00
3349,10,43954,1.156235e-03,4.710471e-03,1.000000e-02,0.000000e+00,0.000000e+00
3350,12,43966,1.138546e-03,4.731027e-03,1.042514e-02,0.000000e+00,0.000000e+00
3351,12,43978,8.197855e-04,4.651002e-03,1.000000e-02,0.000000e+00,0.000000e+00
3352,9,43987,1.390380e-03,4.810286e-03,1.245863e-02,0.000000e+00,0.000000e+00
3353,11,43998,1.431349e-03,4.877818e-03,1.130266e-02,0.000000e+00,0.000000e+00
3354,13,44011,8.036950e-04,4.883912e-03,1.310153e-02,0.000000e+00,0.000000e+00
3355,12,44023,1.419927e-03,4.766795e-03,1.000000e-02,0.000000e+00,0.000000e+00
3356,17,44040,1.147967e-03,4.926111e-03,1.089000e-02,0.000000e+00,0.000000e+00
3357,13,44053,1.108761e-03,4.795630e-03,1.039296e-02,0.000000e+00,0.000000e+00
3358,14,44067,1.134534e-03,4.744940e-03,1.266064e-02,0.000000e+00,0.000000e+00
3359,14,44081,1.191612e-03,4.726229e-03,1.027938e-02,0.000000e+00,0.000000e+00
HIST {'total_samples': 3699758, 'floor_samples': 0, 'floor_fraction': 0.0, 'saturation_depth': 0.0, 'boundaries': 3360, 'capped_boundaries': 0, 'unfinished_worlds': 0}
3360,18,44099,6.534621e-04,4.652805e-03,1.000000e-02,0.000000e+00,0.000000e+00
3361,15,44114,1.023813e-03,4.639772e-03,1.010657e-02,0.000000e+00,0.000000e+00
3362,11,44125,1.177202e-03,4.735077e-03,1.148165e-02,0.000000e+00,0.000000e+00
3363,14,44139,1.204769e-03,4.745977e-03,1.000000e-02,0.000000e+00,0.000000e+00
3364,13,44152,8.184653e-04,4.849330e-03,1.367670e-02,0.000000e+00,0.000000e+00
3365,11,44163,1.326635e-03,4.725395e-03,1.000000e-02,0.000000e+00,0.000000e+00
3366,11,44174,8.863907e-04,4.910044e-03,1.095397e-02,0.000000e+00,0.000000e+00
3367,13,44187,1.482722e-03,4.813104e-03,1.000000e-02,0.000000e+00,0.000000e+00
3368,10,44197,1.418116e-03,4.830082e-03,1.064746e-02,0.000000e+00,0.000000e+00
3369,12,44209,9.554537e-04,4.876976e-03,1.000000e-02,0.000000e+00,0.000000e+00
3370,11,44220,1.488170e-03,4.831958e-03,1.151896e-02,0.000000e+00,0.000000e+00
3371,10,44230,1.358636e-03,4.794328e-03,1.000000e-02,0.000000e+00,0.000000e+00
3372,17,44247,1.430531e-03,4.891967e-03,1.076320e-02,0.000000e+00,0.000000e+00
3373,15,44262,1.061749e-03,4.777121e-03,1.000000e-02,0.000000e+00,0.000000e+00
3374,13,44275,7.873016e-04,4.885442e-03,1.000000e-02,0.000000e+00,0.000000e+00
3375,11,44286,9.782229e-04,4.698679e-03,9.900000e-03,0.000000e+00,0.000000e+00
3376,12,44298,1.390993e-03,4.791115e-03,1.010506e-02,0.000000e+00,0.000000e+00
3377,16,44314,7.969582e-04,4.705218e-03,9.943745e-03,0.000000e+00,0.000000e+00
3378,13,44327,1.376098e-03,4.775946e-03,1.285079e-02,0.000000e+00,0.000000e+00
3379,14,44341,6.110803e-04,4.702123e-03,1.080545e-02,0.000000e+00,0.000000e+00
3380,12,44353,9.898600e-04,4.899048e-03,1.230716e-02,0.000000e+00,0.000000e+00
3381,22,44375,8.903384e-04,4.717560e-03,1.000000e-02,0.000000e+00,0.000000e+00
3382,10,44385,1.201112e-03,4.875662e-03,1.039221e-02,0.000000e+00,0.000000e+00
3383,19,44404,9.116898e-04,4.737740e-03,1.000000e-02,0.000000e+00,0.000000e+00
3384,14,44418,1.273814e-03,4.852186e-03,1.206802e-02,0.000000e+00,0.000000e+00
3385,17,44435,1.150286e-03,4.774510e-03,1.000000e-02,0.000000e+00,0.000000e+00
3386,13,44448,9.855311e-04,4.813046e-03,1.000000e-02,0.000000e+00,0.000000e+00
3387,10,44458,1.262391e-03,4.856226e-03,1.000000e-02,0.000000e+00,0.000000e+00
3388,12,44470,9.952004e-04,4.910995e-03,1.009047e-02,0.000000e+00,0.000000e+00
3389,13,44483,7.752431e-04,4.853314e-03,1.151952e-02,0.000000e+00,0.000000e+00
3390,15,44498,1.023676e-03,4.915581e-03,1.232464e-02,0.000000e+00,0.000000e+00
3391,13,44511,1.011518e-03,4.840346e-03,1.000000e-02,0.000000e+00,0.000000e+00
3392,15,44526,9.047047e-04,4.852660e-03,1.108177e-02,0.000000e+00,0.000000e+00
3393,16,44542,7.551046e-04,4.636841e-03,1.000000e-02,0.000000e+00,0.000000e+00
3394,12,44554,8.439497e-04,4.707981e-03,1.089000e-02,0.000000e+00,0.000000e+00
3395,11,44565,1.191708e-03,4.803976e-03,9.886255e-03,0.000000e+00,0.000000e+00
3396,13,44578,1.028144e-03,4.777426e-03,1.000000e-02,0.000000e+00,0.000000e+00
3397,14,44592,1.072658e-03,4.667487e-03,1.105557e-02,0.000000e+00,0.000000e+00
3398,9,44601,1.614454e-03,4.821807e-03,1.048249e-02,0.000000e+00,0.000000e+00
3399,11,44612,1.249291e-03,4.845535e-03,1.027080e-02,0.000000e+00,0.000000e+00
3400,10,44622,1.679583e-03,4.898193e-03,1.000000e-02,0.000000e+00,0.000000e+00
3401,12,44634,8.921431e-04,4.867923e-03,8.789548e-03,0.000000e+00,0.000000e+00
3402,12,44646,1.340077e-03,4.828595e-03,1.000000e-02,0.000000e+00,0.000000e+00
3403,16,44662,9.647555e-04,4.672104e-03,9.839925e-03,0.000000e+00,0.000000e+00
3404,11,44673,8.997226e-04,4.781198e-03,9.839925e-03,0.000000e+00,0.000000e+00
3405,10,44683,1.276124e-03,4.745464e-03,9.650839e-03,0.000000e+00,0.000000e+00
3406,11,44694,1.025928e-03,4.895093e-03,1.285485e-02,0.000000e+00,0.000000e+00
3407,11,44705,1.153183e-03,4.770510e-03,1.404814e-02,0.000000e+00,0.000000e+00
HIST {'total_samples': 3753761, 'floor_samples': 0, 'floor_fraction': 0.0, 'saturation_depth': 0.0, 'boundaries': 3408, 'capped_boundaries': 0, 'unfinished_worlds': 0}
3408,14,44719,9.804264e-04,4.859065e-03,1.050969e-02,0.000000e+00,0.000000e+00
3409,13,44732,1.041712e-03,4.758288e-03,1.000000e-02,0.000000e+00,0.000000e+00
3410,12,44744,1.068937e-03,4.773360e-03,1.116748e-02,0.000000e+00,0.000000e+00
3411,11,44755,1.161002e-03,4.637888e-03,9.058718e-03,0.000000e+00,0.000000e+00
3412,16,44771,7.216246e-04,4.858306e-03,1.008611e-02,0.000000e+00,0.000000e+00
3413,14,44785,1.103000e-03,4.739531e-03,1.000000e-02,0.000000e+00,0.000000e+00
3414,12,44797,1.444085e-03,4.721489e-03,1.098300e-02,0.000000e+00,0.000000e+00
3415,11,44808,1.225931e-03,4.712203e-03,9.093339e-03,0.000000e+00,0.000000e+00
3416,12,44820,8.877187e-04,4.793764e-03,1.192004e-02,0.000000e+00,0.000000e+00
3417,11,44831,1.289058e-03,4.775658e-03,1.268385e-02,0.000000e+00,0.000000e+00
3418,12,44843,9.219419e-04,4.874777e-03,1.424787e-02,0.000000e+00,0.000000e+00
3419,11,44854,1.256929e-03,4.718208e-03,1.000000e-02,0.000000e+00,0.000000e+00
3420,15,44869,1.040586e-03,4.870353e-03,1.504214e-02,0.000000e+00,0.000000e+00
3421,11,44880,1.046368e-03,4.852893e-03,1.000000e-02,0.000000e+00,0.000000e+00
3422,15,44895,8.465082e-04,4.928499e-03,1.197900e-02,0.000000e+00,0.000000e+00
3423,16,44911,1.098350e-03,4.804298e-03,1.202162e-02,0.000000e+00,0.000000e+00
3424,15,44926,1.112490e-03,4.952207e-03,1.062973e-02,0.000000e+00,0.000000e+00
3425,13,44939,1.172635e-03,4.876188e-03,9.840966e-03,0.000000e+00,0.000000e+00
3426,13,44952,1.094903e-03,4.730443e-03,1.089000e-02,0.000000e+00,0.000000e+00
3427,13,44965,9.429235e-04,4.657188e-03,9.761545e-03,0.000000e+00,0.000000e+00
3428,14,44979,8.472158e-04,4.917751e-03,1.024458e-02,0.000000e+00,0.000000e+00
3429,15,44994,7.996479e-04,4.579091e-03,1.000000e-02,0.000000e+00,0.000000e+00
3430,14,45008,9.493644e-04,4.695642e-03,1.317690e-02,0.000000e+00,0.000000e+00
3431,15,45023,8.825445e-04,4.725860e-03,1.000000e-02,0.000000e+00,0.000000e+00
3432,15,45038,1.011407e-03,4.667736e-03,1.086636e-02,0.000000e+00,0.000000e+00
3433,16,45054,7.603308e-04,4.620179e-03,1.010507e-02,0.000000e+00,0.000000e+00
3434,13,45067,1.179942e-03,4.708798e-03,1.104801e-02,0.000000e+00,0.000000e+00
3435,14,45081,1.046989e-03,4.671835e-03,1.000000e-02,0.000000e+00,0.000000e+00
3436,12,45093,8.487676e-04,4.805578e-03,1.135446e-02,0.000000e+00,0.000000e+00
3437,11,45104,1.105404e-03,4.690850e-03,1.000000e-02,0.000000e+00,0.000000e+00
3438,14,45118,8.270746e-04,5.013791e-03,1.162263e-02,0.000000e+00,0.000000e+00
3439,13,45131,1.028466e-03,4.846856e-03,1.144276e-02,0.000000e+00,0.000000e+00
3440,14,45145,1.161019e-03,4.916120e-03,1.089000e-02,0.000000e+00,0.000000e+00
3441,14,45159,1.191585e-03,4.869428e-03,1.003035e-02,0.000000e+00,0.000000e+00
3442,15,45174,1.017019e-03,4.830674e-03,9.370297e-03,0.000000e+00,0.000000e+00
3443,12,45186,1.140270e-03,4.680306e-03,1.099546e-02,0.000000e+00,0.000000e+00
3444,19,45205,8.027348e-04,4.834636e-03,1.062621e-02,0.000000e+00,0.000000e+00
3445,11,45216,1.000533e-03,4.799759e-03,1.000000e-02,0.000000e+00,0.000000e+00
3446,15,45231,1.270801e-03,4.819961e-03,1.089000e-02,0.000000e+00,0.000000e+00
3447,13,45244,1.481782e-03,4.728153e-03,1.000000e-02,0.000000e+00,0.000000e+00
3448,11,45255,1.124851e-03,4.809763e-03,1.000000e-02,0.000000e+00,0.000000e+00
3449,11,45266,1.484040e-03,4.781336e-03,9.430859e-03,0.000000e+00,0.000000e+00
3450,11,45277,9.769864e-04,4.829824e-03,9.674978e-03,0.000000e+00,0.000000e+00
3451,16,45293,8.444931e-04,4.641667e-03,1.026324e-02,0.000000e+00,0.000000e+00
3452,12,45305,8.981166e-04,4.752722e-03,1.208768e-02,0.000000e+00,0.000000e+00
3453,10,45315,1.327976e-03,4.864697e-03,1.000000e-02,0.000000e+00,0.000000e+00
3454,13,45328,7.855815e-04,4.935659e-03,1.061583e-02,0.000000e+00,0.000000e+00
3455,10,45338,1.456924e-03,5.022077e-03,1.010732e-02,0.000000e+00,0.000000e+00
HIST {'total_samples': 3807476, 'floor_samples': 0, 'floor_fraction': 0.0, 'saturation_depth': 0.0, 'boundaries': 3456, 'capped_boundaries': 0, 'unfinished_worlds': 0}
3456,11,45349,1.444185e-03,4.982471e-03,1.000000e-02,0.000000e+00,0.000000e+00
3457,11,45360,9.460616e-04,4.818699e-03,9.446141e-03,0.000000e+00,0.000000e+00
3458,14,45374,8.878463e-04,4.987082e-03,1.237461e-02,0.000000e+00,0.000000e+00
3459,10,45384,1.362699e-03,4.943838e-03,1.088617e-02,0.000000e+00,0.000000e+00
3460,16,45400,1.283524e-03,4.978424e-03,1.154127e-02,0.000000e+00,0.000000e+00
3461,12,45412,1.288531e-03,4.823936e-03,1.013840e-02,0.000000e+00,0.000000e+00
3462,12,45424,1.128151e-03,4.935338e-03,1.210782e-02,0.000000e+00,0.000000e+00
3463,12,45436,1.030317e-03,4.777983e-03,1.000329e-02,0.000000e+00,0.000000e+00
3464,9,45445,1.273049e-03,4.967075e-03,1.089000e-02,0.000000e+00,0.000000e+00
3465,18,45463,1.168571e-03,4.785423e-03,1.067357e-02,0.000000e+00,0.000000e+00
3466,10,45473,1.699833e-03,4.881524e-03,1.147740e-02,0.000000e+00,0.000000e+00
3467,14,45487,1.425602e-03,4.814546e-03,1.074394e-02,0.000000e+00,0.000000e+00
3468,11,45498,1.202834e-03,4.840243e-03,1.214031e-02,0.000000e+00,0.000000e+00
3469,20,45518,9.195497e-04,4.716144e-03,1.000000e-02,0.000000e+00,0.000000e+00
3470,12,45530,1.000089e-03,4.763741e-03,1.089000e-02,0.000000e+00,0.000000e+00
3471,11,45541,1.462777e-03,4.824242e-03,1.000000e-02,0.000000e+00,0.000000e+00
3472,17,45558,1.072135e-03,4.993324e-03,1.132697e-02,0.000000e+00,0.000000e+00
3473,15,45573,1.019682e-03,4.864544e-03,1.000000e-02,0.000000e+00,0.000000e+00
3474,13,45586,9.489969e-04,5.003691e-03,1.095732e-02,0.000000e+00,0.000000e+00
3475,14,45600,9.933508e-04,5.012365e-03,1.000000e-02,0.000000e+00,0.000000e+00
3476,12,45612,1.247692e-03,4.982016e-03,1.060872e-02,0.000000e+00,0.000000e+00
3477,21,45633,7.929310e-04,4.916303e-03,9.600470e-03,0.000000e+00,0.000000e+00
3478,11,45644,1.251008e-03,4.993553e-03,1.075235e-02,0.000000e+00,0.000000e+00
3479,14,45658,1.040837e-03,4.839053e-03,1.000000e-02,0.000000e+00,0.000000e+00
3480,15,45673,7.270803e-04,4.862858e-03,1.132418e-02,0.000000e+00,0.000000e+00
3481,11,45684,9.325852e-04,4.837750e-03,9.516671e-03,0.000000e+00,0.000000e+00
3482,11,45695,1.317545e-03,4.876595e-03,1.081856e-02,0.000000e+00,0.000000e+00
3483,10,45705,1.172061e-03,4.850945e-03,1.071482e-02,0.000000e+00,0.000000e+00
3484,19,45724,9.616861e-04,4.953372e-03,1.094385e-02,0.000000e+00,0.000000e+00
3485,13,45737,1.218300e-03,5.015115e-03,1.000000e-02,0.000000e+00,0.000000e+00
3486,11,45748,7.225862e-04,5.031095e-03,1.033698e-02,0.000000e+00,0.000000e+00
3487,12,45760,9.592936e-04,4.939025e-03,1.000000e-02,0.000000e+00,0.000000e+00
3488,13,45773,1.375422e-03,5.046335e-03,1.261717e-02,0.000000e+00,0.000000e+00
3489,19,45792,8.337235e-04,4.970340e-03,1.041741e-02,0.000000e+00,0.000000e+00
3490,12,45804,1.165703e-03,5.065492e-03,1.022027e-02,0.000000e+00,0.000000e+00
3491,15,45819,8.648373e-04,4.965788e-03,1.000000e-02,0.000000e+00,0.000000e+00
3492,14,45833,9.435251e-04,5.090849e-03,1.000000e-02,0.000000e+00,0.000000e+00
3493,11,45844,1.378908e-03,5.113812e-03,1.079254e-02,0.000000e+00,0.000000e+00
3494,14,45858,1.121120e-03,5.085126e-03,1.283825e-02,0.000000e+00,0.000000e+00
3495,14,45872,1.298422e-03,5.005415e-03,1.000000e-02,0.000000e+00,0.000000e+00
3496,17,45889,8.428840e-04,5.228345e-03,1.287975e-02,0.000000e+00,0.000000e+00
3497,10,45899,1.319108e-03,5.055869e-03,1.000000e-02,0.000000e+00,0.000000e+00
3498,14,45913,8.215068e-04,5.098742e-03,1.027105e-02,0.000000e+00,0.000000e+00
3499,13,45926,1.665819e-03,5.065712e-03,1.000000e-02,0.000000e+00,0.000000e+00
3500,16,45942,1.048700e-03,5.098923e-03,1.117193e-02,0.000000e+00,0.000000e+00
3501,15,45957,1.259142e-03,5.195332e-03,1.114975e-02,0.000000e+00,0.000000e+00
3502,11,45968,1.359903e-03,5.186751e-03,1.273104e-02,0.000000e+00,0.000000e+00
3503,11,45979,1.824862e-03,5.056293e-03,1.000000e-02,0.000000e+00,0.000000e+00
HIST {'total_samples': 3859117, 'floor_samples': 0, 'floor_fraction': 0.0, 'saturation_depth': 0.0, 'boundaries': 3504, 'capped_boundaries': 0, 'unfinished_worlds': 0}
3504,11,45990,1.445041e-03,5.022239e-03,1.072515e-02,0.000000e+00,0.000000e+00
3505,10,46000,1.492705e-03,5.049024e-03,1.094343e-02,0.000000e+00,0.000000e+00
3506,13,46013,9.516187e-04,5.181097e-03,1.173646e-02,0.000000e+00,0.000000e+00
3507,14,46027,1.215284e-03,5.009588e-03,1.032675e-02,0.000000e+00,0.000000e+00
3508,14,46041,8.633083e-04,5.052049e-03,1.138634e-02,0.000000e+00,0.000000e+00
3509,16,46057,9.032222e-04,4.969130e-03,1.000000e-02,0.000000e+00,0.000000e+00
3510,20,46077,5.950131e-04,4.962536e-03,1.074493e-02,0.000000e+00,0.000000e+00
3511,13,46090,1.104782e-03,5.038732e-03,1.000000e-02,0.000000e+00,0.000000e+00
3512,12,46102,1.080513e-03,5.021488e-03,1.263630e-02,0.000000e+00,0.000000e+00
3513,13,46115,1.187140e-03,5.020176e-03,1.026370e-02,0.000000e+00,0.000000e+00
3514,12,46127,1.289038e-03,5.064266e-03,1.265864e-02,0.000000e+00,0.000000e+00
3515,11,46138,1.305282e-03,4.952830e-03,1.055627e-02,0.000000e+00,0.000000e+00
3516,13,46151,1.080293e-03,5.139611e-03,1.287504e-02,0.000000e+00,0.000000e+00
3517,13,46164,1.551872e-03,5.008761e-03,1.000000e-02,0.000000e+00,0.000000e+00
3518,12,46176,1.396885e-03,5.006086e-03,1.272251e-02,0.000000e+00,0.000000e+00
3519,17,46193,8.533665e-04,5.055387e-03,1.197900e-02,0.000000e+00,0.000000e+00
3520,14,46207,1.008919e-03,5.112002e-03,1.100884e-02,0.000000e+00,0.000000e+00
3521,15,46222,8.983923e-04,4.962625e-03,1.317690e-02,0.000000e+00,0.000000e+00
3522,13,46235,9.441707e-04,5.026451e-03,1.059356e-02,0.000000e+00,0.000000e+00
3523,14,46249,1.080935e-03,4.894284e-03,1.000000e-02,0.000000e+00,0.000000e+00
3524,14,46263,1.239288e-03,5.069333e-03,1.028972e-02,0.000000e+00,0.000000e+00
3525,11,46274,1.201708e-03,5.078584e-03,1.000000e-02,0.000000e+00,0.000000e+00
3526,13,46287,1.026949e-03,5.129813e-03,1.314749e-02,0.000000e+00,0.000000e+00
3527,16,46303,1.300420e-03,5.052350e-03,1.074813e-02,0.000000e+00,0.000000e+00
3528,14,46317,1.151634e-03,4.999724e-03,1.200839e-02,0.000000e+00,0.000000e+00
3529,10,46327,1.421921e-03,4.971818e-03,1.076865e-02,0.000000e+00,0.000000e+00
3530,11,46338,1.289681e-03,4.979551e-03,1.048884e-02,0.000000e+00,0.000000e+00
3531,11,46349,1.362821e-03,4.903120e-03,9.912021e-03,0.000000e+00,0.000000e+00
3532,13,46362,1.018937e-03,5.017534e-03,1.089000e-02,0.000000e+00,0.000000e+00
3533,13,46375,1.165927e-03,4.892980e-03,1.119793e-02,0.000000e+00,0.000000e+00
3534,11,46386,1.344012e-03,5.023721e-03,1.360331e-02,0.000000e+00,0.000000e+00
3535,13,46399,1.216039e-03,4.955673e-03,1.307596e-02,0.000000e+00,0.000000e+00
3536,13,46412,9.330614e-04,5.013641e-03,1.306097e-02,0.000000e+00,0.000000e+00
3537,11,46423,1.075470e-03,4.995438e-03,1.093813e-02,0.000000e+00,0.000000e+00
3538,11,46434,7.683957e-04,5.048480e-03,1.150280e-02,0.000000e+00,0.000000e+00
3539,17,46451,8.375983e-04,4.930970e-03,1.048763e-02,0.000000e+00,0.000000e+00
3540,13,46464,9.930653e-04,5.024857e-03,1.005462e-02,0.000000e+00,0.000000e+00
3541,10,46474,1.236957e-03,4.802519e-03,1.036227e-02,0.000000e+00,0.000000e+00
3542,12,46486,1.186073e-03,4.974186e-03,1.045886e-02,0.000000e+00,0.000000e+00
3543,14,46500,9.489787e-04,4.830253e-03,1.000000e-02,0.000000e+00,0.000000e+00
3544,12,46512,1.200580e-03,4.992249e-03,1.058491e-02,0.000000e+00,0.000000e+00
3545,12,46524,1.529973e-03,4.836651e-03,8.799619e-03,0.000000e+00,0.000000e+00
3546,17,46541,1.332856e-03,4.830405e-03,1.135768e-02,0.000000e+00,0.000000e+00
3547,15,46556,8.384580e-04,4.777900e-03,1.000000e-02,0.000000e+00,0.000000e+00
3548,13,46569,1.151346e-03,5.021346e-03,1.261756e-02,0.000000e+00,0.000000e+00
3549,13,46582,1.091318e-03,4.937150e-03,1.065178e-02,0.000000e+00,0.000000e+00
3550,11,46593,9.229961e-04,4.777269e-03,1.222066e-02,0.000000e+00,0.000000e+00
3551,14,46607,9.709314e-04,4.710332e-03,1.063590e-02,0.000000e+00,0.000000e+00
HIST {'total_samples': 3910958, 'floor_samples': 0, 'floor_fraction': 0.0, 'saturation_depth': 0.0, 'boundaries': 3552, 'capped_boundaries': 0, 'unfinished_worlds': 0}
3552,13,46620,1.201500e-03,4.783471e-03,1.244596e-02,0.000000e+00,0.000000e+00
3553,15,46635,1.188288e-03,4.608990e-03,1.000000e-02,0.000000e+00,0.000000e+00
3554,14,46649,9.772440e-04,4.574905e-03,1.089000e-02,0.000000e+00,0.000000e+00
3555,11,46660,9.125188e-04,4.499357e-03,1.000000e-02,0.000000e+00,0.000000e+00
3556,14,46674,1.014098e-03,4.693356e-03,1.388970e-02,0.000000e+00,0.000000e+00
3557,11,46685,8.205693e-04,4.710800e-03,1.000000e-02,0.000000e+00,0.000000e+00
3558,12,46697,9.998133e-04,4.672101e-03,1.000000e-02,0.000000e+00,0.000000e+00
3559,13,46710,6.902026e-04,4.653929e-03,1.045787e-02,0.000000e+00,0.000000e+00
3560,18,46728,8.751781e-04,4.643332e-03,1.240704e-02,0.000000e+00,0.000000e+00
3561,11,46739,1.164725e-03,4.689401e-03,9.740329e-03,0.000000e+00,0.000000e+00
3562,10,46749,1.400850e-03,4.808174e-03,1.028428e-02,0.000000e+00,0.000000e+00
3563,15,46764,9.619933e-04,4.759999e-03,1.000000e-02,0.000000e+00,0.000000e+00
3564,11,46775,1.159935e-03,4.786543e-03,1.066586e-02,0.000000e+00,0.000000e+00
3565,13,46788,1.193169e-03,4.746377e-03,1.123304e-02,0.000000e+00,0.000000e+00
3566,12,46800,8.762146e-04,4.759708e-03,1.054123e-02,0.000000e+00,0.000000e+00
3567,9,46809,1.316354e-03,4.891592e-03,1.244241e-02,0.000000e+00,0.000000e+00
3568,11,46820,1.288537e-03,5.052863e-03,1.078201e-02,0.000000e+00,0.000000e+00
3569,11,46831,8.088415e-04,4.888542e-03,9.728942e-03,0.000000e+00,0.000000e+00
3570,9,46840,1.573989e-03,4.960466e-03,1.192325e-02,0.000000e+00,0.000000e+00
3571,14,46854,1.139270e-03,4.856854e-03,1.000000e-02,0.000000e+00,0.000000e+00
3572,16,46870,9.050817e-04,5.011423e-03,9.997328e-03,0.000000e+00,0.000000e+00
3573,12,46882,1.132329e-03,4.956312e-03,1.234541e-02,0.000000e+00,0.000000e+00
3574,19,46901,7.219964e-04,4.970193e-03,1.074085e-02,0.000000e+00,0.000000e+00
3575,16,46917,1.022336e-03,4.732292e-03,1.000000e-02,0.000000e+00,0.000000e+00
3576,9,46926,1.209224e-03,4.904212e-03,1.000000e-02,0.000000e+00,0.000000e+00
3577,18,46944,8.371634e-04,4.921325e-03,1.028706e-02,0.000000e+00,0.000000e+00
3578,14,46958,1.291515e-03,5.054749e-03,1.171953e-02,0.000000e+00,0.000000e+00
3579,15,46973,4.837497e-04,4.885120e-03,1.182645e-02,0.000000e+00,0.000000e+00
3580,14,46987,1.092155e-03,5.003151e-03,1.089000e-02,0.000000e+00,0.000000e+00
3581,10,46997,6.803920e-04,4.935279e-03,1.000000e-02,0.000000e+00,0.000000e+00
3582,14,47011,1.200143e-03,4.931261e-03,1.307966e-02,0.000000e+00,0.000000e+00
3583,13,47024,9.779448e-04,4.859260e-03,1.197900e-02,0.000000e+00,0.000000e+00
3584,14,47038,8.593870e-04,4.790884e-03,1.284525e-02,0.000000e+00,0.000000e+00
3585,16,47054,1.100224e-03,4.948730e-03,1.000000e-02,0.000000e+00,0.000000e+00
3586,19,47073,1.033696e-03,4.946383e-03,1.001705e-02,0.000000e+00,0.000000e+00
3587,12,47085,1.314204e-03,4.873980e-03,1.000000e-02,0.000000e+00,0.000000e+00
3588,11,47096,1.433936e-03,4.983126e-03,1.000000e-02,0.000000e+00,0.000000e+00
3589,11,47107,1.261637e-03,4.938640e-03,9.797111e-03,0.000000e+00,0.000000e+00
3590,19,47126,9.564341e-04,4.859173e-03,1.170720e-02,0.000000e+00,0.000000e+00
3591,12,47138,1.187314e-03,4.882279e-03,1.000000e-02,0.000000e+00,0.000000e+00
3592,12,47150,1.209639e-03,5.095609e-03,1.069906e-02,0.000000e+00,0.000000e+00
3593,11,47161,1.290117e-03,4.955117e-03,1.120742e-02,0.000000e+00,0.000000e+00
3594,14,47175,8.909721e-04,5.154273e-03,1.211557e-02,0.000000e+00,0.000000e+00
3595,13,47188,8.716855e-04,4.960796e-03,1.059861e-02,0.000000e+00,0.000000e+00
3596,25,47213,5.112889e-04,5.068947e-03,1.089000e-02,0.000000e+00,0.000000e+00
3597,16,47229,1.186385e-03,4.962264e-03,1.285193e-02,0.000000e+00,0.000000e+00
3598,12,47241,1.201463e-03,4.952824e-03,1.000000e-02,0.000000e+00,0.000000e+00
3599,16,47257,1.162377e-03,4.865610e-03,9.462589e-03,0.000000e+00,0.000000e+00
HIST {'total_samples': 3963596, 'floor_samples': 0, 'floor_fraction': 0.0, 'saturation_depth': 0.0, 'boundaries': 3600, 'capped_boundaries': 0, 'unfinished_worlds': 0}
3600,16,47273,1.152069e-03,4.931175e-03,1.263463e-02,0.000000e+00,0.000000e+00
3601,17,47290,8.929766e-04,4.925767e-03,1.000000e-02,0.000000e+00,0.000000e+00
3602,11,47301,1.125542e-03,4.902178e-03,1.087633e-02,0.000000e+00,0.000000e+00
3603,11,47312,1.499908e-03,4.913962e-03,1.196397e-02,0.000000e+00,0.000000e+00
3604,14,47326,1.087995e-03,4.978864e-03,1.215238e-02,0.000000e+00,0.000000e+00
3605,18,47344,9.156932e-04,4.967877e-03,1.000000e-02,0.000000e+00,0.000000e+00
3606,15,47359,8.624342e-04,5.048822e-03,1.259921e-02,0.000000e+00,0.000000e+00
3607,17,47376,8.787736e-04,4.914047e-03,1.287975e-02,0.000000e+00,0.000000e+00
3608,14,47390,9.032101e-04,4.904735e-03,1.073670e-02,0.000000e+00,0.000000e+00
3609,12,47402,1.020794e-03,4.969906e-03,1.000000e-02,0.000000e+00,0.000000e+00
3610,12,47414,1.264210e-03,5.103833e-03,1.089000e-02,0.000000e+00,0.000000e+00
3611,12,47426,1.202713e-03,4.966373e-03,1.062210e-02,0.000000e+00,0.000000e+00
3612,10,47436,1.346735e-03,5.078512e-03,1.000000e-02,0.000000e+00,0.000000e+00
3613,10,47446,1.207555e-03,4.973179e-03,9.981039e-03,0.000000e+00,0.000000e+00
3614,11,47457,1.355970e-03,5.012778e-03,1.121096e-02,0.000000e+00,0.000000e+00
3615,10,47467,1.123707e-03,4.989410e-03,1.006434e-02,0.000000e+00,0.000000e+00
3616,14,47481,1.182721e-03,5.016224e-03,1.135664e-02,0.000000e+00,0.000000e+00
3617,14,47495,1.048372e-03,5.073801e-03,1.208818e-02,0.000000e+00,0.000000e+00
3618,13,47508,8.846436e-04,5.015501e-03,1.346787e-02,0.000000e+00,0.000000e+00
3619,14,47522,9.259811e-04,4.986666e-03,1.244915e-02,0.000000e+00,0.000000e+00
3620,12,47534,1.058047e-03,5.130463e-03,1.287975e-02,0.000000e+00,0.000000e+00
3621,12,47546,7.934248e-04,4.975055e-03,1.000000e-02,0.000000e+00,0.000000e+00
3622,12,47558,1.078184e-03,5.101210e-03,1.287975e-02,0.000000e+00,0.000000e+00
3623,11,47569,1.254807e-03,4.929173e-03,1.000000e-02,0.000000e+00,0.000000e+00
3624,15,47584,7.379648e-04,4.916747e-03,1.000000e-02,0.000000e+00,0.000000e+00
3625,12,47596,9.420267e-04,4.850451e-03,1.028779e-02,0.000000e+00,0.000000e+00
3626,13,47609,1.262916e-03,4.948724e-03,1.204873e-02,0.000000e+00,0.000000e+00
3627,18,47627,7.623344e-04,4.962301e-03,9.853933e-03,0.000000e+00,0.000000e+00
3628,13,47640,1.122213e-03,5.095635e-03,1.193950e-02,0.000000e+00,0.000000e+00
3629,15,47655,6.653195e-04,5.062718e-03,1.000000e-02,0.000000e+00,0.000000e+00
3630,15,47670,5.584437e-04,4.985387e-03,1.486050e-02,0.000000e+00,0.000000e+00
3631,13,47683,1.161204e-03,4.802947e-03,1.000000e-02,0.000000e+00,0.000000e+00
3632,11,47694,1.293044e-03,4.887835e-03,1.089000e-02,0.000000e+00,0.000000e+00
3633,11,47705,1.571516e-03,4.755588e-03,1.041223e-02,0.000000e+00,0.000000e+00
3634,10,47715,1.475468e-03,5.092129e-03,1.190862e-02,0.000000e+00,0.000000e+00
3635,11,47726,1.516388e-03,4.922668e-03,1.069992e-02,0.000000e+00,0.000000e+00
3636,13,47739,1.066691e-03,5.003587e-03,1.376711e-02,0.000000e+00,0.000000e+00
3637,11,47750,1.045275e-03,4.874217e-03,1.050644e-02,0.000000e+00,0.000000e+00
3638,19,47769,1.046843e-03,4.935491e-03,1.089000e-02,0.000000e+00,0.000000e+00
3639,11,47780,7.960218e-04,4.924903e-03,1.000000e-02,0.000000e+00,0.000000e+00
3640,14,47794,9.950905e-04,5.085852e-03,1.317690e-02,0.000000e+00,0.000000e+00
3641,13,47807,8.998511e-04,5.030447e-03,1.005055e-02,0.000000e+00,0.000000e+00
3642,15,47822,1.620714e-03,5.156281e-03,1.594405e-02,0.000000e+00,0.000000e+00
3643,13,47835,1.170180e-03,4.853840e-03,1.000000e-02,0.000000e+00,0.000000e+00
3644,10,47845,1.263264e-03,4.977257e-03,1.443706e-02,0.000000e+00,0.000000e+00
3645,11,47856,1.211706e-03,4.898722e-03,1.000000e-02,0.000000e+00,0.000000e+00
3646,12,47868,1.348271e-03,5.184428e-03,1.000000e-02,0.000000e+00,0.000000e+00
3647,10,47878,1.723979e-03,5.149156e-03,1.033114e-02,0.000000e+00,0.000000e+00
HIST {'total_samples': 4015472, 'floor_samples': 0, 'floor_fraction': 0.0, 'saturation_depth': 0.0, 'boundaries': 3648, 'capped_boundaries': 0, 'unfinished_worlds': 0}
3648,10,47888,1.426799e-03,5.014561e-03,1.223262e-02,0.000000e+00,0.000000e+00
3649,11,47899,1.223094e-03,4.974809e-03,1.000000e-02,0.000000e+00,0.000000e+00
3650,10,47909,1.572647e-03,4.988857e-03,1.112731e-02,0.000000e+00,0.000000e+00
3651,10,47919,1.080634e-03,4.911852e-03,1.290228e-02,0.000000e+00,0.000000e+00
3652,13,47932,9.597749e-04,4.940159e-03,1.081275e-02,0.000000e+00,0.000000e+00
3653,13,47945,1.335981e-03,4.651510e-03,1.000000e-02,0.000000e+00,0.000000e+00
3654,11,47956,1.551391e-03,4.866741e-03,1.267130e-02,0.000000e+00,0.000000e+00
3655,11,47967,1.194589e-03,4.744536e-03,1.000000e-02,0.000000e+00,0.000000e+00
3656,17,47984,1.049390e-03,4.809954e-03,1.314060e-02,0.000000e+00,0.000000e+00
3657,21,48005,7.363603e-04,4.741332e-03,1.175221e-02,0.000000e+00,0.000000e+00
3658,16,48021,1.120103e-03,4.797121e-03,1.000000e-02,0.000000e+00,0.000000e+00
3659,17,48038,7.613668e-04,4.803516e-03,1.115878e-02,0.000000e+00,0.000000e+00
3660,18,48056,9.660535e-04,4.835865e-03,1.105834e-02,0.000000e+00,0.000000e+00
3661,12,48068,9.120700e-04,4.802761e-03,9.096628e-03,0.000000e+00,0.000000e+00
3662,17,48085,8.539461e-04,4.959145e-03,1.032437e-02,0.000000e+00,0.000000e+00
3663,10,48095,1.351474e-03,4.957145e-03,1.001448e-02,0.000000e+00,0.000000e+00
3664,11,48106,1.235392e-03,4.823024e-03,1.082422e-02,0.000000e+00,0.000000e+00
3665,12,48118,1.411444e-03,4.800894e-03,1.000000e-02,0.000000e+00,0.000000e+00
3666,10,48128,1.083556e-03,4.806062e-03,1.050806e-02,0.000000e+00,0.000000e+00
3667,13,48141,9.045211e-04,4.738737e-03,1.291720e-02,0.000000e+00,0.000000e+00
3668,14,48155,1.001357e-03,4.677575e-03,1.064985e-02,0.000000e+00,0.000000e+00
3669,12,48167,7.450625e-04,4.705485e-03,1.000000e-02,0.000000e+00,0.000000e+00
3670,16,48183,7.771929e-04,4.804848e-03,9.693714e-03,0.000000e+00,0.000000e+00
3671,13,48196,9.621601e-04,4.756249e-03,1.243663e-02,0.000000e+00,0.000000e+00
3672,13,48209,1.081505e-03,4.941781e-03,1.082802e-02,0.000000e+00,0.000000e+00
3673,13,48222,1.151426e-03,4.841593e-03,9.819384e-03,0.000000e+00,0.000000e+00
3674,19,48241,9.070400e-04,4.826567e-03,1.135756e-02,0.000000e+00,0.000000e+00
3675,15,48256,7.871730e-04,4.638381e-03,1.000000e-02,0.000000e+00,0.000000e+00
3676,12,48268,9.728396e-04,4.725751e-03,1.089000e-02,0.000000e+00,0.000000e+00
3677,12,48280,1.217832e-03,4.806628e-03,1.048210e-02,0.000000e+00,0.000000e+00
3678,14,48294,1.036426e-03,4.852656e-03,1.229029e-02,0.000000e+00,0.000000e+00
3679,12,48306,9.345491e-04,4.685898e-03,1.354767e-02,0.000000e+00,0.000000e+00
3680,16,48322,9.935916e-04,4.702805e-03,1.000000e-02,0.000000e+00,0.000000e+00
3681,15,48337,1.326182e-03,4.635642e-03,1.120202e-02,0.000000e+00,0.000000e+00
3682,13,48350,8.058024e-04,4.659592e-03,1.410325e-02,0.000000e+00,0.000000e+00
3683,12,48362,1.390799e-03,4.717655e-03,1.000000e-02,0.000000e+00,0.000000e+00
3684,11,48373,1.281883e-03,4.812142e-03,1.079994e-02,0.000000e+00,0.000000e+00
3685,11,48384,1.126002e-03,4.828232e-03,1.000000e-02,0.000000e+00,0.000000e+00
3686,11,48395,1.369816e-03,4.856655e-03,1.000215e-02,0.000000e+00,0.000000e+00
3687,12,48407,1.236665e-03,4.650040e-03,1.000000e-02,0.000000e+00,0.000000e+00
3688,13,48420,1.122308e-03,4.704656e-03,1.178613e-02,0.000000e+00,0.000000e+00
3689,11,48431,1.331251e-03,4.743643e-03,1.177970e-02,0.000000e+00,0.000000e+00
3690,10,48441,1.318732e-03,4.907492e-03,1.413703e-02,0.000000e+00,0.000000e+00
3691,11,48452,1.248110e-03,4.818446e-03,1.000000e-02,0.000000e+00,0.000000e+00
3692,11,48463,1.262619e-03,4.884146e-03,1.122811e-02,0.000000e+00,0.000000e+00
3693,10,48473,9.092834e-04,4.746795e-03,1.000000e-02,0.000000e+00,0.000000e+00
3694,16,48489,9.608997e-04,4.896792e-03,1.031196e-02,0.000000e+00,0.000000e+00
3695,15,48504,9.319935e-04,4.661789e-03,1.000000e-02,0.000000e+00,0.000000e+00
HIST {'total_samples': 4068964, 'floor_samples': 0, 'floor_fraction': 0.0, 'saturation_depth': 0.0, 'boundaries': 3696, 'capped_boundaries': 0, 'unfinished_worlds': 0}
3696,17,48521,8.422830e-04,4.812691e-03,1.021896e-02,0.000000e+00,0.000000e+00
3697,14,48535,1.180454e-03,4.734154e-03,9.726171e-03,0.000000e+00,0.000000e+00
3698,14,48549,7.608453e-04,4.817331e-03,1.124013e-02,0.000000e+00,0.000000e+00
3699,15,48564,1.062635e-03,4.792507e-03,1.000000e-02,0.000000e+00,0.000000e+00
3700,12,48576,1.357816e-03,4.827640e-03,1.278413e-02,0.000000e+00,0.000000e+00
3701,11,48587,1.245361e-03,4.790050e-03,1.000000e-02,0.000000e+00,0.000000e+00
3702,11,48598,1.035382e-03,4.902124e-03,1.280958e-02,0.000000e+00,0.000000e+00
3703,11,48609,1.170076e-03,4.832393e-03,1.186442e-02,0.000000e+00,0.000000e+00
3704,10,48619,1.474048e-03,4.826035e-03,1.018767e-02,0.000000e+00,0.000000e+00
3705,13,48632,1.370970e-03,4.877931e-03,1.000000e-02,0.000000e+00,0.000000e+00
3706,13,48645,9.089053e-04,4.824418e-03,1.100407e-02,0.000000e+00,0.000000e+00
3707,14,48659,9.810283e-04,4.815362e-03,1.287975e-02,0.000000e+00,0.000000e+00
3708,11,48670,1.309193e-03,4.945578e-03,1.058458e-02,0.000000e+00,0.000000e+00
3709,12,48682,1.229850e-03,4.818473e-03,1.000000e-02,0.000000e+00,0.000000e+00
3710,12,48694,8.753354e-04,4.779957e-03,1.069590e-02,0.000000e+00,0.000000e+00
3711,16,48710,9.472938e-04,4.780714e-03,1.000000e-02,0.000000e+00,0.000000e+00
3712,15,48725,1.027397e-03,4.939144e-03,1.089000e-02,0.000000e+00,0.000000e+00
3713,11,48736,1.287716e-03,4.917547e-03,1.102404e-02,0.000000e+00,0.000000e+00
3714,16,48752,1.148073e-03,4.993448e-03,1.238650e-02,0.000000e+00,0.000000e+00
3715,13,48765,1.006945e-03,4.878184e-03,1.264855e-02,0.000000e+00,0.000000e+00
3716,11,48776,1.127977e-03,4.978497e-03,1.213919e-02,0.000000e+00,0.000000e+00
3717,12,48788,1.082152e-03,4.830779e-03,9.855137e-03,0.000000e+00,0.000000e+00
3718,10,48798,1.121045e-03,4.889999e-03,1.089000e-02,0.000000e+00,0.000000e+00
3719,16,48814,1.215348e-03,4.833706e-03,1.000000e-02,0.000000e+00,0.000000e+00
3720,15,48829,9.061108e-04,4.998100e-03,1.257059e-02,0.000000e+00,0.000000e+00
3721,12,48841,1.471439e-03,4.903814e-03,1.287975e-02,0.000000e+00,0.000000e+00
3722,18,48859,1.024407e-03,4.905454e-03,1.225128e-02,0.000000e+00,0.000000e+00
3723,14,48873,1.021386e-03,4.804238e-03,1.000000e-02,0.000000e+00,0.000000e+00
3724,12,48885,1.223209e-03,4.849115e-03,1.078880e-02,0.000000e+00,0.000000e+00
3725,11,48896,1.127239e-03,4.755563e-03,1.000000e-02,0.000000e+00,0.000000e+00
3726,14,48910,1.037382e-03,4.852003e-03,1.342338e-02,0.000000e+00,0.000000e+00
3727,10,48920,1.271634e-03,4.809050e-03,1.148163e-02,0.000000e+00,0.000000e+00
3728,14,48934,9.504638e-04,4.755280e-03,1.203328e-02,0.000000e+00,0.000000e+00
3729,12,48946,1.083247e-03,4.790376e-03,1.287975e-02,0.000000e+00,0.000000e+00
3730,14,48960,1.352765e-03,4.879098e-03,1.276095e-02,0.000000e+00,0.000000e+00
3731,13,48973,1.178762e-03,4.728143e-03,1.000000e-02,0.000000e+00,0.000000e+00
3732,16,48989,1.077919e-03,4.928244e-03,1.151584e-02,0.000000e+00,0.000000e+00
3733,12,49001,8.527007e-04,4.815170e-03,1.197900e-02,0.000000e+00,0.000000e+00
3734,10,49011,9.553253e-04,4.872749e-03,1.197900e-02,0.000000e+00,0.000000e+00
3735,14,49025,8.659261e-04,4.801156e-03,1.000000e-02,0.000000e+00,0.000000e+00
3736,14,49039,1.145491e-03,4.899393e-03,1.159676e-02,0.000000e+00,0.000000e+00
3737,10,49049,1.135584e-03,4.936420e-03,1.197900e-02,0.000000e+00,0.000000e+00
3738,11,49060,9.572128e-04,4.886798e-03,1.259986e-02,0.000000e+00,0.000000e+00
3739,19,49079,7.627060e-04,4.769645e-03,1.178488e-02,0.000000e+00,0.000000e+00
3740,13,49092,9.105438e-04,4.905688e-03,1.000000e-02,0.000000e+00,0.000000e+00
3741,12,49104,1.123937e-03,4.777001e-03,1.000000e-02,0.000000e+00,0.000000e+00
3742,11,49115,1.357441e-03,4.842643e-03,1.050122e-02,0.000000e+00,0.000000e+00
3743,15,49130,1.261947e-03,4.650367e-03,1.000000e-02,0.000000e+00,0.000000e+00
HIST {'total_samples': 4121884, 'floor_samples': 0, 'floor_fraction': 0.0, 'saturation_depth': 0.0, 'boundaries': 3744, 'capped_boundaries': 0, 'unfinished_worlds': 0}
3744,12,49142,1.518983e-03,4.722341e-03,1.070727e-02,0.000000e+00,0.000000e+00
3745,10,49152,1.343582e-03,4.813022e-03,1.121870e-02,0.000000e+00,0.000000e+00
3746,15,49167,1.109853e-03,4.855621e-03,1.235268e-02,0.000000e+00,0.000000e+00
3747,14,49181,1.113364e-03,4.790930e-03,1.000000e-02,0.000000e+00,0.000000e+00
3748,13,49194,6.977513e-04,4.836409e-03,1.106067e-02,0.000000e+00,0.000000e+00
3749,14,49208,1.131956e-03,4.957077e-03,1.000000e-02,0.000000e+00,0.000000e+00
3750,12,49220,1.147157e-03,4.847997e-03,1.056888e-02,0.000000e+00,0.000000e+00
3751,12,49232,1.394837e-03,4.806641e-03,1.014851e-02,0.000000e+00,0.000000e+00
3752,13,49245,9.296698e-04,4.836376e-03,1.000000e-02,0.000000e+00,0.000000e+00
3753,10,49255,1.341322e-03,4.720167e-03,1.103884e-02,0.000000e+00,0.000000e+00
3754,12,49267,1.000632e-03,4.796215e-03,1.105481e-02,0.000000e+00,0.000000e+00
3755,11,49278,1.147159e-03,4.788477e-03,1.253419e-02,0.000000e+00,0.000000e+00
3756,12,49290,9.164772e-04,4.745289e-03,1.089000e-02,0.000000e+00,0.000000e+00
3757,10,49300,1.279757e-03,4.756829e-03,1.000000e-02,0.000000e+00,0.000000e+00
3758,14,49314,1.052070e-03,4.790263e-03,1.580241e-02,0.000000e+00,0.000000e+00
3759,12,49326,1.366885e-03,4.700826e-03,1.352785e-02,0.000000e+00,0.000000e+00
3760,15,49341,1.235321e-03,4.725915e-03,1.342463e-02,0.000000e+00,0.000000e+00
3761,11,49352,8.735517e-04,4.732242e-03,1.000000e-02,0.000000e+00,0.000000e+00
3762,12,49364,1.097468e-03,4.803752e-03,1.203925e-02,0.000000e+00,0.000000e+00
3763,13,49377,8.649473e-04,4.722800e-03,1.197900e-02,0.000000e+00,0.000000e+00
3764,13,49390,9.942316e-04,4.793926e-03,1.168014e-02,0.000000e+00,0.000000e+00
3765,13,49403,1.189898e-03,4.718040e-03,1.193998e-02,0.000000e+00,0.000000e+00
3766,11,49414,1.222817e-03,4.803080e-03,1.189030e-02,0.000000e+00,0.000000e+00
3767,10,49424,1.352336e-03,4.818827e-03,1.053878e-02,0.000000e+00,0.000000e+00
3768,9,49433,1.690088e-03,4.788436e-03,1.161056e-02,0.000000e+00,0.000000e+00
3769,11,49444,1.447578e-03,4.806559e-03,1.275192e-02,0.000000e+00,0.000000e+00
3770,12,49456,8.443134e-04,4.861000e-03,1.230990e-02,0.000000e+00,0.000000e+00
3771,15,49471,8.970222e-04,4.720129e-03,1.000000e-02,0.000000e+00,0.000000e+00
3772,15,49486,8.647067e-04,4.863870e-03,1.398532e-02,0.000000e+00,0.000000e+00
3773,13,49499,9.370057e-04,4.736949e-03,1.213722e-02,0.000000e+00,0.000000e+00
3774,12,49511,1.019512e-03,4.878749e-03,1.171964e-02,0.000000e+00,0.000000e+00
3775,14,49525,1.251835e-03,4.686165e-03,9.980341e-03,0.000000e+00,0.000000e+00
3776,14,49539,8.968305e-04,4.716428e-03,1.089000e-02,0.000000e+00,0.000000e+00
3777,19,49558,7.397349e-04,4.628684e-03,1.000000e-02,0.000000e+00,0.000000e+00
3778,16,49574,8.965873e-04,4.748782e-03,1.251543e-02,0.000000e+00,0.000000e+00
3779,16,49590,7.441376e-04,4.673163e-03,1.000000e-02,0.000000e+00,0.000000e+00
3780,23,49613,6.268060e-04,4.690033e-03,1.000000e-02,0.000000e+00,0.000000e+00
3781,18,49631,8.595900e-04,4.630372e-03,1.007721e-02,0.000000e+00,0.000000e+00
3782,18,49649,1.160378e-03,4.473716e-03,1.058954e-02,0.000000e+00,0.000000e+00
3783,13,49662,1.030891e-03,4.494080e-03,1.000000e-02,0.000000e+00,0.000000e+00
3784,13,49675,1.194406e-03,4.722586e-03,1.360117e-02,0.000000e+00,0.000000e+00
3785,15,49690,9.122546e-04,4.592141e-03,1.000000e-02,0.000000e+00,0.000000e+00
3786,12,49702,1.075807e-03,4.586668e-03,1.272737e-02,0.000000e+00,0.000000e+00
3787,12,49714,1.147131e-03,4.501369e-03,1.000000e-02,0.000000e+00,0.000000e+00
3788,12,49726,1.029964e-03,4.718990e-03,1.301551e-02,0.000000e+00,0.000000e+00
3789,9,49735,1.205311e-03,4.640191e-03,1.126479e-02,0.000000e+00,0.000000e+00
3790,19,49754,7.595416e-04,4.663707e-03,1.002125e-02,0.000000e+00,0.000000e+00
3791,11,49765,1.254670e-03,4.664352e-03,1.000000e-02,0.000000e+00,0.000000e+00
HIST {'total_samples': 4175893, 'floor_samples': 0, 'floor_fraction': 0.0, 'saturation_depth': 0.0, 'boundaries': 3792, 'capped_boundaries': 0, 'unfinished_worlds': 0}
3792,13,49778,1.158089e-03,4.734512e-03,1.317244e-02,0.000000e+00,0.000000e+00
3793,18,49796,9.872795e-04,4.743750e-03,1.000000e-02,0.000000e+00,0.000000e+00
3794,18,49814,9.894953e-04,4.824110e-03,1.305954e-02,0.000000e+00,0.000000e+00
3795,16,49830,8.105488e-04,4.777652e-03,1.071116e-02,0.000000e+00,0.000000e+00
3796,15,49845,8.156088e-04,4.814930e-03,1.056047e-02,0.000000e+00,0.000000e+00
3797,15,49860,7.962912e-04,4.711848e-03,1.161652e-02,0.000000e+00,0.000000e+00
3798,17,49877,9.050249e-04,4.818191e-03,1.280651e-02,0.000000e+00,0.000000e+00
3799,15,49892,9.091361e-04,4.793835e-03,1.000000e-02,0.000000e+00,0.000000e+00
3800,18,49910,5.297325e-04,4.666315e-03,1.000000e-02,0.000000e+00,0.000000e+00
3801,14,49924,1.116515e-03,4.668582e-03,1.000000e-02,0.000000e+00,0.000000e+00
3802,15,49939,1.443608e-03,4.748271e-03,9.725737e-03,0.000000e+00,0.000000e+00
3803,18,49957,8.308805e-04,4.684176e-03,9.725737e-03,0.000000e+00,0.000000e+00
3804,13,49970,1.158291e-03,4.709301e-03,1.207232e-02,0.000000e+00,0.000000e+00
3805,13,49983,1.264307e-03,4.672104e-03,1.000000e-02,0.000000e+00,0.000000e+00
3806,13,49996,6.686807e-04,4.712382e-03,1.015710e-02,0.000000e+00,0.000000e+00
3807,21,50017,1.081163e-03,4.741461e-03,1.000000e-02,0.000000e+00,0.000000e+00
3808,12,50029,1.206261e-03,4.785400e-03,1.019931e-02,0.000000e+00,0.000000e+00
3809,12,50041,8.752746e-04,4.684785e-03,1.046477e-02,0.000000e+00,0.000000e+00
3810,12,50053,8.272547e-04,4.750262e-03,1.006044e-02,0.000000e+00,0.000000e+00
3811,12,50065,1.191589e-03,4.597455e-03,1.004223e-02,0.000000e+00,0.000000e+00
3812,14,50079,1.496798e-03,4.696219e-03,1.311646e-02,0.000000e+00,0.000000e+00
3813,14,50093,8.107653e-04,4.585744e-03,9.177159e-03,0.000000e+00,0.000000e+00
3814,14,50107,7.107748e-04,4.690232e-03,1.006686e-02,0.000000e+00,0.000000e+00
3815,10,50117,1.084700e-03,4.768502e-03,1.152048e-02,0.000000e+00,0.000000e+00
3816,15,50132,1.018010e-03,4.784664e-03,1.287975e-02,0.000000e+00,0.000000e+00
3817,13,50145,9.436281e-04,4.780481e-03,1.000000e-02,0.000000e+00,0.000000e+00
3818,18,50163,1.025111e-03,4.901215e-03,1.154405e-02,0.000000e+00,0.000000e+00
3819,10,50173,1.080347e-03,4.793589e-03,1.000000e-02,0.000000e+00,0.000000e+00
3820,13,50186,1.374533e-03,4.759840e-03,1.057325e-02,0.000000e+00,0.000000e+00
3821,15,50201,9.588968e-04,4.761973e-03,1.096534e-02,0.000000e+00,0.000000e+00
3822,10,50211,9.575449e-04,4.779418e-03,1.206187e-02,0.000000e+00,0.000000e+00
3823,14,50225,1.406761e-03,4.854169e-03,1.228322e-02,0.000000e+00,0.000000e+00
3824,15,50240,9.667490e-04,4.889651e-03,1.000000e-02,0.000000e+00,0.000000e+00
3825,14,50254,1.123793e-03,4.686478e-03,1.000000e-02,0.000000e+00,0.000000e+00
3826,12,50266,1.476052e-03,4.916260e-03,1.028623e-02,0.000000e+00,0.000000e+00
3827,12,50278,9.404008e-04,4.703424e-03,1.000000e-02,0.000000e+00,0.000000e+00
3828,14,50292,1.035541e-03,4.738889e-03,1.079399e-02,0.000000e+00,0.000000e+00
3829,17,50309,8.868098e-04,4.785256e-03,1.098194e-02,0.000000e+00,0.000000e+00
3830,16,50325,9.747245e-04,4.904780e-03,1.000000e-02,0.000000e+00,0.000000e+00
3831,18,50343,9.796717e-04,4.778348e-03,1.104997e-02,0.000000e+00,0.000000e+00
3832,12,50355,1.078726e-03,4.788721e-03,1.424060e-02,0.000000e+00,0.000000e+00
3833,25,50380,7.719665e-04,4.730460e-03,1.000000e-02,0.000000e+00,0.000000e+00
3834,20,50400,6.454418e-04,4.949277e-03,1.236240e-02,0.000000e+00,0.000000e+00
3835,19,50419,1.095685e-03,4.770161e-03,1.000000e-02,0.000000e+00,0.000000e+00
3836,11,50430,1.022116e-03,4.890310e-03,1.269308e-02,0.000000e+00,0.000000e+00
3837,13,50443,1.097798e-03,4.775913e-03,1.000000e-02,0.000000e+00,0.000000e+00
3838,13,50456,8.212818e-04,4.900713e-03,1.066373e-02,0.000000e+00,0.000000e+00
3839,13,50469,1.108725e-03,4.803238e-03,1.000000e-02,0.000000e+00,0.000000e+00
HIST {'total_samples': 4229413, 'floor_samples': 0, 'floor_fraction': 0.0, 'saturation_depth': 0.0, 'boundaries': 3840, 'capped_boundaries': 0, 'unfinished_worlds': 0}
3840,13,50482,1.249637e-03,4.927378e-03,1.035079e-02,0.000000e+00,0.000000e+00
3841,10,50492,1.273052e-03,4.812007e-03,1.000000e-02,0.000000e+00,0.000000e+00
3842,11,50503,1.210308e-03,4.816435e-03,1.119387e-02,0.000000e+00,0.000000e+00
3843,13,50516,1.159110e-03,4.817824e-03,1.009644e-02,0.000000e+00,0.000000e+00
3844,12,50528,1.204106e-03,4.975798e-03,1.151742e-02,0.000000e+00,0.000000e+00
3845,14,50542,1.120190e-03,4.889498e-03,1.000000e-02,0.000000e+00,0.000000e+00
3846,12,50554,9.217506e-04,4.932346e-03,1.116865e-02,0.000000e+00,0.000000e+00
3847,12,50566,1.447827e-03,4.797533e-03,1.228552e-02,0.000000e+00,0.000000e+00
3848,10,50576,1.413660e-03,5.037303e-03,1.244951e-02,0.000000e+00,0.000000e+00
3849,12,50588,1.001642e-03,4.967383e-03,1.287975e-02,0.000000e+00,0.000000e+00
3850,14,50602,1.044748e-03,4.957678e-03,1.449946e-02,0.000000e+00,0.000000e+00
3851,12,50614,1.106620e-03,4.908469e-03,1.069796e-02,0.000000e+00,0.000000e+00
3852,11,50625,1.577828e-03,5.088663e-03,1.176776e-02,0.000000e+00,0.000000e+00
3853,13,50638,1.142417e-03,4.910214e-03,1.000000e-02,0.000000e+00,0.000000e+00
3854,14,50652,1.309885e-03,5.049950e-03,1.072345e-02,0.000000e+00,0.000000e+00
3855,12,50664,1.276786e-03,4.901819e-03,1.000000e-02,0.000000e+00,0.000000e+00
3856,16,50680,1.139635e-03,4.898511e-03,1.003614e-02,0.000000e+00,0.000000e+00
3857,17,50697,7.470511e-04,4.779513e-03,1.154184e-02,0.000000e+00,0.000000e+00
3858,16,50713,9.265230e-04,4.912667e-03,1.089000e-02,0.000000e+00,0.000000e+00
3859,15,50728,9.684626e-04,4.783928e-03,1.175909e-02,0.000000e+00,0.000000e+00
3860,12,50740,1.171418e-03,5.029770e-03,1.150569e-02,0.000000e+00,0.000000e+00
3861,12,50752,1.111738e-03,5.053877e-03,1.219964e-02,0.000000e+00,0.000000e+00
3862,15,50767,1.007602e-03,4.981643e-03,1.147964e-02,0.000000e+00,0.000000e+00
3863,20,50787,7.005208e-04,4.824227e-03,1.088739e-02,0.000000e+00,0.000000e+00
3864,11,50798,1.525475e-03,4.901302e-03,1.147917e-02,0.000000e+00,0.000000e+00
3865,18,50816,8.607463e-04,4.775799e-03,1.090052e-02,0.000000e+00,0.000000e+00
3866,16,50832,1.091540e-03,4.837460e-03,1.061055e-02,0.000000e+00,0.000000e+00
3867,11,50843,1.270134e-03,4.889137e-03,1.058647e-02,0.000000e+00,0.000000e+00
3868,9,50852,1.209711e-03,4.940960e-03,1.145445e-02,0.000000e+00,0.000000e+00
3869,11,50863,1.438011e-03,4.902306e-03,1.000000e-02,0.000000e+00,0.000000e+00
3870,9,50872,1.178999e-03,4.932806e-03,1.070191e-02,0.000000e+00,0.000000e+00
3871,10,50882,1.385255e-03,4.864160e-03,1.090874e-02,0.000000e+00,0.000000e+00
3872,14,50896,1.335404e-03,4.838608e-03,9.976399e-03,0.000000e+00,0.000000e+00
3873,14,50910,1.007270e-03,4.694949e-03,1.092864e-02,0.000000e+00,0.000000e+00
3874,25,50935,7.284582e-04,4.769166e-03,1.027685e-02,0.000000e+00,0.000000e+00
3875,12,50947,1.268707e-03,4.730105e-03,1.039983e-02,0.000000e+00,0.000000e+00
3876,18,50965,9.282331e-04,4.804541e-03,1.098834e-02,0.000000e+00,0.000000e+00
3877,12,50977,9.152371e-04,4.751712e-03,1.000000e-02,0.000000e+00,0.000000e+00
3878,20,50997,6.810561e-04,4.889478e-03,1.083307e-02,0.000000e+00,0.000000e+00
3879,12,51009,9.244070e-04,4.772141e-03,1.000000e-02,0.000000e+00,0.000000e+00
3880,10,51019,1.063568e-03,4.951750e-03,1.195390e-02,0.000000e+00,0.000000e+00
3881,9,51028,1.428076e-03,4.959503e-03,1.000000e-02,0.000000e+00,0.000000e+00
3882,14,51042,1.086358e-03,4.957844e-03,1.206462e-02,0.000000e+00,0.000000e+00
3883,13,51055,1.430942e-03,4.937666e-03,1.000000e-02,0.000000e+00,0.000000e+00
3884,21,51076,9.054975e-04,4.978350e-03,1.101286e-02,0.000000e+00,0.000000e+00
3885,13,51089,1.210284e-03,4.986154e-03,1.000000e-02,0.000000e+00,0.000000e+00
3886,17,51106,9.223660e-04,4.934190e-03,1.311064e-02,0.000000e+00,0.000000e+00
3887,13,51119,9.854845e-04,4.794704e-03,1.000000e-02,0.000000e+00,0.000000e+00
HIST {'total_samples': 4281954, 'floor_samples': 0, 'floor_fraction': 0.0, 'saturation_depth': 0.0, 'boundaries': 3888, 'capped_boundaries': 0, 'unfinished_worlds': 0}
3888,15,51134,1.038322e-03,4.942188e-03,1.304359e-02,0.000000e+00,0.000000e+00
3889,11,51145,1.196249e-03,4.805020e-03,1.000000e-02,0.000000e+00,0.000000e+00
3890,13,51158,1.191215e-03,4.990128e-03,1.367775e-02,0.000000e+00,0.000000e+00
3891,13,51171,1.215389e-03,4.968409e-03,1.339618e-02,0.000000e+00,0.000000e+00
3892,16,51187,9.685745e-04,4.965707e-03,1.089000e-02,0.000000e+00,0.000000e+00
3893,13,51200,8.851358e-04,4.839863e-03,1.000000e-02,0.000000e+00,0.000000e+00
3894,17,51217,9.619954e-04,4.918140e-03,1.208043e-02,0.000000e+00,0.000000e+00
3895,14,51231,8.947623e-04,4.881489e-03,1.000000e-02,0.000000e+00,0.000000e+00
3896,14,51245,9.157529e-04,4.971825e-03,1.223510e-02,0.000000e+00,0.000000e+00
3897,14,51259,9.497050e-04,4.929666e-03,8.902686e-03,0.000000e+00,0.000000e+00
3898,13,51272,1.198886e-03,5.019932e-03,1.114665e-02,0.000000e+00,0.000000e+00
3899,13,51285,1.164406e-03,4.893863e-03,9.417708e-03,0.000000e+00,0.000000e+00
3900,12,51297,1.201247e-03,4.913605e-03,1.088131e-02,0.000000e+00,0.000000e+00
3901,18,51315,6.357611e-04,4.928289e-03,1.000000e-02,0.000000e+00,0.000000e+00
3902,12,51327,1.194863e-03,4.837757e-03,1.244064e-02,0.000000e+00,0.000000e+00
3903,13,51340,1.094756e-03,4.854647e-03,1.000000e-02,0.000000e+00,0.000000e+00
3904,11,51351,1.038720e-03,4.857487e-03,1.043313e-02,0.000000e+00,0.000000e+00
3905,10,51361,1.403813e-03,4.870596e-03,1.012169e-02,0.000000e+00,0.000000e+00
3906,13,51374,1.094574e-03,4.839036e-03,1.074697e-02,0.000000e+00,0.000000e+00
3907,12,51386,9.988820e-04,4.806096e-03,1.287975e-02,0.000000e+00,0.000000e+00
3908,10,51396,1.283483e-03,4.730703e-03,1.287975e-02,0.000000e+00,0.000000e+00
3909,14,51410,1.276620e-03,4.674928e-03,9.999516e-03,0.000000e+00,0.000000e+00
3910,15,51425,8.714586e-04,4.765494e-03,1.153316e-02,0.000000e+00,0.000000e+00
3911,12,51437,1.081579e-03,4.697560e-03,1.234367e-02,0.000000e+00,0.000000e+00
3912,11,51448,1.611292e-03,4.800024e-03,1.077053e-02,0.000000e+00,0.000000e+00
3913,13,51461,1.015777e-03,4.747979e-03,9.236113e-03,0.000000e+00,0.000000e+00
3914,14,51475,1.071068e-03,4.780809e-03,1.024301e-02,0.000000e+00,0.000000e+00
3915,12,51487,1.242313e-03,4.693720e-03,9.236113e-03,0.000000e+00,0.000000e+00
3916,10,51497,1.290151e-03,4.807502e-03,1.112537e-02,0.000000e+00,0.000000e+00
3917,10,51507,1.049773e-03,4.657162e-03,1.000000e-02,0.000000e+00,0.000000e+00
3918,11,51518,1.530192e-03,4.805297e-03,1.026451e-02,0.000000e+00,0.000000e+00
3919,14,51532,1.426093e-03,4.726303e-03,9.528382e-03,0.000000e+00,0.000000e+00
3920,12,51544,1.023029e-03,4.866479e-03,1.115092e-02,0.000000e+00,0.000000e+00
3921,9,51553,1.393579e-03,4.814725e-03,9.571780e-03,0.000000e+00,0.000000e+00
3922,12,51565,1.374425e-03,4.891945e-03,1.025163e-02,0.000000e+00,0.000000e+00
3923,12,51577,1.170159e-03,4.772997e-03,1.118792e-02,0.000000e+00,0.000000e+00
3924,9,51586,1.517441e-03,4.999714e-03,1.072431e-02,0.000000e+00,0.000000e+00
3925,12,51598,1.331839e-03,4.933722e-03,1.084276e-02,0.000000e+00,0.000000e+00
3926,11,51609,1.490367e-03,4.931455e-03,1.283663e-02,0.000000e+00,0.000000e+00
3927,13,51622,1.018487e-03,4.854431e-03,9.026623e-03,0.000000e+00,0.000000e+00
3928,14,51636,1.124339e-03,4.882165e-03,1.023946e-02,0.000000e+00,0.000000e+00
3929,13,51649,7.457854e-04,4.829431e-03,1.044872e-02,0.000000e+00,0.000000e+00
3930,12,51661,1.241196e-03,4.656313e-03,1.031627e-02,0.000000e+00,0.000000e+00
3931,11,51672,9.024339e-04,4.636179e-03,9.630931e-03,0.000000e+00,0.000000e+00
3932,12,51684,1.019748e-03,4.790298e-03,1.005526e-02,0.000000e+00,0.000000e+00
3933,14,51698,1.382801e-03,4.822670e-03,1.157089e-02,0.000000e+00,0.000000e+00
3934,12,51710,7.839657e-04,4.869467e-03,1.050677e-02,0.000000e+00,0.000000e+00
3935,13,51723,1.069011e-03,4.838966e-03,1.066239e-02,0.000000e+00,0.000000e+00
HIST {'total_samples': 4334389, 'floor_samples': 0, 'floor_fraction': 0.0, 'saturation_depth': 0.0, 'boundaries': 3936, 'capped_boundaries': 0, 'unfinished_worlds': 0}
3936,14,51737,8.622560e-04,4.882204e-03,1.287975e-02,0.000000e+00,0.000000e+00
3937,13,51750,9.263110e-04,4.696562e-03,1.190709e-02,0.000000e+00,0.000000e+00
3938,12,51762,1.210568e-03,4.761254e-03,1.050885e-02,0.000000e+00,0.000000e+00
3939,16,51778,9.755625e-04,4.816191e-03,1.124665e-02,0.000000e+00,0.000000e+00
3940,14,51792,8.518415e-04,4.732300e-03,1.089000e-02,0.000000e+00,0.000000e+00
3941,15,51807,1.060479e-03,4.736805e-03,1.206736e-02,0.000000e+00,0.000000e+00
3942,11,51818,1.339438e-03,4.909766e-03,1.130910e-02,0.000000e+00,0.000000e+00
3943,12,51830,1.225322e-03,4.853694e-03,1.085638e-02,0.000000e+00,0.000000e+00
3944,13,51843,1.253850e-03,4.794465e-03,1.000000e-02,0.000000e+00,0.000000e+00
3945,10,51853,1.502244e-03,4.748548e-03,9.921438e-03,0.000000e+00,0.000000e+00
3946,12,51865,7.298047e-04,4.917151e-03,1.124388e-02,0.000000e+00,0.000000e+00
3947,12,51877,9.711437e-04,4.817456e-03,1.236827e-02,0.000000e+00,0.000000e+00
3948,15,51892,1.422675e-03,4.859409e-03,1.252074e-02,0.000000e+00,0.000000e+00
3949,16,51908,8.735302e-04,4.852278e-03,1.139211e-02,0.000000e+00,0.000000e+00
3950,13,51921,1.342522e-03,5.001877e-03,1.000000e-02,0.000000e+00,0.000000e+00
3951,12,51933,8.426687e-04,4.871691e-03,1.000000e-02,0.000000e+00,0.000000e+00
3952,12,51945,9.558535e-04,4.840807e-03,1.000000e-02,0.000000e+00,0.000000e+00
3953,14,51959,1.084929e-03,4.836832e-03,9.817659e-03,0.000000e+00,0.000000e+00
3954,18,51977,6.998038e-04,4.803232e-03,1.121095e-02,0.000000e+00,0.000000e+00
3955,15,51992,9.268274e-04,4.731631e-03,9.796169e-03,0.000000e+00,0.000000e+00
3956,15,52007,1.002329e-03,4.815159e-03,1.074845e-02,0.000000e+00,0.000000e+00
3957,11,52018,1.031382e-03,4.938512e-03,1.072800e-02,0.000000e+00,0.000000e+00
3958,11,52029,1.029194e-03,4.907405e-03,1.096339e-02,0.000000e+00,0.000000e+00
3959,12,52041,9.278772e-04,4.950589e-03,1.079761e-02,0.000000e+00,0.000000e+00
3960,19,52060,9.026758e-04,4.944311e-03,1.136581e-02,0.000000e+00,0.000000e+00
3961,16,52076,9.728452e-04,4.923111e-03,1.210511e-02,0.000000e+00,0.000000e+00
3962,16,52092,8.689969e-04,4.962123e-03,1.197540e-02,0.000000e+00,0.000000e+00
3963,15,52107,1.254374e-03,4.964906e-03,1.062155e-02,0.000000e+00,0.000000e+00
3964,14,52121,1.204420e-03,4.971428e-03,1.102803e-02,0.000000e+00,0.000000e+00
3965,15,52136,1.377402e-03,4.956240e-03,1.092257e-02,0.000000e+00,0.000000e+00
3966,15,52151,8.438528e-04,4.946589e-03,1.152442e-02,0.000000e+00,0.000000e+00
3967,12,52163,1.181334e-03,4.828949e-03,1.160599e-02,0.000000e+00,0.000000e+00
3968,14,52177,9.096001e-04,4.909999e-03,1.089000e-02,0.000000e+00,0.000000e+00
3969,11,52188,1.302734e-03,4.862443e-03,1.000000e-02,0.000000e+00,0.000000e+00
3970,15,52203,8.155517e-04,4.941018e-03,1.056604e-02,0.000000e+00,0.000000e+00
3971,14,52217,1.198875e-03,4.873357e-03,1.000000e-02,0.000000e+00,0.000000e+00
3972,14,52231,9.289879e-04,5.084212e-03,1.278491e-02,0.000000e+00,0.000000e+00
3973,12,52243,1.465203e-03,4.962626e-03,1.021639e-02,0.000000e+00,0.000000e+00
3974,13,52256,1.383928e-03,5.054912e-03,1.056869e-02,0.000000e+00,0.000000e+00
3975,18,52274,1.096582e-03,4.989949e-03,1.000000e-02,0.000000e+00,0.000000e+00
3976,11,52285,1.436990e-03,5.026265e-03,1.041996e-02,0.000000e+00,0.000000e+00
3977,11,52296,1.007650e-03,5.058296e-03,1.000000e-02,0.000000e+00,0.000000e+00
3978,11,52307,1.443587e-03,5.166107e-03,1.164888e-02,0.000000e+00,0.000000e+00
3979,13,52320,1.355284e-03,5.072519e-03,1.026870e-02,0.000000e+00,0.000000e+00
3980,13,52333,9.743819e-04,5.125859e-03,1.368519e-02,0.000000e+00,0.000000e+00
3981,13,52346,9.743841e-04,5.057982e-03,1.277340e-02,0.000000e+00,0.000000e+00
3982,14,52360,1.310836e-03,5.077970e-03,1.838616e-02,0.000000e+00,0.000000e+00
3983,13,52373,1.025678e-03,4.985369e-03,1.000000e-02,0.000000e+00,0.000000e+00
HIST {'total_samples': 4386489, 'floor_samples': 0, 'floor_fraction': 0.0, 'saturation_depth': 0.0, 'boundaries': 3984, 'capped_boundaries': 0, 'unfinished_worlds': 0}
3984,10,52383,1.470170e-03,5.077578e-03,1.043494e-02,0.000000e+00,0.000000e+00
3985,11,52394,8.141306e-04,4.853683e-03,1.027660e-02,0.000000e+00,0.000000e+00
3986,11,52405,9.917038e-04,5.171627e-03,1.191623e-02,0.000000e+00,0.000000e+00
3987,13,52418,1.083897e-03,5.117080e-03,1.000000e-02,0.000000e+00,0.000000e+00
3988,16,52434,1.368503e-03,5.123451e-03,1.085251e-02,0.000000e+00,0.000000e+00
3989,14,52448,1.045748e-03,4.876719e-03,1.000000e-02,0.000000e+00,0.000000e+00
3990,16,52464,1.194026e-03,4.957674e-03,1.000000e-02,0.000000e+00,0.000000e+00
3991,14,52478,1.080908e-03,4.816575e-03,9.163269e-03,0.000000e+00,0.000000e+00
3992,12,52490,1.600946e-03,5.042476e-03,1.136547e-02,0.000000e+00,0.000000e+00
3993,14,52504,7.877913e-04,5.040052e-03,1.064183e-02,0.000000e+00,0.000000e+00
3994,16,52520,9.076234e-04,5.127328e-03,1.369442e-02,0.000000e+00,0.000000e+00
3995,13,52533,1.160194e-03,4.906928e-03,9.643977e-03,0.000000e+00,0.000000e+00
3996,12,52545,1.029728e-03,4.993793e-03,1.001827e-02,0.000000e+00,0.000000e+00
3997,13,52558,1.356908e-03,4.927450e-03,9.656967e-03,0.000000e+00,0.000000e+00
3998,13,52571,1.266211e-03,4.896554e-03,1.481950e-02,0.000000e+00,0.000000e+00
3999,12,52583,8.437346e-04,4.854504e-03,1.310402e-02,0.000000e+00,0.000000e+00
4000,9,52592,1.368446e-03,4.922119e-03,1.000000e-02,0.000000e+00,0.000000e+00
4001,14,52606,1.347884e-03,4.993554e-03,1.020143e-02,0.000000e+00,0.000000e+00
4002,10,52616,1.076344e-03,5.053912e-03,1.000000e-02,0.000000e+00,0.000000e+00
4003,11,52627,1.788764e-03,5.078763e-03,1.042409e-02,0.000000e+00,0.000000e+00
4004,11,52638,1.528018e-03,5.076920e-03,1.058578e-02,0.000000e+00,0.000000e+00
4005,11,52649,1.146521e-03,4.894547e-03,1.000000e-02,0.000000e+00,0.000000e+00
4006,16,52665,8.981688e-04,5.091862e-03,1.223689e-02,0.000000e+00,0.000000e+00
4007,10,52675,1.339673e-03,4.961254e-03,1.000000e-02,0.000000e+00,0.000000e+00
4008,13,52688,9.553445e-04,5.007966e-03,1.039585e-02,0.000000e+00,0.000000e+00
4009,10,52698,1.349165e-03,4.940332e-03,9.862184e-03,0.000000e+00,0.000000e+00
4010,14,52712,8.860063e-04,4.942098e-03,1.051565e-02,0.000000e+00,0.000000e+00
4011,13,52725,1.027724e-03,4.947435e-03,1.211106e-02,0.000000e+00,0.000000e+00
4012,10,52735,1.112715e-03,5.142150e-03,1.186006e-02,0.000000e+00,0.000000e+00
4013,13,52748,1.061548e-03,4.990981e-03,1.124859e-02,0.000000e+00,0.000000e+00
4014,13,52761,1.043765e-03,4.981727e-03,1.160751e-02,0.000000e+00,0.000000e+00
4015,13,52774,1.055925e-03,4.923729e-03,1.020984e-02,0.000000e+00,0.000000e+00
4016,18,52792,1.025131e-03,5.028234e-03,1.221300e-02,0.000000e+00,0.000000e+00
4017,14,52806,1.153087e-03,4.926522e-03,1.046172e-02,0.000000e+00,0.000000e+00
4018,14,52820,1.143320e-03,5.011572e-03,1.287975e-02,0.000000e+00,0.000000e+00
4019,12,52832,1.056838e-03,4.908331e-03,1.079450e-02,0.000000e+00,0.000000e+00
4020,12,52844,9.835309e-04,5.066820e-03,1.373003e-02,0.000000e+00,0.000000e+00
4021,12,52856,8.052051e-04,5.050485e-03,1.197900e-02,0.000000e+00,0.000000e+00
4022,14,52870,1.378125e-03,5.101061e-03,1.287975e-02,0.000000e+00,0.000000e+00
4023,12,52882,1.192541e-03,4.969873e-03,1.000000e-02,0.000000e+00,0.000000e+00
4024,12,52894,1.128586e-03,5.097058e-03,1.011425e-02,0.000000e+00,0.000000e+00
4025,11,52905,1.189456e-03,5.005725e-03,1.194212e-02,0.000000e+00,0.000000e+00
4026,16,52921,1.103420e-03,5.123055e-03,1.139497e-02,0.000000e+00,0.000000e+00
4027,17,52938,1.346592e-03,5.147468e-03,1.089000e-02,0.000000e+00,0.000000e+00
4028,14,52952,1.101509e-03,5.236099e-03,1.197900e-02,0.000000e+00,0.000000e+00
4029,13,52965,9.692233e-04,5.006871e-03,1.287975e-02,0.000000e+00,0.000000e+00
4030,15,52980,8.919820e-04,5.131745e-03,1.081880e-02,0.000000e+00,0.000000e+00
4031,13,52993,9.140926e-04,4.989083e-03,1.000000e-02,0.000000e+00,0.000000e+00
HIST {'total_samples': 4437225, 'floor_samples': 0, 'floor_fraction': 0.0, 'saturation_depth': 0.0, 'boundaries': 4032, 'capped_boundaries': 0, 'unfinished_worlds': 0}
4032,14,53007,9.508859e-04,5.098535e-03,1.079507e-02,0.000000e+00,0.000000e+00
4033,14,53021,7.522901e-04,5.000763e-03,1.136281e-02,0.000000e+00,0.000000e+00
4034,12,53033,9.205327e-04,5.126026e-03,1.093476e-02,0.000000e+00,0.000000e+00
4035,11,53044,1.505106e-03,5.093037e-03,1.071716e-02,0.000000e+00,0.000000e+00
4036,16,53060,1.266462e-03,5.120071e-03,1.055038e-02,0.000000e+00,0.000000e+00
4037,17,53077,8.368167e-04,4.990582e-03,1.083781e-02,0.000000e+00,0.000000e+00
4038,16,53093,1.110250e-03,5.021481e-03,1.043438e-02,0.000000e+00,0.000000e+00
4039,11,53104,8.210878e-04,4.816165e-03,1.000000e-02,0.000000e+00,0.000000e+00
4040,16,53120,8.886677e-04,4.989677e-03,1.000000e-02,0.000000e+00,0.000000e+00
4041,14,53134,1.136338e-03,4.854758e-03,1.000000e-02,0.000000e+00,0.000000e+00
4042,18,53152,6.574463e-04,5.072845e-03,1.030964e-02,0.000000e+00,0.000000e+00
4043,16,53168,1.016596e-03,4.979212e-03,1.047700e-02,0.000000e+00,0.000000e+00
4044,12,53180,9.210266e-04,5.030253e-03,1.090258e-02,0.000000e+00,0.000000e+00
4045,11,53191,1.252337e-03,4.976730e-03,1.000000e-02,0.000000e+00,0.000000e+00
4046,13,53204,1.058336e-03,4.982957e-03,1.256212e-02,0.000000e+00,0.000000e+00
4047,15,53219,1.287773e-03,4.903929e-03,1.000000e-02,0.000000e+00,0.000000e+00
4048,14,53233,1.094085e-03,5.071441e-03,1.197123e-02,0.000000e+00,0.000000e+00
4049,13,53246,9.827641e-04,4.963160e-03,1.053537e-02,0.000000e+00,0.000000e+00
4050,12,53258,1.460909e-03,5.103914e-03,1.287975e-02,0.000000e+00,0.000000e+00
4051,12,53270,1.271346e-03,4.840192e-03,1.000000e-02,0.000000e+00,0.000000e+00
4052,13,53283,1.098333e-03,4.984769e-03,1.153578e-02,0.000000e+00,0.000000e+00
4053,16,53299,1.045280e-03,4.850387e-03,1.036724e-02,0.000000e+00,0.000000e+00
4054,16,53315,8.836599e-04,4.845947e-03,1.162088e-02,0.000000e+00,0.000000e+00
4055,12,53327,1.003817e-03,4.759157e-03,1.000000e-02,0.000000e+00,0.000000e+00
4056,13,53340,1.123366e-03,4.856241e-03,1.317690e-02,0.000000e+00,0.000000e+00
4057,15,53355,7.861048e-04,4.856873e-03,1.183470e-02,0.000000e+00,0.000000e+00
4058,12,53367,1.126516e-03,4.912547e-03,1.089000e-02,0.000000e+00,0.000000e+00
4059,13,53380,1.201522e-03,4.855993e-03,1.197900e-02,0.000000e+00,0.000000e+00
4060,10,53390,1.296986e-03,4.911338e-03,1.120346e-02,0.000000e+00,0.000000e+00
4061,10,53400,1.358584e-03,4.832855e-03,1.266064e-02,0.000000e+00,0.000000e+00
4062,12,53412,6.826954e-04,4.752659e-03,1.059243e-02,0.000000e+00,0.000000e+00
4063,12,53424,1.207840e-03,4.733794e-03,1.000000e-02,0.000000e+00,0.000000e+00
4064,12,53436,9.631473e-04,4.786960e-03,1.031755e-02,0.000000e+00,0.000000e+00
4065,12,53448,1.285130e-03,4.779513e-03,1.006903e-02,0.000000e+00,0.000000e+00
4066,14,53462,1.081804e-03,4.856918e-03,1.028250e-02,0.000000e+00,0.000000e+00
4067,13,53475,1.426772e-03,4.887507e-03,1.224285e-02,0.000000e+00,0.000000e+00
4068,14,53489,9.990239e-04,4.903178e-03,1.000000e-02,0.000000e+00,0.000000e+00
4069,12,53501,8.684141e-04,4.814809e-03,1.208762e-02,0.000000e+00,0.000000e+00
4070,11,53512,1.281646e-03,4.874937e-03,1.116769e-02,0.000000e+00,0.000000e+00
4071,12,53524,1.146759e-03,4.756604e-03,1.004997e-02,0.000000e+00,0.000000e+00
4072,12,53536,9.253312e-04,4.974988e-03,1.186266e-02,0.000000e+00,0.000000e+00
4073,13,53549,1.156538e-03,4.803382e-03,1.169313e-02,0.000000e+00,0.000000e+00
4074,11,53560,1.210125e-03,4.894659e-03,1.000000e-02,0.000000e+00,0.000000e+00
4075,15,53575,9.760861e-04,4.877406e-03,1.024131e-02,0.000000e+00,0.000000e+00
4076,12,53587,1.163887e-03,4.754798e-03,1.195569e-02,0.000000e+00,0.000000e+00
4077,17,53604,9.565407e-04,4.735459e-03,1.390154e-02,0.000000e+00,0.000000e+00
4078,16,53620,8.086821e-04,4.853354e-03,1.262268e-02,0.000000e+00,0.000000e+00
4079,13,53633,1.151590e-03,4.571243e-03,1.000000e-02,0.000000e+00,0.000000e+00
HIST {'total_samples': 4489443, 'floor_samples': 0, 'floor_fraction': 0.0, 'saturation_depth': 0.0, 'boundaries': 4080, 'capped_boundaries': 0, 'unfinished_worlds': 0}
4080,18,53651,1.006827e-03,4.788281e-03,1.527344e-02,0.000000e+00,0.000000e+00
4081,12,53663,9.870824e-04,4.710508e-03,9.584658e-03,0.000000e+00,0.000000e+00
4082,13,53676,9.275771e-04,4.888520e-03,1.000000e-02,0.000000e+00,0.000000e+00
4083,11,53687,9.079988e-04,4.800634e-03,9.659276e-03,0.000000e+00,0.000000e+00
4084,12,53699,1.134367e-03,4.835199e-03,1.086977e-02,0.000000e+00,0.000000e+00
4085,12,53711,7.656683e-04,4.793904e-03,1.145482e-02,0.000000e+00,0.000000e+00
4086,10,53721,1.175272e-03,5.082137e-03,1.315242e-02,0.000000e+00,0.000000e+00
4087,12,53733,9.225764e-04,4.334597e-03,1.000000e-02,0.000000e+00,0.000000e+00
4088,13,53746,8.505473e-04,4.189851e-03,1.089000e-02,0.000000e+00,0.000000e+00
4089,15,53761,7.233609e-04,4.191512e-03,1.042976e-02,0.000000e+00,0.000000e+00
4090,16,53777,5.463175e-04,4.317059e-03,1.114292e-02,0.000000e+00,0.000000e+00
4091,21,53798,5.183779e-04,4.320500e-03,1.091206e-02,0.000000e+00,0.000000e+00
4092,20,53818,5.183779e-04,4.239950e-03,1.360236e-02,0.000000e+00,0.000000e+00
4093,20,53838,5.183779e-04,4.134913e-03,1.000000e-02,0.000000e+00,0.000000e+00
4094,20,53858,5.183779e-04,4.247464e-03,1.167485e-02,0.000000e+00,0.000000e+00
4095,20,53878,5.183779e-04,4.086729e-03,1.089000e-02,0.000000e+00,0.000000e+00
4096,20,53898,5.183779e-04,4.334874e-03,1.049307e-02,0.000000e+00,0.000000e+00
4097,20,53918,5.183779e-04,4.031511e-03,1.362695e-02,0.000000e+00,0.000000e+00
4098,20,53938,5.183779e-04,4.251366e-03,1.058906e-02,0.000000e+00,0.000000e+00
4099,20,53958,5.183779e-04,4.140631e-03,1.158497e-02,0.000000e+00,0.000000e+00
4100,16,53974,6.525262e-04,4.202603e-03,1.000000e-02,0.000000e+00,0.000000e+00
4101,18,53992,6.194428e-04,4.094163e-03,9.480580e-03,0.000000e+00,0.000000e+00
4102,17,54009,6.194428e-04,4.144547e-03,1.092141e-02,0.000000e+00,0.000000e+00
4103,17,54026,6.194428e-04,4.209226e-03,1.377680e-02,0.000000e+00,0.000000e+00
4104,17,54043,6.194428e-04,4.314639e-03,1.345903e-02,0.000000e+00,0.000000e+00
4105,17,54060,7.832774e-04,4.241569e-03,1.164012e-02,0.000000e+00,0.000000e+00
4106,13,54073,7.832774e-04,4.213317e-03,1.241091e-02,0.000000e+00,0.000000e+00
4107,13,54086,7.832774e-04,4.258262e-03,1.000000e-02,0.000000e+00,0.000000e+00
4108,14,54100,6.987186e-04,4.258370e-03,1.333379e-02,0.000000e+00,0.000000e+00
4109,13,54113,7.832774e-04,4.094924e-03,1.111157e-02,0.000000e+00,0.000000e+00
4110,13,54126,7.832774e-04,4.080898e-03,1.319836e-02,0.000000e+00,0.000000e+00
4111,13,54139,8.644981e-04,4.040963e-03,1.028770e-02,0.000000e+00,0.000000e+00
4112,24,54163,4.439562e-04,4.285580e-03,1.351642e-02,0.000000e+00,0.000000e+00
4113,23,54186,4.439562e-04,4.271701e-03,1.111621e-02,0.000000e+00,0.000000e+00
4114,15,54201,8.644981e-04,4.209285e-03,1.077827e-02,0.000000e+00,0.000000e+00
4115,14,54215,8.091546e-04,4.195294e-03,9.899962e-03,0.000000e+00,0.000000e+00
4116,17,54232,6.498650e-04,4.321416e-03,1.329808e-02,0.000000e+00,0.000000e+00
4117,16,54248,6.498650e-04,4.103550e-03,1.002525e-02,0.000000e+00,0.000000e+00
4118,16,54264,6.498650e-04,4.180718e-03,1.175433e-02,0.000000e+00,0.000000e+00
4119,16,54280,6.498650e-04,4.107222e-03,9.190655e-03,0.000000e+00,0.000000e+00
4120,16,54296,6.498650e-04,4.256843e-03,1.150831e-02,0.000000e+00,0.000000e+00
4121,16,54312,6.498650e-04,4.200251e-03,1.202934e-02,0.000000e+00,0.000000e+00
4122,18,54330,6.199458e-04,4.367697e-03,1.191835e-02,0.000000e+00,0.000000e+00
4123,18,54348,6.199458e-04,4.144089e-03,1.000000e-02,0.000000e+00,0.000000e+00
4124,17,54365,6.199458e-04,4.016872e-03,1.016716e-02,0.000000e+00,0.000000e+00
4125,17,54382,6.199458e-04,4.019699e-03,1.062302e-02,0.000000e+00,0.000000e+00
4126,17,54399,6.199458e-04,4.061164e-03,1.095869e-02,0.000000e+00,0.000000e+00
4127,22,54421,4.794241e-04,4.308771e-03,1.390216e-02,0.000000e+00,0.000000e+00
HIST {'total_samples': 4547967, 'floor_samples': 0, 'floor_fraction': 0.0, 'saturation_depth': 0.0, 'boundaries': 4128, 'capped_boundaries': 0, 'unfinished_worlds': 0}
4128,21,54442,4.794241e-04,4.109402e-03,1.228766e-02,0.000000e+00,0.000000e+00
4129,21,54463,4.794241e-04,4.303105e-03,1.000000e-02,0.000000e+00,0.000000e+00
4130,21,54484,4.794241e-04,4.187391e-03,1.162408e-02,0.000000e+00,0.000000e+00
4131,21,54505,4.794241e-04,4.146105e-03,1.103290e-02,0.000000e+00,0.000000e+00
4132,21,54526,4.794241e-04,4.110408e-03,1.118618e-02,0.000000e+00,0.000000e+00
4133,21,54547,4.794241e-04,4.134119e-03,1.000000e-02,0.000000e+00,0.000000e+00
4134,21,54568,4.794241e-04,4.172753e-03,1.680155e-02,0.000000e+00,0.000000e+00
4135,21,54589,4.794241e-04,4.207595e-03,1.465726e-02,0.000000e+00,0.000000e+00
4136,21,54610,4.794241e-04,4.422406e-03,1.556604e-02,0.000000e+00,0.000000e+00
4137,21,54631,4.794241e-04,4.494091e-03,1.022138e-02,0.000000e+00,0.000000e+00
4138,21,54652,4.794241e-04,4.343100e-03,1.409633e-02,0.000000e+00,0.000000e+00
4139,21,54673,4.794241e-04,4.105237e-03,1.005197e-02,0.000000e+00,0.000000e+00
4140,21,54694,4.794241e-04,4.232875e-03,1.177007e-02,0.000000e+00,0.000000e+00
4141,21,54715,4.794241e-04,4.079995e-03,9.811230e-03,0.000000e+00,0.000000e+00
4142,16,54731,8.541310e-04,4.293034e-03,1.135278e-02,0.000000e+00,0.000000e+00
4143,19,54750,8.191058e-04,4.394908e-03,1.026343e-02,0.000000e+00,0.000000e+00
4144,13,54763,8.191058e-04,4.301787e-03,1.227697e-02,0.000000e+00,0.000000e+00
4145,17,54780,7.471855e-04,4.170611e-03,1.019486e-02,0.000000e+00,0.000000e+00
4146,14,54794,7.471855e-04,4.105121e-03,1.084279e-02,0.000000e+00,0.000000e+00
4147,14,54808,7.471855e-04,4.195739e-03,1.022813e-02,0.000000e+00,0.000000e+00
4148,14,54822,7.471855e-04,4.129627e-03,1.197900e-02,0.000000e+00,0.000000e+00
4149,16,54838,7.471855e-04,4.030044e-03,9.174954e-03,0.000000e+00,0.000000e+00
4150,14,54852,8.073414e-04,4.191319e-03,1.142450e-02,0.000000e+00,0.000000e+00
4151,17,54869,6.591734e-04,4.063751e-03,1.056651e-02,0.000000e+00,0.000000e+00
4152,16,54885,5.826332e-04,4.267773e-03,1.136191e-02,0.000000e+00,0.000000e+00
4153,18,54903,5.826332e-04,4.163697e-03,1.000000e-02,0.000000e+00,0.000000e+00
4154,18,54921,5.826332e-04,4.195620e-03,1.145658e-02,0.000000e+00,0.000000e+00
4155,18,54939,5.826332e-04,3.932575e-03,1.000000e-02,0.000000e+00,0.000000e+00
4156,18,54957,5.826332e-04,4.121527e-03,1.317690e-02,0.000000e+00,0.000000e+00
4157,18,54975,5.826332e-04,4.263990e-03,1.107213e-02,0.000000e+00,0.000000e+00
4158,18,54993,5.826332e-04,4.223799e-03,1.418287e-02,0.000000e+00,0.000000e+00
4159,18,55011,5.826332e-04,4.179155e-03,1.070986e-02,0.000000e+00,0.000000e+00
4160,15,55026,8.073414e-04,4.353964e-03,1.206994e-02,0.000000e+00,0.000000e+00
4161,19,55045,5.573299e-04,4.193202e-03,1.197900e-02,0.000000e+00,0.000000e+00
4162,18,55063,5.573299e-04,4.201897e-03,1.912338e-02,0.000000e+00,0.000000e+00
4163,19,55082,5.433634e-04,4.229721e-03,1.089000e-02,0.000000e+00,0.000000e+00
4164,19,55101,5.433634e-04,4.274872e-03,1.416171e-02,0.000000e+00,0.000000e+00
4165,19,55120,5.433634e-04,4.358009e-03,1.000433e-02,0.000000e+00,0.000000e+00
4166,20,55140,4.758527e-04,4.303161e-03,1.154385e-02,0.000000e+00,0.000000e+00
4167,23,55163,4.603567e-04,4.251118e-03,1.054461e-02,0.000000e+00,0.000000e+00
4168,22,55185,4.603567e-04,4.290759e-03,1.178842e-02,0.000000e+00,0.000000e+00
4169,26,55211,3.842466e-04,4.474043e-03,1.064048e-02,0.000000e+00,0.000000e+00
4170,27,55238,3.842466e-04,4.346513e-03,1.290302e-02,0.000000e+00,0.000000e+00
4171,22,55260,4.758527e-04,4.316328e-03,1.106535e-02,0.000000e+00,0.000000e+00
4172,22,55282,4.758527e-04,4.391916e-03,1.242544e-02,0.000000e+00,0.000000e+00
4173,16,55298,6.277238e-04,4.156292e-03,1.030371e-02,0.000000e+00,0.000000e+00
4174,16,55314,6.277238e-04,4.235275e-03,1.123657e-02,0.000000e+00,0.000000e+00
4175,16,55330,5.985813e-04,4.251040e-03,1.000000e-02,0.000000e+00,0.000000e+00
HIST {'total_samples': 4608613, 'floor_samples': 0, 'floor_fraction': 0.0, 'saturation_depth': 0.0, 'boundaries': 4176, 'capped_boundaries': 0, 'unfinished_worlds': 0}
4176,17,55347,5.985813e-04,4.291107e-03,1.094102e-02,0.000000e+00,0.000000e+00
4177,17,55364,5.985813e-04,4.189582e-03,1.182896e-02,0.000000e+00,0.000000e+00
4178,17,55381,5.985813e-04,4.104902e-03,1.053228e-02,0.000000e+00,0.000000e+00
4179,17,55398,5.985813e-04,4.205076e-03,1.000000e-02,0.000000e+00,0.000000e+00
4180,17,55415,5.985813e-04,4.220205e-03,1.157987e-02,0.000000e+00,0.000000e+00
4181,17,55432,5.985813e-04,4.411821e-03,1.243894e-02,0.000000e+00,0.000000e+00
4182,15,55447,6.342972e-04,4.282746e-03,1.045073e-02,0.000000e+00,0.000000e+00
4183,16,55463,6.342972e-04,4.118524e-03,1.002751e-02,0.000000e+00,0.000000e+00
4184,16,55479,5.597359e-04,4.113402e-03,1.092624e-02,0.000000e+00,0.000000e+00
4185,18,55497,5.597359e-04,4.258705e-03,1.000000e-02,0.000000e+00,0.000000e+00
4186,18,55515,5.597359e-04,4.180274e-03,1.240312e-02,0.000000e+00,0.000000e+00
4187,18,55533,5.597359e-04,3.907610e-03,1.032430e-02,0.000000e+00,0.000000e+00
4188,16,55549,6.342972e-04,4.137548e-03,1.133782e-02,0.000000e+00,0.000000e+00
4189,16,55565,6.342972e-04,4.102822e-03,9.983309e-03,0.000000e+00,0.000000e+00
4190,16,55581,6.210899e-04,4.121937e-03,1.277479e-02,0.000000e+00,0.000000e+00
4191,18,55599,5.814687e-04,4.105634e-03,1.042746e-02,0.000000e+00,0.000000e+00
4192,18,55617,5.814687e-04,4.090540e-03,1.559936e-02,0.000000e+00,0.000000e+00
4193,18,55635,5.814687e-04,4.194867e-03,1.206325e-02,0.000000e+00,0.000000e+00
4194,19,55654,4.712107e-04,4.393830e-03,1.607777e-02,0.000000e+00,0.000000e+00
4195,22,55676,4.712107e-04,4.066220e-03,1.097269e-02,0.000000e+00,0.000000e+00
4196,22,55698,4.712107e-04,4.094316e-03,1.196905e-02,0.000000e+00,0.000000e+00
4197,22,55720,4.712107e-04,3.974281e-03,1.201222e-02,0.000000e+00,0.000000e+00
4198,22,55742,4.712107e-04,4.257407e-03,1.089769e-02,0.000000e+00,0.000000e+00
4199,22,55764,4.712107e-04,4.145399e-03,1.191339e-02,0.000000e+00,0.000000e+00
4200,22,55786,4.712107e-04,4.164826e-03,1.256541e-02,0.000000e+00,0.000000e+00
4201,22,55808,4.712107e-04,4.097575e-03,1.177051e-02,0.000000e+00,0.000000e+00
4202,22,55830,4.712107e-04,4.268499e-03,1.057325e-02,0.000000e+00,0.000000e+00
4203,22,55852,4.712107e-04,4.305678e-03,1.163058e-02,0.000000e+00,0.000000e+00
4204,22,55874,4.712107e-04,4.368040e-03,1.255137e-02,0.000000e+00,0.000000e+00
4205,22,55896,4.712107e-04,4.168847e-03,1.000000e-02,0.000000e+00,0.000000e+00
4206,22,55918,4.712107e-04,4.244733e-03,1.122803e-02,0.000000e+00,0.000000e+00
4207,22,55940,4.712107e-04,4.166625e-03,1.239660e-02,0.000000e+00,0.000000e+00
4208,22,55962,4.712107e-04,4.002086e-03,1.000000e-02,0.000000e+00,0.000000e+00
4209,22,55984,4.712107e-04,4.068122e-03,9.553480e-03,0.000000e+00,0.000000e+00
4210,22,56006,4.712107e-04,4.122664e-03,9.147950e-03,0.000000e+00,0.000000e+00
4211,22,56028,4.712107e-04,4.109214e-03,1.050690e-02,0.000000e+00,0.000000e+00
4212,22,56050,4.712107e-04,4.158945e-03,1.208482e-02,0.000000e+00,0.000000e+00
4213,22,56072,4.712107e-04,3.974020e-03,1.155142e-02,0.000000e+00,0.000000e+00
4214,19,56091,6.265365e-04,4.180376e-03,1.154284e-02,0.000000e+00,0.000000e+00
4215,16,56107,6.265365e-04,4.160846e-03,1.138026e-02,0.000000e+00,0.000000e+00
4216,16,56123,6.265365e-04,3.949752e-03,1.069033e-02,0.000000e+00,0.000000e+00
4217,16,56139,6.265365e-04,4.029661e-03,1.038206e-02,0.000000e+00,0.000000e+00
4218,14,56153,7.199580e-04,4.142435e-03,1.108615e-02,0.000000e+00,0.000000e+00
4219,17,56170,7.440751e-04,3.958261e-03,1.015083e-02,0.000000e+00,0.000000e+00
4220,14,56184,7.951061e-04,4.213498e-03,1.241254e-02,0.000000e+00,0.000000e+00
4221,13,56197,7.951061e-04,4.138363e-03,1.058959e-02,0.000000e+00,0.000000e+00
4222,14,56211,7.951061e-04,4.302156e-03,9.952934e-03,0.000000e+00,0.000000e+00
4223,15,56226,7.951061e-04,4.168384e-03,1.113963e-02,0.000000e+00,0.000000e+00
HIST {'total_samples': 4670188, 'floor_samples': 0, 'floor_fraction': 0.0, 'saturation_depth': 0.0, 'boundaries': 4224, 'capped_boundaries': 0, 'unfinished_worlds': 0}
4224,23,56249,4.631224e-04,4.105571e-03,9.840492e-03,0.000000e+00,0.000000e+00
4225,22,56271,4.631224e-04,4.333184e-03,1.143688e-02,0.000000e+00,0.000000e+00
4226,30,56301,3.133316e-04,4.290243e-03,1.290698e-02,0.000000e+00,0.000000e+00
4227,32,56333,3.133316e-04,4.157712e-03,1.033442e-02,0.000000e+00,0.000000e+00
4228,32,56365,3.133316e-04,4.299232e-03,1.502541e-02,0.000000e+00,0.000000e+00
4229,32,56397,3.133316e-04,4.176890e-03,1.334868e-02,0.000000e+00,0.000000e+00
4230,32,56429,3.133316e-04,4.124552e-03,1.172333e-02,0.000000e+00,0.000000e+00
4231,32,56461,3.133316e-04,4.108819e-03,1.000000e-02,0.000000e+00,0.000000e+00
4232,32,56493,3.133316e-04,4.248674e-03,1.164007e-02,0.000000e+00,0.000000e+00
4233,32,56525,3.133316e-04,4.131995e-03,1.000000e-02,0.000000e+00,0.000000e+00
4234,32,56557,3.133316e-04,4.093816e-03,1.415831e-02,0.000000e+00,0.000000e+00
4235,32,56589,3.133316e-04,4.046760e-03,1.000000e-02,0.000000e+00,0.000000e+00
4236,32,56621,3.133316e-04,4.016512e-03,1.000000e-02,0.000000e+00,0.000000e+00
4237,32,56653,3.133316e-04,4.284228e-03,1.052670e-02,0.000000e+00,0.000000e+00
4238,32,56685,3.133316e-04,4.207416e-03,1.537870e-02,0.000000e+00,0.000000e+00
4239,32,56717,3.133316e-04,4.156450e-03,1.000000e-02,0.000000e+00,0.000000e+00
4240,32,56749,3.133316e-04,4.121892e-03,1.625277e-02,0.000000e+00,0.000000e+00
4241,24,56773,4.211387e-04,4.183383e-03,1.232156e-02,0.000000e+00,0.000000e+00
4242,24,56797,7.727788e-04,4.157276e-03,1.370214e-02,0.000000e+00,0.000000e+00
4243,13,56810,7.727788e-04,4.378919e-03,1.312892e-02,0.000000e+00,0.000000e+00
4244,19,56829,5.744045e-04,4.157128e-03,1.197900e-02,0.000000e+00,0.000000e+00
4245,18,56847,8.228142e-04,4.056237e-03,1.296711e-02,0.000000e+00,0.000000e+00
4246,15,56862,7.845433e-04,4.066385e-03,1.309657e-02,0.000000e+00,0.000000e+00
4247,13,56875,7.845433e-04,4.235185e-03,1.163871e-02,0.000000e+00,0.000000e+00
4248,13,56888,7.659292e-04,4.270313e-03,1.022450e-02,0.000000e+00,0.000000e+00
4249,20,56908,7.137607e-04,3.992232e-03,1.089000e-02,0.000000e+00,0.000000e+00
4250,15,56923,7.137607e-04,4.045090e-03,1.158794e-02,0.000000e+00,0.000000e+00
4251,15,56938,7.137607e-04,4.110136e-03,1.063377e-02,0.000000e+00,0.000000e+00
4252,15,56953,7.137607e-04,4.229165e-03,1.222567e-02,0.000000e+00,0.000000e+00
4253,15,56968,7.148902e-04,4.211051e-03,1.000000e-02,0.000000e+00,0.000000e+00
4254,18,56986,5.350527e-04,4.207866e-03,1.033017e-02,0.000000e+00,0.000000e+00
4255,19,57005,5.350527e-04,3.907444e-03,1.000000e-02,0.000000e+00,0.000000e+00
4256,19,57024,5.350527e-04,4.150379e-03,1.394051e-02,0.000000e+00,0.000000e+00
4257,19,57043,5.350527e-04,4.090466e-03,1.069820e-02,0.000000e+00,0.000000e+00
4258,19,57062,5.350527e-04,4.126853e-03,1.143291e-02,0.000000e+00,0.000000e+00
4259,19,57081,5.350527e-04,4.136322e-03,1.002099e-02,0.000000e+00,0.000000e+00
4260,19,57100,5.350527e-04,4.247813e-03,1.072667e-02,0.000000e+00,0.000000e+00
4261,19,57119,5.350527e-04,4.148322e-03,1.000000e-02,0.000000e+00,0.000000e+00
4262,19,57138,5.350527e-04,4.124004e-03,1.116736e-02,0.000000e+00,0.000000e+00
4263,19,57157,5.350527e-04,4.168333e-03,1.095280e-02,0.000000e+00,0.000000e+00
4264,19,57176,5.350527e-04,4.248052e-03,1.062720e-02,0.000000e+00,0.000000e+00
4265,19,57195,5.350527e-04,4.241047e-03,1.000000e-02,0.000000e+00,0.000000e+00
4266,20,57215,5.337385e-04,4.015106e-03,1.023735e-02,0.000000e+00,0.000000e+00
4267,19,57234,5.337385e-04,3.985560e-03,9.688241e-03,0.000000e+00,0.000000e+00
4268,19,57253,5.337385e-04,4.109687e-03,1.217936e-02,0.000000e+00,0.000000e+00
4269,19,57272,5.337385e-04,3.999142e-03,9.812669e-03,0.000000e+00,0.000000e+00
4270,19,57291,5.337385e-04,4.212613e-03,1.064148e-02,0.000000e+00,0.000000e+00
4271,19,57310,5.337385e-04,4.102002e-03,1.016405e-02,0.000000e+00,0.000000e+00
HIST {'total_samples': 4732493, 'floor_samples': 0, 'floor_fraction': 0.0, 'saturation_depth': 0.0, 'boundaries': 4272, 'capped_boundaries': 0, 'unfinished_worlds': 0}
4272,19,57329,5.337385e-04,4.129580e-03,1.306066e-02,0.000000e+00,0.000000e+00
4273,19,57348,5.337385e-04,4.137715e-03,1.248927e-02,0.000000e+00,0.000000e+00
4274,19,57367,5.337385e-04,4.144892e-03,1.050241e-02,0.000000e+00,0.000000e+00
4275,19,57386,5.337385e-04,4.196559e-03,1.054228e-02,0.000000e+00,0.000000e+00
4276,15,57401,6.772890e-04,4.184868e-03,1.009615e-02,0.000000e+00,0.000000e+00
4277,15,57416,6.772890e-04,4.071861e-03,1.067469e-02,0.000000e+00,0.000000e+00
4278,15,57431,6.621590e-04,4.084524e-03,1.056182e-02,0.000000e+00,0.000000e+00
4279,17,57448,6.621590e-04,4.027281e-03,1.166954e-02,0.000000e+00,0.000000e+00
4280,19,57467,5.691896e-04,4.148425e-03,1.172938e-02,0.000000e+00,0.000000e+00
4281,24,57491,3.468101e-04,4.173782e-03,1.415340e-02,0.000000e+00,0.000000e+00
4282,29,57520,3.468101e-04,4.011837e-03,1.089000e-02,0.000000e+00,0.000000e+00
4283,29,57549,3.468101e-04,4.140520e-03,1.128939e-02,0.000000e+00,0.000000e+00
4284,29,57578,3.468101e-04,4.289138e-03,1.173162e-02,0.000000e+00,0.000000e+00
4285,29,57607,3.468101e-04,4.111820e-03,1.115999e-02,0.000000e+00,0.000000e+00
4286,29,57636,3.468101e-04,4.064738e-03,1.000000e-02,0.000000e+00,0.000000e+00
4287,29,57665,3.468101e-04,4.164224e-03,1.047178e-02,0.000000e+00,0.000000e+00
4288,29,57694,3.468101e-04,4.002450e-03,1.144296e-02,0.000000e+00,0.000000e+00
4289,29,57723,3.468101e-04,4.152882e-03,1.114263e-02,0.000000e+00,0.000000e+00
4290,22,57745,4.618645e-04,4.003643e-03,1.318069e-02,0.000000e+00,0.000000e+00
4291,22,57767,4.618645e-04,4.075142e-03,1.269664e-02,0.000000e+00,0.000000e+00
4292,22,57789,4.618645e-04,4.177823e-03,1.146871e-02,0.000000e+00,0.000000e+00
4293,22,57811,4.618645e-04,4.260999e-03,1.013624e-02,0.000000e+00,0.000000e+00
4294,22,57833,4.618645e-04,4.159309e-03,1.044589e-02,0.000000e+00,0.000000e+00
4295,22,57855,4.618645e-04,4.126832e-03,1.013978e-02,0.000000e+00,0.000000e+00
4296,22,57877,4.618645e-04,4.188919e-03,1.098658e-02,0.000000e+00,0.000000e+00
4297,22,57899,4.618645e-04,4.155010e-03,1.018630e-02,0.000000e+00,0.000000e+00
4298,22,57921,4.618645e-04,4.362046e-03,1.092430e-02,0.000000e+00,0.000000e+00
4299,22,57943,4.618645e-04,4.208160e-03,1.449459e-02,0.000000e+00,0.000000e+00
4300,20,57963,5.211923e-04,4.177614e-03,1.078090e-02,0.000000e+00,0.000000e+00
4301,20,57983,5.211923e-04,4.189269e-03,1.206873e-02,0.000000e+00,0.000000e+00
4302,20,58003,5.211923e-04,4.176516e-03,1.472354e-02,0.000000e+00,0.000000e+00
4303,20,58023,5.211923e-04,4.298466e-03,1.002922e-02,0.000000e+00,0.000000e+00
4304,20,58043,5.211923e-04,4.467513e-03,1.317690e-02,0.000000e+00,0.000000e+00
4305,20,58063,5.211923e-04,4.445494e-03,1.269062e-02,0.000000e+00,0.000000e+00
4306,20,58083,5.211923e-04,4.323591e-03,1.317325e-02,0.000000e+00,0.000000e+00
4307,15,58098,7.888961e-04,4.317913e-03,1.392831e-02,0.000000e+00,0.000000e+00
4308,13,58111,7.888961e-04,4.344103e-03,1.226530e-02,0.000000e+00,0.000000e+00
4309,18,58129,5.981216e-04,4.345774e-03,1.753846e-02,0.000000e+00,0.000000e+00
4310,14,58143,6.244315e-04,4.255496e-03,1.199856e-02,0.000000e+00,0.000000e+00
4311,14,58157,8.007333e-04,4.283305e-03,1.059923e-02,0.000000e+00,0.000000e+00
4312,13,58170,8.007333e-04,4.406217e-03,1.041539e-02,0.000000e+00,0.000000e+00
4313,15,58185,7.506551e-04,4.285398e-03,1.000000e-02,0.000000e+00,0.000000e+00
4314,14,58199,7.506551e-04,4.078934e-03,1.394904e-02,0.000000e+00,0.000000e+00
4315,16,58215,6.656540e-04,4.070817e-03,1.173459e-02,0.000000e+00,0.000000e+00
4316,16,58231,6.656540e-04,4.359463e-03,1.119176e-02,0.000000e+00,0.000000e+00
4317,16,58247,6.656540e-04,4.129043e-03,1.000000e-02,0.000000e+00,0.000000e+00
4318,16,58263,6.656540e-04,4.206500e-03,1.521066e-02,0.000000e+00,0.000000e+00
4319,16,58279,6.656540e-04,4.287952e-03,1.121276e-02,0.000000e+00,0.000000e+00
HIST {'total_samples': 4793495, 'floor_samples': 0, 'floor_fraction': 0.0, 'saturation_depth': 0.0, 'boundaries': 4320, 'capped_boundaries': 0, 'unfinished_worlds': 0}
4320,16,58295,6.656540e-04,4.308570e-03,1.460550e-02,0.000000e+00,0.000000e+00
4321,16,58311,6.656540e-04,4.445647e-03,1.356744e-02,0.000000e+00,0.000000e+00
4322,16,58327,6.656540e-04,4.385995e-03,1.110071e-02,0.000000e+00,0.000000e+00
4323,16,58343,6.656540e-04,4.317797e-03,1.067570e-02,0.000000e+00,0.000000e+00
4324,16,58359,6.656540e-04,4.324184e-03,1.170528e-02,0.000000e+00,0.000000e+00
4325,18,58377,5.355289e-04,4.104427e-03,1.172247e-02,0.000000e+00,0.000000e+00
4326,19,58396,5.355289e-04,4.314199e-03,1.225770e-02,0.000000e+00,0.000000e+00
4327,19,58415,5.355289e-04,4.333610e-03,1.232320e-02,0.000000e+00,0.000000e+00
4328,19,58434,5.355289e-04,4.356286e-03,1.191383e-02,0.000000e+00,0.000000e+00
4329,21,58455,5.275605e-04,4.472967e-03,1.048011e-02,0.000000e+00,0.000000e+00
4330,23,58478,4.721525e-04,4.394058e-03,1.201535e-02,0.000000e+00,0.000000e+00
4331,22,58500,4.721525e-04,4.176119e-03,1.000000e-02,0.000000e+00,0.000000e+00
4332,19,58519,5.355289e-04,4.293810e-03,1.148858e-02,0.000000e+00,0.000000e+00
4333,19,58538,5.355289e-04,4.210122e-03,1.000000e-02,0.000000e+00,0.000000e+00
4334,19,58557,5.355289e-04,4.262201e-03,1.023419e-02,0.000000e+00,0.000000e+00
4335,19,58576,5.355289e-04,4.268184e-03,1.042052e-02,0.000000e+00,0.000000e+00
4336,19,58595,5.355289e-04,4.207589e-03,1.042249e-02,0.000000e+00,0.000000e+00
4337,19,58614,5.355289e-04,4.154236e-03,1.187033e-02,0.000000e+00,0.000000e+00
4338,19,58633,5.355289e-04,4.090035e-03,1.068421e-02,0.000000e+00,0.000000e+00
4339,19,58652,5.355289e-04,4.046805e-03,1.056935e-02,0.000000e+00,0.000000e+00
4340,15,58667,6.996189e-04,4.016125e-03,1.178401e-02,0.000000e+00,0.000000e+00
4341,15,58682,6.996189e-04,4.126558e-03,1.001392e-02,0.000000e+00,0.000000e+00
4342,15,58697,6.996189e-04,4.139081e-03,1.069350e-02,0.000000e+00,0.000000e+00
4343,15,58712,6.935575e-04,3.885779e-03,1.153280e-02,0.000000e+00,0.000000e+00
4344,15,58727,6.935575e-04,4.146158e-03,1.059978e-02,0.000000e+00,0.000000e+00
4345,15,58742,6.935575e-04,4.142289e-03,1.147566e-02,0.000000e+00,0.000000e+00
4346,20,58762,5.525344e-04,4.104169e-03,1.057751e-02,0.000000e+00,0.000000e+00
4347,19,58781,5.525344e-04,4.209636e-03,1.210428e-02,0.000000e+00,0.000000e+00
4348,19,58800,5.525344e-04,4.314552e-03,1.504900e-02,0.000000e+00,0.000000e+00
4349,19,58819,5.525344e-04,4.296074e-03,1.407474e-02,0.000000e+00,0.000000e+00
4350,19,58838,8.165034e-04,4.295415e-03,1.298805e-02,0.000000e+00,0.000000e+00
4351,13,58851,8.165034e-04,4.090779e-03,1.037765e-02,0.000000e+00,0.000000e+00
4352,12,58863,8.358245e-04,4.391229e-03,1.007963e-02,0.000000e+00,0.000000e+00
4353,17,58880,8.672975e-04,4.398291e-03,1.000000e-02,0.000000e+00,0.000000e+00
4354,18,58898,6.378529e-04,4.463074e-03,1.321992e-02,0.000000e+00,0.000000e+00
4355,16,58914,6.378529e-04,4.267080e-03,1.105458e-02,0.000000e+00,0.000000e+00
4356,16,58930,6.378529e-04,4.251773e-03,1.119701e-02,0.000000e+00,0.000000e+00
4357,16,58946,6.378529e-04,4.210015e-03,1.109246e-02,0.000000e+00,0.000000e+00
4358,16,58962,6.378529e-04,4.351858e-03,1.168969e-02,0.000000e+00,0.000000e+00
4359,16,58978,6.378529e-04,4.162007e-03,1.063783e-02,0.000000e+00,0.000000e+00
4360,16,58994,6.378529e-04,4.037987e-03,1.155021e-02,0.000000e+00,0.000000e+00
4361,16,59010,6.378529e-04,4.109530e-03,1.000000e-02,0.000000e+00,0.000000e+00
4362,16,59026,6.459960e-04,4.329864e-03,1.198586e-02,0.000000e+00,0.000000e+00
4363,16,59042,6.459960e-04,4.181859e-03,1.197900e-02,0.000000e+00,0.000000e+00
4364,16,59058,6.459960e-04,4.170553e-03,1.240384e-02,0.000000e+00,0.000000e+00
4365,16,59074,6.459960e-04,4.342944e-03,1.089893e-02,0.000000e+00,0.000000e+00
4366,16,59090,6.459960e-04,4.149369e-03,1.089000e-02,0.000000e+00,0.000000e+00
4367,16,59106,6.459960e-04,4.109870e-03,1.185165e-02,0.000000e+00,0.000000e+00
HIST {'total_samples': 4854370, 'floor_samples': 0, 'floor_fraction': 0.0, 'saturation_depth': 0.0, 'boundaries': 4368, 'capped_boundaries': 0, 'unfinished_worlds': 0}
4368,19,59125,5.629721e-04,4.128309e-03,1.228571e-02,0.000000e+00,0.000000e+00
4369,18,59143,5.629721e-04,3.997153e-03,1.000000e-02,0.000000e+00,0.000000e+00
4370,18,59161,5.629721e-04,4.292276e-03,1.229292e-02,0.000000e+00,0.000000e+00
4371,18,59179,5.629721e-04,4.192504e-03,1.474391e-02,0.000000e+00,0.000000e+00
4372,19,59198,5.629721e-04,4.235919e-03,1.196465e-02,0.000000e+00,0.000000e+00
4373,18,59216,5.629721e-04,4.135618e-03,1.134791e-02,0.000000e+00,0.000000e+00
4374,18,59234,5.629721e-04,4.221439e-03,1.456861e-02,0.000000e+00,0.000000e+00
4375,18,59252,5.629721e-04,4.302110e-03,1.166249e-02,0.000000e+00,0.000000e+00
4376,17,59269,7.484708e-04,4.163236e-03,1.204759e-02,0.000000e+00,0.000000e+00
4377,14,59283,7.484708e-04,4.068064e-03,1.218544e-02,0.000000e+00,0.000000e+00
4378,14,59297,7.484708e-04,4.333496e-03,1.482730e-02,0.000000e+00,0.000000e+00
4379,15,59312,7.484708e-04,4.139514e-03,1.030375e-02,0.000000e+00,0.000000e+00
4380,16,59328,6.697315e-04,4.143050e-03,1.000000e-02,0.000000e+00,0.000000e+00
4381,15,59343,6.697315e-04,4.108135e-03,1.097734e-02,0.000000e+00,0.000000e+00
4382,17,59360,6.338620e-04,4.230558e-03,1.000000e-02,0.000000e+00,0.000000e+00
4383,16,59376,6.338620e-04,3.997114e-03,9.527735e-03,0.000000e+00,0.000000e+00
4384,16,59392,6.338620e-04,4.132033e-03,1.011952e-02,0.000000e+00,0.000000e+00
4385,17,59409,6.338620e-04,4.156733e-03,9.460364e-03,0.000000e+00,0.000000e+00
4386,16,59425,6.338620e-04,4.276635e-03,1.113280e-02,0.000000e+00,0.000000e+00
4387,16,59441,6.338620e-04,4.128862e-03,1.000000e-02,0.000000e+00,0.000000e+00
4388,16,59457,6.338620e-04,4.151818e-03,1.020266e-02,0.000000e+00,0.000000e+00
4389,15,59472,6.697315e-04,4.257721e-03,1.120261e-02,0.000000e+00,0.000000e+00
4390,15,59487,6.697315e-04,3.993712e-03,1.223947e-02,0.000000e+00,0.000000e+00
4391,15,59502,6.697315e-04,4.103930e-03,1.041634e-02,0.000000e+00,0.000000e+00
4392,14,59516,8.127258e-04,4.154325e-03,1.043745e-02,0.000000e+00,0.000000e+00
4393,15,59531,7.955253e-04,4.149563e-03,9.966913e-03,0.000000e+00,0.000000e+00
4394,13,59544,7.955253e-04,4.067788e-03,1.089000e-02,0.000000e+00,0.000000e+00
4395,18,59562,5.946420e-04,4.078001e-03,9.433741e-03,0.000000e+00,0.000000e+00
4396,17,59579,5.946420e-04,4.106108e-03,9.369053e-03,0.000000e+00,0.000000e+00
4397,17,59596,5.946420e-04,4.110981e-03,1.160683e-02,0.000000e+00,0.000000e+00
4398,19,59615,5.773589e-04,3.958014e-03,1.089000e-02,0.000000e+00,0.000000e+00
4399,18,59633,5.773589e-04,3.921567e-03,1.234224e-02,0.000000e+00,0.000000e+00
4400,18,59651,5.773589e-04,3.936158e-03,1.256322e-02,0.000000e+00,0.000000e+00
4401,18,59669,5.773589e-04,3.880854e-03,1.052964e-02,0.000000e+00,0.000000e+00
4402,18,59687,5.773589e-04,4.044178e-03,1.058487e-02,0.000000e+00,0.000000e+00
4403,18,59705,5.773589e-04,4.008622e-03,1.177036e-02,0.000000e+00,0.000000e+00
4404,18,59723,5.773589e-04,3.917404e-03,1.217003e-02,0.000000e+00,0.000000e+00
4405,13,59736,7.758065e-04,4.099409e-03,1.021686e-02,0.000000e+00,0.000000e+00
4406,14,59750,7.758065e-04,3.938717e-03,1.000000e-02,0.000000e+00,0.000000e+00
4407,14,59764,7.754108e-04,3.938768e-03,9.899233e-03,0.000000e+00,0.000000e+00
4408,21,59785,5.226802e-04,4.102782e-03,1.214417e-02,0.000000e+00,0.000000e+00
4409,16,59801,7.784877e-04,4.100373e-03,1.352647e-02,0.000000e+00,0.000000e+00
4410,29,59830,3.598438e-04,4.279139e-03,1.222203e-02,0.000000e+00,0.000000e+00
4411,28,59858,3.598438e-04,4.129977e-03,1.107891e-02,0.000000e+00,0.000000e+00
4412,33,59891,2.855532e-04,4.177012e-03,1.000000e-02,0.000000e+00,0.000000e+00
4413,36,59927,2.855532e-04,4.183215e-03,1.052505e-02,0.000000e+00,0.000000e+00
4414,36,59963,2.855532e-04,4.067549e-03,1.249214e-02,0.000000e+00,0.000000e+00
4415,36,59999,2.855532e-04,4.108962e-03,1.738716e-02,0.000000e+00,0.000000e+00
HIST {'total_samples': 4916644, 'floor_samples': 0, 'floor_fraction': 0.0, 'saturation_depth': 0.0, 'boundaries': 4416, 'capped_boundaries': 0, 'unfinished_worlds': 0}
4416,36,60035,2.855532e-04,4.049897e-03,1.554737e-02,0.000000e+00,0.000000e+00
4417,36,60071,2.855532e-04,4.183129e-03,1.253124e-02,0.000000e+00,0.000000e+00
4418,36,60107,2.855532e-04,4.113516e-03,1.000000e-02,0.000000e+00,0.000000e+00
4419,36,60143,2.855532e-04,4.128152e-03,1.169114e-02,0.000000e+00,0.000000e+00
4420,36,60179,2.855532e-04,4.194549e-03,1.150976e-02,0.000000e+00,0.000000e+00
4421,36,60215,2.855532e-04,4.058640e-03,1.142734e-02,0.000000e+00,0.000000e+00
4422,36,60251,2.855532e-04,4.167436e-03,1.366646e-02,0.000000e+00,0.000000e+00
4423,36,60287,2.855532e-04,4.266179e-03,1.270719e-02,0.000000e+00,0.000000e+00
4424,36,60323,2.855532e-04,4.106674e-03,1.148513e-02,0.000000e+00,0.000000e+00
4425,36,60359,2.855532e-04,4.119555e-03,1.000000e-02,0.000000e+00,0.000000e+00
4426,36,60395,2.855532e-04,4.113696e-03,1.081079e-02,0.000000e+00,0.000000e+00
4427,17,60412,7.762667e-04,4.264289e-03,1.225335e-02,0.000000e+00,0.000000e+00
4428,18,60430,5.774570e-04,4.076531e-03,1.246160e-02,0.000000e+00,0.000000e+00
4429,18,60448,5.774570e-04,4.008094e-03,1.000000e-02,0.000000e+00,0.000000e+00
4430,17,60465,6.005155e-04,4.107304e-03,2.160348e-02,0.000000e+00,0.000000e+00
4431,18,60483,6.005155e-04,4.034792e-03,1.089000e-02,0.000000e+00,0.000000e+00
4432,19,60502,5.504922e-04,4.117060e-03,1.054401e-02,0.000000e+00,0.000000e+00
4433,19,60521,5.504922e-04,4.136382e-03,1.008163e-02,0.000000e+00,0.000000e+00
4434,19,60540,5.504922e-04,4.025179e-03,1.485232e-02,0.000000e+00,0.000000e+00
4435,19,60559,5.504922e-04,4.070635e-03,1.023357e-02,0.000000e+00,0.000000e+00
4436,19,60578,5.504922e-04,4.110422e-03,1.679893e-02,0.000000e+00,0.000000e+00
4437,19,60597,5.504922e-04,4.153358e-03,1.573031e-02,0.000000e+00,0.000000e+00
4438,19,60616,5.504922e-04,4.162679e-03,1.064879e-02,0.000000e+00,0.000000e+00
4439,18,60634,5.726279e-04,4.317539e-03,1.234160e-02,0.000000e+00,0.000000e+00
4440,19,60653,5.726279e-04,4.290733e-03,1.077419e-02,0.000000e+00,0.000000e+00
4441,17,60670,6.118926e-04,4.045073e-03,1.053452e-02,0.000000e+00,0.000000e+00
4442,22,60692,5.313724e-04,4.239359e-03,1.164096e-02,0.000000e+00,0.000000e+00
4443,19,60711,5.313724e-04,4.392422e-03,1.209037e-02,0.000000e+00,0.000000e+00
4444,19,60730,5.313724e-04,4.431358e-03,1.153824e-02,0.000000e+00,0.000000e+00
4445,19,60749,5.313724e-04,4.180266e-03,1.118961e-02,0.000000e+00,0.000000e+00
4446,19,60768,5.313724e-04,4.484315e-03,1.161491e-02,0.000000e+00,0.000000e+00
4447,19,60787,5.313724e-04,4.274088e-03,1.197337e-02,0.000000e+00,0.000000e+00
4448,19,60806,5.313724e-04,4.534583e-03,1.089000e-02,0.000000e+00,0.000000e+00
4449,13,60819,7.815327e-04,4.379671e-03,1.069150e-02,0.000000e+00,0.000000e+00
4450,18,60837,7.182061e-04,4.524744e-03,1.427219e-02,0.000000e+00,0.000000e+00
4451,15,60852,7.182061e-04,4.475801e-03,1.000000e-02,0.000000e+00,0.000000e+00
4452,14,60866,7.182061e-04,4.462278e-03,1.321044e-02,0.000000e+00,0.000000e+00
4453,23,60889,5.076788e-04,4.553782e-03,1.420807e-02,0.000000e+00,0.000000e+00
4454,16,60905,6.686882e-04,4.553858e-03,1.124294e-02,0.000000e+00,0.000000e+00
4455,15,60920,6.686882e-04,4.352758e-03,1.087350e-02,0.000000e+00,0.000000e+00
4456,15,60935,6.686882e-04,4.401670e-03,1.257002e-02,0.000000e+00,0.000000e+00
4457,15,60950,6.686882e-04,4.278220e-03,9.605542e-03,0.000000e+00,0.000000e+00
4458,14,60964,7.488984e-04,4.456064e-03,9.816521e-03,0.000000e+00,0.000000e+00
4459,15,60979,7.647026e-04,4.345238e-03,1.172489e-02,0.000000e+00,0.000000e+00
4460,14,60993,7.647026e-04,4.459947e-03,1.206710e-02,0.000000e+00,0.000000e+00
4461,17,61010,6.413211e-04,4.248278e-03,1.000000e-02,0.000000e+00,0.000000e+00
4462,15,61025,7.647026e-04,4.210029e-03,1.086884e-02,0.000000e+00,0.000000e+00
4463,14,61039,7.647026e-04,4.206900e-03,9.768597e-03,0.000000e+00,0.000000e+00
HIST {'total_samples': 4977529, 'floor_samples': 0, 'floor_fraction': 0.0, 'saturation_depth': 0.0, 'boundaries': 4464, 'capped_boundaries': 0, 'unfinished_worlds': 0}
4464,19,61058,5.780708e-04,4.329415e-03,1.065172e-02,0.000000e+00,0.000000e+00
4465,18,61076,5.780708e-04,4.289025e-03,1.085076e-02,0.000000e+00,0.000000e+00
4466,18,61094,5.780708e-04,4.355085e-03,1.141861e-02,0.000000e+00,0.000000e+00
4467,18,61112,5.780708e-04,4.250187e-03,1.000000e-02,0.000000e+00,0.000000e+00
4468,15,61127,7.645647e-04,4.234389e-03,1.000000e-02,0.000000e+00,0.000000e+00
4469,17,61144,6.580208e-04,4.346611e-03,1.046453e-02,0.000000e+00,0.000000e+00
4470,14,61158,7.645647e-04,4.499731e-03,1.041720e-02,0.000000e+00,0.000000e+00
4471,16,61174,7.645647e-04,4.376536e-03,1.152564e-02,0.000000e+00,0.000000e+00
4472,14,61188,7.855538e-04,4.188723e-03,1.079847e-02,0.000000e+00,0.000000e+00
4473,16,61204,6.912180e-04,4.231518e-03,1.197900e-02,0.000000e+00,0.000000e+00
4474,15,61219,6.912180e-04,4.250273e-03,1.166563e-02,0.000000e+00,0.000000e+00
4475,15,61234,6.912180e-04,4.316241e-03,1.354950e-02,0.000000e+00,0.000000e+00
4476,15,61249,6.912180e-04,4.378718e-03,1.131023e-02,0.000000e+00,0.000000e+00
4477,18,61267,6.033322e-04,4.302581e-03,1.185169e-02,0.000000e+00,0.000000e+00
4478,17,61284,6.033322e-04,4.279704e-03,1.121703e-02,0.000000e+00,0.000000e+00
4479,13,61297,8.338411e-04,4.290463e-03,1.071695e-02,0.000000e+00,0.000000e+00
4480,12,61309,8.338411e-04,4.313490e-03,1.396724e-02,0.000000e+00,0.000000e+00
4481,14,61323,8.338411e-04,4.356314e-03,1.166011e-02,0.000000e+00,0.000000e+00
4482,14,61337,7.881425e-04,4.433093e-03,1.116623e-02,0.000000e+00,0.000000e+00
4483,13,61350,7.881425e-04,4.462656e-03,1.314033e-02,0.000000e+00,0.000000e+00
4484,13,61363,7.881425e-04,4.284148e-03,1.277418e-02,0.000000e+00,0.000000e+00
4485,13,61376,7.881425e-04,4.226923e-03,1.073293e-02,0.000000e+00,0.000000e+00
4486,14,61390,7.881425e-04,4.424171e-03,1.196832e-02,0.000000e+00,0.000000e+00
4487,13,61403,7.881425e-04,4.233930e-03,1.000000e-02,0.000000e+00,0.000000e+00
4488,13,61416,7.881425e-04,4.255230e-03,1.000000e-02,0.000000e+00,0.000000e+00
4489,13,61429,7.881425e-04,4.149039e-03,9.667271e-03,0.000000e+00,0.000000e+00
4490,15,61444,7.249640e-04,4.336826e-03,1.155120e-02,0.000000e+00,0.000000e+00
4491,14,61458,7.249640e-04,4.198804e-03,1.185123e-02,0.000000e+00,0.000000e+00
4492,14,61472,7.249640e-04,4.259303e-03,1.104720e-02,0.000000e+00,0.000000e+00
4493,14,61486,6.170418e-04,4.314414e-03,1.315512e-02,0.000000e+00,0.000000e+00
4494,18,61504,5.958694e-04,4.272499e-03,1.700343e-02,0.000000e+00,0.000000e+00
4495,18,61522,5.958694e-04,4.179371e-03,1.220987e-02,0.000000e+00,0.000000e+00
4496,17,61539,5.958694e-04,4.413052e-03,1.051600e-02,0.000000e+00,0.000000e+00
4497,17,61556,5.958694e-04,4.102907e-03,1.083305e-02,0.000000e+00,0.000000e+00
4498,17,61573,5.958694e-04,4.280597e-03,1.245057e-02,0.000000e+00,0.000000e+00
4499,25,61598,4.191390e-04,3.993237e-03,1.197900e-02,0.000000e+00,0.000000e+00
4500,19,61617,5.958694e-04,4.276298e-03,1.097788e-02,0.000000e+00,0.000000e+00
4501,17,61634,5.958694e-04,4.285145e-03,9.531311e-03,0.000000e+00,0.000000e+00
4502,16,61650,6.525471e-04,4.273374e-03,1.027140e-02,0.000000e+00,0.000000e+00
4503,16,61666,6.525471e-04,4.283087e-03,1.145729e-02,0.000000e+00,0.000000e+00
4504,16,61682,6.525471e-04,4.389977e-03,1.000976e-02,0.000000e+00,0.000000e+00
4505,16,61698,6.297483e-04,4.317493e-03,1.113940e-02,0.000000e+00,0.000000e+00
4506,16,61714,6.297483e-04,4.118291e-03,1.222809e-02,0.000000e+00,0.000000e+00
4507,16,61730,6.297483e-04,4.138349e-03,1.855436e-02,0.000000e+00,0.000000e+00
4508,16,61746,6.297483e-04,4.037204e-03,1.139427e-02,0.000000e+00,0.000000e+00
4509,16,61762,6.297483e-04,4.040659e-03,9.698686e-03,0.000000e+00,0.000000e+00
4510,19,61781,6.297483e-04,4.159637e-03,1.091434e-02,0.000000e+00,0.000000e+00
4511,16,61797,6.289821e-04,3.972739e-03,1.000000e-02,0.000000e+00,0.000000e+00
HIST {'total_samples': 5037872, 'floor_samples': 0, 'floor_fraction': 0.0, 'saturation_depth': 0.0, 'boundaries': 4512, 'capped_boundaries': 0, 'unfinished_worlds': 0}
4512,20,61817,5.452462e-04,3.989288e-03,1.071386e-02,0.000000e+00,0.000000e+00
4513,19,61836,5.452462e-04,3.956224e-03,1.000000e-02,0.000000e+00,0.000000e+00
4514,19,61855,5.218228e-04,4.107783e-03,1.073785e-02,0.000000e+00,0.000000e+00
4515,20,61875,5.218228e-04,3.866431e-03,1.186898e-02,0.000000e+00,0.000000e+00
4516,20,61895,5.218228e-04,4.076590e-03,1.076894e-02,0.000000e+00,0.000000e+00
4517,20,61915,5.218228e-04,4.087290e-03,1.128425e-02,0.000000e+00,0.000000e+00
4518,20,61935,5.218228e-04,4.054559e-03,1.301118e-02,0.000000e+00,0.000000e+00
4519,20,61955,5.218228e-04,4.086150e-03,1.216620e-02,0.000000e+00,0.000000e+00
4520,20,61975,5.218228e-04,3.997838e-03,1.089000e-02,0.000000e+00,0.000000e+00
4521,20,61995,5.218228e-04,4.042125e-03,1.070435e-02,0.000000e+00,0.000000e+00
4522,21,62016,5.084660e-04,4.219759e-03,1.158348e-02,0.000000e+00,0.000000e+00
4523,20,62036,5.084660e-04,4.266772e-03,1.424035e-02,0.000000e+00,0.000000e+00
4524,20,62056,5.084660e-04,4.190884e-03,9.845425e-03,0.000000e+00,0.000000e+00
4525,20,62076,5.084660e-04,4.208309e-03,1.063513e-02,0.000000e+00,0.000000e+00
4526,20,62096,5.084660e-04,4.529546e-03,1.196699e-02,0.000000e+00,0.000000e+00
4527,20,62116,5.084660e-04,4.119754e-03,1.135509e-02,0.000000e+00,0.000000e+00
4528,20,62136,5.084660e-04,4.180193e-03,1.351065e-02,0.000000e+00,0.000000e+00
4529,20,62156,5.084660e-04,4.221787e-03,1.000000e-02,0.000000e+00,0.000000e+00
4530,20,62176,5.084660e-04,4.083297e-03,1.095814e-02,0.000000e+00,0.000000e+00
4531,20,62196,5.084660e-04,4.198649e-03,1.000000e-02,0.000000e+00,0.000000e+00
4532,17,62213,6.044755e-04,4.124156e-03,1.061115e-02,0.000000e+00,0.000000e+00
4533,17,62230,6.044755e-04,4.190971e-03,1.133895e-02,0.000000e+00,0.000000e+00
4534,17,62247,6.044755e-04,4.262350e-03,1.239846e-02,0.000000e+00,0.000000e+00
4535,18,62265,6.044755e-04,4.285810e-03,1.128482e-02,0.000000e+00,0.000000e+00
4536,17,62282,6.044755e-04,4.316787e-03,1.333532e-02,0.000000e+00,0.000000e+00
4537,17,62299,6.162609e-04,4.194680e-03,1.038318e-02,0.000000e+00,0.000000e+00
4538,17,62316,6.162609e-04,4.164214e-03,1.043042e-02,0.000000e+00,0.000000e+00
4539,16,62332,6.477584e-04,3.926501e-03,1.000000e-02,0.000000e+00,0.000000e+00
4540,16,62348,6.477584e-04,4.314884e-03,1.243250e-02,0.000000e+00,0.000000e+00
4541,15,62363,6.861148e-04,4.122548e-03,1.030119e-02,0.000000e+00,0.000000e+00
4542,16,62379,6.636452e-04,4.182965e-03,1.012714e-02,0.000000e+00,0.000000e+00
4543,16,62395,6.636452e-04,4.150768e-03,1.180281e-02,0.000000e+00,0.000000e+00
4544,16,62411,6.636452e-04,4.189171e-03,1.130855e-02,0.000000e+00,0.000000e+00
4545,15,62426,6.861148e-04,4.173147e-03,1.132197e-02,0.000000e+00,0.000000e+00
4546,15,62441,6.861148e-04,4.026543e-03,1.026225e-02,0.000000e+00,0.000000e+00
4547,15,62456,6.861148e-04,4.049073e-03,1.081681e-02,0.000000e+00,0.000000e+00
4548,14,62470,7.157876e-04,4.183733e-03,1.197900e-02,0.000000e+00,0.000000e+00
4549,14,62484,7.157876e-04,4.235405e-03,1.064434e-02,0.000000e+00,0.000000e+00
4550,14,62498,6.896520e-04,4.365208e-03,1.352955e-02,0.000000e+00,0.000000e+00
4551,16,62514,6.057723e-04,4.320484e-03,1.165400e-02,0.000000e+00,0.000000e+00
4552,17,62531,6.057723e-04,4.455071e-03,1.059167e-02,0.000000e+00,0.000000e+00
4553,17,62548,6.057723e-04,4.284672e-03,1.019346e-02,0.000000e+00,0.000000e+00
4554,17,62565,6.057723e-04,4.196313e-03,1.130709e-02,0.000000e+00,0.000000e+00
4555,17,62582,6.057723e-04,4.397377e-03,1.110353e-02,0.000000e+00,0.000000e+00
4556,17,62599,6.057723e-04,4.123729e-03,1.136817e-02,0.000000e+00,0.000000e+00
4557,17,62616,6.057723e-04,4.164198e-03,1.265053e-02,0.000000e+00,0.000000e+00
4558,17,62633,6.057723e-04,4.066931e-03,1.080288e-02,0.000000e+00,0.000000e+00
4559,17,62650,6.057723e-04,4.194587e-03,1.091494e-02,0.000000e+00,0.000000e+00
HIST {'total_samples': 5099852, 'floor_samples': 0, 'floor_fraction': 0.0, 'saturation_depth': 0.0, 'boundaries': 4560, 'capped_boundaries': 0, 'unfinished_worlds': 0}
4560,15,62665,7.311942e-04,4.201499e-03,1.213170e-02,0.000000e+00,0.000000e+00
4561,17,62682,6.431729e-04,4.012903e-03,1.011663e-02,0.000000e+00,0.000000e+00
4562,20,62702,6.176630e-04,4.230552e-03,1.450293e-02,0.000000e+00,0.000000e+00
4563,17,62719,6.176630e-04,4.182286e-03,1.078662e-02,0.000000e+00,0.000000e+00
4564,17,62736,6.176630e-04,4.331814e-03,1.046281e-02,0.000000e+00,0.000000e+00
4565,17,62753,6.176630e-04,4.477775e-03,1.161790e-02,0.000000e+00,0.000000e+00
4566,12,62765,8.864457e-04,4.477570e-03,1.258884e-02,0.000000e+00,0.000000e+00
4567,13,62778,8.701236e-04,4.348531e-03,1.000000e-02,0.000000e+00,0.000000e+00
4568,13,62791,8.701236e-04,4.483908e-03,1.374269e-02,0.000000e+00,0.000000e+00
4569,16,62807,8.297372e-04,4.202210e-03,9.746389e-03,0.000000e+00,0.000000e+00
4570,13,62820,9.001293e-04,4.339285e-03,1.076012e-02,0.000000e+00,0.000000e+00
4571,12,62832,9.001293e-04,4.243064e-03,1.000000e-02,0.000000e+00,0.000000e+00
4572,12,62844,9.470955e-04,4.194255e-03,1.096053e-02,0.000000e+00,0.000000e+00
4573,17,62861,6.640554e-04,4.171886e-03,9.933119e-03,0.000000e+00,0.000000e+00
4574,23,62884,4.684007e-04,4.322194e-03,1.117774e-02,0.000000e+00,0.000000e+00
4575,22,62906,4.684007e-04,4.228198e-03,1.018304e-02,0.000000e+00,0.000000e+00
4576,22,62928,4.684007e-04,4.165445e-03,1.145216e-02,0.000000e+00,0.000000e+00
4577,22,62950,4.684007e-04,3.994493e-03,1.000000e-02,0.000000e+00,0.000000e+00
4578,22,62972,4.684007e-04,4.379402e-03,1.438656e-02,0.000000e+00,0.000000e+00
4579,22,62994,7.545695e-04,4.276816e-03,1.026194e-02,0.000000e+00,0.000000e+00
4580,18,63012,7.104757e-04,4.149970e-03,1.103374e-02,0.000000e+00,0.000000e+00
4581,14,63026,7.545695e-04,4.306803e-03,1.089000e-02,0.000000e+00,0.000000e+00
4582,14,63040,7.545695e-04,4.221530e-03,1.088771e-02,0.000000e+00,0.000000e+00
4583,14,63054,7.545695e-04,4.182387e-03,1.247997e-02,0.000000e+00,0.000000e+00
4584,13,63067,7.804412e-04,4.252483e-03,1.376797e-02,0.000000e+00,0.000000e+00
4585,13,63080,8.398636e-04,4.300535e-03,1.000000e-02,0.000000e+00,0.000000e+00
4586,14,63094,8.398636e-04,4.396377e-03,1.121497e-02,0.000000e+00,0.000000e+00
4587,16,63110,6.918040e-04,4.244623e-03,1.260379e-02,0.000000e+00,0.000000e+00
4588,15,63125,6.918040e-04,4.060072e-03,1.034209e-02,0.000000e+00,0.000000e+00
4589,15,63140,6.918040e-04,4.179527e-03,1.117120e-02,0.000000e+00,0.000000e+00
4590,23,63163,3.533803e-04,4.216433e-03,1.078823e-02,0.000000e+00,0.000000e+00
4591,29,63192,3.533803e-04,4.240889e-03,1.029975e-02,0.000000e+00,0.000000e+00
4592,29,63221,3.533803e-04,4.426887e-03,1.000000e-02,0.000000e+00,0.000000e+00
4593,29,63250,3.533803e-04,4.382524e-03,1.122463e-02,0.000000e+00,0.000000e+00
4594,29,63279,3.533803e-04,4.291663e-03,1.000000e-02,0.000000e+00,0.000000e+00
4595,29,63308,3.533803e-04,4.153196e-03,1.041962e-02,0.000000e+00,0.000000e+00
4596,15,63323,6.918040e-04,4.305769e-03,1.103629e-02,0.000000e+00,0.000000e+00
4597,14,63337,7.423667e-04,4.243866e-03,1.128311e-02,0.000000e+00,0.000000e+00
4598,14,63351,7.423667e-04,4.219207e-03,1.235202e-02,0.000000e+00,0.000000e+00
4599,12,63363,8.685068e-04,4.149768e-03,1.174975e-02,0.000000e+00,0.000000e+00
4600,12,63375,8.685068e-04,4.298837e-03,1.717232e-02,0.000000e+00,0.000000e+00
4601,18,63393,5.899801e-04,4.205728e-03,1.000000e-02,0.000000e+00,0.000000e+00
4602,17,63410,5.899801e-04,4.185080e-03,1.847709e-02,0.000000e+00,0.000000e+00
4603,17,63427,5.899801e-04,4.145795e-03,1.126327e-02,0.000000e+00,0.000000e+00
4604,17,63444,5.899801e-04,4.241343e-03,1.363278e-02,0.000000e+00,0.000000e+00
4605,17,63461,5.899801e-04,4.187597e-03,1.118633e-02,0.000000e+00,0.000000e+00
4606,17,63478,5.899801e-04,4.206842e-03,1.449049e-02,0.000000e+00,0.000000e+00
4607,17,63495,5.899801e-04,4.154494e-03,1.031416e-02,0.000000e+00,0.000000e+00
HIST {'total_samples': 5159934, 'floor_samples': 0, 'floor_fraction': 0.0, 'saturation_depth': 0.0, 'boundaries': 4608, 'capped_boundaries': 0, 'unfinished_worlds': 0}
4608,17,63512,5.899801e-04,4.197247e-03,1.297674e-02,0.000000e+00,0.000000e+00
4609,17,63529,5.899801e-04,4.016459e-03,1.073216e-02,0.000000e+00,0.000000e+00
4610,17,63546,5.899801e-04,4.286569e-03,1.383623e-02,0.000000e+00,0.000000e+00
4611,17,63563,5.899801e-04,4.194359e-03,1.038851e-02,0.000000e+00,0.000000e+00
4612,17,63580,5.899801e-04,4.084063e-03,1.257055e-02,0.000000e+00,0.000000e+00
4613,17,63597,5.899801e-04,4.193631e-03,1.000000e-02,0.000000e+00,0.000000e+00
4614,16,63613,8.532350e-04,4.207619e-03,1.228512e-02,0.000000e+00,0.000000e+00
4615,14,63627,6.440629e-04,4.121948e-03,1.027608e-02,0.000000e+00,0.000000e+00
4616,17,63644,7.013846e-04,4.226652e-03,1.252193e-02,0.000000e+00,0.000000e+00
4617,15,63659,7.013846e-04,4.122785e-03,1.000000e-02,0.000000e+00,0.000000e+00
4618,18,63677,6.355689e-04,4.163725e-03,1.000000e-02,0.000000e+00,0.000000e+00
4619,20,63697,5.098137e-04,4.274812e-03,1.274941e-02,0.000000e+00,0.000000e+00
4620,20,63717,5.098137e-04,4.259246e-03,1.134447e-02,0.000000e+00,0.000000e+00
4621,20,63737,5.098137e-04,4.134044e-03,9.932297e-03,0.000000e+00,0.000000e+00
4622,20,63757,5.098137e-04,4.220692e-03,1.594405e-02,0.000000e+00,0.000000e+00
4623,20,63777,5.098137e-04,4.259752e-03,1.197900e-02,0.000000e+00,0.000000e+00
4624,20,63797,5.098137e-04,4.380304e-03,1.083833e-02,0.000000e+00,0.000000e+00
4625,20,63817,5.098137e-04,4.145546e-03,1.000000e-02,0.000000e+00,0.000000e+00
4626,20,63837,5.098137e-04,4.141050e-03,1.089000e-02,0.000000e+00,0.000000e+00
4627,16,63853,6.347663e-04,4.052870e-03,1.269225e-02,0.000000e+00,0.000000e+00
4628,16,63869,6.347663e-04,4.155894e-03,1.215624e-02,0.000000e+00,0.000000e+00
4629,16,63885,6.347663e-04,4.209350e-03,9.900000e-03,0.000000e+00,0.000000e+00
4630,16,63901,6.347663e-04,4.292769e-03,1.089000e-02,0.000000e+00,0.000000e+00
4631,16,63917,6.347663e-04,4.168896e-03,1.084792e-02,0.000000e+00,0.000000e+00
4632,17,63934,6.298061e-04,4.209016e-03,1.217399e-02,0.000000e+00,0.000000e+00
4633,16,63950,6.298061e-04,4.010904e-03,1.214275e-02,0.000000e+00,0.000000e+00
4634,16,63966,6.298061e-04,4.299520e-03,1.259715e-02,0.000000e+00,0.000000e+00
4635,16,63982,6.298061e-04,4.156316e-03,1.092006e-02,0.000000e+00,0.000000e+00
4636,17,63999,6.298061e-04,4.161297e-03,1.000000e-02,0.000000e+00,0.000000e+00
4637,16,64015,6.298061e-04,4.280963e-03,1.114809e-02,0.000000e+00,0.000000e+00
4638,16,64031,6.298061e-04,4.094639e-03,1.057212e-02,0.000000e+00,0.000000e+00
4639,19,64050,5.593167e-04,4.246569e-03,1.000000e-02,0.000000e+00,0.000000e+00
4640,18,64068,5.593167e-04,4.094978e-03,1.230841e-02,0.000000e+00,0.000000e+00
4641,18,64086,5.593167e-04,4.252216e-03,1.040111e-02,0.000000e+00,0.000000e+00
4642,18,64104,5.593167e-04,4.222283e-03,1.013570e-02,0.000000e+00,0.000000e+00
4643,18,64122,5.593167e-04,4.121842e-03,1.009176e-02,0.000000e+00,0.000000e+00
4644,18,64140,5.593167e-04,4.061131e-03,1.060952e-02,0.000000e+00,0.000000e+00
4645,16,64156,6.538719e-04,3.927434e-03,1.002930e-02,0.000000e+00,0.000000e+00
4646,16,64172,6.538719e-04,4.016664e-03,1.150688e-02,0.000000e+00,0.000000e+00
4647,16,64188,6.538719e-04,3.871035e-03,1.055711e-02,0.000000e+00,0.000000e+00
4648,16,64204,6.538719e-04,3.959401e-03,1.224468e-02,0.000000e+00,0.000000e+00
4649,16,64220,6.538719e-04,4.260502e-03,1.242976e-02,0.000000e+00,0.000000e+00
4650,16,64236,7.418368e-04,4.371798e-03,1.089000e-02,0.000000e+00,0.000000e+00
4651,16,64252,6.774961e-04,4.170049e-03,1.179773e-02,0.000000e+00,0.000000e+00
4652,15,64267,6.774961e-04,4.133153e-03,1.285464e-02,0.000000e+00,0.000000e+00
4653,17,64284,6.662598e-04,4.067924e-03,1.286680e-02,0.000000e+00,0.000000e+00
4654,15,64299,6.774961e-04,4.244302e-03,1.089000e-02,0.000000e+00,0.000000e+00
4655,15,64314,6.774961e-04,4.225595e-03,1.129553e-02,0.000000e+00,0.000000e+00
HIST {'total_samples': 5221308, 'floor_samples': 0, 'floor_fraction': 0.0, 'saturation_depth': 0.0, 'boundaries': 4656, 'capped_boundaries': 0, 'unfinished_worlds': 0}
4656,15,64329,6.774961e-04,4.242119e-03,1.143067e-02,0.000000e+00,0.000000e+00
4657,14,64343,7.418368e-04,4.144237e-03,1.328292e-02,0.000000e+00,0.000000e+00
4658,14,64357,7.418368e-04,3.807410e-03,1.206485e-02,0.000000e+00,0.000000e+00
4659,14,64371,7.418368e-04,3.966324e-03,1.341581e-02,0.000000e+00,0.000000e+00
4660,15,64386,7.418368e-04,4.032336e-03,1.000000e-02,0.000000e+00,0.000000e+00
4661,14,64400,7.418368e-04,3.996148e-03,1.000000e-02,0.000000e+00,0.000000e+00
4662,14,64414,7.418368e-04,4.096936e-03,1.647134e-02,0.000000e+00,0.000000e+00
4663,16,64430,7.526616e-04,4.098742e-03,1.416286e-02,0.000000e+00,0.000000e+00
4664,17,64447,3.990341e-04,4.109961e-03,1.166279e-02,0.000000e+00,0.000000e+00
4665,26,64473,3.990341e-04,3.934076e-03,1.364964e-02,0.000000e+00,0.000000e+00
4666,26,64499,3.990341e-04,3.957303e-03,1.086169e-02,0.000000e+00,0.000000e+00
4667,26,64525,3.990341e-04,3.959270e-03,1.254235e-02,0.000000e+00,0.000000e+00
4668,26,64551,3.990341e-04,4.007848e-03,1.121776e-02,0.000000e+00,0.000000e+00
4669,26,64577,3.990341e-04,4.028370e-03,1.132169e-02,0.000000e+00,0.000000e+00
4670,26,64603,3.990341e-04,4.048993e-03,1.317690e-02,0.000000e+00,0.000000e+00
4671,26,64629,3.990341e-04,4.195769e-03,1.066149e-02,0.000000e+00,0.000000e+00
4672,26,64655,3.990341e-04,4.291655e-03,1.410310e-02,0.000000e+00,0.000000e+00
4673,26,64681,3.990341e-04,4.180155e-03,1.137680e-02,0.000000e+00,0.000000e+00
4674,26,64707,3.990341e-04,4.274199e-03,1.057180e-02,0.000000e+00,0.000000e+00
4675,26,64733,3.990341e-04,4.085701e-03,1.049918e-02,0.000000e+00,0.000000e+00
4676,26,64759,3.990341e-04,4.024852e-03,1.012681e-02,0.000000e+00,0.000000e+00
4677,18,64777,8.874168e-04,4.006722e-03,1.064506e-02,0.000000e+00,0.000000e+00
4678,13,64790,7.971646e-04,4.047791e-03,9.712362e-03,0.000000e+00,0.000000e+00
4679,13,64803,7.971646e-04,4.011073e-03,1.086457e-02,0.000000e+00,0.000000e+00
4680,13,64816,7.971646e-04,3.986605e-03,1.079581e-02,0.000000e+00,0.000000e+00
4681,16,64832,7.083320e-04,3.966384e-03,1.131370e-02,0.000000e+00,0.000000e+00
4682,15,64847,7.083320e-04,3.964758e-03,1.151818e-02,0.000000e+00,0.000000e+00
4683,18,64865,6.090425e-04,3.926692e-03,1.036154e-02,0.000000e+00,0.000000e+00
4684,17,64882,6.090425e-04,3.981678e-03,1.548544e-02,0.000000e+00,0.000000e+00
4685,17,64899,6.090425e-04,3.893890e-03,1.016872e-02,0.000000e+00,0.000000e+00
4686,17,64916,6.090425e-04,4.186240e-03,1.136997e-02,0.000000e+00,0.000000e+00
4687,17,64933,6.090425e-04,3.948501e-03,1.220689e-02,0.000000e+00,0.000000e+00
4688,17,64950,5.713591e-04,4.055595e-03,1.426653e-02,0.000000e+00,0.000000e+00
4689,18,64968,5.713591e-04,4.053670e-03,1.569318e-02,0.000000e+00,0.000000e+00
4690,18,64986,5.713591e-04,4.122094e-03,1.132181e-02,0.000000e+00,0.000000e+00
4691,18,65004,5.713591e-04,4.286084e-03,1.132345e-02,0.000000e+00,0.000000e+00
4692,22,65026,4.942694e-04,3.921382e-03,1.000000e-02,0.000000e+00,0.000000e+00
4693,28,65054,3.667567e-04,3.905351e-03,1.010591e-02,0.000000e+00,0.000000e+00
4694,28,65082,3.667567e-04,4.001466e-03,1.000000e-02,0.000000e+00,0.000000e+00
4695,28,65110,3.667567e-04,4.049707e-03,1.015909e-02,0.000000e+00,0.000000e+00
4696,28,65138,3.667567e-04,4.171349e-03,1.000000e-02,0.000000e+00,0.000000e+00
4697,28,65166,3.667567e-04,4.032675e-03,1.169941e-02,0.000000e+00,0.000000e+00
4698,28,65194,3.667567e-04,4.071596e-03,1.066435e-02,0.000000e+00,0.000000e+00
4699,28,65222,3.667567e-04,4.045581e-03,1.287327e-02,0.000000e+00,0.000000e+00
4700,28,65250,3.667567e-04,4.031352e-03,1.212704e-02,0.000000e+00,0.000000e+00
4701,28,65278,3.667567e-04,4.071160e-03,1.137030e-02,0.000000e+00,0.000000e+00
4702,28,65306,3.667567e-04,4.159094e-03,1.205209e-02,0.000000e+00,0.000000e+00
4703,28,65334,3.667567e-04,3.912829e-03,1.000000e-02,0.000000e+00,0.000000e+00
HIST {'total_samples': 5284248, 'floor_samples': 0, 'floor_fraction': 0.0, 'saturation_depth': 0.0, 'boundaries': 4704, 'capped_boundaries': 0, 'unfinished_worlds': 0}
4704,28,65362,3.667567e-04,4.160082e-03,1.317690e-02,0.000000e+00,0.000000e+00
4705,28,65390,3.667567e-04,4.286530e-03,1.221049e-02,0.000000e+00,0.000000e+00
4706,28,65418,3.667567e-04,4.286032e-03,1.000000e-02,0.000000e+00,0.000000e+00
4707,28,65446,3.667567e-04,4.011471e-03,1.040699e-02,0.000000e+00,0.000000e+00
4708,28,65474,3.667567e-04,3.996815e-03,1.311601e-02,0.000000e+00,0.000000e+00
4709,26,65500,3.861189e-04,4.196601e-03,1.067991e-02,0.000000e+00,0.000000e+00
4710,26,65526,3.861189e-04,4.334503e-03,1.145860e-02,0.000000e+00,0.000000e+00
4711,26,65552,3.861189e-04,4.321004e-03,1.090363e-02,0.000000e+00,0.000000e+00
4712,26,65578,3.861189e-04,4.102616e-03,1.357694e-02,0.000000e+00,0.000000e+00
4713,26,65604,3.861189e-04,4.120814e-03,1.089000e-02,0.000000e+00,0.000000e+00
4714,26,65630,3.861189e-04,4.203885e-03,1.020263e-02,0.000000e+00,0.000000e+00
4715,26,65656,3.861189e-04,4.059562e-03,1.024485e-02,0.000000e+00,0.000000e+00
4716,26,65682,3.861189e-04,4.122752e-03,1.206663e-02,0.000000e+00,0.000000e+00
4717,26,65708,3.861189e-04,4.076047e-03,1.040541e-02,0.000000e+00,0.000000e+00
4718,13,65721,8.426790e-04,4.264497e-03,1.000000e-02,0.000000e+00,0.000000e+00
4719,17,65738,6.019789e-04,4.213430e-03,1.106917e-02,0.000000e+00,0.000000e+00
4720,17,65755,6.019789e-04,4.203431e-03,1.129086e-02,0.000000e+00,0.000000e+00
4721,13,65768,7.393497e-04,4.102460e-03,1.036325e-02,0.000000e+00,0.000000e+00
4722,17,65785,6.603944e-04,4.263837e-03,1.090943e-02,0.000000e+00,0.000000e+00
4723,16,65801,6.603944e-04,4.272543e-03,1.032777e-02,0.000000e+00,0.000000e+00
4724,24,65825,4.371519e-04,4.081497e-03,1.014053e-02,0.000000e+00,0.000000e+00
4725,16,65841,8.019676e-04,4.047502e-03,1.035017e-02,0.000000e+00,0.000000e+00
4726,14,65855,7.778095e-04,4.018304e-03,1.275740e-02,0.000000e+00,0.000000e+00
4727,13,65868,7.778095e-04,4.029970e-03,1.025763e-02,0.000000e+00,0.000000e+00
4728,13,65881,7.778095e-04,4.417323e-03,1.075925e-02,0.000000e+00,0.000000e+00
4729,13,65894,8.068546e-04,4.145340e-03,9.393130e-03,0.000000e+00,0.000000e+00
4730,13,65907,8.068546e-04,4.362762e-03,1.326342e-02,0.000000e+00,0.000000e+00
4731,17,65924,6.365704e-04,4.271998e-03,1.000000e-02,0.000000e+00,0.000000e+00
4732,16,65940,6.365704e-04,4.297717e-03,1.035645e-02,0.000000e+00,0.000000e+00
4733,16,65956,6.365704e-04,4.296291e-03,1.012688e-02,0.000000e+00,0.000000e+00
4734,16,65972,6.365704e-04,4.281784e-03,1.053009e-02,0.000000e+00,0.000000e+00
4735,16,65988,6.365704e-04,4.362517e-03,1.000000e-02,0.000000e+00,0.000000e+00
4736,16,66004,6.365704e-04,4.394075e-03,1.048093e-02,0.000000e+00,0.000000e+00
4737,16,66020,6.365704e-04,4.123241e-03,1.000000e-02,0.000000e+00,0.000000e+00
4738,16,66036,6.665806e-04,4.382429e-03,1.056937e-02,0.000000e+00,0.000000e+00
4739,16,66052,6.665806e-04,4.241898e-03,1.032189e-02,0.000000e+00,0.000000e+00
4740,16,66068,6.665806e-04,4.234959e-03,1.348368e-02,0.000000e+00,0.000000e+00
4741,14,66082,7.293197e-04,4.433815e-03,1.321808e-02,0.000000e+00,0.000000e+00
4742,14,66096,7.293197e-04,4.270040e-03,1.086291e-02,0.000000e+00,0.000000e+00
4743,13,66109,7.962101e-04,4.141670e-03,1.179095e-02,0.000000e+00,0.000000e+00
4744,13,66122,8.241832e-04,4.327383e-03,1.194710e-02,0.000000e+00,0.000000e+00
4745,13,66135,8.241832e-04,4.050205e-03,1.099389e-02,0.000000e+00,0.000000e+00
4746,13,66148,8.241832e-04,4.332027e-03,1.173348e-02,0.000000e+00,0.000000e+00
4747,18,66166,6.139869e-04,4.286915e-03,1.000000e-02,0.000000e+00,0.000000e+00
4748,17,66183,6.139869e-04,4.389666e-03,1.107941e-02,0.000000e+00,0.000000e+00
4749,17,66200,6.139869e-04,4.346380e-03,1.246079e-02,0.000000e+00,0.000000e+00
4750,17,66217,6.139869e-04,4.293370e-03,1.226240e-02,0.000000e+00,0.000000e+00
4751,18,66235,5.971852e-04,4.192356e-03,1.216561e-02,0.000000e+00,0.000000e+00
HIST {'total_samples': 5344585, 'floor_samples': 0, 'floor_fraction': 0.0, 'saturation_depth': 0.0, 'boundaries': 4752, 'capped_boundaries': 0, 'unfinished_worlds': 0}
4752,17,66252,5.971852e-04,4.360735e-03,1.261842e-02,0.000000e+00,0.000000e+00
4753,17,66269,5.971852e-04,4.313075e-03,1.100506e-02,0.000000e+00,0.000000e+00
4754,17,66286,5.971852e-04,4.525215e-03,1.257219e-02,0.000000e+00,0.000000e+00
4755,17,66303,5.971852e-04,4.404633e-03,1.048272e-02,0.000000e+00,0.000000e+00
4756,17,66320,5.971852e-04,4.275016e-03,1.007305e-02,0.000000e+00,0.000000e+00
4757,17,66337,5.403522e-04,4.110403e-03,1.011580e-02,0.000000e+00,0.000000e+00
4758,17,66354,5.971852e-04,4.276738e-03,1.197900e-02,0.000000e+00,0.000000e+00
4759,15,66369,7.056328e-04,4.335498e-03,1.227437e-02,0.000000e+00,0.000000e+00
4760,19,66388,6.202183e-04,4.275338e-03,1.051497e-02,0.000000e+00,0.000000e+00
4761,17,66405,6.202183e-04,4.352203e-03,1.106767e-02,0.000000e+00,0.000000e+00
4762,17,66422,6.202183e-04,4.339142e-03,1.365648e-02,0.000000e+00,0.000000e+00
4763,17,66439,6.202183e-04,4.198620e-03,1.559430e-02,0.000000e+00,0.000000e+00
4764,17,66456,6.202183e-04,4.275399e-03,1.266771e-02,0.000000e+00,0.000000e+00
4765,17,66473,6.202183e-04,4.092688e-03,1.000000e-02,0.000000e+00,0.000000e+00
4766,17,66490,9.212170e-04,4.157632e-03,1.228612e-02,0.000000e+00,0.000000e+00
4767,15,66505,9.212170e-04,4.103219e-03,1.200648e-02,0.000000e+00,0.000000e+00
4768,11,66516,9.212170e-04,4.118011e-03,1.036839e-02,0.000000e+00,0.000000e+00
4769,17,66533,7.997219e-04,4.325231e-03,1.000000e-02,0.000000e+00,0.000000e+00
4770,14,66547,7.695191e-04,4.450197e-03,1.121572e-02,0.000000e+00,0.000000e+00
4771,22,66569,5.149972e-04,4.398992e-03,1.180690e-02,0.000000e+00,0.000000e+00
4772,20,66589,5.149972e-04,4.402800e-03,1.191280e-02,0.000000e+00,0.000000e+00
4773,20,66609,5.149972e-04,4.304781e-03,1.131627e-02,0.000000e+00,0.000000e+00
4774,13,66622,9.203508e-04,4.437662e-03,1.241719e-02,0.000000e+00,0.000000e+00
4775,17,66639,6.280701e-04,4.367744e-03,1.179935e-02,0.000000e+00,0.000000e+00
4776,16,66655,6.280701e-04,4.315451e-03,1.148700e-02,0.000000e+00,0.000000e+00
4777,16,66671,6.280701e-04,4.343762e-03,1.000000e-02,0.000000e+00,0.000000e+00
4778,15,66686,6.684315e-04,4.622981e-03,1.239120e-02,0.000000e+00,0.000000e+00
4779,15,66701,6.684315e-04,4.300375e-03,1.204230e-02,0.000000e+00,0.000000e+00
4780,14,66715,7.316394e-04,4.227849e-03,1.171665e-02,0.000000e+00,0.000000e+00
4781,14,66729,6.343671e-04,4.346459e-03,1.169530e-02,0.000000e+00,0.000000e+00
4782,16,66745,6.343671e-04,4.560464e-03,1.720843e-02,0.000000e+00,0.000000e+00
4783,16,66761,6.343671e-04,4.239392e-03,1.012285e-02,0.000000e+00,0.000000e+00
4784,16,66777,6.343671e-04,4.280937e-03,1.031744e-02,0.000000e+00,0.000000e+00
4785,18,66795,6.185008e-04,4.604846e-03,1.209473e-02,0.000000e+00,0.000000e+00
4786,29,66824,3.685286e-04,4.496928e-03,1.058698e-02,0.000000e+00,0.000000e+00
4787,28,66852,3.685286e-04,4.385305e-03,1.071986e-02,0.000000e+00,0.000000e+00
4788,28,66880,3.685286e-04,4.246173e-03,1.000000e-02,0.000000e+00,0.000000e+00
4789,28,66908,3.685286e-04,4.350607e-03,1.096124e-02,0.000000e+00,0.000000e+00
4790,14,66922,7.664319e-04,4.346115e-03,1.510505e-02,0.000000e+00,0.000000e+00
4791,14,66936,7.664319e-04,4.252573e-03,1.000000e-02,0.000000e+00,0.000000e+00
4792,14,66950,7.122273e-04,4.348452e-03,1.185432e-02,0.000000e+00,0.000000e+00
4793,15,66965,7.122273e-04,4.375298e-03,1.136914e-02,0.000000e+00,0.000000e+00
4794,15,66980,7.122273e-04,4.503207e-03,1.213613e-02,0.000000e+00,0.000000e+00
4795,15,66995,7.122273e-04,4.330952e-03,1.089000e-02,0.000000e+00,0.000000e+00
4796,15,67010,7.122273e-04,4.482323e-03,1.372756e-02,0.000000e+00,0.000000e+00
4797,15,67025,7.122273e-04,4.292211e-03,1.092097e-02,0.000000e+00,0.000000e+00
4798,15,67040,7.122273e-04,4.368131e-03,1.089000e-02,0.000000e+00,0.000000e+00
4799,15,67055,7.122273e-04,4.114104e-03,1.000000e-02,0.000000e+00,0.000000e+00
HIST {'total_samples': 5403127, 'floor_samples': 0, 'floor_fraction': 0.0, 'saturation_depth': 0.0, 'boundaries': 4800, 'capped_boundaries': 0, 'unfinished_worlds': 0}
4800,15,67070,7.122273e-04,4.551276e-03,1.329334e-02,0.000000e+00,0.000000e+00
4801,14,67084,7.282372e-04,4.368353e-03,1.045425e-02,0.000000e+00,0.000000e+00
4802,22,67106,5.087414e-04,4.511370e-03,1.188011e-02,0.000000e+00,0.000000e+00
4803,18,67124,7.282372e-04,4.384774e-03,1.103061e-02,0.000000e+00,0.000000e+00
4804,18,67142,5.987376e-04,4.185752e-03,1.114553e-02,0.000000e+00,0.000000e+00
4805,15,67157,6.904208e-04,4.244365e-03,1.124197e-02,0.000000e+00,0.000000e+00
4806,17,67174,6.434951e-04,4.221159e-03,1.145974e-02,0.000000e+00,0.000000e+00
4807,16,67190,6.434951e-04,4.262263e-03,1.000000e-02,0.000000e+00,0.000000e+00
4808,16,67206,6.434951e-04,4.311550e-03,1.077728e-02,0.000000e+00,0.000000e+00
4809,16,67222,6.434951e-04,4.253681e-03,1.000000e-02,0.000000e+00,0.000000e+00
4810,16,67238,6.434951e-04,4.264972e-03,1.089000e-02,0.000000e+00,0.000000e+00
4811,17,67255,6.933937e-04,4.291275e-03,1.176403e-02,0.000000e+00,0.000000e+00
4812,15,67270,6.933937e-04,4.378886e-03,1.098056e-02,0.000000e+00,0.000000e+00
4813,15,67285,6.933937e-04,4.319908e-03,1.006245e-02,0.000000e+00,0.000000e+00
4814,15,67300,6.933937e-04,4.406411e-03,1.175705e-02,0.000000e+00,0.000000e+00
4815,15,67315,6.933937e-04,4.374167e-03,1.000000e-02,0.000000e+00,0.000000e+00
4816,14,67329,7.501537e-04,4.566081e-03,1.189147e-02,0.000000e+00,0.000000e+00
4817,14,67343,7.501537e-04,4.300283e-03,1.421848e-02,0.000000e+00,0.000000e+00
4818,15,67358,7.501537e-04,4.459757e-03,1.236078e-02,0.000000e+00,0.000000e+00
4819,14,67372,7.501537e-04,4.523373e-03,1.000382e-02,0.000000e+00,0.000000e+00
4820,14,67386,7.501537e-04,4.504671e-03,1.182955e-02,0.000000e+00,0.000000e+00
4821,14,67400,7.501537e-04,4.564978e-03,1.000818e-02,0.000000e+00,0.000000e+00
4822,18,67418,5.958022e-04,4.586652e-03,1.062401e-02,0.000000e+00,0.000000e+00
4823,17,67435,5.958022e-04,4.421440e-03,1.215474e-02,0.000000e+00,0.000000e+00
4824,17,67452,5.958022e-04,4.365567e-03,1.099796e-02,0.000000e+00,0.000000e+00
4825,17,67469,5.958022e-04,4.058190e-03,1.000000e-02,0.000000e+00,0.000000e+00
4826,17,67486,5.958022e-04,4.017100e-03,1.150372e-02,0.000000e+00,0.000000e+00
4827,17,67503,5.958022e-04,4.446575e-03,1.139819e-02,0.000000e+00,0.000000e+00
4828,17,67520,5.958022e-04,4.555486e-03,1.039539e-02,0.000000e+00,0.000000e+00
4829,17,67537,5.958022e-04,4.531289e-03,1.077971e-02,0.000000e+00,0.000000e+00
4830,17,67554,5.958022e-04,4.401488e-03,1.089000e-02,0.000000e+00,0.000000e+00
4831,17,67571,5.958022e-04,4.439688e-03,1.270358e-02,0.000000e+00,0.000000e+00
4832,17,67588,5.958022e-04,4.431919e-03,1.089000e-02,0.000000e+00,0.000000e+00
4833,17,67605,5.958022e-04,4.369196e-03,1.214380e-02,0.000000e+00,0.000000e+00
4834,17,67622,5.958022e-04,4.576397e-03,1.099811e-02,0.000000e+00,0.000000e+00
4835,24,67646,3.768709e-04,4.401902e-03,1.493682e-02,0.000000e+00,0.000000e+00
4836,27,67673,3.768709e-04,4.343651e-03,1.285159e-02,0.000000e+00,0.000000e+00
4837,27,67700,3.768709e-04,4.203779e-03,1.373840e-02,0.000000e+00,0.000000e+00
4838,27,67727,3.768709e-04,4.249594e-03,1.000000e-02,0.000000e+00,0.000000e+00
4839,27,67754,3.768709e-04,4.345967e-03,1.157266e-02,0.000000e+00,0.000000e+00
4840,27,67781,3.768709e-04,4.375510e-03,1.184969e-02,0.000000e+00,0.000000e+00
4841,27,67808,3.768709e-04,4.595429e-03,1.362379e-02,0.000000e+00,0.000000e+00
4842,27,67835,3.768709e-04,4.424630e-03,1.089000e-02,0.000000e+00,0.000000e+00
4843,27,67862,3.768709e-04,4.345258e-03,1.308350e-02,0.000000e+00,0.000000e+00
4844,27,67889,3.768709e-04,4.420626e-03,1.193832e-02,0.000000e+00,0.000000e+00
4845,27,67916,3.768709e-04,4.212842e-03,1.033919e-02,0.000000e+00,0.000000e+00
4846,26,67942,6.350992e-04,4.360625e-03,1.158974e-02,0.000000e+00,0.000000e+00
4847,16,67958,6.350992e-04,4.114504e-03,1.287444e-02,0.000000e+00,0.000000e+00
HIST {'total_samples': 5461640, 'floor_samples': 0, 'floor_fraction': 0.0, 'saturation_depth': 0.0, 'boundaries': 4848, 'capped_boundaries': 0, 'unfinished_worlds': 0}
4848,16,67974,6.350992e-04,4.362794e-03,1.168321e-02,0.000000e+00,0.000000e+00
4849,16,67990,6.350992e-04,4.219826e-03,1.170238e-02,0.000000e+00,0.000000e+00
4850,16,68006,6.350992e-04,4.440667e-03,1.201868e-02,0.000000e+00,0.000000e+00
4851,14,68020,7.164867e-04,4.353406e-03,1.000000e-02,0.000000e+00,0.000000e+00
4852,14,68034,7.164867e-04,4.388724e-03,1.348964e-02,0.000000e+00,0.000000e+00
4853,22,68056,4.701927e-04,4.160110e-03,1.000000e-02,0.000000e+00,0.000000e+00
4854,22,68078,4.701927e-04,4.537723e-03,1.317690e-02,0.000000e+00,0.000000e+00
4855,22,68100,4.701927e-04,4.390160e-03,1.118650e-02,0.000000e+00,0.000000e+00
4856,22,68122,4.701927e-04,4.359964e-03,1.159571e-02,0.000000e+00,0.000000e+00
4857,22,68144,4.701927e-04,4.475896e-03,1.094091e-02,0.000000e+00,0.000000e+00
4858,20,68164,7.761993e-04,4.347486e-03,1.000000e-02,0.000000e+00,0.000000e+00
4859,13,68177,7.262462e-04,4.261666e-03,1.035380e-02,0.000000e+00,0.000000e+00
4860,14,68191,7.262462e-04,4.238077e-03,1.157433e-02,0.000000e+00,0.000000e+00
4861,14,68205,7.262462e-04,4.228609e-03,1.048124e-02,0.000000e+00,0.000000e+00
4862,15,68220,7.262462e-04,4.289296e-03,1.186262e-02,0.000000e+00,0.000000e+00
4863,14,68234,7.262462e-04,4.394087e-03,1.000000e-02,0.000000e+00,0.000000e+00
4864,14,68248,7.262462e-04,4.266176e-03,1.000000e-02,0.000000e+00,0.000000e+00
4865,14,68262,7.262462e-04,4.139069e-03,9.465746e-03,0.000000e+00,0.000000e+00
4866,14,68276,7.262462e-04,4.188583e-03,1.050596e-02,0.000000e+00,0.000000e+00
4867,14,68290,7.262462e-04,4.024268e-03,1.119857e-02,0.000000e+00,0.000000e+00
4868,14,68304,5.943195e-04,4.101657e-03,1.258479e-02,0.000000e+00,0.000000e+00
4869,17,68321,5.943195e-04,4.206880e-03,1.109283e-02,0.000000e+00,0.000000e+00
4870,21,68342,4.928719e-04,4.071894e-03,1.219726e-02,0.000000e+00,0.000000e+00
4871,21,68363,4.928719e-04,4.042582e-03,1.209133e-02,0.000000e+00,0.000000e+00
4872,21,68384,4.928719e-04,3.972089e-03,1.049163e-02,0.000000e+00,0.000000e+00
4873,21,68405,4.928719e-04,3.982506e-03,1.000000e-02,0.000000e+00,0.000000e+00
4874,21,68426,4.928719e-04,4.160632e-03,1.353507e-02,0.000000e+00,0.000000e+00
4875,21,68447,4.928719e-04,4.119398e-03,1.431929e-02,0.000000e+00,0.000000e+00
4876,21,68468,4.928719e-04,4.020642e-03,1.188679e-02,0.000000e+00,0.000000e+00
4877,17,68485,6.553252e-04,4.110308e-03,1.051313e-02,0.000000e+00,0.000000e+00
4878,16,68501,6.553252e-04,4.258712e-03,1.000000e-02,0.000000e+00,0.000000e+00
4879,16,68517,6.553252e-04,4.151567e-03,1.088009e-02,0.000000e+00,0.000000e+00
4880,16,68533,6.553252e-04,4.141467e-03,1.070629e-02,0.000000e+00,0.000000e+00
4881,16,68549,6.553252e-04,4.170195e-03,1.008863e-02,0.000000e+00,0.000000e+00
4882,16,68565,6.553252e-04,4.093264e-03,1.165507e-02,0.000000e+00,0.000000e+00
4883,14,68579,7.446603e-04,4.103373e-03,1.016704e-02,0.000000e+00,0.000000e+00
4884,14,68593,7.446603e-04,4.221408e-03,1.272143e-02,0.000000e+00,0.000000e+00
4885,14,68607,7.446603e-04,4.095546e-03,1.000000e-02,0.000000e+00,0.000000e+00
4886,16,68623,6.986606e-04,4.137788e-03,1.127346e-02,0.000000e+00,0.000000e+00
4887,13,68636,8.572346e-04,4.097728e-03,9.134325e-03,0.000000e+00,0.000000e+00
4888,12,68648,8.819873e-04,4.247095e-03,1.075515e-02,0.000000e+00,0.000000e+00
4889,13,68661,8.457524e-04,4.233685e-03,1.086155e-02,0.000000e+00,0.000000e+00
4890,12,68673,8.819873e-04,4.425467e-03,1.227204e-02,0.000000e+00,0.000000e+00
4891,12,68685,8.819873e-04,4.191333e-03,1.000000e-02,0.000000e+00,0.000000e+00
4892,11,68696,9.136240e-04,4.457314e-03,1.098189e-02,0.000000e+00,0.000000e+00
4893,14,68710,8.287046e-04,4.250826e-03,1.000000e-02,0.000000e+00,0.000000e+00
4894,13,68723,8.287046e-04,4.159282e-03,1.087684e-02,0.000000e+00,0.000000e+00
4895,13,68736,9.043035e-04,4.308599e-03,1.000000e-02,0.000000e+00,0.000000e+00
HIST {'total_samples': 5521624, 'floor_samples': 0, 'floor_fraction': 0.0, 'saturation_depth': 0.0, 'boundaries': 4896, 'capped_boundaries': 0, 'unfinished_worlds': 0}
4896,20,68756,5.545561e-04,4.343310e-03,1.144394e-02,0.000000e+00,0.000000e+00
4897,19,68775,5.545561e-04,4.339064e-03,1.050492e-02,0.000000e+00,0.000000e+00
4898,19,68794,5.545561e-04,4.326213e-03,1.046743e-02,0.000000e+00,0.000000e+00
4899,19,68813,5.545561e-04,4.194578e-03,1.022237e-02,0.000000e+00,0.000000e+00
4900,19,68832,5.545561e-04,4.198099e-03,1.201693e-02,0.000000e+00,0.000000e+00
4901,19,68851,5.545561e-04,4.200782e-03,1.170537e-02,0.000000e+00,0.000000e+00
4902,19,68870,5.545561e-04,4.246212e-03,1.098102e-02,0.000000e+00,0.000000e+00
4903,19,68889,5.545561e-04,4.187438e-03,9.851586e-03,0.000000e+00,0.000000e+00
4904,19,68908,5.545561e-04,4.381011e-03,1.147427e-02,0.000000e+00,0.000000e+00
4905,19,68927,5.545561e-04,4.366954e-03,1.057454e-02,0.000000e+00,0.000000e+00
4906,19,68946,5.545561e-04,4.337884e-03,1.046948e-02,0.000000e+00,0.000000e+00
4907,19,68965,5.545561e-04,4.227709e-03,1.002449e-02,0.000000e+00,0.000000e+00
4908,19,68984,5.545561e-04,4.252412e-03,1.000000e-02,0.000000e+00,0.000000e+00
4909,15,68999,7.110120e-04,4.443930e-03,1.235454e-02,0.000000e+00,0.000000e+00
4910,15,69014,7.110120e-04,4.417207e-03,1.184641e-02,0.000000e+00,0.000000e+00
4911,15,69029,7.110120e-04,4.170710e-03,1.000000e-02,0.000000e+00,0.000000e+00
4912,17,69046,6.338957e-04,4.274980e-03,1.250044e-02,0.000000e+00,0.000000e+00
4913,16,69062,6.338957e-04,4.160433e-03,1.000000e-02,0.000000e+00,0.000000e+00
4914,16,69078,6.338957e-04,4.075632e-03,1.251823e-02,0.000000e+00,0.000000e+00
4915,16,69094,6.338957e-04,4.068155e-03,1.203993e-02,0.000000e+00,0.000000e+00
4916,16,69110,6.338957e-04,4.059491e-03,1.077367e-02,0.000000e+00,0.000000e+00
4917,16,69126,6.338957e-04,4.167122e-03,1.093352e-02,0.000000e+00,0.000000e+00
4918,16,69142,6.338957e-04,4.068825e-03,1.359980e-02,0.000000e+00,0.000000e+00
4919,16,69158,6.338957e-04,4.050879e-03,1.181719e-02,0.000000e+00,0.000000e+00
4920,16,69174,6.338957e-04,4.307489e-03,1.227098e-02,0.000000e+00,0.000000e+00
4921,16,69190,6.338957e-04,4.252971e-03,1.066082e-02,0.000000e+00,0.000000e+00
4922,16,69206,6.338957e-04,4.292681e-03,1.056029e-02,0.000000e+00,0.000000e+00
4923,17,69223,6.807430e-04,4.208162e-03,1.243385e-02,0.000000e+00,0.000000e+00
4924,17,69240,6.457150e-04,4.228221e-03,1.059412e-02,0.000000e+00,0.000000e+00
4925,15,69255,6.807430e-04,4.304166e-03,1.089000e-02,0.000000e+00,0.000000e+00
4926,19,69274,5.749556e-04,4.235235e-03,1.027685e-02,0.000000e+00,0.000000e+00
4927,18,69292,5.749556e-04,4.335590e-03,1.268197e-02,0.000000e+00,0.000000e+00
4928,18,69310,5.749556e-04,4.270837e-03,1.125510e-02,0.000000e+00,0.000000e+00
4929,18,69328,5.749556e-04,4.283607e-03,1.198698e-02,0.000000e+00,0.000000e+00
4930,17,69345,6.114678e-04,4.442019e-03,1.232321e-02,0.000000e+00,0.000000e+00
4931,17,69362,4.290504e-04,4.334132e-03,1.000000e-02,0.000000e+00,0.000000e+00
4932,24,69386,4.290504e-04,4.384041e-03,1.078926e-02,0.000000e+00,0.000000e+00
4933,24,69410,4.290504e-04,4.300131e-03,1.174169e-02,0.000000e+00,0.000000e+00
4934,24,69434,4.290504e-04,4.245096e-03,1.026277e-02,0.000000e+00,0.000000e+00
4935,24,69458,4.290504e-04,4.243910e-03,9.973905e-03,0.000000e+00,0.000000e+00
4936,15,69473,6.835137e-04,4.361259e-03,1.029112e-02,0.000000e+00,0.000000e+00
4937,23,69496,4.985516e-04,4.280460e-03,9.635347e-03,0.000000e+00,0.000000e+00
4938,17,69513,5.988898e-04,4.461032e-03,1.148847e-02,0.000000e+00,0.000000e+00
4939,17,69530,5.988898e-04,4.370951e-03,1.000000e-02,0.000000e+00,0.000000e+00
4940,20,69550,4.969034e-04,4.235004e-03,1.159844e-02,0.000000e+00,0.000000e+00
4941,21,69571,4.969034e-04,4.272628e-03,1.109477e-02,0.000000e+00,0.000000e+00
4942,21,69592,4.969034e-04,4.275284e-03,1.251669e-02,0.000000e+00,0.000000e+00
4943,21,69613,4.969034e-04,4.326656e-03,1.091727e-02,0.000000e+00,0.000000e+00
HIST {'total_samples': 5581292, 'floor_samples': 0, 'floor_fraction': 0.0, 'saturation_depth': 0.0, 'boundaries': 4944, 'capped_boundaries': 0, 'unfinished_worlds': 0}
4944,21,69634,4.969034e-04,4.344650e-03,1.088901e-02,0.000000e+00,0.000000e+00
4945,21,69655,4.969034e-04,4.354001e-03,1.066826e-02,0.000000e+00,0.000000e+00
4946,21,69676,4.969034e-04,4.424513e-03,1.181399e-02,0.000000e+00,0.000000e+00
4947,21,69697,4.969034e-04,4.320133e-03,1.273497e-02,0.000000e+00,0.000000e+00
4948,11,69708,9.193121e-04,4.416879e-03,1.278918e-02,0.000000e+00,0.000000e+00
4949,13,69721,9.193121e-04,4.224120e-03,1.000000e-02,0.000000e+00,0.000000e+00
4950,16,69737,6.767795e-04,4.189782e-03,1.066280e-02,0.000000e+00,0.000000e+00
4951,23,69760,4.723458e-04,4.208430e-03,1.000000e-02,0.000000e+00,0.000000e+00
4952,16,69776,6.767795e-04,4.407157e-03,1.126132e-02,0.000000e+00,0.000000e+00
4953,15,69791,6.767795e-04,4.393852e-03,1.085752e-02,0.000000e+00,0.000000e+00
4954,15,69806,6.767795e-04,4.307027e-03,1.052180e-02,0.000000e+00,0.000000e+00
4955,15,69821,6.767795e-04,4.325630e-03,1.024816e-02,0.000000e+00,0.000000e+00
4956,18,69839,6.243300e-04,4.423490e-03,1.317690e-02,0.000000e+00,0.000000e+00
4957,17,69856,6.243300e-04,4.510613e-03,1.192151e-02,0.000000e+00,0.000000e+00
4958,16,69872,6.767795e-04,4.418075e-03,1.281654e-02,0.000000e+00,0.000000e+00
4959,15,69887,6.767795e-04,4.357723e-03,1.083148e-02,0.000000e+00,0.000000e+00
4960,15,69902,6.767795e-04,4.459203e-03,1.204905e-02,0.000000e+00,0.000000e+00
4961,15,69917,6.767795e-04,4.383462e-03,1.000000e-02,0.000000e+00,0.000000e+00
4962,19,69936,5.949003e-04,4.584484e-03,1.460509e-02,0.000000e+00,0.000000e+00
4963,17,69953,5.949003e-04,4.589011e-03,1.100656e-02,0.000000e+00,0.000000e+00
4964,17,69970,5.949003e-04,4.403867e-03,1.390902e-02,0.000000e+00,0.000000e+00
4965,24,69994,4.439594e-04,4.402666e-03,1.018821e-02,0.000000e+00,0.000000e+00
4966,18,70012,5.949003e-04,4.334959e-03,1.189076e-02,0.000000e+00,0.000000e+00
4967,17,70029,5.949003e-04,4.511049e-03,1.000000e-02,0.000000e+00,0.000000e+00
4968,17,70046,5.949003e-04,4.377787e-03,1.108645e-02,0.000000e+00,0.000000e+00
4969,17,70063,6.669725e-04,4.314606e-03,1.126065e-02,0.000000e+00,0.000000e+00
4970,13,70076,8.037608e-04,4.490106e-03,1.313836e-02,0.000000e+00,0.000000e+00
4971,13,70089,8.037608e-04,4.350318e-03,1.126146e-02,0.000000e+00,0.000000e+00
4972,15,70104,7.634585e-04,4.365955e-03,1.105808e-02,0.000000e+00,0.000000e+00
4973,14,70118,7.634585e-04,4.600892e-03,1.075831e-02,0.000000e+00,0.000000e+00
4974,15,70133,7.948105e-04,4.640487e-03,1.165308e-02,0.000000e+00,0.000000e+00
4975,13,70146,7.948105e-04,4.458059e-03,1.163374e-02,0.000000e+00,0.000000e+00
4976,14,70160,7.948105e-04,4.265108e-03,1.000000e-02,0.000000e+00,0.000000e+00
4977,15,70175,6.932668e-04,4.245752e-03,1.096615e-02,0.000000e+00,0.000000e+00
4978,15,70190,6.932668e-04,4.226631e-03,1.317690e-02,0.000000e+00,0.000000e+00
4979,15,70205,6.932668e-04,4.263289e-03,1.000000e-02,0.000000e+00,0.000000e+00
4980,15,70220,6.932668e-04,4.263265e-03,1.081497e-02,0.000000e+00,0.000000e+00
4981,15,70235,6.932668e-04,4.541734e-03,1.342916e-02,0.000000e+00,0.000000e+00
4982,15,70250,6.932668e-04,4.514689e-03,1.085587e-02,0.000000e+00,0.000000e+00
4983,15,70265,6.932668e-04,4.402119e-03,9.970959e-03,0.000000e+00,0.000000e+00
4984,15,70280,6.932668e-04,4.263468e-03,1.160469e-02,0.000000e+00,0.000000e+00
4985,15,70295,6.932668e-04,4.173057e-03,1.076418e-02,0.000000e+00,0.000000e+00
4986,15,70310,6.932668e-04,4.366349e-03,1.262773e-02,0.000000e+00,0.000000e+00
4987,22,70332,5.202427e-04,4.435274e-03,1.000000e-02,0.000000e+00,0.000000e+00
4988,20,70352,5.202427e-04,4.544239e-03,1.536151e-02,0.000000e+00,0.000000e+00
4989,20,70372,5.202427e-04,4.329548e-03,1.051309e-02,0.000000e+00,0.000000e+00
4990,20,70392,5.202427e-04,4.334528e-03,1.426311e-02,0.000000e+00,0.000000e+00
4991,20,70412,5.202427e-04,4.201875e-03,1.036211e-02,0.000000e+00,0.000000e+00
HIST {'total_samples': 5639214, 'floor_samples': 0, 'floor_fraction': 0.0, 'saturation_depth': 0.0, 'boundaries': 4992, 'capped_boundaries': 0, 'unfinished_worlds': 0}
4992,20,70432,5.202427e-04,4.373977e-03,1.449459e-02,0.000000e+00,0.000000e+00
4993,20,70452,5.202427e-04,4.366995e-03,1.147182e-02,0.000000e+00,0.000000e+00
4994,20,70472,5.202427e-04,4.457234e-03,1.501716e-02,0.000000e+00,0.000000e+00
4995,20,70492,5.202427e-04,4.330157e-03,1.191094e-02,0.000000e+00,0.000000e+00
4996,20,70512,5.202427e-04,4.318321e-03,1.411389e-02,0.000000e+00,0.000000e+00
4997,20,70532,5.202427e-04,4.224245e-03,1.000000e-02,0.000000e+00,0.000000e+00
4998,20,70552,5.202427e-04,4.374026e-03,1.174842e-02,0.000000e+00,0.000000e+00
4999,20,70572,5.202427e-04,4.306680e-03,1.238464e-02,0.000000e+00,0.000000e+00
5000,20,70592,5.202427e-04,4.505541e-03,1.330804e-02,0.000000e+00,0.000000e+00
5001,20,70612,5.202427e-04,4.261925e-03,1.148174e-02,0.000000e+00,0.000000e+00
5002,20,70632,5.202427e-04,4.340276e-03,1.111344e-02,0.000000e+00,0.000000e+00
5003,16,70648,6.825315e-04,4.234394e-03,1.459847e-02,0.000000e+00,0.000000e+00
5004,15,70663,6.825315e-04,4.203174e-03,1.156157e-02,0.000000e+00,0.000000e+00
5005,15,70678,6.825315e-04,4.284719e-03,1.035251e-02,0.000000e+00,0.000000e+00
5006,15,70693,6.825315e-04,4.304521e-03,1.093189e-02,0.000000e+00,0.000000e+00
5007,15,70708,6.066780e-04,4.185124e-03,1.000000e-02,0.000000e+00,0.000000e+00
5008,17,70725,6.066780e-04,4.257571e-03,1.340273e-02,0.000000e+00,0.000000e+00
5009,17,70742,6.066780e-04,4.227453e-03,1.197900e-02,0.000000e+00,0.000000e+00
5010,17,70759,6.066780e-04,4.396230e-03,1.104677e-02,0.000000e+00,0.000000e+00
5011,17,70776,6.066780e-04,4.272293e-03,1.210547e-02,0.000000e+00,0.000000e+00
5012,30,70806,3.471044e-04,4.218495e-03,1.255593e-02,0.000000e+00,0.000000e+00
5013,29,70835,3.471044e-04,4.252745e-03,1.177140e-02,0.000000e+00,0.000000e+00
5014,29,70864,3.471044e-04,4.180098e-03,1.294437e-02,0.000000e+00,0.000000e+00
5015,29,70893,3.471044e-04,3.920701e-03,1.000000e-02,0.000000e+00,0.000000e+00
5016,29,70922,3.471044e-04,4.080785e-03,1.349868e-02,0.000000e+00,0.000000e+00
5017,29,70951,3.471044e-04,4.092423e-03,1.091017e-02,0.000000e+00,0.000000e+00
5018,26,70977,7.159723e-04,4.236912e-03,1.261017e-02,0.000000e+00,0.000000e+00
5019,18,70995,6.436851e-04,4.259133e-03,1.514012e-02,0.000000e+00,0.000000e+00
5020,16,71011,6.436851e-04,4.307210e-03,1.174324e-02,0.000000e+00,0.000000e+00
5021,16,71027,6.436851e-04,4.229309e-03,1.004114e-02,0.000000e+00,0.000000e+00
5022,16,71043,6.436851e-04,4.040699e-03,1.000000e-02,0.000000e+00,0.000000e+00
5023,16,71059,6.436851e-04,4.079464e-03,9.991639e-03,0.000000e+00,0.000000e+00
5024,16,71075,6.436851e-04,4.060488e-03,1.200105e-02,0.000000e+00,0.000000e+00
5025,16,71091,6.436851e-04,3.998251e-03,1.179203e-02,0.000000e+00,0.000000e+00
5026,15,71106,6.839301e-04,3.993711e-03,1.018450e-02,0.000000e+00,0.000000e+00
5027,15,71121,6.839301e-04,4.013114e-03,1.000000e-02,0.000000e+00,0.000000e+00
5028,14,71135,7.589719e-04,4.044121e-03,1.084030e-02,0.000000e+00,0.000000e+00
5029,14,71149,7.589719e-04,4.010292e-03,1.090071e-02,0.000000e+00,0.000000e+00
5030,16,71165,7.744770e-04,4.223328e-03,1.119470e-02,0.000000e+00,0.000000e+00
5031,13,71178,7.744770e-04,4.054566e-03,1.000000e-02,0.000000e+00,0.000000e+00
5032,14,71192,7.822116e-04,4.136157e-03,9.582136e-03,0.000000e+00,0.000000e+00
5033,13,71205,8.081431e-04,3.922882e-03,9.151555e-03,0.000000e+00,0.000000e+00
5034,13,71218,8.041100e-04,3.944513e-03,1.000000e-02,0.000000e+00,0.000000e+00
5035,15,71233,7.168532e-04,4.138752e-03,1.076367e-02,0.000000e+00,0.000000e+00
5036,14,71247,7.168532e-04,4.126361e-03,1.139343e-02,0.000000e+00,0.000000e+00
5037,16,71263,6.943871e-04,3.859197e-03,1.108405e-02,0.000000e+00,0.000000e+00
5038,18,71281,6.107427e-04,4.035949e-03,1.276207e-02,0.000000e+00,0.000000e+00
5039,17,71298,6.107427e-04,3.795980e-03,1.000000e-02,0.000000e+00,0.000000e+00
HIST {'total_samples': 5701131, 'floor_samples': 0, 'floor_fraction': 0.0, 'saturation_depth': 0.0, 'boundaries': 5040, 'capped_boundaries': 0, 'unfinished_worlds': 0}
5040,17,71315,6.107427e-04,4.031591e-03,1.081830e-02,0.000000e+00,0.000000e+00
5041,17,71332,6.107427e-04,3.977971e-03,1.000000e-02,0.000000e+00,0.000000e+00
5042,17,71349,6.107427e-04,4.148101e-03,1.227368e-02,0.000000e+00,0.000000e+00
5043,17,71366,6.107427e-04,3.901107e-03,1.156177e-02,0.000000e+00,0.000000e+00
5044,15,71381,8.788596e-04,4.013957e-03,1.215667e-02,0.000000e+00,0.000000e+00
5045,18,71399,6.017931e-04,3.956015e-03,9.775522e-03,0.000000e+00,0.000000e+00
5046,17,71416,6.017931e-04,4.150775e-03,1.092025e-02,0.000000e+00,0.000000e+00
5047,17,71433,6.017931e-04,3.974020e-03,1.087040e-02,0.000000e+00,0.000000e+00
5048,20,71453,6.017931e-04,4.016550e-03,1.317690e-02,0.000000e+00,0.000000e+00
5049,17,71470,6.017931e-04,3.924739e-03,1.279754e-02,0.000000e+00,0.000000e+00
5050,17,71487,6.017931e-04,3.941191e-03,1.199153e-02,0.000000e+00,0.000000e+00
5051,17,71504,6.017931e-04,3.948004e-03,1.049837e-02,0.000000e+00,0.000000e+00
5052,17,71521,6.017931e-04,3.809661e-03,1.449459e-02,0.000000e+00,0.000000e+00
5053,17,71538,6.044975e-04,3.745210e-03,1.000000e-02,0.000000e+00,0.000000e+00
5054,17,71555,6.044975e-04,3.976345e-03,1.080304e-02,0.000000e+00,0.000000e+00
5055,17,71572,6.044975e-04,3.754889e-03,1.000000e-02,0.000000e+00,0.000000e+00
5056,17,71589,6.044975e-04,3.828066e-03,1.210159e-02,0.000000e+00,0.000000e+00
5057,17,71606,6.044975e-04,3.914063e-03,1.371950e-02,0.000000e+00,0.000000e+00
5058,17,71623,6.044975e-04,3.879454e-03,1.068695e-02,0.000000e+00,0.000000e+00
5059,17,71640,6.044975e-04,3.798694e-03,1.160581e-02,0.000000e+00,0.000000e+00
5060,17,71657,6.044975e-04,4.038407e-03,1.098263e-02,0.000000e+00,0.000000e+00
5061,17,71674,6.044975e-04,3.861772e-03,1.364375e-02,0.000000e+00,0.000000e+00
5062,17,71691,6.044975e-04,3.894668e-03,1.000000e-02,0.000000e+00,0.000000e+00
5063,16,71707,6.937878e-04,3.905660e-03,1.000000e-02,0.000000e+00,0.000000e+00
5064,20,71727,5.836194e-04,3.869200e-03,1.000000e-02,0.000000e+00,0.000000e+00
5065,16,71743,6.538066e-04,4.018364e-03,9.799710e-03,0.000000e+00,0.000000e+00
5066,16,71759,6.538066e-04,4.154733e-03,1.009082e-02,0.000000e+00,0.000000e+00
5067,16,71775,6.538066e-04,4.153228e-03,1.053674e-02,0.000000e+00,0.000000e+00
5068,16,71791,6.538066e-04,4.118174e-03,1.274601e-02,0.000000e+00,0.000000e+00
5069,16,71807,6.538066e-04,4.102878e-03,1.283284e-02,0.000000e+00,0.000000e+00
5070,16,71823,6.538066e-04,4.040787e-03,1.124218e-02,0.000000e+00,0.000000e+00
5071,16,71839,6.538066e-04,4.035451e-03,1.131093e-02,0.000000e+00,0.000000e+00
5072,16,71855,6.538066e-04,4.137889e-03,1.113601e-02,0.000000e+00,0.000000e+00
5073,16,71871,6.538066e-04,4.263306e-03,1.232165e-02,0.000000e+00,0.000000e+00
5074,16,71887,6.538066e-04,4.144844e-03,1.047434e-02,0.000000e+00,0.000000e+00
5075,16,71903,6.538066e-04,4.154928e-03,1.510249e-02,0.000000e+00,0.000000e+00
5076,17,71920,6.538066e-04,4.240050e-03,1.177844e-02,0.000000e+00,0.000000e+00
5077,14,71934,7.394112e-04,4.004832e-03,1.000000e-02,0.000000e+00,0.000000e+00
5078,15,71949,6.692006e-04,4.233617e-03,1.029357e-02,0.000000e+00,0.000000e+00
5079,18,71967,5.891094e-04,4.061428e-03,1.140042e-02,0.000000e+00,0.000000e+00
5080,17,71984,5.891094e-04,4.389811e-03,1.269137e-02,0.000000e+00,0.000000e+00
5081,17,72001,5.891094e-04,4.245023e-03,1.000000e-02,0.000000e+00,0.000000e+00
5082,14,72015,7.689529e-04,4.215193e-03,1.089000e-02,0.000000e+00,0.000000e+00
5083,16,72031,6.329174e-04,4.044726e-03,1.091431e-02,0.000000e+00,0.000000e+00
5084,16,72047,6.329174e-04,3.951138e-03,1.317690e-02,0.000000e+00,0.000000e+00
5085,16,72063,6.329174e-04,4.105427e-03,1.021799e-02,0.000000e+00,0.000000e+00
5086,16,72079,6.329174e-04,4.057095e-03,1.142225e-02,0.000000e+00,0.000000e+00
5087,16,72095,6.329174e-04,4.090762e-03,1.317833e-02,0.000000e+00,0.000000e+00
HIST {'total_samples': 5764381, 'floor_samples': 0, 'floor_fraction': 0.0, 'saturation_depth': 0.0, 'boundaries': 5088, 'capped_boundaries': 0, 'unfinished_worlds': 0}
5088,16,72111,8.470569e-04,4.016554e-03,1.000000e-02,0.000000e+00,0.000000e+00
5089,12,72123,8.470569e-04,3.940315e-03,9.851358e-03,0.000000e+00,0.000000e+00
5090,17,72140,8.470569e-04,4.054235e-03,1.259651e-02,0.000000e+00,0.000000e+00
5091,15,72155,8.080268e-04,3.952355e-03,1.441441e-02,0.000000e+00,0.000000e+00
5092,13,72168,8.080268e-04,4.025045e-03,1.521799e-02,0.000000e+00,0.000000e+00
5093,13,72181,8.080268e-04,3.996609e-03,1.456040e-02,0.000000e+00,0.000000e+00
5094,13,72194,9.120367e-04,4.187232e-03,1.216009e-02,0.000000e+00,0.000000e+00
5095,12,72206,8.142589e-04,4.062685e-03,1.442146e-02,0.000000e+00,0.000000e+00
5096,21,72227,5.060983e-04,4.064875e-03,1.157906e-02,0.000000e+00,0.000000e+00
5097,20,72247,5.060983e-04,4.036385e-03,1.027443e-02,0.000000e+00,0.000000e+00
5098,20,72267,5.060983e-04,4.050777e-03,1.000000e-02,0.000000e+00,0.000000e+00
5099,24,72291,4.033391e-04,3.936971e-03,9.514919e-03,0.000000e+00,0.000000e+00
5100,28,72319,3.613382e-04,4.284435e-03,1.392746e-02,0.000000e+00,0.000000e+00
5101,28,72347,3.613382e-04,4.038490e-03,1.218820e-02,0.000000e+00,0.000000e+00
5102,28,72375,3.613382e-04,3.818067e-03,1.055534e-02,0.000000e+00,0.000000e+00
5103,28,72403,3.613382e-04,3.826641e-03,1.460371e-02,0.000000e+00,0.000000e+00
5104,28,72431,3.613382e-04,4.075903e-03,1.182245e-02,0.000000e+00,0.000000e+00
5105,28,72459,3.613382e-04,4.077629e-03,1.145463e-02,0.000000e+00,0.000000e+00
5106,15,72474,7.228905e-04,4.190351e-03,1.098819e-02,0.000000e+00,0.000000e+00
5107,17,72491,6.580571e-04,4.284358e-03,1.021157e-02,0.000000e+00,0.000000e+00
5108,14,72505,7.537561e-04,4.125756e-03,1.057757e-02,0.000000e+00,0.000000e+00
5109,14,72519,7.537561e-04,3.976861e-03,1.000000e-02,0.000000e+00,0.000000e+00
5110,15,72534,7.537561e-04,4.065929e-03,1.060293e-02,0.000000e+00,0.000000e+00
5111,14,72548,7.537561e-04,4.117035e-03,1.163120e-02,0.000000e+00,0.000000e+00
5112,14,72562,7.537561e-04,4.137222e-03,1.223834e-02,0.000000e+00,0.000000e+00
5113,18,72580,5.978936e-04,3.968927e-03,1.308563e-02,0.000000e+00,0.000000e+00
5114,17,72597,5.978936e-04,3.989609e-03,1.051973e-02,0.000000e+00,0.000000e+00
5115,17,72614,5.978936e-04,3.738980e-03,1.082205e-02,0.000000e+00,0.000000e+00
5116,18,72632,5.978936e-04,3.928888e-03,1.382626e-02,0.000000e+00,0.000000e+00
5117,17,72649,5.978936e-04,4.042699e-03,1.449459e-02,0.000000e+00,0.000000e+00
5118,21,72670,5.042296e-04,4.277480e-03,1.102310e-02,0.000000e+00,0.000000e+00
5119,20,72690,5.042296e-04,4.183387e-03,1.000000e-02,0.000000e+00,0.000000e+00
5120,20,72710,5.042296e-04,4.254234e-03,1.303584e-02,0.000000e+00,0.000000e+00
5121,20,72730,5.042296e-04,4.177297e-03,1.443666e-02,0.000000e+00,0.000000e+00
5122,20,72750,5.042296e-04,4.068763e-03,1.071868e-02,0.000000e+00,0.000000e+00
5123,16,72766,6.358673e-04,3.963161e-03,1.182558e-02,0.000000e+00,0.000000e+00
5124,16,72782,6.358673e-04,3.903438e-03,1.274983e-02,0.000000e+00,0.000000e+00
5125,16,72798,6.358673e-04,4.003248e-03,1.127078e-02,0.000000e+00,0.000000e+00
5126,16,72814,6.358673e-04,4.246559e-03,1.136907e-02,0.000000e+00,0.000000e+00
5127,14,72828,7.472617e-04,4.170912e-03,1.058896e-02,0.000000e+00,0.000000e+00
5128,18,72846,6.534830e-04,3.989426e-03,1.156028e-02,0.000000e+00,0.000000e+00
5129,16,72862,6.534830e-04,4.036366e-03,1.073203e-02,0.000000e+00,0.000000e+00
5130,16,72878,6.534830e-04,4.375312e-03,1.263320e-02,0.000000e+00,0.000000e+00
5131,16,72894,6.534830e-04,4.239288e-03,1.000000e-02,0.000000e+00,0.000000e+00
5132,17,72911,6.534830e-04,3.967153e-03,1.013057e-02,0.000000e+00,0.000000e+00
5133,22,72933,4.707763e-04,3.888057e-03,1.000000e-02,0.000000e+00,0.000000e+00
5134,22,72955,4.707763e-04,4.104671e-03,1.195240e-02,0.000000e+00,0.000000e+00
5135,22,72977,4.707763e-04,4.146556e-03,1.000736e-02,0.000000e+00,0.000000e+00
HIST {'total_samples': 5826150, 'floor_samples': 0, 'floor_fraction': 0.0, 'saturation_depth': 0.0, 'boundaries': 5136, 'capped_boundaries': 0, 'unfinished_worlds': 0}
5136,22,72999,4.707763e-04,4.258485e-03,1.241394e-02,0.000000e+00,0.000000e+00
5137,22,73021,4.707763e-04,4.204933e-03,1.109483e-02,0.000000e+00,0.000000e+00
5138,22,73043,5.010253e-04,4.167278e-03,1.030152e-02,0.000000e+00,0.000000e+00
5139,20,73063,5.010253e-04,4.044922e-03,1.104932e-02,0.000000e+00,0.000000e+00
5140,20,73083,5.010253e-04,4.344661e-03,1.016106e-02,0.000000e+00,0.000000e+00
5141,20,73103,5.010253e-04,4.065226e-03,1.281936e-02,0.000000e+00,0.000000e+00
5142,20,73123,5.010253e-04,4.122964e-03,1.237528e-02,0.000000e+00,0.000000e+00
5143,20,73143,5.010253e-04,4.097196e-03,1.615250e-02,0.000000e+00,0.000000e+00
5144,20,73163,5.010253e-04,4.346781e-03,1.142417e-02,0.000000e+00,0.000000e+00
5145,20,73183,5.010253e-04,4.235008e-03,1.089000e-02,0.000000e+00,0.000000e+00
5146,20,73203,5.010253e-04,4.349228e-03,1.317690e-02,0.000000e+00,0.000000e+00
5147,20,73223,5.010253e-04,4.274884e-03,1.045854e-02,0.000000e+00,0.000000e+00
5148,20,73243,5.010253e-04,4.102288e-03,1.089000e-02,0.000000e+00,0.000000e+00
5149,20,73263,5.010253e-04,4.013078e-03,1.139179e-02,0.000000e+00,0.000000e+00
5150,20,73283,5.010253e-04,3.971524e-03,1.194369e-02,0.000000e+00,0.000000e+00
5151,20,73303,5.010253e-04,4.324858e-03,1.028745e-02,0.000000e+00,0.000000e+00
5152,20,73323,5.010253e-04,4.252920e-03,1.210479e-02,0.000000e+00,0.000000e+00
5153,20,73343,5.010253e-04,4.234128e-03,1.034326e-02,0.000000e+00,0.000000e+00
5154,20,73363,5.010253e-04,4.200502e-03,1.096764e-02,0.000000e+00,0.000000e+00
5155,19,73382,6.891746e-04,4.331990e-03,9.974954e-03,0.000000e+00,0.000000e+00
5156,13,73395,7.904656e-04,4.242118e-03,1.270118e-02,0.000000e+00,0.000000e+00
5157,13,73408,8.085319e-04,4.225075e-03,1.045669e-02,0.000000e+00,0.000000e+00
5158,13,73421,8.085319e-04,3.982978e-03,1.000000e-02,0.000000e+00,0.000000e+00
5159,20,73441,7.307915e-04,4.101228e-03,9.984434e-03,0.000000e+00,0.000000e+00
5160,16,73457,7.082057e-04,4.209011e-03,1.097421e-02,0.000000e+00,0.000000e+00
5161,15,73472,7.082057e-04,4.084229e-03,1.000000e-02,0.000000e+00,0.000000e+00
5162,15,73487,7.082057e-04,4.102905e-03,1.251421e-02,0.000000e+00,0.000000e+00
5163,15,73502,7.082057e-04,4.041957e-03,1.196089e-02,0.000000e+00,0.000000e+00
5164,15,73517,7.082057e-04,3.973588e-03,9.948444e-03,0.000000e+00,0.000000e+00
5165,13,73530,8.083091e-04,4.183779e-03,1.021979e-02,0.000000e+00,0.000000e+00
5166,15,73545,8.463137e-04,4.146737e-03,1.165368e-02,0.000000e+00,0.000000e+00
5167,17,73562,7.806134e-04,4.166675e-03,1.024407e-02,0.000000e+00,0.000000e+00
5168,13,73575,7.806134e-04,4.130562e-03,1.000000e-02,0.000000e+00,0.000000e+00
5169,13,73588,7.806134e-04,4.132154e-03,1.093414e-02,0.000000e+00,0.000000e+00
5170,13,73601,7.806134e-04,3.960685e-03,1.224080e-02,0.000000e+00,0.000000e+00
5171,12,73613,8.877654e-04,3.937915e-03,1.018731e-02,0.000000e+00,0.000000e+00
5172,12,73625,8.877654e-04,4.020717e-03,1.217489e-02,0.000000e+00,0.000000e+00
5173,12,73637,8.598428e-04,3.898841e-03,1.041072e-02,0.000000e+00,0.000000e+00
5174,16,73653,6.707351e-04,3.986008e-03,1.032573e-02,0.000000e+00,0.000000e+00
5175,15,73668,6.707351e-04,3.945072e-03,1.000000e-02,0.000000e+00,0.000000e+00
5176,15,73683,6.707351e-04,3.881574e-03,1.112104e-02,0.000000e+00,0.000000e+00
5177,17,73700,6.050371e-04,3.957610e-03,1.000000e-02,0.000000e+00,0.000000e+00
5178,17,73717,6.050371e-04,4.120839e-03,1.030178e-02,0.000000e+00,0.000000e+00
5179,18,73735,6.050371e-04,4.024813e-03,1.000000e-02,0.000000e+00,0.000000e+00
5180,17,73752,6.050371e-04,4.027235e-03,1.336804e-02,0.000000e+00,0.000000e+00
5181,17,73769,6.050371e-04,4.040948e-03,1.003739e-02,0.000000e+00,0.000000e+00
5182,16,73785,6.595107e-04,4.145333e-03,1.745342e-02,0.000000e+00,0.000000e+00
5183,16,73801,6.595107e-04,4.041458e-03,1.000000e-02,0.000000e+00,0.000000e+00
HIST {'total_samples': 5887335, 'floor_samples': 0, 'floor_fraction': 0.0, 'saturation_depth': 0.0, 'boundaries': 5184, 'capped_boundaries': 0, 'unfinished_worlds': 0}
5184,16,73817,6.595107e-04,4.244906e-03,1.099419e-02,0.000000e+00,0.000000e+00
5185,12,73829,8.457916e-04,3.872015e-03,1.143922e-02,0.000000e+00,0.000000e+00
5186,12,73841,8.457916e-04,3.959313e-03,1.421705e-02,0.000000e+00,0.000000e+00
5187,12,73853,8.457916e-04,4.204379e-03,1.039573e-02,0.000000e+00,0.000000e+00
5188,12,73865,8.457916e-04,4.309615e-03,1.259012e-02,0.000000e+00,0.000000e+00
5189,12,73877,8.457916e-04,4.083698e-03,1.555150e-02,0.000000e+00,0.000000e+00
5190,15,73892,7.961656e-04,4.294435e-03,1.155770e-02,0.000000e+00,0.000000e+00
5191,13,73905,7.961656e-04,4.169194e-03,1.004060e-02,0.000000e+00,0.000000e+00
5192,19,73924,7.350210e-04,4.265884e-03,1.219688e-02,0.000000e+00,0.000000e+00
5193,14,73938,7.961656e-04,4.293798e-03,1.195939e-02,0.000000e+00,0.000000e+00
5194,19,73957,5.658917e-04,4.137905e-03,1.072675e-02,0.000000e+00,0.000000e+00
5195,18,73975,5.658917e-04,4.103739e-03,1.169575e-02,0.000000e+00,0.000000e+00
5196,18,73993,5.658917e-04,4.182450e-03,1.215921e-02,0.000000e+00,0.000000e+00
5197,18,74011,5.658917e-04,4.155464e-03,1.364772e-02,0.000000e+00,0.000000e+00
5198,17,74028,6.146116e-04,4.193640e-03,1.100458e-02,0.000000e+00,0.000000e+00
5199,17,74045,6.146116e-04,4.024642e-03,1.000000e-02,0.000000e+00,0.000000e+00
5200,17,74062,6.146116e-04,3.940871e-03,1.017253e-02,0.000000e+00,0.000000e+00
5201,18,74080,6.146116e-04,3.995106e-03,1.156546e-02,0.000000e+00,0.000000e+00
5202,17,74097,6.146116e-04,4.087310e-03,1.034347e-02,0.000000e+00,0.000000e+00
5203,24,74121,4.224373e-04,4.013630e-03,9.793192e-03,0.000000e+00,0.000000e+00
5204,24,74145,4.224373e-04,4.235993e-03,1.145536e-02,0.000000e+00,0.000000e+00
5205,24,74169,4.224373e-04,4.045591e-03,1.129529e-02,0.000000e+00,0.000000e+00
5206,24,74193,4.224373e-04,4.011017e-03,1.237122e-02,0.000000e+00,0.000000e+00
5207,22,74215,6.095293e-04,4.032985e-03,1.134566e-02,0.000000e+00,0.000000e+00
5208,19,74234,4.411097e-04,3.925784e-03,1.068224e-02,0.000000e+00,0.000000e+00
5209,23,74257,4.411097e-04,3.886513e-03,1.000000e-02,0.000000e+00,0.000000e+00
5210,23,74280,4.411097e-04,4.249738e-03,1.471799e-02,0.000000e+00,0.000000e+00
5211,23,74303,4.411097e-04,4.111258e-03,1.266977e-02,0.000000e+00,0.000000e+00
5212,23,74326,4.411097e-04,4.125330e-03,1.023064e-02,0.000000e+00,0.000000e+00
5213,23,74349,4.411097e-04,4.213045e-03,1.443706e-02,0.000000e+00,0.000000e+00
5214,23,74372,4.411097e-04,4.139973e-03,2.224935e-02,0.000000e+00,0.000000e+00
5215,23,74395,4.411097e-04,4.127829e-03,1.583524e-02,0.000000e+00,0.000000e+00
5216,17,74412,6.095293e-04,4.026774e-03,1.010095e-02,0.000000e+00,0.000000e+00
5217,21,74433,5.245541e-04,4.065102e-03,1.197900e-02,0.000000e+00,0.000000e+00
5218,20,74453,5.245541e-04,4.118615e-03,1.287825e-02,0.000000e+00,0.000000e+00
5219,20,74473,5.245541e-04,4.216897e-03,1.000000e-02,0.000000e+00,0.000000e+00
5220,20,74493,5.245541e-04,4.194326e-03,1.000000e-02,0.000000e+00,0.000000e+00
5221,20,74513,5.245541e-04,4.224969e-03,1.008966e-02,0.000000e+00,0.000000e+00
5222,20,74533,5.245541e-04,4.100003e-03,1.406802e-02,0.000000e+00,0.000000e+00
5223,20,74553,5.245541e-04,4.188447e-03,1.208114e-02,0.000000e+00,0.000000e+00
5224,20,74573,5.245541e-04,4.051141e-03,1.078423e-02,0.000000e+00,0.000000e+00
5225,20,74593,5.245541e-04,4.233934e-03,1.441820e-02,0.000000e+00,0.000000e+00
5226,20,74613,5.245541e-04,4.176608e-03,1.045591e-02,0.000000e+00,0.000000e+00
5227,20,74633,5.245541e-04,4.149341e-03,1.007719e-02,0.000000e+00,0.000000e+00
5228,14,74647,7.256961e-04,4.176755e-03,1.158150e-02,0.000000e+00,0.000000e+00
5229,14,74661,7.256961e-04,4.078450e-03,1.000000e-02,0.000000e+00,0.000000e+00
5230,14,74675,7.256961e-04,4.083386e-03,1.087433e-02,0.000000e+00,0.000000e+00
5231,15,74690,7.256961e-04,4.228516e-03,1.159281e-02,0.000000e+00,0.000000e+00
HIST {'total_samples': 5949315, 'floor_samples': 0, 'floor_fraction': 0.0, 'saturation_depth': 0.0, 'boundaries': 5232, 'capped_boundaries': 0, 'unfinished_worlds': 0}
5232,14,74704,7.256961e-04,4.192538e-03,1.064750e-02,0.000000e+00,0.000000e+00
5233,14,74718,7.285206e-04,4.342278e-03,1.100459e-02,0.000000e+00,0.000000e+00
5234,15,74733,7.205841e-04,4.160407e-03,1.000000e-02,0.000000e+00,0.000000e+00
5235,14,74747,7.285206e-04,4.035654e-03,1.012769e-02,0.000000e+00,0.000000e+00
5236,14,74761,7.285206e-04,4.050021e-03,1.126015e-02,0.000000e+00,0.000000e+00
5237,16,74777,6.790661e-04,4.108143e-03,1.050660e-02,0.000000e+00,0.000000e+00
5238,15,74792,6.790661e-04,4.179231e-03,1.091869e-02,0.000000e+00,0.000000e+00
5239,15,74807,6.790661e-04,4.215859e-03,1.115853e-02,0.000000e+00,0.000000e+00
5240,14,74821,7.343625e-04,4.195613e-03,1.000000e-02,0.000000e+00,0.000000e+00
5241,14,74835,7.343625e-04,4.228062e-03,1.036514e-02,0.000000e+00,0.000000e+00
5242,14,74849,7.343625e-04,4.207198e-03,1.209767e-02,0.000000e+00,0.000000e+00
5243,14,74863,7.343625e-04,4.270573e-03,1.330744e-02,0.000000e+00,0.000000e+00
5244,14,74877,7.343625e-04,4.140030e-03,1.185921e-02,0.000000e+00,0.000000e+00
5245,14,74891,7.343625e-04,4.198177e-03,1.231862e-02,0.000000e+00,0.000000e+00
5246,17,74908,6.697064e-04,4.217681e-03,1.000000e-02,0.000000e+00,0.000000e+00
5247,16,74924,7.268293e-04,4.178340e-03,1.105602e-02,0.000000e+00,0.000000e+00
5248,19,74943,6.095134e-04,4.296112e-03,1.201960e-02,0.000000e+00,0.000000e+00
5249,17,74960,6.095134e-04,4.341600e-03,1.236692e-02,0.000000e+00,0.000000e+00
5250,19,74979,5.856212e-04,4.078364e-03,1.133333e-02,0.000000e+00,0.000000e+00
5251,18,74997,5.856212e-04,4.240345e-03,1.152048e-02,0.000000e+00,0.000000e+00
5252,15,75012,7.418151e-04,4.141475e-03,1.107225e-02,0.000000e+00,0.000000e+00
5253,16,75028,6.718753e-04,4.194374e-03,1.034420e-02,0.000000e+00,0.000000e+00
5254,15,75043,6.718753e-04,4.136078e-03,1.358902e-02,0.000000e+00,0.000000e+00
5255,15,75058,6.718753e-04,4.256245e-03,1.089000e-02,0.000000e+00,0.000000e+00
5256,15,75073,6.718753e-04,4.106354e-03,1.036000e-02,0.000000e+00,0.000000e+00
5257,15,75088,6.718753e-04,4.031884e-03,1.339314e-02,0.000000e+00,0.000000e+00
5258,16,75104,6.718753e-04,4.095238e-03,1.403218e-02,0.000000e+00,0.000000e+00
5259,15,75119,6.718753e-04,4.026334e-03,1.197900e-02,0.000000e+00,0.000000e+00
5260,15,75134,6.718753e-04,4.158479e-03,1.191485e-02,0.000000e+00,0.000000e+00
5261,15,75149,6.718753e-04,4.189074e-03,1.000000e-02,0.000000e+00,0.000000e+00
5262,15,75164,6.718753e-04,4.181268e-03,1.219558e-02,0.000000e+00,0.000000e+00
5263,15,75179,6.718753e-04,4.179901e-03,1.077489e-02,0.000000e+00,0.000000e+00
5264,15,75194,6.718753e-04,4.242497e-03,1.089131e-02,0.000000e+00,0.000000e+00
5265,15,75209,6.718753e-04,4.160310e-03,1.024204e-02,0.000000e+00,0.000000e+00
5266,15,75224,6.718753e-04,4.208973e-03,1.245087e-02,0.000000e+00,0.000000e+00
5267,18,75242,6.518731e-04,4.063366e-03,1.144166e-02,0.000000e+00,0.000000e+00
5268,13,75255,8.371518e-04,4.135103e-03,1.258038e-02,0.000000e+00,0.000000e+00
5269,13,75268,7.632527e-04,4.134232e-03,1.443828e-02,0.000000e+00,0.000000e+00
5270,12,75280,8.367361e-04,4.153637e-03,1.261312e-02,0.000000e+00,0.000000e+00
5271,18,75298,6.091784e-04,4.117960e-03,1.000000e-02,0.000000e+00,0.000000e+00
5272,17,75315,6.091784e-04,4.104450e-03,1.045265e-02,0.000000e+00,0.000000e+00
5273,17,75332,6.091784e-04,4.055617e-03,1.137444e-02,0.000000e+00,0.000000e+00
5274,17,75349,6.091784e-04,4.135679e-03,1.136811e-02,0.000000e+00,0.000000e+00
5275,17,75366,6.091784e-04,4.026014e-03,1.131500e-02,0.000000e+00,0.000000e+00
5276,17,75383,6.091784e-04,4.052830e-03,1.131992e-02,0.000000e+00,0.000000e+00
5277,17,75400,6.091784e-04,3.966009e-03,9.800999e-03,0.000000e+00,0.000000e+00
5278,17,75417,6.091784e-04,4.118889e-03,1.025059e-02,0.000000e+00,0.000000e+00
5279,17,75434,6.091784e-04,3.870040e-03,1.108188e-02,0.000000e+00,0.000000e+00
HIST {'total_samples': 6010544, 'floor_samples': 0, 'floor_fraction': 0.0, 'saturation_depth': 0.0, 'boundaries': 5280, 'capped_boundaries': 0, 'unfinished_worlds': 0}
5280,17,75451,6.091784e-04,3.961380e-03,1.254162e-02,0.000000e+00,0.000000e+00
5281,17,75468,6.091784e-04,4.145578e-03,1.102777e-02,0.000000e+00,0.000000e+00
5282,17,75485,6.091784e-04,4.201061e-03,1.089000e-02,0.000000e+00,0.000000e+00
5283,17,75502,6.091784e-04,4.324829e-03,1.197900e-02,0.000000e+00,0.000000e+00
5284,17,75519,6.091784e-04,4.433361e-03,1.317690e-02,0.000000e+00,0.000000e+00
5285,20,75539,6.091784e-04,4.444455e-03,1.426418e-02,0.000000e+00,0.000000e+00
5286,15,75554,6.802722e-04,4.202204e-03,1.369472e-02,0.000000e+00,0.000000e+00
5287,15,75569,6.802722e-04,4.242196e-03,1.378736e-02,0.000000e+00,0.000000e+00
5288,18,75587,5.937591e-04,4.192916e-03,1.291924e-02,0.000000e+00,0.000000e+00
5289,15,75602,7.515161e-04,4.370330e-03,1.225739e-02,0.000000e+00,0.000000e+00
5290,16,75618,7.515161e-04,4.405950e-03,1.000000e-02,0.000000e+00,0.000000e+00
5291,16,75634,7.247517e-04,4.180340e-03,1.063725e-02,0.000000e+00,0.000000e+00
5292,14,75648,7.247517e-04,4.129048e-03,1.178644e-02,0.000000e+00,0.000000e+00
5293,14,75662,7.247517e-04,4.276416e-03,1.000000e-02,0.000000e+00,0.000000e+00
5294,14,75676,7.247517e-04,4.270273e-03,1.128126e-02,0.000000e+00,0.000000e+00
5295,13,75689,8.628598e-04,4.245255e-03,1.042142e-02,0.000000e+00,0.000000e+00
5296,12,75701,8.628598e-04,4.273382e-03,1.225875e-02,0.000000e+00,0.000000e+00
5297,12,75713,8.628598e-04,4.194032e-03,1.000000e-02,0.000000e+00,0.000000e+00
5298,12,75725,8.628598e-04,4.441989e-03,1.219265e-02,0.000000e+00,0.000000e+00
5299,12,75737,8.512955e-04,4.239673e-03,1.012159e-02,0.000000e+00,0.000000e+00
5300,12,75749,8.512955e-04,4.334476e-03,1.012519e-02,0.000000e+00,0.000000e+00
5301,19,75768,5.873900e-04,4.259750e-03,1.152439e-02,0.000000e+00,0.000000e+00
5302,18,75786,5.873900e-04,4.145944e-03,1.118636e-02,0.000000e+00,0.000000e+00
5303,18,75804,5.873900e-04,4.171383e-03,1.115550e-02,0.000000e+00,0.000000e+00
5304,23,75827,3.695640e-04,4.327000e-03,1.073163e-02,0.000000e+00,0.000000e+00
5305,28,75855,3.695640e-04,4.125494e-03,1.197900e-02,0.000000e+00,0.000000e+00
5306,18,75873,5.873900e-04,4.180303e-03,1.191102e-02,0.000000e+00,0.000000e+00
5307,18,75891,5.873900e-04,4.036485e-03,1.449459e-02,0.000000e+00,0.000000e+00
5308,18,75909,5.873900e-04,4.212266e-03,1.111027e-02,0.000000e+00,0.000000e+00
5309,18,75927,5.873900e-04,4.308627e-03,1.213122e-02,0.000000e+00,0.000000e+00
5310,18,75945,5.873900e-04,4.274803e-03,1.041168e-02,0.000000e+00,0.000000e+00
5311,18,75963,5.873900e-04,4.246255e-03,1.090315e-02,0.000000e+00,0.000000e+00
5312,22,75985,4.924711e-04,4.326331e-03,1.089000e-02,0.000000e+00,0.000000e+00
5313,21,76006,4.924711e-04,4.265095e-03,1.089000e-02,0.000000e+00,0.000000e+00
5314,21,76027,4.924711e-04,4.422283e-03,1.164606e-02,0.000000e+00,0.000000e+00
5315,21,76048,4.924711e-04,4.438682e-03,1.094241e-02,0.000000e+00,0.000000e+00
5316,21,76069,4.924711e-04,4.230252e-03,1.056941e-02,0.000000e+00,0.000000e+00
5317,21,76090,4.775291e-04,4.163446e-03,1.427874e-02,0.000000e+00,0.000000e+00
5318,21,76111,4.775291e-04,4.512394e-03,1.504078e-02,0.000000e+00,0.000000e+00
5319,21,76132,4.775291e-04,4.419850e-03,1.317690e-02,0.000000e+00,0.000000e+00
5320,21,76153,4.775291e-04,4.439253e-03,1.212729e-02,0.000000e+00,0.000000e+00
5321,21,76174,4.775291e-04,4.279602e-03,1.092519e-02,0.000000e+00,0.000000e+00
5322,21,76195,4.775291e-04,4.179864e-03,1.000000e-02,0.000000e+00,0.000000e+00
5323,21,76216,4.775291e-04,4.370208e-03,9.937516e-03,0.000000e+00,0.000000e+00
5324,21,76237,4.775291e-04,4.360994e-03,1.427828e-02,0.000000e+00,0.000000e+00
5325,21,76258,4.775291e-04,4.366622e-03,1.000000e-02,0.000000e+00,0.000000e+00
5326,20,76278,5.064544e-04,4.379024e-03,9.459696e-03,0.000000e+00,0.000000e+00
5327,20,76298,5.064544e-04,4.406492e-03,1.357675e-02,0.000000e+00,0.000000e+00
HIST {'total_samples': 6070515, 'floor_samples': 0, 'floor_fraction': 0.0, 'saturation_depth': 0.0, 'boundaries': 5328, 'capped_boundaries': 0, 'unfinished_worlds': 0}
5328,20,76318,5.064544e-04,4.449132e-03,1.304047e-02,0.000000e+00,0.000000e+00
5329,20,76338,5.064544e-04,4.470660e-03,1.349088e-02,0.000000e+00,0.000000e+00
5330,20,76358,5.064544e-04,4.440750e-03,1.289393e-02,0.000000e+00,0.000000e+00
5331,20,76378,5.064544e-04,4.413426e-03,1.000000e-02,0.000000e+00,0.000000e+00
5332,20,76398,5.064544e-04,4.288506e-03,1.281945e-02,0.000000e+00,0.000000e+00
5333,20,76418,5.064544e-04,4.243135e-03,1.197900e-02,0.000000e+00,0.000000e+00
5334,20,76438,5.064544e-04,4.372404e-03,1.437983e-02,0.000000e+00,0.000000e+00
5335,20,76458,5.013836e-04,4.536003e-03,1.094254e-02,0.000000e+00,0.000000e+00
5336,20,76478,5.013836e-04,4.458820e-03,1.202987e-02,0.000000e+00,0.000000e+00
5337,20,76498,5.013836e-04,4.526614e-03,1.049124e-02,0.000000e+00,0.000000e+00
5338,20,76518,5.013836e-04,4.524129e-03,1.455614e-02,0.000000e+00,0.000000e+00
5339,20,76538,5.013836e-04,4.662381e-03,1.486379e-02,0.000000e+00,0.000000e+00
5340,20,76558,5.013836e-04,4.689868e-03,1.761293e-02,0.000000e+00,0.000000e+00
5341,20,76578,5.013836e-04,4.452419e-03,1.489462e-02,0.000000e+00,0.000000e+00
5342,20,76598,5.013836e-04,4.383244e-03,1.601723e-02,0.000000e+00,0.000000e+00
5343,20,76618,5.013836e-04,4.405315e-03,1.058735e-02,0.000000e+00,0.000000e+00
5344,20,76638,5.013836e-04,4.388613e-03,1.321384e-02,0.000000e+00,0.000000e+00
5345,20,76658,5.013836e-04,4.373431e-03,1.000000e-02,0.000000e+00,0.000000e+00
5346,20,76678,5.013836e-04,4.632830e-03,1.133956e-02,0.000000e+00,0.000000e+00
5347,20,76698,5.013836e-04,4.371511e-03,1.182839e-02,0.000000e+00,0.000000e+00
5348,20,76718,5.013836e-04,4.573465e-03,1.095137e-02,0.000000e+00,0.000000e+00
5349,20,76738,5.013836e-04,4.435257e-03,1.188831e-02,0.000000e+00,0.000000e+00
5350,18,76756,8.323037e-04,4.546328e-03,1.252839e-02,0.000000e+00,0.000000e+00
5351,13,76769,8.323037e-04,4.494268e-03,1.089666e-02,0.000000e+00,0.000000e+00
5352,14,76783,7.897496e-04,4.419432e-03,1.626655e-02,0.000000e+00,0.000000e+00
5353,13,76796,7.897496e-04,4.324187e-03,1.789320e-02,0.000000e+00,0.000000e+00
5354,15,76811,8.249885e-04,4.473323e-03,1.683305e-02,0.000000e+00,0.000000e+00
5355,21,76832,7.040823e-04,4.504700e-03,1.284167e-02,0.000000e+00,0.000000e+00
5356,15,76847,7.040823e-04,4.435219e-03,1.338227e-02,0.000000e+00,0.000000e+00
5357,15,76862,7.040823e-04,4.435392e-03,1.254901e-02,0.000000e+00,0.000000e+00
5358,15,76877,7.040823e-04,4.655407e-03,1.234378e-02,0.000000e+00,0.000000e+00
5359,15,76892,7.040823e-04,4.657370e-03,1.056799e-02,0.000000e+00,0.000000e+00
5360,15,76907,7.040823e-04,4.704444e-03,1.238925e-02,0.000000e+00,0.000000e+00
5361,18,76925,5.994838e-04,4.496589e-03,1.000000e-02,0.000000e+00,0.000000e+00
5362,17,76942,5.994838e-04,4.403345e-03,1.209807e-02,0.000000e+00,0.000000e+00
5363,15,76957,7.040823e-04,4.440548e-03,1.187602e-02,0.000000e+00,0.000000e+00
5364,15,76972,7.040823e-04,4.401179e-03,1.405929e-02,0.000000e+00,0.000000e+00
5365,15,76987,7.473560e-04,4.396183e-03,1.365521e-02,0.000000e+00,0.000000e+00
5366,15,77002,7.473560e-04,4.322685e-03,1.317690e-02,0.000000e+00,0.000000e+00
5367,14,77016,7.473560e-04,4.355060e-03,1.052981e-02,0.000000e+00,0.000000e+00
5368,14,77030,7.473560e-04,4.433274e-03,1.256295e-02,0.000000e+00,0.000000e+00
5369,14,77044,7.473560e-04,4.429600e-03,1.371271e-02,0.000000e+00,0.000000e+00
5370,14,77058,7.473560e-04,4.461901e-03,1.740213e-02,0.000000e+00,0.000000e+00
5371,14,77072,7.473560e-04,4.296313e-03,1.028884e-02,0.000000e+00,0.000000e+00
5372,14,77086,6.853715e-04,4.271137e-03,1.415336e-02,0.000000e+00,0.000000e+00
5373,14,77100,7.473560e-04,4.141870e-03,1.197900e-02,0.000000e+00,0.000000e+00
5374,12,77112,8.435950e-04,4.317774e-03,1.415655e-02,0.000000e+00,0.000000e+00
5375,14,77126,7.766892e-04,4.194470e-03,1.098204e-02,0.000000e+00,0.000000e+00
HIST {'total_samples': 6127688, 'floor_samples': 0, 'floor_fraction': 0.0, 'saturation_depth': 0.0, 'boundaries': 5376, 'capped_boundaries': 0, 'unfinished_worlds': 0}
5376,16,77142,7.239970e-04,4.179700e-03,1.306836e-02,0.000000e+00,0.000000e+00
5377,14,77156,7.239970e-04,4.189134e-03,1.272499e-02,0.000000e+00,0.000000e+00
5378,14,77170,7.239970e-04,4.425670e-03,1.449161e-02,0.000000e+00,0.000000e+00
5379,14,77184,7.239970e-04,4.266551e-03,1.204006e-02,0.000000e+00,0.000000e+00
5380,14,77198,7.239970e-04,4.175793e-03,1.288423e-02,0.000000e+00,0.000000e+00
5381,19,77217,5.720751e-04,4.173929e-03,1.199730e-02,0.000000e+00,0.000000e+00
5382,18,77235,5.720751e-04,4.215723e-03,1.545158e-02,0.000000e+00,0.000000e+00
5383,18,77253,5.720751e-04,4.176528e-03,1.475906e-02,0.000000e+00,0.000000e+00
5384,18,77271,5.720751e-04,4.306271e-03,1.638157e-02,0.000000e+00,0.000000e+00
5385,18,77289,5.789053e-04,4.222922e-03,1.178218e-02,0.000000e+00,0.000000e+00
5386,18,77307,5.789053e-04,4.137057e-03,1.594405e-02,0.000000e+00,0.000000e+00
5387,18,77325,5.789053e-04,4.134715e-03,1.518053e-02,0.000000e+00,0.000000e+00
5388,18,77343,5.789053e-04,4.366134e-03,1.130627e-02,0.000000e+00,0.000000e+00
5389,18,77361,5.789053e-04,4.092253e-03,1.257423e-02,0.000000e+00,0.000000e+00
5390,17,77378,8.407623e-04,4.302160e-03,1.270040e-02,0.000000e+00,0.000000e+00
5391,18,77396,6.488762e-04,4.287699e-03,1.290736e-02,0.000000e+00,0.000000e+00
5392,16,77412,6.996256e-04,4.049453e-03,1.077169e-02,0.000000e+00,0.000000e+00
5393,15,77427,6.996256e-04,4.147738e-03,1.091861e-02,0.000000e+00,0.000000e+00
5394,18,77445,6.221419e-04,4.165587e-03,1.184150e-02,0.000000e+00,0.000000e+00
5395,17,77462,6.221419e-04,4.176770e-03,1.268798e-02,0.000000e+00,0.000000e+00
5396,17,77479,6.221419e-04,4.209207e-03,1.420119e-02,0.000000e+00,0.000000e+00
5397,17,77496,6.221419e-04,4.266709e-03,1.104031e-02,0.000000e+00,0.000000e+00
5398,17,77513,6.221419e-04,4.283633e-03,1.092099e-02,0.000000e+00,0.000000e+00
5399,17,77530,6.221419e-04,4.219874e-03,1.128703e-02,0.000000e+00,0.000000e+00
5400,13,77543,8.356908e-04,4.227923e-03,1.428519e-02,0.000000e+00,0.000000e+00
5401,15,77558,7.501523e-04,4.189379e-03,1.000000e-02,0.000000e+00,0.000000e+00
5402,19,77577,5.619017e-04,4.132093e-03,1.089451e-02,0.000000e+00,0.000000e+00
5403,12,77589,8.491817e-04,4.139084e-03,1.000000e-02,0.000000e+00,0.000000e+00
5404,12,77601,8.229670e-04,4.337393e-03,1.154865e-02,0.000000e+00,0.000000e+00
5405,13,77614,8.229670e-04,4.345022e-03,1.246227e-02,0.000000e+00,0.000000e+00
5406,16,77630,6.860386e-04,4.231035e-03,1.089000e-02,0.000000e+00,0.000000e+00
5407,15,77645,6.860386e-04,4.124839e-03,1.027019e-02,0.000000e+00,0.000000e+00
5408,15,77660,6.860386e-04,4.306857e-03,1.153918e-02,0.000000e+00,0.000000e+00
5409,15,77675,6.860386e-04,4.204622e-03,1.304200e-02,0.000000e+00,0.000000e+00
5410,14,77689,7.741114e-04,4.275088e-03,1.089296e-02,0.000000e+00,0.000000e+00
5411,13,77702,7.267745e-04,4.069109e-03,1.108574e-02,0.000000e+00,0.000000e+00
5412,14,77716,7.267745e-04,4.274919e-03,1.097464e-02,0.000000e+00,0.000000e+00
5413,14,77730,7.267745e-04,4.139580e-03,1.229241e-02,0.000000e+00,0.000000e+00
5414,13,77743,9.204106e-04,4.069573e-03,1.044450e-02,0.000000e+00,0.000000e+00
5415,12,77755,9.204106e-04,4.070282e-03,1.167878e-02,0.000000e+00,0.000000e+00
5416,12,77767,9.204106e-04,4.225531e-03,1.252024e-02,0.000000e+00,0.000000e+00
5417,14,77781,8.954983e-04,4.207056e-03,1.016453e-02,0.000000e+00,0.000000e+00
5418,12,77793,8.954983e-04,4.138759e-03,1.260519e-02,0.000000e+00,0.000000e+00
5419,11,77804,9.204106e-04,4.122467e-03,1.000000e-02,0.000000e+00,0.000000e+00
5420,11,77815,9.204106e-04,4.218654e-03,1.348551e-02,0.000000e+00,0.000000e+00
5421,15,77830,7.481432e-04,4.255597e-03,1.000000e-02,0.000000e+00,0.000000e+00
5422,12,77842,8.354908e-04,4.334830e-03,1.071189e-02,0.000000e+00,0.000000e+00
5423,12,77854,7.839391e-04,4.214468e-03,1.055588e-02,0.000000e+00,0.000000e+00
HIST {'total_samples': 6187427, 'floor_samples': 0, 'floor_fraction': 0.0, 'saturation_depth': 0.0, 'boundaries': 5424, 'capped_boundaries': 0, 'unfinished_worlds': 0}
5424,14,77868,7.839391e-04,4.462829e-03,1.161147e-02,0.000000e+00,0.000000e+00
5425,13,77881,7.839391e-04,4.333682e-03,1.032167e-02,0.000000e+00,0.000000e+00
5426,13,77894,7.839391e-04,4.305401e-03,1.135384e-02,0.000000e+00,0.000000e+00
5427,14,77908,6.758852e-04,4.360188e-03,1.072605e-02,0.000000e+00,0.000000e+00
5428,15,77923,6.758852e-04,4.372333e-03,1.004141e-02,0.000000e+00,0.000000e+00
5429,15,77938,6.758852e-04,4.329629e-03,1.001603e-02,0.000000e+00,0.000000e+00
5430,19,77957,6.138284e-04,4.361481e-03,1.117282e-02,0.000000e+00,0.000000e+00
5431,17,77974,6.138284e-04,4.218811e-03,1.083871e-02,0.000000e+00,0.000000e+00
5432,21,77995,5.072319e-04,4.437417e-03,1.174965e-02,0.000000e+00,0.000000e+00
5433,20,78015,5.072319e-04,4.225825e-03,1.087248e-02,0.000000e+00,0.000000e+00
5434,15,78030,6.758852e-04,4.244657e-03,1.248158e-02,0.000000e+00,0.000000e+00
5435,15,78045,6.758852e-04,4.408160e-03,1.152530e-02,0.000000e+00,0.000000e+00
5436,15,78060,6.758852e-04,4.416877e-03,1.198594e-02,0.000000e+00,0.000000e+00
5437,15,78075,6.758852e-04,4.258668e-03,1.000000e-02,0.000000e+00,0.000000e+00
5438,15,78090,6.758852e-04,4.190368e-03,1.056448e-02,0.000000e+00,0.000000e+00
5439,15,78105,6.758852e-04,4.254630e-03,1.000000e-02,0.000000e+00,0.000000e+00
5440,15,78120,6.758852e-04,4.243564e-03,1.242965e-02,0.000000e+00,0.000000e+00
5441,15,78135,6.758852e-04,4.369233e-03,1.230709e-02,0.000000e+00,0.000000e+00
5442,14,78149,7.627524e-04,4.469517e-03,1.000000e-02,0.000000e+00,0.000000e+00
5443,14,78163,7.627524e-04,4.322201e-03,1.094948e-02,0.000000e+00,0.000000e+00
5444,14,78177,7.627524e-04,4.350863e-03,1.000000e-02,0.000000e+00,0.000000e+00
5445,14,78191,7.627524e-04,4.433508e-03,1.115136e-02,0.000000e+00,0.000000e+00
5446,14,78205,7.627524e-04,4.448903e-03,1.198739e-02,0.000000e+00,0.000000e+00
5447,14,78219,7.627524e-04,4.347334e-03,1.036054e-02,0.000000e+00,0.000000e+00
5448,15,78234,7.358295e-04,4.335263e-03,1.727513e-02,0.000000e+00,0.000000e+00
5449,14,78248,7.358295e-04,4.199465e-03,1.064603e-02,0.000000e+00,0.000000e+00
5450,19,78267,5.863796e-04,4.221857e-03,1.579751e-02,0.000000e+00,0.000000e+00
5451,18,78285,5.863796e-04,4.300280e-03,1.105555e-02,0.000000e+00,0.000000e+00
5452,18,78303,5.863796e-04,4.382399e-03,1.359418e-02,0.000000e+00,0.000000e+00
5453,18,78321,5.863796e-04,4.260886e-03,1.006259e-02,0.000000e+00,0.000000e+00
5454,18,78339,5.863796e-04,4.224664e-03,1.134187e-02,0.000000e+00,0.000000e+00
5455,18,78357,5.863796e-04,4.216135e-03,1.043270e-02,0.000000e+00,0.000000e+00
5456,18,78375,5.863796e-04,4.314700e-03,1.000000e-02,0.000000e+00,0.000000e+00
5457,18,78393,5.863796e-04,4.351192e-03,1.035929e-02,0.000000e+00,0.000000e+00
5458,20,78413,7.244422e-04,4.517987e-03,1.172217e-02,0.000000e+00,0.000000e+00
5459,14,78427,7.244422e-04,4.483764e-03,1.000000e-02,0.000000e+00,0.000000e+00
5460,14,78441,7.244422e-04,4.269847e-03,1.182810e-02,0.000000e+00,0.000000e+00
5461,14,78455,7.244422e-04,4.289982e-03,1.142867e-02,0.000000e+00,0.000000e+00
5462,14,78469,7.678841e-04,4.424951e-03,1.404177e-02,0.000000e+00,0.000000e+00
5463,19,78488,5.925949e-04,4.378223e-03,1.000000e-02,0.000000e+00,0.000000e+00
5464,17,78505,5.925949e-04,4.397479e-03,1.197900e-02,0.000000e+00,0.000000e+00
5465,17,78522,5.925949e-04,4.311108e-03,1.000000e-02,0.000000e+00,0.000000e+00
5466,17,78539,5.925949e-04,4.504666e-03,1.039184e-02,0.000000e+00,0.000000e+00
5467,17,78556,7.298847e-04,4.324198e-03,1.049027e-02,0.000000e+00,0.000000e+00
5468,14,78570,7.298847e-04,4.363243e-03,1.182916e-02,0.000000e+00,0.000000e+00
5469,20,78590,5.437300e-04,4.371589e-03,1.052541e-02,0.000000e+00,0.000000e+00
5470,19,78609,5.437300e-04,4.462739e-03,1.334392e-02,0.000000e+00,0.000000e+00
5471,19,78628,5.437300e-04,4.517888e-03,1.258130e-02,0.000000e+00,0.000000e+00
HIST {'total_samples': 6245875, 'floor_samples': 0, 'floor_fraction': 0.0, 'saturation_depth': 0.0, 'boundaries': 5472, 'capped_boundaries': 0, 'unfinished_worlds': 0}
5472,19,78647,5.437300e-04,4.679875e-03,1.495814e-02,0.000000e+00,0.000000e+00
5473,22,78669,5.368318e-04,4.471397e-03,1.264807e-02,0.000000e+00,0.000000e+00
5474,19,78688,5.368318e-04,4.362969e-03,1.349574e-02,0.000000e+00,0.000000e+00
5475,19,78707,5.368318e-04,4.295036e-03,1.197900e-02,0.000000e+00,0.000000e+00
5476,19,78726,5.368318e-04,4.370441e-03,1.101861e-02,0.000000e+00,0.000000e+00
5477,19,78745,5.368318e-04,4.355309e-03,1.115845e-02,0.000000e+00,0.000000e+00
5478,19,78764,5.368318e-04,4.523451e-03,1.642705e-02,0.000000e+00,0.000000e+00
5479,19,78783,5.437300e-04,4.474813e-03,1.231550e-02,0.000000e+00,0.000000e+00
5480,19,78802,5.437300e-04,4.443579e-03,1.237353e-02,0.000000e+00,0.000000e+00
5481,19,78821,5.437300e-04,4.364985e-03,1.000310e-02,0.000000e+00,0.000000e+00
5482,19,78840,5.437300e-04,4.248088e-03,1.319436e-02,0.000000e+00,0.000000e+00
5483,14,78854,7.491477e-04,4.289455e-03,1.403448e-02,0.000000e+00,0.000000e+00
5484,14,78868,5.485041e-04,4.415247e-03,1.246566e-02,0.000000e+00,0.000000e+00
5485,14,78882,7.491477e-04,4.322520e-03,1.022788e-02,0.000000e+00,0.000000e+00
5486,19,78901,5.819326e-04,4.546287e-03,1.353399e-02,0.000000e+00,0.000000e+00
5487,18,78919,5.819326e-04,4.492951e-03,1.323602e-02,0.000000e+00,0.000000e+00
5488,18,78937,5.633702e-04,4.437181e-03,1.326818e-02,0.000000e+00,0.000000e+00
5489,21,78958,4.835437e-04,4.231884e-03,1.000000e-02,0.000000e+00,0.000000e+00
5490,21,78979,4.835437e-04,4.379145e-03,1.142990e-02,0.000000e+00,0.000000e+00
5491,21,79000,4.835437e-04,4.463563e-03,1.000000e-02,0.000000e+00,0.000000e+00
5492,21,79021,4.835437e-04,4.423400e-03,1.190104e-02,0.000000e+00,0.000000e+00
5493,21,79042,4.835437e-04,4.297016e-03,1.025626e-02,0.000000e+00,0.000000e+00
5494,21,79063,4.835437e-04,4.371757e-03,1.267985e-02,0.000000e+00,0.000000e+00
5495,21,79084,4.835437e-04,4.341657e-03,1.056446e-02,0.000000e+00,0.000000e+00
5496,21,79105,4.835437e-04,4.351844e-03,1.110157e-02,0.000000e+00,0.000000e+00
5497,21,79126,4.835437e-04,4.391846e-03,1.221173e-02,0.000000e+00,0.000000e+00
5498,21,79147,4.835437e-04,4.507890e-03,1.343290e-02,0.000000e+00,0.000000e+00
5499,21,79168,4.835437e-04,4.446358e-03,1.477619e-02,0.000000e+00,0.000000e+00
5500,21,79189,4.835437e-04,4.522990e-03,1.317690e-02,0.000000e+00,0.000000e+00
5501,21,79210,4.835437e-04,4.231331e-03,1.174485e-02,0.000000e+00,0.000000e+00
5502,21,79231,4.835437e-04,4.281846e-03,1.197900e-02,0.000000e+00,0.000000e+00
5503,21,79252,4.682308e-04,4.199608e-03,1.169598e-02,0.000000e+00,0.000000e+00
5504,22,79274,4.682308e-04,4.549927e-03,1.344811e-02,0.000000e+00,0.000000e+00
5505,22,79296,4.682308e-04,4.486735e-03,1.247931e-02,0.000000e+00,0.000000e+00
5506,21,79317,4.835437e-04,4.635938e-03,1.447972e-02,0.000000e+00,0.000000e+00
5507,13,79330,8.158938e-04,4.465568e-03,1.361450e-02,0.000000e+00,0.000000e+00
5508,12,79342,8.476346e-04,4.409191e-03,1.213603e-02,0.000000e+00,0.000000e+00
5509,13,79355,8.476346e-04,4.188372e-03,1.000000e-02,0.000000e+00,0.000000e+00
5510,17,79372,6.837515e-04,4.114653e-03,1.000000e-02,0.000000e+00,0.000000e+00
5511,15,79387,6.837515e-04,4.109946e-03,1.157670e-02,0.000000e+00,0.000000e+00
5512,19,79406,5.577911e-04,4.019010e-03,1.270557e-02,0.000000e+00,0.000000e+00
5513,18,79424,5.577911e-04,3.890884e-03,1.089000e-02,0.000000e+00,0.000000e+00
5514,15,79439,6.837515e-04,4.142937e-03,1.149934e-02,0.000000e+00,0.000000e+00
5515,18,79457,6.231842e-04,4.250311e-03,1.050436e-02,0.000000e+00,0.000000e+00
5516,17,79474,6.231842e-04,4.258457e-03,1.065452e-02,0.000000e+00,0.000000e+00
5517,17,79491,6.231842e-04,4.158518e-03,1.007743e-02,0.000000e+00,0.000000e+00
5518,19,79510,5.682012e-04,4.188593e-03,1.108517e-02,0.000000e+00,0.000000e+00
5519,18,79528,5.682012e-04,3.986496e-03,1.076174e-02,0.000000e+00,0.000000e+00
HIST {'total_samples': 6304891, 'floor_samples': 0, 'floor_fraction': 0.0, 'saturation_depth': 0.0, 'boundaries': 5520, 'capped_boundaries': 0, 'unfinished_worlds': 0}
5520,18,79546,5.682012e-04,4.090490e-03,1.000000e-02,0.000000e+00,0.000000e+00
5521,18,79564,5.682012e-04,4.176483e-03,1.012082e-02,0.000000e+00,0.000000e+00
5522,18,79582,5.682012e-04,4.252284e-03,1.415508e-02,0.000000e+00,0.000000e+00
5523,18,79600,5.682012e-04,4.237660e-03,1.034609e-02,0.000000e+00,0.000000e+00
5524,15,79615,6.724223e-04,4.009005e-03,1.017534e-02,0.000000e+00,0.000000e+00
5525,23,79638,4.731160e-04,4.194853e-03,1.197900e-02,0.000000e+00,0.000000e+00
5526,22,79660,4.731160e-04,4.174781e-03,1.079076e-02,0.000000e+00,0.000000e+00
5527,22,79682,4.731160e-04,4.259281e-03,9.882309e-03,0.000000e+00,0.000000e+00
5528,22,79704,4.731160e-04,4.085274e-03,1.000000e-02,0.000000e+00,0.000000e+00
5529,22,79726,4.731160e-04,4.230630e-03,1.124324e-02,0.000000e+00,0.000000e+00
5530,22,79748,4.731160e-04,3.985435e-03,1.133059e-02,0.000000e+00,0.000000e+00
5531,22,79770,4.731160e-04,3.897549e-03,1.000000e-02,0.000000e+00,0.000000e+00
5532,22,79792,4.731160e-04,4.104429e-03,1.016703e-02,0.000000e+00,0.000000e+00
5533,22,79814,4.731160e-04,4.126748e-03,1.109458e-02,0.000000e+00,0.000000e+00
5534,22,79836,4.731160e-04,4.050534e-03,1.047176e-02,0.000000e+00,0.000000e+00
5535,22,79858,4.731160e-04,4.077424e-03,1.052070e-02,0.000000e+00,0.000000e+00
5536,22,79880,4.731160e-04,4.183366e-03,9.975332e-03,0.000000e+00,0.000000e+00
5537,22,79902,4.731160e-04,4.111372e-03,1.215702e-02,0.000000e+00,0.000000e+00
5538,22,79924,4.731160e-04,4.298043e-03,1.049251e-02,0.000000e+00,0.000000e+00
5539,22,79946,4.731160e-04,4.054996e-03,1.000000e-02,0.000000e+00,0.000000e+00
5540,22,79968,4.731160e-04,3.980448e-03,1.082622e-02,0.000000e+00,0.000000e+00
5541,22,79990,4.731160e-04,3.998989e-03,1.089000e-02,0.000000e+00,0.000000e+00
5542,22,80012,4.731160e-04,4.202616e-03,1.121340e-02,0.000000e+00,0.000000e+00
5543,22,80034,4.731160e-04,4.043628e-03,1.083256e-02,0.000000e+00,0.000000e+00
5544,18,80052,5.733461e-04,3.957823e-03,1.089051e-02,0.000000e+00,0.000000e+00
5545,18,80070,5.733461e-04,4.140559e-03,1.282885e-02,0.000000e+00,0.000000e+00
5546,18,80088,5.733461e-04,4.100319e-03,1.188888e-02,0.000000e+00,0.000000e+00
5547,20,80108,5.333971e-04,4.205288e-03,1.258006e-02,0.000000e+00,0.000000e+00
5548,19,80127,5.333971e-04,4.176891e-03,1.094200e-02,0.000000e+00,0.000000e+00
5549,19,80146,5.333971e-04,4.123994e-03,1.173965e-02,0.000000e+00,0.000000e+00
5550,19,80165,5.333971e-04,4.068675e-03,1.253925e-02,0.000000e+00,0.000000e+00
5551,19,80184,5.333971e-04,3.813350e-03,1.178138e-02,0.000000e+00,0.000000e+00
5552,19,80203,7.232631e-04,3.930526e-03,1.015432e-02,0.000000e+00,0.000000e+00
5553,16,80219,6.789974e-04,3.976641e-03,1.070239e-02,0.000000e+00,0.000000e+00
5554,15,80234,6.789974e-04,4.060036e-03,1.160659e-02,0.000000e+00,0.000000e+00
5555,26,80260,4.068521e-04,4.178276e-03,1.276725e-02,0.000000e+00,0.000000e+00
5556,25,80285,4.068521e-04,4.141514e-03,1.085690e-02,0.000000e+00,0.000000e+00
5557,25,80310,4.068521e-04,4.142482e-03,1.037069e-02,0.000000e+00,0.000000e+00
5558,25,80335,4.068521e-04,4.111817e-03,1.019390e-02,0.000000e+00,0.000000e+00
5559,25,80360,4.068521e-04,3.890273e-03,9.090757e-03,0.000000e+00,0.000000e+00
5560,25,80385,4.068521e-04,4.105754e-03,1.033517e-02,0.000000e+00,0.000000e+00
5561,25,80410,4.068521e-04,4.253311e-03,1.148253e-02,0.000000e+00,0.000000e+00
5562,16,80426,6.638778e-04,4.319948e-03,1.099199e-02,0.000000e+00,0.000000e+00
5563,13,80439,8.247387e-04,4.115467e-03,1.080097e-02,0.000000e+00,0.000000e+00
5564,13,80452,8.247387e-04,4.286482e-03,2.248474e-02,0.000000e+00,0.000000e+00
5565,13,80465,8.247387e-04,4.183553e-03,1.248659e-02,0.000000e+00,0.000000e+00
5566,15,80480,7.129759e-04,4.259833e-03,1.382848e-02,0.000000e+00,0.000000e+00
5567,15,80495,7.129759e-04,4.191093e-03,1.000000e-02,0.000000e+00,0.000000e+00
HIST {'total_samples': 6366069, 'floor_samples': 0, 'floor_fraction': 0.0, 'saturation_depth': 0.0, 'boundaries': 5568, 'capped_boundaries': 0, 'unfinished_worlds': 0}
5568,15,80510,7.129759e-04,4.364841e-03,1.060818e-02,0.000000e+00,0.000000e+00
5569,15,80525,7.129759e-04,4.174102e-03,1.177424e-02,0.000000e+00,0.000000e+00
5570,15,80540,7.665799e-04,4.335702e-03,1.224657e-02,0.000000e+00,0.000000e+00
5571,14,80554,7.665799e-04,4.335647e-03,1.000000e-02,0.000000e+00,0.000000e+00
5572,15,80569,7.665799e-04,4.285214e-03,1.340224e-02,0.000000e+00,0.000000e+00
5573,14,80583,7.665799e-04,4.218406e-03,1.226078e-02,0.000000e+00,0.000000e+00
5574,14,80597,7.665799e-04,4.184362e-03,1.415127e-02,0.000000e+00,0.000000e+00
5575,14,80611,7.665799e-04,4.122037e-03,1.135253e-02,0.000000e+00,0.000000e+00
5576,16,80627,7.665799e-04,4.131811e-03,1.123902e-02,0.000000e+00,0.000000e+00
5577,14,80641,7.685419e-04,3.881866e-03,1.000000e-02,0.000000e+00,0.000000e+00
5578,17,80658,6.580353e-04,4.067530e-03,1.257579e-02,0.000000e+00,0.000000e+00
5579,16,80674,6.580353e-04,4.079075e-03,1.000000e-02,0.000000e+00,0.000000e+00
5580,16,80690,6.580353e-04,4.134850e-03,1.276649e-02,0.000000e+00,0.000000e+00
5581,23,80713,4.697268e-04,4.076594e-03,1.014613e-02,0.000000e+00,0.000000e+00
5582,22,80735,4.697268e-04,4.466601e-03,1.739332e-02,0.000000e+00,0.000000e+00
5583,22,80757,4.697268e-04,4.289652e-03,1.161812e-02,0.000000e+00,0.000000e+00
5584,15,80772,6.862328e-04,4.432444e-03,1.000000e-02,0.000000e+00,0.000000e+00
5585,16,80788,6.862328e-04,4.502997e-03,1.268750e-02,0.000000e+00,0.000000e+00
5586,15,80803,6.862328e-04,4.475861e-03,1.147635e-02,0.000000e+00,0.000000e+00
5587,15,80818,6.862328e-04,4.537117e-03,1.214042e-02,0.000000e+00,0.000000e+00
5588,15,80833,6.862328e-04,4.556159e-03,1.607278e-02,0.000000e+00,0.000000e+00
5589,15,80848,6.862328e-04,4.321393e-03,1.340615e-02,0.000000e+00,0.000000e+00
5590,15,80863,6.862328e-04,4.304927e-03,1.443248e-02,0.000000e+00,0.000000e+00
5591,15,80878,6.862328e-04,4.392748e-03,1.015076e-02,0.000000e+00,0.000000e+00
5592,12,80890,8.635003e-04,4.298740e-03,1.201466e-02,0.000000e+00,0.000000e+00
5593,15,80905,7.347508e-04,4.379312e-03,1.086278e-02,0.000000e+00,0.000000e+00
5594,14,80919,7.347508e-04,4.290277e-03,1.280076e-02,0.000000e+00,0.000000e+00
5595,14,80933,7.843242e-04,4.270326e-03,1.015666e-02,0.000000e+00,0.000000e+00
5596,13,80946,7.843242e-04,4.101126e-03,1.089000e-02,0.000000e+00,0.000000e+00
5597,14,80960,7.843242e-04,4.384232e-03,1.356445e-02,0.000000e+00,0.000000e+00
5598,26,80986,4.136361e-04,4.199439e-03,1.293828e-02,0.000000e+00,0.000000e+00
5599,25,81011,4.136361e-04,4.182043e-03,1.110298e-02,0.000000e+00,0.000000e+00
5600,25,81036,4.136361e-04,4.053497e-03,1.317690e-02,0.000000e+00,0.000000e+00
5601,25,81061,4.136361e-04,4.230651e-03,1.018454e-02,0.000000e+00,0.000000e+00
5602,25,81086,4.136361e-04,4.092403e-03,1.549818e-02,0.000000e+00,0.000000e+00
5603,25,81111,4.136361e-04,4.021512e-03,1.164366e-02,0.000000e+00,0.000000e+00
5604,25,81136,4.136361e-04,3.975966e-03,1.000000e-02,0.000000e+00,0.000000e+00
5605,25,81161,4.136361e-04,3.806079e-03,1.228123e-02,0.000000e+00,0.000000e+00
5606,25,81186,4.136361e-04,3.944892e-03,1.000000e-02,0.000000e+00,0.000000e+00
5607,18,81204,5.881934e-04,4.109242e-03,1.227688e-02,0.000000e+00,0.000000e+00
5608,19,81223,4.346209e-04,4.027178e-03,1.107480e-02,0.000000e+00,0.000000e+00
5609,24,81247,4.346209e-04,4.118063e-03,1.000000e-02,0.000000e+00,0.000000e+00
5610,24,81271,4.346209e-04,4.125352e-03,1.016274e-02,0.000000e+00,0.000000e+00
5611,31,81302,3.177962e-04,4.219102e-03,2.100878e-02,0.000000e+00,0.000000e+00
5612,32,81334,3.177962e-04,4.513221e-03,1.150605e-02,0.000000e+00,0.000000e+00
5613,32,81366,3.177962e-04,4.079984e-03,1.093963e-02,0.000000e+00,0.000000e+00
5614,32,81398,3.177962e-04,4.241684e-03,1.101898e-02,0.000000e+00,0.000000e+00
5615,32,81430,3.177962e-04,4.027196e-03,1.298617e-02,0.000000e+00,0.000000e+00
HIST {'total_samples': 6425562, 'floor_samples': 0, 'floor_fraction': 0.0, 'saturation_depth': 0.0, 'boundaries': 5616, 'capped_boundaries': 0, 'unfinished_worlds': 0}
5616,32,81462,3.177962e-04,4.267417e-03,1.089000e-02,0.000000e+00,0.000000e+00
5617,32,81494,3.177962e-04,4.146887e-03,1.047931e-02,0.000000e+00,0.000000e+00
5618,32,81526,3.177962e-04,4.256725e-03,1.089000e-02,0.000000e+00,0.000000e+00
5619,32,81558,3.177962e-04,4.194933e-03,1.197900e-02,0.000000e+00,0.000000e+00
5620,32,81590,3.177962e-04,4.155358e-03,1.089000e-02,0.000000e+00,0.000000e+00
5621,32,81622,3.177962e-04,4.087888e-03,1.000000e-02,0.000000e+00,0.000000e+00
5622,19,81641,6.920677e-04,4.226943e-03,1.112853e-02,0.000000e+00,0.000000e+00
5623,15,81656,6.920677e-04,4.333484e-03,1.172888e-02,0.000000e+00,0.000000e+00
5624,13,81669,7.767254e-04,4.356119e-03,1.157092e-02,0.000000e+00,0.000000e+00
5625,13,81682,7.767254e-04,4.315640e-03,1.056742e-02,0.000000e+00,0.000000e+00
5626,13,81695,7.767254e-04,4.354176e-03,1.449459e-02,0.000000e+00,0.000000e+00
5627,22,81717,6.504146e-04,4.245990e-03,1.000000e-02,0.000000e+00,0.000000e+00
5628,15,81732,7.841229e-04,4.136926e-03,1.115067e-02,0.000000e+00,0.000000e+00
5629,26,81758,4.119626e-04,4.334662e-03,1.068095e-02,0.000000e+00,0.000000e+00
5630,15,81773,7.663275e-04,4.450181e-03,1.044648e-02,0.000000e+00,0.000000e+00
5631,13,81786,7.938254e-04,4.233025e-03,1.262347e-02,0.000000e+00,0.000000e+00
5632,13,81799,7.938254e-04,4.495203e-03,1.133968e-02,0.000000e+00,0.000000e+00
5633,13,81812,7.938254e-04,4.560127e-03,2.001220e-02,0.000000e+00,0.000000e+00
5634,13,81825,7.938254e-04,4.575991e-03,1.342866e-02,0.000000e+00,0.000000e+00
5635,13,81838,7.938254e-04,4.498987e-03,1.211591e-02,0.000000e+00,0.000000e+00
5636,13,81851,8.526475e-04,4.528771e-03,1.156268e-02,0.000000e+00,0.000000e+00
5637,13,81864,8.526475e-04,4.406969e-03,1.678935e-02,0.000000e+00,0.000000e+00
5638,15,81879,7.967797e-04,4.443212e-03,1.072555e-02,0.000000e+00,0.000000e+00
5639,13,81892,7.967797e-04,4.237778e-03,1.257783e-02,0.000000e+00,0.000000e+00
5640,12,81904,8.560023e-04,4.307588e-03,1.104724e-02,0.000000e+00,0.000000e+00
5641,14,81918,8.560023e-04,4.245021e-03,9.245404e-03,0.000000e+00,0.000000e+00
5642,16,81934,7.216386e-04,4.335945e-03,1.238292e-02,0.000000e+00,0.000000e+00
5643,14,81948,7.216386e-04,4.227094e-03,1.023804e-02,0.000000e+00,0.000000e+00
5644,14,81962,7.216386e-04,4.178986e-03,1.176129e-02,0.000000e+00,0.000000e+00
5645,14,81976,7.216386e-04,4.387197e-03,1.103386e-02,0.000000e+00,0.000000e+00
5646,15,81991,7.216386e-04,4.336362e-03,1.196165e-02,0.000000e+00,0.000000e+00
5647,14,82005,7.216386e-04,4.374054e-03,1.443976e-02,0.000000e+00,0.000000e+00
5648,14,82019,7.216386e-04,4.463103e-03,1.367302e-02,0.000000e+00,0.000000e+00
5649,16,82035,7.421766e-04,4.245263e-03,1.792747e-02,0.000000e+00,0.000000e+00
5650,14,82049,7.421766e-04,4.176038e-03,1.441406e-02,0.000000e+00,0.000000e+00
5651,14,82063,7.421766e-04,4.189905e-03,1.094917e-02,0.000000e+00,0.000000e+00
5652,14,82077,7.421766e-04,4.306533e-03,1.110674e-02,0.000000e+00,0.000000e+00
5653,13,82090,8.051540e-04,4.318575e-03,1.000000e-02,0.000000e+00,0.000000e+00
5654,13,82103,8.051540e-04,4.394673e-03,1.116338e-02,0.000000e+00,0.000000e+00
5655,14,82117,7.724862e-04,4.291591e-03,1.000000e-02,0.000000e+00,0.000000e+00
5656,15,82132,7.168663e-04,4.269012e-03,1.089000e-02,0.000000e+00,0.000000e+00
5657,16,82148,7.168663e-04,4.133162e-03,1.059326e-02,0.000000e+00,0.000000e+00
5658,13,82161,7.904841e-04,4.251925e-03,1.001221e-02,0.000000e+00,0.000000e+00
5659,13,82174,7.904841e-04,4.342315e-03,1.092520e-02,0.000000e+00,0.000000e+00
5660,17,82191,6.483606e-04,4.144769e-03,1.143949e-02,0.000000e+00,0.000000e+00
5661,16,82207,6.483606e-04,4.393087e-03,1.550331e-02,0.000000e+00,0.000000e+00
5662,17,82224,6.483606e-04,4.409105e-03,1.055528e-02,0.000000e+00,0.000000e+00
5663,18,82242,6.483606e-04,4.299616e-03,1.007866e-02,0.000000e+00,0.000000e+00
HIST {'total_samples': 6483657, 'floor_samples': 0, 'floor_fraction': 0.0, 'saturation_depth': 0.0, 'boundaries': 5664, 'capped_boundaries': 0, 'unfinished_worlds': 0}
5664,16,82258,6.483606e-04,4.321376e-03,1.089187e-02,0.000000e+00,0.000000e+00
5665,17,82275,6.452583e-04,4.292571e-03,1.121693e-02,0.000000e+00,0.000000e+00
5666,16,82291,6.452583e-04,4.199536e-03,1.466880e-02,0.000000e+00,0.000000e+00
5667,16,82307,6.452583e-04,4.217649e-03,1.297409e-02,0.000000e+00,0.000000e+00
5668,16,82323,6.452583e-04,4.292591e-03,1.182349e-02,0.000000e+00,0.000000e+00
5669,14,82337,7.361630e-04,4.196793e-03,1.151697e-02,0.000000e+00,0.000000e+00
5670,14,82351,7.361630e-04,4.157345e-03,1.285044e-02,0.000000e+00,0.000000e+00
5671,14,82365,7.361630e-04,4.241615e-03,1.318698e-02,0.000000e+00,0.000000e+00
5672,19,82384,5.948548e-04,4.256623e-03,1.392125e-02,0.000000e+00,0.000000e+00
5673,17,82401,5.948548e-04,4.195325e-03,1.074581e-02,0.000000e+00,0.000000e+00
5674,17,82418,5.948548e-04,4.247852e-03,1.028685e-02,0.000000e+00,0.000000e+00
5675,17,82435,5.948548e-04,4.268228e-03,1.244416e-02,0.000000e+00,0.000000e+00
5676,17,82452,5.948548e-04,4.315699e-03,1.089000e-02,0.000000e+00,0.000000e+00
5677,20,82472,5.384308e-04,4.259133e-03,1.331603e-02,0.000000e+00,0.000000e+00
5678,19,82491,5.384308e-04,4.042453e-03,1.061452e-02,0.000000e+00,0.000000e+00
5679,19,82510,5.384308e-04,4.056541e-03,1.059922e-02,0.000000e+00,0.000000e+00
5680,19,82529,5.384308e-04,4.026566e-03,1.192282e-02,0.000000e+00,0.000000e+00
5681,19,82548,5.271715e-04,4.297056e-03,9.583720e-03,0.000000e+00,0.000000e+00
5682,19,82567,5.271715e-04,4.190307e-03,1.104205e-02,0.000000e+00,0.000000e+00
5683,19,82586,5.271715e-04,4.073368e-03,1.334260e-02,0.000000e+00,0.000000e+00
5684,19,82605,5.271715e-04,4.103214e-03,1.014414e-02,0.000000e+00,0.000000e+00
5685,19,82624,5.271715e-04,4.114002e-03,1.000000e-02,0.000000e+00,0.000000e+00
5686,19,82643,5.271715e-04,4.328338e-03,1.222946e-02,0.000000e+00,0.000000e+00
5687,19,82662,5.271715e-04,4.106807e-03,1.246772e-02,0.000000e+00,0.000000e+00
5688,19,82681,5.271715e-04,4.171948e-03,1.065663e-02,0.000000e+00,0.000000e+00
5689,19,82700,5.271715e-04,4.185885e-03,1.048934e-02,0.000000e+00,0.000000e+00
5690,19,82719,5.271715e-04,4.301737e-03,1.061431e-02,0.000000e+00,0.000000e+00
5691,19,82738,5.271715e-04,4.192160e-03,1.217137e-02,0.000000e+00,0.000000e+00
5692,19,82757,5.271715e-04,4.133936e-03,1.000000e-02,0.000000e+00,0.000000e+00
5693,15,82772,6.809415e-04,3.911226e-03,1.096716e-02,0.000000e+00,0.000000e+00
5694,13,82785,8.132242e-04,4.092847e-03,1.031595e-02,0.000000e+00,0.000000e+00
5695,14,82799,8.132242e-04,4.299527e-03,9.497543e-03,0.000000e+00,0.000000e+00
5696,13,82812,8.132242e-04,4.251852e-03,1.296269e-02,0.000000e+00,0.000000e+00
5697,13,82825,8.132242e-04,4.305522e-03,1.029791e-02,0.000000e+00,0.000000e+00
5698,21,82846,8.234322e-04,4.333687e-03,1.197005e-02,0.000000e+00,0.000000e+00
5699,14,82860,6.382036e-04,4.289639e-03,1.030467e-02,0.000000e+00,0.000000e+00
5700,16,82876,6.382036e-04,4.490708e-03,1.361618e-02,0.000000e+00,0.000000e+00
5701,12,82888,8.575674e-04,4.218779e-03,1.286876e-02,0.000000e+00,0.000000e+00
5702,14,82902,8.185963e-04,4.327110e-03,1.161380e-02,0.000000e+00,0.000000e+00
5703,12,82914,8.074035e-04,4.453023e-03,1.075871e-02,0.000000e+00,0.000000e+00
5704,14,82928,8.074035e-04,4.537687e-03,1.246088e-02,0.000000e+00,0.000000e+00
5705,15,82943,8.012768e-04,4.248593e-03,1.179145e-02,0.000000e+00,0.000000e+00
5706,13,82956,8.012768e-04,4.307366e-03,1.323280e-02,0.000000e+00,0.000000e+00
5707,13,82969,8.012768e-04,4.356079e-03,1.111787e-02,0.000000e+00,0.000000e+00
5708,29,82998,4.055756e-04,4.293475e-03,1.000000e-02,0.000000e+00,0.000000e+00
5709,25,83023,4.055756e-04,4.362246e-03,1.036847e-02,0.000000e+00,0.000000e+00
5710,25,83048,4.055756e-04,4.462041e-03,1.392689e-02,0.000000e+00,0.000000e+00
5711,25,83073,4.055756e-04,4.184520e-03,1.106909e-02,0.000000e+00,0.000000e+00
HIST {'total_samples': 6543399, 'floor_samples': 0, 'floor_fraction': 0.0, 'saturation_depth': 0.0, 'boundaries': 5712, 'capped_boundaries': 0, 'unfinished_worlds': 0}
5712,25,83098,4.055756e-04,4.308553e-03,1.122297e-02,0.000000e+00,0.000000e+00
5713,25,83123,4.055756e-04,4.193421e-03,1.097915e-02,0.000000e+00,0.000000e+00
5714,25,83148,4.055756e-04,4.438835e-03,1.033966e-02,0.000000e+00,0.000000e+00
5715,25,83173,4.055756e-04,4.377932e-03,1.074283e-02,0.000000e+00,0.000000e+00
5716,25,83198,4.055756e-04,4.386517e-03,1.189549e-02,0.000000e+00,0.000000e+00
5717,25,83223,4.055756e-04,4.247183e-03,1.225943e-02,0.000000e+00,0.000000e+00
5718,25,83248,4.055756e-04,4.553998e-03,1.103389e-02,0.000000e+00,0.000000e+00
5719,25,83273,4.055756e-04,4.360205e-03,1.195509e-02,0.000000e+00,0.000000e+00
5720,25,83298,4.055756e-04,4.671553e-03,1.050637e-02,0.000000e+00,0.000000e+00
5721,28,83326,3.815138e-04,4.497570e-03,1.198816e-02,0.000000e+00,0.000000e+00
5722,27,83353,3.815138e-04,4.441871e-03,1.369068e-02,0.000000e+00,0.000000e+00
5723,27,83380,3.815138e-04,4.388798e-03,1.655910e-02,0.000000e+00,0.000000e+00
5724,27,83407,3.815138e-04,4.392785e-03,1.317690e-02,0.000000e+00,0.000000e+00
5725,27,83434,3.815138e-04,4.313231e-03,1.288290e-02,0.000000e+00,0.000000e+00
5726,27,83461,3.815138e-04,4.371602e-03,1.594405e-02,0.000000e+00,0.000000e+00
5727,17,83478,7.768622e-04,4.301131e-03,1.141621e-02,0.000000e+00,0.000000e+00
5728,13,83491,7.768622e-04,4.250050e-03,1.286642e-02,0.000000e+00,0.000000e+00
5729,19,83510,6.062780e-04,4.197611e-03,1.186278e-02,0.000000e+00,0.000000e+00
5730,14,83524,7.768622e-04,4.313366e-03,1.091041e-02,0.000000e+00,0.000000e+00
5731,17,83541,6.715675e-04,4.323919e-03,1.197900e-02,0.000000e+00,0.000000e+00
5732,15,83556,6.715675e-04,4.382268e-03,1.407933e-02,0.000000e+00,0.000000e+00
5733,15,83571,6.715675e-04,4.217817e-03,1.594405e-02,0.000000e+00,0.000000e+00
5734,19,83590,4.742507e-04,4.416380e-03,1.255593e-02,0.000000e+00,0.000000e+00
5735,22,83612,4.742507e-04,4.292456e-03,1.561978e-02,0.000000e+00,0.000000e+00
5736,22,83634,4.742507e-04,4.336427e-03,1.226129e-02,0.000000e+00,0.000000e+00
5737,22,83656,4.742507e-04,4.334299e-03,1.000000e-02,0.000000e+00,0.000000e+00
5738,22,83678,4.742507e-04,4.426685e-03,1.178786e-02,0.000000e+00,0.000000e+00
5739,22,83700,4.742507e-04,4.319025e-03,1.197900e-02,0.000000e+00,0.000000e+00
5740,20,83720,7.273722e-04,4.371202e-03,1.052649e-02,0.000000e+00,0.000000e+00
5741,14,83734,8.058151e-04,4.299055e-03,1.143301e-02,0.000000e+00,0.000000e+00
5742,13,83747,8.058151e-04,4.642043e-03,1.105440e-02,0.000000e+00,0.000000e+00
5743,16,83763,6.509405e-04,4.540240e-03,1.141145e-02,0.000000e+00,0.000000e+00
5744,13,83776,8.054053e-04,4.694670e-03,1.271796e-02,0.000000e+00,0.000000e+00
5745,19,83795,5.843297e-04,4.452126e-03,1.310998e-02,0.000000e+00,0.000000e+00
5746,18,83813,5.843297e-04,4.359635e-03,1.097743e-02,0.000000e+00,0.000000e+00
5747,18,83831,5.843297e-04,4.370181e-03,1.000000e-02,0.000000e+00,0.000000e+00
5748,18,83849,5.843297e-04,4.161228e-03,1.057973e-02,0.000000e+00,0.000000e+00
5749,16,83865,6.176558e-04,4.274077e-03,1.216652e-02,0.000000e+00,0.000000e+00
5750,21,83886,5.280412e-04,4.278097e-03,1.171145e-02,0.000000e+00,0.000000e+00
5751,19,83905,5.280412e-04,4.263649e-03,1.325556e-02,0.000000e+00,0.000000e+00
5752,19,83924,5.280412e-04,4.425120e-03,1.309314e-02,0.000000e+00,0.000000e+00
5753,30,83954,3.586568e-04,4.199939e-03,1.122489e-02,0.000000e+00,0.000000e+00
5754,28,83982,3.586568e-04,4.418648e-03,1.252596e-02,0.000000e+00,0.000000e+00
5755,28,84010,3.586568e-04,4.262543e-03,1.055972e-02,0.000000e+00,0.000000e+00
5756,28,84038,3.586568e-04,4.217652e-03,1.317690e-02,0.000000e+00,0.000000e+00
5757,28,84066,3.586568e-04,4.344022e-03,1.593220e-02,0.000000e+00,0.000000e+00
5758,28,84094,3.586568e-04,4.282662e-03,1.157581e-02,0.000000e+00,0.000000e+00
5759,18,84112,5.867268e-04,4.209437e-03,1.202908e-02,0.000000e+00,0.000000e+00
HIST {'total_samples': 6602352, 'floor_samples': 0, 'floor_fraction': 0.0, 'saturation_depth': 0.0, 'boundaries': 5760, 'capped_boundaries': 0, 'unfinished_worlds': 0}
5760,17,84129,6.176558e-04,4.249569e-03,1.158843e-02,0.000000e+00,0.000000e+00
5761,13,84142,6.069274e-04,4.264294e-03,1.026729e-02,0.000000e+00,0.000000e+00
5762,20,84162,6.011261e-04,4.376468e-03,1.151668e-02,0.000000e+00,0.000000e+00
5763,17,84179,6.069274e-04,4.420881e-03,1.000000e-02,0.000000e+00,0.000000e+00
5764,17,84196,6.069274e-04,4.449265e-03,1.261311e-02,0.000000e+00,0.000000e+00
5765,16,84212,6.642223e-04,4.564559e-03,1.266961e-02,0.000000e+00,0.000000e+00
5766,18,84230,6.133569e-04,4.344017e-03,1.185921e-02,0.000000e+00,0.000000e+00
5767,19,84249,5.745318e-04,4.291564e-03,1.207306e-02,0.000000e+00,0.000000e+00
5768,18,84267,5.745318e-04,4.261877e-03,1.157014e-02,0.000000e+00,0.000000e+00
5769,18,84285,6.642223e-04,4.130591e-03,1.237632e-02,0.000000e+00,0.000000e+00
5770,16,84301,6.642223e-04,4.110591e-03,1.000000e-02,0.000000e+00,0.000000e+00
5771,16,84317,6.642223e-04,4.069710e-03,1.021577e-02,0.000000e+00,0.000000e+00
5772,16,84333,6.642223e-04,4.276254e-03,1.037580e-02,0.000000e+00,0.000000e+00
5773,16,84349,6.642223e-04,4.200758e-03,1.122975e-02,0.000000e+00,0.000000e+00
5774,16,84365,6.642223e-04,4.300697e-03,1.199385e-02,0.000000e+00,0.000000e+00
5775,16,84381,6.642223e-04,4.384081e-03,1.254227e-02,0.000000e+00,0.000000e+00
5776,15,84396,6.677070e-04,4.392562e-03,1.583152e-02,0.000000e+00,0.000000e+00
5777,13,84409,7.741802e-04,4.307786e-03,1.095420e-02,0.000000e+00,0.000000e+00
5778,13,84422,7.741802e-04,4.302128e-03,1.147587e-02,0.000000e+00,0.000000e+00
5779,256,84678,1.727255e-06,2.647204e-03,1.000000e-02,0.000000e+00,4.686269e-03
5780,256,84934,1.112464e-06,9.541492e-04,1.188703e-02,0.000000e+00,1.386454e-02
5781,256,85190,1.116005e-06,4.597651e-04,1.000000e-02,0.000000e+00,2.304887e-02
5782,256,85446,1.110124e-06,2.758295e-04,9.900000e-03,0.000000e+00,3.222781e-02
5783,256,85702,1.113069e-06,5.282100e-05,5.665739e-03,0.000000e+00,4.141176e-02
5784,256,85958,1.116618e-06,2.319906e-05,4.290918e-03,0.000000e+00,5.059202e-02
5785,256,86214,1.113268e-06,6.336035e-06,9.467734e-06,5.970086e-03,5.977806e-02
5786,256,86470,1.120139e-06,6.458231e-06,9.467748e-06,1.515513e-02,6.896284e-02
5787,256,86726,1.114484e-06,6.321723e-06,9.462176e-06,2.433529e-02,7.869425e-02
5788,256,86982,1.115247e-06,4.228115e-05,9.153716e-03,0.000000e+00,8.853005e-02
5789,256,87238,1.113125e-06,3.285373e-05,6.790774e-03,0.000000e+00,9.836694e-02
5790,256,87494,1.113656e-06,7.194864e-05,1.000000e-02,0.000000e+00,1.082030e-01
5791,256,87750,1.115242e-06,8.015497e-06,3.942231e-04,0.000000e+00,1.180398e-01
5792,256,88006,1.117888e-06,6.562797e-05,1.000000e-02,0.000000e+00,1.278760e-01
5793,256,88262,1.132109e-06,5.641838e-05,6.439876e-03,0.000000e+00,1.377127e-01
5794,256,88518,1.117249e-06,1.457420e-05,1.742809e-03,0.000000e+00,1.475498e-01
5795,256,88774,1.119708e-06,6.563601e-06,9.458820e-06,4.256742e-03,1.573857e-01
5796,256,89030,1.114832e-06,6.579715e-06,9.468547e-06,1.344208e-02,1.672226e-01
5797,256,89286,1.116449e-06,6.435270e-06,9.459592e-06,2.262243e-02,1.770588e-01
5798,256,89542,1.120002e-06,2.980653e-05,5.964119e-03,0.000000e+00,1.868954e-01
5799,256,89798,1.110645e-06,3.945088e-05,8.475069e-03,0.000000e+00,1.967323e-01
5800,256,90054,1.109610e-06,8.782269e-05,1.000000e-02,0.000000e+00,2.065682e-01
5801,256,90310,1.109364e-06,3.344418e-05,6.439876e-03,0.000000e+00,2.164054e-01
5802,256,90566,1.109899e-06,7.161926e-05,1.000000e-02,0.000000e+00,2.262413e-01
5803,256,90822,1.111204e-06,3.267962e-05,6.439876e-03,0.000000e+00,2.360779e-01
5804,256,91078,1.118715e-06,4.645868e-05,1.000000e-02,0.000000e+00,2.459150e-01
5805,256,91334,1.110021e-06,3.174822e-05,6.439876e-03,0.000000e+00,2.557507e-01
5806,256,91590,1.117111e-06,7.452503e-06,2.635235e-04,0.000000e+00,2.655876e-01
5807,256,91846,1.109297e-06,6.513445e-06,9.469434e-06,4.256742e-03,2.754241e-01
HIST {'total_samples': 8415582, 'floor_samples': 0, 'floor_fraction': 0.0, 'saturation_depth': 0.0, 'boundaries': 5808, 'capped_boundaries': 29, 'unfinished_worlds': 6953}
5808,256,92102,1.112126e-06,4.559322e-05,1.000000e-02,0.000000e+00,2.852607e-01
5809,256,92358,1.110114e-06,3.164634e-05,6.439876e-03,0.000000e+00,2.950969e-01
5810,256,92614,1.109425e-06,8.029040e-05,1.000000e-02,0.000000e+00,3.049335e-01
5811,256,92870,1.121248e-06,1.852016e-05,2.699737e-03,0.000000e+00,3.147703e-01
5812,256,93126,1.109887e-06,8.107060e-06,3.935708e-04,0.000000e+00,3.246064e-01
5813,256,93382,1.118827e-06,6.632155e-06,9.467653e-06,3.594874e-03,3.344433e-01
5814,256,93638,1.109894e-06,1.236507e-04,1.000000e-02,0.000000e+00,3.442796e-01
5815,256,93894,1.124013e-06,6.061944e-05,7.012884e-03,0.000000e+00,3.541162e-01
5816,256,94150,1.109256e-06,8.061625e-05,1.000000e-02,0.000000e+00,3.639530e-01
5817,256,94406,1.111699e-06,4.159350e-05,6.439876e-03,0.000000e+00,3.737893e-01
5818,256,94662,1.113338e-06,4.718820e-05,1.000000e-02,0.000000e+00,3.836258e-01
5819,256,94918,1.111720e-06,7.481725e-06,2.635235e-04,0.000000e+00,3.934618e-01
5820,256,95174,1.111991e-06,4.562023e-05,1.000000e-02,0.000000e+00,4.032985e-01
5821,256,95430,1.109911e-06,3.377203e-05,7.012908e-03,0.000000e+00,4.131356e-01
5822,256,95686,1.116560e-06,7.018439e-06,9.716135e-05,0.000000e+00,4.229715e-01
5823,256,95942,1.112603e-06,6.476594e-06,9.459995e-06,8.687973e-03,4.328085e-01
5824,256,96198,1.113272e-06,4.554732e-05,1.000000e-02,0.000000e+00,4.426445e-01
5825,256,96454,1.116110e-06,7.512390e-06,2.635235e-04,0.000000e+00,4.524811e-01
5826,256,96710,1.110712e-06,6.529550e-06,9.458741e-06,4.283089e-03,4.623183e-01
5827,256,96966,1.111234e-06,6.636387e-06,9.451507e-06,1.346843e-02,4.721541e-01
5828,256,97222,1.109121e-06,6.497893e-06,9.459592e-06,2.264814e-02,4.819908e-01
5829,256,97478,1.109650e-06,6.556146e-06,9.466205e-06,3.183495e-02,4.918271e-01
5830,256,97734,1.122835e-06,4.563084e-05,1.000000e-02,0.000000e+00,5.016637e-01
5831,256,97990,1.113868e-06,7.287317e-06,1.879700e-04,0.000000e+00,5.115003e-01
5832,256,98246,1.128038e-06,6.689221e-06,9.464929e-06,8.902619e-03,5.213366e-01
5833,256,98502,1.113227e-06,6.464809e-06,9.460476e-06,1.808655e-02,5.311733e-01
5834,256,98758,1.115679e-06,7.924830e-05,1.000000e-02,0.000000e+00,5.410095e-01
5835,256,99014,1.110826e-06,4.016010e-05,8.609885e-03,0.000000e+00,5.508461e-01
5836,256,99270,1.112432e-06,5.642430e-05,1.000000e-02,0.000000e+00,5.606826e-01
5837,256,99526,1.115972e-06,7.503279e-06,2.635235e-04,0.000000e+00,5.705189e-01
5838,256,99782,1.110091e-06,6.381260e-06,9.463950e-06,4.283089e-03,5.803557e-01
5839,256,100038,1.113035e-06,6.587960e-06,9.442397e-06,1.346843e-02,5.901917e-01
5840,256,100294,1.116587e-06,6.543486e-06,9.466555e-06,2.264814e-02,6.000285e-01
5841,256,100550,1.117258e-06,6.457911e-06,9.467499e-06,3.183495e-02,6.098644e-01
5842,256,100806,1.120105e-06,2.809689e-05,5.530804e-03,0.000000e+00,6.197008e-01
5843,256,101062,1.114690e-06,6.880634e-06,1.138073e-04,0.000000e+00,6.295382e-01
5844,256,101318,1.115213e-06,6.644409e-06,9.467499e-06,8.928807e-03,6.393738e-01
5845,256,101574,1.113092e-06,6.421144e-06,9.466774e-06,1.811415e-02,6.492105e-01
5846,256,101830,1.113624e-06,2.626719e-05,5.069635e-03,0.000000e+00,6.590465e-01
5847,256,102086,1.126857e-06,6.533517e-06,9.461636e-06,0.000000e+00,6.688831e-01
5848,256,102342,1.117856e-06,6.550918e-06,9.463981e-06,9.185462e-03,6.787196e-01
5849,256,102598,1.132077e-06,6.646377e-06,9.460406e-06,1.836483e-02,6.885560e-01
5850,256,102854,1.117214e-06,8.545487e-05,1.000000e-02,0.000000e+00,6.983929e-01
5851,256,103110,1.119673e-06,8.596554e-06,2.635235e-04,0.000000e+00,7.082288e-01
5852,256,103366,1.114805e-06,6.617364e-06,9.468282e-06,4.256742e-03,7.180656e-01
5853,256,103622,1.116417e-06,6.487634e-06,9.459592e-06,1.344208e-02,7.279021e-01
5854,256,103878,1.119969e-06,8.632489e-06,2.635235e-04,0.000000e+00,7.377383e-01
5855,256,104134,1.110610e-06,6.373454e-06,9.470403e-06,4.256742e-03,7.475752e-01
HIST {'total_samples': 11549463, 'floor_samples': 0, 'floor_fraction': 0.0, 'saturation_depth': 0.0, 'boundaries': 5856, 'capped_boundaries': 77, 'unfinished_worlds': 19192}
5856,256,104390,1.109577e-06,6.613780e-06,9.465101e-06,1.344208e-02,7.574111e-01
5857,256,104646,1.109335e-06,6.597485e-06,9.459592e-06,2.262243e-02,7.672480e-01
5858,256,104902,1.109864e-06,6.441423e-06,9.464618e-06,3.180924e-02,7.770839e-01
5859,256,105158,1.111171e-06,6.591435e-06,9.460314e-06,4.099541e-02,7.869204e-01
5860,256,105414,1.118681e-06,6.385203e-06,9.464798e-06,5.017365e-02,7.967575e-01
5861,256,105670,1.112541e-06,6.658924e-06,9.459313e-06,5.935943e-02,8.065933e-01
5862,256,105926,1.117077e-06,6.470085e-06,9.459313e-06,6.853898e-02,8.164300e-01
5863,256,106182,1.109266e-06,6.457789e-06,9.463179e-06,7.772683e-02,8.262663e-01
5864,256,106438,1.112094e-06,4.561718e-05,1.000000e-02,0.000000e+00,8.361028e-01
5865,256,106694,1.110081e-06,3.382868e-05,7.012892e-03,0.000000e+00,8.459392e-01
5866,256,106950,1.109391e-06,3.403668e-05,7.012892e-03,0.000000e+00,8.557755e-01
5867,256,107206,1.121213e-06,1.577575e-05,2.399525e-03,0.000000e+00,8.656123e-01
5868,256,107462,1.109853e-06,1.984475e-05,3.161830e-03,0.000000e+00,8.754483e-01
5869,256,107718,1.118798e-06,1.081923e-05,1.079667e-03,0.000000e+00,8.852852e-01
5870,256,107974,1.109859e-06,8.458229e-05,1.000000e-02,0.000000e+00,8.951216e-01
5871,256,108230,1.123978e-06,3.929956e-05,8.110008e-03,0.000000e+00,9.049580e-01
5872,256,108486,1.109222e-06,9.999459e-06,9.292247e-04,0.000000e+00,9.147947e-01
5873,256,108742,1.111664e-06,6.589145e-06,9.468282e-06,8.178002e-03,9.246307e-01
5874,256,108998,1.113306e-06,6.596077e-06,9.459592e-06,1.736353e-02,9.344675e-01
5875,256,109254,1.111685e-06,6.470180e-06,9.459313e-06,2.654285e-02,9.443035e-01
5876,256,109510,1.111958e-06,6.633418e-06,9.460196e-06,3.573044e-02,9.541399e-01
5877,256,109766,1.109878e-06,6.393287e-06,9.465221e-06,4.491616e-02,9.639769e-01
5878,256,110022,1.116526e-06,6.651080e-06,9.466053e-06,5.409465e-02,9.738127e-01
5879,256,110278,1.112569e-06,6.535851e-06,9.436812e-06,6.328059e-02,9.836498e-01
5880,256,110534,1.113239e-06,6.469361e-06,9.467221e-06,7.245912e-02,9.934858e-01
5881,256,110790,1.116075e-06,6.560669e-06,9.455972e-06,8.164781e-02,1.003322e+00
5882,256,111046,1.110679e-06,6.497280e-06,9.458457e-06,9.083268e-02,1.013160e+00
5883,256,111302,1.111201e-06,6.656473e-06,9.451237e-06,1.000116e-01,1.022996e+00
5884,256,111558,1.109087e-06,2.630335e-05,5.069634e-03,0.000000e+00,1.032833e+00
5885,256,111814,1.109616e-06,3.044989e-05,6.130526e-03,0.000000e+00,1.042669e+00
5886,256,112070,1.122806e-06,8.471510e-05,1.000000e-02,0.000000e+00,1.052506e+00
5887,256,112326,1.113834e-06,3.493647e-05,7.012906e-03,0.000000e+00,1.062343e+00
5888,256,112582,1.128003e-06,3.411929e-05,7.012906e-03,0.000000e+00,1.072180e+00
5889,256,112838,1.113194e-06,1.400139e-05,1.938180e-03,0.000000e+00,1.082017e+00
5890,256,113094,1.115645e-06,7.560763e-06,2.635235e-04,0.000000e+00,1.091854e+00
5891,256,113350,1.110798e-06,6.638020e-06,9.463375e-06,4.283089e-03,1.101691e+00
5892,256,113606,1.112399e-06,4.217526e-05,9.151016e-03,0.000000e+00,1.111527e+00
5893,256,113862,1.115939e-06,3.315849e-05,6.790177e-03,0.000000e+00,1.121364e+00
5894,256,114118,1.110057e-06,6.663956e-05,9.152359e-03,0.000000e+00,1.131201e+00
5895,256,114374,1.113001e-06,1.382954e-05,1.013216e-03,0.000000e+00,1.141038e+00
5896,256,114630,1.116552e-06,6.682993e-06,9.459313e-06,2.861400e-03,1.150875e+00
5897,256,114886,1.117686e-06,6.412315e-06,9.467221e-06,1.204658e-02,1.160711e+00
5898,256,115142,1.120071e-06,8.476932e-05,1.000000e-02,0.000000e+00,1.170548e+00
5899,256,115398,1.114655e-06,3.075882e-05,5.976718e-03,0.000000e+00,1.180386e+00
5900,256,115654,1.115178e-06,3.209019e-05,6.508646e-03,0.000000e+00,1.190222e+00
5901,256,115910,1.113058e-06,6.540319e-06,9.466555e-06,0.000000e+00,1.200059e+00
5902,256,116166,1.113589e-06,4.649360e-05,1.000000e-02,0.000000e+00,1.209895e+00
5903,256,116422,1.126827e-06,1.442614e-05,1.981199e-03,0.000000e+00,1.219732e+00
HIST {'total_samples': 14686224, 'floor_samples': 0, 'floor_fraction': 0.0, 'saturation_depth': 0.0, 'boundaries': 5904, 'capped_boundaries': 125, 'unfinished_worlds': 31443}
5904,256,116678,1.117822e-06,3.533007e-05,7.378769e-03,0.000000e+00,1.229568e+00
5905,256,116934,1.132042e-06,3.528872e-05,7.304981e-03,0.000000e+00,1.239406e+00
5906,256,117190,1.117180e-06,4.552197e-05,1.000000e-02,0.000000e+00,1.249243e+00
5907,256,117446,1.119639e-06,3.204342e-05,6.527572e-03,0.000000e+00,1.259079e+00
5908,256,117702,1.114775e-06,1.054025e-04,1.000000e-02,0.000000e+00,1.268916e+00
5909,256,117958,1.119661e-06,4.985138e-05,8.363197e-03,0.000000e+00,1.278753e+00
5910,256,118214,1.119934e-06,7.249690e-05,1.000000e-02,0.000000e+00,1.288590e+00
5911,256,118470,1.110577e-06,1.097547e-05,1.165072e-03,0.000000e+00,1.298427e+00
5912,256,118726,1.109543e-06,7.662678e-06,2.635235e-04,0.000000e+00,1.308264e+00
5913,256,118982,1.109301e-06,6.767298e-06,9.459313e-06,4.256742e-03,1.318101e+00
5914,256,119238,1.109831e-06,4.949750e-05,1.000000e-02,0.000000e+00,1.327937e+00
5915,256,119494,1.111136e-06,9.740589e-06,4.927469e-04,0.000000e+00,1.337774e+00
5916,256,119750,1.118646e-06,6.464652e-06,9.464514e-06,0.000000e+00,1.347612e+00
5917,256,120006,1.112507e-06,6.725985e-06,9.459040e-06,9.837630e-03,1.357448e+00
5918,256,120262,1.117043e-06,4.239249e-05,9.153772e-03,0.000000e+00,1.367285e+00
5919,256,120518,1.109690e-06,1.008707e-05,9.317512e-04,0.000000e+00,1.377121e+00
5920,256,120774,1.112058e-06,7.940465e-05,1.000000e-02,0.000000e+00,1.386958e+00
5921,256,121030,1.110047e-06,3.994319e-05,7.012908e-03,0.000000e+00,1.396794e+00
5922,256,121286,1.136095e-06,3.415114e-05,7.012908e-03,0.000000e+00,1.406632e+00
5923,256,121542,1.121179e-06,1.645042e-05,2.526201e-03,0.000000e+00,1.416469e+00
5924,256,121798,1.123648e-06,2.512059e-05,3.524523e-03,0.000000e+00,1.426305e+00
5925,256,122054,1.118766e-06,1.275596e-05,1.529853e-03,0.000000e+00,1.436142e+00
5926,256,122310,1.109827e-06,6.504815e-06,9.462308e-06,4.303683e-03,1.445979e+00
5927,256,122566,1.123945e-06,6.794153e-06,9.459313e-06,1.349297e-02,1.455816e+00
5928,256,122822,1.109188e-06,6.482794e-06,9.448062e-06,2.267911e-02,1.465653e+00
5929,256,123078,1.111630e-06,6.641385e-06,9.467994e-06,3.185872e-02,1.475489e+00
5930,256,123334,1.113273e-06,7.749314e-06,2.635235e-04,0.000000e+00,1.485327e+00
5931,256,123590,1.111652e-06,6.475694e-06,9.459040e-06,4.256742e-03,1.495163e+00
5932,256,123846,1.111923e-06,4.587254e-05,1.000000e-02,0.000000e+00,1.505000e+00
5933,256,124102,1.109843e-06,7.500306e-06,2.635235e-04,0.000000e+00,1.514837e+00
5934,256,124358,1.116491e-06,7.759968e-06,2.635235e-04,0.000000e+00,1.524673e+00
5935,256,124614,1.112535e-06,6.662582e-06,9.436525e-06,4.283089e-03,1.534511e+00
5936,256,124870,1.113664e-06,8.583099e-06,2.820532e-04,0.000000e+00,1.544347e+00
5937,256,125126,1.116042e-06,6.838264e-06,9.459592e-06,1.030503e-03,1.554184e+00
5938,256,125382,1.108290e-06,6.575323e-06,9.458156e-06,1.021476e-02,1.564021e+00
5939,256,125638,1.111167e-06,6.809335e-06,9.459592e-06,1.940327e-02,1.573858e+00
5940,256,125894,1.109053e-06,6.688359e-06,9.459040e-06,2.858167e-02,1.583695e+00
5941,256,126150,1.109583e-06,6.598826e-06,9.465673e-06,3.776675e-02,1.593531e+00
5942,256,126406,1.122773e-06,9.379081e-05,1.000000e-02,0.000000e+00,1.603368e+00
5943,256,126662,1.113799e-06,6.343748e-05,7.556411e-03,0.000000e+00,1.613204e+00
5944,256,126918,1.127969e-06,2.046385e-05,3.378576e-03,0.000000e+00,1.623042e+00
5945,256,127174,1.113160e-06,6.620941e-06,9.459890e-06,0.000000e+00,1.632879e+00
5946,256,127430,1.115611e-06,4.569892e-05,1.000000e-02,0.000000e+00,1.642715e+00
5947,256,127686,1.110764e-06,3.081456e-05,6.149333e-03,0.000000e+00,1.652552e+00
5948,256,127942,1.115632e-06,4.880677e-05,1.000000e-02,0.000000e+00,1.662389e+00
5949,256,128198,1.115905e-06,2.044627e-05,3.483995e-03,0.000000e+00,1.672226e+00
5950,256,128454,1.113817e-06,4.560151e-05,1.000000e-02,0.000000e+00,1.682063e+00
5951,256,128710,1.112966e-06,3.409816e-05,7.012995e-03,0.000000e+00,1.691900e+00
HIST {'total_samples': 17819062, 'floor_samples': 0, 'floor_fraction': 0.0, 'saturation_depth': 0.0, 'boundaries': 5952, 'capped_boundaries': 173, 'unfinished_worlds': 43677}
5952,256,128966,1.116518e-06,1.122682e-04,1.000000e-02,0.000000e+00,1.701736e+00
5953,256,129222,1.117652e-06,7.375595e-05,7.012895e-03,0.000000e+00,1.711573e+00
5954,256,129478,1.120037e-06,3.771158e-05,7.012895e-03,0.000000e+00,1.721410e+00
5955,256,129734,1.112258e-06,1.644739e-05,2.526200e-03,0.000000e+00,1.731248e+00
5956,256,129990,1.115145e-06,7.402279e-06,1.675005e-04,0.000000e+00,1.741084e+00
5957,256,130246,1.113024e-06,6.734834e-06,9.459592e-06,8.722642e-03,1.750921e+00
5958,256,130502,1.113554e-06,4.563276e-05,1.000000e-02,0.000000e+00,1.760757e+00
5959,256,130758,1.126793e-06,3.419665e-05,7.012915e-03,0.000000e+00,1.770594e+00
5960,256,131014,1.117788e-06,3.396256e-05,7.012915e-03,0.000000e+00,1.780430e+00
5961,256,131270,1.132007e-06,6.832286e-06,9.459890e-06,8.509524e-03,1.790268e+00
5962,256,131526,1.117146e-06,4.575095e-05,1.000000e-02,0.000000e+00,1.800105e+00
5963,256,131782,1.117185e-06,2.038010e-05,3.524523e-03,0.000000e+00,1.809941e+00
5964,256,132038,1.114740e-06,6.843769e-06,9.447290e-06,0.000000e+00,1.819778e+00
5965,256,132294,1.119627e-06,6.539318e-06,9.459040e-06,9.185279e-03,1.829615e+00
5966,256,132550,1.119900e-06,8.491807e-05,1.000000e-02,0.000000e+00,1.839452e+00
5967,256,132806,1.110543e-06,5.493777e-05,6.191377e-03,0.000000e+00,1.849289e+00
5968,256,133062,1.109509e-06,4.676363e-05,1.000000e-02,0.000000e+00,1.859125e+00
5969,256,133318,1.120516e-06,1.079217e-05,1.017909e-03,0.000000e+00,1.868963e+00
5970,256,133574,1.109797e-06,8.470588e-05,1.000000e-02,0.000000e+00,1.878799e+00
5971,256,133830,1.111103e-06,6.161160e-05,7.012986e-03,0.000000e+00,1.888636e+00
5972,256,134086,1.108290e-06,3.432107e-05,7.012986e-03,0.000000e+00,1.898474e+00
5973,256,134342,1.112473e-06,1.431366e-05,1.938178e-03,0.000000e+00,1.908310e+00
5974,256,134598,1.117589e-06,1.315638e-05,1.650944e-03,0.000000e+00,1.918147e+00
5975,256,134854,1.109657e-06,9.046928e-06,6.431576e-04,0.000000e+00,1.927983e+00
5976,256,135110,1.112025e-06,4.588578e-05,1.000000e-02,0.000000e+00,1.937820e+00
5977,256,135366,1.110012e-06,3.397499e-05,7.012917e-03,0.000000e+00,1.947656e+00
5978,256,135622,1.136061e-06,7.320155e-05,1.000000e-02,0.000000e+00,1.957494e+00
5979,256,135878,1.121145e-06,1.870935e-05,2.962224e-03,0.000000e+00,1.967331e+00
5980,256,136134,1.121188e-06,1.914602e-05,3.193603e-03,0.000000e+00,1.977167e+00
5981,256,136390,1.118733e-06,6.825903e-06,9.465960e-06,0.000000e+00,1.987004e+00
5982,256,136646,1.109792e-06,6.547778e-06,9.462011e-06,9.837491e-03,1.996841e+00
5983,256,136902,1.123910e-06,6.776891e-06,9.459040e-06,1.967473e-02,2.006678e+00
5984,256,137158,1.109155e-06,6.631146e-06,9.447765e-06,2.951053e-02,2.016512e+00
5985,256,137414,1.109198e-06,6.693274e-06,9.458834e-06,3.934768e-02,2.026345e+00
5986,256,137670,1.124528e-06,1.707314e-05,2.389541e-03,0.000000e+00,2.036179e+00
5987,256,137926,1.111618e-06,1.888412e-05,3.180479e-03,0.000000e+00,2.046012e+00
5988,256,138182,1.111889e-06,8.896379e-06,5.449847e-04,0.000000e+00,2.055846e+00
5989,256,138438,1.109809e-06,6.584900e-06,9.459313e-06,4.444749e-03,2.065681e+00
5990,256,138694,1.116456e-06,6.710839e-06,9.464618e-06,1.362590e-02,2.075513e+00
5991,256,138950,1.112502e-06,6.698482e-06,9.436226e-06,2.281066e-02,2.085347e+00
5992,256,139206,1.113630e-06,6.495478e-06,9.459313e-06,3.199122e-02,2.095181e+00
5993,256,139462,1.112122e-06,6.798241e-06,9.459313e-06,4.117689e-02,2.105014e+00
5994,256,139718,1.108256e-06,6.633381e-06,9.454503e-06,5.036492e-02,2.114849e+00
5995,256,139974,1.111132e-06,6.717692e-06,9.459313e-06,5.954528e-02,2.124682e+00
5996,256,140230,1.109594e-06,6.703754e-06,9.458741e-06,6.873047e-02,2.134516e+00
5997,256,140486,1.109548e-06,6.631130e-06,9.465396e-06,7.791152e-02,2.144349e+00
5998,256,140742,1.122738e-06,4.589557e-05,1.000000e-02,0.000000e+00,2.154183e+00
5999,256,140998,1.113765e-06,3.173240e-05,6.439876e-03,0.000000e+00,2.164016e+00
HIST {'total_samples': 20952174, 'floor_samples': 0, 'floor_fraction': 0.0, 'saturation_depth': 0.0, 'boundaries': 6000, 'capped_boundaries': 221, 'unfinished_worlds': 55913}
6000,256,141254,1.127934e-06,7.857513e-06,2.635235e-04,0.000000e+00,2.173850e+00
6001,256,141510,1.113125e-06,6.676822e-06,9.459603e-06,4.256742e-03,2.183684e+00
6002,256,141766,1.113171e-06,4.244443e-05,9.153776e-03,0.000000e+00,2.193517e+00
6003,256,142022,1.110729e-06,1.009156e-05,8.468093e-04,0.000000e+00,2.203351e+00
6004,256,142278,1.115597e-06,6.569187e-06,9.440963e-06,3.150070e-03,2.213184e+00
6005,256,142534,1.115871e-06,6.810735e-06,9.462308e-06,1.233649e-02,2.223018e+00
6006,256,142790,1.113783e-06,6.655543e-05,1.000000e-02,0.000000e+00,2.232852e+00
6007,256,143046,1.112932e-06,2.940633e-05,5.820493e-03,0.000000e+00,2.242686e+00
6008,256,143302,1.110973e-06,8.659524e-06,4.748505e-04,0.000000e+00,2.252519e+00
6009,256,143558,1.117617e-06,7.634957e-06,2.890753e-04,0.000000e+00,2.262352e+00
6010,256,143814,1.116104e-06,6.823522e-06,9.444593e-06,7.800066e-03,2.272186e+00
6011,256,144070,1.112223e-06,6.666808e-06,9.456236e-06,1.698101e-02,2.282021e+00
6012,256,144326,1.115111e-06,4.578401e-05,1.000000e-02,0.000000e+00,2.291854e+00
6013,256,144582,1.113568e-06,3.411693e-05,7.012908e-03,0.000000e+00,2.301688e+00
6014,256,144838,1.113521e-06,7.300513e-05,1.000000e-02,0.000000e+00,2.311521e+00
6015,256,145094,1.109210e-06,4.613384e-05,7.556492e-03,0.000000e+00,2.321355e+00
6016,256,145350,1.117754e-06,8.268640e-05,1.000000e-02,0.000000e+00,2.331188e+00
6017,256,145606,1.131972e-06,6.942000e-06,3.074741e-05,0.000000e+00,2.341022e+00
6018,256,145862,1.117111e-06,7.643817e-06,2.635235e-04,0.000000e+00,2.350856e+00
6019,256,146118,1.117157e-06,6.685123e-06,9.455859e-06,8.604689e-03,2.360689e+00
6020,256,146374,1.114707e-06,6.772765e-06,9.446983e-06,1.614852e-03,2.370523e+00
6021,256,146630,1.119593e-06,6.594369e-06,9.458741e-06,1.080426e-02,2.380356e+00
6022,256,146886,1.119866e-06,4.581978e-05,1.000000e-02,0.000000e+00,2.390190e+00
6023,256,147142,1.110509e-06,3.086822e-05,6.191381e-03,0.000000e+00,2.400024e+00
6024,256,147398,1.109474e-06,4.574087e-05,1.000000e-02,0.000000e+00,2.409858e+00
6025,256,147654,1.114951e-06,2.052703e-05,3.524523e-03,0.000000e+00,2.419691e+00
6026,256,147910,1.109764e-06,9.110398e-05,1.000000e-02,0.000000e+00,2.429524e+00
6027,256,148166,1.111070e-06,3.798086e-05,3.830873e-03,0.000000e+00,2.439358e+00
6028,256,148422,1.108256e-06,5.628940e-05,1.000000e-02,0.000000e+00,2.449193e+00
6029,256,148678,1.112439e-06,3.613576e-05,7.528681e-03,0.000000e+00,2.459026e+00
6030,256,148934,1.117555e-06,7.512530e-05,1.000000e-02,0.000000e+00,2.468860e+00
6031,256,149190,1.109623e-06,5.939591e-05,7.012906e-03,0.000000e+00,2.478693e+00
6032,256,149446,1.108119e-06,3.422607e-05,7.012906e-03,0.000000e+00,2.488527e+00
6033,256,149702,1.109978e-06,6.674453e-06,9.458457e-06,0.000000e+00,2.498360e+00
6034,256,149958,1.136026e-06,9.854132e-05,1.000000e-02,0.000000e+00,2.508194e+00
6035,256,150214,1.121111e-06,4.551843e-05,6.191374e-03,0.000000e+00,2.518028e+00
6036,256,150470,1.121158e-06,6.805002e-06,2.959847e-05,0.000000e+00,2.527861e+00
6037,256,150726,1.118698e-06,6.744706e-06,9.458457e-06,9.158517e-03,2.537695e+00
6038,256,150982,1.109759e-06,6.615427e-06,9.436907e-06,1.834779e-02,2.547528e+00
6039,256,151238,1.123875e-06,6.745757e-06,9.458741e-06,2.753198e-02,2.557362e+00
6040,256,151494,1.109121e-06,5.947625e-05,1.000000e-02,0.000000e+00,2.567196e+00
6041,256,151750,1.109168e-06,3.408596e-05,7.012982e-03,0.000000e+00,2.577029e+00
6042,256,152006,1.115945e-06,1.038623e-04,1.000000e-02,0.000000e+00,2.586863e+00
6043,256,152262,1.111585e-06,6.527008e-05,7.874721e-03,0.000000e+00,2.596696e+00
6044,256,152518,1.111855e-06,4.650345e-05,7.045543e-03,0.000000e+00,2.606530e+00
6045,256,152774,1.109775e-06,3.648580e-05,6.571579e-03,0.000000e+00,2.616365e+00
6046,256,153030,1.116423e-06,5.120211e-05,1.000000e-02,0.000000e+00,2.626198e+00
6047,256,153286,1.112467e-06,2.052508e-05,3.524523e-03,0.000000e+00,2.636032e+00
HIST {'total_samples': 24080953, 'floor_samples': 0, 'floor_fraction': 0.0, 'saturation_depth': 0.0, 'boundaries': 6048, 'capped_boundaries': 269, 'unfinished_worlds': 68131}
6048,256,153542,1.113596e-06,6.594461e-06,9.459040e-06,0.000000e+00,2.645865e+00
6049,256,153798,1.112089e-06,6.744632e-06,9.459040e-06,9.185919e-03,2.655699e+00
6050,256,154054,1.108221e-06,6.691860e-06,9.442571e-06,1.836570e-02,2.665533e+00
6051,256,154310,1.111098e-06,6.712926e-06,9.459040e-06,2.755250e-02,2.675366e+00
6052,256,154566,1.109561e-06,4.572682e-05,1.000000e-02,0.000000e+00,2.685200e+00
6053,256,154822,1.109515e-06,2.042349e-05,3.524523e-03,0.000000e+00,2.695033e+00
6054,256,155078,1.122703e-06,1.426095e-05,1.924820e-03,0.000000e+00,2.704867e+00
6055,256,155334,1.113733e-06,8.554760e-06,4.945686e-04,0.000000e+00,2.714700e+00
6056,256,155590,1.127901e-06,6.808529e-06,9.463766e-06,7.472402e-03,2.724534e+00
6057,256,155846,1.113092e-06,6.709151e-06,9.459040e-06,1.665202e-02,2.734368e+00
6058,256,156102,1.113141e-06,6.720260e-06,9.458741e-06,2.583869e-02,2.744201e+00
6059,256,156358,1.110696e-06,6.719603e-06,9.459313e-06,3.502579e-02,2.754035e+00
6060,256,156614,1.115564e-06,8.467300e-05,1.000000e-02,0.000000e+00,2.763868e+00
6061,256,156870,1.115837e-06,3.423281e-05,3.524523e-03,0.000000e+00,2.773703e+00
6062,256,157126,1.113749e-06,8.475329e-05,1.000000e-02,0.000000e+00,2.783537e+00
6063,256,157382,1.112899e-06,3.418785e-05,3.524523e-03,0.000000e+00,2.793370e+00
6064,256,157638,1.107964e-06,4.576876e-05,1.000000e-02,0.000000e+00,2.803204e+00
6065,256,157894,1.117583e-06,2.031855e-05,3.524523e-03,0.000000e+00,2.813037e+00
6066,256,158150,1.116070e-06,4.579455e-05,1.000000e-02,0.000000e+00,2.822870e+00
6067,256,158406,1.112190e-06,3.084516e-05,6.191390e-03,0.000000e+00,2.832705e+00
6068,256,158662,1.115077e-06,4.581247e-05,1.000000e-02,0.000000e+00,2.842538e+00
6069,256,158918,1.113534e-06,2.041873e-05,3.524523e-03,0.000000e+00,2.852372e+00
6070,256,159174,1.113487e-06,6.661298e-06,9.458741e-06,0.000000e+00,2.862205e+00
6071,256,159430,1.109176e-06,6.725330e-06,9.455953e-06,9.185919e-03,2.872039e+00
6072,256,159686,1.117719e-06,6.659670e-06,9.448333e-06,1.836570e-02,2.881872e+00
6073,256,159942,1.131938e-06,6.719936e-06,9.459313e-06,2.755250e-02,2.891706e+00
6074,256,160198,1.117077e-06,6.621598e-06,9.454229e-06,3.673976e-02,2.901540e+00
6075,256,160454,1.117128e-06,6.776554e-06,9.455563e-06,4.592061e-02,2.911373e+00
6076,256,160710,1.114673e-06,6.735719e-06,9.445159e-06,4.500004e-03,2.921207e+00
6077,256,160966,1.119558e-06,6.620178e-06,9.458457e-06,1.368638e-02,2.931040e+00
6078,256,161222,1.119831e-06,2.051108e-05,3.524523e-03,0.000000e+00,2.940875e+00
6079,256,161478,1.110475e-06,6.724907e-06,9.451036e-06,0.000000e+00,2.950709e+00
6080,256,161734,1.109441e-06,4.578365e-05,1.000000e-02,0.000000e+00,2.960542e+00
6081,256,161990,1.111933e-06,2.047163e-05,3.524523e-03,0.000000e+00,2.970376e+00
6082,256,162246,1.109730e-06,8.469382e-05,1.000000e-02,0.000000e+00,2.980209e+00
6083,256,162502,1.111035e-06,3.423128e-05,3.524523e-03,0.000000e+00,2.990042e+00
6084,256,162758,1.108221e-06,6.040462e-05,1.000000e-02,0.000000e+00,2.999877e+00
6085,256,163014,1.112405e-06,2.129983e-05,3.524523e-03,0.000000e+00,3.009710e+00
6086,256,163270,1.117521e-06,4.960686e-05,1.000000e-02,0.000000e+00,3.019544e+00
6087,256,163526,1.109589e-06,2.033142e-05,3.524523e-03,0.000000e+00,3.029377e+00
6088,256,163782,1.108086e-06,6.673336e-06,9.442866e-06,0.000000e+00,3.039211e+00
6089,256,164038,1.109945e-06,6.628805e-06,9.443440e-06,9.185919e-03,3.049044e+00
6090,256,164294,1.135991e-06,6.602514e-06,9.445549e-06,1.836570e-02,3.058878e+00
6091,256,164550,1.121077e-06,6.666968e-06,9.460286e-06,2.755250e-02,3.068712e+00
6092,256,164806,1.121128e-06,5.941999e-05,1.000000e-02,0.000000e+00,3.078545e+00
6093,256,165062,1.118663e-06,1.441240e-05,1.986663e-03,0.000000e+00,3.088379e+00
6094,256,165318,1.109725e-06,4.827661e-05,1.000000e-02,0.000000e+00,3.098212e+00
6095,256,165574,1.123841e-06,2.037886e-05,3.524523e-03,0.000000e+00,3.108047e+00
HIST {'total_samples': 27213755, 'floor_samples': 0, 'floor_fraction': 0.0, 'saturation_depth': 0.0, 'boundaries': 6096, 'capped_boundaries': 317, 'unfinished_worlds': 80365}
6096,256,165830,1.109087e-06,4.574970e-05,1.000000e-02,0.000000e+00,3.117881e+00
6097,256,166086,1.109136e-06,2.034591e-05,3.524523e-03,0.000000e+00,3.127714e+00
6098,256,166342,1.115916e-06,3.969036e-05,8.472472e-03,0.000000e+00,3.137547e+00
6099,256,166598,1.111550e-06,3.960895e-05,8.472472e-03,0.000000e+00,3.147381e+00
6100,256,166854,1.111822e-06,6.919177e-05,1.000000e-02,0.000000e+00,3.157214e+00
6101,256,167110,1.109742e-06,2.038040e-05,3.524523e-03,0.000000e+00,3.167049e+00
6102,256,167366,1.116389e-06,6.591200e-06,9.458157e-06,0.000000e+00,3.176882e+00
6103,256,167622,1.112432e-06,6.614005e-06,9.454531e-06,9.185919e-03,3.186716e+00
6104,256,167878,1.113562e-06,5.930546e-05,1.000000e-02,0.000000e+00,3.196549e+00
6105,256,168134,1.107964e-06,2.024690e-05,3.483959e-03,0.000000e+00,3.206383e+00
6106,256,168390,1.110543e-06,5.943724e-05,1.000000e-02,0.000000e+00,3.216217e+00
6107,256,168646,1.107964e-06,1.401542e-05,1.904426e-03,0.000000e+00,3.226050e+00
6108,256,168902,1.109527e-06,4.573114e-05,1.000000e-02,0.000000e+00,3.235884e+00
6109,256,169158,1.109481e-06,3.181998e-05,6.439876e-03,0.000000e+00,3.245717e+00
6110,256,169414,1.122670e-06,7.729323e-06,2.635235e-04,0.000000e+00,3.255551e+00
6111,256,169670,1.113698e-06,6.633607e-06,9.438946e-06,4.256742e-03,3.265384e+00
6112,256,169926,1.127866e-06,6.735341e-06,9.463492e-06,1.344208e-02,3.275218e+00
6113,256,170182,1.113058e-06,6.754259e-06,9.459592e-06,2.262243e-02,3.285053e+00
6114,256,170438,1.113108e-06,6.663698e-06,9.458457e-06,3.180924e-02,3.294886e+00
6115,256,170694,1.110662e-06,6.663110e-06,9.459040e-06,4.099541e-02,3.304719e+00
6116,256,170950,1.115530e-06,4.566871e-05,1.000000e-02,0.000000e+00,3.314553e+00
6117,256,171206,1.115802e-06,3.405313e-05,7.003856e-03,0.000000e+00,3.324387e+00
6118,256,171462,1.113715e-06,1.121378e-04,1.000000e-02,0.000000e+00,3.334221e+00
6119,256,171718,1.107964e-06,4.911026e-05,3.832028e-03,0.000000e+00,3.344054e+00
6120,256,171974,1.107933e-06,6.707459e-06,9.458157e-06,0.000000e+00,3.353888e+00
6121,256,172230,1.117549e-06,6.573644e-06,9.458563e-06,9.185919e-03,3.363721e+00
6122,256,172486,1.111933e-06,8.484604e-05,1.000000e-02,0.000000e+00,3.373555e+00
6123,256,172742,1.112155e-06,4.559573e-05,6.439876e-03,0.000000e+00,3.383389e+00
6124,256,172998,1.111933e-06,1.451423e-05,1.742806e-03,0.000000e+00,3.393222e+00
6125,256,173254,1.113500e-06,6.758098e-06,9.458741e-06,4.256742e-03,3.403056e+00
6126,256,173510,1.113453e-06,4.568918e-05,1.000000e-02,0.000000e+00,3.412889e+00
6127,256,173766,1.109142e-06,2.053301e-05,3.524523e-03,0.000000e+00,3.422723e+00
6128,256,174022,1.117685e-06,6.675083e-06,9.448062e-06,0.000000e+00,3.432556e+00
6129,256,174278,1.131903e-06,6.686701e-06,9.459040e-06,9.185919e-03,3.442390e+00
6130,256,174534,1.117043e-06,4.579111e-05,1.000000e-02,0.000000e+00,3.452224e+00
6131,256,174790,1.117092e-06,3.186298e-05,6.439876e-03,0.000000e+00,3.462058e+00
6132,256,175046,1.114638e-06,8.805972e-05,1.000000e-02,0.000000e+00,3.471891e+00
6133,256,175302,1.133676e-06,3.182824e-05,6.439876e-03,0.000000e+00,3.481725e+00
6134,256,175558,1.119798e-06,2.154885e-05,3.524523e-03,0.000000e+00,3.491559e+00
6135,256,175814,1.110441e-06,6.872748e-06,9.459592e-06,0.000000e+00,3.501393e+00
6136,256,176070,1.109408e-06,6.725749e-06,9.457594e-06,9.185279e-03,3.511226e+00
6137,256,176326,1.111900e-06,6.768091e-06,9.459592e-06,1.836506e-02,3.521060e+00
6138,256,176582,1.121550e-06,6.739580e-06,9.463179e-06,1.321525e-03,3.530893e+00
6139,256,176838,1.111001e-06,6.808252e-06,9.458457e-06,1.050049e-02,3.540727e+00
6140,256,177094,1.116137e-06,6.890944e-06,9.659199e-06,0.000000e+00,3.550561e+00
6141,256,177350,1.115916e-06,6.752196e-06,9.451922e-06,9.186468e-03,3.560394e+00
6142,256,177606,1.117487e-06,8.481262e-05,1.000000e-02,0.000000e+00,3.570228e+00
6143,256,177862,1.109555e-06,1.414521e-05,1.904419e-03,0.000000e+00,3.580061e+00
HIST {'total_samples': 30344814, 'floor_samples': 0, 'floor_fraction': 0.0, 'saturation_depth': 0.0, 'boundaries': 6144, 'capped_boundaries': 365, 'unfinished_worlds': 92592}
6144,256,178118,1.108052e-06,8.523790e-05,1.000000e-02,0.000000e+00,3.589895e+00
6145,256,178374,1.112603e-06,5.263851e-05,8.256440e-03,0.000000e+00,3.599728e+00
6146,256,178630,1.135956e-06,2.831684e-05,3.524523e-03,0.000000e+00,3.609562e+00
6147,256,178886,1.108668e-06,6.805803e-06,9.459999e-06,0.000000e+00,3.619396e+00
6148,256,179142,1.121093e-06,2.051268e-05,3.524523e-03,0.000000e+00,3.629230e+00
6149,256,179398,1.111007e-06,6.753568e-06,9.426236e-06,0.000000e+00,3.639063e+00
6150,256,179654,1.109690e-06,6.718337e-06,9.453667e-06,3.416091e-06,3.648896e+00
6151,256,179910,1.123807e-06,6.682198e-06,9.458157e-06,9.840861e-03,3.658731e+00
6152,256,180166,1.114418e-06,6.888040e-06,9.446892e-06,1.967792e-02,3.668565e+00
6153,256,180422,1.109103e-06,6.708940e-06,9.440425e-06,2.951401e-02,3.678398e+00
6154,256,180678,1.115882e-06,6.828872e-06,2.291193e-05,0.000000e+00,3.688232e+00
6155,256,180934,1.108212e-06,6.743735e-06,9.445745e-06,9.149376e-03,3.698065e+00
6156,256,181190,1.111787e-06,2.045923e-05,3.524523e-03,0.000000e+00,3.707899e+00
6157,256,181446,1.109708e-06,6.874717e-06,9.458457e-06,0.000000e+00,3.717733e+00
6158,256,181702,1.119911e-06,6.703444e-06,2.291193e-05,0.000000e+00,3.727566e+00
6159,256,181958,1.121488e-06,6.771291e-06,9.454229e-06,9.149376e-03,3.737400e+00
6160,256,182214,1.113528e-06,6.656874e-06,9.458457e-06,1.833587e-02,3.747233e+00
6161,256,182470,1.107933e-06,6.745031e-06,9.458457e-06,2.751499e-02,3.757067e+00
6162,256,182726,1.110509e-06,3.151914e-05,6.326764e-03,0.000000e+00,3.766901e+00
6163,256,182982,1.107933e-06,3.127565e-05,6.326764e-03,0.000000e+00,3.776734e+00
6164,256,183238,1.109494e-06,3.150471e-05,6.326764e-03,0.000000e+00,3.786568e+00
6165,256,183494,1.125107e-06,6.824108e-06,3.075592e-05,0.000000e+00,3.796402e+00
6166,256,183750,1.114985e-06,5.951557e-05,1.000000e-02,0.000000e+00,3.806235e+00
6167,256,184006,1.113664e-06,3.078062e-05,6.148976e-03,0.000000e+00,3.816068e+00
6168,256,184262,1.127831e-06,5.179090e-05,6.148976e-03,0.000000e+00,3.825903e+00
6169,256,184518,1.108780e-06,1.543047e-05,2.179640e-03,0.000000e+00,3.835737e+00
6170,256,184774,1.113074e-06,1.461909e-04,1.000000e-02,0.000000e+00,3.845570e+00
6171,256,185030,1.110628e-06,7.269187e-05,6.439876e-03,0.000000e+00,3.855404e+00
6172,256,185286,1.112184e-06,9.077087e-05,9.153716e-03,0.000000e+00,3.865237e+00
6173,256,185542,1.115768e-06,5.793200e-05,6.808697e-03,0.000000e+00,3.875071e+00
6174,256,185798,1.116137e-06,5.329968e-05,6.808697e-03,0.000000e+00,3.884905e+00
6175,256,186054,1.107933e-06,4.540334e-05,6.130544e-03,0.000000e+00,3.894738e+00
6176,256,186310,1.107900e-06,2.479562e-05,4.609311e-03,0.000000e+00,3.904572e+00
6177,256,186566,1.117515e-06,2.447227e-05,4.563218e-03,0.000000e+00,3.914405e+00
6178,256,186822,1.111900e-06,2.834134e-05,5.521494e-03,0.000000e+00,3.924239e+00
6179,256,187078,1.112122e-06,2.838616e-05,5.521494e-03,0.000000e+00,3.934073e+00
6180,256,187334,1.111900e-06,6.682959e-06,9.452204e-06,0.000000e+00,3.943906e+00
6181,256,187590,1.113466e-06,6.893127e-06,9.458457e-06,9.836844e-03,3.953740e+00
6182,256,187846,1.129135e-06,2.042916e-05,3.524523e-03,0.000000e+00,3.963573e+00
6183,256,188102,1.109108e-06,6.775624e-06,9.459313e-06,0.000000e+00,3.973407e+00
6184,256,188358,1.117652e-06,9.912845e-05,1.000000e-02,0.000000e+00,3.983240e+00
6185,256,188614,1.131869e-06,6.452335e-05,7.011766e-03,0.000000e+00,3.993075e+00
6186,256,188870,1.112751e-06,1.084284e-04,1.000000e-02,0.000000e+00,4.002909e+00
6187,256,189126,1.117059e-06,3.015352e-05,5.835329e-03,0.000000e+00,4.012754e+00
6188,256,189382,1.114605e-06,6.312238e-05,8.609896e-03,0.000000e+00,4.022599e+00
6189,256,189638,1.116167e-06,6.728926e-06,9.453923e-06,1.743349e-03,4.032445e+00
6190,256,189894,1.119764e-06,6.672482e-06,9.448629e-06,1.093023e-02,4.042291e+00
6191,256,190150,1.110407e-06,6.919984e-06,9.459313e-06,2.010991e-02,4.052137e+00
HIST {'total_samples': 33472385, 'floor_samples': 0, 'floor_fraction': 0.0, 'saturation_depth': 0.0, 'boundaries': 6192, 'capped_boundaries': 413, 'unfinished_worlds': 104803}
6192,256,190406,1.109374e-06,6.577236e-06,9.457296e-06,2.929767e-02,4.061983e+00
6193,256,190662,1.111866e-06,6.743884e-06,9.459313e-06,3.847740e-02,4.071828e+00
6194,256,190918,1.112141e-06,4.574919e-05,1.000000e-02,0.000000e+00,4.081674e+00
6195,256,191174,1.108069e-06,1.416538e-05,1.904362e-03,0.000000e+00,4.091520e+00
6196,256,191430,1.116104e-06,2.171888e-05,3.524523e-03,0.000000e+00,4.101366e+00
6197,256,191686,1.115882e-06,6.690812e-06,9.451641e-06,0.000000e+00,4.111211e+00
6198,256,191942,1.117452e-06,4.583302e-05,1.000000e-02,0.000000e+00,4.121057e+00
6199,256,192198,1.109521e-06,3.065366e-05,6.148158e-03,0.000000e+00,4.130902e+00
6200,256,192454,1.108019e-06,3.072584e-05,6.148158e-03,0.000000e+00,4.140749e+00
6201,256,192710,1.112569e-06,2.115190e-05,3.684515e-03,0.000000e+00,4.150594e+00
6202,256,192966,1.135922e-06,5.890597e-05,1.000000e-02,0.000000e+00,4.160440e+00
6203,256,193222,1.108633e-06,3.096064e-05,6.169471e-03,0.000000e+00,4.170286e+00
6204,256,193478,1.121059e-06,7.377112e-05,1.000000e-02,0.000000e+00,4.180130e+00
6205,256,193734,1.110973e-06,6.334761e-05,7.783494e-03,0.000000e+00,4.189977e+00
6206,256,193990,1.109656e-06,9.714330e-05,7.705660e-03,0.000000e+00,4.199823e+00
6207,256,194246,1.123772e-06,3.416575e-05,5.794272e-03,0.000000e+00,4.209669e+00
6208,256,194502,1.114383e-06,6.856315e-05,1.000000e-02,0.000000e+00,4.219515e+00
6209,256,194758,1.109068e-06,5.664218e-05,7.022399e-03,0.000000e+00,4.229359e+00
6210,256,195014,1.115848e-06,3.420115e-05,7.022399e-03,0.000000e+00,4.239206e+00
6211,256,195270,1.108184e-06,6.817218e-06,3.145081e-05,0.000000e+00,4.249051e+00
6212,256,195526,1.111754e-06,6.724671e-06,9.455041e-06,9.078515e-03,4.258899e+00
6213,256,195782,1.112122e-06,6.840254e-06,9.458157e-06,1.825877e-02,4.268743e+00
6214,256,196038,1.119877e-06,8.472321e-05,1.000000e-02,0.000000e+00,4.278589e+00
6215,256,196294,1.121454e-06,3.416433e-05,3.524523e-03,0.000000e+00,4.288435e+00
6216,256,196550,1.113493e-06,8.480016e-05,1.000000e-02,0.000000e+00,4.298279e+00
6217,256,196806,1.107900e-06,2.833761e-05,4.918222e-03,0.000000e+00,4.308126e+00
6218,256,197062,1.110475e-06,6.699644e-05,1.000000e-02,0.000000e+00,4.317972e+00
6219,256,197318,1.107900e-06,1.420816e-05,1.904360e-03,0.000000e+00,4.327818e+00
6220,256,197574,1.109460e-06,2.933927e-05,5.479535e-03,0.000000e+00,4.337663e+00
6221,256,197830,1.125073e-06,2.770808e-05,5.370492e-03,0.000000e+00,4.347508e+00
6222,256,198086,1.114951e-06,1.079277e-04,1.000000e-02,0.000000e+00,4.357354e+00
6223,256,198342,1.113630e-06,6.208272e-05,8.256409e-03,0.000000e+00,4.367200e+00
6224,256,198598,1.128084e-06,5.399792e-05,8.609894e-03,0.000000e+00,4.377048e+00
6225,256,198854,1.108746e-06,3.193982e-05,5.544665e-03,0.000000e+00,4.386891e+00
6226,256,199110,1.113040e-06,3.289838e-05,6.710628e-03,0.000000e+00,4.396738e+00
6227,256,199366,1.119843e-06,2.259666e-05,4.070698e-03,0.000000e+00,4.406582e+00
6228,256,199622,1.112154e-06,4.583651e-05,1.000000e-02,0.000000e+00,4.416429e+00
6229,256,199878,1.116018e-06,3.060427e-05,6.129371e-03,0.000000e+00,4.426276e+00
6230,256,200134,1.116104e-06,5.256032e-05,1.000000e-02,0.000000e+00,4.436121e+00
6231,256,200390,1.107900e-06,3.747673e-05,7.892437e-03,0.000000e+00,4.445967e+00
6232,256,200646,1.107866e-06,6.970679e-05,1.000000e-02,0.000000e+00,4.455811e+00
6233,256,200902,1.108142e-06,3.413336e-05,7.022301e-03,0.000000e+00,4.465658e+00
6234,256,201158,1.111866e-06,3.415818e-05,7.022301e-03,0.000000e+00,4.475503e+00
6235,256,201414,1.112089e-06,6.883419e-06,9.440450e-06,1.951279e-03,4.485350e+00
6236,256,201670,1.111866e-06,6.702857e-06,9.451903e-06,1.113741e-02,4.495195e+00
6237,256,201926,1.113432e-06,6.923062e-06,9.450432e-06,2.031919e-02,4.505040e+00
6238,256,202182,1.108539e-06,6.736004e-06,9.455041e-06,2.950679e-02,4.514887e+00
6239,256,202438,1.109073e-06,6.764501e-06,9.459040e-06,3.869373e-02,4.524731e+00
HIST {'total_samples': 36599298, 'floor_samples': 0, 'floor_fraction': 0.0, 'saturation_depth': 0.0, 'boundaries': 6240, 'capped_boundaries': 461, 'unfinished_worlds': 117014}
6240,256,202694,1.117617e-06,3.165533e-05,6.357474e-03,0.000000e+00,4.534579e+00
6241,256,202950,1.132122e-06,3.149933e-05,6.357474e-03,0.000000e+00,4.544424e+00
6242,256,203206,1.112716e-06,8.232400e-05,1.000000e-02,0.000000e+00,4.554270e+00
6243,256,203462,1.117025e-06,3.741618e-05,7.012882e-03,0.000000e+00,4.564116e+00
6244,256,203718,1.123852e-06,1.122608e-04,1.000000e-02,0.000000e+00,4.573960e+00
6245,256,203974,1.116137e-06,3.427287e-05,6.129305e-03,0.000000e+00,4.583807e+00
6246,256,204230,1.120015e-06,7.908102e-06,3.082722e-04,0.000000e+00,4.593653e+00
6247,256,204486,1.109035e-06,6.984596e-06,9.459040e-06,7.612130e-03,4.603499e+00
6248,256,204742,1.111866e-06,1.058879e-05,1.014836e-03,0.000000e+00,4.613344e+00
6249,256,204998,1.111832e-06,6.805060e-06,9.459040e-06,2.852969e-03,4.623189e+00
6250,256,205254,1.112109e-06,7.521517e-06,1.810590e-04,0.000000e+00,4.633036e+00
6251,256,205510,1.108036e-06,6.813071e-06,9.440233e-06,4.502874e-03,4.642882e+00
6252,256,205766,1.116070e-06,4.717178e-05,1.000000e-02,0.000000e+00,4.652728e+00
6253,256,206022,1.115848e-06,3.065982e-05,6.129375e-03,0.000000e+00,4.662572e+00
6254,256,206278,1.120584e-06,5.321723e-05,5.794272e-03,0.000000e+00,4.672419e+00
6255,256,206534,1.109487e-06,5.315224e-05,6.108453e-03,0.000000e+00,4.682264e+00
6256,256,206790,1.107985e-06,5.863209e-05,7.011070e-03,0.000000e+00,4.692110e+00
6257,256,207046,1.112535e-06,4.086633e-05,7.011070e-03,0.000000e+00,4.701956e+00
6258,256,207302,1.124169e-06,2.876663e-05,5.430108e-03,0.000000e+00,4.711802e+00
6259,256,207558,1.108600e-06,7.367995e-06,1.138036e-04,0.000000e+00,4.721648e+00
6260,256,207814,1.121024e-06,6.535971e-05,1.000000e-02,0.000000e+00,4.731492e+00
6261,256,208070,1.110938e-06,2.861144e-05,5.500174e-03,0.000000e+00,4.741339e+00
6262,256,208326,1.120135e-06,4.987162e-05,1.000000e-02,0.000000e+00,4.751185e+00
6263,256,208582,1.112146e-06,3.190178e-05,6.439876e-03,0.000000e+00,4.761031e+00
6264,256,208838,1.113006e-06,5.299095e-05,6.375477e-03,0.000000e+00,4.455393e+00
6265,256,209094,1.109035e-06,5.434456e-05,6.354907e-03,0.000000e+00,4.464576e+00
6266,256,209350,1.115813e-06,2.956719e-05,5.835329e-03,0.000000e+00,4.473754e+00
6267,256,209606,1.108154e-06,6.928258e-06,2.339783e-05,0.000000e+00,4.482937e+00
6268,256,209862,1.112003e-06,3.169006e-05,6.375477e-03,0.000000e+00,4.492124e+00
6269,256,210118,1.112089e-06,2.966930e-05,5.835329e-03,0.000000e+00,4.501299e+00
6270,256,210374,1.119843e-06,6.509090e-05,6.375477e-03,0.000000e+00,4.510483e+00
6271,256,210630,1.112146e-06,4.783937e-05,5.835329e-03,0.000000e+00,4.519660e+00
6272,256,210886,1.113459e-06,1.185940e-04,1.000000e-02,0.000000e+00,4.527431e+00
6273,256,211142,1.107866e-06,5.046091e-05,6.129300e-03,0.000000e+00,4.536609e+00
6274,256,211398,1.110624e-06,6.861646e-05,1.000000e-02,0.000000e+00,4.545791e+00
6275,256,211654,1.107866e-06,3.088786e-05,6.149244e-03,0.000000e+00,4.554978e+00
6276,256,211910,1.112569e-06,3.487412e-05,6.149244e-03,0.000000e+00,4.562240e+00
6277,256,212166,1.125038e-06,8.046139e-06,3.041027e-04,0.000000e+00,4.571424e+00
6278,256,212422,1.114917e-06,1.487961e-04,1.000000e-02,0.000000e+00,4.482886e+00
6279,256,212678,1.124145e-06,9.789625e-05,6.439876e-03,0.000000e+00,4.492063e+00
6280,256,212934,1.116131e-06,7.600159e-05,5.835329e-03,0.000000e+00,4.501246e+00
6281,256,213190,1.108713e-06,1.967620e-05,3.235582e-03,0.000000e+00,4.510423e+00
6282,256,213446,1.113006e-06,6.813035e-06,9.451805e-06,4.813448e-05,4.519607e+00
6283,256,213702,1.119809e-06,6.716885e-06,9.407726e-06,9.237242e-03,4.528785e+00
6284,256,213958,1.112122e-06,6.899003e-06,9.455041e-06,1.842380e-02,4.537970e+00
6285,256,214214,1.115984e-06,6.757896e-06,9.423551e-06,2.760437e-02,4.547154e+00
6286,256,214470,1.116070e-06,6.943668e-06,9.439676e-06,3.679179e-02,4.556330e+00
6287,256,214726,1.107866e-06,6.804694e-06,9.459040e-06,4.597178e-02,4.565514e+00
HIST {'total_samples': 39723336, 'floor_samples': 0, 'floor_fraction': 0.0, 'saturation_depth': 0.0, 'boundaries': 6288, 'capped_boundaries': 509, 'unfinished_worlds': 129213}
6288,256,214982,1.107832e-06,2.944223e-05,5.794272e-03,0.000000e+00,4.574691e+00
6289,256,215238,1.108106e-06,2.952610e-05,5.794272e-03,0.000000e+00,4.583878e+00
6290,256,215494,1.108930e-06,7.689322e-05,6.375477e-03,0.000000e+00,4.554718e+00
6291,256,215750,1.112053e-06,7.490246e-05,5.835329e-03,0.000000e+00,4.563896e+00
6292,256,216006,1.111832e-06,9.008570e-05,8.084082e-03,0.000000e+00,4.570984e+00
6293,256,216262,1.116552e-06,3.433025e-05,7.011070e-03,0.000000e+00,4.580171e+00
6294,256,216518,1.108508e-06,6.150910e-05,7.635056e-03,0.000000e+00,4.531802e+00
6295,256,216774,1.109039e-06,4.290223e-05,5.835329e-03,0.000000e+00,4.540981e+00
6296,256,217030,1.128169e-06,3.116192e-05,5.835329e-03,0.000000e+00,4.550167e+00
6297,256,217286,1.120129e-06,6.816507e-06,9.426832e-06,0.000000e+00,4.559350e+00
6298,256,217542,1.112682e-06,4.259420e-05,9.153807e-03,0.000000e+00,4.568528e+00
6299,256,217798,1.116991e-06,8.775614e-06,5.150925e-04,0.000000e+00,4.577711e+00
6300,256,218054,1.123818e-06,4.733300e-05,1.000000e-02,0.000000e+00,4.559375e+00
6301,256,218310,1.116104e-06,3.100565e-05,6.191321e-03,0.000000e+00,4.568552e+00
6302,256,218566,1.108150e-06,7.822111e-05,1.000000e-02,0.000000e+00,4.574022e+00
6303,256,218822,1.109001e-06,3.140255e-05,6.148993e-03,0.000000e+00,4.583868e+00
6304,256,219078,1.111832e-06,4.917377e-05,1.000000e-02,0.000000e+00,4.593713e+00
6305,256,219334,1.111799e-06,3.408049e-05,7.003855e-03,0.000000e+00,4.603561e+00
6306,256,219590,1.112075e-06,6.938530e-06,2.263349e-05,0.000000e+00,4.613408e+00
6307,256,219846,1.108001e-06,6.823078e-06,9.439977e-06,9.160270e-03,4.623254e+00
6308,256,220102,1.116035e-06,1.275319e-05,1.512668e-03,0.000000e+00,4.633099e+00
6309,256,220358,1.115813e-06,8.979607e-06,5.500625e-04,0.000000e+00,4.642945e+00
6310,256,220614,1.108150e-06,6.959488e-05,1.000000e-02,0.000000e+00,4.652792e+00
6311,256,220870,1.109454e-06,3.435301e-05,7.003825e-03,0.000000e+00,4.662640e+00
6312,256,221126,1.107950e-06,3.412353e-05,7.003825e-03,0.000000e+00,4.672485e+00
6313,256,221382,1.132210e-06,8.140612e-06,3.488461e-04,0.000000e+00,4.682331e+00
6314,256,221638,1.124141e-06,1.239556e-04,1.000000e-02,0.000000e+00,4.692177e+00
6315,256,221894,1.108566e-06,4.840970e-05,6.164613e-03,0.000000e+00,4.702022e+00
6316,256,222150,1.120990e-06,1.169319e-04,1.000000e-02,0.000000e+00,4.711870e+00
6317,256,222406,1.110905e-06,4.858071e-05,6.149007e-03,0.000000e+00,4.721716e+00
6318,256,222662,1.120100e-06,8.936027e-05,1.000000e-02,0.000000e+00,4.731563e+00
6319,256,222918,1.112118e-06,4.641712e-05,6.149061e-03,0.000000e+00,4.741409e+00
6320,256,223174,1.112971e-06,1.348426e-05,1.103492e-03,0.000000e+00,4.751255e+00
6321,256,223430,1.109001e-06,6.718573e-06,9.439676e-06,3.761673e-03,4.761101e+00
6322,256,223686,1.115779e-06,6.713215e-06,9.454504e-06,1.295183e-02,4.770948e+00
6323,256,223942,1.108119e-06,6.775439e-06,9.459313e-06,2.213947e-02,4.780796e+00
6324,256,224198,1.111969e-06,6.784669e-06,9.445549e-06,8.251341e-04,4.790640e+00
6325,256,224454,1.112053e-06,6.785086e-06,9.448629e-06,1.001041e-02,4.800487e+00
6326,256,224710,1.119809e-06,6.765585e-06,9.454786e-06,1.919154e-02,4.810332e+00
6327,256,224966,1.112118e-06,6.841416e-06,9.451327e-06,2.837772e-02,4.820179e+00
6328,256,225222,1.113425e-06,6.760501e-06,9.448062e-06,3.756688e-02,4.830028e+00
6329,256,225478,1.107832e-06,6.796740e-06,9.438077e-06,4.674783e-02,4.839872e+00
6330,256,225734,1.110595e-06,2.982366e-05,5.903435e-03,0.000000e+00,4.849720e+00
6331,256,225990,1.107832e-06,3.210343e-05,6.493778e-03,0.000000e+00,4.859564e+00
6332,256,226246,1.112535e-06,6.887581e-06,9.428732e-06,1.130331e-03,4.869411e+00
6333,256,226502,1.125004e-06,6.765678e-06,9.445159e-06,1.032060e-02,4.879257e+00
6334,256,226758,1.114882e-06,5.962376e-05,1.000000e-02,0.000000e+00,4.559358e+00
6335,256,227014,1.124110e-06,3.280579e-05,6.439876e-03,0.000000e+00,4.568535e+00
HIST {'total_samples': 42850855, 'floor_samples': 0, 'floor_fraction': 0.0, 'saturation_depth': 0.0, 'boundaries': 6336, 'capped_boundaries': 557, 'unfinished_worlds': 141427}
6336,256,227270,1.116101e-06,5.018122e-05,1.000000e-02,0.000000e+00,4.527303e+00
6337,256,227526,1.108678e-06,2.046258e-05,3.476892e-03,0.000000e+00,4.536485e+00
6338,256,227782,1.112971e-06,6.766026e-06,1.176138e-05,0.000000e+00,4.545663e+00
6339,256,228038,1.109067e-06,6.735409e-06,9.405436e-06,9.177762e-03,4.554846e+00
6340,256,228294,1.112089e-06,6.789195e-06,9.454786e-06,1.836469e-02,4.564025e+00
6341,256,228550,1.106989e-06,6.764680e-06,9.423262e-06,2.754554e-02,4.573212e+00
6342,256,228806,1.116035e-06,4.593741e-05,1.000000e-02,0.000000e+00,4.545890e+00
6343,256,229062,1.107832e-06,3.073439e-05,6.148992e-03,0.000000e+00,4.555069e+00
6344,256,229318,1.107798e-06,1.023978e-05,8.740820e-04,0.000000e+00,4.564254e+00
6345,256,229574,1.108073e-06,6.763164e-06,9.449776e-06,0.000000e+00,4.573438e+00
6346,256,229830,1.108899e-06,4.583703e-05,1.000000e-02,0.000000e+00,4.550163e+00
6347,256,230086,1.112020e-06,3.423123e-05,7.017251e-03,0.000000e+00,4.559347e+00
6348,256,230342,1.111799e-06,3.417001e-05,7.017251e-03,0.000000e+00,4.568525e+00
6349,256,230598,1.116518e-06,7.604286e-06,1.746970e-04,0.000000e+00,4.577708e+00
6350,256,230854,1.108476e-06,7.686803e-05,1.000000e-02,0.000000e+00,4.555470e+00
6351,256,231110,1.109006e-06,6.124350e-05,7.787982e-03,0.000000e+00,4.564647e+00
6352,256,231366,1.128136e-06,1.218961e-05,1.131387e-03,0.000000e+00,4.573830e+00
6353,256,231622,1.120099e-06,6.782482e-06,9.426542e-06,4.523722e-03,4.583008e+00
6354,256,231878,1.112648e-06,5.080188e-05,1.000000e-02,0.000000e+00,4.458354e+00
6355,256,232134,1.116957e-06,3.299618e-05,6.149000e-03,0.000000e+00,4.467536e+00
6356,256,232390,1.113037e-06,1.015303e-05,8.740803e-04,0.000000e+00,4.476714e+00
6357,256,232646,1.116070e-06,6.718723e-06,9.442397e-06,0.000000e+00,4.485897e+00
6358,256,232902,1.108119e-06,6.729911e-06,9.439383e-06,9.837852e-03,4.495076e+00
6359,256,233158,1.108967e-06,6.882477e-06,9.458457e-06,1.967507e-02,4.504262e+00
6360,256,233414,1.111799e-06,6.677581e-06,9.453059e-06,2.951147e-02,4.513445e+00
6361,256,233670,1.111765e-06,6.749810e-06,9.458457e-06,3.934873e-02,4.522623e+00
6362,256,233926,1.112041e-06,6.770663e-06,9.455953e-06,4.918514e-02,4.531806e+00
6363,256,234182,1.107967e-06,6.811428e-06,9.443817e-06,5.902296e-02,4.540984e+00
6364,256,234438,1.116002e-06,4.585140e-05,1.000000e-02,0.000000e+00,4.550170e+00
6365,256,234694,1.115779e-06,7.441581e-06,1.748759e-04,0.000000e+00,4.559354e+00
6366,256,234950,1.108119e-06,6.804654e-06,9.440258e-06,9.127477e-03,4.568532e+00
6367,256,235206,1.112444e-06,6.757007e-06,9.439982e-06,1.830866e-02,4.577715e+00
6368,256,235462,1.107917e-06,4.583077e-05,1.000000e-02,0.000000e+00,4.559347e+00
6369,256,235718,1.117552e-06,3.076675e-05,6.148966e-03,0.000000e+00,4.568525e+00
6370,256,235974,1.124111e-06,8.593638e-05,1.000000e-02,0.000000e+00,4.465705e+00
6371,256,236230,1.108531e-06,5.877476e-05,7.169354e-03,0.000000e+00,4.475551e+00
6372,256,236486,1.120956e-06,2.855563e-05,5.329194e-03,0.000000e+00,4.485397e+00
6373,256,236742,1.110871e-06,6.800055e-06,9.442259e-06,0.000000e+00,4.495242e+00
6374,256,236998,1.120065e-06,6.681292e-06,9.452513e-06,9.837232e-03,4.505089e+00
6375,256,237254,1.112089e-06,6.751672e-06,9.435371e-06,1.967484e-02,4.514936e+00
6376,256,237510,1.112938e-06,6.827963e-06,9.444002e-06,2.951253e-02,4.524783e+00
6377,256,237766,1.108967e-06,6.670539e-06,9.439383e-06,3.934884e-02,4.534628e+00
6378,256,238022,1.115746e-06,6.661696e-06,9.443148e-06,4.918610e-02,4.544474e+00
6379,256,238278,1.108086e-06,6.681609e-06,9.459040e-06,5.902242e-02,4.554320e+00
6380,256,238534,1.111935e-06,6.755749e-06,9.457683e-06,6.881643e-02,4.564166e+00
6381,256,238790,1.112020e-06,6.748644e-06,9.405436e-06,7.800362e-02,4.574015e+00
6382,256,239046,1.119774e-06,6.715576e-06,9.443429e-06,8.718519e-02,4.583859e+00
6383,256,239302,1.112089e-06,6.775324e-06,9.451040e-06,9.637386e-02,4.593706e+00
HIST {'total_samples': 45987367, 'floor_samples': 0, 'floor_fraction': 0.0, 'saturation_depth': 0.0, 'boundaries': 6384, 'capped_boundaries': 605, 'unfinished_worlds': 153677}
6384,256,239558,1.116428e-06,4.029226e-05,8.609361e-03,0.000000e+00,4.603551e+00
6385,256,239814,1.107798e-06,6.779659e-06,9.437779e-06,5.914222e-03,4.613398e+00
6386,256,240070,1.110559e-06,8.483460e-05,1.000000e-02,0.000000e+00,4.623245e+00
6387,256,240326,1.107798e-06,2.419041e-05,4.488178e-03,0.000000e+00,4.633090e+00
6388,256,240582,1.109482e-06,4.260621e-05,8.609885e-03,0.000000e+00,4.642938e+00
6389,256,240838,1.124969e-06,7.253877e-06,1.506879e-04,0.000000e+00,4.652782e+00
6390,256,241094,1.114848e-06,8.483898e-05,1.000000e-02,0.000000e+00,4.662629e+00
6391,256,241350,1.109560e-06,3.174684e-05,6.149008e-03,0.000000e+00,4.672475e+00
6392,256,241606,1.116070e-06,4.353309e-05,9.151016e-03,0.000000e+00,4.682322e+00
6393,256,241862,1.108645e-06,8.337477e-06,4.029955e-04,0.000000e+00,4.692169e+00
6394,256,242118,1.112938e-06,4.575583e-05,1.000000e-02,0.000000e+00,4.702013e+00
6395,256,242374,1.109034e-06,3.074317e-05,6.178111e-03,0.000000e+00,4.711860e+00
6396,256,242630,1.112053e-06,2.144540e-05,3.783670e-03,0.000000e+00,4.721705e+00
6397,256,242886,1.106957e-06,1.538781e-05,2.251694e-03,0.000000e+00,4.731554e+00
6398,256,243142,1.106441e-06,9.528799e-05,1.000000e-02,0.000000e+00,4.741400e+00
6399,256,243398,1.107798e-06,5.327963e-05,7.025804e-03,0.000000e+00,4.751245e+00
6400,256,243654,1.107764e-06,5.524746e-05,7.025804e-03,0.000000e+00,4.761092e+00
6401,256,243910,1.108039e-06,6.960022e-06,5.059926e-05,0.000000e+00,4.770936e+00
6402,256,244166,1.108865e-06,8.476682e-05,1.000000e-02,0.000000e+00,4.780785e+00
6403,256,244422,1.111986e-06,3.117722e-05,6.149002e-03,0.000000e+00,4.790631e+00
6404,256,244678,1.111765e-06,3.743583e-05,7.013025e-03,0.000000e+00,4.800477e+00
6405,256,244934,1.113455e-06,7.856637e-06,2.810888e-04,0.000000e+00,4.810323e+00
6406,256,245190,1.108442e-06,4.569841e-05,1.000000e-02,0.000000e+00,4.820168e+00
6407,256,245446,1.108973e-06,3.404618e-05,7.012920e-03,0.000000e+00,4.830016e+00
6408,256,245702,1.113532e-06,7.741664e-05,1.000000e-02,0.000000e+00,4.839860e+00
6409,256,245958,1.120065e-06,3.371939e-05,6.439876e-03,0.000000e+00,4.849709e+00
6410,256,246214,1.112615e-06,2.933428e-05,4.690447e-03,0.000000e+00,4.859554e+00
6411,256,246470,1.116923e-06,9.294965e-06,6.889084e-04,0.000000e+00,4.869400e+00
6412,256,246726,1.113003e-06,4.563459e-05,1.000000e-02,0.000000e+00,4.879246e+00
6413,256,246982,1.116035e-06,2.594943e-05,4.928045e-03,0.000000e+00,4.889091e+00
6414,256,247238,1.108086e-06,6.750257e-05,1.000000e-02,0.000000e+00,4.898940e+00
6415,256,247494,1.108934e-06,3.076004e-05,6.149005e-03,0.000000e+00,4.908785e+00
6416,256,247750,1.111765e-06,5.090583e-05,1.000000e-02,0.000000e+00,4.583859e+00
6417,256,248006,1.111731e-06,2.036893e-05,3.524523e-03,0.000000e+00,4.593706e+00
6418,256,248262,1.112006e-06,4.577472e-05,1.000000e-02,0.000000e+00,4.603551e+00
6419,256,248518,1.107933e-06,3.060087e-05,6.148985e-03,0.000000e+00,4.613398e+00
6420,256,248774,1.118527e-06,4.962900e-05,1.000000e-02,0.000000e+00,4.623245e+00
6421,256,249030,1.115746e-06,3.405374e-05,7.022396e-03,0.000000e+00,4.633090e+00
6422,256,249286,1.108086e-06,3.413089e-05,7.022396e-03,0.000000e+00,4.642938e+00
6423,256,249542,1.112410e-06,1.956537e-05,3.304596e-03,0.000000e+00,4.652782e+00
6424,256,249798,1.107883e-06,2.911060e-05,3.958575e-03,0.000000e+00,4.662629e+00
6425,256,250054,1.117519e-06,2.912959e-05,4.789877e-03,0.000000e+00,4.672475e+00
6426,256,250310,1.124077e-06,1.157114e-05,1.274496e-03,0.000000e+00,4.682322e+00
6427,256,250566,1.108498e-06,8.997999e-06,5.888156e-04,0.000000e+00,4.692169e+00
6428,256,250822,1.120922e-06,6.627072e-06,9.457109e-06,3.884584e-03,4.702013e+00
6429,256,251078,1.110838e-06,6.609518e-06,9.441982e-06,1.306654e-02,4.711860e+00
6430,256,251334,1.120031e-06,4.570442e-05,1.000000e-02,0.000000e+00,4.721705e+00
6431,256,251590,1.112053e-06,3.056356e-05,6.149011e-03,0.000000e+00,4.731554e+00
HIST {'total_samples': 49114948, 'floor_samples': 0, 'floor_fraction': 0.0, 'saturation_depth': 0.0, 'boundaries': 6432, 'capped_boundaries': 653, 'unfinished_worlds': 165891}
6432,256,251846,1.112904e-06,4.687790e-05,1.000000e-02,0.000000e+00,4.741400e+00
6433,256,252102,1.108934e-06,3.051717e-05,6.148980e-03,0.000000e+00,4.751245e+00
6434,256,252358,1.115712e-06,8.390061e-06,2.740799e-04,0.000000e+00,4.761092e+00
6435,256,252614,1.108052e-06,6.704031e-06,9.458741e-06,4.523693e-03,4.770936e+00
6436,256,252870,1.111900e-06,8.456016e-05,1.000000e-02,0.000000e+00,4.780785e+00
6437,256,253126,1.111986e-06,3.179431e-05,6.149048e-03,0.000000e+00,4.790631e+00
6438,256,253382,1.119740e-06,7.589048e-06,2.740750e-04,0.000000e+00,4.800477e+00
6439,256,253638,1.109806e-06,6.654457e-06,9.444872e-06,4.523792e-03,4.810323e+00
6440,256,253894,1.106971e-06,6.673221e-06,9.447488e-06,1.371094e-02,4.820168e+00
6441,256,254150,1.107764e-06,6.547930e-06,9.437497e-06,2.289197e-02,4.830016e+00
6442,256,254406,1.110527e-06,1.238409e-04,1.000000e-02,0.000000e+00,4.839860e+00
6443,256,254662,1.107764e-06,8.187295e-05,7.012899e-03,0.000000e+00,4.849709e+00
6444,256,254918,1.109453e-06,3.853412e-05,7.012899e-03,0.000000e+00,4.859554e+00
6445,256,255174,1.124935e-06,2.009482e-05,3.464649e-03,0.000000e+00,4.869400e+00
6446,256,255430,1.114814e-06,5.474900e-05,1.000000e-02,0.000000e+00,4.879246e+00
6447,256,255686,1.109526e-06,9.015986e-06,6.142445e-04,0.000000e+00,4.889091e+00
6448,256,255942,1.116036e-06,4.675778e-05,1.000000e-02,0.000000e+00,4.898940e+00
6449,256,256198,1.108611e-06,2.584449e-05,4.905743e-03,0.000000e+00,4.908785e+00
6450,256,256454,1.113378e-06,7.204806e-05,1.000000e-02,0.000000e+00,4.780772e+00
6451,256,256710,1.108999e-06,5.528371e-05,6.744093e-03,0.000000e+00,4.790618e+00
6452,256,256966,1.112020e-06,1.403418e-04,1.000000e-02,0.000000e+00,4.800467e+00
6453,256,257222,1.106923e-06,4.685037e-05,8.284296e-03,0.000000e+00,4.810312e+00
6454,256,257478,1.106408e-06,4.958356e-05,1.000000e-02,0.000000e+00,4.820158e+00
6455,256,257734,1.107764e-06,3.047650e-05,6.148987e-03,0.000000e+00,4.830003e+00
6456,256,257990,1.107731e-06,7.641607e-06,2.740794e-04,0.000000e+00,4.839849e+00
6457,256,258246,1.108006e-06,6.656900e-06,9.439383e-06,4.523703e-03,4.849696e+00
6458,256,258502,1.108831e-06,4.223491e-05,9.150945e-03,0.000000e+00,4.859543e+00
6459,256,258758,1.114503e-06,7.037812e-06,7.304467e-05,0.000000e+00,4.869389e+00
6460,256,259014,1.111731e-06,6.542381e-06,9.438241e-06,8.932400e-03,4.879234e+00
6461,256,259270,1.113425e-06,6.730398e-06,9.439109e-06,1.811470e-02,4.889081e+00
6462,256,259526,1.108408e-06,8.469490e-05,1.000000e-02,0.000000e+00,4.898926e+00
6463,256,259782,1.108938e-06,5.787531e-05,7.012895e-03,0.000000e+00,4.908775e+00
6464,256,260038,1.113499e-06,7.415708e-05,1.000000e-02,0.000000e+00,4.751274e+00
6465,256,260294,1.120031e-06,3.549176e-05,7.012976e-03,0.000000e+00,4.761120e+00
6466,256,260550,1.112580e-06,7.797138e-05,9.153714e-03,0.000000e+00,4.770967e+00
6467,256,260806,1.117364e-06,8.965788e-06,5.150998e-04,0.000000e+00,4.780812e+00
6468,256,261062,1.112970e-06,4.230454e-05,9.151029e-03,0.000000e+00,4.790659e+00
6469,256,261318,1.116002e-06,7.538968e-06,2.335322e-04,0.000000e+00,4.800506e+00
