boundary,iters,cum_iters,ideal_min,ideal_mean,ideal_max,resid_min,resid_max
0,5,5,5.022264e-03,9.121515e-03,1.089000e-02,0.000000e+00,0.000000e+00
1,3,8,4.629968e-03,9.029803e-03,1.089000e-02,0.000000e+00,0.000000e+00
2,6,14,3.838865e-04,7.831061e-03,1.089000e-02,0.000000e+00,0.000000e+00
3,8,22,2.733525e-04,6.029485e-03,1.264358e-02,0.000000e+00,0.000000e+00
4,7,29,5.876645e-05,5.935789e-03,1.237642e-02,0.000000e+00,0.000000e+00
5,8,37,6.114133e-06,6.081482e-03,1.152999e-02,0.000000e+00,0.000000e+00
6,8,45,6.090850e-05,6.178353e-03,1.223407e-02,0.000000e+00,0.000000e+00
7,8,53,7.147901e-06,6.023248e-03,1.089000e-02,0.000000e+00,0.000000e+00
8,8,61,2.796296e-05,4.797672e-03,1.000000e-02,0.000000e+00,0.000000e+00
9,8,69,1.686160e-05,4.990018e-03,1.085265e-02,0.000000e+00,0.000000e+00
10,8,77,1.601083e-04,4.824636e-03,1.089000e-02,0.000000e+00,0.000000e+00
11,9,86,6.463379e-06,4.648078e-03,1.029831e-02,0.000000e+00,0.000000e+00
12,11,97,3.385358e-06,5.008835e-03,1.148075e-02,0.000000e+00,0.000000e+00
13,12,109,1.536682e-07,4.783791e-03,1.273762e-02,0.000000e+00,0.000000e+00
14,10,119,3.948808e-06,4.944891e-03,1.259937e-02,0.000000e+00,0.000000e+00
15,9,128,5.499460e-06,5.070824e-03,1.092206e-02,0.000000e+00,0.000000e+00
16,9,137,1.894776e-05,5.408222e-03,1.339249e-02,0.000000e+00,0.000000e+00
17,8,145,2.868474e-06,5.514039e-03,1.203111e-02,0.000000e+00,0.000000e+00
18,9,154,7.310882e-07,5.723314e-03,1.256664e-02,0.000000e+00,0.000000e+00
19,10,164,2.774876e-05,5.822891e-03,1.168020e-02,0.000000e+00,0.000000e+00
20,9,173,2.819113e-05,6.216671e-03,1.459384e-02,0.000000e+00,0.000000e+00
21,9,182,1.859851e-05,6.202053e-03,1.394566e-02,0.000000e+00,0.000000e+00
22,10,192,3.427267e-06,6.402682e-03,1.329451e-02,0.000000e+00,0.000000e+00
23,9,201,1.855195e-05,6.270600e-03,1.338784e-02,0.000000e+00,0.000000e+00
24,8,209,4.068483e-05,6.579015e-03,1.354997e-02,0.000000e+00,0.000000e+00
25,8,217,2.412125e-06,6.470154e-03,1.257857e-02,0.000000e+00,0.000000e+00
26,9,226,1.131557e-06,6.819345e-03,1.409230e-02,0.000000e+00,0.000000e+00
27,8,234,1.778826e-06,6.670310e-03,1.369561e-02,0.000000e+00,0.000000e+00
28,9,243,1.878478e-05,6.971505e-03,1.560978e-02,0.000000e+00,0.000000e+00
29,8,251,1.560897e-05,6.767507e-03,1.255320e-02,0.000000e+00,0.000000e+00
30,8,259,2.962537e-05,7.126593e-03,1.428590e-02,0.000000e+00,0.000000e+00
31,7,266,1.679175e-05,6.906182e-03,1.305262e-02,0.000000e+00,0.000000e+00
32,8,274,9.739771e-05,7.325874e-03,1.442367e-02,0.000000e+00,0.000000e+00
33,10,284,5.733222e-05,7.077675e-03,1.462097e-02,0.000000e+00,0.000000e+00
34,9,293,1.166947e-05,7.477380e-03,1.598257e-02,0.000000e+00,0.000000e+00
35,8,301,8.950010e-05,7.245803e-03,1.384714e-02,0.000000e+00,0.000000e+00
36,7,308,5.485490e-06,7.657412e-03,1.817826e-02,0.000000e+00,0.000000e+00
37,8,316,3.516674e-05,7.338138e-03,1.478268e-02,0.000000e+00,0.000000e+00
38,7,323,1.091510e-05,7.711045e-03,1.504692e-02,0.000000e+00,0.000000e+00
39,8,331,9.908341e-05,7.425321e-03,1.347135e-02,0.000000e+00,0.000000e+00
40,8,339,1.285691e-05,7.810487e-03,1.400948e-02,0.000000e+00,0.000000e+00
41,9,348,6.211922e-05,7.364403e-03,1.635469e-02,0.000000e+00,0.000000e+00
42,9,357,1.061754e-04,7.828495e-03,1.689481e-02,0.000000e+00,0.000000e+00
43,10,367,2.764165e-05,7.450309e-03,1.445593e-02,0.000000e+00,0.000000e+00
44,11,378,2.607703e-06,7.737790e-03,1.817689e-02,0.000000e+00,0.000000e+00
45,11,389,1.061708e-06,7.357181e-03,1.370627e-02,0.000000e+00,0.000000e+00
46,9,398,1.486391e-05,7.633956e-03,1.685502e-02,0.000000e+00,0.000000e+00
47,9,407,4.264526e-05,7.367272e-03,1.293675e-02,0.000000e+00,0.000000e+00
HIST {'total_samples': 286405, 'floor_samples': 3, 'floor_fraction': 1.0474677467222988e-05, 'saturation_depth': 1.5366822481155396e-07, 'boundaries': 48, 'capped_boundaries': 0, 'unfinished_worlds': 0}
48,10,417,4.294328e-05,7.575417e-03,1.729399e-02,0.000000e+00,0.000000e+00
49,14,431,4.936010e-07,7.322773e-03,1.753846e-02,0.000000e+00,0.000000e+00
50,13,444,1.275912e-05,7.488367e-03,1.587152e-02,0.000000e+00,0.000000e+00
51,13,457,1.819804e-05,7.182293e-03,1.348811e-02,0.000000e+00,0.000000e+00
52,13,470,9.629875e-06,7.223536e-03,1.817041e-02,0.000000e+00,0.000000e+00
53,13,483,3.678724e-07,7.133236e-03,1.774442e-02,0.000000e+00,0.000000e+00
54,13,496,1.360662e-05,7.137673e-03,1.816749e-02,0.000000e+00,0.000000e+00
55,15,511,1.219101e-05,6.829618e-03,1.393175e-02,0.000000e+00,0.000000e+00
56,15,526,2.114102e-06,6.956993e-03,1.722635e-02,0.000000e+00,0.000000e+00
57,16,542,1.021428e-04,6.814306e-03,1.594405e-02,0.000000e+00,0.000000e+00
58,13,555,6.030314e-06,6.988031e-03,1.820287e-02,0.000000e+00,0.000000e+00
59,14,569,4.628673e-06,6.648775e-03,1.766422e-02,0.000000e+00,0.000000e+00
60,13,582,2.704095e-05,6.715275e-03,1.817483e-02,0.000000e+00,0.000000e+00
61,14,596,3.057066e-05,6.463841e-03,1.450661e-02,0.000000e+00,0.000000e+00
62,15,611,3.590249e-06,6.652921e-03,1.771085e-02,0.000000e+00,0.000000e+00
63,17,628,5.378854e-05,6.324999e-03,1.523215e-02,0.000000e+00,0.000000e+00
64,19,647,4.119240e-05,6.411985e-03,1.736821e-02,0.000000e+00,0.000000e+00
65,18,665,6.575137e-06,6.096365e-03,1.643970e-02,0.000000e+00,0.000000e+00
66,15,680,5.434267e-06,6.247609e-03,1.784685e-02,0.000000e+00,0.000000e+00
67,17,697,1.772307e-05,6.032451e-03,1.626001e-02,0.000000e+00,0.000000e+00
68,19,716,1.210719e-05,6.091408e-03,1.720664e-02,0.000000e+00,0.000000e+00
69,19,735,6.030314e-06,5.910039e-03,1.600515e-02,0.000000e+00,0.000000e+00
70,17,752,9.508803e-06,6.067938e-03,1.647784e-02,0.000000e+00,0.000000e+00
71,21,773,4.125759e-06,5.780563e-03,1.748307e-02,0.000000e+00,0.000000e+00
72,15,788,8.940697e-06,5.936049e-03,1.632485e-02,0.000000e+00,0.000000e+00
73,17,805,1.657289e-05,5.756072e-03,1.594405e-02,0.000000e+00,0.000000e+00
74,16,821,8.149073e-07,5.880754e-03,1.817041e-02,0.000000e+00,0.000000e+00
75,18,839,2.802815e-05,5.582425e-03,1.612908e-02,0.000000e+00,0.000000e+00
76,18,857,2.970919e-06,5.794704e-03,1.753491e-02,0.000000e+00,0.000000e+00
77,18,875,3.864989e-06,5.603135e-03,1.817041e-02,0.000000e+00,0.000000e+00
78,17,892,1.491513e-05,5.800515e-03,1.772019e-02,0.000000e+00,0.000000e+00
79,19,911,3.725290e-08,5.543475e-03,1.817925e-02,0.000000e+00,0.000000e+00
80,22,933,4.776288e-05,5.656214e-03,1.817925e-02,0.000000e+00,0.000000e+00
81,33,966,6.905757e-06,5.508245e-03,1.817041e-02,0.000000e+00,0.000000e+00
82,22,988,2.115965e-05,5.629327e-03,1.697163e-02,0.000000e+00,0.000000e+00
83,17,1005,9.150244e-06,5.480692e-03,1.817925e-02,0.000000e+00,0.000000e+00
84,25,1030,2.272427e-06,5.657211e-03,1.638363e-02,0.000000e+00,0.000000e+00
85,20,1050,1.827255e-05,5.413628e-03,1.817041e-02,0.000000e+00,0.000000e+00
86,16,1066,1.800247e-05,5.564963e-03,1.519012e-02,0.000000e+00,0.000000e+00
87,19,1085,3.320165e-06,5.377292e-03,1.710447e-02,0.000000e+00,0.000000e+00
88,14,1099,9.080395e-06,5.477779e-03,1.640107e-02,0.000000e+00,0.000000e+00
89,19,1118,6.798655e-07,5.361658e-03,1.626318e-02,0.000000e+00,0.000000e+00
90,15,1133,3.213529e-05,5.628803e-03,1.817041e-02,0.000000e+00,0.000000e+00
91,16,1149,1.054257e-05,5.420351e-03,1.492824e-02,0.000000e+00,0.000000e+00
92,18,1167,7.389579e-05,5.561584e-03,1.612547e-02,0.000000e+00,0.000000e+00
93,17,1184,9.844080e-06,5.383110e-03,1.447373e-02,0.000000e+00,0.000000e+00
94,23,1207,8.870848e-06,5.548927e-03,1.701761e-02,0.000000e+00,0.000000e+00
95,18,1225,2.719462e-06,5.338099e-03,1.789167e-02,0.000000e+00,0.000000e+00
HIST {'total_samples': 634139, 'floor_samples': 8, 'floor_fraction': 1.2615530664412691e-05, 'saturation_depth': 3.725290298461914e-08, 'boundaries': 96, 'capped_boundaries': 0, 'unfinished_worlds': 0}
96,18,1243,1.024920e-05,5.551282e-03,1.818883e-02,0.000000e+00,0.000000e+00
97,15,1258,3.213063e-07,5.347939e-03,1.494787e-02,0.000000e+00,0.000000e+00
98,24,1282,1.914799e-05,5.393263e-03,1.568813e-02,0.000000e+00,0.000000e+00
99,16,1298,7.781200e-06,5.245022e-03,1.305433e-02,0.000000e+00,0.000000e+00
100,16,1314,6.519258e-07,5.414674e-03,1.704020e-02,0.000000e+00,0.000000e+00
101,18,1332,2.545305e-05,5.265114e-03,1.537736e-02,0.000000e+00,0.000000e+00
102,20,1352,1.631677e-05,5.428461e-03,1.816159e-02,0.000000e+00,0.000000e+00
103,19,1371,1.797453e-06,5.294593e-03,1.817925e-02,0.000000e+00,0.000000e+00
104,17,1388,6.007031e-06,5.286974e-03,1.684535e-02,0.000000e+00,0.000000e+00
105,18,1406,2.110377e-05,5.166588e-03,1.441221e-02,0.000000e+00,0.000000e+00
106,38,1444,6.239861e-06,5.264692e-03,1.322925e-02,0.000000e+00,0.000000e+00
107,16,1460,2.132729e-06,5.114765e-03,1.449459e-02,0.000000e+00,0.000000e+00
108,18,1478,9.797513e-06,5.322234e-03,1.594405e-02,0.000000e+00,0.000000e+00
109,18,1496,2.388842e-06,5.289194e-03,1.624533e-02,0.000000e+00,0.000000e+00
110,16,1512,4.923902e-05,5.450846e-03,1.508684e-02,0.000000e+00,0.000000e+00
111,16,1528,3.822614e-05,5.248725e-03,1.599460e-02,0.000000e+00,0.000000e+00
112,16,1544,8.549541e-06,5.443425e-03,1.538163e-02,0.000000e+00,0.000000e+00
113,23,1567,1.844950e-05,5.291163e-03,1.646305e-02,0.000000e+00,0.000000e+00
114,17,1584,7.343479e-06,5.430734e-03,1.344137e-02,0.000000e+00,0.000000e+00
115,16,1600,5.019829e-06,5.314543e-03,1.440011e-02,0.000000e+00,0.000000e+00
116,20,1620,9.471551e-06,5.439900e-03,1.538741e-02,0.000000e+00,0.000000e+00
117,17,1637,2.925750e-05,5.315526e-03,1.403459e-02,0.000000e+00,0.000000e+00
118,26,1663,9.592623e-06,5.432069e-03,1.317690e-02,0.000000e+00,0.000000e+00
119,22,1685,7.776543e-06,5.287636e-03,1.383055e-02,0.000000e+00,0.000000e+00
120,18,1703,2.349727e-05,5.394050e-03,1.495501e-02,0.000000e+00,0.000000e+00
121,22,1725,1.583248e-07,5.260488e-03,1.409494e-02,0.000000e+00,0.000000e+00
122,16,1741,1.202337e-05,5.333894e-03,1.530670e-02,0.000000e+00,0.000000e+00
123,18,1759,1.339708e-05,5.240655e-03,1.536000e-02,0.000000e+00,0.000000e+00
124,14,1773,1.303852e-05,5.464416e-03,1.548598e-02,0.000000e+00,0.000000e+00
125,18,1791,1.318753e-05,5.262349e-03,1.483501e-02,0.000000e+00,0.000000e+00
126,21,1812,2.073124e-05,5.354523e-03,1.692506e-02,0.000000e+00,0.000000e+00
127,18,1830,6.910414e-06,5.227088e-03,1.474162e-02,0.000000e+00,0.000000e+00
128,15,1845,8.055940e-06,5.370583e-03,1.479242e-02,0.000000e+00,0.000000e+00
129,15,1860,1.322944e-05,5.237929e-03,1.631710e-02,0.000000e+00,0.000000e+00
130,18,1878,1.816079e-07,5.312186e-03,1.710263e-02,0.000000e+00,0.000000e+00
131,19,1897,5.476177e-06,5.204331e-03,1.279152e-02,0.000000e+00,0.000000e+00
132,16,1913,1.303852e-06,5.400492e-03,1.814398e-02,0.000000e+00,0.000000e+00
133,18,1931,1.224689e-05,5.241085e-03,1.360814e-02,0.000000e+00,0.000000e+00
134,18,1949,7.450581e-08,5.386162e-03,1.467533e-02,0.000000e+00,0.000000e+00
135,27,1976,4.982576e-06,5.298811e-03,1.501623e-02,0.000000e+00,0.000000e+00
136,18,1994,5.170237e-05,5.391992e-03,1.414242e-02,0.000000e+00,0.000000e+00
137,17,2011,1.587905e-06,5.197253e-03,1.547793e-02,0.000000e+00,0.000000e+00
138,19,2030,5.448237e-07,5.311827e-03,1.435582e-02,0.000000e+00,0.000000e+00
139,17,2047,1.999550e-05,5.207336e-03,1.294702e-02,0.000000e+00,0.000000e+00
140,17,2064,2.253335e-05,5.398030e-03,1.631668e-02,0.000000e+00,0.000000e+00
141,18,2082,4.060566e-06,5.244446e-03,1.537557e-02,0.000000e+00,0.000000e+00
142,16,2098,3.217719e-06,5.510399e-03,1.821472e-02,0.000000e+00,0.000000e+00
143,20,2118,1.766719e-05,5.290700e-03,1.556746e-02,0.000000e+00,0.000000e+00
HIST {'total_samples': 1045385, 'floor_samples': 15, 'floor_fraction': 1.4348780592795955e-05, 'saturation_depth': 3.725290298461914e-08, 'boundaries': 144, 'capped_boundaries': 0, 'unfinished_worlds': 0}
144,17,2135,2.793968e-07,5.343385e-03,1.814398e-02,0.000000e+00,0.000000e+00
145,15,2150,2.427027e-05,5.205170e-03,1.817041e-02,0.000000e+00,0.000000e+00
146,15,2165,1.696870e-05,5.365538e-03,1.817925e-02,0.000000e+00,0.000000e+00
147,17,2182,1.701526e-05,5.221565e-03,1.820308e-02,0.000000e+00,0.000000e+00
148,17,2199,2.570916e-05,5.456243e-03,1.533340e-02,0.000000e+00,0.000000e+00
149,19,2218,1.923181e-05,5.242873e-03,1.524154e-02,0.000000e+00,0.000000e+00
150,15,2233,1.127366e-05,5.316342e-03,1.797495e-02,0.000000e+00,0.000000e+00
151,16,2249,6.426126e-07,5.207299e-03,1.458088e-02,0.000000e+00,0.000000e+00
152,14,2263,5.592592e-06,5.424308e-03,1.432125e-02,0.000000e+00,0.000000e+00
153,25,2288,4.297122e-05,5.246639e-03,1.407885e-02,0.000000e+00,0.000000e+00
154,29,2317,5.257316e-06,5.386607e-03,1.429095e-02,0.000000e+00,0.000000e+00
155,20,2337,1.127366e-05,5.248275e-03,1.566413e-02,0.000000e+00,0.000000e+00
156,21,2358,3.818423e-06,5.365063e-03,1.817925e-02,0.000000e+00,0.000000e+00
157,22,2380,5.597249e-06,5.175977e-03,1.453492e-02,0.000000e+00,0.000000e+00
158,14,2394,8.335337e-06,5.330181e-03,1.389609e-02,0.000000e+00,0.000000e+00
159,16,2410,1.742970e-05,5.206908e-03,1.276903e-02,0.000000e+00,0.000000e+00
160,16,2426,3.399327e-06,5.270927e-03,1.454113e-02,0.000000e+00,0.000000e+00
161,17,2443,3.065914e-05,5.158698e-03,1.438977e-02,0.000000e+00,0.000000e+00
162,15,2458,1.871958e-06,5.346914e-03,1.561995e-02,0.000000e+00,0.000000e+00
163,19,2477,1.211651e-05,5.216084e-03,1.322574e-02,0.000000e+00,0.000000e+00
164,29,2506,5.890615e-06,5.347207e-03,1.521760e-02,0.000000e+00,0.000000e+00
165,25,2531,8.614734e-07,5.293095e-03,1.361993e-02,0.000000e+00,0.000000e+00
166,17,2548,1.888257e-05,5.334959e-03,1.449946e-02,0.000000e+00,0.000000e+00
167,26,2574,3.161840e-05,5.150802e-03,1.427425e-02,0.000000e+00,0.000000e+00
168,16,2590,2.845190e-05,5.394917e-03,1.594405e-02,0.000000e+00,0.000000e+00
169,18,2608,4.107133e-06,5.240635e-03,1.585433e-02,0.000000e+00,0.000000e+00
170,17,2625,1.316890e-05,5.355197e-03,1.558228e-02,0.000000e+00,0.000000e+00
171,16,2641,9.187497e-06,5.172993e-03,1.563733e-02,0.000000e+00,0.000000e+00
172,17,2658,2.566259e-05,5.365540e-03,1.786696e-02,0.000000e+00,0.000000e+00
173,19,2677,5.913898e-07,5.165644e-03,1.422380e-02,0.000000e+00,0.000000e+00
174,15,2692,1.485460e-05,5.294359e-03,1.814398e-02,0.000000e+00,0.000000e+00
175,21,2713,3.324822e-05,5.163605e-03,1.363448e-02,0.000000e+00,0.000000e+00
176,21,2734,1.721550e-05,5.343412e-03,1.817925e-02,0.000000e+00,0.000000e+00
177,16,2750,1.007691e-05,5.194297e-03,1.594405e-02,0.000000e+00,0.000000e+00
178,14,2764,3.705267e-05,5.357761e-03,1.562591e-02,0.000000e+00,0.000000e+00
179,25,2789,1.797453e-05,5.168747e-03,1.791648e-02,0.000000e+00,0.000000e+00
180,16,2805,1.057051e-06,5.366618e-03,1.355422e-02,0.000000e+00,0.000000e+00
181,19,2824,5.140901e-06,5.134153e-03,1.449459e-02,0.000000e+00,0.000000e+00
182,18,2842,2.122950e-05,5.292508e-03,1.400347e-02,0.000000e+00,0.000000e+00
183,19,2861,1.628883e-05,5.144021e-03,1.449459e-02,0.000000e+00,0.000000e+00
184,24,2885,5.587935e-06,5.251465e-03,1.277365e-02,0.000000e+00,0.000000e+00
185,17,2902,1.518521e-05,5.121876e-03,1.437074e-02,0.000000e+00,0.000000e+00
186,19,2921,8.298084e-06,5.128129e-03,1.632484e-02,0.000000e+00,0.000000e+00
187,15,2936,6.230548e-06,5.099028e-03,1.355296e-02,0.000000e+00,0.000000e+00
188,16,2952,3.073364e-07,5.212406e-03,1.376609e-02,0.000000e+00,0.000000e+00
189,23,2975,8.400530e-06,5.109268e-03,1.476096e-02,0.000000e+00,0.000000e+00
190,15,2990,3.445894e-07,5.181261e-03,1.821472e-02,0.000000e+00,0.000000e+00
191,16,3006,2.077781e-05,5.069549e-03,1.282507e-02,0.000000e+00,0.000000e+00
HIST {'total_samples': 1472810, 'floor_samples': 21, 'floor_fraction': 1.4258458321168379e-05, 'saturation_depth': 3.725290298461914e-08, 'boundaries': 192, 'capped_boundaries': 0, 'unfinished_worlds': 0}
192,20,3026,7.376075e-06,5.237155e-03,1.495634e-02,0.000000e+00,0.000000e+00
193,15,3041,1.888257e-05,5.050047e-03,1.514973e-02,0.000000e+00,0.000000e+00
194,17,3058,1.194887e-05,5.259081e-03,1.608264e-02,0.000000e+00,0.000000e+00
195,24,3082,5.606562e-06,5.137777e-03,1.398573e-02,0.000000e+00,0.000000e+00
196,16,3098,8.009374e-07,5.221498e-03,1.481091e-02,0.000000e+00,0.000000e+00
197,20,3118,4.824251e-06,5.080307e-03,1.513887e-02,0.000000e+00,0.000000e+00
198,15,3133,6.565824e-06,5.253562e-03,1.693664e-02,0.000000e+00,0.000000e+00
199,18,3151,2.530403e-05,5.063565e-03,1.426026e-02,0.000000e+00,0.000000e+00
200,29,3180,1.867302e-06,5.249617e-03,1.425772e-02,0.000000e+00,0.000000e+00
201,21,3201,1.818873e-05,5.077493e-03,1.341527e-02,0.000000e+00,0.000000e+00
202,25,3226,1.168810e-06,5.226034e-03,1.585493e-02,0.000000e+00,0.000000e+00
203,19,3245,2.433546e-05,5.140922e-03,1.519471e-02,0.000000e+00,0.000000e+00
204,17,3262,3.022142e-06,5.191435e-03,1.497683e-02,0.000000e+00,0.000000e+00
205,14,3276,2.700835e-07,5.081315e-03,1.384339e-02,0.000000e+00,0.000000e+00
206,23,3299,4.264526e-05,5.173508e-03,1.359765e-02,0.000000e+00,0.000000e+00
207,21,3320,6.938353e-06,5.130180e-03,1.280442e-02,0.000000e+00,0.000000e+00
208,20,3340,3.230292e-05,5.279546e-03,1.555560e-02,0.000000e+00,0.000000e+00
209,17,3357,8.475035e-06,5.085125e-03,1.240974e-02,0.000000e+00,0.000000e+00
210,18,3375,1.618639e-05,5.271213e-03,1.357514e-02,0.000000e+00,0.000000e+00
211,17,3392,6.952323e-06,5.085762e-03,1.493699e-02,0.000000e+00,0.000000e+00
212,19,3411,3.285706e-05,5.297075e-03,1.602695e-02,0.000000e+00,0.000000e+00
213,15,3426,1.583248e-07,5.018139e-03,1.328426e-02,0.000000e+00,0.000000e+00
214,17,3443,6.835908e-06,5.222800e-03,1.594405e-02,0.000000e+00,0.000000e+00
215,18,3461,9.057112e-06,5.144365e-03,1.398495e-02,0.000000e+00,0.000000e+00
216,18,3479,1.462176e-05,5.228188e-03,1.408912e-02,0.000000e+00,0.000000e+00
217,15,3494,1.473352e-05,5.096723e-03,1.411687e-02,0.000000e+00,0.000000e+00
218,19,3513,4.453585e-05,5.227497e-03,1.450000e-02,0.000000e+00,0.000000e+00
219,16,3529,3.073364e-06,5.115044e-03,1.402982e-02,0.000000e+00,0.000000e+00
220,14,3543,1.045875e-05,5.189457e-03,1.330704e-02,0.000000e+00,0.000000e+00
221,24,3567,8.442439e-06,5.111325e-03,1.376488e-02,0.000000e+00,0.000000e+00
222,17,3584,1.438893e-05,5.268372e-03,1.537958e-02,0.000000e+00,0.000000e+00
223,19,3603,9.508803e-06,5.117640e-03,1.311728e-02,0.000000e+00,0.000000e+00
224,19,3622,1.688488e-05,5.235861e-03,1.821472e-02,0.000000e+00,0.000000e+00
225,16,3638,3.320165e-06,5.070130e-03,1.306926e-02,0.000000e+00,0.000000e+00
226,17,3655,3.144145e-05,5.254090e-03,1.832331e-02,0.000000e+00,0.000000e+00
227,18,3673,2.603047e-06,5.051594e-03,1.317690e-02,0.000000e+00,0.000000e+00
228,17,3690,2.468005e-06,5.291299e-03,1.673218e-02,0.000000e+00,0.000000e+00
229,17,3707,6.332994e-06,5.090270e-03,1.483368e-02,0.000000e+00,0.000000e+00
230,17,3724,7.478520e-06,5.195789e-03,1.456268e-02,0.000000e+00,0.000000e+00
231,21,3745,2.942979e-06,5.101584e-03,1.616343e-02,0.000000e+00,0.000000e+00
232,16,3761,7.133931e-06,5.394465e-03,1.471972e-02,0.000000e+00,0.000000e+00
233,17,3778,1.540873e-05,5.162813e-03,1.295147e-02,0.000000e+00,0.000000e+00
234,16,3794,6.002374e-06,5.286282e-03,1.348251e-02,0.000000e+00,0.000000e+00
235,16,3810,1.148786e-05,5.091621e-03,1.357315e-02,0.000000e+00,0.000000e+00
236,25,3835,1.043081e-05,5.241060e-03,1.804315e-02,0.000000e+00,0.000000e+00
237,17,3852,2.863817e-05,5.101543e-03,1.537602e-02,0.000000e+00,0.000000e+00
238,20,3872,6.267801e-06,5.247366e-03,1.510028e-02,0.000000e+00,0.000000e+00
239,18,3890,5.344395e-05,5.179251e-03,1.202800e-02,0.000000e+00,0.000000e+00
HIST {'total_samples': 1909183, 'floor_samples': 24, 'floor_fraction': 1.2570822178911084e-05, 'saturation_depth': 3.725290298461914e-08, 'boundaries': 240, 'capped_boundaries': 0, 'unfinished_worlds': 0}
240,27,3917,1.757406e-05,5.234132e-03,1.461399e-02,0.000000e+00,0.000000e+00
241,13,3930,9.997748e-06,5.097315e-03,1.331881e-02,0.000000e+00,0.000000e+00
242,14,3944,1.885928e-06,5.255818e-03,1.613493e-02,0.000000e+00,0.000000e+00
243,18,3962,2.827495e-05,5.123923e-03,1.431599e-02,0.000000e+00,0.000000e+00
244,20,3982,2.384186e-06,5.270970e-03,1.814398e-02,0.000000e+00,0.000000e+00
245,17,3999,1.643784e-06,5.173096e-03,1.400132e-02,0.000000e+00,0.000000e+00
246,19,4018,2.109446e-06,5.299300e-03,1.572744e-02,0.000000e+00,0.000000e+00
247,18,4036,8.018687e-06,5.134264e-03,1.372316e-02,0.000000e+00,0.000000e+00
248,18,4054,1.474749e-05,5.192823e-03,1.378102e-02,0.000000e+00,0.000000e+00
249,16,4070,1.305249e-05,5.121242e-03,1.449459e-02,0.000000e+00,0.000000e+00
250,16,4086,1.828186e-05,5.242287e-03,1.389945e-02,0.000000e+00,0.000000e+00
251,15,4101,5.154870e-06,5.111539e-03,1.443307e-02,0.000000e+00,0.000000e+00
252,17,4118,1.806766e-06,5.226271e-03,1.654639e-02,0.000000e+00,0.000000e+00
253,15,4133,3.147405e-05,5.143952e-03,1.431649e-02,0.000000e+00,0.000000e+00
254,15,4148,2.967659e-05,5.297009e-03,1.317690e-02,0.000000e+00,0.000000e+00
255,13,4161,4.190952e-08,5.217433e-03,1.369595e-02,0.000000e+00,0.000000e+00
256,14,4175,1.257285e-07,5.290833e-03,1.336477e-02,0.000000e+00,0.000000e+00
257,17,4192,1.621433e-05,5.134481e-03,1.465100e-02,0.000000e+00,0.000000e+00
258,16,4208,7.543713e-07,5.251193e-03,1.821472e-02,0.000000e+00,0.000000e+00
259,18,4226,2.137385e-06,5.100435e-03,1.647044e-02,0.000000e+00,0.000000e+00
260,17,4243,2.455432e-05,5.180768e-03,1.474476e-02,0.000000e+00,0.000000e+00
261,22,4265,2.689194e-05,5.071091e-03,1.377288e-02,0.000000e+00,0.000000e+00
262,19,4284,1.769513e-07,5.254789e-03,1.441577e-02,0.000000e+00,0.000000e+00
263,18,4302,1.096167e-05,5.088203e-03,1.344873e-02,0.000000e+00,0.000000e+00
264,20,4322,2.623536e-05,5.217427e-03,1.463525e-02,0.000000e+00,0.000000e+00
265,20,4342,3.580935e-05,5.088761e-03,1.338884e-02,0.000000e+00,0.000000e+00
266,14,4356,1.048204e-05,5.160647e-03,1.660271e-02,0.000000e+00,0.000000e+00
267,15,4371,1.434702e-05,5.082608e-03,1.485534e-02,0.000000e+00,0.000000e+00
268,18,4389,1.366250e-05,5.213160e-03,1.500253e-02,0.000000e+00,0.000000e+00
269,24,4413,8.745119e-06,5.071423e-03,1.424925e-02,0.000000e+00,0.000000e+00
270,15,4428,6.569549e-05,5.229434e-03,1.346691e-02,0.000000e+00,0.000000e+00
271,24,4452,1.898967e-05,5.082274e-03,1.376233e-02,0.000000e+00,0.000000e+00
272,23,4475,1.732260e-06,5.182840e-03,1.607908e-02,0.000000e+00,0.000000e+00
273,19,4494,9.764917e-06,5.114035e-03,1.569818e-02,0.000000e+00,0.000000e+00
274,16,4510,8.279458e-06,5.282205e-03,1.461221e-02,0.000000e+00,0.000000e+00
275,17,4527,1.975335e-05,5.043029e-03,1.509634e-02,0.000000e+00,0.000000e+00
276,25,4552,1.057051e-05,5.154233e-03,1.603692e-02,0.000000e+00,0.000000e+00
277,14,4566,1.328997e-05,5.046567e-03,1.511785e-02,0.000000e+00,0.000000e+00
278,17,4583,2.468005e-06,5.326315e-03,1.512992e-02,0.000000e+00,0.000000e+00
279,17,4600,4.544854e-06,5.053889e-03,1.252259e-02,0.000000e+00,0.000000e+00
280,19,4619,1.315493e-05,5.224599e-03,1.721634e-02,0.000000e+00,0.000000e+00
281,15,4634,2.050772e-05,5.138808e-03,1.350698e-02,0.000000e+00,0.000000e+00
282,16,4650,2.887100e-07,5.263074e-03,1.463948e-02,0.000000e+00,0.000000e+00
283,14,4664,4.633330e-06,5.113875e-03,1.281577e-02,0.000000e+00,0.000000e+00
284,16,4680,9.266660e-07,5.247137e-03,1.624701e-02,0.000000e+00,0.000000e+00
285,16,4696,3.809109e-06,5.077522e-03,1.396524e-02,0.000000e+00,0.000000e+00
286,14,4710,9.713694e-06,5.135518e-03,1.543050e-02,0.000000e+00,0.000000e+00
287,19,4729,6.868504e-06,5.054690e-03,1.458729e-02,0.000000e+00,0.000000e+00
HIST {'total_samples': 2347302, 'floor_samples': 30, 'floor_fraction': 1.2780630698563713e-05, 'saturation_depth': 3.725290298461914e-08, 'boundaries': 288, 'capped_boundaries': 0, 'unfinished_worlds': 0}
288,15,4744,5.979091e-06,5.168966e-03,1.821472e-02,0.000000e+00,0.000000e+00
289,20,4764,5.429611e-06,5.030272e-03,1.186670e-02,0.000000e+00,0.000000e+00
290,17,4781,4.941598e-05,5.138760e-03,1.821472e-02,0.000000e+00,0.000000e+00
291,19,4800,8.065253e-06,5.072170e-03,1.498425e-02,0.000000e+00,0.000000e+00
292,16,4816,3.343448e-06,5.209136e-03,1.594405e-02,0.000000e+00,0.000000e+00
293,16,4832,5.937181e-06,5.044607e-03,1.349823e-02,0.000000e+00,0.000000e+00
294,17,4849,1.002569e-05,5.194111e-03,1.591780e-02,0.000000e+00,0.000000e+00
295,28,4877,6.686896e-06,5.118283e-03,1.447596e-02,0.000000e+00,0.000000e+00
296,23,4900,3.119931e-07,5.162515e-03,1.637511e-02,0.000000e+00,0.000000e+00
297,17,4917,2.361834e-05,5.090647e-03,1.466313e-02,0.000000e+00,0.000000e+00
298,17,4934,1.081731e-05,5.204687e-03,1.590336e-02,0.000000e+00,0.000000e+00
299,17,4951,5.355105e-06,5.115161e-03,1.291580e-02,0.000000e+00,0.000000e+00
300,16,4967,9.732321e-06,5.131010e-03,1.394998e-02,0.000000e+00,0.000000e+00
301,19,4986,1.350883e-05,5.086217e-03,1.518329e-02,0.000000e+00,0.000000e+00
302,22,5008,1.607463e-05,5.184791e-03,1.398540e-02,0.000000e+00,0.000000e+00
303,18,5026,2.481043e-05,5.036159e-03,1.396424e-02,0.000000e+00,0.000000e+00
304,35,5061,1.023524e-05,5.160405e-03,1.594179e-02,0.000000e+00,0.000000e+00
305,32,5093,7.487833e-06,5.025095e-03,1.529379e-02,0.000000e+00,0.000000e+00
306,27,5120,7.525086e-06,5.142833e-03,1.570816e-02,0.000000e+00,0.000000e+00
307,14,5134,1.392327e-05,5.046456e-03,1.542915e-02,0.000000e+00,0.000000e+00
308,16,5150,4.721805e-06,5.212514e-03,1.515285e-02,0.000000e+00,0.000000e+00
309,16,5166,2.127606e-05,5.018389e-03,1.674253e-02,0.000000e+00,0.000000e+00
310,24,5190,1.783948e-05,5.226217e-03,1.614422e-02,0.000000e+00,0.000000e+00
311,17,5207,1.047272e-05,5.095260e-03,1.294789e-02,0.000000e+00,0.000000e+00
312,17,5224,2.288260e-05,5.145952e-03,1.666707e-02,0.000000e+00,0.000000e+00
313,18,5242,9.499490e-07,5.053955e-03,1.501343e-02,0.000000e+00,0.000000e+00
314,15,5257,1.168810e-06,5.164073e-03,1.718419e-02,0.000000e+00,0.000000e+00
315,19,5276,1.257285e-06,5.001431e-03,1.465724e-02,0.000000e+00,0.000000e+00
316,20,5296,9.238720e-06,5.160580e-03,1.456438e-02,0.000000e+00,0.000000e+00
317,20,5316,1.884531e-05,5.003548e-03,1.294882e-02,0.000000e+00,0.000000e+00
318,18,5334,5.074777e-05,5.155427e-03,1.380126e-02,0.000000e+00,0.000000e+00
319,17,5351,1.881272e-06,4.952125e-03,1.821472e-02,0.000000e+00,0.000000e+00
320,14,5365,4.905742e-05,5.077568e-03,1.409788e-02,0.000000e+00,0.000000e+00
321,17,5382,7.259659e-06,4.987490e-03,1.296783e-02,0.000000e+00,0.000000e+00
322,17,5399,5.504116e-06,5.190931e-03,1.821472e-02,0.000000e+00,0.000000e+00
323,19,5418,3.390014e-06,5.040493e-03,1.354222e-02,0.000000e+00,0.000000e+00
324,13,5431,4.409812e-06,5.212533e-03,1.683130e-02,0.000000e+00,0.000000e+00
325,18,5449,1.169275e-05,5.059143e-03,1.262460e-02,0.000000e+00,0.000000e+00
326,19,5468,2.933666e-07,5.121445e-03,1.390129e-02,0.000000e+00,0.000000e+00
327,17,5485,1.983717e-06,4.988264e-03,1.381489e-02,0.000000e+00,0.000000e+00
328,15,5500,4.423782e-07,5.089000e-03,1.548675e-02,0.000000e+00,0.000000e+00
329,18,5518,1.077540e-05,5.079403e-03,1.703542e-02,0.000000e+00,0.000000e+00
330,17,5535,3.364868e-05,5.217163e-03,1.402022e-02,0.000000e+00,0.000000e+00
331,18,5553,1.275912e-06,5.095887e-03,1.356156e-02,0.000000e+00,0.000000e+00
332,14,5567,2.761837e-05,5.180590e-03,1.337726e-02,0.000000e+00,0.000000e+00
333,17,5584,6.351620e-06,5.035610e-03,1.283551e-02,0.000000e+00,0.000000e+00
334,16,5600,1.660548e-05,5.171173e-03,1.583083e-02,0.000000e+00,0.000000e+00
335,22,5622,2.035871e-05,5.008397e-03,1.449459e-02,0.000000e+00,0.000000e+00
HIST {'total_samples': 2791216, 'floor_samples': 34, 'floor_fraction': 1.2181070902431056e-05, 'saturation_depth': 3.725290298461914e-08, 'boundaries': 336, 'capped_boundaries': 0, 'unfinished_worlds': 0}
336,15,5637,1.368113e-05,5.170324e-03,1.447359e-02,0.000000e+00,0.000000e+00
337,15,5652,9.951182e-06,4.999078e-03,1.415204e-02,0.000000e+00,0.000000e+00
338,24,5676,5.392358e-06,5.178455e-03,1.697838e-02,0.000000e+00,0.000000e+00
339,16,5692,2.542511e-06,5.056829e-03,1.298261e-02,0.000000e+00,0.000000e+00
340,18,5710,5.397014e-06,5.179654e-03,1.821472e-02,0.000000e+00,0.000000e+00
341,21,5731,2.595596e-05,5.052312e-03,1.425414e-02,0.000000e+00,0.000000e+00
342,15,5746,1.057517e-05,5.151967e-03,1.395373e-02,0.000000e+00,0.000000e+00
343,14,5760,7.953495e-06,5.037333e-03,1.317963e-02,0.000000e+00,0.000000e+00
344,19,5779,2.156012e-06,5.188255e-03,1.685944e-02,0.000000e+00,0.000000e+00
345,20,5799,1.894310e-05,5.039194e-03,1.302883e-02,0.000000e+00,0.000000e+00
346,18,5817,4.386529e-06,5.180812e-03,1.821472e-02,0.000000e+00,0.000000e+00
347,21,5838,9.313226e-08,5.073361e-03,1.338767e-02,0.000000e+00,0.000000e+00
348,22,5860,6.221235e-06,5.263868e-03,1.515357e-02,0.000000e+00,0.000000e+00
349,15,5875,3.099442e-05,5.052426e-03,1.216859e-02,0.000000e+00,0.000000e+00
350,15,5890,3.678724e-06,5.166404e-03,1.394565e-02,0.000000e+00,0.000000e+00
351,18,5908,8.242205e-07,5.066447e-03,1.385141e-02,0.000000e+00,0.000000e+00
352,20,5928,1.665205e-05,5.182157e-03,1.524106e-02,0.000000e+00,0.000000e+00
353,14,5942,2.300367e-06,5.089771e-03,1.372126e-02,0.000000e+00,0.000000e+00
354,16,5958,1.722947e-05,5.276336e-03,1.807406e-02,0.000000e+00,0.000000e+00
355,18,5976,3.539026e-07,5.079567e-03,1.508743e-02,0.000000e+00,0.000000e+00
356,17,5993,3.492460e-07,5.172742e-03,1.623634e-02,0.000000e+00,0.000000e+00
357,17,6010,6.379560e-06,5.011576e-03,1.394423e-02,0.000000e+00,0.000000e+00
358,17,6027,1.021195e-05,5.159148e-03,1.458685e-02,0.000000e+00,0.000000e+00
359,16,6043,2.440065e-06,5.091248e-03,1.266766e-02,0.000000e+00,0.000000e+00
360,17,6060,1.222827e-05,5.131011e-03,1.324474e-02,0.000000e+00,0.000000e+00
361,19,6079,1.241919e-05,4.938542e-03,1.406162e-02,0.000000e+00,0.000000e+00
362,14,6093,1.126900e-06,5.033285e-03,1.381457e-02,0.000000e+00,0.000000e+00
363,18,6111,3.632158e-06,5.009865e-03,1.344392e-02,0.000000e+00,0.000000e+00
364,16,6127,6.249174e-06,5.037983e-03,1.444330e-02,0.000000e+00,0.000000e+00
365,13,6140,1.335982e-05,5.018733e-03,1.724368e-02,0.000000e+00,0.000000e+00
366,14,6154,4.470348e-07,5.174390e-03,1.693207e-02,0.000000e+00,0.000000e+00
367,16,6170,1.235865e-05,4.972895e-03,1.387690e-02,0.000000e+00,0.000000e+00
368,16,6186,1.875218e-05,5.227846e-03,1.445852e-02,0.000000e+00,0.000000e+00
369,18,6204,4.381407e-05,5.056015e-03,1.406031e-02,0.000000e+00,0.000000e+00
370,17,6221,1.050532e-05,5.185602e-03,1.705862e-02,0.000000e+00,0.000000e+00
371,17,6238,1.645647e-05,5.067780e-03,1.821472e-02,0.000000e+00,0.000000e+00
372,17,6255,7.031485e-07,5.150107e-03,1.675636e-02,0.000000e+00,0.000000e+00
373,16,6271,3.259629e-08,5.055593e-03,1.370360e-02,0.000000e+00,0.000000e+00
374,13,6284,2.072193e-06,5.164072e-03,1.344281e-02,0.000000e+00,0.000000e+00
375,17,6301,8.195639e-06,5.148827e-03,1.348242e-02,0.000000e+00,0.000000e+00
376,15,6316,2.239831e-05,5.271322e-03,1.571886e-02,0.000000e+00,0.000000e+00
377,17,6333,1.344830e-05,5.110199e-03,1.754037e-02,0.000000e+00,0.000000e+00
378,16,6349,4.642643e-05,5.199814e-03,1.793662e-02,0.000000e+00,0.000000e+00
379,18,6367,1.195818e-05,5.051923e-03,1.821472e-02,0.000000e+00,0.000000e+00
380,15,6382,1.625158e-06,5.119057e-03,1.359852e-02,0.000000e+00,0.000000e+00
381,14,6396,1.585111e-05,5.101278e-03,1.234025e-02,0.000000e+00,0.000000e+00
382,18,6414,4.786067e-05,5.175978e-03,1.633006e-02,0.000000e+00,0.000000e+00
383,19,6433,8.139759e-06,5.088506e-03,1.238457e-02,0.000000e+00,0.000000e+00
HIST {'total_samples': 3234378, 'floor_samples': 41, 'floor_fraction': 1.2676316744672392e-05, 'saturation_depth': 3.259629011154175e-08, 'boundaries': 384, 'capped_boundaries': 0, 'unfinished_worlds': 0}
384,18,6451,7.916242e-07,5.166595e-03,1.541920e-02,0.000000e+00,0.000000e+00
385,19,6470,2.885237e-05,5.088904e-03,1.397326e-02,0.000000e+00,0.000000e+00
386,17,6487,2.347399e-05,5.201565e-03,1.547588e-02,0.000000e+00,0.000000e+00
387,15,6502,9.462237e-06,5.020008e-03,1.247503e-02,0.000000e+00,0.000000e+00
388,20,6522,1.918525e-06,5.193041e-03,1.321322e-02,0.000000e+00,0.000000e+00
389,20,6542,3.203750e-06,5.111809e-03,1.870856e-02,0.000000e+00,0.000000e+00
390,15,6557,4.298054e-06,5.173550e-03,1.770478e-02,0.000000e+00,0.000000e+00
391,23,6580,3.069639e-05,5.080045e-03,1.365653e-02,0.000000e+00,0.000000e+00
392,15,6595,6.831251e-06,5.184955e-03,1.500831e-02,0.000000e+00,0.000000e+00
393,14,6609,1.393259e-05,5.095431e-03,1.455920e-02,0.000000e+00,0.000000e+00
394,14,6623,5.057082e-06,5.229803e-03,1.423756e-02,0.000000e+00,0.000000e+00
395,16,6639,1.582317e-05,4.982115e-03,1.486258e-02,0.000000e+00,0.000000e+00
396,23,6662,3.793277e-05,5.130147e-03,1.557844e-02,0.000000e+00,0.000000e+00
397,15,6677,1.410954e-06,4.979826e-03,1.256760e-02,0.000000e+00,0.000000e+00
398,15,6692,4.007947e-05,5.076485e-03,1.635575e-02,0.000000e+00,0.000000e+00
399,17,6709,5.313195e-06,5.007062e-03,1.328400e-02,0.000000e+00,0.000000e+00
400,15,6724,3.860332e-06,5.150176e-03,1.804805e-02,0.000000e+00,0.000000e+00
401,19,6743,1.637731e-05,5.054877e-03,1.486115e-02,0.000000e+00,0.000000e+00
402,29,6772,3.156252e-05,5.217182e-03,1.821472e-02,0.000000e+00,0.000000e+00
403,24,6796,1.713634e-06,5.021968e-03,1.432760e-02,0.000000e+00,0.000000e+00
404,27,6823,4.027970e-06,5.167847e-03,1.821472e-02,0.000000e+00,0.000000e+00
405,19,6842,1.004897e-05,4.931198e-03,1.460357e-02,0.000000e+00,0.000000e+00
406,19,6861,1.010485e-06,5.201706e-03,1.490378e-02,0.000000e+00,0.000000e+00
407,17,6878,2.697110e-05,4.953752e-03,1.424708e-02,0.000000e+00,0.000000e+00
408,17,6895,3.855675e-06,5.106126e-03,1.821472e-02,0.000000e+00,0.000000e+00
409,21,6916,7.571653e-06,4.974395e-03,1.608877e-02,0.000000e+00,0.000000e+00
410,22,6938,3.070105e-05,5.091728e-03,1.821472e-02,0.000000e+00,0.000000e+00
411,16,6954,1.661014e-05,4.943528e-03,1.601611e-02,0.000000e+00,0.000000e+00
412,20,6974,1.431908e-05,4.989428e-03,1.444753e-02,0.000000e+00,0.000000e+00
413,17,6991,1.077540e-05,4.880113e-03,1.739429e-02,0.000000e+00,0.000000e+00
414,13,7004,1.993030e-06,5.025570e-03,1.709068e-02,0.000000e+00,0.000000e+00
415,19,7023,8.661300e-07,4.925739e-03,1.771162e-02,0.000000e+00,0.000000e+00
416,17,7040,1.122244e-06,5.087863e-03,1.565072e-02,0.000000e+00,0.000000e+00
417,21,7061,4.875474e-06,4.989990e-03,1.719167e-02,0.000000e+00,0.000000e+00
418,21,7082,3.883149e-05,5.102810e-03,1.661662e-02,0.000000e+00,0.000000e+00
419,19,7101,4.710630e-05,4.872477e-03,1.222267e-02,0.000000e+00,0.000000e+00
420,26,7127,2.803281e-05,5.012886e-03,1.583337e-02,0.000000e+00,0.000000e+00
421,21,7148,1.400243e-05,4.870077e-03,1.409336e-02,0.000000e+00,0.000000e+00
422,14,7162,1.237262e-05,5.012082e-03,1.630396e-02,0.000000e+00,0.000000e+00
423,18,7180,5.061738e-06,4.975188e-03,1.413982e-02,0.000000e+00,0.000000e+00
424,18,7198,5.974434e-06,5.112814e-03,1.821472e-02,0.000000e+00,0.000000e+00
425,15,7213,4.556030e-05,4.948555e-03,1.486984e-02,0.000000e+00,0.000000e+00
426,16,7229,3.324822e-06,5.085849e-03,1.461064e-02,0.000000e+00,0.000000e+00
427,19,7248,4.642643e-06,4.950672e-03,1.436058e-02,0.000000e+00,0.000000e+00
428,19,7267,8.777715e-06,5.071437e-03,1.356315e-02,0.000000e+00,0.000000e+00
429,26,7293,5.178154e-06,4.895732e-03,1.342512e-02,0.000000e+00,0.000000e+00
430,18,7311,1.059845e-05,4.963572e-03,1.285617e-02,0.000000e+00,0.000000e+00
431,17,7328,2.322253e-05,4.880125e-03,1.362289e-02,0.000000e+00,0.000000e+00
HIST {'total_samples': 3684295, 'floor_samples': 43, 'floor_fraction': 1.1671160968380654e-05, 'saturation_depth': 3.259629011154175e-08, 'boundaries': 432, 'capped_boundaries': 0, 'unfinished_worlds': 0}
432,20,7348,1.142733e-05,5.079715e-03,1.616283e-02,0.000000e+00,0.000000e+00
433,22,7370,2.531335e-05,4.936825e-03,1.394994e-02,0.000000e+00,0.000000e+00
434,18,7388,3.725290e-08,5.017271e-03,1.809582e-02,0.000000e+00,0.000000e+00
435,17,7405,7.455237e-06,4.930837e-03,1.435718e-02,0.000000e+00,0.000000e+00
436,16,7421,4.125759e-06,5.121309e-03,1.469222e-02,0.000000e+00,0.000000e+00
437,19,7440,1.991633e-05,4.921765e-03,1.261608e-02,0.000000e+00,0.000000e+00
438,14,7454,2.411194e-05,5.104333e-03,1.422685e-02,0.000000e+00,0.000000e+00
439,18,7472,3.734604e-06,4.913977e-03,1.150068e-02,0.000000e+00,0.000000e+00
440,24,7496,6.537884e-06,5.006414e-03,1.337999e-02,0.000000e+00,0.000000e+00
441,18,7514,1.186505e-05,4.911855e-03,1.575621e-02,0.000000e+00,0.000000e+00
442,17,7531,1.862645e-07,5.041284e-03,1.403592e-02,0.000000e+00,0.000000e+00
443,16,7547,8.288771e-06,4.970484e-03,1.422001e-02,0.000000e+00,0.000000e+00
444,17,7564,9.825453e-06,5.081387e-03,1.489234e-02,0.000000e+00,0.000000e+00
445,17,7581,9.071082e-06,4.971738e-03,1.454377e-02,0.000000e+00,0.000000e+00
446,19,7600,1.020730e-05,5.070053e-03,1.621022e-02,0.000000e+00,0.000000e+00
447,16,7616,4.339963e-06,4.937761e-03,1.317690e-02,0.000000e+00,0.000000e+00
448,16,7632,1.364388e-06,5.034277e-03,1.314561e-02,0.000000e+00,0.000000e+00
449,22,7654,1.093838e-05,4.885183e-03,1.339579e-02,0.000000e+00,0.000000e+00
450,20,7674,8.116476e-06,5.112357e-03,1.401967e-02,0.000000e+00,0.000000e+00
451,19,7693,1.399778e-05,4.972586e-03,1.369965e-02,0.000000e+00,0.000000e+00
452,18,7711,4.000030e-06,5.070601e-03,1.688240e-02,0.000000e+00,0.000000e+00
453,15,7726,2.188608e-06,4.863174e-03,1.271278e-02,0.000000e+00,0.000000e+00
454,18,7744,1.861714e-05,5.043389e-03,1.540996e-02,0.000000e+00,0.000000e+00
455,18,7762,3.387220e-05,4.940575e-03,1.244691e-02,0.000000e+00,0.000000e+00
456,14,7776,1.228880e-05,5.037715e-03,1.373459e-02,0.000000e+00,0.000000e+00
457,16,7792,1.850538e-05,4.936757e-03,1.455390e-02,0.000000e+00,0.000000e+00
458,17,7809,1.182780e-06,5.025126e-03,1.306938e-02,0.000000e+00,0.000000e+00
459,16,7825,1.293607e-05,4.891905e-03,1.370702e-02,0.000000e+00,0.000000e+00
460,16,7841,1.835171e-05,4.964356e-03,1.354424e-02,0.000000e+00,0.000000e+00
461,17,7858,1.386274e-05,4.880327e-03,1.442355e-02,0.000000e+00,0.000000e+00
462,18,7876,4.977919e-06,4.954558e-03,1.357105e-02,0.000000e+00,0.000000e+00
463,18,7894,9.573996e-06,4.856003e-03,1.348061e-02,0.000000e+00,0.000000e+00
464,26,7920,9.471551e-06,5.138062e-03,1.486337e-02,0.000000e+00,0.000000e+00
465,20,7940,4.046597e-06,4.976606e-03,1.448365e-02,0.000000e+00,0.000000e+00
466,21,7961,2.089888e-05,4.942738e-03,1.478377e-02,0.000000e+00,0.000000e+00
467,19,7980,2.016313e-06,4.884985e-03,1.398815e-02,0.000000e+00,0.000000e+00
468,16,7996,4.051253e-06,4.991943e-03,1.320620e-02,0.000000e+00,0.000000e+00
469,16,8012,2.087094e-05,4.826172e-03,1.292956e-02,0.000000e+00,0.000000e+00
470,15,8027,1.516193e-05,4.971683e-03,1.534137e-02,0.000000e+00,0.000000e+00
471,22,8049,2.422836e-05,4.816398e-03,1.207391e-02,0.000000e+00,0.000000e+00
472,15,8064,5.015172e-06,4.992330e-03,1.290018e-02,0.000000e+00,0.000000e+00
473,32,8096,1.060776e-05,4.935709e-03,1.245985e-02,0.000000e+00,0.000000e+00
474,16,8112,7.259659e-06,5.070125e-03,1.487770e-02,0.000000e+00,0.000000e+00
475,20,8132,9.019859e-06,4.948177e-03,1.251406e-02,0.000000e+00,0.000000e+00
476,15,8147,1.860783e-05,5.000557e-03,1.453947e-02,0.000000e+00,0.000000e+00
477,17,8164,9.010546e-06,4.885494e-03,1.377745e-02,0.000000e+00,0.000000e+00
478,14,8178,1.283828e-05,5.065567e-03,1.704318e-02,0.000000e+00,0.000000e+00
479,16,8194,7.124618e-06,4.963092e-03,1.467520e-02,0.000000e+00,0.000000e+00
HIST {'total_samples': 4139826, 'floor_samples': 45, 'floor_fraction': 1.0870022073391491e-05, 'saturation_depth': 3.259629011154175e-08, 'boundaries': 480, 'capped_boundaries': 0, 'unfinished_worlds': 0}
480,15,8209,1.072418e-05,5.024674e-03,1.749053e-02,0.000000e+00,0.000000e+00
481,16,8225,4.498288e-06,4.888311e-03,1.236177e-02,0.000000e+00,0.000000e+00
482,15,8240,2.443325e-05,5.087680e-03,1.431188e-02,0.000000e+00,0.000000e+00
483,24,8264,2.577901e-05,4.904164e-03,1.428237e-02,0.000000e+00,0.000000e+00
484,17,8281,1.433771e-05,5.065690e-03,1.508315e-02,0.000000e+00,0.000000e+00
485,15,8296,4.968606e-06,4.987324e-03,1.307596e-02,0.000000e+00,0.000000e+00
486,27,8323,3.892928e-06,5.157533e-03,1.547997e-02,0.000000e+00,0.000000e+00
487,20,8343,6.593764e-06,4.917891e-03,1.259568e-02,0.000000e+00,0.000000e+00
488,18,8361,4.936010e-06,5.086709e-03,1.387297e-02,0.000000e+00,0.000000e+00
489,17,8378,5.299225e-06,4.880860e-03,1.625685e-02,0.000000e+00,0.000000e+00
490,15,8393,1.354143e-05,4.996145e-03,1.596137e-02,0.000000e+00,0.000000e+00
491,16,8409,3.788620e-05,4.818202e-03,1.656914e-02,0.000000e+00,0.000000e+00
492,19,8428,2.116896e-05,5.082679e-03,1.342063e-02,0.000000e+00,0.000000e+00
493,20,8448,7.036142e-06,4.878891e-03,1.218131e-02,0.000000e+00,0.000000e+00
494,28,8476,4.135072e-06,5.028939e-03,1.401304e-02,0.000000e+00,0.000000e+00
495,23,8499,1.172535e-05,4.936879e-03,1.197900e-02,0.000000e+00,0.000000e+00
496,18,8517,2.495944e-06,5.024791e-03,1.547825e-02,0.000000e+00,0.000000e+00
497,21,8538,7.324852e-06,4.943782e-03,1.441306e-02,0.000000e+00,0.000000e+00
498,17,8555,3.304332e-05,5.057646e-03,1.613273e-02,0.000000e+00,0.000000e+00
499,14,8569,5.229376e-06,4.983921e-03,1.405682e-02,0.000000e+00,0.000000e+00
500,16,8585,4.000496e-05,5.073534e-03,1.762570e-02,0.000000e+00,0.000000e+00
501,22,8607,1.476146e-06,5.028724e-03,1.290182e-02,0.000000e+00,0.000000e+00
502,12,8619,1.337379e-05,5.006430e-03,1.467300e-02,0.000000e+00,0.000000e+00
503,17,8636,8.586794e-06,4.906126e-03,1.648526e-02,0.000000e+00,0.000000e+00
504,17,8653,1.192093e-06,4.995096e-03,1.788903e-02,0.000000e+00,0.000000e+00
505,19,8672,2.413522e-05,4.889033e-03,1.361324e-02,0.000000e+00,0.000000e+00
506,13,8685,3.919005e-05,5.032299e-03,1.368361e-02,0.000000e+00,0.000000e+00
507,16,8701,7.362105e-06,4.954145e-03,1.489385e-02,0.000000e+00,0.000000e+00
508,16,8717,7.823110e-07,4.994716e-03,1.407498e-02,0.000000e+00,0.000000e+00
509,26,8743,1.727603e-06,4.923055e-03,1.261337e-02,0.000000e+00,0.000000e+00
510,15,8758,6.202143e-05,5.054840e-03,1.317690e-02,0.000000e+00,0.000000e+00
511,13,8771,3.785826e-06,4.927095e-03,1.421748e-02,0.000000e+00,0.000000e+00
512,18,8789,1.312699e-05,5.086349e-03,1.425058e-02,0.000000e+00,0.000000e+00
513,18,8807,1.004897e-05,4.916221e-03,1.312158e-02,0.000000e+00,0.000000e+00
514,16,8823,3.520399e-06,4.993689e-03,1.559560e-02,0.000000e+00,0.000000e+00
515,23,8846,8.773059e-06,4.898538e-03,1.360384e-02,0.000000e+00,0.000000e+00
516,18,8864,6.016344e-06,5.018002e-03,1.503110e-02,0.000000e+00,0.000000e+00
517,26,8890,4.842877e-06,4.854240e-03,1.396719e-02,0.000000e+00,0.000000e+00
518,17,8907,3.188848e-05,4.987744e-03,1.470215e-02,0.000000e+00,0.000000e+00
519,17,8924,1.030043e-05,4.848586e-03,1.349407e-02,0.000000e+00,0.000000e+00
520,15,8939,2.235174e-07,5.010422e-03,1.540222e-02,0.000000e+00,0.000000e+00
521,16,8955,2.975576e-06,4.953163e-03,1.348225e-02,0.000000e+00,0.000000e+00
522,14,8969,1.863576e-05,5.019702e-03,1.714141e-02,0.000000e+00,0.000000e+00
523,19,8988,2.942979e-06,4.821828e-03,1.469231e-02,0.000000e+00,0.000000e+00
524,20,9008,4.032627e-06,4.950479e-03,1.574587e-02,0.000000e+00,0.000000e+00
525,30,9038,1.844019e-06,4.901448e-03,1.562118e-02,0.000000e+00,0.000000e+00
526,15,9053,7.022172e-06,5.008480e-03,1.369661e-02,0.000000e+00,0.000000e+00
527,14,9067,1.629815e-06,4.897981e-03,1.351001e-02,0.000000e+00,0.000000e+00
HIST {'total_samples': 4598983, 'floor_samples': 47, 'floor_fraction': 1.0219650735825725e-05, 'saturation_depth': 3.259629011154175e-08, 'boundaries': 528, 'capped_boundaries': 0, 'unfinished_worlds': 0}
528,25,9092,7.357448e-06,4.960510e-03,1.397144e-02,0.000000e+00,0.000000e+00
529,22,9114,3.515743e-05,4.871496e-03,1.294483e-02,0.000000e+00,0.000000e+00
530,17,9131,2.275687e-05,5.004298e-03,1.463018e-02,0.000000e+00,0.000000e+00
531,13,9144,2.793968e-07,4.886311e-03,1.402139e-02,0.000000e+00,0.000000e+00
532,24,9168,1.530163e-05,5.027223e-03,1.389180e-02,0.000000e+00,0.000000e+00
533,20,9188,9.788200e-06,4.867775e-03,1.185152e-02,0.000000e+00,0.000000e+00
534,16,9204,1.531560e-05,5.055899e-03,1.821472e-02,0.000000e+00,0.000000e+00
535,25,9229,6.612390e-07,4.927373e-03,1.365263e-02,0.000000e+00,0.000000e+00
536,15,9244,1.369044e-06,5.063898e-03,1.818809e-02,0.000000e+00,0.000000e+00
537,25,9269,2.244487e-06,4.908854e-03,1.414294e-02,0.000000e+00,0.000000e+00
538,20,9289,5.336478e-06,5.042175e-03,1.767087e-02,0.000000e+00,0.000000e+00
539,18,9307,3.660098e-06,4.917220e-03,1.296791e-02,0.000000e+00,0.000000e+00
540,12,9319,1.205597e-05,5.045305e-03,1.773081e-02,0.000000e+00,0.000000e+00
541,17,9336,2.998859e-06,4.922411e-03,1.648773e-02,0.000000e+00,0.000000e+00
542,16,9352,8.381903e-08,4.954588e-03,1.659867e-02,0.000000e+00,0.000000e+00
543,18,9370,2.904329e-05,4.909948e-03,1.362765e-02,0.000000e+00,0.000000e+00
544,16,9386,3.995374e-06,4.862009e-03,1.482408e-02,0.000000e+00,0.000000e+00
545,19,9405,1.261942e-05,4.876692e-03,1.519146e-02,0.000000e+00,0.000000e+00
546,13,9418,4.557893e-05,4.973455e-03,1.636161e-02,0.000000e+00,0.000000e+00
547,17,9435,2.612360e-06,4.858768e-03,1.281864e-02,0.000000e+00,0.000000e+00
548,17,9452,1.710840e-05,4.946665e-03,1.610878e-02,0.000000e+00,0.000000e+00
549,18,9470,1.960434e-05,4.836641e-03,1.247941e-02,0.000000e+00,0.000000e+00
550,16,9486,1.088716e-05,5.018218e-03,1.543818e-02,0.000000e+00,0.000000e+00
551,17,9503,1.319684e-05,4.845270e-03,1.337853e-02,0.000000e+00,0.000000e+00
552,21,9524,3.951136e-05,4.902569e-03,1.528340e-02,0.000000e+00,0.000000e+00
553,15,9539,2.389308e-05,4.886862e-03,1.480972e-02,0.000000e+00,0.000000e+00
554,18,9557,2.074987e-05,5.022321e-03,1.315706e-02,0.000000e+00,0.000000e+00
555,26,9583,3.818423e-07,4.835777e-03,1.339314e-02,0.000000e+00,0.000000e+00
556,21,9604,6.612390e-07,4.892980e-03,1.432350e-02,0.000000e+00,0.000000e+00
557,16,9620,1.280569e-06,4.776776e-03,1.315146e-02,0.000000e+00,0.000000e+00
558,22,9642,3.218185e-05,4.931052e-03,1.435624e-02,0.000000e+00,0.000000e+00
559,19,9661,4.647300e-06,4.787380e-03,1.259863e-02,0.000000e+00,0.000000e+00
560,15,9676,4.027970e-06,4.960520e-03,1.594405e-02,0.000000e+00,0.000000e+00
561,14,9690,3.636815e-05,4.902886e-03,1.453212e-02,0.000000e+00,0.000000e+00
562,21,9711,3.147870e-06,5.022949e-03,1.505095e-02,0.000000e+00,0.000000e+00
563,16,9727,9.648502e-06,4.890208e-03,1.446560e-02,0.000000e+00,0.000000e+00
564,19,9746,3.171619e-05,4.996429e-03,1.752847e-02,0.000000e+00,0.000000e+00
565,21,9767,3.138557e-06,4.887154e-03,1.450817e-02,0.000000e+00,0.000000e+00
566,22,9789,9.359792e-07,5.003084e-03,1.387241e-02,0.000000e+00,0.000000e+00
567,21,9810,1.024455e-05,4.824077e-03,1.881208e-02,0.000000e+00,0.000000e+00
568,18,9828,2.157874e-05,5.042710e-03,1.881208e-02,0.000000e+00,0.000000e+00
569,20,9848,7.124618e-07,4.853916e-03,1.616283e-02,0.000000e+00,0.000000e+00
570,17,9865,6.142072e-06,4.977919e-03,1.520524e-02,0.000000e+00,0.000000e+00
571,16,9881,8.018687e-06,4.886002e-03,1.399733e-02,0.000000e+00,0.000000e+00
572,23,9904,1.942273e-05,4.973389e-03,1.315230e-02,0.000000e+00,0.000000e+00
573,18,9922,1.249835e-05,4.827471e-03,1.143824e-02,0.000000e+00,0.000000e+00
574,15,9937,4.304573e-05,4.978389e-03,1.325111e-02,0.000000e+00,0.000000e+00
575,18,9955,2.420507e-05,4.851385e-03,1.388743e-02,0.000000e+00,0.000000e+00
HIST {'total_samples': 5061166, 'floor_samples': 54, 'floor_fraction': 1.0669478140017538e-05, 'saturation_depth': 3.259629011154175e-08, 'boundaries': 576, 'capped_boundaries': 0, 'unfinished_worlds': 0}
576,21,9976,2.450775e-05,5.024043e-03,1.371862e-02,0.000000e+00,0.000000e+00
577,20,9996,1.171604e-05,4.862539e-03,1.332062e-02,0.000000e+00,0.000000e+00
578,15,10011,8.940697e-06,5.014767e-03,1.317690e-02,0.000000e+00,0.000000e+00
579,21,10032,1.423527e-05,4.915539e-03,1.459667e-02,0.000000e+00,0.000000e+00
580,22,10054,1.776963e-05,5.021811e-03,1.740266e-02,0.000000e+00,0.000000e+00
581,19,10073,9.406358e-07,4.817063e-03,1.217622e-02,0.000000e+00,0.000000e+00
582,13,10086,1.038425e-06,4.998810e-03,1.428914e-02,0.000000e+00,0.000000e+00
583,22,10108,1.064502e-05,4.854110e-03,1.407243e-02,0.000000e+00,0.000000e+00
584,17,10125,7.785857e-06,4.916213e-03,1.354919e-02,0.000000e+00,0.000000e+00
585,14,10139,1.313165e-05,4.887100e-03,1.278644e-02,0.000000e+00,0.000000e+00
586,15,10154,1.309440e-05,5.050099e-03,1.528993e-02,0.000000e+00,0.000000e+00
587,17,10171,1.452863e-06,4.890488e-03,1.584999e-02,0.000000e+00,0.000000e+00
588,14,10185,2.142042e-07,5.033688e-03,1.372554e-02,0.000000e+00,0.000000e+00
589,15,10200,4.249625e-05,4.942195e-03,1.222769e-02,0.000000e+00,0.000000e+00
590,17,10217,3.511086e-06,4.992753e-03,1.789325e-02,0.000000e+00,0.000000e+00
591,26,10243,3.552996e-05,4.898742e-03,1.622533e-02,0.000000e+00,0.000000e+00
592,15,10258,9.983778e-06,4.980620e-03,1.568007e-02,0.000000e+00,0.000000e+00
593,14,10272,3.796536e-05,4.952140e-03,1.293354e-02,0.000000e+00,0.000000e+00
594,14,10286,7.944182e-06,5.025357e-03,1.775064e-02,0.000000e+00,0.000000e+00
595,17,10303,4.936010e-06,4.915552e-03,1.548416e-02,0.000000e+00,0.000000e+00
596,16,10319,1.143664e-05,4.987360e-03,1.435589e-02,0.000000e+00,0.000000e+00
597,15,10334,1.703855e-05,4.837804e-03,1.253713e-02,0.000000e+00,0.000000e+00
598,16,10350,1.052395e-05,4.969164e-03,1.729386e-02,0.000000e+00,0.000000e+00
599,20,10370,4.945323e-06,4.844643e-03,1.147157e-02,0.000000e+00,0.000000e+00
600,17,10387,4.526228e-06,5.014228e-03,1.381925e-02,0.000000e+00,0.000000e+00
601,19,10406,2.015382e-05,4.819331e-03,1.474611e-02,0.000000e+00,0.000000e+00
602,16,10422,2.775341e-06,4.979564e-03,1.735473e-02,0.000000e+00,0.000000e+00
603,22,10444,6.612390e-07,4.824297e-03,1.477399e-02,0.000000e+00,0.000000e+00
604,20,10464,2.891757e-05,4.899818e-03,1.295371e-02,0.000000e+00,0.000000e+00
605,14,10478,2.887100e-06,4.830827e-03,1.580531e-02,0.000000e+00,0.000000e+00
606,15,10493,1.974404e-06,4.982167e-03,1.389167e-02,0.000000e+00,0.000000e+00
607,16,10509,6.705523e-07,4.899301e-03,1.427380e-02,0.000000e+00,0.000000e+00
608,18,10527,9.452924e-06,5.006569e-03,1.547655e-02,0.000000e+00,0.000000e+00
609,18,10545,8.773059e-06,4.915656e-03,1.608383e-02,0.000000e+00,0.000000e+00
610,17,10562,5.499460e-06,4.975008e-03,1.685444e-02,0.000000e+00,0.000000e+00
611,17,10579,2.468005e-07,4.902032e-03,1.486802e-02,0.000000e+00,0.000000e+00
612,17,10596,1.561828e-05,4.936715e-03,1.585095e-02,0.000000e+00,0.000000e+00
613,15,10611,1.490116e-07,4.806264e-03,1.440616e-02,0.000000e+00,0.000000e+00
614,23,10634,2.523884e-06,4.985597e-03,1.683305e-02,0.000000e+00,0.000000e+00
615,21,10655,2.100132e-06,4.938969e-03,1.386376e-02,0.000000e+00,0.000000e+00
616,19,10674,3.727153e-05,5.023692e-03,1.881208e-02,0.000000e+00,0.000000e+00
617,21,10695,1.066830e-05,4.884867e-03,1.394016e-02,0.000000e+00,0.000000e+00
618,15,10710,3.001187e-05,4.937859e-03,1.461255e-02,0.000000e+00,0.000000e+00
619,19,10729,3.539026e-07,4.865148e-03,1.420198e-02,0.000000e+00,0.000000e+00
620,17,10746,2.794899e-05,5.062030e-03,1.767087e-02,0.000000e+00,0.000000e+00
621,16,10762,2.376270e-05,4.817564e-03,1.372661e-02,0.000000e+00,0.000000e+00
622,19,10781,1.571141e-05,4.932523e-03,1.778464e-02,0.000000e+00,0.000000e+00
623,17,10798,1.575798e-05,4.732985e-03,1.449459e-02,0.000000e+00,0.000000e+00
HIST {'total_samples': 5524266, 'floor_samples': 61, 'floor_fraction': 1.1042190944462124e-05, 'saturation_depth': 3.259629011154175e-08, 'boundaries': 624, 'capped_boundaries': 0, 'unfinished_worlds': 0}
624,19,10817,2.539717e-05,4.905812e-03,1.491846e-02,0.000000e+00,0.000000e+00
625,23,10840,3.236346e-06,4.794940e-03,1.477079e-02,0.000000e+00,0.000000e+00
626,19,10859,3.986061e-06,5.001064e-03,1.458431e-02,0.000000e+00,0.000000e+00
627,16,10875,6.901100e-06,4.820443e-03,1.449365e-02,0.000000e+00,0.000000e+00
628,19,10894,4.945323e-06,4.968218e-03,1.636139e-02,0.000000e+00,0.000000e+00
629,16,10910,9.015203e-06,4.750927e-03,1.357850e-02,0.000000e+00,0.000000e+00
630,18,10928,3.181398e-05,4.869937e-03,1.813300e-02,0.000000e+00,0.000000e+00
631,13,10941,1.071021e-06,4.870071e-03,1.243316e-02,0.000000e+00,0.000000e+00
632,16,10957,1.824927e-05,4.967314e-03,1.606431e-02,0.000000e+00,0.000000e+00
633,14,10971,1.483597e-05,4.839276e-03,1.492274e-02,0.000000e+00,0.000000e+00
634,19,10990,1.173466e-05,4.944153e-03,1.463134e-02,0.000000e+00,0.000000e+00
635,17,11007,1.215842e-05,4.911477e-03,1.625820e-02,0.000000e+00,0.000000e+00
636,22,11029,3.967434e-06,4.963252e-03,1.881208e-02,0.000000e+00,0.000000e+00
637,15,11044,3.795139e-06,4.846625e-03,1.737979e-02,0.000000e+00,0.000000e+00
638,19,11063,4.004687e-07,4.997251e-03,1.507229e-02,0.000000e+00,0.000000e+00
639,21,11084,3.851019e-06,4.803882e-03,1.479540e-02,0.000000e+00,0.000000e+00
640,20,11104,1.937151e-06,4.947615e-03,1.594405e-02,0.000000e+00,0.000000e+00
641,14,11118,1.304783e-05,4.762086e-03,1.260884e-02,0.000000e+00,0.000000e+00
642,18,11136,4.288740e-06,4.959692e-03,1.452528e-02,0.000000e+00,0.000000e+00
643,14,11150,1.973007e-05,4.826447e-03,1.580910e-02,0.000000e+00,0.000000e+00
644,15,11165,1.222827e-05,4.940410e-03,1.394381e-02,0.000000e+00,0.000000e+00
645,18,11183,7.441267e-06,4.801393e-03,1.388780e-02,0.000000e+00,0.000000e+00
646,15,11198,2.720859e-05,4.922389e-03,1.433410e-02,0.000000e+00,0.000000e+00
647,17,11215,1.284759e-05,4.844501e-03,1.459002e-02,0.000000e+00,0.000000e+00
648,14,11229,1.351349e-05,4.994264e-03,1.542927e-02,0.000000e+00,0.000000e+00
649,15,11244,2.309680e-06,4.801148e-03,1.397631e-02,0.000000e+00,0.000000e+00
650,19,11263,4.773028e-06,4.912868e-03,1.378560e-02,0.000000e+00,0.000000e+00
651,18,11281,2.747402e-06,4.771537e-03,1.330844e-02,0.000000e+00,0.000000e+00
652,17,11298,3.320165e-06,4.902313e-03,1.614534e-02,0.000000e+00,0.000000e+00
653,21,11319,8.828938e-06,4.897036e-03,1.288936e-02,0.000000e+00,0.000000e+00
654,16,11335,1.554843e-05,4.946958e-03,1.751264e-02,0.000000e+00,0.000000e+00
655,16,11351,8.353963e-06,4.808302e-03,1.767087e-02,0.000000e+00,0.000000e+00
656,14,11365,6.193295e-07,4.960162e-03,1.457956e-02,0.000000e+00,0.000000e+00
657,17,11382,2.023764e-05,4.797131e-03,1.249310e-02,0.000000e+00,0.000000e+00
658,17,11399,7.450581e-08,4.988484e-03,1.478297e-02,0.000000e+00,0.000000e+00
659,16,11415,1.303852e-06,4.825783e-03,1.329004e-02,0.000000e+00,0.000000e+00
660,18,11433,1.431908e-05,5.012711e-03,1.761782e-02,0.000000e+00,0.000000e+00
661,15,11448,1.310371e-05,4.835745e-03,1.266467e-02,0.000000e+00,0.000000e+00
662,14,11462,8.777715e-06,4.898813e-03,1.317690e-02,0.000000e+00,0.000000e+00
663,15,11477,1.431443e-05,4.864865e-03,1.713585e-02,0.000000e+00,0.000000e+00
664,17,11494,4.949979e-06,4.967029e-03,1.733170e-02,0.000000e+00,0.000000e+00
665,17,11511,1.708046e-05,4.913053e-03,1.308831e-02,0.000000e+00,0.000000e+00
666,18,11529,3.800262e-05,5.034435e-03,1.696472e-02,0.000000e+00,0.000000e+00
667,16,11545,1.119450e-05,4.897555e-03,1.821472e-02,0.000000e+00,0.000000e+00
668,15,11560,2.877787e-06,4.993739e-03,1.836721e-02,0.000000e+00,0.000000e+00
669,17,11577,1.257285e-07,4.882667e-03,1.311728e-02,0.000000e+00,0.000000e+00
670,18,11595,1.788139e-06,4.943493e-03,1.475032e-02,0.000000e+00,0.000000e+00
671,17,11612,1.332723e-05,4.901065e-03,1.325941e-02,0.000000e+00,0.000000e+00
HIST {'total_samples': 5990047, 'floor_samples': 66, 'floor_fraction': 1.1018277485969642e-05, 'saturation_depth': 3.259629011154175e-08, 'boundaries': 672, 'capped_boundaries': 0, 'unfinished_worlds': 0}
672,31,11643,2.635643e-06,4.966578e-03,1.710961e-02,0.000000e+00,0.000000e+00
673,22,11665,7.194467e-06,4.848419e-03,1.533805e-02,0.000000e+00,0.000000e+00
674,15,11680,2.705492e-06,4.939822e-03,1.514462e-02,0.000000e+00,0.000000e+00
675,15,11695,4.745089e-06,4.795399e-03,1.426636e-02,0.000000e+00,0.000000e+00
676,19,11714,5.979091e-06,4.937700e-03,1.572744e-02,0.000000e+00,0.000000e+00
677,19,11733,1.485460e-05,4.847453e-03,1.439736e-02,0.000000e+00,0.000000e+00
678,15,11748,1.077540e-05,4.984610e-03,1.881208e-02,0.000000e+00,0.000000e+00
679,24,11772,3.199093e-05,4.807611e-03,1.466139e-02,0.000000e+00,0.000000e+00
680,26,11798,2.905726e-06,4.989570e-03,1.296162e-02,0.000000e+00,0.000000e+00
681,18,11816,1.769513e-07,4.882731e-03,1.309858e-02,0.000000e+00,0.000000e+00
682,15,11831,4.135072e-06,4.914420e-03,1.454679e-02,0.000000e+00,0.000000e+00
683,15,11846,4.298054e-06,4.824050e-03,1.704130e-02,0.000000e+00,0.000000e+00
684,16,11862,1.622364e-05,4.944965e-03,1.428666e-02,0.000000e+00,0.000000e+00
685,22,11884,1.621433e-05,4.826848e-03,1.283618e-02,0.000000e+00,0.000000e+00
686,26,11910,7.720664e-06,4.907395e-03,1.564602e-02,0.000000e+00,0.000000e+00
687,21,11931,1.424924e-06,4.847884e-03,1.306446e-02,0.000000e+00,0.000000e+00
688,17,11948,3.213063e-06,4.963323e-03,1.537068e-02,0.000000e+00,0.000000e+00
689,20,11968,3.967434e-06,4.840220e-03,1.449459e-02,0.000000e+00,0.000000e+00
690,17,11985,1.015142e-06,4.980615e-03,1.594405e-02,0.000000e+00,0.000000e+00
691,15,12000,1.680572e-05,4.883389e-03,1.342864e-02,0.000000e+00,0.000000e+00
692,15,12015,3.073364e-06,5.019533e-03,1.567121e-02,0.000000e+00,0.000000e+00
693,25,12040,1.535751e-05,4.941311e-03,1.442905e-02,0.000000e+00,0.000000e+00
694,17,12057,2.835877e-05,4.972393e-03,1.821472e-02,0.000000e+00,0.000000e+00
695,15,12072,5.764887e-06,4.835047e-03,1.477103e-02,0.000000e+00,0.000000e+00
696,22,12094,2.621673e-06,4.901219e-03,1.767087e-02,0.000000e+00,0.000000e+00
697,16,12110,4.274771e-06,4.807153e-03,1.453341e-02,0.000000e+00,0.000000e+00
698,28,12138,7.445924e-06,4.964036e-03,1.610258e-02,0.000000e+00,0.000000e+00
699,19,12157,2.328306e-08,4.881456e-03,1.473617e-02,0.000000e+00,0.000000e+00
700,16,12173,1.716893e-05,4.988095e-03,1.821472e-02,0.000000e+00,0.000000e+00
701,15,12188,1.257285e-05,4.873453e-03,1.320326e-02,0.000000e+00,0.000000e+00
702,17,12205,1.741108e-05,4.972285e-03,1.255811e-02,0.000000e+00,0.000000e+00
703,14,12219,2.393499e-06,4.797954e-03,1.410703e-02,0.000000e+00,0.000000e+00
704,14,12233,2.468005e-06,4.931267e-03,1.393269e-02,0.000000e+00,0.000000e+00
705,16,12249,4.325993e-06,4.830100e-03,1.428440e-02,0.000000e+00,0.000000e+00
706,19,12268,6.412156e-06,5.014526e-03,1.435914e-02,0.000000e+00,0.000000e+00
707,20,12288,1.057051e-06,4.861070e-03,1.456980e-02,0.000000e+00,0.000000e+00
708,18,12306,2.784654e-05,4.936902e-03,1.591392e-02,0.000000e+00,0.000000e+00
709,25,12331,1.862645e-08,4.771892e-03,1.618618e-02,0.000000e+00,0.000000e+00
710,15,12346,6.495975e-06,4.874490e-03,1.767087e-02,0.000000e+00,0.000000e+00
711,17,12363,1.895241e-05,4.797533e-03,1.530233e-02,0.000000e+00,0.000000e+00
712,17,12380,2.784654e-06,4.980783e-03,1.504951e-02,0.000000e+00,0.000000e+00
713,16,12396,6.062910e-06,4.764545e-03,1.521281e-02,0.000000e+00,0.000000e+00
714,18,12414,2.412125e-06,4.914509e-03,1.821472e-02,0.000000e+00,0.000000e+00
715,14,12428,4.852191e-06,4.874913e-03,1.707142e-02,0.000000e+00,0.000000e+00
716,17,12445,1.036562e-05,4.890666e-03,1.767087e-02,0.000000e+00,0.000000e+00
717,19,12464,5.229376e-06,4.728477e-03,1.296338e-02,0.000000e+00,0.000000e+00
718,15,12479,2.748333e-05,4.887865e-03,1.418542e-02,0.000000e+00,0.000000e+00
719,15,12494,2.190936e-05,4.719199e-03,1.220804e-02,0.000000e+00,0.000000e+00
HIST {'total_samples': 6457115, 'floor_samples': 69, 'floor_fraction': 1.068588680858247e-05, 'saturation_depth': 1.862645149230957e-08, 'boundaries': 720, 'capped_boundaries': 0, 'unfinished_worlds': 0}
720,15,12509,4.721805e-06,4.822829e-03,1.312537e-02,0.000000e+00,0.000000e+00
721,19,12528,3.976747e-06,4.745499e-03,1.208874e-02,0.000000e+00,0.000000e+00
722,17,12545,1.886394e-05,4.873643e-03,1.555983e-02,0.000000e+00,0.000000e+00
723,28,12573,5.271286e-06,4.717768e-03,1.227303e-02,0.000000e+00,0.000000e+00
724,24,12597,1.970679e-05,4.877949e-03,1.440860e-02,0.000000e+00,0.000000e+00
725,21,12618,1.092907e-05,4.806776e-03,1.258822e-02,0.000000e+00,0.000000e+00
726,16,12634,9.904616e-06,4.907771e-03,1.390025e-02,0.000000e+00,0.000000e+00
727,15,12649,3.967434e-06,4.810029e-03,1.376397e-02,0.000000e+00,0.000000e+00
728,19,12668,2.956018e-05,4.874535e-03,1.576443e-02,0.000000e+00,0.000000e+00
729,15,12683,1.279172e-05,4.799923e-03,1.210120e-02,0.000000e+00,0.000000e+00
730,15,12698,1.722947e-07,4.998189e-03,1.393926e-02,0.000000e+00,0.000000e+00
731,15,12713,3.846362e-06,4.795907e-03,1.275230e-02,0.000000e+00,0.000000e+00
732,15,12728,1.252163e-05,4.906006e-03,1.588874e-02,0.000000e+00,0.000000e+00
733,18,12746,1.588836e-05,4.704597e-03,1.229415e-02,0.000000e+00,0.000000e+00
734,16,12762,2.733897e-05,4.920874e-03,1.349426e-02,0.000000e+00,0.000000e+00
735,15,12777,3.236812e-05,4.809221e-03,1.354050e-02,0.000000e+00,0.000000e+00
736,17,12794,9.778887e-08,4.940385e-03,1.374508e-02,0.000000e+00,0.000000e+00
737,14,12808,7.473864e-06,4.765022e-03,1.122954e-02,0.000000e+00,0.000000e+00
738,16,12824,1.890585e-06,4.863667e-03,1.427363e-02,0.000000e+00,0.000000e+00
739,15,12839,2.307817e-05,4.803040e-03,1.317690e-02,0.000000e+00,0.000000e+00
740,17,12856,1.093373e-05,4.869938e-03,1.479648e-02,0.000000e+00,0.000000e+00
741,18,12874,1.625158e-06,4.736263e-03,1.351591e-02,0.000000e+00,0.000000e+00
742,17,12891,3.717840e-05,4.914505e-03,1.459982e-02,0.000000e+00,0.000000e+00
743,20,12911,1.812354e-05,4.769268e-03,1.525508e-02,0.000000e+00,0.000000e+00
744,14,12925,1.126900e-06,4.854438e-03,1.620640e-02,0.000000e+00,0.000000e+00
745,15,12940,2.798624e-05,4.798468e-03,1.144141e-02,0.000000e+00,0.000000e+00
746,16,12956,2.386048e-05,4.876817e-03,1.619103e-02,0.000000e+00,0.000000e+00
747,17,12973,1.004897e-05,4.829867e-03,1.270870e-02,0.000000e+00,0.000000e+00
748,16,12989,6.144401e-05,4.916785e-03,1.567758e-02,0.000000e+00,0.000000e+00
749,14,13003,5.085021e-06,4.767058e-03,1.282818e-02,0.000000e+00,0.000000e+00
750,18,13021,6.351620e-06,4.970741e-03,1.720851e-02,0.000000e+00,0.000000e+00
751,16,13037,3.711320e-06,4.852200e-03,1.249375e-02,0.000000e+00,0.000000e+00
752,18,13055,1.137145e-05,4.904857e-03,1.573747e-02,0.000000e+00,0.000000e+00
753,26,13081,6.412156e-06,4.737174e-03,1.372395e-02,0.000000e+00,0.000000e+00
754,25,13106,3.958121e-07,5.000368e-03,1.615196e-02,0.000000e+00,0.000000e+00
755,23,13129,1.024920e-05,4.792768e-03,1.337374e-02,0.000000e+00,0.000000e+00
756,16,13145,1.030974e-05,4.986216e-03,1.517924e-02,0.000000e+00,0.000000e+00
757,22,13167,2.914108e-05,4.680924e-03,1.289819e-02,0.000000e+00,0.000000e+00
758,21,13188,2.244487e-06,4.898279e-03,1.330691e-02,0.000000e+00,0.000000e+00
759,23,13211,1.257285e-05,4.779934e-03,1.216693e-02,0.000000e+00,0.000000e+00
760,20,13231,6.407499e-06,4.844894e-03,1.407609e-02,0.000000e+00,0.000000e+00
761,18,13249,2.253801e-06,4.745910e-03,1.555291e-02,0.000000e+00,0.000000e+00
762,16,13265,1.769513e-06,4.881865e-03,1.483102e-02,0.000000e+00,0.000000e+00
763,16,13281,2.542511e-06,4.708289e-03,1.638157e-02,0.000000e+00,0.000000e+00
764,16,13297,3.259629e-08,4.822054e-03,1.751461e-02,0.000000e+00,0.000000e+00
765,27,13324,4.982576e-06,4.716650e-03,1.738407e-02,0.000000e+00,0.000000e+00
766,15,13339,4.041940e-06,4.884900e-03,1.569101e-02,0.000000e+00,0.000000e+00
767,14,13353,3.064051e-06,4.673033e-03,1.387286e-02,0.000000e+00,0.000000e+00
HIST {'total_samples': 6931494, 'floor_samples': 73, 'floor_fraction': 1.053164007643951e-05, 'saturation_depth': 1.862645149230957e-08, 'boundaries': 768, 'capped_boundaries': 0, 'unfinished_worlds': 0}
768,16,13369,1.420267e-05,4.887662e-03,1.350547e-02,0.000000e+00,0.000000e+00
769,16,13385,1.074746e-05,4.841363e-03,1.371903e-02,0.000000e+00,0.000000e+00
770,13,13398,2.578832e-05,4.884508e-03,1.566560e-02,0.000000e+00,0.000000e+00
771,15,13413,3.091991e-06,4.785478e-03,1.323916e-02,0.000000e+00,0.000000e+00
772,15,13428,7.133931e-06,4.878146e-03,1.485034e-02,0.000000e+00,0.000000e+00
773,14,13442,1.054723e-05,4.650573e-03,1.253403e-02,0.000000e+00,0.000000e+00
774,16,13458,1.991168e-05,4.870821e-03,1.556607e-02,0.000000e+00,0.000000e+00
775,17,13475,2.728775e-06,4.780852e-03,1.524228e-02,0.000000e+00,0.000000e+00
776,16,13491,6.863847e-06,4.841493e-03,1.453553e-02,0.000000e+00,0.000000e+00
777,16,13507,3.690366e-05,4.753409e-03,1.411665e-02,0.000000e+00,0.000000e+00
778,19,13526,3.352761e-06,4.940437e-03,1.586668e-02,0.000000e+00,0.000000e+00
779,14,13540,5.764887e-06,4.724369e-03,1.245189e-02,0.000000e+00,0.000000e+00
780,17,13557,1.456123e-05,4.878370e-03,1.413878e-02,0.000000e+00,0.000000e+00
781,25,13582,8.498318e-06,4.732511e-03,1.342799e-02,0.000000e+00,0.000000e+00
782,21,13603,4.954636e-06,4.915416e-03,1.427630e-02,0.000000e+00,0.000000e+00
783,26,13629,1.345761e-06,4.807164e-03,1.368400e-02,0.000000e+00,0.000000e+00
784,18,13647,2.644956e-06,4.801823e-03,1.604519e-02,0.000000e+00,0.000000e+00
785,15,13662,7.026829e-06,4.764895e-03,1.425183e-02,0.000000e+00,0.000000e+00
786,17,13679,3.306195e-07,4.876609e-03,1.332129e-02,0.000000e+00,0.000000e+00
787,16,13695,6.193295e-07,4.762069e-03,1.255957e-02,0.000000e+00,0.000000e+00
788,15,13710,1.373701e-06,4.816192e-03,1.492947e-02,0.000000e+00,0.000000e+00
789,16,13726,5.010515e-06,4.798131e-03,1.474990e-02,0.000000e+00,0.000000e+00
790,17,13743,7.534400e-06,4.892770e-03,1.685095e-02,0.000000e+00,0.000000e+00
791,20,13763,4.068948e-05,4.739169e-03,1.365708e-02,0.000000e+00,0.000000e+00
792,19,13782,3.183726e-05,4.931846e-03,1.414841e-02,0.000000e+00,0.000000e+00
793,17,13799,2.103392e-05,4.837283e-03,1.323788e-02,0.000000e+00,0.000000e+00
794,16,13815,5.881302e-06,4.967710e-03,1.618450e-02,0.000000e+00,0.000000e+00
795,17,13832,3.613532e-06,4.810813e-03,1.393763e-02,0.000000e+00,0.000000e+00
796,14,13846,8.572824e-06,4.866850e-03,1.652579e-02,0.000000e+00,0.000000e+00
797,14,13860,2.562534e-05,4.757779e-03,1.465053e-02,0.000000e+00,0.000000e+00
798,17,13877,1.043081e-05,4.884364e-03,1.584175e-02,0.000000e+00,0.000000e+00
799,17,13894,7.515773e-06,4.757949e-03,1.367146e-02,0.000000e+00,0.000000e+00
800,19,13913,4.572794e-06,4.903123e-03,1.529543e-02,0.000000e+00,0.000000e+00
801,17,13930,1.734123e-05,4.667687e-03,1.233669e-02,0.000000e+00,0.000000e+00
802,15,13945,1.461245e-05,4.893242e-03,1.440516e-02,0.000000e+00,0.000000e+00
803,15,13960,2.905726e-06,4.698213e-03,1.244348e-02,0.000000e+00,0.000000e+00
804,17,13977,3.586989e-05,4.931801e-03,1.459002e-02,0.000000e+00,0.000000e+00
805,16,13993,8.512288e-06,4.744216e-03,1.371746e-02,0.000000e+00,0.000000e+00
806,16,14009,9.480864e-06,4.849982e-03,1.342197e-02,0.000000e+00,0.000000e+00
807,15,14024,1.215842e-05,4.790847e-03,1.695546e-02,0.000000e+00,0.000000e+00
808,18,14042,2.146699e-05,4.806425e-03,1.503268e-02,0.000000e+00,0.000000e+00
809,21,14063,9.168871e-06,4.701370e-03,1.254429e-02,0.000000e+00,0.000000e+00
810,20,14083,3.254972e-06,4.806974e-03,1.343627e-02,0.000000e+00,0.000000e+00
811,19,14102,8.055940e-06,4.665227e-03,1.190390e-02,0.000000e+00,0.000000e+00
812,19,14121,2.642628e-05,4.762842e-03,1.478987e-02,0.000000e+00,0.000000e+00
813,16,14137,4.549511e-06,4.647269e-03,1.291661e-02,0.000000e+00,0.000000e+00
814,20,14157,4.051253e-07,4.762590e-03,1.224183e-02,0.000000e+00,0.000000e+00
815,17,14174,5.816109e-06,4.710387e-03,1.409993e-02,0.000000e+00,0.000000e+00
HIST {'total_samples': 7408125, 'floor_samples': 76, 'floor_fraction': 1.0259006158778368e-05, 'saturation_depth': 1.862645149230957e-08, 'boundaries': 816, 'capped_boundaries': 0, 'unfinished_worlds': 0}
816,21,14195,4.312024e-06,4.809374e-03,1.487836e-02,0.000000e+00,0.000000e+00
817,19,14214,5.336478e-06,4.670220e-03,1.295377e-02,0.000000e+00,0.000000e+00
818,14,14228,3.142748e-05,4.823249e-03,1.644318e-02,0.000000e+00,0.000000e+00
819,22,14250,4.610047e-06,4.716591e-03,1.245716e-02,0.000000e+00,0.000000e+00
820,24,14274,9.778887e-07,4.813022e-03,1.286719e-02,0.000000e+00,0.000000e+00
821,15,14289,1.864508e-05,4.658319e-03,1.285998e-02,0.000000e+00,0.000000e+00
822,17,14306,2.160668e-05,4.835359e-03,1.316250e-02,0.000000e+00,0.000000e+00
823,18,14324,8.107163e-06,4.741333e-03,1.257716e-02,0.000000e+00,0.000000e+00
824,19,14343,3.096648e-06,4.804216e-03,1.409208e-02,0.000000e+00,0.000000e+00
825,15,14358,6.761402e-06,4.776318e-03,1.317690e-02,0.000000e+00,0.000000e+00
826,14,14372,9.592623e-07,4.851541e-03,1.595411e-02,0.000000e+00,0.000000e+00
827,17,14389,3.073364e-07,4.687123e-03,1.231088e-02,0.000000e+00,0.000000e+00
828,13,14402,6.100163e-06,4.703761e-03,1.717300e-02,0.000000e+00,0.000000e+00
829,20,14422,1.207925e-05,4.657716e-03,1.594405e-02,0.000000e+00,0.000000e+00
830,19,14441,5.448237e-06,4.787991e-03,1.528850e-02,0.000000e+00,0.000000e+00
831,25,14466,1.812354e-05,4.664814e-03,1.561697e-02,0.000000e+00,0.000000e+00
832,16,14482,1.186505e-05,4.757534e-03,1.258803e-02,0.000000e+00,0.000000e+00
833,17,14499,7.320195e-06,4.712787e-03,1.255738e-02,0.000000e+00,0.000000e+00
834,14,14513,1.287088e-05,4.800740e-03,1.363199e-02,0.000000e+00,0.000000e+00
835,17,14530,2.235174e-07,4.704908e-03,1.403178e-02,0.000000e+00,0.000000e+00
836,17,14547,1.523644e-05,4.777363e-03,1.516780e-02,0.000000e+00,0.000000e+00
837,16,14563,5.718321e-06,4.720828e-03,1.271814e-02,0.000000e+00,0.000000e+00
838,16,14579,6.640330e-06,4.786492e-03,1.977658e-02,0.000000e+00,0.000000e+00
839,18,14597,6.454065e-06,4.676037e-03,1.307527e-02,0.000000e+00,0.000000e+00
840,16,14613,5.362555e-05,4.782031e-03,1.311868e-02,0.000000e+00,0.000000e+00
841,16,14629,1.843553e-05,4.667815e-03,1.193620e-02,0.000000e+00,0.000000e+00
842,15,14644,1.006760e-05,4.804938e-03,1.742077e-02,0.000000e+00,0.000000e+00
843,19,14663,5.611219e-06,4.748721e-03,1.393917e-02,0.000000e+00,0.000000e+00
844,16,14679,1.241453e-05,4.869010e-03,1.435868e-02,0.000000e+00,0.000000e+00
845,18,14697,2.384186e-06,4.649457e-03,1.378443e-02,0.000000e+00,0.000000e+00
846,19,14716,4.526228e-06,4.808123e-03,1.378774e-02,0.000000e+00,0.000000e+00
847,18,14734,5.204231e-05,4.649785e-03,1.466564e-02,0.000000e+00,0.000000e+00
848,17,14751,2.691522e-06,4.876896e-03,1.310153e-02,0.000000e+00,0.000000e+00
849,17,14768,1.688022e-05,4.676431e-03,1.343439e-02,0.000000e+00,0.000000e+00
850,16,14784,1.786742e-05,4.824712e-03,1.478032e-02,0.000000e+00,0.000000e+00
851,17,14801,2.622139e-05,4.660439e-03,1.256041e-02,0.000000e+00,0.000000e+00
852,17,14818,2.267770e-06,4.775100e-03,1.626885e-02,0.000000e+00,0.000000e+00
853,21,14839,7.096678e-06,4.683209e-03,1.414619e-02,0.000000e+00,0.000000e+00
854,14,14853,6.435439e-06,4.852734e-03,1.433102e-02,0.000000e+00,0.000000e+00
855,18,14871,7.217750e-06,4.643806e-03,1.214463e-02,0.000000e+00,0.000000e+00
856,18,14889,2.998859e-06,4.825962e-03,1.485602e-02,0.000000e+00,0.000000e+00
857,27,14916,3.465917e-05,4.758229e-03,1.530914e-02,0.000000e+00,0.000000e+00
858,15,14931,3.278255e-05,4.838157e-03,1.680345e-02,0.000000e+00,0.000000e+00
859,18,14949,3.054738e-06,4.639856e-03,1.282335e-02,0.000000e+00,0.000000e+00
860,16,14965,3.292225e-06,4.743529e-03,1.448746e-02,0.000000e+00,0.000000e+00
861,20,14985,5.755574e-06,4.613582e-03,1.232631e-02,0.000000e+00,0.000000e+00
862,22,15007,5.424954e-06,4.771211e-03,1.494787e-02,0.000000e+00,0.000000e+00
863,21,15028,7.292256e-06,4.709146e-03,1.443927e-02,0.000000e+00,0.000000e+00
HIST {'total_samples': 7890437, 'floor_samples': 80, 'floor_fraction': 1.0138855427145543e-05, 'saturation_depth': 1.862645149230957e-08, 'boundaries': 864, 'capped_boundaries': 0, 'unfinished_worlds': 0}
864,15,15043,5.410984e-06,4.783698e-03,1.481270e-02,0.000000e+00,0.000000e+00
865,13,15056,9.266660e-07,4.660076e-03,1.274521e-02,0.000000e+00,0.000000e+00
866,15,15071,2.942979e-06,4.855455e-03,1.490511e-02,0.000000e+00,0.000000e+00
867,15,15086,7.706694e-06,4.768130e-03,1.273598e-02,0.000000e+00,0.000000e+00
868,19,15105,5.993061e-06,4.823902e-03,1.443484e-02,0.000000e+00,0.000000e+00
869,18,15123,1.288950e-05,4.692562e-03,1.289925e-02,0.000000e+00,0.000000e+00
870,19,15142,4.470348e-06,4.849858e-03,1.316208e-02,0.000000e+00,0.000000e+00
871,16,15158,3.511086e-06,4.695090e-03,1.298405e-02,0.000000e+00,0.000000e+00
872,22,15180,2.470799e-05,4.823778e-03,1.293984e-02,0.000000e+00,0.000000e+00
873,21,15201,1.167413e-05,4.693268e-03,1.428470e-02,0.000000e+00,0.000000e+00
874,20,15221,4.802365e-05,4.787641e-03,1.891245e-02,0.000000e+00,0.000000e+00
875,17,15238,1.025852e-05,4.662628e-03,1.425777e-02,0.000000e+00,0.000000e+00
876,14,15252,3.981404e-06,4.727293e-03,1.503651e-02,0.000000e+00,0.000000e+00
877,18,15270,4.870817e-06,4.571802e-03,1.436437e-02,0.000000e+00,0.000000e+00
878,19,15289,9.383075e-06,4.742363e-03,1.648902e-02,0.000000e+00,0.000000e+00
879,17,15306,8.437783e-06,4.601589e-03,1.231217e-02,0.000000e+00,0.000000e+00
880,17,15323,1.676381e-07,4.777323e-03,1.859525e-02,0.000000e+00,0.000000e+00
881,18,15341,4.614703e-06,4.642151e-03,1.394125e-02,0.000000e+00,0.000000e+00
882,17,15358,1.455192e-05,4.762989e-03,1.518070e-02,0.000000e+00,0.000000e+00
883,17,15375,7.920898e-06,4.622057e-03,1.209469e-02,0.000000e+00,0.000000e+00
884,15,15390,1.118518e-05,4.700129e-03,1.296859e-02,0.000000e+00,0.000000e+00
885,14,15404,7.203780e-06,4.573033e-03,1.106833e-02,0.000000e+00,0.000000e+00
886,16,15420,1.532491e-05,4.704230e-03,1.401654e-02,0.000000e+00,0.000000e+00
887,16,15436,9.173527e-07,4.630188e-03,1.262109e-02,0.000000e+00,0.000000e+00
888,18,15454,4.456379e-06,4.733277e-03,1.594405e-02,0.000000e+00,0.000000e+00
889,20,15474,4.144385e-07,4.648600e-03,1.417175e-02,0.000000e+00,0.000000e+00
890,15,15489,1.347624e-05,4.739942e-03,1.489148e-02,0.000000e+00,0.000000e+00
891,17,15506,1.908280e-05,4.673149e-03,1.341247e-02,0.000000e+00,0.000000e+00
892,13,15519,1.667999e-05,4.711282e-03,1.447596e-02,0.000000e+00,0.000000e+00
893,15,15534,2.221204e-06,4.733527e-03,1.360807e-02,0.000000e+00,0.000000e+00
894,13,15547,2.377667e-05,4.788765e-03,1.730816e-02,0.000000e+00,0.000000e+00
895,16,15563,1.240522e-05,4.670854e-03,1.222498e-02,0.000000e+00,0.000000e+00
896,33,15596,1.254026e-05,4.691250e-03,1.515615e-02,0.000000e+00,0.000000e+00
897,18,15614,4.675239e-06,4.647527e-03,1.262632e-02,0.000000e+00,0.000000e+00
898,31,15645,2.635643e-06,4.707040e-03,1.315984e-02,0.000000e+00,0.000000e+00
899,14,15659,6.905757e-06,4.632251e-03,1.396996e-02,0.000000e+00,0.000000e+00
900,18,15677,4.842877e-07,4.743405e-03,1.522708e-02,0.000000e+00,0.000000e+00
901,21,15698,2.659857e-05,4.642492e-03,1.347521e-02,0.000000e+00,0.000000e+00
902,16,15714,2.784654e-06,4.817483e-03,1.753846e-02,0.000000e+00,0.000000e+00
903,19,15733,4.456379e-06,4.619481e-03,1.564571e-02,0.000000e+00,0.000000e+00
904,15,15748,1.178123e-06,4.757894e-03,1.602045e-02,0.000000e+00,0.000000e+00
905,16,15764,1.695938e-05,4.640721e-03,1.276143e-02,0.000000e+00,0.000000e+00
906,13,15777,3.422610e-06,4.807503e-03,1.444665e-02,0.000000e+00,0.000000e+00
907,18,15795,4.991889e-06,4.676269e-03,1.328533e-02,0.000000e+00,0.000000e+00
908,27,15822,1.629815e-06,4.834105e-03,1.444941e-02,0.000000e+00,0.000000e+00
909,15,15837,1.676381e-06,4.660251e-03,1.312488e-02,0.000000e+00,0.000000e+00
910,19,15856,2.607703e-07,4.712990e-03,1.611870e-02,0.000000e+00,0.000000e+00
911,26,15882,5.341135e-06,4.622958e-03,1.381222e-02,0.000000e+00,0.000000e+00
HIST {'total_samples': 8375098, 'floor_samples': 87, 'floor_fraction': 1.038793814711183e-05, 'saturation_depth': 1.862645149230957e-08, 'boundaries': 912, 'capped_boundaries': 0, 'unfinished_worlds': 0}
912,15,15897,4.600734e-06,4.741471e-03,1.516438e-02,0.000000e+00,0.000000e+00
913,17,15914,8.456409e-06,4.632839e-03,1.333867e-02,0.000000e+00,0.000000e+00
914,16,15930,9.834766e-06,4.651329e-03,1.474096e-02,0.000000e+00,0.000000e+00
915,19,15949,3.725290e-06,4.657749e-03,1.285345e-02,0.000000e+00,0.000000e+00
916,23,15972,3.403984e-06,4.744754e-03,1.356983e-02,0.000000e+00,0.000000e+00
917,18,15990,1.790002e-05,4.641328e-03,1.323847e-02,0.000000e+00,0.000000e+00
918,16,16006,9.401701e-06,4.759643e-03,1.317690e-02,0.000000e+00,0.000000e+00
919,19,16025,1.088716e-05,4.625067e-03,1.566413e-02,0.000000e+00,0.000000e+00
920,25,16050,1.314562e-05,4.724562e-03,1.428666e-02,0.000000e+00,0.000000e+00
921,17,16067,7.497147e-06,4.608304e-03,1.325457e-02,0.000000e+00,0.000000e+00
922,22,16089,1.039356e-05,4.697395e-03,1.336758e-02,0.000000e+00,0.000000e+00
923,19,16108,4.740432e-06,4.449409e-03,1.264648e-02,0.000000e+00,0.000000e+00
924,19,16127,4.633330e-06,4.705488e-03,1.427273e-02,0.000000e+00,0.000000e+00
925,14,16141,1.529232e-05,4.656145e-03,1.382985e-02,0.000000e+00,0.000000e+00
926,20,16161,1.655892e-05,4.706071e-03,1.594405e-02,0.000000e+00,0.000000e+00
927,20,16181,4.507601e-06,4.598529e-03,1.307185e-02,0.000000e+00,0.000000e+00
928,21,16202,4.605856e-05,4.750752e-03,1.381460e-02,0.000000e+00,0.000000e+00
929,17,16219,1.037493e-05,4.620249e-03,1.502104e-02,0.000000e+00,0.000000e+00
930,20,16239,3.096648e-05,4.727702e-03,1.385354e-02,0.000000e+00,0.000000e+00
931,22,16261,7.605646e-05,4.646366e-03,1.242272e-02,0.000000e+00,0.000000e+00
932,17,16278,3.036112e-06,4.659827e-03,1.529113e-02,0.000000e+00,0.000000e+00
933,17,16295,1.336914e-05,4.594972e-03,1.363716e-02,0.000000e+00,0.000000e+00
934,21,16316,5.187467e-06,4.694189e-03,1.692468e-02,0.000000e+00,0.000000e+00
935,16,16332,7.725321e-06,4.589196e-03,1.200992e-02,0.000000e+00,0.000000e+00
936,19,16351,8.968636e-06,4.716070e-03,1.284998e-02,0.000000e+00,0.000000e+00
937,15,16366,6.487127e-05,4.680776e-03,1.330895e-02,0.000000e+00,0.000000e+00
938,16,16382,5.005859e-06,4.597886e-03,1.456495e-02,0.000000e+00,0.000000e+00
939,15,16397,7.702038e-06,4.631060e-03,1.384457e-02,0.000000e+00,0.000000e+00
940,16,16413,1.076609e-05,4.761840e-03,1.713956e-02,0.000000e+00,0.000000e+00
941,16,16429,1.547392e-05,4.575176e-03,1.283786e-02,0.000000e+00,0.000000e+00
942,16,16445,1.276843e-05,4.608241e-03,1.374413e-02,0.000000e+00,0.000000e+00
943,18,16463,3.239140e-05,4.591646e-03,1.524077e-02,0.000000e+00,0.000000e+00
944,18,16481,3.464520e-06,4.745787e-03,1.578067e-02,0.000000e+00,0.000000e+00
945,21,16502,3.864989e-07,4.522763e-03,1.491846e-02,0.000000e+00,0.000000e+00
946,16,16518,3.203750e-06,4.664453e-03,1.276709e-02,0.000000e+00,0.000000e+00
947,22,16540,8.540228e-06,4.591557e-03,1.427550e-02,0.000000e+00,0.000000e+00
948,20,16560,2.970919e-06,4.672435e-03,1.309488e-02,0.000000e+00,0.000000e+00
949,17,16577,1.413282e-05,4.662966e-03,1.257125e-02,0.000000e+00,0.000000e+00
950,24,16601,1.129694e-05,4.722577e-03,1.372221e-02,0.000000e+00,0.000000e+00
951,15,16616,2.235174e-06,4.636867e-03,1.470742e-02,0.000000e+00,0.000000e+00
952,13,16629,3.026798e-06,4.671477e-03,1.659408e-02,0.000000e+00,0.000000e+00
953,25,16654,1.277775e-05,4.586582e-03,1.282823e-02,0.000000e+00,0.000000e+00
954,14,16668,8.950010e-06,4.711611e-03,1.617791e-02,0.000000e+00,0.000000e+00
955,13,16681,7.087365e-06,4.611114e-03,1.235352e-02,0.000000e+00,0.000000e+00
956,15,16696,9.913929e-06,4.710304e-03,1.679360e-02,0.000000e+00,0.000000e+00
957,16,16712,1.368113e-05,4.632848e-03,1.363744e-02,0.000000e+00,0.000000e+00
958,19,16731,1.186971e-05,4.653731e-03,1.336196e-02,0.000000e+00,0.000000e+00
959,18,16749,3.344845e-05,4.652831e-03,1.506473e-02,0.000000e+00,0.000000e+00
HIST {'total_samples': 8866470, 'floor_samples': 88, 'floor_fraction': 9.925032171766216e-06, 'saturation_depth': 1.862645149230957e-08, 'boundaries': 960, 'capped_boundaries': 0, 'unfinished_worlds': 0}
960,14,16763,1.913868e-06,4.837207e-03,1.681260e-02,0.000000e+00,0.000000e+00
961,19,16782,1.606531e-06,4.569228e-03,1.394324e-02,0.000000e+00,0.000000e+00
962,14,16796,4.470348e-07,4.730432e-03,1.821472e-02,0.000000e+00,0.000000e+00
963,14,16810,2.607703e-07,4.646558e-03,1.426650e-02,0.000000e+00,0.000000e+00
964,16,16826,1.001172e-05,4.723285e-03,1.316481e-02,0.000000e+00,0.000000e+00
965,20,16846,2.132729e-06,4.588385e-03,1.428451e-02,0.000000e+00,0.000000e+00
966,14,16860,3.725290e-07,4.756516e-03,1.468141e-02,0.000000e+00,0.000000e+00
967,17,16877,1.135748e-05,4.657140e-03,1.251425e-02,0.000000e+00,0.000000e+00
968,15,16892,6.196555e-05,4.753253e-03,1.638011e-02,0.000000e+00,0.000000e+00
969,16,16908,6.943010e-06,4.595430e-03,1.183969e-02,0.000000e+00,0.000000e+00
970,14,16922,1.847278e-05,4.725070e-03,1.465391e-02,0.000000e+00,0.000000e+00
971,15,16937,1.699198e-05,4.631236e-03,1.366526e-02,0.000000e+00,0.000000e+00
972,14,16951,1.117587e-06,4.682887e-03,1.295851e-02,0.000000e+00,0.000000e+00
973,15,16966,5.215406e-07,4.554021e-03,1.560329e-02,0.000000e+00,0.000000e+00
974,19,16985,4.163012e-06,4.673507e-03,1.317690e-02,0.000000e+00,0.000000e+00
975,15,17000,3.445894e-07,4.603934e-03,1.207838e-02,0.000000e+00,0.000000e+00
976,17,17017,1.625158e-05,4.703925e-03,1.317690e-02,0.000000e+00,0.000000e+00
977,17,17034,1.825392e-06,4.578525e-03,1.440121e-02,0.000000e+00,0.000000e+00
978,19,17053,3.445894e-06,4.713153e-03,1.304037e-02,0.000000e+00,0.000000e+00
979,22,17075,9.415671e-06,4.599134e-03,1.333194e-02,0.000000e+00,0.000000e+00
980,18,17093,1.060776e-05,4.618825e-03,1.338464e-02,0.000000e+00,0.000000e+00
981,14,17107,1.114327e-05,4.601186e-03,1.341360e-02,0.000000e+00,0.000000e+00
982,15,17122,8.777715e-06,4.825159e-03,1.717300e-02,0.000000e+00,0.000000e+00
983,17,17139,4.936010e-07,4.572683e-03,1.222719e-02,0.000000e+00,0.000000e+00
984,16,17155,1.336448e-05,4.754106e-03,1.483918e-02,0.000000e+00,0.000000e+00
985,15,17170,3.616791e-05,4.633129e-03,1.452944e-02,0.000000e+00,0.000000e+00
986,17,17187,6.705523e-07,4.701018e-03,1.455756e-02,0.000000e+00,0.000000e+00
987,16,17203,2.654269e-06,4.605079e-03,1.287818e-02,0.000000e+00,0.000000e+00
988,14,17217,3.098976e-05,4.785853e-03,1.317205e-02,0.000000e+00,0.000000e+00
989,15,17232,1.555309e-05,4.682654e-03,1.432753e-02,0.000000e+00,0.000000e+00
990,16,17248,4.963949e-06,4.690519e-03,1.327540e-02,0.000000e+00,0.000000e+00
991,14,17262,1.993030e-06,4.553383e-03,1.395444e-02,0.000000e+00,0.000000e+00
992,15,17277,8.726493e-06,4.649389e-03,1.434178e-02,0.000000e+00,0.000000e+00
993,20,17297,4.060566e-06,4.647031e-03,1.279151e-02,0.000000e+00,0.000000e+00
994,21,17318,3.506429e-06,4.731047e-03,1.558194e-02,0.000000e+00,0.000000e+00
995,15,17333,2.154149e-05,4.613273e-03,1.349325e-02,0.000000e+00,0.000000e+00
996,15,17348,2.980232e-06,4.621083e-03,1.446593e-02,0.000000e+00,0.000000e+00
997,16,17364,6.943010e-06,4.585735e-03,1.239450e-02,0.000000e+00,0.000000e+00
998,14,17378,4.572794e-06,4.616894e-03,1.274091e-02,0.000000e+00,0.000000e+00
999,18,17396,2.201647e-05,4.622936e-03,1.276761e-02,0.000000e+00,0.000000e+00
1000,25,17421,3.729947e-06,4.659669e-03,1.616982e-02,0.000000e+00,0.000000e+00
1001,18,17439,3.622845e-06,4.511958e-03,1.282423e-02,0.000000e+00,0.000000e+00
1002,24,17463,2.309680e-06,4.719292e-03,1.304759e-02,0.000000e+00,0.000000e+00
1003,19,17482,6.118789e-06,4.617203e-03,1.379687e-02,0.000000e+00,0.000000e+00
1004,19,17501,1.722947e-06,4.653679e-03,1.270936e-02,0.000000e+00,0.000000e+00
1005,17,17518,2.107117e-05,4.627810e-03,1.239604e-02,0.000000e+00,0.000000e+00
1006,19,17537,5.201437e-06,4.697471e-03,1.202627e-02,0.000000e+00,0.000000e+00
1007,22,17559,5.811453e-06,4.631611e-03,1.404078e-02,0.000000e+00,0.000000e+00
HIST {'total_samples': 9358483, 'floor_samples': 95, 'floor_fraction': 1.0151217884351555e-05, 'saturation_depth': 1.862645149230957e-08, 'boundaries': 1008, 'capped_boundaries': 0, 'unfinished_worlds': 0}
1008,18,17577,3.669411e-06,4.769766e-03,1.269495e-02,0.000000e+00,0.000000e+00
1009,14,17591,2.503395e-05,4.650100e-03,1.309891e-02,0.000000e+00,0.000000e+00
1010,21,17612,3.464520e-06,4.733343e-03,1.572271e-02,0.000000e+00,0.000000e+00
1011,14,17626,1.293141e-05,4.666124e-03,1.405427e-02,0.000000e+00,0.000000e+00
1012,22,17648,1.306646e-05,4.787280e-03,1.554444e-02,0.000000e+00,0.000000e+00
1013,17,17665,4.014000e-06,4.553261e-03,1.277986e-02,0.000000e+00,0.000000e+00
1014,16,17681,1.176726e-05,4.733622e-03,1.585305e-02,0.000000e+00,0.000000e+00
1015,15,17696,2.076849e-06,4.579828e-03,1.277109e-02,0.000000e+00,0.000000e+00
1016,16,17712,3.166497e-07,4.728841e-03,1.436781e-02,0.000000e+00,0.000000e+00
1017,15,17727,3.012829e-06,4.653364e-03,1.459881e-02,0.000000e+00,0.000000e+00
1018,15,17742,7.860363e-06,4.722164e-03,1.474875e-02,0.000000e+00,0.000000e+00
1019,15,17757,1.592562e-06,4.677283e-03,1.382862e-02,0.000000e+00,0.000000e+00
1020,20,17777,2.402812e-06,4.854212e-03,1.366646e-02,0.000000e+00,0.000000e+00
1021,20,17797,1.795590e-05,4.569458e-03,1.293832e-02,0.000000e+00,0.000000e+00
1022,13,17810,1.122244e-05,4.692579e-03,1.379809e-02,0.000000e+00,0.000000e+00
1023,19,17829,1.029111e-06,4.476234e-03,1.354295e-02,0.000000e+00,0.000000e+00
1024,17,17846,5.723579e-06,4.575774e-03,1.609187e-02,0.000000e+00,0.000000e+00
1025,20,17866,2.575102e-06,4.525097e-03,1.503589e-02,0.000000e+00,0.000000e+00
1026,22,17888,6.978899e-06,4.543067e-03,1.629174e-02,0.000000e+00,0.000000e+00
1027,16,17904,4.908070e-06,4.533364e-03,1.349506e-02,0.000000e+00,0.000000e+00
1028,18,17922,1.781620e-05,4.601565e-03,1.540675e-02,0.000000e+00,0.000000e+00
1029,15,17937,1.241749e-06,4.468665e-03,1.433186e-02,0.000000e+00,0.000000e+00
1030,19,17956,1.061593e-05,4.551200e-03,1.558632e-02,0.000000e+00,0.000000e+00
1031,17,17973,1.557275e-06,4.509203e-03,1.249936e-02,0.000000e+00,0.000000e+00
1032,15,17988,2.923877e-05,4.645182e-03,1.317690e-02,0.000000e+00,0.000000e+00
1033,16,18004,1.280569e-06,4.481803e-03,1.291665e-02,0.000000e+00,0.000000e+00
1034,15,18019,1.146752e-06,4.515222e-03,1.277309e-02,0.000000e+00,0.000000e+00
1035,22,18041,2.707419e-06,4.469774e-03,1.198344e-02,0.000000e+00,0.000000e+00
1036,18,18059,1.427672e-05,4.590311e-03,1.609490e-02,0.000000e+00,0.000000e+00
1037,13,18072,3.219725e-06,4.538126e-03,1.887320e-02,0.000000e+00,0.000000e+00
1038,17,18089,6.928008e-06,4.652691e-03,1.492399e-02,0.000000e+00,0.000000e+00
1039,18,18107,2.449570e-06,4.454797e-03,1.413150e-02,0.000000e+00,0.000000e+00
1040,14,18121,5.643815e-06,4.648264e-03,1.567985e-02,0.000000e+00,0.000000e+00
1041,18,18139,1.285855e-06,4.580540e-03,1.522596e-02,0.000000e+00,0.000000e+00
1042,22,18161,2.076367e-06,4.640006e-03,1.450619e-02,0.000000e+00,0.000000e+00
1043,21,18182,2.259575e-06,4.491367e-03,1.424393e-02,0.000000e+00,0.000000e+00
1044,18,18200,1.696378e-06,4.626210e-03,1.353815e-02,0.000000e+00,0.000000e+00
1045,14,18214,1.637265e-05,4.486675e-03,1.689659e-02,0.000000e+00,0.000000e+00
1046,24,18238,6.449629e-06,4.556350e-03,1.314812e-02,0.000000e+00,0.000000e+00
1047,19,18257,2.344139e-05,4.428256e-03,1.311910e-02,0.000000e+00,0.000000e+00
1048,17,18274,9.957739e-06,4.493538e-03,1.305790e-02,0.000000e+00,0.000000e+00
1049,26,18300,1.835481e-06,4.462527e-03,1.364299e-02,0.000000e+00,0.000000e+00
1050,23,18323,1.124572e-05,4.598964e-03,1.370485e-02,0.000000e+00,0.000000e+00
1051,18,18341,1.509098e-05,4.523092e-03,1.264226e-02,0.000000e+00,0.000000e+00
1052,16,18357,2.880450e-06,4.635478e-03,1.392334e-02,0.000000e+00,0.000000e+00
1053,14,18371,1.035469e-05,4.542095e-03,1.245233e-02,0.000000e+00,0.000000e+00
1054,17,18388,1.050397e-05,4.627123e-03,1.629174e-02,0.000000e+00,0.000000e+00
1055,17,18405,6.053597e-08,4.601997e-03,1.440006e-02,0.000000e+00,0.000000e+00
HIST {'total_samples': 9846677, 'floor_samples': 96, 'floor_fraction': 9.749481982601846e-06, 'saturation_depth': 1.862645149230957e-08, 'boundaries': 1056, 'capped_boundaries': 0, 'unfinished_worlds': 0}
1056,17,18422,1.082628e-05,4.702567e-03,1.213098e-02,0.000000e+00,0.000000e+00
1057,15,18437,6.379560e-07,4.536272e-03,1.264202e-02,0.000000e+00,0.000000e+00
1058,17,18454,9.778887e-07,4.614657e-03,1.345633e-02,0.000000e+00,0.000000e+00
1059,14,18468,9.811851e-06,4.507363e-03,1.227778e-02,0.000000e+00,0.000000e+00
1060,17,18485,5.587935e-07,4.608212e-03,1.483769e-02,0.000000e+00,0.000000e+00
1061,22,18507,5.355105e-07,4.497850e-03,1.315955e-02,0.000000e+00,0.000000e+00
1062,15,18522,6.351239e-06,4.659590e-03,1.421422e-02,0.000000e+00,0.000000e+00
1063,17,18539,7.253712e-06,4.567892e-03,1.348718e-02,0.000000e+00,0.000000e+00
1064,14,18553,5.652331e-06,4.639407e-03,1.876328e-02,0.000000e+00,0.000000e+00
1065,17,18570,6.548019e-06,4.516195e-03,1.524139e-02,0.000000e+00,0.000000e+00
1066,15,18585,6.607734e-06,4.584644e-03,1.429867e-02,0.000000e+00,0.000000e+00
1067,16,18601,2.380461e-05,4.436776e-03,1.821472e-02,0.000000e+00,0.000000e+00
1068,14,18615,1.143198e-05,4.596458e-03,1.351572e-02,0.000000e+00,0.000000e+00
1069,20,18635,1.660082e-05,4.570470e-03,1.252292e-02,0.000000e+00,0.000000e+00
1070,18,18653,1.207821e-06,4.674532e-03,1.378067e-02,0.000000e+00,0.000000e+00
1071,16,18669,1.085682e-05,4.577855e-03,1.303500e-02,0.000000e+00,0.000000e+00
1072,16,18685,1.957620e-05,4.676762e-03,1.575418e-02,0.000000e+00,0.000000e+00
1073,15,18700,4.703179e-07,4.496162e-03,1.277464e-02,0.000000e+00,0.000000e+00
1074,17,18717,1.001172e-06,4.666847e-03,1.843332e-02,0.000000e+00,0.000000e+00
1075,17,18734,1.090771e-05,4.524390e-03,1.406299e-02,0.000000e+00,0.000000e+00
1076,25,18759,8.475035e-07,4.590564e-03,1.341233e-02,0.000000e+00,0.000000e+00
1077,14,18773,9.849171e-06,4.518909e-03,1.277824e-02,0.000000e+00,0.000000e+00
1078,15,18788,1.706556e-06,4.594255e-03,1.470173e-02,0.000000e+00,0.000000e+00
1079,21,18809,1.545061e-05,4.498215e-03,1.465350e-02,0.000000e+00,0.000000e+00
1080,16,18825,6.360933e-06,4.620519e-03,1.425273e-02,0.000000e+00,0.000000e+00
1081,13,18838,7.138359e-06,4.583248e-03,1.454239e-02,0.000000e+00,0.000000e+00
1082,20,18858,3.026798e-07,4.628071e-03,1.269447e-02,0.000000e+00,0.000000e+00
1083,17,18875,4.945323e-06,4.522362e-03,1.232306e-02,0.000000e+00,0.000000e+00
1084,17,18892,6.106961e-06,4.658967e-03,1.317690e-02,0.000000e+00,0.000000e+00
1085,16,18908,1.013279e-05,4.608574e-03,1.262467e-02,0.000000e+00,0.000000e+00
1086,14,18922,1.729932e-05,4.642059e-03,1.811439e-02,0.000000e+00,0.000000e+00
1087,18,18940,1.879587e-06,4.537800e-03,1.402070e-02,0.000000e+00,0.000000e+00
1088,16,18956,2.965797e-05,4.665782e-03,1.468852e-02,0.000000e+00,0.000000e+00
1089,21,18977,7.179071e-06,4.631211e-03,1.619086e-02,0.000000e+00,0.000000e+00
1090,18,18995,2.544567e-06,4.654509e-03,1.571315e-02,0.000000e+00,0.000000e+00
1091,17,19012,1.375423e-05,4.542365e-03,1.361046e-02,0.000000e+00,0.000000e+00
1092,18,19030,6.371596e-06,4.553192e-03,1.440066e-02,0.000000e+00,0.000000e+00
1093,15,19045,1.027249e-05,4.552252e-03,1.387886e-02,0.000000e+00,0.000000e+00
1094,14,19059,1.430725e-05,4.690141e-03,1.445480e-02,0.000000e+00,0.000000e+00
1095,17,19076,3.539026e-07,4.604963e-03,1.566625e-02,0.000000e+00,0.000000e+00
1096,16,19092,2.564924e-06,4.703064e-03,1.390928e-02,0.000000e+00,0.000000e+00
1097,21,19113,5.333412e-06,4.542650e-03,1.230174e-02,0.000000e+00,0.000000e+00
1098,16,19129,1.889426e-05,4.601453e-03,1.291449e-02,0.000000e+00,0.000000e+00
1099,17,19146,5.555339e-06,4.507684e-03,1.520005e-02,0.000000e+00,0.000000e+00
1100,17,19163,9.913633e-06,4.706324e-03,1.776270e-02,0.000000e+00,0.000000e+00
1101,20,19183,1.406297e-06,4.637399e-03,1.168677e-02,0.000000e+00,0.000000e+00
1102,17,19200,4.330650e-07,4.669509e-03,1.379151e-02,0.000000e+00,0.000000e+00
1103,16,19216,1.662450e-06,4.525819e-03,1.330518e-02,0.000000e+00,0.000000e+00
HIST {'total_samples': 10328767, 'floor_samples': 108, 'floor_fraction': 1.0456233546559817e-05, 'saturation_depth': 1.862645149230957e-08, 'boundaries': 1104, 'capped_boundaries': 0, 'unfinished_worlds': 0}
1104,20,19236,5.885959e-06,4.692052e-03,1.494216e-02,0.000000e+00,0.000000e+00
1105,26,19262,9.730425e-06,4.572436e-03,1.612798e-02,0.000000e+00,0.000000e+00
1106,18,19280,9.669355e-06,4.648221e-03,1.382897e-02,0.000000e+00,0.000000e+00
1107,16,19296,5.173497e-06,4.517255e-03,1.328422e-02,0.000000e+00,0.000000e+00
1108,15,19311,1.396984e-06,4.623406e-03,1.523938e-02,0.000000e+00,0.000000e+00
1109,17,19328,1.587810e-06,4.512805e-03,1.289038e-02,0.000000e+00,0.000000e+00
1110,16,19344,1.028684e-05,4.550348e-03,1.557510e-02,0.000000e+00,0.000000e+00
1111,17,19361,9.228296e-06,4.523898e-03,1.629174e-02,0.000000e+00,0.000000e+00
1112,17,19378,3.445894e-07,4.704836e-03,1.629174e-02,0.000000e+00,0.000000e+00
1113,14,19392,6.500632e-06,4.556598e-03,1.534137e-02,0.000000e+00,0.000000e+00
1114,20,19412,1.635402e-05,4.652707e-03,1.940479e-02,0.000000e+00,0.000000e+00
1115,15,19427,2.425821e-06,4.450768e-03,1.531731e-02,0.000000e+00,0.000000e+00
1116,15,19442,5.350448e-06,4.613603e-03,1.317690e-02,0.000000e+00,0.000000e+00
1117,13,19455,1.791865e-05,4.544899e-03,1.211166e-02,0.000000e+00,0.000000e+00
1118,16,19471,2.184256e-05,4.685054e-03,1.393177e-02,0.000000e+00,0.000000e+00
1119,27,19498,9.727032e-06,4.555190e-03,1.242391e-02,0.000000e+00,0.000000e+00
1120,14,19512,6.146729e-06,4.629062e-03,1.692005e-02,0.000000e+00,0.000000e+00
1121,13,19525,1.316729e-05,4.610191e-03,1.362942e-02,0.000000e+00,0.000000e+00
1122,26,19551,1.031905e-05,4.704040e-03,1.484089e-02,0.000000e+00,0.000000e+00
1123,18,19569,1.275676e-06,4.549206e-03,1.405944e-02,0.000000e+00,0.000000e+00
1124,15,19584,5.272343e-06,4.622500e-03,1.594405e-02,0.000000e+00,0.000000e+00
1125,14,19598,5.896610e-06,4.622713e-03,1.644666e-02,0.000000e+00,0.000000e+00
1126,15,19613,1.771019e-06,4.656961e-03,1.317690e-02,0.000000e+00,0.000000e+00
1127,18,19631,4.656613e-06,4.546526e-03,1.393435e-02,0.000000e+00,0.000000e+00
1128,15,19646,1.040558e-05,4.632071e-03,1.392682e-02,0.000000e+00,0.000000e+00
1129,17,19663,6.798655e-06,4.548959e-03,1.186653e-02,0.000000e+00,0.000000e+00
1130,15,19678,5.733758e-06,4.609475e-03,1.530035e-02,0.000000e+00,0.000000e+00
1131,20,19698,3.346954e-05,4.520667e-03,1.821472e-02,0.000000e+00,0.000000e+00
1132,14,19712,1.303852e-07,4.677307e-03,1.327940e-02,0.000000e+00,0.000000e+00
1133,17,19729,2.561531e-06,4.549831e-03,1.363265e-02,0.000000e+00,0.000000e+00
1134,16,19745,4.516914e-07,4.690160e-03,1.432767e-02,0.000000e+00,0.000000e+00
1135,18,19763,1.747269e-06,4.546496e-03,1.334763e-02,0.000000e+00,0.000000e+00
1136,18,19781,9.506502e-06,4.669168e-03,1.317690e-02,0.000000e+00,0.000000e+00
1137,18,19799,2.598851e-06,4.524520e-03,1.449459e-02,0.000000e+00,0.000000e+00
1138,15,19814,2.276539e-06,4.606982e-03,1.449459e-02,0.000000e+00,0.000000e+00
1139,16,19830,1.481617e-05,4.446480e-03,1.629174e-02,0.000000e+00,0.000000e+00
1140,16,19846,5.299485e-06,4.559698e-03,1.338784e-02,0.000000e+00,0.000000e+00
1141,19,19865,1.053111e-05,4.557807e-03,1.298640e-02,0.000000e+00,0.000000e+00
1142,16,19881,3.149267e-05,4.654920e-03,1.334879e-02,0.000000e+00,0.000000e+00
1143,18,19899,1.150183e-06,4.604112e-03,1.382779e-02,0.000000e+00,0.000000e+00
1144,15,19914,1.229346e-06,4.620199e-03,1.878032e-02,0.000000e+00,0.000000e+00
1145,19,19933,5.541369e-07,4.587561e-03,1.185243e-02,0.000000e+00,0.000000e+00
1146,12,19945,6.146729e-07,4.634730e-03,1.368321e-02,0.000000e+00,0.000000e+00
1147,14,19959,2.328306e-07,4.524096e-03,1.252808e-02,0.000000e+00,0.000000e+00
1148,19,19978,1.139008e-05,4.686449e-03,1.445925e-02,0.000000e+00,0.000000e+00
1149,23,20001,1.213513e-05,4.584346e-03,1.317244e-02,0.000000e+00,0.000000e+00
1150,16,20017,9.669355e-06,4.664071e-03,1.704039e-02,0.000000e+00,0.000000e+00
1151,15,20032,6.889331e-05,4.573092e-03,1.452973e-02,0.000000e+00,0.000000e+00
HIST {'total_samples': 10807768, 'floor_samples': 115, 'floor_fraction': 1.0640494873687147e-05, 'saturation_depth': 1.862645149230957e-08, 'boundaries': 1152, 'capped_boundaries': 0, 'unfinished_worlds': 0}
1152,14,20046,6.490342e-06,4.637977e-03,1.464154e-02,0.000000e+00,0.000000e+00
1153,13,20059,4.966995e-06,4.658324e-03,1.287975e-02,0.000000e+00,0.000000e+00
1154,15,20074,4.144385e-06,4.726555e-03,1.367671e-02,0.000000e+00,0.000000e+00
1155,26,20100,8.970446e-06,4.513807e-03,1.347741e-02,0.000000e+00,0.000000e+00
1156,14,20114,9.072229e-06,4.640623e-03,1.511658e-02,0.000000e+00,0.000000e+00
1157,14,20128,5.716794e-06,4.595879e-03,1.366231e-02,0.000000e+00,0.000000e+00
1158,16,20144,5.592592e-06,4.582477e-03,1.483728e-02,0.000000e+00,0.000000e+00
1159,17,20161,2.246004e-06,4.561077e-03,1.821472e-02,0.000000e+00,0.000000e+00
1160,15,20176,2.052617e-06,4.589290e-03,1.415990e-02,0.000000e+00,0.000000e+00
1161,16,20192,6.547198e-06,4.533553e-03,1.452109e-02,0.000000e+00,0.000000e+00
1162,17,20209,2.479426e-05,4.647118e-03,1.516639e-02,0.000000e+00,0.000000e+00
1163,16,20225,6.305054e-06,4.458949e-03,1.174333e-02,0.000000e+00,0.000000e+00
1164,13,20238,4.418047e-05,4.604666e-03,1.303626e-02,0.000000e+00,0.000000e+00
1165,13,20251,1.091510e-05,4.492775e-03,1.350592e-02,0.000000e+00,0.000000e+00
1166,20,20271,2.110294e-06,4.588551e-03,1.594405e-02,0.000000e+00,0.000000e+00
1167,24,20295,6.100175e-06,4.516396e-03,1.588434e-02,0.000000e+00,0.000000e+00
1168,16,20311,1.023934e-05,4.586346e-03,1.629174e-02,0.000000e+00,0.000000e+00
1169,21,20332,5.960464e-06,4.470589e-03,1.453774e-02,0.000000e+00,0.000000e+00
1170,13,20345,1.164153e-05,4.588383e-03,1.443484e-02,0.000000e+00,0.000000e+00
1171,21,20366,4.912727e-06,4.477213e-03,1.428666e-02,0.000000e+00,0.000000e+00
1172,22,20388,2.522953e-05,4.602876e-03,1.336180e-02,0.000000e+00,0.000000e+00
1173,17,20405,9.872019e-06,4.522298e-03,1.269965e-02,0.000000e+00,0.000000e+00
1174,21,20426,4.922889e-06,4.535759e-03,1.253227e-02,0.000000e+00,0.000000e+00
1175,15,20441,2.518443e-05,4.448735e-03,1.308139e-02,0.000000e+00,0.000000e+00
1176,15,20456,9.798279e-06,4.536361e-03,1.687179e-02,0.000000e+00,0.000000e+00
1177,14,20470,2.649147e-05,4.512178e-03,1.197900e-02,0.000000e+00,0.000000e+00
1178,26,20496,3.296063e-05,4.644675e-03,1.561137e-02,0.000000e+00,0.000000e+00
1179,20,20516,1.688022e-05,4.507858e-03,1.511785e-02,0.000000e+00,0.000000e+00
1180,15,20531,3.705733e-05,4.662370e-03,1.296711e-02,0.000000e+00,0.000000e+00
1181,15,20546,1.813428e-05,4.551171e-03,1.262775e-02,0.000000e+00,0.000000e+00
1182,20,20566,8.956876e-06,4.751255e-03,1.378936e-02,0.000000e+00,0.000000e+00
1183,21,20587,1.783233e-05,4.559182e-03,1.315418e-02,0.000000e+00,0.000000e+00
1184,13,20600,5.978036e-06,4.620619e-03,1.481450e-02,0.000000e+00,0.000000e+00
1185,15,20615,5.489479e-06,4.496363e-03,1.398281e-02,0.000000e+00,0.000000e+00
1186,19,20634,4.885569e-06,4.636291e-03,1.406315e-02,0.000000e+00,0.000000e+00
1187,17,20651,6.171423e-06,4.499589e-03,1.587870e-02,0.000000e+00,0.000000e+00
1188,13,20664,8.590458e-06,4.648603e-03,1.291431e-02,0.000000e+00,0.000000e+00
1189,18,20682,6.197952e-06,4.461070e-03,1.370805e-02,0.000000e+00,0.000000e+00
1190,23,20705,5.634502e-06,4.584525e-03,1.377864e-02,0.000000e+00,0.000000e+00
1191,13,20718,1.136214e-05,4.490131e-03,1.250667e-02,0.000000e+00,0.000000e+00
1192,13,20731,3.119931e-05,4.674856e-03,1.196099e-02,0.000000e+00,0.000000e+00
1193,16,20747,5.143418e-06,4.584277e-03,1.228456e-02,0.000000e+00,0.000000e+00
1194,17,20764,1.266599e-06,4.636164e-03,1.272819e-02,0.000000e+00,0.000000e+00
1195,14,20778,8.661706e-06,4.532516e-03,1.345275e-02,0.000000e+00,0.000000e+00
1196,14,20792,5.103648e-06,4.628651e-03,1.369304e-02,0.000000e+00,0.000000e+00
1197,15,20807,1.098961e-05,4.470832e-03,1.366347e-02,0.000000e+00,0.000000e+00
1198,17,20824,6.165355e-06,4.651865e-03,1.407731e-02,0.000000e+00,0.000000e+00
1199,17,20841,4.777000e-06,4.506135e-03,1.594405e-02,0.000000e+00,0.000000e+00
HIST {'total_samples': 11288372, 'floor_samples': 115, 'floor_fraction': 1.018747433199402e-05, 'saturation_depth': 1.862645149230957e-08, 'boundaries': 1200, 'capped_boundaries': 0, 'unfinished_worlds': 0}
1200,14,20855,2.464498e-05,4.655163e-03,1.366571e-02,0.000000e+00,0.000000e+00
1201,20,20875,1.523178e-05,4.523037e-03,1.312645e-02,0.000000e+00,0.000000e+00
1202,18,20893,1.619362e-05,4.612198e-03,1.437108e-02,0.000000e+00,0.000000e+00
1203,17,20910,4.749745e-06,4.513441e-03,1.283907e-02,0.000000e+00,0.000000e+00
1204,16,20926,9.486145e-06,4.654685e-03,1.330562e-02,0.000000e+00,0.000000e+00
1205,14,20940,2.754918e-06,4.600152e-03,1.226197e-02,0.000000e+00,0.000000e+00
1206,14,20954,9.723008e-06,4.687680e-03,1.373259e-02,0.000000e+00,0.000000e+00
1207,14,20968,4.888961e-06,4.505235e-03,1.804372e-02,0.000000e+00,0.000000e+00
1208,13,20981,4.321337e-06,4.660620e-03,1.361603e-02,0.000000e+00,0.000000e+00
1209,15,20996,4.814938e-06,4.562150e-03,1.449459e-02,0.000000e+00,0.000000e+00
1210,14,21010,3.119931e-07,4.622341e-03,1.802538e-02,0.000000e+00,0.000000e+00
1211,14,21024,2.855344e-05,4.584466e-03,1.821472e-02,0.000000e+00,0.000000e+00
1212,17,21041,9.010546e-06,4.576005e-03,1.352812e-02,0.000000e+00,0.000000e+00
1213,17,21058,1.481734e-05,4.565591e-03,1.225594e-02,0.000000e+00,0.000000e+00
1214,20,21078,5.089678e-06,4.599679e-03,1.602790e-02,0.000000e+00,0.000000e+00
1215,16,21094,1.424958e-06,4.611143e-03,1.207298e-02,0.000000e+00,0.000000e+00
1216,14,21108,9.546056e-07,4.670817e-03,1.549510e-02,0.000000e+00,0.000000e+00
1217,20,21128,1.652632e-05,4.551182e-03,1.459991e-02,0.000000e+00,0.000000e+00
1218,14,21142,5.462207e-06,4.684873e-03,1.512837e-02,0.000000e+00,0.000000e+00
1219,16,21158,5.591262e-06,4.578921e-03,1.394075e-02,0.000000e+00,0.000000e+00
1220,23,21181,2.178149e-06,4.684674e-03,1.629174e-02,0.000000e+00,0.000000e+00
1221,21,21202,1.091976e-05,4.482249e-03,1.317747e-02,0.000000e+00,0.000000e+00
1222,23,21225,4.773608e-06,4.613485e-03,1.284374e-02,0.000000e+00,0.000000e+00
1223,21,21246,5.041636e-06,4.538900e-03,1.359194e-02,0.000000e+00,0.000000e+00
1224,15,21261,1.452100e-06,4.583881e-03,1.317690e-02,0.000000e+00,0.000000e+00
1225,14,21275,1.548789e-05,4.469140e-03,1.371696e-02,0.000000e+00,0.000000e+00
1226,13,21288,3.557983e-05,4.750777e-03,1.471088e-02,0.000000e+00,0.000000e+00
1227,15,21303,6.193295e-06,4.588458e-03,1.462970e-02,0.000000e+00,0.000000e+00
1228,16,21319,4.963949e-06,4.683051e-03,1.433740e-02,0.000000e+00,0.000000e+00
1229,15,21334,1.066364e-06,4.495471e-03,2.006919e-02,0.000000e+00,0.000000e+00
1230,15,21349,5.112961e-06,4.605324e-03,1.609874e-02,0.000000e+00,0.000000e+00
1231,16,21365,4.116446e-06,4.505163e-03,1.337110e-02,0.000000e+00,0.000000e+00
1232,15,21380,2.111312e-05,4.504148e-03,1.336165e-02,0.000000e+00,0.000000e+00
1233,19,21399,3.400899e-05,4.499876e-03,1.330908e-02,0.000000e+00,0.000000e+00
1234,14,21413,4.265457e-06,4.578131e-03,1.753846e-02,0.000000e+00,0.000000e+00
1235,27,21440,4.107133e-06,4.539037e-03,1.675290e-02,0.000000e+00,0.000000e+00
1236,14,21454,2.026092e-05,4.626189e-03,1.510642e-02,0.000000e+00,0.000000e+00
1237,18,21472,1.316050e-05,4.559887e-03,1.229483e-02,0.000000e+00,0.000000e+00
1238,15,21487,1.217321e-05,4.663020e-03,1.396789e-02,0.000000e+00,0.000000e+00
1239,15,21502,2.004206e-05,4.522780e-03,1.561487e-02,0.000000e+00,0.000000e+00
1240,16,21518,4.167669e-06,4.617209e-03,1.408897e-02,0.000000e+00,0.000000e+00
1241,15,21533,5.662441e-06,4.520128e-03,1.394827e-02,0.000000e+00,0.000000e+00
1242,15,21548,6.303741e-06,4.569254e-03,1.308649e-02,0.000000e+00,0.000000e+00
1243,14,21562,1.625130e-06,4.511570e-03,1.310402e-02,0.000000e+00,0.000000e+00
1244,20,21582,4.756644e-06,4.644919e-03,1.256167e-02,0.000000e+00,0.000000e+00
1245,15,21597,5.078955e-06,4.473000e-03,1.287635e-02,0.000000e+00,0.000000e+00
1246,17,21614,1.094304e-06,4.641318e-03,1.519962e-02,0.000000e+00,0.000000e+00
1247,18,21632,2.907123e-05,4.582748e-03,1.422536e-02,0.000000e+00,0.000000e+00
HIST {'total_samples': 11766333, 'floor_samples': 117, 'floor_fraction': 9.943624746979369e-06, 'saturation_depth': 1.862645149230957e-08, 'boundaries': 1248, 'capped_boundaries': 0, 'unfinished_worlds': 0}
1248,17,21649,1.855838e-06,4.641973e-03,1.629174e-02,0.000000e+00,0.000000e+00
1249,17,21666,1.243106e-05,4.576779e-03,1.393104e-02,0.000000e+00,0.000000e+00
1250,17,21683,9.085052e-06,4.681577e-03,1.457770e-02,0.000000e+00,0.000000e+00
1251,15,21698,1.991548e-06,4.572787e-03,1.247864e-02,0.000000e+00,0.000000e+00
1252,14,21712,1.395121e-05,4.687008e-03,1.531338e-02,0.000000e+00,0.000000e+00
1253,22,21734,1.750662e-06,4.522655e-03,1.449459e-02,0.000000e+00,0.000000e+00
1254,17,21751,2.065171e-05,4.642923e-03,1.539619e-02,0.000000e+00,0.000000e+00
1255,19,21770,1.396984e-07,4.548960e-03,1.177655e-02,0.000000e+00,0.000000e+00
1256,15,21785,7.776543e-07,4.696843e-03,1.546507e-02,0.000000e+00,0.000000e+00
1257,14,21799,1.288229e-05,4.536664e-03,1.288035e-02,0.000000e+00,0.000000e+00
1258,15,21814,1.257285e-07,4.642808e-03,1.413609e-02,0.000000e+00,0.000000e+00
1259,16,21830,3.422610e-05,4.553337e-03,1.281752e-02,0.000000e+00,0.000000e+00
1260,16,21846,1.377892e-05,4.664422e-03,1.560613e-02,0.000000e+00,0.000000e+00
1261,16,21862,1.923693e-05,4.567089e-03,1.497488e-02,0.000000e+00,0.000000e+00
1262,17,21879,3.869645e-06,4.697443e-03,1.551155e-02,0.000000e+00,0.000000e+00
1263,13,21892,8.866191e-06,4.505641e-03,1.310997e-02,0.000000e+00,0.000000e+00
1264,21,21913,1.271944e-05,4.587375e-03,1.529081e-02,0.000000e+00,0.000000e+00
1265,15,21928,7.962808e-07,4.525916e-03,1.292466e-02,0.000000e+00,0.000000e+00
1266,14,21942,1.987476e-05,4.709000e-03,1.528062e-02,0.000000e+00,0.000000e+00
1267,15,21957,1.001172e-06,4.598502e-03,1.374494e-02,0.000000e+00,0.000000e+00
1268,19,21976,1.296033e-06,4.676357e-03,1.511785e-02,0.000000e+00,0.000000e+00
1269,15,21991,9.872019e-07,4.665089e-03,1.226893e-02,0.000000e+00,0.000000e+00
1270,16,22007,1.210719e-07,4.700841e-03,1.572800e-02,0.000000e+00,0.000000e+00
1271,19,22026,1.470558e-05,4.578036e-03,1.295913e-02,0.000000e+00,0.000000e+00
1272,14,22040,8.244398e-06,4.632240e-03,1.367680e-02,0.000000e+00,0.000000e+00
1273,18,22058,1.409091e-05,4.509531e-03,1.178730e-02,0.000000e+00,0.000000e+00
1274,17,22075,8.061188e-06,4.675162e-03,1.317690e-02,0.000000e+00,0.000000e+00
1275,16,22091,1.140870e-06,4.534863e-03,1.304518e-02,0.000000e+00,0.000000e+00
1276,21,22112,1.411387e-06,4.615419e-03,1.628141e-02,0.000000e+00,0.000000e+00
1277,17,22129,5.299485e-06,4.519556e-03,1.629174e-02,0.000000e+00,0.000000e+00
1278,19,22148,1.869069e-05,4.682469e-03,1.419799e-02,0.000000e+00,0.000000e+00
1279,16,22164,2.893154e-05,4.646527e-03,1.410355e-02,0.000000e+00,0.000000e+00
1280,15,22179,3.004285e-05,4.628813e-03,1.448849e-02,0.000000e+00,0.000000e+00
1281,18,22197,1.005828e-05,4.444494e-03,1.146632e-02,0.000000e+00,0.000000e+00
1282,15,22212,4.605390e-06,4.590165e-03,1.421011e-02,0.000000e+00,0.000000e+00
1283,13,22225,2.460554e-05,4.533271e-03,1.396899e-02,0.000000e+00,0.000000e+00
1284,14,22239,2.530996e-06,4.683233e-03,1.302311e-02,0.000000e+00,0.000000e+00
1285,23,22262,1.973566e-05,4.552301e-03,1.146408e-02,0.000000e+00,0.000000e+00
1286,14,22276,1.509674e-05,4.761951e-03,1.594405e-02,0.000000e+00,0.000000e+00
1287,16,22292,1.282462e-06,4.542993e-03,1.446564e-02,0.000000e+00,0.000000e+00
1288,13,22305,1.896551e-06,4.743878e-03,1.591221e-02,0.000000e+00,0.000000e+00
1289,17,22322,6.106961e-06,4.617176e-03,1.723106e-02,0.000000e+00,0.000000e+00
1290,14,22336,1.553882e-05,4.651234e-03,1.317532e-02,0.000000e+00,0.000000e+00
1291,16,22352,1.340139e-06,4.505053e-03,1.182285e-02,0.000000e+00,0.000000e+00
1292,14,22366,5.821969e-06,4.616960e-03,1.303785e-02,0.000000e+00,0.000000e+00
1293,13,22379,1.545064e-05,4.519231e-03,1.499727e-02,0.000000e+00,0.000000e+00
1294,18,22397,1.808628e-05,4.614867e-03,1.366278e-02,0.000000e+00,0.000000e+00
1295,13,22410,1.119609e-06,4.606033e-03,1.395869e-02,0.000000e+00,0.000000e+00
HIST {'total_samples': 12244062, 'floor_samples': 124, 'floor_fraction': 1.0127358061401519e-05, 'saturation_depth': 1.862645149230957e-08, 'boundaries': 1296, 'capped_boundaries': 0, 'unfinished_worlds': 0}
1296,20,22430,2.410263e-05,4.637483e-03,1.362649e-02,0.000000e+00,0.000000e+00
1297,15,22445,2.513174e-05,4.616273e-03,1.205296e-02,0.000000e+00,0.000000e+00
1298,16,22461,2.773013e-05,4.711026e-03,1.393753e-02,0.000000e+00,0.000000e+00
1299,14,22475,1.839552e-05,4.626048e-03,1.232714e-02,0.000000e+00,0.000000e+00
1300,19,22494,2.395286e-06,4.709109e-03,1.455543e-02,0.000000e+00,0.000000e+00
1301,16,22510,2.525567e-05,4.631083e-03,1.445531e-02,0.000000e+00,0.000000e+00
1302,18,22528,1.191536e-05,4.631825e-03,1.347687e-02,0.000000e+00,0.000000e+00
1303,17,22545,2.579173e-05,4.583254e-03,1.377807e-02,0.000000e+00,0.000000e+00
1304,22,22567,1.716735e-06,4.744227e-03,1.494971e-02,0.000000e+00,0.000000e+00
1305,14,22581,1.486027e-06,4.600543e-03,1.435241e-02,0.000000e+00,0.000000e+00
1306,25,22606,1.271944e-05,4.659508e-03,1.316479e-02,0.000000e+00,0.000000e+00
1307,16,22622,5.173497e-06,4.523009e-03,1.317690e-02,0.000000e+00,0.000000e+00
1308,23,22645,8.447096e-06,4.646470e-03,1.331777e-02,0.000000e+00,0.000000e+00
1309,13,22658,4.936010e-07,4.635117e-03,1.449329e-02,0.000000e+00,0.000000e+00
1310,17,22675,1.542347e-05,4.671098e-03,1.700515e-02,0.000000e+00,0.000000e+00
1311,18,22693,1.445413e-05,4.599207e-03,1.452670e-02,0.000000e+00,0.000000e+00
1312,16,22709,5.591262e-06,4.689668e-03,1.534973e-02,0.000000e+00,0.000000e+00
1313,15,22724,1.047738e-05,4.582583e-03,1.455144e-02,0.000000e+00,0.000000e+00
1314,16,22740,1.239374e-05,4.762706e-03,1.609791e-02,0.000000e+00,0.000000e+00
1315,16,22756,2.286397e-05,4.546568e-03,1.430926e-02,0.000000e+00,0.000000e+00
1316,14,22770,9.024731e-07,4.716767e-03,1.647192e-02,0.000000e+00,0.000000e+00
1317,18,22788,2.290110e-06,4.534131e-03,1.139227e-02,0.000000e+00,0.000000e+00
1318,15,22803,9.364007e-07,4.673759e-03,1.821472e-02,0.000000e+00,0.000000e+00
1319,18,22821,5.052425e-06,4.597973e-03,1.241958e-02,0.000000e+00,0.000000e+00
1320,21,22842,1.056585e-05,4.671388e-03,1.390199e-02,0.000000e+00,0.000000e+00
1321,17,22859,5.187467e-05,4.555365e-03,1.253969e-02,0.000000e+00,0.000000e+00
1322,14,22873,4.079193e-06,4.702342e-03,1.594405e-02,0.000000e+00,0.000000e+00
1323,19,22892,1.501758e-05,4.625170e-03,1.424181e-02,0.000000e+00,0.000000e+00
1324,17,22909,4.577450e-06,4.739388e-03,1.317690e-02,0.000000e+00,0.000000e+00
1325,20,22929,5.401671e-07,4.637094e-03,1.447276e-02,0.000000e+00,0.000000e+00
1326,18,22947,1.336448e-05,4.705613e-03,1.406193e-02,0.000000e+00,0.000000e+00
1327,19,22966,2.439391e-06,4.578968e-03,1.276858e-02,0.000000e+00,0.000000e+00
1328,16,22982,5.634502e-06,4.720384e-03,1.365521e-02,0.000000e+00,0.000000e+00
1329,15,22997,4.953424e-06,4.587595e-03,1.251994e-02,0.000000e+00,0.000000e+00
1330,15,23012,3.641471e-06,4.640178e-03,1.629174e-02,0.000000e+00,0.000000e+00
1331,23,23035,1.233606e-05,4.604972e-03,1.331259e-02,0.000000e+00,0.000000e+00
1332,13,23048,1.132502e-05,4.638596e-03,1.777327e-02,0.000000e+00,0.000000e+00
1333,13,23061,5.741604e-06,4.581962e-03,1.495217e-02,0.000000e+00,0.000000e+00
1334,14,23075,4.293397e-06,4.667901e-03,1.317690e-02,0.000000e+00,0.000000e+00
1335,13,23088,1.071021e-06,4.565444e-03,1.225072e-02,0.000000e+00,0.000000e+00
1336,17,23105,8.699026e-06,4.744923e-03,1.386405e-02,0.000000e+00,0.000000e+00
1337,16,23121,6.798655e-07,4.638407e-03,1.317690e-02,0.000000e+00,0.000000e+00
1338,14,23135,1.284759e-05,4.667692e-03,1.605060e-02,0.000000e+00,0.000000e+00
1339,15,23150,1.460242e-05,4.612405e-03,1.469358e-02,0.000000e+00,0.000000e+00
1340,30,23180,1.353710e-06,4.642766e-03,1.572029e-02,0.000000e+00,0.000000e+00
1341,16,23196,2.530996e-06,4.545604e-03,1.324177e-02,0.000000e+00,0.000000e+00
1342,20,23216,3.352761e-07,4.653061e-03,1.821472e-02,0.000000e+00,0.000000e+00
1343,18,23234,2.514571e-07,4.605026e-03,1.442955e-02,0.000000e+00,0.000000e+00
HIST {'total_samples': 12720506, 'floor_samples': 130, 'floor_fraction': 1.0219719247017374e-05, 'saturation_depth': 1.862645149230957e-08, 'boundaries': 1344, 'capped_boundaries': 0, 'unfinished_worlds': 0}
1344,19,23253,1.401208e-06,4.686410e-03,1.624111e-02,0.000000e+00,0.000000e+00
1345,18,23271,5.126455e-06,4.540671e-03,1.201924e-02,0.000000e+00,0.000000e+00
1346,21,23292,1.116217e-06,4.664056e-03,1.546779e-02,0.000000e+00,0.000000e+00
1347,14,23306,3.178673e-05,4.622606e-03,1.323367e-02,0.000000e+00,0.000000e+00
1348,16,23322,3.253110e-05,4.629945e-03,1.717673e-02,0.000000e+00,0.000000e+00
1349,15,23337,7.935656e-06,4.567279e-03,1.223105e-02,0.000000e+00,0.000000e+00
1350,19,23356,1.499598e-06,4.618404e-03,1.343488e-02,0.000000e+00,0.000000e+00
1351,15,23371,1.445314e-05,4.616592e-03,1.449459e-02,0.000000e+00,0.000000e+00
1352,14,23385,8.749776e-06,4.708682e-03,1.594405e-02,0.000000e+00,0.000000e+00
1353,15,23400,1.192893e-05,4.518835e-03,1.376903e-02,0.000000e+00,0.000000e+00
1354,19,23419,8.943304e-06,4.662848e-03,1.412204e-02,0.000000e+00,0.000000e+00
1355,15,23434,4.656613e-07,4.541165e-03,1.458418e-02,0.000000e+00,0.000000e+00
1356,19,23453,1.438893e-05,4.648371e-03,1.384750e-02,0.000000e+00,0.000000e+00
1357,14,23467,3.176638e-05,4.542484e-03,1.461800e-02,0.000000e+00,0.000000e+00
1358,17,23484,4.661647e-06,4.612321e-03,1.594405e-02,0.000000e+00,0.000000e+00
1359,20,23504,8.838251e-06,4.548740e-03,1.353945e-02,0.000000e+00,0.000000e+00
1360,15,23519,3.874302e-06,4.681476e-03,1.394651e-02,0.000000e+00,0.000000e+00
1361,17,23536,7.952620e-06,4.570649e-03,1.257637e-02,0.000000e+00,0.000000e+00
1362,18,23554,2.422088e-05,4.652346e-03,1.428129e-02,0.000000e+00,0.000000e+00
1363,18,23572,9.262003e-06,4.587849e-03,1.279046e-02,0.000000e+00,0.000000e+00
1364,17,23589,1.465902e-05,4.670963e-03,1.975713e-02,0.000000e+00,0.000000e+00
1365,17,23606,1.964406e-06,4.549543e-03,1.259654e-02,0.000000e+00,0.000000e+00
1366,15,23621,1.988155e-06,4.677814e-03,1.442931e-02,0.000000e+00,0.000000e+00
1367,14,23635,4.833564e-06,4.512502e-03,1.402474e-02,0.000000e+00,0.000000e+00
1368,15,23650,1.563382e-05,4.620103e-03,1.750055e-02,0.000000e+00,0.000000e+00
1369,17,23667,1.318753e-05,4.581789e-03,1.452871e-02,0.000000e+00,0.000000e+00
1370,14,23681,3.071801e-05,4.602785e-03,1.443203e-02,0.000000e+00,0.000000e+00
1371,15,23696,5.187467e-06,4.488847e-03,1.249423e-02,0.000000e+00,0.000000e+00
1372,14,23710,1.460242e-05,4.595342e-03,1.821472e-02,0.000000e+00,0.000000e+00
1373,15,23725,2.980232e-07,4.565379e-03,1.317176e-02,0.000000e+00,0.000000e+00
1374,16,23741,7.637093e-06,4.670599e-03,1.365708e-02,0.000000e+00,0.000000e+00
1375,17,23758,2.204952e-05,4.583233e-03,1.305628e-02,0.000000e+00,0.000000e+00
1376,14,23772,3.082678e-05,4.749749e-03,1.288801e-02,0.000000e+00,0.000000e+00
1377,18,23790,5.160382e-06,4.567734e-03,1.343345e-02,0.000000e+00,0.000000e+00
1378,15,23805,3.958121e-07,4.737808e-03,1.431895e-02,0.000000e+00,0.000000e+00
1379,15,23820,1.130466e-05,4.663044e-03,1.419621e-02,0.000000e+00,0.000000e+00
1380,19,23839,8.488676e-06,4.700822e-03,1.554046e-02,0.000000e+00,0.000000e+00
1381,16,23855,7.745662e-06,4.580590e-03,1.630555e-02,0.000000e+00,0.000000e+00
1382,21,23876,4.403797e-06,4.639520e-03,1.315898e-02,0.000000e+00,0.000000e+00
1383,18,23894,1.450403e-05,4.591667e-03,1.436870e-02,0.000000e+00,0.000000e+00
1384,21,23915,1.102646e-06,4.692867e-03,1.629174e-02,0.000000e+00,0.000000e+00
1385,16,23931,1.454135e-05,4.511294e-03,1.465849e-02,0.000000e+00,0.000000e+00
1386,20,23951,1.744216e-05,4.714992e-03,1.629174e-02,0.000000e+00,0.000000e+00
1387,22,23973,1.292640e-06,4.575775e-03,1.629174e-02,0.000000e+00,0.000000e+00
1388,21,23994,1.817010e-05,4.648774e-03,1.766276e-02,0.000000e+00,0.000000e+00
1389,17,24011,8.217256e-06,4.585879e-03,1.546915e-02,0.000000e+00,0.000000e+00
1390,16,24027,1.003966e-05,4.759043e-03,1.350986e-02,0.000000e+00,0.000000e+00
1391,17,24044,1.162358e-05,4.692386e-03,1.326917e-02,0.000000e+00,0.000000e+00
HIST {'total_samples': 13199719, 'floor_samples': 134, 'floor_fraction': 1.015173126033971e-05, 'saturation_depth': 1.862645149230957e-08, 'boundaries': 1392, 'capped_boundaries': 0, 'unfinished_worlds': 0}
1392,16,24060,1.384244e-06,4.638341e-03,1.286625e-02,0.000000e+00,0.000000e+00
1393,13,24073,3.523659e-05,4.599683e-03,1.553403e-02,0.000000e+00,0.000000e+00
1394,18,24091,4.936010e-07,4.640987e-03,1.646305e-02,0.000000e+00,0.000000e+00
1395,17,24108,5.587935e-07,4.606125e-03,1.295429e-02,0.000000e+00,0.000000e+00
1396,18,24126,8.204952e-06,4.657879e-03,1.511658e-02,0.000000e+00,0.000000e+00
1397,16,24142,2.120473e-06,4.578868e-03,1.441937e-02,0.000000e+00,0.000000e+00
1398,15,24157,1.706556e-06,4.734341e-03,1.415127e-02,0.000000e+00,0.000000e+00
1399,19,24176,8.067974e-06,4.626499e-03,1.384560e-02,0.000000e+00,0.000000e+00
1400,17,24193,3.700479e-05,4.705829e-03,1.307406e-02,0.000000e+00,0.000000e+00
1401,23,24216,2.124347e-05,4.597727e-03,1.359343e-02,0.000000e+00,0.000000e+00
1402,13,24229,5.103648e-06,4.664425e-03,1.594405e-02,0.000000e+00,0.000000e+00
1403,19,24248,4.122199e-06,4.587401e-03,1.464419e-02,0.000000e+00,0.000000e+00
1404,21,24269,8.451355e-06,4.688883e-03,1.501771e-02,0.000000e+00,0.000000e+00
1405,21,24290,5.635367e-06,4.566327e-03,1.525378e-02,0.000000e+00,0.000000e+00
1406,16,24306,5.156989e-06,4.636537e-03,1.265088e-02,0.000000e+00,0.000000e+00
1407,17,24323,2.085866e-05,4.527640e-03,1.342520e-02,0.000000e+00,0.000000e+00
1408,17,24340,8.209608e-06,4.727175e-03,1.754832e-02,0.000000e+00,0.000000e+00
1409,14,24354,7.735483e-06,4.534700e-03,1.821472e-02,0.000000e+00,0.000000e+00
1410,16,24370,1.363456e-05,4.611411e-03,1.570457e-02,0.000000e+00,0.000000e+00
1411,16,24386,2.339645e-05,4.536796e-03,1.235343e-02,0.000000e+00,0.000000e+00
1412,16,24402,1.687217e-05,4.572560e-03,1.501716e-02,0.000000e+00,0.000000e+00
1413,16,24418,1.452100e-06,4.502708e-03,1.233745e-02,0.000000e+00,0.000000e+00
1414,15,24433,1.768582e-05,4.597284e-03,1.321801e-02,0.000000e+00,0.000000e+00
1415,18,24451,1.098235e-05,4.609425e-03,1.285591e-02,0.000000e+00,0.000000e+00
1416,16,24467,5.343591e-06,4.731110e-03,1.391533e-02,0.000000e+00,0.000000e+00
1417,25,24492,3.259629e-08,4.579481e-03,1.218965e-02,0.000000e+00,0.000000e+00
1418,14,24506,1.092467e-05,4.720562e-03,1.557093e-02,0.000000e+00,0.000000e+00
1419,17,24523,1.072789e-05,4.630408e-03,1.591208e-02,0.000000e+00,0.000000e+00
1420,24,24547,3.259629e-07,4.657442e-03,1.384591e-02,0.000000e+00,0.000000e+00
1421,17,24564,1.696378e-06,4.575592e-03,1.542572e-02,0.000000e+00,0.000000e+00
1422,16,24580,8.654921e-06,4.625977e-03,1.458132e-02,0.000000e+00,0.000000e+00
1423,19,24599,5.360554e-06,4.465223e-03,1.399972e-02,0.000000e+00,0.000000e+00
1424,15,24614,1.411387e-06,4.649257e-03,1.382557e-02,0.000000e+00,0.000000e+00
1425,17,24631,4.018657e-06,4.532498e-03,1.373649e-02,0.000000e+00,0.000000e+00
1426,14,24645,7.729977e-06,4.668899e-03,1.327022e-02,0.000000e+00,0.000000e+00
1427,27,24672,8.847564e-07,4.633287e-03,1.475418e-02,0.000000e+00,0.000000e+00
1428,19,24691,3.506429e-06,4.699815e-03,1.591101e-02,0.000000e+00,0.000000e+00
1429,16,24707,8.230826e-06,4.561272e-03,1.360823e-02,0.000000e+00,0.000000e+00
1430,14,24721,4.973781e-06,4.606193e-03,1.341297e-02,0.000000e+00,0.000000e+00
1431,13,24734,7.280854e-06,4.556430e-03,1.364024e-02,0.000000e+00,0.000000e+00
1432,15,24749,1.686878e-05,4.649029e-03,1.594405e-02,0.000000e+00,0.000000e+00
1433,15,24764,5.292699e-06,4.517120e-03,1.235150e-02,0.000000e+00,0.000000e+00
1434,17,24781,1.156590e-05,4.646593e-03,1.467018e-02,0.000000e+00,0.000000e+00
1435,18,24799,2.293503e-06,4.586524e-03,1.235406e-02,0.000000e+00,0.000000e+00
1436,16,24815,2.249144e-05,4.642094e-03,1.362161e-02,0.000000e+00,0.000000e+00
1437,15,24830,8.847564e-06,4.469825e-03,1.295227e-02,0.000000e+00,0.000000e+00
1438,14,24844,3.911555e-07,4.589884e-03,1.828996e-02,0.000000e+00,0.000000e+00
1439,15,24859,8.051284e-06,4.556765e-03,1.513568e-02,0.000000e+00,0.000000e+00
HIST {'total_samples': 13677586, 'floor_samples': 140, 'floor_fraction': 1.0235724344924608e-05, 'saturation_depth': 1.862645149230957e-08, 'boundaries': 1440, 'capped_boundaries': 0, 'unfinished_worlds': 0}
1440,16,24875,1.656823e-05,4.633390e-03,1.325301e-02,0.000000e+00,0.000000e+00
1441,15,24890,1.703164e-06,4.488668e-03,1.255191e-02,0.000000e+00,0.000000e+00
1442,13,24903,3.939494e-06,4.587511e-03,1.450129e-02,0.000000e+00,0.000000e+00
1443,19,24922,1.105699e-05,4.518367e-03,1.541872e-02,0.000000e+00,0.000000e+00
1444,15,24937,1.937151e-06,4.612216e-03,1.403083e-02,0.000000e+00,0.000000e+00
1445,14,24951,2.749301e-06,4.441038e-03,1.399963e-02,0.000000e+00,0.000000e+00
1446,14,24965,1.698732e-05,4.494190e-03,1.487226e-02,0.000000e+00,0.000000e+00
1447,17,24982,1.536682e-06,4.385211e-03,1.421431e-02,0.000000e+00,0.000000e+00
1448,16,24998,6.427030e-06,4.481865e-03,1.388182e-02,0.000000e+00,0.000000e+00
1449,18,25016,1.086765e-05,4.359558e-03,1.285379e-02,0.000000e+00,0.000000e+00
1450,18,25034,1.924578e-05,4.503894e-03,1.387801e-02,0.000000e+00,0.000000e+00
1451,19,25053,1.974404e-06,4.342900e-03,1.190786e-02,0.000000e+00,0.000000e+00
1452,19,25072,1.590233e-05,4.448815e-03,1.337234e-02,0.000000e+00,0.000000e+00
1453,16,25088,7.187526e-06,4.353495e-03,1.331743e-02,0.000000e+00,0.000000e+00
1454,18,25106,1.173371e-05,4.397755e-03,1.225305e-02,0.000000e+00,0.000000e+00
1455,16,25122,1.037345e-05,4.396978e-03,1.180349e-02,0.000000e+00,0.000000e+00
1456,15,25137,1.314674e-06,4.537831e-03,1.344929e-02,0.000000e+00,0.000000e+00
1457,14,25151,7.357448e-07,4.335393e-03,1.166505e-02,0.000000e+00,0.000000e+00
1458,16,25167,1.774170e-06,4.457496e-03,1.627176e-02,0.000000e+00,0.000000e+00
1459,19,25186,3.343303e-05,4.381677e-03,1.301064e-02,0.000000e+00,0.000000e+00
1460,19,25205,2.672531e-06,4.462390e-03,1.454906e-02,0.000000e+00,0.000000e+00
1461,16,25221,7.133931e-06,4.424855e-03,1.449459e-02,0.000000e+00,0.000000e+00
1462,18,25239,3.193123e-06,4.534719e-03,1.318684e-02,0.000000e+00,0.000000e+00
1463,14,25253,6.598420e-06,4.378550e-03,1.725519e-02,0.000000e+00,0.000000e+00
1464,14,25267,6.719492e-06,4.527014e-03,1.317690e-02,0.000000e+00,0.000000e+00
1465,16,25283,2.591871e-05,4.298285e-03,1.246943e-02,0.000000e+00,0.000000e+00
1466,17,25300,1.664934e-06,4.487997e-03,1.556954e-02,0.000000e+00,0.000000e+00
1467,13,25313,2.067973e-06,4.430631e-03,1.471092e-02,0.000000e+00,0.000000e+00
1468,24,25337,5.750501e-06,4.397978e-03,1.287637e-02,0.000000e+00,0.000000e+00
1469,23,25360,1.451899e-05,4.365223e-03,1.284179e-02,0.000000e+00,0.000000e+00
1470,20,25380,1.104518e-05,4.460249e-03,1.324275e-02,0.000000e+00,0.000000e+00
1471,18,25398,6.551780e-06,4.362063e-03,1.359777e-02,0.000000e+00,0.000000e+00
1472,17,25415,2.305238e-05,4.440879e-03,1.354736e-02,0.000000e+00,0.000000e+00
1473,20,25435,1.336448e-06,4.487860e-03,1.317690e-02,0.000000e+00,0.000000e+00
1474,21,25456,2.042064e-05,4.530211e-03,1.409324e-02,0.000000e+00,0.000000e+00
1475,19,25475,1.192323e-06,4.362633e-03,1.269462e-02,0.000000e+00,0.000000e+00
1476,16,25491,2.809277e-06,4.405798e-03,1.317690e-02,0.000000e+00,0.000000e+00
1477,16,25507,6.568574e-06,4.418896e-03,1.338004e-02,0.000000e+00,0.000000e+00
1478,25,25532,1.844862e-05,4.477898e-03,1.365573e-02,0.000000e+00,0.000000e+00
1479,20,25552,2.240704e-06,4.324800e-03,1.543251e-02,0.000000e+00,0.000000e+00
1480,15,25567,1.048381e-05,4.407013e-03,1.320930e-02,0.000000e+00,0.000000e+00
1481,14,25581,1.091564e-06,4.429149e-03,1.230293e-02,0.000000e+00,0.000000e+00
1482,18,25599,1.300280e-06,4.503469e-03,1.595299e-02,0.000000e+00,0.000000e+00
1483,14,25613,2.840534e-07,4.427387e-03,1.248516e-02,0.000000e+00,0.000000e+00
1484,17,25630,5.774200e-07,4.556493e-03,1.300019e-02,0.000000e+00,0.000000e+00
1485,15,25645,1.885646e-06,4.485686e-03,1.370702e-02,0.000000e+00,0.000000e+00
1486,18,25663,4.060377e-05,4.460044e-03,1.330384e-02,0.000000e+00,0.000000e+00
1487,21,25684,1.446142e-05,4.504809e-03,1.488247e-02,0.000000e+00,0.000000e+00
HIST {'total_samples': 14154964, 'floor_samples': 143, 'floor_fraction': 1.0102462994607404e-05, 'saturation_depth': 1.862645149230957e-08, 'boundaries': 1488, 'capped_boundaries': 0, 'unfinished_worlds': 0}
1488,26,25710,1.411116e-05,4.606322e-03,1.610719e-02,0.000000e+00,0.000000e+00
1489,18,25728,1.636146e-06,4.351985e-03,1.318929e-02,0.000000e+00,0.000000e+00
1490,18,25746,2.288685e-06,4.463240e-03,1.360027e-02,0.000000e+00,0.000000e+00
1491,17,25763,1.876615e-06,4.399877e-03,1.341241e-02,0.000000e+00,0.000000e+00
1492,14,25777,1.528669e-05,4.532585e-03,1.600531e-02,0.000000e+00,0.000000e+00
1493,15,25792,1.881272e-06,4.444485e-03,1.303225e-02,0.000000e+00,0.000000e+00
1494,14,25806,1.861248e-05,4.586502e-03,1.609994e-02,0.000000e+00,0.000000e+00
1495,19,25825,6.460617e-06,4.417999e-03,1.222899e-02,0.000000e+00,0.000000e+00
1496,20,25845,4.488125e-05,4.517825e-03,1.672885e-02,0.000000e+00,0.000000e+00
1497,16,25861,5.892044e-06,4.405173e-03,1.608176e-02,0.000000e+00,0.000000e+00
1498,16,25877,6.484607e-06,4.465498e-03,1.487226e-02,0.000000e+00,0.000000e+00
1499,22,25899,1.496042e-05,4.381252e-03,1.173903e-02,0.000000e+00,0.000000e+00
1500,19,25918,1.936266e-05,4.513620e-03,1.487226e-02,0.000000e+00,0.000000e+00
1501,21,25939,6.011996e-06,4.473712e-03,1.390550e-02,0.000000e+00,0.000000e+00
1502,16,25955,9.834766e-06,4.508946e-03,1.456951e-02,0.000000e+00,0.000000e+00
1503,16,25971,2.917234e-06,4.402366e-03,1.234882e-02,0.000000e+00,0.000000e+00
1504,15,25986,1.068533e-05,4.539305e-03,1.436944e-02,0.000000e+00,0.000000e+00
1505,16,26002,5.935226e-06,4.526614e-03,1.443340e-02,0.000000e+00,0.000000e+00
1506,19,26021,6.286427e-07,4.481182e-03,1.449091e-02,0.000000e+00,0.000000e+00
1507,17,26038,1.075678e-06,4.419259e-03,1.286764e-02,0.000000e+00,0.000000e+00
1508,21,26059,1.664934e-06,4.457762e-03,1.487226e-02,0.000000e+00,0.000000e+00
1509,19,26078,1.149141e-05,4.357582e-03,1.322787e-02,0.000000e+00,0.000000e+00
1510,15,26093,1.509674e-05,4.536496e-03,1.317690e-02,0.000000e+00,0.000000e+00
1511,20,26113,1.108357e-06,4.481073e-03,1.239945e-02,0.000000e+00,0.000000e+00
1512,14,26127,1.056538e-05,4.706910e-03,1.381746e-02,0.000000e+00,0.000000e+00
1513,16,26143,1.946464e-06,4.470628e-03,1.463994e-02,0.000000e+00,0.000000e+00
1514,14,26157,2.586166e-06,4.639793e-03,1.407064e-02,0.000000e+00,0.000000e+00
1515,18,26175,1.515262e-05,4.425421e-03,1.425742e-02,0.000000e+00,0.000000e+00
1516,15,26190,1.275912e-06,4.646334e-03,1.413402e-02,0.000000e+00,0.000000e+00
1517,25,26215,5.450620e-06,4.436969e-03,1.205549e-02,0.000000e+00,0.000000e+00
1518,21,26236,1.479009e-05,4.608756e-03,1.628526e-02,0.000000e+00,0.000000e+00
1519,13,26249,5.637746e-06,4.472496e-03,1.364351e-02,0.000000e+00,0.000000e+00
1520,20,26269,1.141943e-06,4.562432e-03,1.324219e-02,0.000000e+00,0.000000e+00
1521,15,26284,6.043183e-06,4.508050e-03,1.292829e-02,0.000000e+00,0.000000e+00
1522,14,26298,6.098362e-06,4.632720e-03,1.666196e-02,0.000000e+00,0.000000e+00
1523,16,26314,1.485246e-05,4.381482e-03,1.441580e-02,0.000000e+00,0.000000e+00
1524,28,26342,7.120353e-06,4.548408e-03,1.609643e-02,0.000000e+00,0.000000e+00
1525,20,26362,5.421832e-06,4.461632e-03,1.594405e-02,0.000000e+00,0.000000e+00
1526,15,26377,1.133307e-05,4.531028e-03,1.416904e-02,0.000000e+00,0.000000e+00
1527,17,26394,8.344650e-06,4.408954e-03,1.398341e-02,0.000000e+00,0.000000e+00
1528,21,26415,2.326590e-05,4.539914e-03,1.372810e-02,0.000000e+00,0.000000e+00
1529,17,26432,6.290285e-06,4.603262e-03,1.445203e-02,0.000000e+00,0.000000e+00
1530,16,26448,6.321472e-06,4.550267e-03,1.594405e-02,0.000000e+00,0.000000e+00
1531,16,26464,2.048910e-07,4.493526e-03,1.202755e-02,0.000000e+00,0.000000e+00
1532,21,26485,1.483807e-05,4.589670e-03,1.522408e-02,0.000000e+00,0.000000e+00
1533,16,26501,5.503399e-06,4.463703e-03,1.301979e-02,0.000000e+00,0.000000e+00
1534,14,26515,1.895482e-05,4.544645e-03,1.317690e-02,0.000000e+00,0.000000e+00
1535,19,26534,1.290684e-06,4.470187e-03,1.297513e-02,0.000000e+00,0.000000e+00
HIST {'total_samples': 14624949, 'floor_samples': 145, 'floor_fraction': 9.914564488395823e-06, 'saturation_depth': 1.862645149230957e-08, 'boundaries': 1536, 'capped_boundaries': 0, 'unfinished_worlds': 0}
1536,19,26553,3.632158e-07,4.575296e-03,1.267934e-02,0.000000e+00,0.000000e+00
1537,17,26570,5.784087e-06,4.436908e-03,1.250107e-02,0.000000e+00,0.000000e+00
1538,22,26592,6.844463e-06,4.586963e-03,1.422738e-02,0.000000e+00,0.000000e+00
1539,16,26608,1.535386e-06,4.493592e-03,1.613803e-02,0.000000e+00,0.000000e+00
1540,16,26624,2.349620e-05,4.568959e-03,1.636462e-02,0.000000e+00,0.000000e+00
1541,14,26638,1.464375e-05,4.451014e-03,1.426020e-02,0.000000e+00,0.000000e+00
1542,13,26651,1.575332e-05,4.521261e-03,1.512803e-02,0.000000e+00,0.000000e+00
1543,14,26665,3.911555e-07,4.428459e-03,1.386266e-02,0.000000e+00,0.000000e+00
1544,15,26680,1.375370e-05,4.649420e-03,1.669097e-02,0.000000e+00,0.000000e+00
1545,14,26694,1.629815e-07,4.418218e-03,1.420264e-02,0.000000e+00,0.000000e+00
1546,17,26711,2.823671e-06,4.555407e-03,1.821472e-02,0.000000e+00,0.000000e+00
1547,16,26727,2.926830e-06,4.491903e-03,1.771768e-02,0.000000e+00,0.000000e+00
1548,19,26746,2.761776e-05,4.645694e-03,1.821472e-02,0.000000e+00,0.000000e+00
1549,15,26761,7.809140e-06,4.443875e-03,1.593770e-02,0.000000e+00,0.000000e+00
1550,14,26775,1.806766e-06,4.533740e-03,1.721790e-02,0.000000e+00,0.000000e+00
1551,16,26791,7.009997e-06,4.446041e-03,1.398935e-02,0.000000e+00,0.000000e+00
1552,16,26807,5.225111e-06,4.559656e-03,1.445290e-02,0.000000e+00,0.000000e+00
1553,20,26827,1.257097e-06,4.469554e-03,1.487226e-02,0.000000e+00,0.000000e+00
1554,16,26843,6.146342e-06,4.533573e-03,1.408505e-02,0.000000e+00,0.000000e+00
1555,16,26859,9.869654e-06,4.423277e-03,1.449459e-02,0.000000e+00,0.000000e+00
1556,15,26874,6.109476e-06,4.579766e-03,1.362114e-02,0.000000e+00,0.000000e+00
1557,19,26893,1.760200e-06,4.444638e-03,1.400904e-02,0.000000e+00,0.000000e+00
1558,15,26908,1.883247e-05,4.582867e-03,1.452194e-02,0.000000e+00,0.000000e+00
1559,20,26928,1.173131e-06,4.460481e-03,1.487226e-02,0.000000e+00,0.000000e+00
1560,21,26949,7.129274e-06,4.553042e-03,1.402246e-02,0.000000e+00,0.000000e+00
1561,18,26967,1.794483e-06,4.541509e-03,1.289878e-02,0.000000e+00,0.000000e+00
1562,14,26981,9.953620e-06,4.594888e-03,1.607887e-02,0.000000e+00,0.000000e+00
1563,15,26996,1.351140e-05,4.458900e-03,1.449459e-02,0.000000e+00,0.000000e+00
1564,18,27014,2.231108e-06,4.683460e-03,1.487226e-02,0.000000e+00,0.000000e+00
1565,15,27029,2.900440e-06,4.559810e-03,1.283699e-02,0.000000e+00,0.000000e+00
1566,15,27044,8.465722e-06,4.588818e-03,1.477334e-02,0.000000e+00,0.000000e+00
1567,16,27060,9.778887e-07,4.448128e-03,1.319059e-02,0.000000e+00,0.000000e+00
1568,13,27073,5.213115e-06,4.649380e-03,1.398598e-02,0.000000e+00,0.000000e+00
1569,18,27091,1.233107e-06,4.645109e-03,1.483773e-02,0.000000e+00,0.000000e+00
1570,20,27111,1.353299e-05,4.618632e-03,1.385434e-02,0.000000e+00,0.000000e+00
1571,23,27134,1.111955e-05,4.469215e-03,1.329231e-02,0.000000e+00,0.000000e+00
1572,16,27150,1.156338e-06,4.590666e-03,1.248581e-02,0.000000e+00,0.000000e+00
1573,20,27170,3.351830e-05,4.480969e-03,1.561785e-02,0.000000e+00,0.000000e+00
1574,13,27183,1.536682e-06,4.631363e-03,1.337198e-02,0.000000e+00,0.000000e+00
1575,26,27209,9.488206e-06,4.590254e-03,1.248186e-02,0.000000e+00,0.000000e+00
1576,18,27227,2.242863e-05,4.628571e-03,1.348377e-02,0.000000e+00,0.000000e+00
1577,14,27241,1.510916e-05,4.453580e-03,1.459515e-02,0.000000e+00,0.000000e+00
1578,15,27256,5.973612e-06,4.599101e-03,1.443263e-02,0.000000e+00,0.000000e+00
1579,17,27273,1.664934e-06,4.449232e-03,2.313508e-02,0.000000e+00,0.000000e+00
1580,20,27293,1.108274e-06,4.565774e-03,1.785647e-02,0.000000e+00,0.000000e+00
1581,17,27310,6.998889e-06,4.442138e-03,1.323019e-02,0.000000e+00,0.000000e+00
1582,17,27327,9.735308e-06,4.497083e-03,1.356523e-02,0.000000e+00,0.000000e+00
1583,15,27342,1.810076e-05,4.460447e-03,1.449459e-02,0.000000e+00,0.000000e+00
HIST {'total_samples': 15091989, 'floor_samples': 149, 'floor_fraction': 9.872787476852786e-06, 'saturation_depth': 1.862645149230957e-08, 'boundaries': 1584, 'capped_boundaries': 0, 'unfinished_worlds': 0}
1584,19,27361,5.536986e-06,4.551785e-03,1.594405e-02,0.000000e+00,0.000000e+00
1585,21,27382,1.530163e-05,4.502127e-03,1.572172e-02,0.000000e+00,0.000000e+00
1586,14,27396,6.139145e-06,4.540836e-03,1.262495e-02,0.000000e+00,0.000000e+00
1587,19,27415,6.911636e-06,4.527025e-03,1.220363e-02,0.000000e+00,0.000000e+00
1588,16,27431,5.992804e-06,4.518623e-03,1.439572e-02,0.000000e+00,0.000000e+00
1589,17,27448,8.195639e-07,4.507399e-03,1.200957e-02,0.000000e+00,0.000000e+00
1590,20,27468,1.063735e-05,4.544848e-03,1.597957e-02,0.000000e+00,0.000000e+00
1591,16,27484,1.788005e-05,4.417012e-03,1.266531e-02,0.000000e+00,0.000000e+00
1592,16,27500,8.433126e-06,4.546588e-03,1.624271e-02,0.000000e+00,0.000000e+00
1593,14,27514,5.604159e-06,4.564231e-03,1.230245e-02,0.000000e+00,0.000000e+00
1594,14,27528,9.493004e-06,4.579881e-03,1.404050e-02,0.000000e+00,0.000000e+00
1595,19,27547,7.119961e-06,4.437376e-03,1.226402e-02,0.000000e+00,0.000000e+00
1596,16,27563,2.454218e-06,4.608439e-03,1.317690e-02,0.000000e+00,0.000000e+00
1597,23,27586,8.279458e-06,4.479292e-03,1.535381e-02,0.000000e+00,0.000000e+00
1598,18,27604,3.864989e-07,4.499387e-03,1.494864e-02,0.000000e+00,0.000000e+00
1599,15,27619,2.034386e-06,4.572122e-03,1.600968e-02,0.000000e+00,0.000000e+00
1600,14,27633,1.452859e-05,4.626775e-03,1.324707e-02,0.000000e+00,0.000000e+00
1601,19,27652,1.004478e-05,4.412408e-03,1.296768e-02,0.000000e+00,0.000000e+00
1602,21,27673,1.215376e-06,4.670370e-03,1.431417e-02,0.000000e+00,0.000000e+00
1603,19,27692,9.397045e-06,4.557020e-03,1.346430e-02,0.000000e+00,0.000000e+00
1604,20,27712,1.876050e-06,4.653302e-03,1.317690e-02,0.000000e+00,0.000000e+00
1605,16,27728,1.789684e-06,4.502820e-03,1.389560e-02,0.000000e+00,0.000000e+00
1606,16,27744,5.455418e-06,4.633301e-03,1.601234e-02,0.000000e+00,0.000000e+00
1607,17,27761,6.830069e-06,4.574150e-03,1.296134e-02,0.000000e+00,0.000000e+00
1608,17,27778,2.274290e-06,4.567886e-03,1.370418e-02,0.000000e+00,0.000000e+00
1609,16,27794,6.947666e-06,4.508672e-03,1.230251e-02,0.000000e+00,0.000000e+00
1610,21,27815,2.571772e-06,4.622993e-03,1.470860e-02,0.000000e+00,0.000000e+00
1611,22,27837,6.952420e-06,4.452428e-03,1.382006e-02,0.000000e+00,0.000000e+00
1612,16,27853,3.287885e-05,4.618048e-03,1.317690e-02,0.000000e+00,0.000000e+00
1613,16,27869,6.053597e-07,4.577878e-03,1.231168e-02,0.000000e+00,0.000000e+00
1614,22,27891,9.920033e-06,4.626741e-03,1.659177e-02,0.000000e+00,0.000000e+00
1615,15,27906,8.344650e-06,4.379531e-03,1.398734e-02,0.000000e+00,0.000000e+00
1616,15,27921,1.189924e-06,4.582352e-03,1.476140e-02,0.000000e+00,0.000000e+00
1617,23,27944,2.502199e-06,4.361339e-03,1.487226e-02,0.000000e+00,0.000000e+00
1618,18,27962,1.341105e-06,4.489533e-03,1.323522e-02,0.000000e+00,0.000000e+00
1619,24,27986,8.381903e-07,4.483962e-03,1.387546e-02,0.000000e+00,0.000000e+00
1620,18,28004,9.094763e-06,4.552826e-03,1.348041e-02,0.000000e+00,0.000000e+00
1621,16,28020,6.519258e-08,4.454634e-03,1.607634e-02,0.000000e+00,0.000000e+00
1622,20,28040,1.340104e-05,4.559531e-03,1.305667e-02,0.000000e+00,0.000000e+00
1623,14,28054,1.890444e-06,4.486892e-03,1.260126e-02,0.000000e+00,0.000000e+00
1624,20,28074,5.114755e-06,4.562219e-03,1.367337e-02,0.000000e+00,0.000000e+00
1625,15,28089,9.778887e-08,4.481408e-03,1.258071e-02,0.000000e+00,0.000000e+00
1626,16,28105,2.739704e-06,4.593762e-03,1.433874e-02,0.000000e+00,0.000000e+00
1627,13,28118,6.782088e-06,4.508145e-03,1.239919e-02,0.000000e+00,0.000000e+00
1628,16,28134,8.661300e-07,4.566090e-03,1.468637e-02,0.000000e+00,0.000000e+00
1629,14,28148,1.037825e-05,4.430334e-03,1.317690e-02,0.000000e+00,0.000000e+00
1630,17,28165,5.289885e-06,4.578641e-03,1.395701e-02,0.000000e+00,0.000000e+00
1631,16,28181,5.498602e-06,4.574671e-03,1.417366e-02,0.000000e+00,0.000000e+00
HIST {'total_samples': 15559529, 'floor_samples': 156, 'floor_fraction': 1.002601042743646e-05, 'saturation_depth': 1.862645149230957e-08, 'boundaries': 1632, 'capped_boundaries': 0, 'unfinished_worlds': 0}
1632,14,28195,1.173131e-06,4.688430e-03,1.457519e-02,0.000000e+00,0.000000e+00
1633,16,28211,6.172732e-06,4.507963e-03,1.482408e-02,0.000000e+00,0.000000e+00
1634,14,28225,9.970413e-06,4.537005e-03,1.317690e-02,0.000000e+00,0.000000e+00
1635,16,28241,1.351140e-05,4.507108e-03,1.463672e-02,0.000000e+00,0.000000e+00
1636,17,28258,1.014074e-05,4.527482e-03,1.390640e-02,0.000000e+00,0.000000e+00
1637,14,28272,1.136214e-06,4.458042e-03,1.299497e-02,0.000000e+00,0.000000e+00
1638,17,28289,6.877817e-06,4.532279e-03,1.415469e-02,0.000000e+00,0.000000e+00
1639,15,28304,1.674530e-06,4.380152e-03,1.330148e-02,0.000000e+00,0.000000e+00
1640,19,28323,1.351620e-05,4.531111e-03,1.702221e-02,0.000000e+00,0.000000e+00
1641,16,28339,1.035906e-05,4.410253e-03,1.800333e-02,0.000000e+00,0.000000e+00
1642,19,28358,2.888445e-06,4.537904e-03,1.522455e-02,0.000000e+00,0.000000e+00
1643,14,28372,2.538185e-06,4.505914e-03,1.367910e-02,0.000000e+00,0.000000e+00
1644,17,28389,7.939525e-06,4.606478e-03,1.401308e-02,0.000000e+00,0.000000e+00
1645,14,28403,8.260831e-06,4.559153e-03,1.502688e-02,0.000000e+00,0.000000e+00
1646,15,28418,9.872019e-07,4.690496e-03,1.422483e-02,0.000000e+00,0.000000e+00
1647,16,28434,1.069972e-06,4.531602e-03,1.337514e-02,0.000000e+00,0.000000e+00
1648,15,28449,2.174638e-05,4.566602e-03,1.766631e-02,0.000000e+00,0.000000e+00
1649,15,28464,1.391444e-05,4.524788e-03,1.340872e-02,0.000000e+00,0.000000e+00
1650,16,28480,8.707866e-06,4.546543e-03,1.265429e-02,0.000000e+00,0.000000e+00
1651,17,28497,5.551380e-06,4.500523e-03,1.454660e-02,0.000000e+00,0.000000e+00
1652,15,28512,1.072371e-06,4.601871e-03,1.473607e-02,0.000000e+00,0.000000e+00
1653,18,28530,1.324270e-05,4.472957e-03,1.231369e-02,0.000000e+00,0.000000e+00
1654,17,28547,1.026789e-06,4.584909e-03,1.471620e-02,0.000000e+00,0.000000e+00
1655,15,28562,3.259629e-07,4.528786e-03,1.430385e-02,0.000000e+00,0.000000e+00
1656,15,28577,1.358337e-05,4.557953e-03,1.821472e-02,0.000000e+00,0.000000e+00
1657,13,28590,9.389845e-06,4.491021e-03,1.633326e-02,0.000000e+00,0.000000e+00
1658,17,28607,4.992404e-06,4.605277e-03,1.821472e-02,0.000000e+00,0.000000e+00
1659,17,28624,6.326271e-06,4.553632e-03,1.347881e-02,0.000000e+00,0.000000e+00
1660,15,28639,1.816074e-06,4.569766e-03,1.610258e-02,0.000000e+00,0.000000e+00
1661,14,28653,1.501799e-06,4.516816e-03,1.587081e-02,0.000000e+00,0.000000e+00
1662,20,28673,1.500826e-05,4.642610e-03,1.513185e-02,0.000000e+00,0.000000e+00
1663,17,28690,9.944024e-06,4.508976e-03,1.410286e-02,0.000000e+00,0.000000e+00
1664,20,28710,8.074567e-06,4.616958e-03,1.434547e-02,0.000000e+00,0.000000e+00
1665,17,28727,5.417034e-06,4.424011e-03,1.487226e-02,0.000000e+00,0.000000e+00
1666,18,28745,5.960464e-07,4.584910e-03,1.284597e-02,0.000000e+00,0.000000e+00
1667,16,28761,1.660136e-06,4.480807e-03,1.289996e-02,0.000000e+00,0.000000e+00
1668,16,28777,6.840564e-06,4.559071e-03,1.487226e-02,0.000000e+00,0.000000e+00
1669,18,28795,4.656613e-07,4.486312e-03,1.318591e-02,0.000000e+00,0.000000e+00
1670,16,28811,1.722031e-05,4.628798e-03,1.472185e-02,0.000000e+00,0.000000e+00
1671,16,28827,2.727709e-06,4.552515e-03,1.498011e-02,0.000000e+00,0.000000e+00
1672,21,28848,1.409436e-05,4.562298e-03,1.385434e-02,0.000000e+00,0.000000e+00
1673,16,28864,6.766059e-06,4.501743e-03,1.361165e-02,0.000000e+00,0.000000e+00
1674,16,28880,9.588965e-06,4.564696e-03,1.487226e-02,0.000000e+00,0.000000e+00
1675,15,28895,1.643784e-06,4.454102e-03,1.194542e-02,0.000000e+00,0.000000e+00
1676,15,28910,5.505799e-06,4.574176e-03,1.487226e-02,0.000000e+00,0.000000e+00
1677,17,28927,1.274130e-05,4.417157e-03,1.301184e-02,0.000000e+00,0.000000e+00
1678,16,28943,2.844725e-05,4.509718e-03,1.380564e-02,0.000000e+00,0.000000e+00
1679,18,28961,4.802880e-06,4.470975e-03,1.372506e-02,0.000000e+00,0.000000e+00
HIST {'total_samples': 16026908, 'floor_samples': 160, 'floor_fraction': 9.983210735345833e-06, 'saturation_depth': 1.862645149230957e-08, 'boundaries': 1680, 'capped_boundaries': 0, 'unfinished_worlds': 0}
1680,17,28978,4.656613e-08,4.557481e-03,1.313102e-02,0.000000e+00,0.000000e+00
1681,20,28998,9.260298e-06,4.478002e-03,1.352955e-02,0.000000e+00,0.000000e+00
1682,19,29017,4.764495e-06,4.535510e-03,1.317690e-02,0.000000e+00,0.000000e+00
1683,17,29034,5.578622e-06,4.359557e-03,1.311190e-02,0.000000e+00,0.000000e+00
1684,15,29049,1.362525e-05,4.611027e-03,1.524269e-02,0.000000e+00,0.000000e+00
1685,17,29066,5.980809e-06,4.464230e-03,1.385848e-02,0.000000e+00,0.000000e+00
1686,15,29081,1.689404e-05,4.611009e-03,1.371556e-02,0.000000e+00,0.000000e+00
1687,15,29096,6.798655e-07,4.546277e-03,1.383594e-02,0.000000e+00,0.000000e+00
1688,16,29112,8.602959e-06,4.566895e-03,1.380587e-02,0.000000e+00,0.000000e+00
1689,16,29128,6.919727e-06,4.480827e-03,1.449459e-02,0.000000e+00,0.000000e+00
1690,22,29150,1.330748e-05,4.576531e-03,1.382994e-02,0.000000e+00,0.000000e+00
1691,16,29166,4.812476e-06,4.524648e-03,1.408666e-02,0.000000e+00,0.000000e+00
1692,16,29182,1.681037e-06,4.594696e-03,1.219057e-02,0.000000e+00,0.000000e+00
1693,15,29197,1.433305e-05,4.503310e-03,1.208974e-02,0.000000e+00,0.000000e+00
1694,15,29212,5.503399e-06,4.670947e-03,1.821472e-02,0.000000e+00,0.000000e+00
1695,18,29230,5.189125e-06,4.409050e-03,1.301559e-02,0.000000e+00,0.000000e+00
1696,13,29243,4.750101e-06,4.554454e-03,1.568151e-02,0.000000e+00,0.000000e+00
1697,18,29261,8.502200e-06,4.464314e-03,1.449819e-02,0.000000e+00,0.000000e+00
1698,15,29276,1.373701e-06,4.598010e-03,1.234646e-02,0.000000e+00,0.000000e+00
1699,14,29290,1.983527e-05,4.456812e-03,1.253684e-02,0.000000e+00,0.000000e+00
1700,17,29307,1.916834e-06,4.601847e-03,1.348695e-02,0.000000e+00,0.000000e+00
1701,16,29323,8.009374e-06,4.447015e-03,1.243980e-02,0.000000e+00,0.000000e+00
1702,23,29346,7.422641e-06,4.523663e-03,1.422801e-02,0.000000e+00,0.000000e+00
1703,25,29371,5.369053e-06,4.461229e-03,1.206905e-02,0.000000e+00,0.000000e+00
1704,18,29389,8.204952e-06,4.594599e-03,1.374244e-02,0.000000e+00,0.000000e+00
1705,16,29405,2.956018e-05,4.492000e-03,1.317690e-02,0.000000e+00,0.000000e+00
1706,17,29422,5.491404e-06,4.508443e-03,1.821472e-02,0.000000e+00,0.000000e+00
1707,16,29438,1.490116e-06,4.512419e-03,1.326378e-02,0.000000e+00,0.000000e+00
1708,16,29454,2.052379e-05,4.608288e-03,1.445736e-02,0.000000e+00,0.000000e+00
1709,17,29471,1.727603e-06,4.451338e-03,1.199345e-02,0.000000e+00,0.000000e+00
1710,19,29490,1.294538e-06,4.559007e-03,1.391203e-02,0.000000e+00,0.000000e+00
1711,16,29506,6.055178e-06,4.492752e-03,1.298322e-02,0.000000e+00,0.000000e+00
1712,13,29519,1.492910e-05,4.561341e-03,1.286629e-02,0.000000e+00,0.000000e+00
1713,14,29533,3.725290e-07,4.536862e-03,1.169602e-02,0.000000e+00,0.000000e+00
1714,17,29550,4.836466e-06,4.563243e-03,1.317690e-02,0.000000e+00,0.000000e+00
1715,16,29566,1.525790e-06,4.517337e-03,1.406535e-02,0.000000e+00,0.000000e+00
1716,21,29587,1.587445e-05,4.554377e-03,1.821472e-02,0.000000e+00,0.000000e+00
1717,22,29609,6.158338e-06,4.467312e-03,1.292437e-02,0.000000e+00,0.000000e+00
1718,20,29629,8.735806e-06,4.685593e-03,1.367866e-02,0.000000e+00,0.000000e+00
1719,14,29643,6.053597e-07,4.415604e-03,1.270393e-02,0.000000e+00,0.000000e+00
1720,18,29661,1.518056e-06,4.604831e-03,1.396167e-02,0.000000e+00,0.000000e+00
1721,19,29680,3.632158e-07,4.460787e-03,1.210773e-02,0.000000e+00,0.000000e+00
1722,23,29703,5.141144e-06,4.591408e-03,1.493390e-02,0.000000e+00,0.000000e+00
1723,17,29720,1.045982e-06,4.470462e-03,1.311908e-02,0.000000e+00,0.000000e+00
1724,15,29735,4.377216e-07,4.600643e-03,1.524286e-02,0.000000e+00,0.000000e+00
1725,15,29750,1.420267e-05,4.552143e-03,1.594405e-02,0.000000e+00,0.000000e+00
1726,14,29764,1.635186e-05,4.560382e-03,1.353549e-02,0.000000e+00,0.000000e+00
1727,22,29786,5.608957e-06,4.511564e-03,1.339043e-02,0.000000e+00,0.000000e+00
HIST {'total_samples': 16492285, 'floor_samples': 167, 'floor_fraction': 1.0125946768443548e-05, 'saturation_depth': 1.862645149230957e-08, 'boundaries': 1728, 'capped_boundaries': 0, 'unfinished_worlds': 0}
1728,18,29804,1.981608e-06,4.545691e-03,1.459374e-02,0.000000e+00,0.000000e+00
1729,15,29819,9.253100e-06,4.520753e-03,1.359572e-02,0.000000e+00,0.000000e+00
1730,12,29831,1.573935e-06,4.552431e-03,1.305626e-02,0.000000e+00,0.000000e+00
1731,13,29844,4.788485e-06,4.513459e-03,1.344627e-02,0.000000e+00,0.000000e+00
1732,19,29863,8.442439e-06,4.654594e-03,1.285946e-02,0.000000e+00,0.000000e+00
1733,19,29882,5.318673e-06,4.409799e-03,1.604452e-02,0.000000e+00,0.000000e+00
1734,29,29911,1.007597e-05,4.563387e-03,1.382659e-02,0.000000e+00,0.000000e+00
1735,20,29931,2.682127e-06,4.426074e-03,1.293149e-02,0.000000e+00,0.000000e+00
1736,20,29951,6.519258e-06,4.571116e-03,1.290537e-02,0.000000e+00,0.000000e+00
1737,18,29969,2.619752e-06,4.468650e-03,1.466301e-02,0.000000e+00,0.000000e+00
1738,15,29984,4.990005e-06,4.518419e-03,1.331070e-02,0.000000e+00,0.000000e+00
1739,14,29998,1.888045e-06,4.441273e-03,1.293747e-02,0.000000e+00,0.000000e+00
1740,15,30013,4.901240e-06,4.539362e-03,1.449439e-02,0.000000e+00,0.000000e+00
1741,17,30030,6.098362e-06,4.337857e-03,1.215603e-02,0.000000e+00,0.000000e+00
1742,15,30045,5.244303e-06,4.484701e-03,1.362701e-02,0.000000e+00,0.000000e+00
1743,15,30060,2.660536e-06,4.385247e-03,1.355083e-02,0.000000e+00,0.000000e+00
1744,16,30076,1.463415e-06,4.524543e-03,1.394089e-02,0.000000e+00,0.000000e+00
1745,15,30091,7.255003e-06,4.464022e-03,1.226524e-02,0.000000e+00,0.000000e+00
1746,18,30109,1.494773e-06,4.473376e-03,1.455170e-02,0.000000e+00,0.000000e+00
1747,16,30125,9.531389e-06,4.423717e-03,1.272838e-02,0.000000e+00,0.000000e+00
1748,19,30144,7.776543e-06,4.517121e-03,1.253249e-02,0.000000e+00,0.000000e+00
1749,17,30161,2.468853e-05,4.470931e-03,1.335424e-02,0.000000e+00,0.000000e+00
1750,19,30180,1.547381e-06,4.561869e-03,1.463334e-02,0.000000e+00,0.000000e+00
1751,17,30197,7.916242e-07,4.462779e-03,1.241275e-02,0.000000e+00,0.000000e+00
1752,17,30214,9.546056e-07,4.527824e-03,1.460553e-02,0.000000e+00,0.000000e+00
1753,16,30230,2.394243e-05,4.437422e-03,1.217334e-02,0.000000e+00,0.000000e+00
1754,16,30246,7.217750e-07,4.481576e-03,1.312250e-02,0.000000e+00,0.000000e+00
1755,19,30265,3.162415e-05,4.494247e-03,1.420716e-02,0.000000e+00,0.000000e+00
1756,13,30278,1.193283e-05,4.523179e-03,1.795955e-02,0.000000e+00,0.000000e+00
1757,21,30299,6.146729e-07,4.412561e-03,1.821472e-02,0.000000e+00,0.000000e+00
1758,14,30313,1.407694e-05,4.485845e-03,1.317690e-02,0.000000e+00,0.000000e+00
1759,20,30333,2.331868e-06,4.466015e-03,1.264089e-02,0.000000e+00,0.000000e+00
1760,15,30348,1.324270e-06,4.557947e-03,1.379324e-02,0.000000e+00,0.000000e+00
1761,15,30363,2.523791e-06,4.423701e-03,1.170826e-02,0.000000e+00,0.000000e+00
1762,18,30381,2.466214e-06,4.518770e-03,1.284998e-02,0.000000e+00,0.000000e+00
1763,15,30396,1.971532e-05,4.474466e-03,1.302551e-02,0.000000e+00,0.000000e+00
1764,15,30411,7.404014e-06,4.561445e-03,1.728591e-02,0.000000e+00,0.000000e+00
1765,17,30428,2.495002e-06,4.481551e-03,1.309096e-02,0.000000e+00,0.000000e+00
1766,15,30443,2.159137e-06,4.465233e-03,1.378397e-02,0.000000e+00,0.000000e+00
1767,15,30458,5.788170e-06,4.465947e-03,1.337153e-02,0.000000e+00,0.000000e+00
1768,14,30472,1.471490e-06,4.499108e-03,1.393158e-02,0.000000e+00,0.000000e+00
1769,19,30491,1.808877e-06,4.505623e-03,1.418248e-02,0.000000e+00,0.000000e+00
1770,25,30516,1.517124e-05,4.621812e-03,1.467055e-02,0.000000e+00,0.000000e+00
1771,15,30531,1.837665e-06,4.457500e-03,1.334599e-02,0.000000e+00,0.000000e+00
1772,17,30548,1.321547e-05,4.573963e-03,1.369378e-02,0.000000e+00,0.000000e+00
1773,18,30566,2.672531e-06,4.472303e-03,1.360254e-02,0.000000e+00,0.000000e+00
1774,15,30581,2.183127e-06,4.521877e-03,1.368623e-02,0.000000e+00,0.000000e+00
1775,19,30600,8.745119e-06,4.452403e-03,1.213205e-02,0.000000e+00,0.000000e+00
HIST {'total_samples': 16961573, 'floor_samples': 171, 'floor_fraction': 1.00816121240642e-05, 'saturation_depth': 1.862645149230957e-08, 'boundaries': 1776, 'capped_boundaries': 0, 'unfinished_worlds': 0}
1776,17,30617,1.818473e-06,4.444037e-03,1.407192e-02,0.000000e+00,0.000000e+00
1777,14,30631,1.272187e-05,4.491780e-03,1.487226e-02,0.000000e+00,0.000000e+00
1778,15,30646,2.372651e-06,4.538283e-03,1.330978e-02,0.000000e+00,0.000000e+00
1779,17,30663,1.436565e-05,4.425208e-03,1.292730e-02,0.000000e+00,0.000000e+00
1780,16,30679,5.844049e-06,4.500354e-03,1.368151e-02,0.000000e+00,0.000000e+00
1781,15,30694,1.953915e-05,4.439683e-03,1.316697e-02,0.000000e+00,0.000000e+00
1782,14,30708,1.916834e-06,4.465521e-03,1.340601e-02,0.000000e+00,0.000000e+00
1783,15,30723,2.855901e-05,4.396133e-03,1.445036e-02,0.000000e+00,0.000000e+00
1784,16,30739,1.289416e-05,4.489481e-03,1.464002e-02,0.000000e+00,0.000000e+00
1785,17,30756,2.180226e-05,4.453700e-03,1.587342e-02,0.000000e+00,0.000000e+00
1786,17,30773,2.051704e-05,4.474690e-03,1.487226e-02,0.000000e+00,0.000000e+00
1787,18,30791,5.556178e-06,4.516315e-03,1.587182e-02,0.000000e+00,0.000000e+00
1788,16,30807,1.490116e-05,4.458952e-03,1.452871e-02,0.000000e+00,0.000000e+00
1789,16,30823,1.324990e-05,4.383997e-03,1.260273e-02,0.000000e+00,0.000000e+00
1790,15,30838,1.410488e-05,4.477347e-03,1.387002e-02,0.000000e+00,0.000000e+00
1791,14,30852,1.591524e-05,4.457040e-03,1.362626e-02,0.000000e+00,0.000000e+00
1792,20,30872,1.012395e-06,4.430192e-03,1.468280e-02,0.000000e+00,0.000000e+00
1793,20,30892,1.285225e-06,4.385782e-03,1.542440e-02,0.000000e+00,0.000000e+00
1794,20,30912,8.583767e-06,4.524695e-03,1.552049e-02,0.000000e+00,0.000000e+00
1795,19,30931,1.554578e-06,4.404280e-03,1.892578e-02,0.000000e+00,0.000000e+00
1796,17,30948,2.528589e-06,4.470734e-03,1.465212e-02,0.000000e+00,0.000000e+00
1797,22,30970,1.189924e-06,4.474043e-03,1.305340e-02,0.000000e+00,0.000000e+00
1798,17,30987,5.401671e-07,4.580714e-03,1.438366e-02,0.000000e+00,0.000000e+00
1799,22,31009,1.376495e-05,4.415442e-03,1.249415e-02,0.000000e+00,0.000000e+00
1800,18,31027,9.740105e-07,4.562141e-03,1.538942e-02,0.000000e+00,0.000000e+00
1801,14,31041,2.637745e-05,4.403409e-03,1.472745e-02,0.000000e+00,0.000000e+00
1802,17,31058,8.754432e-07,4.533017e-03,1.451744e-02,0.000000e+00,0.000000e+00
1803,16,31074,6.626360e-06,4.449075e-03,1.406052e-02,0.000000e+00,0.000000e+00
1804,17,31091,6.696209e-06,4.549706e-03,1.390527e-02,0.000000e+00,0.000000e+00
1805,17,31108,2.228709e-06,4.546484e-03,1.324333e-02,0.000000e+00,0.000000e+00
1806,16,31124,4.980408e-06,4.579689e-03,1.821472e-02,0.000000e+00,0.000000e+00
1807,13,31137,9.332268e-07,4.400930e-03,1.636220e-02,0.000000e+00,0.000000e+00
1808,20,31157,5.355105e-07,4.534760e-03,1.447582e-02,0.000000e+00,0.000000e+00
1809,18,31175,9.351461e-06,4.493193e-03,1.216980e-02,0.000000e+00,0.000000e+00
1810,15,31190,1.242703e-06,4.588003e-03,1.422110e-02,0.000000e+00,0.000000e+00
1811,15,31205,2.427829e-06,4.459177e-03,1.501466e-02,0.000000e+00,0.000000e+00
1812,16,31221,1.396984e-06,4.561693e-03,1.448637e-02,0.000000e+00,0.000000e+00
1813,16,31237,8.924432e-07,4.404116e-03,1.747914e-02,0.000000e+00,0.000000e+00
1814,15,31252,5.587935e-06,4.519151e-03,1.459460e-02,0.000000e+00,0.000000e+00
1815,15,31267,9.099562e-06,4.451804e-03,1.383128e-02,0.000000e+00,0.000000e+00
1816,15,31282,1.638545e-05,4.454943e-03,1.380471e-02,0.000000e+00,0.000000e+00
1817,14,31296,7.050112e-06,4.432067e-03,1.564367e-02,0.000000e+00,0.000000e+00
1818,16,31312,1.294538e-06,4.602742e-03,1.508364e-02,0.000000e+00,0.000000e+00
1819,14,31326,1.041184e-06,4.498418e-03,1.625276e-02,0.000000e+00,0.000000e+00
1820,16,31342,5.178154e-06,4.583763e-03,1.317690e-02,0.000000e+00,0.000000e+00
1821,16,31358,8.707866e-07,4.482754e-03,1.253174e-02,0.000000e+00,0.000000e+00
1822,16,31374,7.264316e-07,4.611026e-03,1.342980e-02,0.000000e+00,0.000000e+00
1823,26,31400,1.048381e-06,4.440559e-03,1.366991e-02,0.000000e+00,0.000000e+00
HIST {'total_samples': 17432553, 'floor_samples': 179, 'floor_fraction': 1.0268146036900045e-05, 'saturation_depth': 1.862645149230957e-08, 'boundaries': 1824, 'capped_boundaries': 0, 'unfinished_worlds': 0}
1824,18,31418,4.658937e-06,4.599629e-03,1.503045e-02,0.000000e+00,0.000000e+00
1825,15,31433,1.859976e-05,4.529243e-03,1.326546e-02,0.000000e+00,0.000000e+00
1826,16,31449,9.598562e-06,4.614430e-03,1.575615e-02,0.000000e+00,0.000000e+00
1827,22,31471,1.555309e-06,4.474895e-03,1.463795e-02,0.000000e+00,0.000000e+00
1828,19,31490,4.457418e-06,4.628418e-03,1.487226e-02,0.000000e+00,0.000000e+00
1829,17,31507,6.016794e-06,4.530937e-03,1.554461e-02,0.000000e+00,0.000000e+00
1830,19,31526,1.998401e-06,4.615298e-03,1.454632e-02,0.000000e+00,0.000000e+00
1831,17,31543,6.074371e-06,4.479937e-03,1.230028e-02,0.000000e+00,0.000000e+00
1832,15,31558,2.077569e-06,4.642847e-03,1.436353e-02,0.000000e+00,0.000000e+00
1833,16,31574,2.372651e-06,4.589665e-03,1.451744e-02,0.000000e+00,0.000000e+00
1834,19,31593,1.575210e-05,4.621195e-03,1.486621e-02,0.000000e+00,0.000000e+00
1835,21,31614,5.052379e-06,4.578725e-03,1.254560e-02,0.000000e+00,0.000000e+00
1836,15,31629,1.944183e-05,4.597562e-03,1.374734e-02,0.000000e+00,0.000000e+00
1837,15,31644,9.588965e-06,4.549198e-03,1.240547e-02,0.000000e+00,0.000000e+00
1838,16,31660,1.204079e-05,4.621819e-03,1.394112e-02,0.000000e+00,0.000000e+00
1839,14,31674,4.656613e-09,4.524112e-03,1.336338e-02,0.000000e+00,0.000000e+00
1840,13,31687,3.282446e-05,4.581309e-03,1.319801e-02,0.000000e+00,0.000000e+00
1841,14,31701,1.327135e-05,4.482554e-03,1.435002e-02,0.000000e+00,0.000000e+00
1842,16,31717,7.245690e-06,4.624509e-03,1.414710e-02,0.000000e+00,0.000000e+00
1843,16,31733,5.131587e-06,4.492373e-03,1.318816e-02,0.000000e+00,0.000000e+00
1844,16,31749,1.172891e-05,4.571352e-03,1.317690e-02,0.000000e+00,0.000000e+00
1845,15,31764,1.162575e-05,4.480615e-03,1.538734e-02,0.000000e+00,0.000000e+00
1846,17,31781,3.725290e-08,4.649627e-03,1.614576e-02,0.000000e+00,0.000000e+00
1847,18,31799,6.612390e-07,4.471302e-03,1.400907e-02,0.000000e+00,0.000000e+00
1848,15,31814,8.116476e-06,4.563461e-03,1.544383e-02,0.000000e+00,0.000000e+00
1849,16,31830,4.514995e-06,4.573560e-03,1.226445e-02,0.000000e+00,0.000000e+00
1850,14,31844,5.781688e-06,4.674518e-03,1.317690e-02,0.000000e+00,0.000000e+00
1851,18,31862,1.587905e-06,4.594721e-03,1.399526e-02,0.000000e+00,0.000000e+00
1852,14,31876,8.967614e-06,4.599201e-03,1.313472e-02,0.000000e+00,0.000000e+00
1853,15,31891,1.285225e-06,4.545709e-03,1.718425e-02,0.000000e+00,0.000000e+00
1854,14,31905,2.596527e-05,4.631714e-03,1.377672e-02,0.000000e+00,0.000000e+00
1855,23,31928,1.108274e-06,4.585485e-03,1.285951e-02,0.000000e+00,0.000000e+00
1856,16,31944,4.812476e-06,4.629047e-03,1.321949e-02,0.000000e+00,0.000000e+00
1857,16,31960,6.193295e-06,4.478011e-03,1.242015e-02,0.000000e+00,0.000000e+00
1858,18,31978,6.891787e-07,4.581258e-03,1.269062e-02,0.000000e+00,0.000000e+00
1859,16,31994,1.101160e-06,4.482924e-03,1.420925e-02,0.000000e+00,0.000000e+00
1860,15,32009,7.036142e-06,4.545428e-03,1.583444e-02,0.000000e+00,0.000000e+00
1861,16,32025,5.057178e-06,4.469856e-03,1.328907e-02,0.000000e+00,0.000000e+00
1862,17,32042,4.190952e-07,4.563759e-03,1.317690e-02,0.000000e+00,0.000000e+00
1863,15,32057,1.230708e-06,4.476404e-03,1.545827e-02,0.000000e+00,0.000000e+00
1864,15,32072,1.185126e-06,4.548878e-03,1.263482e-02,0.000000e+00,0.000000e+00
1865,16,32088,1.103617e-06,4.443793e-03,1.482408e-02,0.000000e+00,0.000000e+00
1866,15,32103,2.303799e-05,4.572969e-03,1.682253e-02,0.000000e+00,0.000000e+00
1867,18,32121,4.999601e-06,4.513212e-03,1.395585e-02,0.000000e+00,0.000000e+00
1868,17,32138,5.778857e-06,4.624644e-03,1.557101e-02,0.000000e+00,0.000000e+00
1869,16,32154,2.190324e-06,4.444361e-03,1.324467e-02,0.000000e+00,0.000000e+00
1870,19,32173,1.493841e-05,4.592762e-03,1.377978e-02,0.000000e+00,0.000000e+00
1871,23,32196,1.595362e-06,4.512806e-03,1.317690e-02,0.000000e+00,0.000000e+00
HIST {'total_samples': 17894815, 'floor_samples': 184, 'floor_fraction': 1.0282308031684038e-05, 'saturation_depth': 4.6566128730773926e-09, 'boundaries': 1872, 'capped_boundaries': 0, 'unfinished_worlds': 0}
1872,14,32210,1.600160e-05,4.603153e-03,1.388673e-02,0.000000e+00,0.000000e+00
1873,17,32227,3.859576e-05,4.509921e-03,1.323042e-02,0.000000e+00,0.000000e+00
1874,21,32248,4.668533e-06,4.631110e-03,1.447708e-02,0.000000e+00,0.000000e+00
1875,20,32268,1.117587e-07,4.536938e-03,1.395769e-02,0.000000e+00,0.000000e+00
1876,15,32283,1.251819e-05,4.647824e-03,1.368129e-02,0.000000e+00,0.000000e+00
1877,16,32299,5.732290e-06,4.493722e-03,1.317690e-02,0.000000e+00,0.000000e+00
1878,15,32314,1.423992e-05,4.508963e-03,1.498859e-02,0.000000e+00,0.000000e+00
1879,15,32329,6.258488e-06,4.441713e-03,1.620392e-02,0.000000e+00,0.000000e+00
1880,21,32350,1.458617e-06,4.611726e-03,1.593472e-02,0.000000e+00,0.000000e+00
1881,16,32366,1.954846e-05,4.515541e-03,1.154814e-02,0.000000e+00,0.000000e+00
1882,21,32387,6.444752e-06,4.648950e-03,1.321063e-02,0.000000e+00,0.000000e+00
1883,16,32403,4.498202e-06,4.516243e-03,1.487226e-02,0.000000e+00,0.000000e+00
1884,14,32417,1.173466e-05,4.452052e-03,1.325024e-02,0.000000e+00,0.000000e+00
1885,16,32433,1.127549e-06,4.525835e-03,1.403136e-02,0.000000e+00,0.000000e+00
1886,17,32450,1.235506e-06,4.575542e-03,1.512371e-02,0.000000e+00,0.000000e+00
1887,13,32463,5.615875e-06,4.549181e-03,1.241733e-02,0.000000e+00,0.000000e+00
1888,14,32477,1.967213e-06,4.682643e-03,1.446036e-02,0.000000e+00,0.000000e+00
1889,17,32494,1.629815e-07,4.540475e-03,1.458431e-02,0.000000e+00,0.000000e+00
1890,15,32509,2.644025e-05,4.592481e-03,1.997950e-02,0.000000e+00,0.000000e+00
1891,18,32527,2.060776e-06,4.494365e-03,1.411321e-02,0.000000e+00,0.000000e+00
1892,16,32543,2.106358e-06,4.580439e-03,1.519959e-02,0.000000e+00,0.000000e+00
1893,18,32561,7.710517e-06,4.479337e-03,1.444849e-02,0.000000e+00,0.000000e+00
1894,18,32579,1.526270e-05,4.585377e-03,1.350638e-02,0.000000e+00,0.000000e+00
1895,18,32597,1.052395e-06,4.424745e-03,1.487226e-02,0.000000e+00,0.000000e+00
1896,17,32614,1.234468e-05,4.520684e-03,1.366360e-02,0.000000e+00,0.000000e+00
1897,14,32628,5.851260e-06,4.509247e-03,1.334217e-02,0.000000e+00,0.000000e+00
1898,17,32645,1.237905e-05,4.561375e-03,1.518839e-02,0.000000e+00,0.000000e+00
1899,16,32661,1.060376e-06,4.579118e-03,1.229894e-02,0.000000e+00,0.000000e+00
1900,20,32681,8.147143e-06,4.535444e-03,1.407030e-02,0.000000e+00,0.000000e+00
1901,16,32697,8.828470e-07,4.533213e-03,1.270967e-02,0.000000e+00,0.000000e+00
1902,13,32710,9.173931e-06,4.576434e-03,1.383786e-02,0.000000e+00,0.000000e+00
1903,17,32727,1.151300e-05,4.477320e-03,1.259552e-02,0.000000e+00,0.000000e+00
1904,17,32744,1.847261e-06,4.704529e-03,1.257710e-02,0.000000e+00,0.000000e+00
1905,15,32759,6.537884e-06,4.516918e-03,1.353994e-02,0.000000e+00,0.000000e+00
1906,15,32774,1.118913e-05,4.555242e-03,1.435171e-02,0.000000e+00,0.000000e+00
1907,12,32786,7.017516e-06,4.509496e-03,1.407655e-02,0.000000e+00,0.000000e+00
1908,14,32800,4.714115e-06,4.559744e-03,1.324747e-02,0.000000e+00,0.000000e+00
1909,21,32821,9.089965e-06,4.531313e-03,1.365766e-02,0.000000e+00,0.000000e+00
1910,21,32842,5.303882e-06,4.593729e-03,1.297502e-02,0.000000e+00,0.000000e+00
1911,16,32858,1.536825e-05,4.538651e-03,1.284844e-02,0.000000e+00,0.000000e+00
1912,16,32874,5.131548e-06,4.658780e-03,1.466719e-02,0.000000e+00,0.000000e+00
1913,14,32888,7.618219e-06,4.513878e-03,1.438842e-02,0.000000e+00,0.000000e+00
1914,15,32903,5.323471e-06,4.641761e-03,1.554461e-02,0.000000e+00,0.000000e+00
1915,15,32918,4.371052e-06,4.565853e-03,1.661282e-02,0.000000e+00,0.000000e+00
1916,14,32932,1.241024e-05,4.504640e-03,1.461740e-02,0.000000e+00,0.000000e+00
1917,18,32950,6.719492e-06,4.492166e-03,1.671841e-02,0.000000e+00,0.000000e+00
1918,17,32967,1.803119e-05,4.552932e-03,1.557245e-02,0.000000e+00,0.000000e+00
1919,15,32982,5.401671e-06,4.524943e-03,1.532015e-02,0.000000e+00,0.000000e+00
HIST {'total_samples': 18356753, 'floor_samples': 187, 'floor_fraction': 1.0186986772660721e-05, 'saturation_depth': 4.6566128730773926e-09, 'boundaries': 1920, 'capped_boundaries': 0, 'unfinished_worlds': 0}
1920,16,32998,1.215376e-06,4.657693e-03,1.265158e-02,0.000000e+00,0.000000e+00
1921,15,33013,9.212316e-07,4.555338e-03,1.501879e-02,0.000000e+00,0.000000e+00
1922,16,33029,1.101160e-05,4.580259e-03,1.639672e-02,0.000000e+00,0.000000e+00
1923,13,33042,2.854859e-05,4.533006e-03,1.348152e-02,0.000000e+00,0.000000e+00
1924,15,33057,5.029142e-07,4.615419e-03,1.530383e-02,0.000000e+00,0.000000e+00
1925,21,33078,8.166335e-06,4.542066e-03,1.159455e-02,0.000000e+00,0.000000e+00
1926,20,33098,1.573771e-06,4.616879e-03,1.348995e-02,0.000000e+00,0.000000e+00
1927,18,33116,1.485460e-06,4.449629e-03,1.310988e-02,0.000000e+00,0.000000e+00
1928,17,33133,2.324671e-06,4.572733e-03,1.726883e-02,0.000000e+00,0.000000e+00
1929,16,33149,1.396984e-07,4.539206e-03,1.565036e-02,0.000000e+00,0.000000e+00
1930,16,33165,2.036786e-06,4.541820e-03,1.681518e-02,0.000000e+00,0.000000e+00
1931,14,33179,1.479728e-05,4.601945e-03,1.257491e-02,0.000000e+00,0.000000e+00
1932,15,33194,1.176490e-05,4.643392e-03,1.317690e-02,0.000000e+00,0.000000e+00
1933,21,33215,8.348661e-07,4.541602e-03,1.307534e-02,0.000000e+00,0.000000e+00
1934,13,33228,1.967213e-06,4.678589e-03,1.401967e-02,0.000000e+00,0.000000e+00
1935,16,33244,5.122274e-06,4.557314e-03,1.265592e-02,0.000000e+00,0.000000e+00
1936,18,33262,4.433427e-06,4.612014e-03,1.427517e-02,0.000000e+00,0.000000e+00
1937,20,33282,1.122031e-05,4.495826e-03,1.323361e-02,0.000000e+00,0.000000e+00
1938,20,33302,5.417034e-06,4.731465e-03,1.487226e-02,0.000000e+00,0.000000e+00
1939,15,33317,1.804079e-06,4.653010e-03,1.189449e-02,0.000000e+00,0.000000e+00
1940,15,33332,4.749745e-07,4.672879e-03,1.487226e-02,0.000000e+00,0.000000e+00
1941,16,33348,8.912437e-06,4.622295e-03,1.282354e-02,0.000000e+00,0.000000e+00
1942,16,33364,5.085966e-06,4.741741e-03,1.409737e-02,0.000000e+00,0.000000e+00
1943,18,33382,1.331468e-06,4.605259e-03,1.487226e-02,0.000000e+00,0.000000e+00
1944,13,33395,5.159527e-06,4.616254e-03,1.487226e-02,0.000000e+00,0.000000e+00
1945,25,33420,7.986407e-06,4.579690e-03,1.418056e-02,0.000000e+00,0.000000e+00
1946,16,33436,1.211185e-05,4.651348e-03,1.310012e-02,0.000000e+00,0.000000e+00
1947,18,33454,1.170732e-05,4.524115e-03,1.303737e-02,0.000000e+00,0.000000e+00
1948,15,33469,4.500600e-06,4.630967e-03,1.487226e-02,0.000000e+00,0.000000e+00
1949,22,33491,6.482005e-06,4.524605e-03,1.449517e-02,0.000000e+00,0.000000e+00
1950,16,33507,1.178409e-05,4.665160e-03,1.443050e-02,0.000000e+00,0.000000e+00
1951,13,33520,6.798655e-06,4.524604e-03,1.401676e-02,0.000000e+00,0.000000e+00
1952,24,33544,4.805624e-06,4.666260e-03,1.619242e-02,0.000000e+00,0.000000e+00
1953,20,33564,5.512995e-06,4.619268e-03,1.252783e-02,0.000000e+00,0.000000e+00
1954,17,33581,2.178329e-06,4.688337e-03,1.613969e-02,0.000000e+00,0.000000e+00
1955,18,33599,1.624151e-06,4.594799e-03,1.237335e-02,0.000000e+00,0.000000e+00
1956,15,33614,4.649341e-06,4.635854e-03,1.317690e-02,0.000000e+00,0.000000e+00
1957,18,33632,1.137385e-05,4.475899e-03,1.514023e-02,0.000000e+00,0.000000e+00
1958,21,33653,4.942024e-06,4.579541e-03,1.642544e-02,0.000000e+00,0.000000e+00
1959,16,33669,1.703319e-06,4.424962e-03,1.881698e-02,0.000000e+00,0.000000e+00
1960,16,33685,8.163935e-06,4.609134e-03,1.498982e-02,0.000000e+00,0.000000e+00
1961,15,33700,5.109957e-06,4.524621e-03,1.406719e-02,0.000000e+00,0.000000e+00
1962,25,33725,1.294538e-06,4.605204e-03,1.332298e-02,0.000000e+00,0.000000e+00
1963,17,33742,1.071021e-06,4.520614e-03,1.292758e-02,0.000000e+00,0.000000e+00
1964,18,33760,5.955808e-06,4.628267e-03,1.394396e-02,0.000000e+00,0.000000e+00
1965,24,33784,1.160656e-05,4.528242e-03,1.605631e-02,0.000000e+00,0.000000e+00
1966,19,33803,5.066774e-06,4.650389e-03,1.610246e-02,0.000000e+00,0.000000e+00
1967,16,33819,2.005598e-06,4.558270e-03,1.335653e-02,0.000000e+00,0.000000e+00
HIST {'total_samples': 18815460, 'floor_samples': 193, 'floor_fraction': 1.0257522271578797e-05, 'saturation_depth': 4.6566128730773926e-09, 'boundaries': 1968, 'capped_boundaries': 0, 'unfinished_worlds': 0}
1968,16,33835,1.776730e-05,4.631914e-03,1.511119e-02,0.000000e+00,0.000000e+00
1969,24,33859,1.854458e-05,4.487756e-03,1.469781e-02,0.000000e+00,0.000000e+00
1970,17,33876,1.960016e-06,4.593883e-03,1.578791e-02,0.000000e+00,0.000000e+00
1971,18,33894,6.379560e-07,4.531721e-03,1.301875e-02,0.000000e+00,0.000000e+00
1972,19,33913,5.647341e-06,4.625444e-03,1.646716e-02,0.000000e+00,0.000000e+00
1973,18,33931,7.105991e-06,4.551380e-03,1.226486e-02,0.000000e+00,0.000000e+00
1974,16,33947,1.252299e-06,4.619233e-03,1.468639e-02,0.000000e+00,0.000000e+00
1975,19,33966,5.596962e-06,4.527824e-03,1.408169e-02,0.000000e+00,0.000000e+00
1976,18,33984,1.170732e-06,4.573214e-03,1.326966e-02,0.000000e+00,0.000000e+00
1977,14,33998,4.718913e-06,4.574743e-03,1.317690e-02,0.000000e+00,0.000000e+00
1978,15,34013,1.472051e-05,4.680679e-03,1.387002e-02,0.000000e+00,0.000000e+00
1979,18,34031,1.308508e-06,4.482314e-03,1.237053e-02,0.000000e+00,0.000000e+00
1980,27,34058,6.351620e-06,4.695166e-03,1.402850e-02,0.000000e+00,0.000000e+00
1981,15,34073,1.346227e-05,4.565513e-03,1.453945e-02,0.000000e+00,0.000000e+00
1982,22,34095,1.737385e-05,4.697770e-03,1.579818e-02,0.000000e+00,0.000000e+00
1983,15,34110,2.037734e-05,4.563744e-03,1.821472e-02,0.000000e+00,0.000000e+00
1984,14,34124,1.946930e-05,4.702216e-03,1.367879e-02,0.000000e+00,0.000000e+00
1985,22,34146,2.887100e-07,4.565074e-03,1.573855e-02,0.000000e+00,0.000000e+00
1986,21,34167,5.234033e-06,4.636987e-03,1.821472e-02,0.000000e+00,0.000000e+00
1987,20,34187,5.145557e-06,4.581905e-03,1.346667e-02,0.000000e+00,0.000000e+00
1988,28,34215,7.818473e-06,4.657528e-03,1.636220e-02,0.000000e+00,0.000000e+00
1989,25,34240,1.547381e-06,4.536437e-03,1.293059e-02,0.000000e+00,0.000000e+00
1990,16,34256,7.264316e-06,4.621774e-03,1.533871e-02,0.000000e+00,0.000000e+00
1991,17,34273,5.913898e-07,4.491973e-03,1.266935e-02,0.000000e+00,0.000000e+00
1992,20,34293,1.417833e-05,4.655270e-03,1.405703e-02,0.000000e+00,0.000000e+00
1993,20,34313,7.933627e-06,4.519798e-03,1.301389e-02,0.000000e+00,0.000000e+00
1994,15,34328,1.479728e-05,4.674581e-03,1.577150e-02,0.000000e+00,0.000000e+00
1995,17,34345,1.775290e-06,4.544885e-03,1.466180e-02,0.000000e+00,0.000000e+00
1996,17,34362,4.999601e-06,4.678282e-03,1.487226e-02,0.000000e+00,0.000000e+00
1997,14,34376,4.553379e-06,4.563002e-03,1.487226e-02,0.000000e+00,0.000000e+00
1998,18,34394,6.756745e-06,4.682828e-03,1.417358e-02,0.000000e+00,0.000000e+00
1999,23,34417,1.204666e-05,4.529089e-03,1.435038e-02,0.000000e+00,0.000000e+00
2000,15,34432,3.663575e-05,4.690049e-03,1.330930e-02,0.000000e+00,0.000000e+00
2001,16,34448,2.374873e-07,4.523964e-03,1.487226e-02,0.000000e+00,0.000000e+00
2002,19,34467,5.553779e-06,4.691895e-03,1.590847e-02,0.000000e+00,0.000000e+00
2003,16,34483,4.625350e-06,4.663029e-03,1.538070e-02,0.000000e+00,0.000000e+00
2004,14,34497,1.685086e-05,4.740982e-03,1.525738e-02,0.000000e+00,0.000000e+00
2005,14,34511,1.573771e-06,4.672882e-03,1.482147e-02,0.000000e+00,0.000000e+00
2006,15,34526,5.387701e-06,4.742878e-03,1.352227e-02,0.000000e+00,0.000000e+00
2007,15,34541,5.308539e-07,4.561317e-03,1.264350e-02,0.000000e+00,0.000000e+00
2008,17,34558,7.916835e-06,4.687679e-03,1.572508e-02,0.000000e+00,0.000000e+00
2009,18,34576,6.007031e-07,4.518743e-03,1.237894e-02,0.000000e+00,0.000000e+00
2010,15,34591,1.177929e-05,4.779043e-03,1.594405e-02,0.000000e+00,0.000000e+00
2011,16,34607,4.284686e-06,4.736394e-03,1.257835e-02,0.000000e+00,0.000000e+00
2012,15,34622,1.404159e-05,4.702153e-03,1.430224e-02,0.000000e+00,0.000000e+00
2013,17,34639,1.821201e-05,4.571994e-03,1.531659e-02,0.000000e+00,0.000000e+00
2014,14,34653,4.004687e-07,4.666451e-03,1.404126e-02,0.000000e+00,0.000000e+00
2015,19,34672,3.996802e-06,4.694114e-03,1.315978e-02,0.000000e+00,0.000000e+00
HIST {'total_samples': 19271355, 'floor_samples': 200, 'floor_fraction': 1.0378097440475774e-05, 'saturation_depth': 4.6566128730773926e-09, 'boundaries': 2016, 'capped_boundaries': 0, 'unfinished_worlds': 0}
2016,17,34689,1.588165e-06,4.716769e-03,1.587845e-02,0.000000e+00,0.000000e+00
2017,14,34703,9.546056e-07,4.548308e-03,1.240853e-02,0.000000e+00,0.000000e+00
2018,17,34720,2.095476e-07,4.690971e-03,1.496846e-02,0.000000e+00,0.000000e+00
2019,14,34734,1.170732e-06,4.601566e-03,1.271559e-02,0.000000e+00,0.000000e+00
2020,15,34749,5.662441e-06,4.630054e-03,1.295189e-02,0.000000e+00,0.000000e+00
2021,14,34763,1.680528e-05,4.739853e-03,1.447647e-02,0.000000e+00,0.000000e+00
2022,14,34777,4.467014e-06,4.722346e-03,1.516639e-02,0.000000e+00,0.000000e+00
2023,15,34792,1.420232e-05,4.655614e-03,1.538094e-02,0.000000e+00,0.000000e+00
2024,17,34809,7.338665e-06,4.741236e-03,1.401764e-02,0.000000e+00,0.000000e+00
2025,18,34827,2.095476e-07,4.644164e-03,1.779396e-02,0.000000e+00,0.000000e+00
2026,22,34849,7.792084e-06,4.762209e-03,1.572780e-02,0.000000e+00,0.000000e+00
2027,21,34870,2.221512e-06,4.583591e-03,1.334392e-02,0.000000e+00,0.000000e+00
2028,14,34884,1.410954e-06,4.685885e-03,1.442262e-02,0.000000e+00,0.000000e+00
2029,14,34898,1.597761e-06,4.658928e-03,1.209338e-02,0.000000e+00,0.000000e+00
2030,31,34929,1.475410e-06,4.751608e-03,1.379749e-02,0.000000e+00,0.000000e+00
2031,13,34942,4.200720e-06,4.634795e-03,1.323490e-02,0.000000e+00,0.000000e+00
2032,16,34958,2.375338e-05,4.749323e-03,1.810674e-02,0.000000e+00,0.000000e+00
2033,16,34974,2.414394e-05,4.711643e-03,1.821472e-02,0.000000e+00,0.000000e+00
2034,14,34988,1.799315e-05,4.704997e-03,1.650437e-02,0.000000e+00,0.000000e+00
2035,15,35003,1.028709e-05,4.579259e-03,1.718793e-02,0.000000e+00,0.000000e+00
2036,14,35017,1.050540e-05,4.807460e-03,1.365614e-02,0.000000e+00,0.000000e+00
2037,18,35035,1.084059e-05,4.639854e-03,1.230509e-02,0.000000e+00,0.000000e+00
2038,16,35051,3.654219e-05,4.665255e-03,1.643358e-02,0.000000e+00,0.000000e+00
2039,26,35077,5.215515e-06,4.691081e-03,1.251296e-02,0.000000e+00,0.000000e+00
2040,24,35101,1.885646e-06,4.816668e-03,1.254106e-02,0.000000e+00,0.000000e+00
2041,18,35119,6.700866e-06,4.765557e-03,1.581573e-02,0.000000e+00,0.000000e+00
2042,21,35140,8.027190e-06,4.822749e-03,1.510306e-02,0.000000e+00,0.000000e+00
2043,18,35158,1.354609e-05,4.344261e-03,1.318792e-02,0.000000e+00,0.000000e+00
2044,17,35175,4.748501e-05,4.480334e-03,1.451519e-02,0.000000e+00,0.000000e+00
2045,14,35189,7.630309e-06,4.327225e-03,1.286719e-02,0.000000e+00,0.000000e+00
2046,17,35206,1.103617e-06,4.551805e-03,1.410055e-02,0.000000e+00,0.000000e+00
2047,15,35221,2.439391e-06,4.441539e-03,1.239730e-02,0.000000e+00,0.000000e+00
2048,19,35240,7.167197e-06,4.578860e-03,1.329177e-02,0.000000e+00,0.000000e+00
2049,24,35264,9.881333e-06,4.469094e-03,1.569320e-02,0.000000e+00,0.000000e+00
2050,14,35278,4.889444e-07,4.568242e-03,1.685204e-02,0.000000e+00,0.000000e+00
2051,14,35292,1.659058e-06,4.440022e-03,1.405051e-02,0.000000e+00,0.000000e+00
2052,22,35314,1.369976e-05,4.502099e-03,1.896664e-02,0.000000e+00,0.000000e+00
2053,15,35329,6.891787e-07,4.432017e-03,1.380761e-02,0.000000e+00,0.000000e+00
2054,17,35346,2.328306e-06,4.551031e-03,1.809801e-02,0.000000e+00,0.000000e+00
2055,15,35361,7.116306e-06,4.435572e-03,1.485052e-02,0.000000e+00,0.000000e+00
2056,15,35376,2.301298e-05,4.491172e-03,1.487078e-02,0.000000e+00,0.000000e+00
2057,16,35392,1.394423e-06,4.411543e-03,1.530167e-02,0.000000e+00,0.000000e+00
2058,19,35411,8.894131e-07,4.497976e-03,1.425138e-02,0.000000e+00,0.000000e+00
2059,17,35428,1.944049e-06,4.414999e-03,1.370207e-02,0.000000e+00,0.000000e+00
2060,19,35447,6.407220e-06,4.548129e-03,1.594860e-02,0.000000e+00,0.000000e+00
2061,14,35461,5.940716e-06,4.410685e-03,1.595903e-02,0.000000e+00,0.000000e+00
2062,18,35479,1.228178e-06,4.549639e-03,1.621813e-02,0.000000e+00,0.000000e+00
2063,14,35493,1.145527e-06,4.397457e-03,1.594405e-02,0.000000e+00,0.000000e+00
HIST {'total_samples': 19717973, 'floor_samples': 206, 'floor_fraction': 1.0447321334703116e-05, 'saturation_depth': 4.6566128730773926e-09, 'boundaries': 2064, 'capped_boundaries': 0, 'unfinished_worlds': 0}
2064,14,35507,1.170162e-05,4.564947e-03,1.529500e-02,0.000000e+00,0.000000e+00
2065,16,35523,1.178983e-06,4.438200e-03,1.557302e-02,0.000000e+00,0.000000e+00
2066,13,35536,6.563286e-06,4.550459e-03,1.436617e-02,0.000000e+00,0.000000e+00
2067,21,35557,2.724383e-06,4.480546e-03,1.311618e-02,0.000000e+00,0.000000e+00
2068,21,35578,6.802476e-06,4.591239e-03,1.273066e-02,0.000000e+00,0.000000e+00
2069,21,35599,1.626996e-05,4.428310e-03,1.564132e-02,0.000000e+00,0.000000e+00
2070,20,35619,1.229874e-06,4.523854e-03,1.496264e-02,0.000000e+00,0.000000e+00
2071,21,35640,2.658224e-06,4.443302e-03,1.239497e-02,0.000000e+00,0.000000e+00
2072,16,35656,6.295259e-06,4.537445e-03,1.360074e-02,0.000000e+00,0.000000e+00
2073,15,35671,1.336448e-06,4.498114e-03,1.449459e-02,0.000000e+00,0.000000e+00
2074,17,35688,2.328306e-07,4.547450e-03,1.301519e-02,0.000000e+00,0.000000e+00
2075,20,35708,5.889824e-06,4.418167e-03,1.287975e-02,0.000000e+00,0.000000e+00
2076,23,35731,1.583248e-07,4.530914e-03,1.450814e-02,0.000000e+00,0.000000e+00
2077,26,35757,1.980352e-05,4.466739e-03,1.359102e-02,0.000000e+00,0.000000e+00
2078,16,35773,2.509914e-06,4.486387e-03,1.821472e-02,0.000000e+00,0.000000e+00
2079,15,35788,5.728668e-06,4.525742e-03,1.393574e-02,0.000000e+00,0.000000e+00
2080,18,35806,1.862645e-07,4.610206e-03,1.462862e-02,0.000000e+00,0.000000e+00
2081,14,35820,1.352013e-06,4.406619e-03,1.454835e-02,0.000000e+00,0.000000e+00
2082,15,35835,1.187125e-05,4.440113e-03,1.454139e-02,0.000000e+00,0.000000e+00
2083,17,35852,2.832951e-06,4.461410e-03,1.254683e-02,0.000000e+00,0.000000e+00
2084,24,35876,2.005119e-06,4.591319e-03,1.470682e-02,0.000000e+00,0.000000e+00
2085,17,35893,1.126435e-05,4.449586e-03,1.383944e-02,0.000000e+00,0.000000e+00
2086,18,35911,2.266373e-05,4.456743e-03,1.686914e-02,0.000000e+00,0.000000e+00
2087,15,35926,5.436892e-06,4.389459e-03,1.204102e-02,0.000000e+00,0.000000e+00
2088,19,35945,6.312222e-06,4.450327e-03,1.455692e-02,0.000000e+00,0.000000e+00
2089,16,35961,7.199428e-06,4.388887e-03,1.429955e-02,0.000000e+00,0.000000e+00
2090,15,35976,1.465436e-05,4.438398e-03,1.657923e-02,0.000000e+00,0.000000e+00
2091,15,35991,1.939299e-05,4.439810e-03,1.343275e-02,0.000000e+00,0.000000e+00
2092,15,36006,1.703164e-06,4.510978e-03,1.623546e-02,0.000000e+00,0.000000e+00
2093,16,36022,1.319684e-05,4.417401e-03,1.419317e-02,0.000000e+00,0.000000e+00
2094,23,36045,9.760261e-06,4.476805e-03,1.472347e-02,0.000000e+00,0.000000e+00
2095,15,36060,1.088250e-05,4.345767e-03,1.238261e-02,0.000000e+00,0.000000e+00
2096,16,36076,1.099253e-06,4.526263e-03,1.317690e-02,0.000000e+00,0.000000e+00
2097,17,36093,1.909211e-06,4.401337e-03,1.291931e-02,0.000000e+00,0.000000e+00
2098,16,36109,1.716735e-06,4.378810e-03,1.375597e-02,0.000000e+00,0.000000e+00
2099,15,36124,7.099342e-06,4.342706e-03,1.387860e-02,0.000000e+00,0.000000e+00
2100,26,36150,1.285855e-06,4.487146e-03,1.338343e-02,0.000000e+00,0.000000e+00
2101,14,36164,2.397661e-05,4.439330e-03,1.498487e-02,0.000000e+00,0.000000e+00
2102,14,36178,6.975506e-06,4.474415e-03,1.289112e-02,0.000000e+00,0.000000e+00
2103,18,36196,2.588673e-06,4.396101e-03,1.277759e-02,0.000000e+00,0.000000e+00
2104,20,36216,1.903336e-06,4.491494e-03,1.309304e-02,0.000000e+00,0.000000e+00
2105,16,36232,5.759203e-06,4.357663e-03,1.271673e-02,0.000000e+00,0.000000e+00
2106,15,36247,1.175590e-06,4.484200e-03,1.417508e-02,0.000000e+00,0.000000e+00
2107,30,36277,2.953394e-06,4.377418e-03,1.278519e-02,0.000000e+00,0.000000e+00
2108,17,36294,2.747402e-07,4.504430e-03,1.380424e-02,0.000000e+00,0.000000e+00
2109,21,36315,1.044630e-05,4.363972e-03,1.519811e-02,0.000000e+00,0.000000e+00
2110,15,36330,1.284158e-06,4.417499e-03,1.603958e-02,0.000000e+00,0.000000e+00
2111,16,36346,1.115538e-05,4.361686e-03,1.691323e-02,0.000000e+00,0.000000e+00
HIST {'total_samples': 20162980, 'floor_samples': 211, 'floor_fraction': 1.0464722972497121e-05, 'saturation_depth': 4.6566128730773926e-09, 'boundaries': 2112, 'capped_boundaries': 0, 'unfinished_worlds': 0}
2112,17,36363,1.005443e-05,4.513182e-03,1.408337e-02,0.000000e+00,0.000000e+00
2113,15,36378,6.788905e-06,4.420908e-03,1.272498e-02,0.000000e+00,0.000000e+00
2114,14,36392,6.003482e-06,4.480301e-03,1.402898e-02,0.000000e+00,0.000000e+00
2115,17,36409,1.994941e-06,4.403911e-03,1.297172e-02,0.000000e+00,0.000000e+00
2116,21,36430,6.525966e-06,4.519054e-03,1.372602e-02,0.000000e+00,0.000000e+00
2117,20,36450,1.857025e-05,4.322689e-03,1.287975e-02,0.000000e+00,0.000000e+00
2118,17,36467,3.051784e-06,4.512265e-03,1.449459e-02,0.000000e+00,0.000000e+00
2119,15,36482,1.852445e-06,4.414013e-03,1.287975e-02,0.000000e+00,0.000000e+00
2120,16,36498,1.941808e-06,4.501011e-03,1.549990e-02,0.000000e+00,0.000000e+00
2121,20,36518,2.727776e-06,4.388290e-03,1.287975e-02,0.000000e+00,0.000000e+00
2122,21,36539,5.743936e-06,4.522748e-03,1.570348e-02,0.000000e+00,0.000000e+00
2123,14,36553,2.520818e-06,4.426387e-03,1.428442e-02,0.000000e+00,0.000000e+00
2124,13,36566,9.424984e-06,4.513204e-03,1.432281e-02,0.000000e+00,0.000000e+00
2125,16,36582,1.686200e-06,4.428770e-03,1.851745e-02,0.000000e+00,0.000000e+00
2126,15,36597,7.287640e-06,4.543327e-03,1.379727e-02,0.000000e+00,0.000000e+00
2127,16,36613,1.380852e-06,4.525022e-03,1.328484e-02,0.000000e+00,0.000000e+00
2128,17,36630,1.412065e-05,4.508693e-03,1.385631e-02,0.000000e+00,0.000000e+00
2129,15,36645,1.426654e-06,4.402352e-03,1.271633e-02,0.000000e+00,0.000000e+00
2130,16,36661,5.852504e-06,4.456453e-03,1.411677e-02,0.000000e+00,0.000000e+00
2131,13,36674,9.950953e-06,4.437665e-03,1.368283e-02,0.000000e+00,0.000000e+00
2132,16,36690,2.160668e-06,4.473426e-03,1.282552e-02,0.000000e+00,0.000000e+00
2133,17,36707,1.815803e-05,4.393557e-03,1.210740e-02,0.000000e+00,0.000000e+00
2134,18,36725,2.951698e-06,4.564900e-03,1.295584e-02,0.000000e+00,0.000000e+00
2135,16,36741,2.140829e-06,4.384363e-03,1.462654e-02,0.000000e+00,0.000000e+00
2136,15,36756,1.117587e-07,4.529105e-03,1.782387e-02,0.000000e+00,0.000000e+00
2137,14,36770,1.628523e-06,4.467188e-03,1.385590e-02,0.000000e+00,0.000000e+00
2138,19,36789,6.585339e-06,4.523017e-03,1.378942e-02,0.000000e+00,0.000000e+00
2139,12,36801,1.435136e-06,4.408942e-03,1.287975e-02,0.000000e+00,0.000000e+00
2140,25,36826,2.360903e-06,4.479618e-03,1.449459e-02,0.000000e+00,0.000000e+00
2141,20,36846,6.215529e-06,4.337362e-03,1.310006e-02,0.000000e+00,0.000000e+00
2142,15,36861,1.378823e-05,4.542962e-03,1.449459e-02,0.000000e+00,0.000000e+00
2143,23,36884,1.776108e-06,4.399841e-03,1.331388e-02,0.000000e+00,0.000000e+00
2144,17,36901,1.204428e-06,4.595993e-03,1.911087e-02,0.000000e+00,0.000000e+00
2145,23,36924,2.343037e-05,4.446433e-03,1.398974e-02,0.000000e+00,0.000000e+00
2146,16,36940,1.141153e-05,4.519652e-03,1.324822e-02,0.000000e+00,0.000000e+00
2147,14,36954,1.779501e-06,4.443982e-03,1.398910e-02,0.000000e+00,0.000000e+00
2148,13,36967,1.516562e-06,4.567567e-03,1.523940e-02,0.000000e+00,0.000000e+00
2149,21,36988,2.127258e-06,4.468286e-03,1.594405e-02,0.000000e+00,0.000000e+00
2150,15,37003,1.781197e-06,4.480542e-03,1.370836e-02,0.000000e+00,0.000000e+00
2151,21,37024,1.103617e-06,4.437203e-03,1.208428e-02,0.000000e+00,0.000000e+00
2152,18,37042,1.027157e-05,4.526792e-03,1.390154e-02,0.000000e+00,0.000000e+00
2153,15,37057,1.112930e-06,4.342415e-03,1.440689e-02,0.000000e+00,0.000000e+00
2154,14,37071,1.341105e-06,4.546591e-03,1.470784e-02,0.000000e+00,0.000000e+00
2155,16,37087,5.348680e-06,4.406692e-03,1.295050e-02,0.000000e+00,0.000000e+00
2156,18,37105,1.399312e-05,4.548069e-03,1.454021e-02,0.000000e+00,0.000000e+00
2157,17,37122,3.070444e-06,4.412012e-03,1.589533e-02,0.000000e+00,0.000000e+00
2158,18,37140,1.101628e-05,4.580266e-03,1.453338e-02,0.000000e+00,0.000000e+00
2159,15,37155,2.926252e-06,4.404657e-03,1.509486e-02,0.000000e+00,0.000000e+00
HIST {'total_samples': 20608025, 'floor_samples': 213, 'floor_fraction': 1.0335779386913593e-05, 'saturation_depth': 4.6566128730773926e-09, 'boundaries': 2160, 'capped_boundaries': 0, 'unfinished_worlds': 0}
2160,16,37171,1.342967e-05,4.402015e-03,1.521369e-02,0.000000e+00,0.000000e+00
2161,13,37184,1.182376e-06,4.444221e-03,1.243765e-02,0.000000e+00,0.000000e+00
2162,19,37203,5.501354e-06,4.487084e-03,1.537633e-02,0.000000e+00,0.000000e+00
2163,17,37220,2.386804e-06,4.425033e-03,1.511377e-02,0.000000e+00,0.000000e+00
2164,24,37244,1.021661e-05,4.501015e-03,1.318838e-02,0.000000e+00,0.000000e+00
2165,14,37258,1.465840e-05,4.496481e-03,1.449459e-02,0.000000e+00,0.000000e+00
2166,16,37274,1.545400e-06,4.487175e-03,1.538674e-02,0.000000e+00,0.000000e+00
2167,16,37290,5.029142e-07,4.457587e-03,1.871486e-02,0.000000e+00,0.000000e+00
2168,14,37304,5.233326e-06,4.467568e-03,1.365333e-02,0.000000e+00,0.000000e+00
2169,16,37320,2.849847e-06,4.363619e-03,1.432652e-02,0.000000e+00,0.000000e+00
2170,14,37334,1.670932e-06,4.494630e-03,1.636739e-02,0.000000e+00,0.000000e+00
2171,15,37349,9.597279e-06,4.467524e-03,1.414220e-02,0.000000e+00,0.000000e+00
2172,17,37366,7.063718e-06,4.485923e-03,1.431247e-02,0.000000e+00,0.000000e+00
2173,17,37383,2.622600e-06,4.416581e-03,1.463369e-02,0.000000e+00,0.000000e+00
2174,21,37404,1.709949e-06,4.474302e-03,1.609706e-02,0.000000e+00,0.000000e+00
2175,15,37419,3.634660e-05,4.484897e-03,1.379987e-02,0.000000e+00,0.000000e+00
2176,18,37437,1.818517e-06,4.432597e-03,1.457861e-02,0.000000e+00,0.000000e+00
2177,19,37456,7.111216e-06,4.405030e-03,1.276490e-02,0.000000e+00,0.000000e+00
2178,17,37473,5.995000e-06,4.562736e-03,1.304364e-02,0.000000e+00,0.000000e+00
2179,21,37494,1.540311e-06,4.422614e-03,1.293593e-02,0.000000e+00,0.000000e+00
2180,16,37510,1.752358e-06,4.463835e-03,1.317690e-02,0.000000e+00,0.000000e+00
2181,16,37526,1.928782e-06,4.369205e-03,1.411389e-02,0.000000e+00,0.000000e+00
2182,16,37542,1.032837e-05,4.488922e-03,1.573869e-02,0.000000e+00,0.000000e+00
2183,16,37558,2.294691e-05,4.357703e-03,1.496342e-02,0.000000e+00,0.000000e+00
2184,19,37577,1.178123e-06,4.538788e-03,1.507291e-02,0.000000e+00,0.000000e+00
2185,23,37600,2.778667e-06,4.337121e-03,1.368285e-02,0.000000e+00,0.000000e+00
2186,18,37618,1.195353e-05,4.508387e-03,1.483017e-02,0.000000e+00,0.000000e+00
2187,18,37636,2.929645e-06,4.527993e-03,1.277170e-02,0.000000e+00,0.000000e+00
2188,16,37652,5.645546e-06,4.476695e-03,1.520246e-02,0.000000e+00,0.000000e+00
2189,15,37667,1.134538e-05,4.420426e-03,1.448602e-02,0.000000e+00,0.000000e+00
2190,15,37682,1.096539e-05,4.520456e-03,1.940393e-02,0.000000e+00,0.000000e+00
2191,14,37696,1.110788e-05,4.388863e-03,1.505454e-02,0.000000e+00,0.000000e+00
2192,17,37713,1.490116e-07,4.569845e-03,1.592208e-02,0.000000e+00,0.000000e+00
2193,15,37728,5.445374e-06,4.433475e-03,1.540240e-02,0.000000e+00,0.000000e+00
2194,13,37741,2.547167e-06,4.410086e-03,1.449459e-02,0.000000e+00,0.000000e+00
2195,16,37757,2.636172e-06,4.323916e-03,1.320450e-02,0.000000e+00,0.000000e+00
2196,18,37775,6.229100e-06,4.511212e-03,1.499404e-02,0.000000e+00,0.000000e+00
2197,20,37795,6.946668e-06,4.428977e-03,1.326585e-02,0.000000e+00,0.000000e+00
2198,18,37813,6.162941e-06,4.461805e-03,1.477321e-02,0.000000e+00,0.000000e+00
2199,23,37836,1.267194e-06,4.384514e-03,1.222351e-02,0.000000e+00,0.000000e+00
2200,18,37854,5.689652e-06,4.558402e-03,1.617196e-02,0.000000e+00,0.000000e+00
2201,15,37869,1.648879e-06,4.379649e-03,1.371755e-02,0.000000e+00,0.000000e+00
2202,17,37886,5.672688e-06,4.549027e-03,1.430344e-02,0.000000e+00,0.000000e+00
2203,28,37914,3.036517e-06,4.474693e-03,1.285593e-02,0.000000e+00,0.000000e+00
2204,25,37939,6.162941e-06,4.528665e-03,1.293316e-02,0.000000e+00,0.000000e+00
2205,18,37957,2.775341e-06,4.365094e-03,1.253365e-02,0.000000e+00,0.000000e+00
2206,15,37972,1.880435e-05,4.418077e-03,1.401157e-02,0.000000e+00,0.000000e+00
2207,15,37987,2.034940e-06,4.404446e-03,1.372080e-02,0.000000e+00,0.000000e+00
HIST {'total_samples': 21053973, 'floor_samples': 215, 'floor_fraction': 1.0211849326490539e-05, 'saturation_depth': 4.6566128730773926e-09, 'boundaries': 2208, 'capped_boundaries': 0, 'unfinished_worlds': 0}
2208,18,38005,3.012767e-06,4.574521e-03,1.317690e-02,0.000000e+00,0.000000e+00
2209,15,38020,5.891521e-06,4.514844e-03,1.345292e-02,0.000000e+00,0.000000e+00
2210,14,38034,2.303681e-06,4.522134e-03,1.839557e-02,0.000000e+00,0.000000e+00
2211,20,38054,1.872971e-05,4.388934e-03,1.693595e-02,0.000000e+00,0.000000e+00
2212,17,38071,1.017936e-05,4.404576e-03,1.430323e-02,0.000000e+00,0.000000e+00
2213,26,38097,5.740543e-06,4.438873e-03,1.394364e-02,0.000000e+00,0.000000e+00
2214,15,38112,1.172197e-06,4.437876e-03,1.706228e-02,0.000000e+00,0.000000e+00
2215,16,38128,3.542376e-05,4.419140e-03,1.363651e-02,0.000000e+00,0.000000e+00
2216,17,38145,5.681170e-06,4.446379e-03,1.514053e-02,0.000000e+00,0.000000e+00
2217,14,38159,9.830511e-06,4.315490e-03,1.267154e-02,0.000000e+00,0.000000e+00
2218,14,38173,1.021389e-05,4.586314e-03,1.357865e-02,0.000000e+00,0.000000e+00
2219,17,38190,2.851611e-06,4.519414e-03,1.262347e-02,0.000000e+00,0.000000e+00
2220,15,38205,1.933871e-05,4.582508e-03,1.479778e-02,0.000000e+00,0.000000e+00
2221,18,38223,1.794768e-06,4.408082e-03,1.295049e-02,0.000000e+00,0.000000e+00
2222,14,38237,1.906729e-06,4.433702e-03,1.349778e-02,0.000000e+00,0.000000e+00
2223,19,38256,1.355406e-06,4.363231e-03,1.270677e-02,0.000000e+00,0.000000e+00
2224,16,38272,1.164153e-06,4.428330e-03,1.821472e-02,0.000000e+00,0.000000e+00
2225,20,38292,1.212910e-06,4.383493e-03,1.386490e-02,0.000000e+00,0.000000e+00
2226,17,38309,1.326398e-05,4.491366e-03,1.510694e-02,0.000000e+00,0.000000e+00
2227,19,38328,1.564622e-06,4.383659e-03,1.268423e-02,0.000000e+00,0.000000e+00
2228,18,38346,1.089075e-06,4.399925e-03,1.445468e-02,0.000000e+00,0.000000e+00
2229,18,38364,1.430386e-05,4.434766e-03,1.594405e-02,0.000000e+00,0.000000e+00
2230,14,38378,2.863486e-06,4.496452e-03,1.500966e-02,0.000000e+00,0.000000e+00
2231,16,38394,9.516681e-06,4.451906e-03,1.656493e-02,0.000000e+00,0.000000e+00
2232,17,38411,1.676381e-06,4.465273e-03,1.302109e-02,0.000000e+00,0.000000e+00
2233,16,38427,2.793968e-07,4.455221e-03,1.287975e-02,0.000000e+00,0.000000e+00
2234,15,38442,1.039371e-05,4.546216e-03,1.411878e-02,0.000000e+00,0.000000e+00
2235,14,38456,2.902503e-06,4.364284e-03,1.287975e-02,0.000000e+00,0.000000e+00
2236,15,38471,9.279188e-06,4.626257e-03,1.525816e-02,0.000000e+00,0.000000e+00
2237,17,38488,6.028927e-06,4.398490e-03,1.304422e-02,0.000000e+00,0.000000e+00
2238,17,38505,1.154374e-05,4.532075e-03,1.747275e-02,0.000000e+00,0.000000e+00
2239,14,38519,1.242384e-05,4.373624e-03,1.405624e-02,0.000000e+00,0.000000e+00
2240,15,38534,6.891787e-07,4.551210e-03,1.607611e-02,0.000000e+00,0.000000e+00
2241,16,38550,6.865242e-06,4.553659e-03,1.564019e-02,0.000000e+00,0.000000e+00
2242,14,38564,5.308539e-07,4.576428e-03,1.317690e-02,0.000000e+00,0.000000e+00
2243,17,38581,1.815125e-06,4.446643e-03,1.250034e-02,0.000000e+00,0.000000e+00
2244,18,38599,2.318993e-06,4.515915e-03,2.032555e-02,0.000000e+00,0.000000e+00
2245,19,38618,1.439716e-05,4.442989e-03,1.263609e-02,0.000000e+00,0.000000e+00
2246,15,38633,9.052455e-06,4.506121e-03,1.392241e-02,0.000000e+00,0.000000e+00
2247,28,38661,9.827118e-06,4.419608e-03,1.811524e-02,0.000000e+00,0.000000e+00
2248,21,38682,1.781197e-06,4.493301e-03,1.457663e-02,0.000000e+00,0.000000e+00
2249,17,38699,1.065495e-05,4.379010e-03,1.256042e-02,0.000000e+00,0.000000e+00
2250,27,38726,8.614734e-07,4.427706e-03,1.264014e-02,0.000000e+00,0.000000e+00
2251,21,38747,5.706615e-06,4.427298e-03,1.378508e-02,0.000000e+00,0.000000e+00
2252,20,38767,2.673492e-06,4.514317e-03,1.537899e-02,0.000000e+00,0.000000e+00
2253,17,38784,2.598851e-06,4.420440e-03,1.328102e-02,0.000000e+00,0.000000e+00
2254,16,38800,1.099083e-05,4.534349e-03,1.388417e-02,0.000000e+00,0.000000e+00
2255,14,38814,9.428469e-06,4.426495e-03,1.386692e-02,0.000000e+00,0.000000e+00
HIST {'total_samples': 21500740, 'floor_samples': 219, 'floor_fraction': 1.0185695934186452e-05, 'saturation_depth': 4.6566128730773926e-09, 'boundaries': 2256, 'capped_boundaries': 0, 'unfinished_worlds': 0}
2256,17,38831,8.409843e-06,4.568843e-03,1.351309e-02,0.000000e+00,0.000000e+00
2257,17,38848,1.769513e-07,4.394883e-03,1.281784e-02,0.000000e+00,0.000000e+00
2258,17,38865,6.525966e-06,4.561111e-03,1.796746e-02,0.000000e+00,0.000000e+00
2259,16,38881,6.999256e-06,4.421498e-03,1.153767e-02,0.000000e+00,0.000000e+00
2260,14,38895,7.078052e-07,4.467248e-03,1.613107e-02,0.000000e+00,0.000000e+00
2261,19,38914,3.066712e-05,4.487345e-03,1.315877e-02,0.000000e+00,0.000000e+00
2262,18,38932,1.767626e-06,4.464776e-03,1.314897e-02,0.000000e+00,0.000000e+00
2263,14,38946,8.423813e-06,4.352429e-03,1.239389e-02,0.000000e+00,0.000000e+00
2264,15,38961,1.016979e-05,4.509830e-03,1.347285e-02,0.000000e+00,0.000000e+00
2265,14,38975,1.862623e-06,4.479272e-03,1.408107e-02,0.000000e+00,0.000000e+00
2266,14,38989,4.431698e-05,4.578440e-03,1.369567e-02,0.000000e+00,0.000000e+00
2267,19,39008,1.318753e-05,4.433943e-03,1.255994e-02,0.000000e+00,0.000000e+00
2268,18,39026,1.352013e-05,4.564320e-03,1.480613e-02,0.000000e+00,0.000000e+00
2269,14,39040,1.247972e-05,4.421208e-03,1.328366e-02,0.000000e+00,0.000000e+00
2270,18,39058,6.053597e-07,4.445864e-03,1.496647e-02,0.000000e+00,0.000000e+00
2271,16,39074,1.084991e-06,4.383042e-03,1.325761e-02,0.000000e+00,0.000000e+00
2272,23,39097,1.433948e-05,4.492851e-03,1.583737e-02,0.000000e+00,0.000000e+00
2273,17,39114,2.751525e-06,4.454259e-03,1.333344e-02,0.000000e+00,0.000000e+00
2274,16,39130,1.296033e-06,4.590507e-03,1.448465e-02,0.000000e+00,0.000000e+00
2275,15,39145,4.423782e-07,4.476256e-03,1.429845e-02,0.000000e+00,0.000000e+00
2276,15,39160,2.227344e-06,4.568837e-03,1.947235e-02,0.000000e+00,0.000000e+00
2277,14,39174,6.327490e-06,4.462167e-03,1.638725e-02,0.000000e+00,0.000000e+00
2278,14,39188,5.401671e-07,4.590278e-03,1.557093e-02,0.000000e+00,0.000000e+00
2279,18,39206,9.603196e-06,4.493747e-03,1.514078e-02,0.000000e+00,0.000000e+00
2280,15,39221,2.216548e-06,4.672705e-03,1.619399e-02,0.000000e+00,0.000000e+00
2281,23,39244,5.492872e-06,4.477357e-03,1.327953e-02,0.000000e+00,0.000000e+00
2282,13,39257,2.980232e-07,4.517850e-03,1.578247e-02,0.000000e+00,0.000000e+00
2283,18,39275,2.449378e-06,4.406647e-03,1.308065e-02,0.000000e+00,0.000000e+00
2284,13,39288,1.697735e-05,4.495944e-03,1.375752e-02,0.000000e+00,0.000000e+00
2285,16,39304,2.376626e-06,4.463763e-03,1.208339e-02,0.000000e+00,0.000000e+00
2286,15,39319,1.040753e-05,4.502441e-03,1.590432e-02,0.000000e+00,0.000000e+00
2287,18,39337,1.482804e-05,4.399493e-03,1.389205e-02,0.000000e+00,0.000000e+00
2288,18,39355,1.751680e-05,4.576049e-03,1.490505e-02,0.000000e+00,0.000000e+00
2289,21,39376,2.510639e-06,4.552998e-03,1.387686e-02,0.000000e+00,0.000000e+00
2290,25,39401,1.053451e-06,4.599923e-03,1.594405e-02,0.000000e+00,0.000000e+00
2291,22,39423,6.585339e-06,4.408956e-03,1.292629e-02,0.000000e+00,0.000000e+00
2292,15,39438,8.740462e-06,4.537487e-03,1.688949e-02,0.000000e+00,0.000000e+00
2293,19,39457,2.008512e-06,4.413460e-03,1.300555e-02,0.000000e+00,0.000000e+00
2294,16,39473,1.345761e-06,4.572719e-03,1.625328e-02,0.000000e+00,0.000000e+00
2295,18,39491,5.771078e-06,4.354422e-03,1.457647e-02,0.000000e+00,0.000000e+00
2296,16,39507,1.022916e-06,4.539740e-03,1.495525e-02,0.000000e+00,0.000000e+00
2297,17,39524,1.275676e-06,4.518218e-03,1.459733e-02,0.000000e+00,0.000000e+00
2298,16,39540,1.076609e-05,4.681914e-03,1.474176e-02,0.000000e+00,0.000000e+00
2299,14,39554,1.240522e-05,4.481732e-03,1.247960e-02,0.000000e+00,0.000000e+00
2300,18,39572,9.849171e-06,4.542653e-03,1.594405e-02,0.000000e+00,0.000000e+00
2301,13,39585,6.615875e-06,4.456840e-03,1.252472e-02,0.000000e+00,0.000000e+00
2302,15,39600,1.368298e-05,4.594378e-03,1.564085e-02,0.000000e+00,0.000000e+00
2303,15,39615,8.703209e-06,4.439350e-03,1.439048e-02,0.000000e+00,0.000000e+00
HIST {'total_samples': 21942159, 'floor_samples': 225, 'floor_fraction': 1.0254232502827092e-05, 'saturation_depth': 4.6566128730773926e-09, 'boundaries': 2304, 'capped_boundaries': 0, 'unfinished_worlds': 0}
2304,14,39629,5.536978e-06,4.575335e-03,1.456064e-02,0.000000e+00,0.000000e+00
2305,16,39645,1.014434e-06,4.503010e-03,1.432327e-02,0.000000e+00,0.000000e+00
2306,21,39666,1.396984e-06,4.516765e-03,1.758268e-02,0.000000e+00,0.000000e+00
2307,14,39680,1.330130e-05,4.548061e-03,1.344918e-02,0.000000e+00,0.000000e+00
2308,34,39714,1.509776e-06,4.523546e-03,1.532598e-02,0.000000e+00,0.000000e+00
2309,16,39730,9.394541e-06,4.450756e-03,1.430729e-02,0.000000e+00,0.000000e+00
2310,13,39743,5.806702e-06,4.517352e-03,1.524269e-02,0.000000e+00,0.000000e+00
2311,13,39756,2.098420e-06,4.401978e-03,1.310071e-02,0.000000e+00,0.000000e+00
2312,13,39769,6.770244e-06,4.651017e-03,1.826759e-02,0.000000e+00,0.000000e+00
2313,20,39789,6.007031e-07,4.517165e-03,1.440760e-02,0.000000e+00,0.000000e+00
2314,20,39809,2.452963e-06,4.550040e-03,1.546473e-02,0.000000e+00,0.000000e+00
2315,14,39823,1.308416e-05,4.535836e-03,1.471251e-02,0.000000e+00,0.000000e+00
2316,14,39837,9.173527e-07,4.557616e-03,1.404063e-02,0.000000e+00,0.000000e+00
2317,17,39854,6.161245e-06,4.499571e-03,1.453155e-02,0.000000e+00,0.000000e+00
2318,18,39872,5.075708e-07,4.537312e-03,1.421773e-02,0.000000e+00,0.000000e+00
2319,16,39888,5.557334e-06,4.451323e-03,1.421566e-02,0.000000e+00,0.000000e+00
2320,19,39907,5.143418e-06,4.514874e-03,1.278102e-02,0.000000e+00,0.000000e+00
2321,17,39924,1.033094e-06,4.542557e-03,1.592381e-02,0.000000e+00,0.000000e+00
2322,16,39940,1.294538e-06,4.422341e-03,1.316545e-02,0.000000e+00,0.000000e+00
2323,20,39960,2.068467e-05,4.447578e-03,1.348783e-02,0.000000e+00,0.000000e+00
2324,18,39978,1.772715e-06,4.541538e-03,1.821472e-02,0.000000e+00,0.000000e+00
2325,21,39999,6.800779e-06,4.450387e-03,1.249950e-02,0.000000e+00,0.000000e+00
2326,18,40017,2.866879e-06,4.497078e-03,1.510719e-02,0.000000e+00,0.000000e+00
2327,17,40034,1.047344e-05,4.434420e-03,1.434929e-02,0.000000e+00,0.000000e+00
2328,16,40050,2.439391e-06,4.595430e-03,1.403815e-02,0.000000e+00,0.000000e+00
2329,16,40066,8.484349e-06,4.457372e-03,1.299608e-02,0.000000e+00,0.000000e+00
2330,15,40081,1.604774e-06,4.530404e-03,1.348919e-02,0.000000e+00,0.000000e+00
2331,15,40096,9.872920e-07,4.503296e-03,1.217550e-02,0.000000e+00,0.000000e+00
2332,16,40112,1.117587e-07,4.521390e-03,1.317690e-02,0.000000e+00,0.000000e+00
2333,17,40129,2.883843e-06,4.449870e-03,1.625394e-02,0.000000e+00,0.000000e+00
2334,16,40145,4.610047e-07,4.648103e-03,1.730326e-02,0.000000e+00,0.000000e+00
2335,17,40162,5.784649e-06,4.445916e-03,1.354825e-02,0.000000e+00,0.000000e+00
2336,15,40177,1.067022e-06,4.602925e-03,1.550169e-02,0.000000e+00,0.000000e+00
2337,25,40202,9.822029e-07,4.377979e-03,1.251149e-02,0.000000e+00,0.000000e+00
2338,15,40217,8.540228e-06,4.585019e-03,1.315059e-02,0.000000e+00,0.000000e+00
2339,18,40235,1.724877e-05,4.443113e-03,1.287975e-02,0.000000e+00,0.000000e+00
2340,25,40260,4.703179e-07,4.608680e-03,1.421047e-02,0.000000e+00,0.000000e+00
2341,19,40279,1.266599e-06,4.511692e-03,1.477781e-02,0.000000e+00,0.000000e+00
2342,16,40295,1.794768e-06,4.633745e-03,1.279315e-02,0.000000e+00,0.000000e+00
2343,16,40311,4.936460e-06,4.516882e-03,1.276496e-02,0.000000e+00,0.000000e+00
2344,15,40326,1.033094e-05,4.605509e-03,1.442832e-02,0.000000e+00,0.000000e+00
2345,18,40344,1.611559e-06,4.514911e-03,1.269137e-02,0.000000e+00,0.000000e+00
2346,25,40369,5.867332e-07,4.671170e-03,1.317690e-02,0.000000e+00,0.000000e+00
2347,20,40389,1.377459e-06,4.582539e-03,1.317369e-02,0.000000e+00,0.000000e+00
2348,19,40408,4.868605e-06,4.563204e-03,1.391648e-02,0.000000e+00,0.000000e+00
2349,14,40422,6.139192e-06,4.458722e-03,1.594244e-02,0.000000e+00,0.000000e+00
2350,13,40435,1.052395e-06,4.547405e-03,1.275734e-02,0.000000e+00,0.000000e+00
2351,17,40452,9.615906e-06,4.567424e-03,1.242394e-02,0.000000e+00,0.000000e+00
HIST {'total_samples': 22381541, 'floor_samples': 234, 'floor_fraction': 1.0455044181274203e-05, 'saturation_depth': 4.6566128730773926e-09, 'boundaries': 2352, 'capped_boundaries': 0, 'unfinished_worlds': 0}
2352,18,40470,3.958121e-07,4.726164e-03,1.517195e-02,0.000000e+00,0.000000e+00
2353,17,40487,4.911014e-06,4.539774e-03,1.334486e-02,0.000000e+00,0.000000e+00
2354,16,40503,6.239861e-07,4.607341e-03,1.487123e-02,0.000000e+00,0.000000e+00
2355,17,40520,1.021220e-06,4.492863e-03,1.290136e-02,0.000000e+00,0.000000e+00
2356,16,40536,1.111128e-06,4.543691e-03,1.317690e-02,0.000000e+00,0.000000e+00
2357,14,40550,9.045088e-06,4.418658e-03,1.202715e-02,0.000000e+00,0.000000e+00
2358,18,40568,2.863486e-06,4.561010e-03,1.345201e-02,0.000000e+00,0.000000e+00
2359,15,40583,2.805809e-06,4.520525e-03,1.328581e-02,0.000000e+00,0.000000e+00
2360,19,40602,9.299256e-06,4.555971e-03,1.424672e-02,0.000000e+00,0.000000e+00
2361,17,40619,9.011160e-06,4.526841e-03,1.315708e-02,0.000000e+00,0.000000e+00
2362,16,40635,6.042498e-06,4.564723e-03,1.410261e-02,0.000000e+00,0.000000e+00
2363,22,40657,5.850808e-06,4.429550e-03,1.689398e-02,0.000000e+00,0.000000e+00
2364,23,40680,2.011657e-05,4.604274e-03,1.466017e-02,0.000000e+00,0.000000e+00
2365,17,40697,1.891461e-06,4.510652e-03,1.582333e-02,0.000000e+00,0.000000e+00
2366,23,40720,2.033448e-05,4.525887e-03,1.495648e-02,0.000000e+00,0.000000e+00
2367,19,40739,8.335337e-07,4.579833e-03,1.278051e-02,0.000000e+00,0.000000e+00
2368,16,40755,1.469063e-06,4.630129e-03,1.633169e-02,0.000000e+00,0.000000e+00
2369,18,40773,2.286718e-06,4.445703e-03,1.380084e-02,0.000000e+00,0.000000e+00
2370,17,40790,1.618345e-06,4.536417e-03,1.556399e-02,0.000000e+00,0.000000e+00
2371,24,40814,6.225707e-06,4.537069e-03,1.346840e-02,0.000000e+00,0.000000e+00
2372,15,40829,5.516621e-06,4.582033e-03,1.338262e-02,0.000000e+00,0.000000e+00
2373,18,40847,1.639128e-06,4.490861e-03,1.296558e-02,0.000000e+00,0.000000e+00
2374,13,40860,1.681111e-06,4.630419e-03,1.418359e-02,0.000000e+00,0.000000e+00
2375,26,40886,4.190952e-07,4.516650e-03,1.398741e-02,0.000000e+00,0.000000e+00
2376,21,40907,2.395286e-06,4.548408e-03,1.605661e-02,0.000000e+00,0.000000e+00
2377,15,40922,5.886432e-06,4.516440e-03,1.415682e-02,0.000000e+00,0.000000e+00
2378,17,40939,4.097819e-07,4.638830e-03,1.657568e-02,0.000000e+00,0.000000e+00
2379,16,40955,7.124618e-07,4.484198e-03,1.246593e-02,0.000000e+00,0.000000e+00
2380,23,40978,6.007031e-07,4.537480e-03,1.358367e-02,0.000000e+00,0.000000e+00
2381,18,40996,2.293503e-06,4.522203e-03,1.331603e-02,0.000000e+00,0.000000e+00
2382,17,41013,5.696437e-06,4.640441e-03,1.358456e-02,0.000000e+00,0.000000e+00
2383,15,41028,1.555309e-06,4.538198e-03,1.621381e-02,0.000000e+00,0.000000e+00
2384,13,41041,1.620041e-06,4.704741e-03,1.688093e-02,0.000000e+00,0.000000e+00
2385,18,41059,1.750662e-06,4.546265e-03,1.341461e-02,0.000000e+00,0.000000e+00
2386,16,41075,1.746230e-06,4.618906e-03,1.403050e-02,0.000000e+00,0.000000e+00
2387,17,41092,1.211214e-06,4.434517e-03,1.252473e-02,0.000000e+00,0.000000e+00
2388,16,41108,1.069624e-05,4.576262e-03,1.842969e-02,0.000000e+00,0.000000e+00
2389,16,41124,1.421395e-05,4.520447e-03,1.317690e-02,0.000000e+00,0.000000e+00
2390,15,41139,1.872801e-06,4.647217e-03,1.536698e-02,0.000000e+00,0.000000e+00
2391,17,41156,1.648540e-05,4.485376e-03,1.584943e-02,0.000000e+00,0.000000e+00
2392,15,41171,8.607422e-06,4.555169e-03,1.311662e-02,0.000000e+00,0.000000e+00
2393,20,41191,9.396238e-06,4.500478e-03,1.426794e-02,0.000000e+00,0.000000e+00
2394,15,41206,1.398664e-05,4.536156e-03,1.610598e-02,0.000000e+00,0.000000e+00
2395,25,41231,1.025969e-05,4.518634e-03,1.461305e-02,0.000000e+00,0.000000e+00
2396,17,41248,2.181542e-06,4.535432e-03,1.472016e-02,0.000000e+00,0.000000e+00
2397,14,41262,1.765929e-05,4.423005e-03,1.489120e-02,0.000000e+00,0.000000e+00
2398,13,41275,6.332994e-07,4.582882e-03,1.387996e-02,0.000000e+00,0.000000e+00
2399,17,41292,3.907098e-05,4.389765e-03,1.558902e-02,0.000000e+00,0.000000e+00
HIST {'total_samples': 22820770, 'floor_samples': 243, 'floor_fraction': 1.0648194605177652e-05, 'saturation_depth': 4.6566128730773926e-09, 'boundaries': 2400, 'capped_boundaries': 0, 'unfinished_worlds': 0}
2400,14,41306,1.704320e-06,4.540579e-03,1.299447e-02,0.000000e+00,0.000000e+00
2401,16,41322,2.472980e-05,4.433129e-03,1.391905e-02,0.000000e+00,0.000000e+00
2402,20,41342,3.771856e-07,4.580174e-03,1.317690e-02,0.000000e+00,0.000000e+00
2403,20,41362,1.032755e-05,4.416527e-03,1.208199e-02,0.000000e+00,0.000000e+00
2404,15,41377,1.009345e-06,4.477752e-03,1.421614e-02,0.000000e+00,0.000000e+00
2405,18,41395,1.384244e-06,4.364971e-03,1.315466e-02,0.000000e+00,0.000000e+00
2406,18,41413,9.471551e-06,4.528361e-03,1.351252e-02,0.000000e+00,0.000000e+00
2407,19,41432,1.765929e-06,4.406197e-03,1.590889e-02,0.000000e+00,0.000000e+00
2408,29,41461,2.659921e-06,4.505650e-03,1.469864e-02,0.000000e+00,0.000000e+00
2409,18,41479,2.465346e-05,4.411958e-03,1.243541e-02,0.000000e+00,0.000000e+00
2410,19,41498,9.114638e-06,4.524628e-03,1.456324e-02,0.000000e+00,0.000000e+00
2411,19,41517,1.448707e-06,4.344353e-03,1.317690e-02,0.000000e+00,0.000000e+00
2412,15,41532,5.721883e-06,4.616463e-03,1.322085e-02,0.000000e+00,0.000000e+00
2413,18,41550,5.308539e-07,4.485597e-03,1.296046e-02,0.000000e+00,0.000000e+00
2414,22,41572,2.201898e-06,4.526959e-03,1.542831e-02,0.000000e+00,0.000000e+00
2415,21,41593,2.419035e-06,4.489959e-03,1.406245e-02,0.000000e+00,0.000000e+00
2416,15,41608,5.827058e-06,4.596959e-03,1.577261e-02,0.000000e+00,0.000000e+00
2417,19,41627,9.655783e-06,4.454262e-03,1.252316e-02,0.000000e+00,0.000000e+00
2418,22,41649,2.748132e-06,4.576973e-03,1.765603e-02,0.000000e+00,0.000000e+00
2419,17,41666,5.821969e-06,4.373874e-03,1.688064e-02,0.000000e+00,0.000000e+00
2420,16,41682,1.652272e-06,4.566745e-03,1.631985e-02,0.000000e+00,0.000000e+00
2421,15,41697,1.402565e-05,4.319452e-03,1.343921e-02,0.000000e+00,0.000000e+00
2422,18,41715,1.979060e-05,4.500526e-03,1.374521e-02,0.000000e+00,0.000000e+00
2423,16,41731,2.751016e-05,4.509478e-03,1.299744e-02,0.000000e+00,0.000000e+00
2424,20,41751,9.872921e-06,4.599266e-03,1.821472e-02,0.000000e+00,0.000000e+00
2425,19,41770,1.458885e-06,4.454940e-03,1.417123e-02,0.000000e+00,0.000000e+00
2426,22,41792,2.670099e-06,4.575866e-03,1.968783e-02,0.000000e+00,0.000000e+00
2427,15,41807,1.578592e-06,4.414198e-03,1.513058e-02,0.000000e+00,0.000000e+00
2428,24,41831,9.838992e-07,4.519362e-03,1.821472e-02,0.000000e+00,0.000000e+00
2429,17,41848,1.287551e-05,4.442356e-03,1.490748e-02,0.000000e+00,0.000000e+00
2430,15,41863,2.074670e-06,4.616049e-03,1.788154e-02,0.000000e+00,0.000000e+00
2431,15,41878,2.010725e-05,4.393850e-03,1.367395e-02,0.000000e+00,0.000000e+00
2432,20,41898,2.402812e-06,4.571942e-03,1.513058e-02,0.000000e+00,0.000000e+00
2433,20,41918,1.210719e-07,4.399728e-03,1.303828e-02,0.000000e+00,0.000000e+00
2434,18,41936,5.615011e-06,4.535490e-03,1.594405e-02,0.000000e+00,0.000000e+00
2435,16,41952,8.882235e-06,4.353487e-03,1.373105e-02,0.000000e+00,0.000000e+00
2436,18,41970,4.878783e-06,4.572180e-03,1.753015e-02,0.000000e+00,0.000000e+00
2437,20,41990,5.072171e-06,4.439930e-03,1.533833e-02,0.000000e+00,0.000000e+00
2438,19,42009,5.548852e-06,4.602599e-03,1.708304e-02,0.000000e+00,0.000000e+00
2439,14,42023,2.533197e-06,4.490027e-03,1.242401e-02,0.000000e+00,0.000000e+00
2440,15,42038,2.346769e-05,4.587829e-03,1.472710e-02,0.000000e+00,0.000000e+00
2441,24,42062,1.764233e-06,4.476050e-03,1.277334e-02,0.000000e+00,0.000000e+00
2442,16,42078,7.790513e-06,4.463704e-03,1.359148e-02,0.000000e+00,0.000000e+00
2443,18,42096,5.652331e-06,4.506096e-03,1.164432e-02,0.000000e+00,0.000000e+00
2444,18,42114,6.332579e-06,4.602769e-03,1.543332e-02,0.000000e+00,0.000000e+00
2445,15,42129,1.577632e-06,4.485691e-03,1.446304e-02,0.000000e+00,0.000000e+00
2446,15,42144,1.087378e-06,4.582851e-03,1.394639e-02,0.000000e+00,0.000000e+00
2447,18,42162,1.719788e-05,4.525746e-03,1.456030e-02,0.000000e+00,0.000000e+00
HIST {'total_samples': 23263807, 'floor_samples': 247, 'floor_fraction': 1.0617350805910657e-05, 'saturation_depth': 4.6566128730773926e-09, 'boundaries': 2448, 'capped_boundaries': 0, 'unfinished_worlds': 0}
2448,16,42178,1.578480e-05,4.534685e-03,1.258051e-02,0.000000e+00,0.000000e+00
2449,16,42194,1.687896e-06,4.388933e-03,1.411696e-02,0.000000e+00,0.000000e+00
2450,14,42208,2.095476e-07,4.440627e-03,1.286958e-02,0.000000e+00,0.000000e+00
2451,18,42226,9.131618e-06,4.424498e-03,1.330346e-02,0.000000e+00,0.000000e+00
2452,16,42242,1.954397e-05,4.522487e-03,1.547519e-02,0.000000e+00,0.000000e+00
2453,17,42259,8.861879e-06,4.441311e-03,1.287975e-02,0.000000e+00,0.000000e+00
2454,24,42283,5.063689e-06,4.533097e-03,1.424222e-02,0.000000e+00,0.000000e+00
2455,17,42300,2.590369e-06,4.371485e-03,1.472831e-02,0.000000e+00,0.000000e+00
2456,22,42322,9.635427e-07,4.494418e-03,1.281462e-02,0.000000e+00,0.000000e+00
2457,18,42340,1.303852e-07,4.417050e-03,1.456331e-02,0.000000e+00,0.000000e+00
2458,13,42353,1.005828e-05,4.565674e-03,1.372207e-02,0.000000e+00,0.000000e+00
2459,14,42367,8.602333e-06,4.516741e-03,1.971199e-02,0.000000e+00,0.000000e+00
2460,16,42383,2.403767e-06,4.553976e-03,1.379554e-02,0.000000e+00,0.000000e+00
2461,14,42397,2.687063e-06,4.501151e-03,1.287975e-02,0.000000e+00,0.000000e+00
2462,21,42418,2.118759e-06,4.555243e-03,1.392200e-02,0.000000e+00,0.000000e+00
2463,16,42434,8.922070e-06,4.479812e-03,1.266429e-02,0.000000e+00,0.000000e+00
2464,20,42454,1.792796e-06,4.529579e-03,1.337559e-02,0.000000e+00,0.000000e+00
2465,21,42475,1.687896e-06,4.475526e-03,1.287975e-02,0.000000e+00,0.000000e+00
2466,13,42488,6.279991e-06,4.710092e-03,1.490228e-02,0.000000e+00,0.000000e+00
2467,20,42508,4.753251e-06,4.567132e-03,1.140967e-02,0.000000e+00,0.000000e+00
2468,26,42534,2.473319e-06,4.715621e-03,1.592405e-02,0.000000e+00,0.000000e+00
2469,18,42552,2.195127e-05,4.484541e-03,1.352206e-02,0.000000e+00,0.000000e+00
2470,19,42571,1.080334e-06,4.560812e-03,1.441304e-02,0.000000e+00,0.000000e+00
2471,17,42588,2.225861e-06,4.506760e-03,1.284545e-02,0.000000e+00,0.000000e+00
2472,16,42604,5.450463e-06,4.598081e-03,1.403331e-02,0.000000e+00,0.000000e+00
2473,16,42620,4.004687e-07,4.456392e-03,1.287975e-02,0.000000e+00,0.000000e+00
2474,17,42637,2.269754e-06,4.598796e-03,1.317302e-02,0.000000e+00,0.000000e+00
2475,14,42651,1.220374e-05,4.501341e-03,1.507814e-02,0.000000e+00,0.000000e+00
2476,22,42673,1.857989e-06,4.630906e-03,1.429037e-02,0.000000e+00,0.000000e+00
2477,21,42694,8.689240e-06,4.536826e-03,1.434495e-02,0.000000e+00,0.000000e+00
2478,20,42714,9.465790e-06,4.612378e-03,1.234788e-02,0.000000e+00,0.000000e+00
2479,17,42731,5.811791e-06,4.557438e-03,1.535853e-02,0.000000e+00,0.000000e+00
2480,15,42746,1.240052e-06,4.723758e-03,1.675398e-02,0.000000e+00,0.000000e+00
2481,17,42763,8.675277e-06,4.573839e-03,1.238121e-02,0.000000e+00,0.000000e+00
2482,16,42779,4.702360e-06,4.603747e-03,1.402170e-02,0.000000e+00,0.000000e+00
2483,22,42801,2.588673e-06,4.500696e-03,1.265393e-02,0.000000e+00,0.000000e+00
2484,16,42817,1.976280e-06,4.693662e-03,1.960685e-02,0.000000e+00,0.000000e+00
2485,16,42833,6.127317e-06,4.553718e-03,1.479063e-02,0.000000e+00,0.000000e+00
2486,17,42850,1.706556e-06,4.599916e-03,1.502850e-02,0.000000e+00,0.000000e+00
2487,16,42866,1.116217e-06,4.636195e-03,1.488195e-02,0.000000e+00,0.000000e+00
2488,20,42886,1.828652e-05,4.618701e-03,2.037494e-02,0.000000e+00,0.000000e+00
2489,15,42901,8.615904e-06,4.535171e-03,2.912535e-02,0.000000e+00,0.000000e+00
2490,18,42919,1.319782e-06,4.688898e-03,1.491846e-02,0.000000e+00,0.000000e+00
2491,22,42941,3.492460e-07,4.539188e-03,1.275541e-02,0.000000e+00,0.000000e+00
2492,15,42956,2.169982e-06,4.604292e-03,1.511746e-02,0.000000e+00,0.000000e+00
2493,20,42976,6.086604e-06,4.523823e-03,1.277415e-02,0.000000e+00,0.000000e+00
2494,16,42992,1.909211e-05,4.637232e-03,1.890117e-02,0.000000e+00,0.000000e+00
2495,20,43012,5.559030e-06,4.593584e-03,1.629317e-02,0.000000e+00,0.000000e+00
HIST {'total_samples': 23702204, 'floor_samples': 252, 'floor_fraction': 1.063192266845733e-05, 'saturation_depth': 4.6566128730773926e-09, 'boundaries': 2496, 'capped_boundaries': 0, 'unfinished_worlds': 0}
2496,17,43029,8.375018e-06,4.658443e-03,1.471629e-02,0.000000e+00,0.000000e+00
2497,14,43043,3.516252e-05,4.446504e-03,1.316423e-02,0.000000e+00,0.000000e+00
2498,18,43061,5.820766e-07,4.606031e-03,1.262641e-02,0.000000e+00,0.000000e+00
2499,14,43075,7.357448e-07,4.573218e-03,1.377440e-02,0.000000e+00,0.000000e+00
2500,21,43096,2.008863e-05,4.579558e-03,1.371581e-02,0.000000e+00,0.000000e+00
2501,18,43114,6.191780e-06,4.470627e-03,1.670122e-02,0.000000e+00,0.000000e+00
2502,15,43129,1.348451e-05,4.474712e-03,1.531222e-02,0.000000e+00,0.000000e+00
2503,15,43144,3.133380e-05,4.501262e-03,1.519471e-02,0.000000e+00,0.000000e+00
2504,17,43161,5.122274e-07,4.556295e-03,1.433349e-02,0.000000e+00,0.000000e+00
2505,20,43181,8.805655e-06,4.477845e-03,1.322659e-02,0.000000e+00,0.000000e+00
2506,20,43201,5.674385e-06,4.591880e-03,1.496861e-02,0.000000e+00,0.000000e+00
2507,14,43215,1.080593e-06,4.458617e-03,1.706423e-02,0.000000e+00,0.000000e+00
2508,28,43243,1.234468e-05,4.568475e-03,1.369199e-02,0.000000e+00,0.000000e+00
2509,14,43257,9.639189e-07,4.566743e-03,1.318191e-02,0.000000e+00,0.000000e+00
2510,24,43281,1.145527e-06,4.632077e-03,1.519268e-02,0.000000e+00,0.000000e+00
2511,21,43302,6.519258e-07,4.550880e-03,1.449459e-02,0.000000e+00,0.000000e+00
2512,21,43323,5.883039e-06,4.663955e-03,1.309642e-02,0.000000e+00,0.000000e+00
2513,22,43345,1.648879e-06,4.530192e-03,1.544453e-02,0.000000e+00,0.000000e+00
2514,17,43362,1.989851e-06,4.516229e-03,1.554158e-02,0.000000e+00,0.000000e+00
2515,23,43385,8.614734e-07,4.529703e-03,1.266886e-02,0.000000e+00,0.000000e+00
2516,20,43405,1.567453e-06,4.688302e-03,1.555363e-02,0.000000e+00,0.000000e+00
2517,15,43420,1.939299e-05,4.605563e-03,1.611565e-02,0.000000e+00,0.000000e+00
2518,25,43445,4.943245e-06,4.587580e-03,1.450395e-02,0.000000e+00,0.000000e+00
2519,18,43463,6.137496e-06,4.505072e-03,1.289222e-02,0.000000e+00,0.000000e+00
2520,22,43485,2.381715e-06,4.635341e-03,2.579657e-02,0.000000e+00,0.000000e+00
2521,16,43501,8.232522e-06,4.519178e-03,1.470749e-02,0.000000e+00,0.000000e+00
2522,25,43526,5.346983e-06,4.683728e-03,1.712106e-02,0.000000e+00,0.000000e+00
2523,18,43544,8.754432e-07,4.505016e-03,1.426311e-02,0.000000e+00,0.000000e+00
2524,16,43560,4.888961e-06,4.668779e-03,1.675290e-02,0.000000e+00,0.000000e+00
2525,16,43576,1.078896e-06,4.476313e-03,1.442600e-02,0.000000e+00,0.000000e+00
2526,17,43593,9.526859e-06,4.572925e-03,1.675463e-02,0.000000e+00,0.000000e+00
2527,20,43613,1.583248e-07,4.530706e-03,1.486198e-02,0.000000e+00,0.000000e+00
2528,19,43632,2.184935e-06,4.609645e-03,1.355197e-02,0.000000e+00,0.000000e+00
2529,18,43650,1.961013e-06,4.496717e-03,1.386867e-02,0.000000e+00,0.000000e+00
2530,14,43664,6.205351e-06,4.591691e-03,1.317690e-02,0.000000e+00,0.000000e+00
2531,38,43702,2.466534e-06,4.443325e-03,1.238526e-02,0.000000e+00,0.000000e+00
2532,17,43719,9.041694e-07,4.547720e-03,1.645321e-02,0.000000e+00,0.000000e+00
2533,15,43734,2.088241e-06,4.475094e-03,1.238470e-02,0.000000e+00,0.000000e+00
2534,16,43750,1.106038e-06,4.563156e-03,1.763646e-02,0.000000e+00,0.000000e+00
2535,14,43764,1.143359e-06,4.489687e-03,1.821472e-02,0.000000e+00,0.000000e+00
2536,18,43782,5.482693e-06,4.608812e-03,1.520382e-02,0.000000e+00,0.000000e+00
2537,19,43801,4.703179e-07,4.471974e-03,1.367583e-02,0.000000e+00,0.000000e+00
2538,17,43818,5.022975e-06,4.679421e-03,1.634627e-02,0.000000e+00,0.000000e+00
2539,17,43835,5.947501e-06,4.501007e-03,1.488138e-02,0.000000e+00,0.000000e+00
2540,15,43850,2.625993e-06,4.571484e-03,1.821472e-02,0.000000e+00,0.000000e+00
2541,23,43873,2.198506e-06,4.546135e-03,1.261867e-02,0.000000e+00,0.000000e+00
2542,15,43888,9.805066e-07,4.500062e-03,1.544470e-02,0.000000e+00,0.000000e+00
2543,14,43902,1.201036e-06,4.525360e-03,1.239898e-02,0.000000e+00,0.000000e+00
HIST {'total_samples': 24144298, 'floor_samples': 262, 'floor_fraction': 1.0851423387832606e-05, 'saturation_depth': 4.6566128730773926e-09, 'boundaries': 2544, 'capped_boundaries': 0, 'unfinished_worlds': 0}
2544,15,43917,1.962709e-06,4.588147e-03,1.429573e-02,0.000000e+00,0.000000e+00
2545,14,43931,1.526062e-05,4.554563e-03,1.574429e-02,0.000000e+00,0.000000e+00
2546,19,43950,9.527430e-06,4.542940e-03,1.525933e-02,0.000000e+00,0.000000e+00
2547,22,43972,9.465789e-07,4.525531e-03,1.329191e-02,0.000000e+00,0.000000e+00
2548,15,43987,1.961013e-06,4.581542e-03,1.629926e-02,0.000000e+00,0.000000e+00
2549,14,44001,2.115383e-06,4.589862e-03,1.245519e-02,0.000000e+00,0.000000e+00
2550,17,44018,1.946930e-05,4.695307e-03,1.446760e-02,0.000000e+00,0.000000e+00
2551,19,44037,1.558971e-06,4.593903e-03,1.893404e-02,0.000000e+00,0.000000e+00
2552,16,44053,9.140931e-06,4.663592e-03,1.719447e-02,0.000000e+00,0.000000e+00
2553,19,44072,9.190976e-06,4.627703e-03,1.231909e-02,0.000000e+00,0.000000e+00
2554,15,44087,5.506443e-06,4.680065e-03,1.821472e-02,0.000000e+00,0.000000e+00
2555,17,44104,2.608860e-05,4.622053e-03,1.712091e-02,0.000000e+00,0.000000e+00
2556,17,44121,1.760200e-06,4.732014e-03,1.528271e-02,0.000000e+00,0.000000e+00
2557,15,44136,9.415671e-06,4.571016e-03,1.821472e-02,0.000000e+00,0.000000e+00
2558,15,44151,1.243316e-06,4.596239e-03,1.366842e-02,0.000000e+00,0.000000e+00
2559,26,44177,7.916242e-07,4.457467e-03,1.882720e-02,0.000000e+00,0.000000e+00
2560,21,44198,1.046665e-06,4.563479e-03,1.516796e-02,0.000000e+00,0.000000e+00
2561,17,44215,1.911818e-06,4.431548e-03,1.542678e-02,0.000000e+00,0.000000e+00
2562,16,44231,1.601875e-06,4.653817e-03,1.395429e-02,0.000000e+00,0.000000e+00
2563,17,44248,1.350418e-06,4.539978e-03,1.299569e-02,0.000000e+00,0.000000e+00
2564,18,44266,5.494568e-06,4.690757e-03,1.420884e-02,0.000000e+00,0.000000e+00
2565,14,44280,2.673361e-05,4.531793e-03,1.570945e-02,0.000000e+00,0.000000e+00
2566,16,44296,8.612511e-06,4.658895e-03,1.690943e-02,0.000000e+00,0.000000e+00
2567,14,44310,1.399512e-06,4.508920e-03,1.216428e-02,0.000000e+00,0.000000e+00
2568,14,44324,5.521711e-06,4.689068e-03,1.667101e-02,0.000000e+00,0.000000e+00
2569,12,44336,7.371418e-06,4.535274e-03,1.287975e-02,0.000000e+00,0.000000e+00
2570,14,44350,2.135740e-06,4.600376e-03,1.541388e-02,0.000000e+00,0.000000e+00
2571,18,44368,1.341105e-06,4.531846e-03,1.297665e-02,0.000000e+00,0.000000e+00
2572,15,44383,5.408053e-06,4.675480e-03,1.589794e-02,0.000000e+00,0.000000e+00
2573,20,44403,3.585592e-07,4.508028e-03,1.308993e-02,0.000000e+00,0.000000e+00
2574,21,44424,1.396984e-06,4.611148e-03,1.438914e-02,0.000000e+00,0.000000e+00
2575,20,44444,2.257879e-06,4.557393e-03,1.287975e-02,0.000000e+00,0.000000e+00
2576,16,44460,9.097675e-06,4.606274e-03,1.646980e-02,0.000000e+00,0.000000e+00
2577,15,44475,1.508743e-06,4.471179e-03,1.279422e-02,0.000000e+00,0.000000e+00
2578,17,44492,5.345287e-06,4.597990e-03,1.450108e-02,0.000000e+00,0.000000e+00
2579,15,44507,8.105294e-06,4.431293e-03,1.230596e-02,0.000000e+00,0.000000e+00
2580,14,44521,4.583614e-06,4.656571e-03,1.568043e-02,0.000000e+00,0.000000e+00
2581,14,44535,1.322478e-06,4.504867e-03,1.307799e-02,0.000000e+00,0.000000e+00
2582,16,44551,2.755783e-05,4.608610e-03,1.361456e-02,0.000000e+00,0.000000e+00
2583,17,44568,1.701467e-06,4.491471e-03,1.235845e-02,0.000000e+00,0.000000e+00
2584,15,44583,1.184581e-05,4.636471e-03,1.534630e-02,0.000000e+00,0.000000e+00
2585,15,44598,5.935627e-06,4.494509e-03,1.622218e-02,0.000000e+00,0.000000e+00
2586,19,44617,9.058659e-06,4.552204e-03,1.432273e-02,0.000000e+00,0.000000e+00
2587,15,44632,8.437784e-06,4.434384e-03,1.488358e-02,0.000000e+00,0.000000e+00
2588,14,44646,2.332520e-06,4.609461e-03,1.527175e-02,0.000000e+00,0.000000e+00
2589,14,44660,2.374929e-06,4.558020e-03,1.416547e-02,0.000000e+00,0.000000e+00
2590,14,44674,1.282462e-06,4.607793e-03,1.650921e-02,0.000000e+00,0.000000e+00
2591,15,44689,7.264316e-07,4.461199e-03,1.272209e-02,0.000000e+00,0.000000e+00
HIST {'total_samples': 24586324, 'floor_samples': 265, 'floor_fraction': 1.0778349785026831e-05, 'saturation_depth': 4.6566128730773926e-09, 'boundaries': 2592, 'capped_boundaries': 0, 'unfinished_worlds': 0}
2592,20,44709,1.964406e-06,4.572794e-03,1.446468e-02,0.000000e+00,0.000000e+00
2593,19,44728,1.193490e-05,4.460674e-03,1.513504e-02,0.000000e+00,0.000000e+00
2594,17,44745,5.155292e-06,4.493630e-03,1.639291e-02,0.000000e+00,0.000000e+00
2595,19,44764,9.543823e-06,4.471205e-03,1.273750e-02,0.000000e+00,0.000000e+00
2596,17,44781,2.291054e-06,4.646866e-03,1.616011e-02,0.000000e+00,0.000000e+00
2597,19,44800,2.956018e-05,4.457651e-03,1.246276e-02,0.000000e+00,0.000000e+00
2598,13,44813,8.018687e-06,4.637348e-03,1.948311e-02,0.000000e+00,0.000000e+00
2599,17,44830,2.201898e-06,4.474605e-03,1.239460e-02,0.000000e+00,0.000000e+00
2600,19,44849,2.585280e-06,4.583124e-03,1.697883e-02,0.000000e+00,0.000000e+00
2601,25,44874,8.320734e-06,4.466275e-03,1.677413e-02,0.000000e+00,0.000000e+00
2602,17,44891,5.202792e-06,4.677702e-03,1.825617e-02,0.000000e+00,0.000000e+00
2603,17,44908,5.462337e-06,4.470937e-03,1.433843e-02,0.000000e+00,0.000000e+00
2604,14,44922,8.695633e-06,4.684919e-03,1.363087e-02,0.000000e+00,0.000000e+00
2605,16,44938,9.126961e-07,4.496195e-03,1.419738e-02,0.000000e+00,0.000000e+00
2606,19,44957,1.293319e-05,4.551455e-03,1.426738e-02,0.000000e+00,0.000000e+00
2607,15,44972,1.192214e-05,4.443142e-03,1.995400e-02,0.000000e+00,0.000000e+00
2608,14,44986,1.709949e-06,4.479878e-03,1.758622e-02,0.000000e+00,0.000000e+00
2609,15,45001,5.377518e-06,4.561642e-03,1.768980e-02,0.000000e+00,0.000000e+00
2610,16,45017,5.435195e-06,4.690643e-03,1.915627e-02,0.000000e+00,0.000000e+00
2611,18,45035,1.825392e-06,4.499663e-03,1.569000e-02,0.000000e+00,0.000000e+00
2612,20,45055,9.180798e-06,4.668642e-03,1.712753e-02,0.000000e+00,0.000000e+00
2613,17,45072,2.458052e-06,4.497675e-03,1.420528e-02,0.000000e+00,0.000000e+00
2614,14,45086,1.322478e-06,4.606738e-03,1.580967e-02,0.000000e+00,0.000000e+00
2615,19,45105,1.641076e-05,4.468312e-03,1.226007e-02,0.000000e+00,0.000000e+00
2616,15,45120,9.192673e-06,4.529387e-03,1.524847e-02,0.000000e+00,0.000000e+00
2617,19,45139,8.008600e-06,4.471234e-03,1.414478e-02,0.000000e+00,0.000000e+00
2618,15,45154,1.862645e-08,4.559510e-03,1.594405e-02,0.000000e+00,0.000000e+00
2619,18,45172,4.936010e-07,4.510579e-03,1.281585e-02,0.000000e+00,0.000000e+00
2620,24,45196,4.736288e-06,4.649752e-03,1.729732e-02,0.000000e+00,0.000000e+00
2621,21,45217,9.080395e-07,4.524549e-03,1.740495e-02,0.000000e+00,0.000000e+00
2622,13,45230,2.291054e-06,4.609998e-03,1.556976e-02,0.000000e+00,0.000000e+00
2623,16,45246,2.374929e-06,4.548135e-03,1.373008e-02,0.000000e+00,0.000000e+00
2624,14,45260,1.981369e-06,4.567834e-03,1.629015e-02,0.000000e+00,0.000000e+00
2625,16,45276,8.642673e-06,4.452517e-03,1.451118e-02,0.000000e+00,0.000000e+00
2626,14,45290,1.176947e-05,4.608309e-03,1.702884e-02,0.000000e+00,0.000000e+00
2627,18,45308,1.052395e-06,4.502699e-03,1.444230e-02,0.000000e+00,0.000000e+00
2628,14,45322,6.798655e-07,4.571896e-03,1.425351e-02,0.000000e+00,0.000000e+00
2629,15,45337,2.267770e-06,4.479031e-03,1.536534e-02,0.000000e+00,0.000000e+00
2630,14,45351,5.443677e-06,4.582030e-03,1.381888e-02,0.000000e+00,0.000000e+00
2631,17,45368,8.458141e-06,4.443710e-03,1.255495e-02,0.000000e+00,0.000000e+00
2632,16,45384,5.542067e-06,4.623927e-03,1.588434e-02,0.000000e+00,0.000000e+00
2633,17,45401,1.499429e-06,4.475851e-03,1.421870e-02,0.000000e+00,0.000000e+00
2634,17,45418,1.345761e-06,4.699904e-03,1.374691e-02,0.000000e+00,0.000000e+00
2635,14,45432,2.053566e-05,4.535855e-03,1.443172e-02,0.000000e+00,0.000000e+00
2636,17,45449,1.556596e-05,4.599753e-03,1.821472e-02,0.000000e+00,0.000000e+00
2637,17,45466,8.315645e-06,4.583898e-03,1.407474e-02,0.000000e+00,0.000000e+00
2638,19,45485,1.701526e-05,4.621369e-03,1.466719e-02,0.000000e+00,0.000000e+00
2639,22,45507,1.072111e-06,4.517921e-03,1.362107e-02,0.000000e+00,0.000000e+00
HIST {'total_samples': 25028869, 'floor_samples': 271, 'floor_fraction': 1.0827496839749331e-05, 'saturation_depth': 4.6566128730773926e-09, 'boundaries': 2640, 'capped_boundaries': 0, 'unfinished_worlds': 0}
2640,19,45526,5.703223e-06,4.562210e-03,1.411544e-02,0.000000e+00,0.000000e+00
2641,36,45562,7.445924e-06,4.488150e-03,1.245494e-02,0.000000e+00,0.000000e+00
2642,25,45587,5.377518e-06,4.665592e-03,1.359255e-02,0.000000e+00,0.000000e+00
2643,25,45612,4.578524e-06,4.518443e-03,1.371074e-02,0.000000e+00,0.000000e+00
2644,24,45636,4.587006e-06,4.660265e-03,1.566767e-02,0.000000e+00,0.000000e+00
2645,15,45651,8.670613e-06,4.514826e-03,1.385238e-02,0.000000e+00,0.000000e+00
2646,18,45669,7.996727e-06,4.631036e-03,1.594068e-02,0.000000e+00,0.000000e+00
2647,16,45685,1.822588e-05,4.527526e-03,1.607953e-02,0.000000e+00,0.000000e+00
2648,18,45703,9.533644e-07,4.584942e-03,1.473741e-02,0.000000e+00,0.000000e+00
2649,20,45723,1.370673e-06,4.497786e-03,1.278698e-02,0.000000e+00,0.000000e+00
2650,20,45743,6.798655e-07,4.638989e-03,1.488527e-02,0.000000e+00,0.000000e+00
2651,17,45760,9.550713e-06,4.494929e-03,1.458119e-02,0.000000e+00,0.000000e+00
2652,15,45775,1.196964e-05,4.586304e-03,1.379800e-02,0.000000e+00,0.000000e+00
2653,14,45789,1.220883e-05,4.522253e-03,1.302688e-02,0.000000e+00,0.000000e+00
2654,16,45805,1.173466e-06,4.630249e-03,2.084773e-02,0.000000e+00,0.000000e+00
2655,18,45823,1.080593e-06,4.573599e-03,1.393752e-02,0.000000e+00,0.000000e+00
2656,14,45837,4.851641e-06,4.711679e-03,1.746317e-02,0.000000e+00,0.000000e+00
2657,14,45851,1.699664e-06,4.628292e-03,1.299750e-02,0.000000e+00,0.000000e+00
2658,16,45867,1.849052e-06,4.651758e-03,1.572909e-02,0.000000e+00,0.000000e+00
2659,29,45896,1.269909e-05,4.598706e-03,1.443500e-02,0.000000e+00,0.000000e+00
2660,15,45911,5.777863e-06,4.651919e-03,1.821472e-02,0.000000e+00,0.000000e+00
2661,17,45928,1.156082e-05,4.467253e-03,1.320620e-02,0.000000e+00,0.000000e+00
2662,15,45943,5.670992e-06,4.619949e-03,1.821472e-02,0.000000e+00,0.000000e+00
2663,20,45963,1.709949e-06,4.571089e-03,1.289085e-02,0.000000e+00,0.000000e+00
2664,17,45980,1.252629e-06,4.658416e-03,1.420537e-02,0.000000e+00,0.000000e+00
2665,17,45997,9.145174e-06,4.578782e-03,1.435364e-02,0.000000e+00,0.000000e+00
2666,16,46013,8.195639e-07,4.708549e-03,1.821472e-02,0.000000e+00,0.000000e+00
2667,15,46028,7.147901e-06,4.505845e-03,1.363349e-02,0.000000e+00,0.000000e+00
2668,15,46043,1.238659e-06,4.635812e-03,1.747914e-02,0.000000e+00,0.000000e+00
2669,20,46063,4.454689e-06,4.615710e-03,1.358344e-02,0.000000e+00,0.000000e+00
2670,14,46077,4.237518e-07,4.608713e-03,1.390932e-02,0.000000e+00,0.000000e+00
2671,17,46094,1.164153e-07,4.544609e-03,1.239730e-02,0.000000e+00,0.000000e+00
2672,22,46116,1.950835e-06,4.650969e-03,1.347912e-02,0.000000e+00,0.000000e+00
2673,15,46131,2.057707e-06,4.616383e-03,1.298725e-02,0.000000e+00,0.000000e+00
2674,17,46148,8.293428e-06,4.574920e-03,1.718536e-02,0.000000e+00,0.000000e+00
2675,18,46166,1.577971e-05,4.558492e-03,1.355324e-02,0.000000e+00,0.000000e+00
2676,17,46183,1.141662e-05,4.628731e-03,1.407689e-02,0.000000e+00,0.000000e+00
2677,20,46203,1.916229e-05,4.513631e-03,1.539877e-02,0.000000e+00,0.000000e+00
2678,21,46224,1.804268e-05,4.566267e-03,1.366339e-02,0.000000e+00,0.000000e+00
2679,18,46242,1.111068e-05,4.475495e-03,1.286570e-02,0.000000e+00,0.000000e+00
2680,21,46263,1.894854e-06,4.701836e-03,1.317690e-02,0.000000e+00,0.000000e+00
2681,17,46280,9.406358e-07,4.527565e-03,1.182176e-02,0.000000e+00,0.000000e+00
2682,16,46296,1.164394e-05,4.560716e-03,1.374537e-02,0.000000e+00,0.000000e+00
2683,26,46322,2.137385e-06,4.576027e-03,1.561255e-02,0.000000e+00,0.000000e+00
2684,22,46344,5.687955e-06,4.702155e-03,1.464180e-02,0.000000e+00,0.000000e+00
2685,14,46358,3.399327e-07,4.506851e-03,1.273731e-02,0.000000e+00,0.000000e+00
2686,21,46379,2.342698e-06,4.603669e-03,1.331429e-02,0.000000e+00,0.000000e+00
2687,15,46394,7.791464e-06,4.513525e-03,1.388255e-02,0.000000e+00,0.000000e+00
HIST {'total_samples': 25468278, 'floor_samples': 278, 'floor_fraction': 1.0915539715720081e-05, 'saturation_depth': 4.6566128730773926e-09, 'boundaries': 2688, 'capped_boundaries': 0, 'unfinished_worlds': 0}
2688,15,46409,2.020504e-05,4.682379e-03,1.565322e-02,0.000000e+00,0.000000e+00
2689,16,46425,8.956875e-07,4.443806e-03,1.287975e-02,0.000000e+00,0.000000e+00
2690,21,46446,8.707866e-06,4.775285e-03,1.484250e-02,0.000000e+00,0.000000e+00
2691,16,46462,2.923368e-05,4.579474e-03,1.345820e-02,0.000000e+00,0.000000e+00
2692,19,46481,4.950031e-06,4.712985e-03,1.367275e-02,0.000000e+00,0.000000e+00
2693,15,46496,2.700835e-07,4.571613e-03,1.483383e-02,0.000000e+00,0.000000e+00
2694,23,46519,2.318949e-06,4.608700e-03,1.287975e-02,0.000000e+00,0.000000e+00
2695,15,46534,7.310882e-07,4.519152e-03,1.310803e-02,0.000000e+00,0.000000e+00
2696,21,46555,8.735806e-06,4.573235e-03,1.277096e-02,0.000000e+00,0.000000e+00
2697,30,46585,1.746230e-06,4.501585e-03,1.273044e-02,0.000000e+00,0.000000e+00
2698,19,46604,7.727002e-06,4.659213e-03,1.436236e-02,0.000000e+00,0.000000e+00
2699,15,46619,4.503884e-06,4.533467e-03,1.830657e-02,0.000000e+00,0.000000e+00
2700,20,46639,6.612390e-07,4.614205e-03,1.335849e-02,0.000000e+00,0.000000e+00
2701,18,46657,1.519955e-06,4.472666e-03,1.192874e-02,0.000000e+00,0.000000e+00
2702,16,46673,1.713634e-06,4.616780e-03,1.424834e-02,0.000000e+00,0.000000e+00
2703,19,46692,1.569279e-06,4.501793e-03,1.682113e-02,0.000000e+00,0.000000e+00
2704,16,46708,7.779589e-06,4.603177e-03,1.382883e-02,0.000000e+00,0.000000e+00
2705,17,46725,1.670793e-05,4.538703e-03,1.742438e-02,0.000000e+00,0.000000e+00
2706,14,46739,2.329127e-06,4.693627e-03,1.674511e-02,0.000000e+00,0.000000e+00
2707,21,46760,1.575935e-05,4.536803e-03,1.317690e-02,0.000000e+00,0.000000e+00
2708,15,46775,9.713694e-06,4.653765e-03,2.021501e-02,0.000000e+00,0.000000e+00
2709,16,46791,8.753311e-07,4.466452e-03,1.350288e-02,0.000000e+00,0.000000e+00
2710,14,46805,1.104342e-05,4.583957e-03,1.499996e-02,0.000000e+00,0.000000e+00
2711,15,46820,9.957739e-07,4.508347e-03,1.916528e-02,0.000000e+00,0.000000e+00
2712,16,46836,1.529285e-05,4.724414e-03,1.762638e-02,0.000000e+00,0.000000e+00
2713,16,46852,1.664147e-06,4.519512e-03,1.302314e-02,0.000000e+00,0.000000e+00
2714,15,46867,8.461066e-06,4.643923e-03,1.602476e-02,0.000000e+00,0.000000e+00
2715,21,46888,8.420820e-06,4.530116e-03,1.666302e-02,0.000000e+00,0.000000e+00
2716,22,46910,7.613562e-06,4.686001e-03,1.755553e-02,0.000000e+00,0.000000e+00
2717,14,46924,5.536978e-06,4.470397e-03,1.275846e-02,0.000000e+00,0.000000e+00
2718,13,46937,1.000863e-06,4.631181e-03,1.572998e-02,0.000000e+00,0.000000e+00
2719,22,46959,1.809866e-05,4.559751e-03,1.831787e-02,0.000000e+00,0.000000e+00
2720,17,46976,2.293503e-06,4.596446e-03,1.279505e-02,0.000000e+00,0.000000e+00
2721,15,46991,1.426654e-06,4.556481e-03,1.304150e-02,0.000000e+00,0.000000e+00
2722,18,47009,2.095027e-06,4.628183e-03,1.440726e-02,0.000000e+00,0.000000e+00
2723,16,47025,1.204089e-05,4.471753e-03,1.280890e-02,0.000000e+00,0.000000e+00
2724,14,47039,1.543025e-05,4.612734e-03,1.492067e-02,0.000000e+00,0.000000e+00
2725,26,47065,8.475035e-07,4.544202e-03,1.489349e-02,0.000000e+00,0.000000e+00
2726,15,47080,1.093994e-05,4.753757e-03,1.489217e-02,0.000000e+00,0.000000e+00
2727,15,47095,7.569238e-06,4.616578e-03,1.307061e-02,0.000000e+00,0.000000e+00
2728,18,47113,1.828695e-06,4.707773e-03,1.709895e-02,0.000000e+00,0.000000e+00
2729,15,47128,5.218059e-06,4.575318e-03,1.625211e-02,0.000000e+00,0.000000e+00
2730,17,47145,1.745912e-05,4.729214e-03,1.616982e-02,0.000000e+00,0.000000e+00
2731,19,47164,3.536779e-05,4.582355e-03,1.438421e-02,0.000000e+00,0.000000e+00
2732,21,47185,2.225648e-06,4.639009e-03,1.403083e-02,0.000000e+00,0.000000e+00
2733,14,47199,1.230213e-05,4.530463e-03,1.542804e-02,0.000000e+00,0.000000e+00
2734,16,47215,1.462176e-06,4.642473e-03,1.476054e-02,0.000000e+00,0.000000e+00
2735,17,47232,9.881333e-06,4.635557e-03,1.449459e-02,0.000000e+00,0.000000e+00
HIST {'total_samples': 25904727, 'floor_samples': 285, 'floor_fraction': 1.1001853059482155e-05, 'saturation_depth': 4.6566128730773926e-09, 'boundaries': 2736, 'capped_boundaries': 0, 'unfinished_worlds': 0}
2736,16,47248,5.735454e-06,4.695204e-03,1.594405e-02,0.000000e+00,0.000000e+00
2737,14,47262,6.705523e-07,4.603278e-03,1.353079e-02,0.000000e+00,0.000000e+00
2738,21,47283,9.583309e-06,4.640842e-03,1.821472e-02,0.000000e+00,0.000000e+00
2739,16,47299,1.282462e-06,4.500260e-03,1.384898e-02,0.000000e+00,0.000000e+00
2740,17,47316,5.441981e-06,4.691782e-03,1.815003e-02,0.000000e+00,0.000000e+00
2741,14,47330,5.070474e-06,4.579218e-03,1.281297e-02,0.000000e+00,0.000000e+00
2742,16,47346,5.771078e-06,4.623097e-03,1.685452e-02,0.000000e+00,0.000000e+00
2743,15,47361,7.654057e-06,4.520194e-03,1.622376e-02,0.000000e+00,0.000000e+00
2744,14,47375,1.809866e-05,4.662740e-03,1.335880e-02,0.000000e+00,0.000000e+00
2745,18,47393,1.091789e-05,4.533727e-03,1.300737e-02,0.000000e+00,0.000000e+00
2746,15,47408,2.449570e-06,4.687987e-03,1.523813e-02,0.000000e+00,0.000000e+00
2747,17,47425,7.623523e-06,4.555497e-03,1.373966e-02,0.000000e+00,0.000000e+00
2748,16,47441,1.532169e-05,4.667943e-03,1.821472e-02,0.000000e+00,0.000000e+00
2749,17,47458,4.873694e-06,4.569697e-03,1.499667e-02,0.000000e+00,0.000000e+00
2750,13,47471,2.020386e-06,4.551109e-03,1.491602e-02,0.000000e+00,0.000000e+00
2751,15,47486,1.468046e-05,4.643738e-03,1.279952e-02,0.000000e+00,0.000000e+00
2752,25,47511,1.988374e-06,4.735537e-03,1.596404e-02,0.000000e+00,0.000000e+00
2753,27,47538,2.197921e-06,4.497834e-03,1.406271e-02,0.000000e+00,0.000000e+00
2754,21,47559,1.913868e-05,4.629979e-03,1.493022e-02,0.000000e+00,0.000000e+00
2755,16,47575,8.651528e-07,4.580664e-03,1.480361e-02,0.000000e+00,0.000000e+00
2756,16,47591,1.470760e-05,4.681405e-03,1.252114e-02,0.000000e+00,0.000000e+00
2757,19,47610,1.687896e-06,4.563185e-03,1.212245e-02,0.000000e+00,0.000000e+00
2758,20,47630,1.324871e-06,4.643085e-03,1.518602e-02,0.000000e+00,0.000000e+00
2759,16,47646,7.905121e-06,4.547378e-03,1.373745e-02,0.000000e+00,0.000000e+00
2760,14,47660,5.268950e-06,4.631690e-03,1.849189e-02,0.000000e+00,0.000000e+00
2761,16,47676,5.396178e-06,4.483082e-03,1.500913e-02,0.000000e+00,0.000000e+00
2762,18,47694,8.481890e-07,4.726740e-03,1.378877e-02,0.000000e+00,0.000000e+00
2763,15,47709,1.270587e-06,4.607974e-03,1.299043e-02,0.000000e+00,0.000000e+00
2764,17,47726,4.223981e-06,4.785990e-03,1.577572e-02,0.000000e+00,0.000000e+00
2765,15,47741,2.366447e-06,4.503646e-03,1.290251e-02,0.000000e+00,0.000000e+00
2766,24,47765,8.169756e-06,4.762735e-03,1.532149e-02,0.000000e+00,0.000000e+00
2767,30,47795,1.789000e-05,4.567978e-03,1.821472e-02,0.000000e+00,0.000000e+00
2768,19,47814,4.266391e-06,4.575973e-03,1.525683e-02,0.000000e+00,0.000000e+00
2769,16,47830,1.173466e-06,4.582411e-03,1.654575e-02,0.000000e+00,0.000000e+00
2770,18,47848,1.756430e-05,4.664363e-03,1.622752e-02,0.000000e+00,0.000000e+00
2771,22,47870,7.357448e-06,4.497140e-03,1.253956e-02,0.000000e+00,0.000000e+00
2772,14,47884,7.423350e-06,4.579193e-03,1.421460e-02,0.000000e+00,0.000000e+00
2773,15,47899,1.489420e-06,4.592661e-03,1.238610e-02,0.000000e+00,0.000000e+00
2774,16,47915,1.255320e-06,4.580511e-03,1.584905e-02,0.000000e+00,0.000000e+00
2775,15,47930,5.618404e-06,4.557496e-03,1.311437e-02,0.000000e+00,0.000000e+00
2776,18,47948,8.122258e-06,4.582812e-03,1.616375e-02,0.000000e+00,0.000000e+00
2777,30,47978,1.126734e-05,4.541682e-03,1.282823e-02,0.000000e+00,0.000000e+00
2778,16,47994,1.353710e-06,4.654752e-03,1.441087e-02,0.000000e+00,0.000000e+00
2779,21,48015,1.360495e-06,4.501241e-03,1.287975e-02,0.000000e+00,0.000000e+00
2780,22,48037,1.423261e-06,4.618398e-03,1.505370e-02,0.000000e+00,0.000000e+00
2781,14,48051,7.497147e-06,4.617452e-03,1.287975e-02,0.000000e+00,0.000000e+00
2782,18,48069,1.308508e-06,4.664448e-03,1.318050e-02,0.000000e+00,0.000000e+00
2783,19,48088,7.292256e-06,4.580642e-03,1.463856e-02,0.000000e+00,0.000000e+00
HIST {'total_samples': 26340899, 'floor_samples': 288, 'floor_fraction': 1.0933567605266623e-05, 'saturation_depth': 4.6566128730773926e-09, 'boundaries': 2784, 'capped_boundaries': 0, 'unfinished_worlds': 0}
2784,16,48104,4.190952e-08,4.715930e-03,1.317690e-02,0.000000e+00,0.000000e+00
2785,15,48119,1.202732e-06,4.668206e-03,1.484992e-02,0.000000e+00,0.000000e+00
2786,21,48140,1.699198e-05,4.612768e-03,1.549987e-02,0.000000e+00,0.000000e+00
2787,18,48158,1.645487e-06,4.466454e-03,1.287975e-02,0.000000e+00,0.000000e+00
2788,25,48183,1.076013e-05,4.643512e-03,1.363125e-02,0.000000e+00,0.000000e+00
2789,18,48201,8.210469e-07,4.517624e-03,1.509454e-02,0.000000e+00,0.000000e+00
2790,16,48217,4.882176e-06,4.590297e-03,1.895139e-02,0.000000e+00,0.000000e+00
2791,14,48231,1.893158e-06,4.544626e-03,1.426780e-02,0.000000e+00,0.000000e+00
2792,13,48244,1.913514e-06,4.500654e-03,1.317690e-02,0.000000e+00,0.000000e+00
2793,16,48260,2.445838e-05,4.571134e-03,1.206967e-02,0.000000e+00,0.000000e+00
2794,14,48274,1.155233e-05,4.643485e-03,2.294645e-02,0.000000e+00,0.000000e+00
2795,17,48291,4.816017e-06,4.528325e-03,1.287975e-02,0.000000e+00,0.000000e+00
2796,16,48307,7.331746e-06,4.661421e-03,1.406660e-02,0.000000e+00,0.000000e+00
2797,18,48325,9.853393e-06,4.596368e-03,1.351176e-02,0.000000e+00,0.000000e+00
2798,18,48343,2.176623e-05,4.628949e-03,1.290850e-02,0.000000e+00,0.000000e+00
2799,18,48361,7.340228e-06,4.489241e-03,1.379669e-02,0.000000e+00,0.000000e+00
2800,17,48378,1.010485e-05,4.700764e-03,1.559275e-02,0.000000e+00,0.000000e+00
2801,15,48393,1.445993e-05,4.602776e-03,1.490138e-02,0.000000e+00,0.000000e+00
2802,16,48409,1.044969e-06,4.702771e-03,1.287975e-02,0.000000e+00,0.000000e+00
2803,18,48427,1.117587e-06,4.613396e-03,1.394515e-02,0.000000e+00,0.000000e+00
2804,17,48444,8.268146e-06,4.643261e-03,1.422471e-02,0.000000e+00,0.000000e+00
2805,20,48464,2.369840e-06,4.551470e-03,1.262402e-02,0.000000e+00,0.000000e+00
2806,19,48483,1.178983e-06,4.667173e-03,1.523476e-02,0.000000e+00,0.000000e+00
2807,17,48500,1.521651e-06,4.487178e-03,1.293085e-02,0.000000e+00,0.000000e+00
2808,15,48515,8.312252e-07,4.646885e-03,1.460834e-02,0.000000e+00,0.000000e+00
2809,15,48530,2.077045e-05,4.585104e-03,1.281043e-02,0.000000e+00,0.000000e+00
2810,15,48545,2.468005e-07,4.547741e-03,1.364488e-02,0.000000e+00,0.000000e+00
2811,15,48560,2.144222e-06,4.485460e-03,1.448852e-02,0.000000e+00,0.000000e+00
2812,14,48574,1.175590e-05,4.722403e-03,1.526109e-02,0.000000e+00,0.000000e+00
2813,22,48596,1.048669e-05,4.624513e-03,1.448481e-02,0.000000e+00,0.000000e+00
2814,17,48613,8.987263e-07,4.703226e-03,1.528062e-02,0.000000e+00,0.000000e+00
2815,16,48629,7.326656e-06,4.621631e-03,1.470800e-02,0.000000e+00,0.000000e+00
2816,15,48644,8.770274e-07,4.685819e-03,1.354599e-02,0.000000e+00,0.000000e+00
2817,13,48657,4.551382e-06,4.572988e-03,1.737014e-02,0.000000e+00,0.000000e+00
2818,14,48671,1.817499e-05,4.609501e-03,1.653912e-02,0.000000e+00,0.000000e+00
2819,14,48685,7.274069e-06,4.537123e-03,1.574177e-02,0.000000e+00,0.000000e+00
2820,22,48707,1.065325e-06,4.657221e-03,1.732793e-02,0.000000e+00,0.000000e+00
2821,14,48721,8.055940e-07,4.557397e-03,1.461638e-02,0.000000e+00,0.000000e+00
2822,18,48739,5.564120e-06,4.633390e-03,1.235164e-02,0.000000e+00,0.000000e+00
2823,19,48758,1.064986e-05,4.600535e-03,1.493316e-02,0.000000e+00,0.000000e+00
2824,15,48773,7.166527e-06,4.655662e-03,1.442230e-02,0.000000e+00,0.000000e+00
2825,16,48789,4.658254e-06,4.499637e-03,1.364661e-02,0.000000e+00,0.000000e+00
2826,18,48807,1.645487e-06,4.629819e-03,1.423649e-02,0.000000e+00,0.000000e+00
2827,19,48826,1.959317e-06,4.526650e-03,1.381634e-02,0.000000e+00,0.000000e+00
2828,14,48840,1.441921e-06,4.582061e-03,1.615902e-02,0.000000e+00,0.000000e+00
2829,14,48854,9.313226e-07,4.489719e-03,1.350683e-02,0.000000e+00,0.000000e+00
2830,17,48871,4.101842e-06,4.675671e-03,1.452468e-02,0.000000e+00,0.000000e+00
2831,14,48885,3.586523e-05,4.596458e-03,1.175673e-02,0.000000e+00,0.000000e+00
HIST {'total_samples': 26779150, 'floor_samples': 298, 'floor_fraction': 1.1128060450014283e-05, 'saturation_depth': 4.6566128730773926e-09, 'boundaries': 2832, 'capped_boundaries': 0, 'unfinished_worlds': 0}
2832,22,48907,1.704860e-06,4.712168e-03,2.251405e-02,0.000000e+00,0.000000e+00
2833,17,48924,2.122169e-06,4.617354e-03,1.253358e-02,0.000000e+00,0.000000e+00
2834,16,48940,1.262105e-06,4.586251e-03,1.460892e-02,0.000000e+00,0.000000e+00
2835,25,48965,8.378412e-06,4.511588e-03,1.305457e-02,0.000000e+00,0.000000e+00
2836,16,48981,8.412339e-06,4.596496e-03,1.435035e-02,0.000000e+00,0.000000e+00
2837,15,48996,9.754174e-07,4.547240e-03,1.296855e-02,0.000000e+00,0.000000e+00
2838,14,49010,1.394423e-05,4.709920e-03,1.241430e-02,0.000000e+00,0.000000e+00
2839,14,49024,7.793161e-06,4.527756e-03,1.360397e-02,0.000000e+00,0.000000e+00
2840,17,49041,7.301569e-06,4.638801e-03,1.291052e-02,0.000000e+00,0.000000e+00
2841,15,49056,1.501295e-06,4.538344e-03,1.331022e-02,0.000000e+00,0.000000e+00
2842,15,49071,1.692985e-06,4.689775e-03,1.352999e-02,0.000000e+00,0.000000e+00
2843,15,49086,2.342698e-06,4.552219e-03,1.317210e-02,0.000000e+00,0.000000e+00
2844,14,49100,2.124544e-05,4.640847e-03,1.821472e-02,0.000000e+00,0.000000e+00
2845,15,49115,1.649372e-05,4.511080e-03,1.353177e-02,0.000000e+00,0.000000e+00
2846,15,49130,1.686200e-06,4.710478e-03,1.796915e-02,0.000000e+00,0.000000e+00
2847,17,49147,1.192554e-06,4.592952e-03,1.495577e-02,0.000000e+00,0.000000e+00
2848,17,49164,1.974404e-06,4.673789e-03,1.619477e-02,0.000000e+00,0.000000e+00
2849,20,49184,1.699771e-06,4.475215e-03,1.505944e-02,0.000000e+00,0.000000e+00
2850,17,49201,2.027511e-05,4.612946e-03,1.821472e-02,0.000000e+00,0.000000e+00
2851,20,49221,8.990804e-07,4.528801e-03,1.482618e-02,0.000000e+00,0.000000e+00
2852,16,49237,2.381715e-06,4.642567e-03,1.424017e-02,0.000000e+00,0.000000e+00
2853,18,49255,1.061424e-05,4.645702e-03,1.442502e-02,0.000000e+00,0.000000e+00
2854,19,49274,2.054314e-06,4.603606e-03,1.243909e-02,0.000000e+00,0.000000e+00
2855,14,49288,1.270587e-06,4.512552e-03,1.456395e-02,0.000000e+00,0.000000e+00
2856,21,49309,1.041684e-05,4.557137e-03,1.502574e-02,0.000000e+00,0.000000e+00
2857,18,49327,2.335573e-05,4.560861e-03,1.376956e-02,0.000000e+00,0.000000e+00
2858,24,49351,4.546293e-06,4.645206e-03,1.391540e-02,0.000000e+00,0.000000e+00
2859,13,49364,1.030974e-05,4.540353e-03,1.330215e-02,0.000000e+00,0.000000e+00
2860,14,49378,2.218862e-06,4.557075e-03,1.453262e-02,0.000000e+00,0.000000e+00
2861,17,49395,1.937151e-06,4.521878e-03,1.336946e-02,0.000000e+00,0.000000e+00
2862,17,49412,5.318145e-06,4.614772e-03,1.315597e-02,0.000000e+00,0.000000e+00
2863,15,49427,3.289616e-05,4.451647e-03,1.265742e-02,0.000000e+00,0.000000e+00
2864,13,49440,4.459778e-06,4.611520e-03,1.434489e-02,0.000000e+00,0.000000e+00
2865,22,49462,7.189250e-06,4.570270e-03,1.487710e-02,0.000000e+00,0.000000e+00
2866,18,49480,7.727002e-06,4.617670e-03,1.449459e-02,0.000000e+00,0.000000e+00
2867,17,49497,8.661300e-06,4.421060e-03,1.316431e-02,0.000000e+00,0.000000e+00
2868,19,49516,8.228235e-06,4.644176e-03,1.671107e-02,0.000000e+00,0.000000e+00
2869,16,49532,7.949227e-06,4.436856e-03,1.439188e-02,0.000000e+00,0.000000e+00
2870,17,49549,8.400463e-06,4.596819e-03,1.758822e-02,0.000000e+00,0.000000e+00
2871,24,49573,3.984792e-06,4.535613e-03,1.357216e-02,0.000000e+00,0.000000e+00
2872,23,49596,1.035469e-05,4.615017e-03,1.504967e-02,0.000000e+00,0.000000e+00
2873,17,49613,1.058540e-06,4.487544e-03,1.490010e-02,0.000000e+00,0.000000e+00
2874,14,49627,1.685694e-06,4.617881e-03,1.501137e-02,0.000000e+00,0.000000e+00
2875,16,49643,1.407146e-05,4.500270e-03,1.319252e-02,0.000000e+00,0.000000e+00
2876,16,49659,1.005828e-06,4.602686e-03,1.473171e-02,0.000000e+00,0.000000e+00
2877,21,49680,1.913514e-06,4.591024e-03,1.610411e-02,0.000000e+00,0.000000e+00
2878,16,49696,8.067974e-06,4.613501e-03,1.512868e-02,0.000000e+00,0.000000e+00
2879,14,49710,9.347043e-07,4.563278e-03,1.407510e-02,0.000000e+00,0.000000e+00
HIST {'total_samples': 27218040, 'floor_samples': 300, 'floor_fraction': 1.102210151796382e-05, 'saturation_depth': 4.6566128730773926e-09, 'boundaries': 2880, 'capped_boundaries': 0, 'unfinished_worlds': 0}
2880,29,49739,1.611188e-06,4.509554e-03,1.588357e-02,0.000000e+00,0.000000e+00
2881,21,49760,9.143477e-07,4.471795e-03,1.308091e-02,0.000000e+00,0.000000e+00
2882,23,49783,7.301569e-06,4.630390e-03,1.778154e-02,0.000000e+00,0.000000e+00
2883,15,49798,2.011657e-06,4.532586e-03,1.821472e-02,0.000000e+00,0.000000e+00
2884,14,49812,9.584536e-07,4.654036e-03,1.379090e-02,0.000000e+00,0.000000e+00
2885,16,49828,8.512425e-06,4.654452e-03,1.481929e-02,0.000000e+00,0.000000e+00
2886,15,49843,3.539026e-07,4.645555e-03,1.269408e-02,0.000000e+00,0.000000e+00
2887,18,49861,1.755543e-06,4.460576e-03,1.685077e-02,0.000000e+00,0.000000e+00
2888,16,49877,3.937293e-06,4.547368e-03,1.537218e-02,0.000000e+00,0.000000e+00
2889,21,49898,1.494003e-05,4.157579e-03,1.284670e-02,0.000000e+00,0.000000e+00
2890,22,49920,1.113155e-06,4.070042e-03,1.553908e-02,0.000000e+00,0.000000e+00
2891,29,49949,1.497961e-05,4.028538e-03,1.507474e-02,0.000000e+00,0.000000e+00
2892,21,49970,3.771856e-07,4.169597e-03,1.454985e-02,0.000000e+00,0.000000e+00
2893,19,49989,1.331468e-06,4.062518e-03,1.569889e-02,0.000000e+00,0.000000e+00
2894,16,50005,1.465814e-06,4.120184e-03,1.552461e-02,0.000000e+00,0.000000e+00
2895,19,50024,2.265894e-06,4.064600e-03,1.418656e-02,0.000000e+00,0.000000e+00
2896,16,50040,6.147542e-06,4.016504e-03,1.756424e-02,0.000000e+00,0.000000e+00
2897,15,50055,6.490605e-06,4.055823e-03,1.617526e-02,0.000000e+00,0.000000e+00
2898,17,50072,2.418233e-06,4.175595e-03,1.430289e-02,0.000000e+00,0.000000e+00
2899,18,50090,3.082767e-06,4.021930e-03,1.228345e-02,0.000000e+00,0.000000e+00
2900,21,50111,2.150740e-06,4.139123e-03,1.594384e-02,0.000000e+00,0.000000e+00
2901,21,50132,1.627749e-06,4.036715e-03,1.437107e-02,0.000000e+00,0.000000e+00
2902,24,50156,1.644543e-06,4.145473e-03,1.449459e-02,0.000000e+00,0.000000e+00
2903,21,50177,3.205118e-06,3.995007e-03,1.523195e-02,0.000000e+00,0.000000e+00
2904,19,50196,4.004687e-07,4.089803e-03,1.384471e-02,0.000000e+00,0.000000e+00
2905,19,50215,2.351590e-06,3.985662e-03,1.375129e-02,0.000000e+00,0.000000e+00
2906,17,50232,4.256144e-06,4.065093e-03,1.374604e-02,0.000000e+00,0.000000e+00
2907,15,50247,1.675730e-06,3.956787e-03,1.403263e-02,0.000000e+00,0.000000e+00
2908,16,50263,2.823671e-06,4.044413e-03,1.805563e-02,0.000000e+00,0.000000e+00
2909,19,50282,1.682927e-06,3.957361e-03,1.855760e-02,0.000000e+00,0.000000e+00
2910,21,50303,1.806766e-06,4.145237e-03,1.354255e-02,0.000000e+00,0.000000e+00
2911,17,50320,1.063855e-05,4.035850e-03,1.389263e-02,0.000000e+00,0.000000e+00
2912,27,50347,9.968015e-06,4.137762e-03,1.774853e-02,0.000000e+00,0.000000e+00
2913,18,50365,1.168093e-05,3.949312e-03,1.336392e-02,0.000000e+00,0.000000e+00
2914,15,50380,1.422631e-06,4.145108e-03,1.549594e-02,0.000000e+00,0.000000e+00
2915,19,50399,1.235506e-06,4.006686e-03,1.416367e-02,0.000000e+00,0.000000e+00
2916,17,50416,1.083887e-05,4.100283e-03,1.500574e-02,0.000000e+00,0.000000e+00
2917,16,50432,2.786486e-06,3.987191e-03,1.287975e-02,0.000000e+00,0.000000e+00
2918,17,50449,1.341105e-06,4.052037e-03,2.139877e-02,0.000000e+00,0.000000e+00
2919,16,50465,5.867332e-07,3.990159e-03,1.287975e-02,0.000000e+00,0.000000e+00
2920,18,50483,3.492460e-06,4.080082e-03,1.477232e-02,0.000000e+00,0.000000e+00
2921,16,50499,9.080395e-07,3.955535e-03,1.342978e-02,0.000000e+00,0.000000e+00
2922,15,50514,2.518993e-06,4.020879e-03,1.304336e-02,0.000000e+00,0.000000e+00
2923,22,50536,4.330650e-07,3.928336e-03,1.287975e-02,0.000000e+00,0.000000e+00
2924,16,50552,1.450220e-06,4.040405e-03,1.342258e-02,0.000000e+00,0.000000e+00
2925,22,50574,7.916242e-07,3.909509e-03,1.330095e-02,0.000000e+00,0.000000e+00
2926,16,50590,1.546182e-06,4.092300e-03,1.673181e-02,0.000000e+00,0.000000e+00
2927,20,50610,1.508743e-06,4.015722e-03,1.386818e-02,0.000000e+00,0.000000e+00
HIST {'total_samples': 27673766, 'floor_samples': 311, 'floor_fraction': 1.1238080136978826e-05, 'saturation_depth': 4.6566128730773926e-09, 'boundaries': 2928, 'capped_boundaries': 0, 'unfinished_worlds': 0}
2928,19,50629,6.331068e-06,4.034966e-03,1.574708e-02,0.000000e+00,0.000000e+00
2929,17,50646,6.585367e-06,3.914570e-03,1.483901e-02,0.000000e+00,0.000000e+00
2930,16,50662,2.076849e-06,4.010044e-03,1.292734e-02,0.000000e+00,0.000000e+00
2931,18,50680,1.499429e-06,3.903709e-03,1.489775e-02,0.000000e+00,0.000000e+00
2932,19,50699,1.089647e-06,4.105742e-03,1.402066e-02,0.000000e+00,0.000000e+00
2933,16,50715,2.421439e-07,3.973144e-03,1.514739e-02,0.000000e+00,0.000000e+00
2934,15,50730,6.863655e-06,4.132833e-03,1.449459e-02,0.000000e+00,0.000000e+00
2935,18,50748,1.114834e-05,4.006727e-03,1.389194e-02,0.000000e+00,0.000000e+00
2936,14,50762,3.199093e-06,4.066703e-03,1.369615e-02,0.000000e+00,0.000000e+00
2937,16,50778,1.290684e-06,3.921268e-03,1.229483e-02,0.000000e+00,0.000000e+00
2938,15,50793,1.029111e-06,4.092888e-03,1.407640e-02,0.000000e+00,0.000000e+00
2939,16,50809,3.268942e-06,4.032850e-03,1.406291e-02,0.000000e+00,0.000000e+00
2940,19,50828,1.093963e-06,4.067229e-03,1.514259e-02,0.000000e+00,0.000000e+00
2941,17,50845,6.633348e-06,4.029566e-03,1.396790e-02,0.000000e+00,0.000000e+00
2942,16,50861,2.941224e-06,4.085016e-03,1.452096e-02,0.000000e+00,0.000000e+00
2943,14,50875,5.892044e-06,3.977292e-03,1.345354e-02,0.000000e+00,0.000000e+00
2944,18,50893,1.465814e-06,4.117069e-03,1.624794e-02,0.000000e+00,0.000000e+00
2945,21,50914,6.071972e-06,4.025457e-03,1.363347e-02,0.000000e+00,0.000000e+00
2946,15,50929,6.550581e-06,4.082231e-03,1.331430e-02,0.000000e+00,0.000000e+00
2947,15,50944,6.034787e-06,4.100076e-03,1.127551e-02,0.000000e+00,0.000000e+00
2948,16,50960,1.180328e-06,4.004508e-03,1.294159e-02,0.000000e+00,0.000000e+00
2949,14,50974,1.194482e-05,3.995395e-03,1.316753e-02,0.000000e+00,0.000000e+00
2950,21,50995,1.108274e-06,4.078434e-03,1.447134e-02,0.000000e+00,0.000000e+00
2951,18,51013,3.674068e-06,4.005495e-03,1.317690e-02,0.000000e+00,0.000000e+00
2952,23,51036,1.866454e-06,4.041701e-03,1.482881e-02,0.000000e+00,0.000000e+00
2953,15,51051,1.466833e-06,4.020995e-03,1.533562e-02,0.000000e+00,0.000000e+00
2954,21,51072,6.041984e-06,4.042119e-03,1.774146e-02,0.000000e+00,0.000000e+00
2955,19,51091,7.309877e-06,4.100447e-03,1.330592e-02,0.000000e+00,0.000000e+00
2956,16,51107,2.738088e-06,4.092631e-03,1.466258e-02,0.000000e+00,0.000000e+00
2957,20,51127,1.643343e-06,4.018656e-03,1.426106e-02,0.000000e+00,0.000000e+00
2958,15,51142,2.123415e-06,4.177539e-03,1.449459e-02,0.000000e+00,0.000000e+00
2959,27,51169,1.005198e-05,4.015906e-03,1.407021e-02,0.000000e+00,0.000000e+00
2960,19,51188,7.482608e-06,4.088352e-03,1.459037e-02,0.000000e+00,0.000000e+00
2961,18,51206,5.605358e-06,4.016540e-03,1.479018e-02,0.000000e+00,0.000000e+00
2962,16,51222,3.224311e-06,4.165369e-03,1.624291e-02,0.000000e+00,0.000000e+00
2963,19,51241,1.466833e-05,4.028187e-03,1.420638e-02,0.000000e+00,0.000000e+00
2964,15,51256,1.662411e-06,4.136509e-03,1.453075e-02,0.000000e+00,0.000000e+00
2965,13,51269,1.986406e-06,4.011704e-03,1.331620e-02,0.000000e+00,0.000000e+00
2966,16,51285,1.713634e-06,4.077088e-03,1.449459e-02,0.000000e+00,0.000000e+00
2967,18,51303,4.172325e-06,4.101902e-03,1.323489e-02,0.000000e+00,0.000000e+00
2968,19,51322,6.055178e-06,4.202345e-03,1.599818e-02,0.000000e+00,0.000000e+00
2969,15,51337,2.650940e-06,4.005698e-03,1.259177e-02,0.000000e+00,0.000000e+00
2970,17,51354,2.394243e-06,4.169569e-03,1.672013e-02,0.000000e+00,0.000000e+00
2971,14,51368,2.570572e-06,4.068034e-03,1.499233e-02,0.000000e+00,0.000000e+00
2972,17,51385,3.571622e-06,4.224611e-03,1.322431e-02,0.000000e+00,0.000000e+00
2973,25,51410,1.405118e-05,4.105333e-03,1.294655e-02,0.000000e+00,0.000000e+00
2974,16,51426,7.143144e-06,4.124308e-03,1.480972e-02,0.000000e+00,0.000000e+00
2975,17,51443,2.064374e-06,4.103293e-03,1.479899e-02,0.000000e+00,0.000000e+00
HIST {'total_samples': 28130973, 'floor_samples': 312, 'floor_fraction': 1.109097790538564e-05, 'saturation_depth': 4.6566128730773926e-09, 'boundaries': 2976, 'capped_boundaries': 0, 'unfinished_worlds': 0}
2976,16,51459,1.254698e-06,4.174005e-03,1.634226e-02,0.000000e+00,0.000000e+00
2977,16,51475,2.454218e-06,4.150596e-03,1.287157e-02,0.000000e+00,0.000000e+00
2978,14,51489,8.381903e-07,4.119743e-03,1.894201e-02,0.000000e+00,0.000000e+00
2979,15,51504,3.632158e-07,4.110295e-03,1.237403e-02,0.000000e+00,0.000000e+00
2980,18,51522,5.665334e-06,4.128975e-03,1.660447e-02,0.000000e+00,0.000000e+00
2981,21,51543,6.235106e-06,4.168836e-03,1.420350e-02,0.000000e+00,0.000000e+00
2982,15,51558,1.776490e-06,4.174807e-03,1.479301e-02,0.000000e+00,0.000000e+00
2983,17,51575,2.374873e-06,4.118677e-03,1.350592e-02,0.000000e+00,0.000000e+00
2984,17,51592,6.519258e-07,4.117211e-03,1.605212e-02,0.000000e+00,0.000000e+00
2985,14,51606,3.590249e-06,4.081912e-03,1.416021e-02,0.000000e+00,0.000000e+00
2986,16,51622,1.204318e-06,4.174605e-03,1.827249e-02,0.000000e+00,0.000000e+00
2987,21,51643,1.006398e-05,4.036788e-03,1.503841e-02,0.000000e+00,0.000000e+00
2988,19,51662,2.719313e-06,4.144828e-03,1.483240e-02,0.000000e+00,0.000000e+00
2989,18,51680,1.843663e-06,4.060319e-03,1.594739e-02,0.000000e+00,0.000000e+00
2990,15,51695,1.675449e-05,4.100202e-03,1.472190e-02,0.000000e+00,0.000000e+00
2991,16,51711,4.144385e-06,4.062181e-03,1.266709e-02,0.000000e+00,0.000000e+00
2992,17,51728,1.816074e-06,4.236040e-03,1.512268e-02,0.000000e+00,0.000000e+00
2993,15,51743,1.861656e-06,4.101735e-03,1.195924e-02,0.000000e+00,0.000000e+00
2994,15,51758,1.123951e-06,4.199948e-03,1.682698e-02,0.000000e+00,0.000000e+00
2995,17,51775,1.637345e-06,4.058192e-03,1.340817e-02,0.000000e+00,0.000000e+00
2996,21,51796,2.374873e-06,4.091362e-03,1.465612e-02,0.000000e+00,0.000000e+00
2997,14,51810,1.153939e-06,4.019936e-03,1.263009e-02,0.000000e+00,0.000000e+00
2998,16,51826,1.251698e-05,4.040633e-03,1.451498e-02,0.000000e+00,0.000000e+00
2999,17,51843,6.612390e-07,4.003378e-03,1.648603e-02,0.000000e+00,0.000000e+00
3000,18,51861,1.886725e-05,4.082317e-03,1.609260e-02,0.000000e+00,0.000000e+00
3001,20,51881,5.447022e-06,4.022670e-03,1.594405e-02,0.000000e+00,0.000000e+00
3002,17,51898,2.135146e-06,4.048225e-03,1.594039e-02,0.000000e+00,0.000000e+00
3003,15,51913,2.730108e-06,4.009108e-03,1.547592e-02,0.000000e+00,0.000000e+00
3004,14,51927,1.266694e-06,4.154009e-03,1.406449e-02,0.000000e+00,0.000000e+00
3005,14,51941,2.468005e-06,4.099705e-03,1.265888e-02,0.000000e+00,0.000000e+00
3006,21,51962,1.583367e-06,4.205368e-03,1.446765e-02,0.000000e+00,0.000000e+00
3007,17,51979,4.284084e-07,4.051089e-03,1.249273e-02,0.000000e+00,0.000000e+00
3008,17,51996,3.492460e-07,4.194554e-03,1.364242e-02,0.000000e+00,0.000000e+00
3009,25,52021,1.529268e-05,4.052632e-03,1.726948e-02,0.000000e+00,0.000000e+00
3010,16,52037,2.299480e-06,4.201985e-03,1.500246e-02,0.000000e+00,0.000000e+00
3011,20,52057,2.149540e-06,4.146231e-03,1.470034e-02,0.000000e+00,0.000000e+00
3012,13,52070,1.531667e-05,4.108298e-03,1.691265e-02,0.000000e+00,0.000000e+00
3013,37,52107,1.165934e-06,4.083584e-03,1.181272e-02,0.000000e+00,0.000000e+00
3014,20,52127,2.238305e-06,4.126793e-03,1.558497e-02,0.000000e+00,0.000000e+00
3015,15,52142,2.243103e-06,4.103054e-03,1.317690e-02,0.000000e+00,0.000000e+00
3016,20,52162,1.417113e-05,4.120393e-03,1.350951e-02,0.000000e+00,0.000000e+00
3017,16,52178,2.686926e-06,4.203992e-03,1.236240e-02,0.000000e+00,0.000000e+00
3018,14,52192,1.815148e-05,4.173103e-03,1.577863e-02,0.000000e+00,0.000000e+00
3019,20,52212,3.175810e-06,4.025075e-03,1.376155e-02,0.000000e+00,0.000000e+00
3020,12,52224,2.602959e-06,4.169979e-03,2.014697e-02,0.000000e+00,0.000000e+00
3021,16,52240,2.847661e-06,4.008314e-03,1.688597e-02,0.000000e+00,0.000000e+00
3022,15,52255,3.112755e-06,4.161975e-03,1.474572e-02,0.000000e+00,0.000000e+00
3023,23,52278,6.806079e-06,4.108906e-03,1.384541e-02,0.000000e+00,0.000000e+00
HIST {'total_samples': 28584507, 'floor_samples': 318, 'floor_fraction': 1.1124907629157291e-05, 'saturation_depth': 4.6566128730773926e-09, 'boundaries': 3024, 'capped_boundaries': 0, 'unfinished_worlds': 0}
3024,17,52295,1.825670e-06,4.155179e-03,1.578060e-02,0.000000e+00,0.000000e+00
3025,15,52310,2.214314e-06,4.048443e-03,1.314278e-02,0.000000e+00,0.000000e+00
3026,28,52338,3.972091e-06,4.106739e-03,1.767104e-02,0.000000e+00,0.000000e+00
3027,16,52354,9.797682e-06,4.161497e-03,1.753846e-02,0.000000e+00,0.000000e+00
3028,17,52371,6.706518e-06,4.175439e-03,1.562539e-02,0.000000e+00,0.000000e+00
3029,14,52385,6.660936e-06,4.116237e-03,1.287975e-02,0.000000e+00,0.000000e+00
3030,19,52404,1.349460e-06,4.182432e-03,1.427980e-02,0.000000e+00,0.000000e+00
3031,16,52420,1.681727e-06,4.098666e-03,1.251100e-02,0.000000e+00,0.000000e+00
3032,19,52439,2.632947e-06,4.262870e-03,1.457684e-02,0.000000e+00,0.000000e+00
3033,28,52467,2.439824e-06,4.124350e-03,1.379537e-02,0.000000e+00,0.000000e+00
3034,17,52484,1.012155e-05,4.185341e-03,1.572722e-02,0.000000e+00,0.000000e+00
3035,25,52509,2.817673e-06,4.084458e-03,1.287975e-02,0.000000e+00,0.000000e+00
3036,17,52526,2.692923e-06,4.165399e-03,2.400716e-02,0.000000e+00,0.000000e+00
3037,13,52539,2.499801e-06,4.028582e-03,1.287975e-02,0.000000e+00,0.000000e+00
3038,20,52559,3.827736e-06,4.201147e-03,1.424219e-02,0.000000e+00,0.000000e+00
3039,15,52574,1.291883e-06,4.153960e-03,1.495207e-02,0.000000e+00,0.000000e+00
3040,18,52592,6.220713e-06,4.222638e-03,1.468269e-02,0.000000e+00,0.000000e+00
3041,22,52614,1.443550e-06,4.086787e-03,1.545651e-02,0.000000e+00,0.000000e+00
3042,23,52637,2.540584e-06,4.215562e-03,1.569934e-02,0.000000e+00,0.000000e+00
3043,19,52656,1.519792e-06,4.085421e-03,1.252662e-02,0.000000e+00,0.000000e+00
3044,20,52676,2.793968e-08,4.141296e-03,1.398386e-02,0.000000e+00,0.000000e+00
3045,14,52690,1.093963e-06,4.060581e-03,1.312510e-02,0.000000e+00,0.000000e+00
3046,22,52712,2.312675e-06,4.154865e-03,1.379881e-02,0.000000e+00,0.000000e+00
3047,15,52727,1.491963e-05,4.074418e-03,1.443841e-02,0.000000e+00,0.000000e+00
3048,13,52740,1.146981e-05,4.208690e-03,1.757155e-02,0.000000e+00,0.000000e+00
3049,17,52757,1.904555e-06,4.192427e-03,1.369314e-02,0.000000e+00,0.000000e+00
3050,20,52777,1.626550e-06,4.207294e-03,1.613290e-02,0.000000e+00,0.000000e+00
3051,15,52792,6.081568e-06,4.038766e-03,1.597871e-02,0.000000e+00,0.000000e+00
3052,15,52807,1.223511e-06,4.170988e-03,1.287975e-02,0.000000e+00,0.000000e+00
3053,15,52822,1.923071e-05,4.087482e-03,1.266139e-02,0.000000e+00,0.000000e+00
3054,14,52836,6.609357e-06,4.196254e-03,1.371600e-02,0.000000e+00,0.000000e+00
3055,14,52850,1.921632e-06,4.116874e-03,1.395349e-02,0.000000e+00,0.000000e+00
3056,16,52866,5.510597e-06,4.142410e-03,1.494666e-02,0.000000e+00,0.000000e+00
3057,20,52886,8.242205e-07,4.041913e-03,1.287975e-02,0.000000e+00,0.000000e+00
3058,15,52901,1.907237e-06,4.150898e-03,1.325151e-02,0.000000e+00,0.000000e+00
3059,19,52920,2.370216e-06,4.182212e-03,1.467490e-02,0.000000e+00,0.000000e+00
3060,15,52935,3.138557e-06,4.125484e-03,1.449459e-02,0.000000e+00,0.000000e+00
3061,20,52955,7.217750e-07,4.108693e-03,1.612131e-02,0.000000e+00,0.000000e+00
3062,15,52970,1.955777e-07,4.269626e-03,1.537459e-02,0.000000e+00,0.000000e+00
3063,21,52991,1.247972e-06,4.136976e-03,1.594405e-02,0.000000e+00,0.000000e+00
3064,20,53011,1.462176e-06,4.120506e-03,1.340442e-02,0.000000e+00,0.000000e+00
3065,17,53028,3.306195e-06,4.019763e-03,1.287975e-02,0.000000e+00,0.000000e+00
3066,16,53044,6.386247e-06,4.129353e-03,1.812070e-02,0.000000e+00,0.000000e+00
3067,21,53065,5.722912e-06,3.992631e-03,1.287975e-02,0.000000e+00,0.000000e+00
3068,21,53086,5.243103e-06,4.228930e-03,1.727930e-02,0.000000e+00,0.000000e+00
3069,22,53108,2.245502e-06,4.038174e-03,1.287975e-02,0.000000e+00,0.000000e+00
3070,17,53125,2.632947e-06,4.169149e-03,1.845155e-02,0.000000e+00,0.000000e+00
3071,20,53145,1.769513e-07,4.200428e-03,1.460028e-02,0.000000e+00,0.000000e+00
HIST {'total_samples': 29037622, 'floor_samples': 322, 'floor_fraction': 1.1089062320599117e-05, 'saturation_depth': 4.6566128730773926e-09, 'boundaries': 3072, 'capped_boundaries': 0, 'unfinished_worlds': 0}
3072,21,53166,5.463815e-06,4.223646e-03,1.423669e-02,0.000000e+00,0.000000e+00
3073,17,53183,1.266694e-06,4.056958e-03,1.327569e-02,0.000000e+00,0.000000e+00
3074,15,53198,1.128269e-05,4.166682e-03,1.571896e-02,0.000000e+00,0.000000e+00
3075,14,53212,1.424191e-05,4.067349e-03,1.440117e-02,0.000000e+00,0.000000e+00
3076,20,53232,1.431028e-06,4.106585e-03,1.768092e-02,0.000000e+00,0.000000e+00
3077,23,53255,1.098761e-06,4.187415e-03,1.287975e-02,0.000000e+00,0.000000e+00
3078,16,53271,5.495003e-06,4.114830e-03,1.739031e-02,0.000000e+00,0.000000e+00
3079,15,53286,3.925525e-06,3.938271e-03,1.545189e-02,0.000000e+00,0.000000e+00
3080,15,53301,1.178123e-06,4.218902e-03,1.476549e-02,0.000000e+00,0.000000e+00
3081,19,53320,5.656938e-06,4.105581e-03,1.315900e-02,0.000000e+00,0.000000e+00
3082,20,53340,2.365934e-05,4.200429e-03,1.680755e-02,0.000000e+00,0.000000e+00
3083,17,53357,1.674530e-06,4.140248e-03,1.362932e-02,0.000000e+00,0.000000e+00
3084,21,53378,2.053579e-06,4.187714e-03,1.823602e-02,0.000000e+00,0.000000e+00
3085,14,53392,2.357058e-06,4.131315e-03,1.449865e-02,0.000000e+00,0.000000e+00
3086,15,53407,1.060856e-05,4.114483e-03,1.700500e-02,0.000000e+00,0.000000e+00
3087,14,53421,1.974410e-06,4.064069e-03,1.450844e-02,0.000000e+00,0.000000e+00
3088,18,53439,1.095762e-05,4.242741e-03,1.376039e-02,0.000000e+00,0.000000e+00
3089,14,53453,1.881272e-06,4.060218e-03,1.291011e-02,0.000000e+00,0.000000e+00
3090,14,53467,1.086765e-06,4.154442e-03,1.424010e-02,0.000000e+00,0.000000e+00
3091,15,53482,2.720033e-05,4.090129e-03,1.400932e-02,0.000000e+00,0.000000e+00
3092,14,53496,1.384247e-06,4.210060e-03,1.745170e-02,0.000000e+00,0.000000e+00
3093,15,53511,9.415035e-06,4.021962e-03,1.272411e-02,0.000000e+00,0.000000e+00
3094,15,53526,1.349486e-05,4.164455e-03,2.780309e-02,0.000000e+00,0.000000e+00
3095,15,53541,7.125151e-06,4.125974e-03,2.194830e-02,0.000000e+00,0.000000e+00
3096,15,53556,2.401440e-06,4.140227e-03,1.495186e-02,0.000000e+00,0.000000e+00
3097,14,53570,1.667067e-06,4.001444e-03,1.313313e-02,0.000000e+00,0.000000e+00
3098,19,53589,5.894443e-06,4.088466e-03,1.428592e-02,0.000000e+00,0.000000e+00
3099,22,53611,5.959217e-06,4.103628e-03,1.328306e-02,0.000000e+00,0.000000e+00
3100,18,53629,1.114594e-05,4.169140e-03,1.465328e-02,0.000000e+00,0.000000e+00
3101,16,53645,5.122274e-08,4.035478e-03,1.324254e-02,0.000000e+00,0.000000e+00
3102,17,53662,6.135547e-06,4.151899e-03,1.569362e-02,0.000000e+00,0.000000e+00
3103,16,53678,1.110756e-06,4.091581e-03,1.304155e-02,0.000000e+00,0.000000e+00
3104,14,53692,6.212316e-06,4.085346e-03,1.594405e-02,0.000000e+00,0.000000e+00
3105,15,53707,2.314337e-06,4.073158e-03,1.336116e-02,0.000000e+00,0.000000e+00
3106,16,53723,1.368653e-06,4.101787e-03,1.419727e-02,0.000000e+00,0.000000e+00
3107,16,53739,9.663336e-06,4.057136e-03,2.136729e-02,0.000000e+00,0.000000e+00
3108,14,53753,6.809677e-06,4.209041e-03,1.723487e-02,0.000000e+00,0.000000e+00
3109,20,53773,9.313226e-07,4.054533e-03,1.399439e-02,0.000000e+00,0.000000e+00
3110,21,53794,1.344662e-06,4.226935e-03,1.563241e-02,0.000000e+00,0.000000e+00
3111,15,53809,2.282927e-05,4.113098e-03,1.405318e-02,0.000000e+00,0.000000e+00
3112,17,53826,5.681068e-07,4.204966e-03,1.932504e-02,0.000000e+00,0.000000e+00
3113,14,53840,1.987605e-06,4.136739e-03,1.286779e-02,0.000000e+00,0.000000e+00
3114,17,53857,1.273891e-06,4.149812e-03,1.660187e-02,0.000000e+00,0.000000e+00
3115,18,53875,2.083567e-06,4.105970e-03,1.461293e-02,0.000000e+00,0.000000e+00
3116,15,53890,6.381449e-06,4.169671e-03,1.661282e-02,0.000000e+00,0.000000e+00
3117,16,53906,1.759696e-05,3.998917e-03,1.753846e-02,0.000000e+00,0.000000e+00
3118,20,53926,1.681727e-06,4.214210e-03,1.526479e-02,0.000000e+00,0.000000e+00
3119,21,53947,1.759576e-05,4.097449e-03,1.594405e-02,0.000000e+00,0.000000e+00
HIST {'total_samples': 29494499, 'floor_samples': 326, 'floor_fraction': 1.1052908544064437e-05, 'saturation_depth': 4.6566128730773926e-09, 'boundaries': 3120, 'capped_boundaries': 0, 'unfinished_worlds': 0}
3120,21,53968,1.991204e-06,4.120287e-03,1.532674e-02,0.000000e+00,0.000000e+00
3121,17,53985,8.940697e-07,4.087065e-03,1.410327e-02,0.000000e+00,0.000000e+00
3122,15,54000,7.776543e-07,4.145873e-03,1.530859e-02,0.000000e+00,0.000000e+00
3123,18,54018,1.048141e-05,4.002978e-03,1.199747e-02,0.000000e+00,0.000000e+00
3124,23,54041,5.313875e-06,4.116551e-03,1.582132e-02,0.000000e+00,0.000000e+00
3125,21,54062,1.201406e-06,4.009414e-03,1.577828e-02,0.000000e+00,0.000000e+00
3126,15,54077,9.972812e-06,4.091225e-03,1.403719e-02,0.000000e+00,0.000000e+00
3127,22,54099,2.316274e-06,4.092609e-03,1.328314e-02,0.000000e+00,0.000000e+00
3128,15,54114,1.203269e-05,4.073774e-03,1.589911e-02,0.000000e+00,0.000000e+00
3129,24,54138,6.788086e-06,4.046873e-03,1.410068e-02,0.000000e+00,0.000000e+00
3130,15,54153,1.251698e-05,4.153128e-03,1.648353e-02,0.000000e+00,0.000000e+00
3131,24,54177,5.799681e-06,4.001689e-03,1.216294e-02,0.000000e+00,0.000000e+00
3132,16,54193,2.235906e-06,4.115968e-03,1.424984e-02,0.000000e+00,0.000000e+00
3133,22,54215,1.480803e-06,3.956027e-03,1.277601e-02,0.000000e+00,0.000000e+00
3134,16,54231,2.887100e-06,4.203340e-03,1.641839e-02,0.000000e+00,0.000000e+00
3135,19,54250,1.259496e-06,4.131489e-03,1.289866e-02,0.000000e+00,0.000000e+00
3136,14,54264,1.427069e-05,4.197333e-03,1.384763e-02,0.000000e+00,0.000000e+00
3137,16,54280,1.260079e-05,4.027967e-03,1.449733e-02,0.000000e+00,0.000000e+00
3138,15,54295,1.633747e-06,4.071301e-03,1.644158e-02,0.000000e+00,0.000000e+00
3139,16,54311,9.828869e-06,4.013498e-03,1.433561e-02,0.000000e+00,0.000000e+00
3140,15,54326,5.732508e-06,4.126356e-03,1.410916e-02,0.000000e+00,0.000000e+00
3141,28,54354,2.145942e-06,4.065275e-03,1.360681e-02,0.000000e+00,0.000000e+00
3142,14,54368,6.242304e-06,4.165879e-03,1.287975e-02,0.000000e+00,0.000000e+00
3143,21,54389,2.309680e-06,3.970867e-03,1.287975e-02,0.000000e+00,0.000000e+00
3144,15,54404,1.450069e-05,4.144907e-03,1.438576e-02,0.000000e+00,0.000000e+00
3145,19,54423,1.077769e-05,4.082304e-03,1.221585e-02,0.000000e+00,0.000000e+00
3146,26,54449,1.403439e-06,4.203335e-03,1.403688e-02,0.000000e+00,0.000000e+00
3147,16,54465,9.477410e-06,4.046135e-03,1.320840e-02,0.000000e+00,0.000000e+00
3148,16,54481,1.332427e-05,4.130746e-03,1.579284e-02,0.000000e+00,0.000000e+00
3149,19,54500,1.518056e-06,3.978943e-03,1.577097e-02,0.000000e+00,0.000000e+00
3150,15,54515,1.192323e-06,4.156082e-03,1.448737e-02,0.000000e+00,0.000000e+00
3151,15,54530,1.380768e-05,4.017194e-03,1.280231e-02,0.000000e+00,0.000000e+00
3152,15,54545,9.590165e-06,4.181991e-03,1.374104e-02,0.000000e+00,0.000000e+00
3153,15,54560,1.285886e-06,3.990114e-03,1.472556e-02,0.000000e+00,0.000000e+00
3154,15,54575,6.165535e-06,4.106042e-03,1.383545e-02,0.000000e+00,0.000000e+00
3155,17,54592,1.941808e-06,4.010721e-03,1.314517e-02,0.000000e+00,0.000000e+00
3156,22,54614,1.239104e-06,4.160252e-03,1.698339e-02,0.000000e+00,0.000000e+00
3157,21,54635,6.141544e-06,4.071718e-03,1.482874e-02,0.000000e+00,0.000000e+00
3158,19,54654,2.896413e-06,4.158841e-03,1.669790e-02,0.000000e+00,0.000000e+00
3159,16,54670,2.039185e-06,4.019234e-03,1.255215e-02,0.000000e+00,0.000000e+00
3160,25,54695,2.688365e-05,4.120432e-03,1.494718e-02,0.000000e+00,0.000000e+00
3161,16,54711,1.369044e-06,4.092815e-03,1.320460e-02,0.000000e+00,0.000000e+00
3162,18,54729,1.212715e-06,4.142853e-03,1.411584e-02,0.000000e+00,0.000000e+00
3163,21,54750,2.960416e-06,4.052595e-03,1.287975e-02,0.000000e+00,0.000000e+00
3164,20,54770,5.598161e-06,3.995501e-03,1.371222e-02,0.000000e+00,0.000000e+00
3165,16,54786,7.264316e-07,4.030573e-03,1.420529e-02,0.000000e+00,0.000000e+00
3166,18,54804,1.081248e-05,4.035217e-03,1.354184e-02,0.000000e+00,0.000000e+00
3167,19,54823,1.140744e-06,3.996071e-03,1.294417e-02,0.000000e+00,0.000000e+00
HIST {'total_samples': 29956543, 'floor_samples': 329, 'floor_fraction': 1.0982575659681427e-05, 'saturation_depth': 4.6566128730773926e-09, 'boundaries': 3168, 'capped_boundaries': 0, 'unfinished_worlds': 0}
3168,14,54837,2.854859e-06,4.067614e-03,1.442456e-02,0.000000e+00,0.000000e+00
3169,17,54854,6.383847e-06,4.035227e-03,1.829444e-02,0.000000e+00,0.000000e+00
3170,19,54873,3.669411e-06,4.078467e-03,1.784539e-02,0.000000e+00,0.000000e+00
3171,15,54888,5.331868e-06,3.995043e-03,1.345752e-02,0.000000e+00,0.000000e+00
3172,17,54905,7.000401e-06,4.247533e-03,1.369381e-02,0.000000e+00,0.000000e+00
3173,22,54927,5.835667e-06,4.145423e-03,1.461793e-02,0.000000e+00,0.000000e+00
3174,15,54942,1.451420e-06,4.113690e-03,1.531635e-02,0.000000e+00,0.000000e+00
3175,28,54970,7.962808e-07,4.056376e-03,1.445345e-02,0.000000e+00,0.000000e+00
3176,16,54986,1.734746e-05,4.132313e-03,1.429019e-02,0.000000e+00,0.000000e+00
3177,17,55003,1.904838e-06,3.989108e-03,1.272914e-02,0.000000e+00,0.000000e+00
3178,14,55017,6.678929e-06,4.083398e-03,1.426286e-02,0.000000e+00,0.000000e+00
3179,19,55036,1.077169e-06,3.959472e-03,1.461389e-02,0.000000e+00,0.000000e+00
3180,18,55054,1.982807e-06,4.142683e-03,1.449459e-02,0.000000e+00,0.000000e+00
3181,21,55075,9.425831e-06,4.061270e-03,1.370619e-02,0.000000e+00,0.000000e+00
3182,18,55093,1.946464e-06,4.158389e-03,1.383730e-02,0.000000e+00,0.000000e+00
3183,16,55109,1.769513e-06,4.009462e-03,1.287975e-02,0.000000e+00,0.000000e+00
3184,20,55129,6.668134e-06,4.165332e-03,1.640083e-02,0.000000e+00,0.000000e+00
3185,15,55144,2.358257e-06,4.029691e-03,1.485943e-02,0.000000e+00,0.000000e+00
3186,15,55159,5.327070e-06,4.151308e-03,1.511507e-02,0.000000e+00,0.000000e+00
3187,16,55175,9.406358e-07,4.012257e-03,1.316595e-02,0.000000e+00,0.000000e+00
3188,17,55192,1.357857e-05,4.129663e-03,1.722537e-02,0.000000e+00,0.000000e+00
3189,16,55208,9.857658e-06,4.029745e-03,1.295178e-02,0.000000e+00,0.000000e+00
3190,17,55225,2.295882e-06,4.180592e-03,1.594068e-02,0.000000e+00,0.000000e+00
3191,18,55243,1.631348e-06,3.998891e-03,1.339552e-02,0.000000e+00,0.000000e+00
3192,37,55280,1.113155e-06,4.132966e-03,1.409736e-02,0.000000e+00,0.000000e+00
3193,27,55307,1.536682e-06,3.912748e-03,1.310982e-02,0.000000e+00,0.000000e+00
3194,14,55321,1.083167e-06,4.115293e-03,1.480374e-02,0.000000e+00,0.000000e+00
3195,22,55343,2.539384e-06,4.004659e-03,1.647949e-02,0.000000e+00,0.000000e+00
3196,26,55369,9.224312e-06,4.087596e-03,1.570815e-02,0.000000e+00,0.000000e+00
3197,16,55385,1.455018e-06,3.994470e-03,1.288518e-02,0.000000e+00,0.000000e+00
3198,17,55402,2.149540e-06,4.131606e-03,1.381151e-02,0.000000e+00,0.000000e+00
3199,15,55417,6.881648e-06,4.070817e-03,1.594405e-02,0.000000e+00,0.000000e+00
3200,19,55436,1.091564e-06,4.184952e-03,1.510705e-02,0.000000e+00,0.000000e+00
3201,17,55453,2.468005e-06,4.088122e-03,1.463616e-02,0.000000e+00,0.000000e+00
3202,19,55472,2.445822e-06,4.069919e-03,1.723960e-02,0.000000e+00,0.000000e+00
3203,19,55491,6.279489e-06,4.014935e-03,1.495706e-02,0.000000e+00,0.000000e+00
3204,14,55505,5.576570e-06,4.174976e-03,1.474334e-02,0.000000e+00,0.000000e+00
3205,18,55523,2.694123e-06,3.985259e-03,1.236979e-02,0.000000e+00,0.000000e+00
3206,20,55543,1.739711e-05,4.127340e-03,1.673419e-02,0.000000e+00,0.000000e+00
3207,20,55563,1.005198e-06,4.011547e-03,1.532470e-02,0.000000e+00,0.000000e+00
3208,15,55578,9.831269e-06,4.021772e-03,1.587972e-02,0.000000e+00,0.000000e+00
3209,15,55593,1.351860e-06,3.974093e-03,1.345851e-02,0.000000e+00,0.000000e+00
3210,18,55611,6.749701e-06,4.096325e-03,2.138796e-02,0.000000e+00,0.000000e+00
3211,17,55628,1.513399e-06,3.981193e-03,1.584676e-02,0.000000e+00,0.000000e+00
3212,14,55642,2.328306e-07,4.025194e-03,1.682530e-02,0.000000e+00,0.000000e+00
3213,18,55660,1.732107e-06,3.969054e-03,1.929230e-02,0.000000e+00,0.000000e+00
3214,15,55675,5.972412e-06,4.154260e-03,1.561231e-02,0.000000e+00,0.000000e+00
3215,16,55691,1.700920e-06,4.034621e-03,1.434603e-02,0.000000e+00,0.000000e+00
HIST {'total_samples': 30422082, 'floor_samples': 332, 'floor_fraction': 1.0913125538219245e-05, 'saturation_depth': 4.6566128730773926e-09, 'boundaries': 3216, 'capped_boundaries': 0, 'unfinished_worlds': 0}
3216,20,55711,1.063975e-05,4.086163e-03,1.775207e-02,0.000000e+00,0.000000e+00
3217,14,55725,1.837665e-06,3.952409e-03,1.239828e-02,0.000000e+00,0.000000e+00
3218,17,55742,8.009374e-07,4.112410e-03,1.377324e-02,0.000000e+00,0.000000e+00
3219,27,55769,8.960417e-06,4.004017e-03,1.297009e-02,0.000000e+00,0.000000e+00
3220,15,55784,6.782088e-06,4.090425e-03,1.484902e-02,0.000000e+00,0.000000e+00
3221,26,55810,2.287485e-06,3.919243e-03,1.388465e-02,0.000000e+00,0.000000e+00
3222,23,55833,1.051020e-05,4.154309e-03,1.589615e-02,0.000000e+00,0.000000e+00
3223,16,55849,1.988805e-06,3.960492e-03,1.322662e-02,0.000000e+00,0.000000e+00
3224,21,55870,1.570172e-06,4.059912e-03,1.502537e-02,0.000000e+00,0.000000e+00
3225,18,55888,1.965091e-06,4.052726e-03,1.243594e-02,0.000000e+00,0.000000e+00
3226,15,55903,5.590965e-06,4.025301e-03,1.461601e-02,0.000000e+00,0.000000e+00
3227,14,55917,9.490605e-06,3.967073e-03,1.599761e-02,0.000000e+00,0.000000e+00
3228,14,55931,1.997687e-06,4.171799e-03,1.506287e-02,0.000000e+00,0.000000e+00
3229,21,55952,1.465814e-06,3.968481e-03,1.293040e-02,0.000000e+00,0.000000e+00
3230,19,55971,9.301080e-06,4.086895e-03,1.804683e-02,0.000000e+00,0.000000e+00
3231,14,55985,2.233147e-05,4.039393e-03,1.203617e-02,0.000000e+00,0.000000e+00
3232,17,56002,3.515743e-06,4.034087e-03,1.271531e-02,0.000000e+00,0.000000e+00
3233,24,56026,5.172332e-06,4.030867e-03,1.554360e-02,0.000000e+00,0.000000e+00
3234,18,56044,5.686926e-06,4.090920e-03,1.365282e-02,0.000000e+00,0.000000e+00
3235,15,56059,1.073571e-06,3.954840e-03,1.519693e-02,0.000000e+00,0.000000e+00
3236,21,56080,9.552979e-06,4.093747e-03,1.626793e-02,0.000000e+00,0.000000e+00
3237,17,56097,1.007597e-06,3.995092e-03,1.382112e-02,0.000000e+00,0.000000e+00
3238,21,56118,2.576570e-06,4.052809e-03,1.308444e-02,0.000000e+00,0.000000e+00
3239,29,56147,2.468005e-07,4.005442e-03,1.637022e-02,0.000000e+00,0.000000e+00
3240,14,56161,1.259496e-06,4.132184e-03,1.480250e-02,0.000000e+00,0.000000e+00
3241,20,56181,1.165934e-06,3.946683e-03,1.526434e-02,0.000000e+00,0.000000e+00
3242,19,56200,5.448237e-07,4.062675e-03,1.532611e-02,0.000000e+00,0.000000e+00
3243,15,56215,5.315075e-06,4.009048e-03,1.882618e-02,0.000000e+00,0.000000e+00
3244,15,56230,1.101160e-06,4.050571e-03,1.596575e-02,0.000000e+00,0.000000e+00
3245,20,56250,1.564622e-06,4.028100e-03,1.379264e-02,0.000000e+00,0.000000e+00
3246,21,56271,1.282897e-05,4.141545e-03,1.511374e-02,0.000000e+00,0.000000e+00
3247,17,56288,5.781688e-06,4.072432e-03,1.235536e-02,0.000000e+00,0.000000e+00
3248,15,56303,1.302679e-06,4.079973e-03,1.441908e-02,0.000000e+00,0.000000e+00
3249,14,56317,2.037985e-06,4.071112e-03,1.294363e-02,0.000000e+00,0.000000e+00
3250,14,56331,2.440065e-06,4.088424e-03,1.512744e-02,0.000000e+00,0.000000e+00
3251,17,56348,1.043823e-05,4.126905e-03,1.287975e-02,0.000000e+00,0.000000e+00
3252,14,56362,1.664934e-06,4.139095e-03,1.260372e-02,0.000000e+00,0.000000e+00
3253,16,56378,2.217913e-06,4.103502e-03,1.287975e-02,0.000000e+00,0.000000e+00
3254,19,56397,1.497001e-06,4.162349e-03,1.635522e-02,0.000000e+00,0.000000e+00
3255,16,56413,6.089965e-06,4.065546e-03,1.319479e-02,0.000000e+00,0.000000e+00
3256,19,56432,5.304279e-06,4.169991e-03,1.650843e-02,0.000000e+00,0.000000e+00
3257,14,56446,1.054618e-05,4.101111e-03,1.519522e-02,0.000000e+00,0.000000e+00
3258,18,56464,5.854859e-06,4.129793e-03,1.463222e-02,0.000000e+00,0.000000e+00
3259,16,56480,1.443550e-06,4.080589e-03,1.287975e-02,0.000000e+00,0.000000e+00
3260,15,56495,2.089564e-06,4.183691e-03,1.777882e-02,0.000000e+00,0.000000e+00
3261,14,56509,6.338266e-06,4.076017e-03,1.269328e-02,0.000000e+00,0.000000e+00
3262,18,56527,5.401671e-07,4.204426e-03,1.440957e-02,0.000000e+00,0.000000e+00
3263,16,56543,1.531787e-06,4.020869e-03,1.439892e-02,0.000000e+00,0.000000e+00
HIST {'total_samples': 30886484, 'floor_samples': 336, 'floor_fraction': 1.0878544802963005e-05, 'saturation_depth': 4.6566128730773926e-09, 'boundaries': 3264, 'capped_boundaries': 0, 'unfinished_worlds': 0}
3264,22,56565,9.313226e-07,4.175225e-03,1.335504e-02,0.000000e+00,0.000000e+00
3265,20,56585,1.297798e-05,4.057081e-03,1.287975e-02,0.000000e+00,0.000000e+00
3266,27,56612,2.817251e-06,4.107532e-03,1.343338e-02,0.000000e+00,0.000000e+00
3267,16,56628,7.357448e-07,3.980146e-03,1.335656e-02,0.000000e+00,0.000000e+00
3268,27,56655,6.077969e-06,4.179176e-03,1.287975e-02,0.000000e+00,0.000000e+00
3269,20,56675,3.213063e-07,3.999657e-03,1.287975e-02,0.000000e+00,0.000000e+00
3270,31,56706,2.041584e-06,4.049471e-03,1.601861e-02,0.000000e+00,0.000000e+00
3271,19,56725,1.317821e-06,4.013889e-03,1.410904e-02,0.000000e+00,0.000000e+00
3272,15,56740,1.271255e-06,4.065717e-03,1.384466e-02,0.000000e+00,0.000000e+00
3273,30,56770,2.102759e-06,4.029316e-03,1.287975e-02,0.000000e+00,0.000000e+00
3274,15,56785,1.771212e-05,4.075014e-03,1.607605e-02,0.000000e+00,0.000000e+00
3275,21,56806,6.439025e-06,3.912535e-03,1.567779e-02,0.000000e+00,0.000000e+00
3276,18,56824,2.742104e-06,4.153257e-03,1.447150e-02,0.000000e+00,0.000000e+00
3277,14,56838,3.376044e-06,4.034800e-03,1.247575e-02,0.000000e+00,0.000000e+00
3278,17,56855,1.912035e-06,4.081252e-03,1.443751e-02,0.000000e+00,0.000000e+00
3279,18,56873,2.756498e-06,3.944856e-03,1.453853e-02,0.000000e+00,0.000000e+00
3280,17,56890,2.780488e-06,4.074953e-03,1.286391e-02,0.000000e+00,0.000000e+00
3281,17,56907,2.045182e-06,3.893037e-03,1.400408e-02,0.000000e+00,0.000000e+00
3282,18,56925,1.197121e-06,4.052425e-03,1.449459e-02,0.000000e+00,0.000000e+00
3283,21,56946,2.016313e-06,4.000773e-03,1.331575e-02,0.000000e+00,0.000000e+00
3284,16,56962,2.547167e-06,4.115136e-03,1.992498e-02,0.000000e+00,0.000000e+00
3285,18,56980,1.396984e-07,4.031082e-03,1.286920e-02,0.000000e+00,0.000000e+00
3286,21,57001,7.916242e-07,4.098502e-03,1.593458e-02,0.000000e+00,0.000000e+00
3287,18,57019,2.035586e-06,4.074798e-03,1.277318e-02,0.000000e+00,0.000000e+00
3288,25,57044,4.879649e-06,4.163707e-03,1.389056e-02,0.000000e+00,0.000000e+00
3289,18,57062,1.854458e-06,4.033373e-03,1.356502e-02,0.000000e+00,0.000000e+00
3290,17,57079,6.519258e-08,4.119433e-03,1.456075e-02,0.000000e+00,0.000000e+00
3291,19,57098,2.378649e-06,4.060440e-03,1.674293e-02,0.000000e+00,0.000000e+00
3292,16,57114,1.387671e-06,4.041445e-03,1.439601e-02,0.000000e+00,0.000000e+00
3293,15,57129,6.707718e-06,4.034732e-03,1.607228e-02,0.000000e+00,0.000000e+00
3294,15,57144,1.561775e-06,4.038392e-03,1.669280e-02,0.000000e+00,0.000000e+00
3295,17,57161,1.368653e-06,4.023597e-03,1.523851e-02,0.000000e+00,0.000000e+00
3296,16,57177,6.076770e-06,4.147030e-03,1.389584e-02,0.000000e+00,0.000000e+00
3297,14,57191,1.068533e-05,4.001873e-03,1.754494e-02,0.000000e+00,0.000000e+00
3298,17,57208,1.720112e-06,4.162043e-03,1.744492e-02,0.000000e+00,0.000000e+00
3299,15,57223,4.925231e-06,3.985799e-03,1.483896e-02,0.000000e+00,0.000000e+00
3300,17,57240,1.145527e-05,4.114456e-03,1.440892e-02,0.000000e+00,0.000000e+00
3301,14,57254,1.527369e-06,3.954078e-03,1.368717e-02,0.000000e+00,0.000000e+00
3302,22,57276,1.860456e-06,4.047190e-03,1.541629e-02,0.000000e+00,0.000000e+00
3303,15,57291,1.871958e-06,3.998168e-03,1.268911e-02,0.000000e+00,0.000000e+00
3304,21,57312,1.784406e-05,4.071141e-03,1.802111e-02,0.000000e+00,0.000000e+00
3305,20,57332,9.831269e-06,4.021741e-03,1.452138e-02,0.000000e+00,0.000000e+00
3306,18,57350,1.834705e-06,4.107197e-03,2.113600e-02,0.000000e+00,0.000000e+00
3307,14,57364,6.766494e-06,3.998422e-03,1.602177e-02,0.000000e+00,0.000000e+00
3308,14,57378,2.715714e-06,4.083726e-03,1.789009e-02,0.000000e+00,0.000000e+00
3309,21,57399,2.646142e-06,4.011222e-03,1.301945e-02,0.000000e+00,0.000000e+00
3310,23,57422,1.926430e-06,4.093812e-03,1.532072e-02,0.000000e+00,0.000000e+00
3311,18,57440,5.090764e-06,4.040906e-03,1.292537e-02,0.000000e+00,0.000000e+00
HIST {'total_samples': 31354717, 'floor_samples': 342, 'floor_fraction': 1.090744974671594e-05, 'saturation_depth': 4.6566128730773926e-09, 'boundaries': 3312, 'capped_boundaries': 0, 'unfinished_worlds': 0}
3312,25,57465,6.407838e-06,4.245044e-03,1.455023e-02,0.000000e+00,0.000000e+00
3313,19,57484,1.341064e-05,4.041299e-03,1.353913e-02,0.000000e+00,0.000000e+00
3314,21,57505,1.892843e-06,4.117833e-03,1.516928e-02,0.000000e+00,0.000000e+00
3315,19,57524,1.788139e-06,4.004108e-03,1.504253e-02,0.000000e+00,0.000000e+00
3316,14,57538,1.331468e-06,4.054981e-03,1.573323e-02,0.000000e+00,0.000000e+00
3317,14,57552,9.422232e-06,3.996793e-03,1.778761e-02,0.000000e+00,0.000000e+00
3318,13,57565,2.881248e-06,4.130759e-03,1.881453e-02,0.000000e+00,0.000000e+00
3319,15,57580,5.593363e-06,3.987638e-03,1.547051e-02,0.000000e+00,0.000000e+00
3320,14,57594,2.112355e-06,4.056233e-03,1.712568e-02,0.000000e+00,0.000000e+00
3321,15,57609,1.182780e-06,4.035852e-03,1.435994e-02,0.000000e+00,0.000000e+00
3322,15,57624,1.285886e-06,4.119261e-03,1.836783e-02,0.000000e+00,0.000000e+00
3323,15,57639,1.177929e-06,4.091237e-03,1.398464e-02,0.000000e+00,0.000000e+00
3324,17,57656,1.639128e-06,4.059735e-03,1.362878e-02,0.000000e+00,0.000000e+00
3325,16,57672,6.106758e-06,4.014356e-03,1.887238e-02,0.000000e+00,0.000000e+00
3326,16,57688,5.512995e-06,4.187841e-03,1.443927e-02,0.000000e+00,0.000000e+00
3327,16,57704,1.136214e-06,3.965868e-03,1.721954e-02,0.000000e+00,0.000000e+00
3328,14,57718,2.886046e-06,4.117976e-03,2.062372e-02,0.000000e+00,0.000000e+00
3329,13,57731,8.720514e-06,4.041229e-03,1.806538e-02,0.000000e+00,0.000000e+00
3330,14,57745,9.646543e-06,4.134678e-03,1.581792e-02,0.000000e+00,0.000000e+00
3331,15,57760,2.580168e-06,4.075917e-03,1.476925e-02,0.000000e+00,0.000000e+00
3332,18,57778,1.271492e-06,4.125625e-03,1.631726e-02,0.000000e+00,0.000000e+00
3333,16,57794,1.103559e-06,4.006504e-03,1.449459e-02,0.000000e+00,0.000000e+00
3334,17,57811,2.845190e-06,4.106762e-03,1.615972e-02,0.000000e+00,0.000000e+00
3335,16,57827,1.241504e-06,4.044574e-03,1.400433e-02,0.000000e+00,0.000000e+00
3336,19,57846,1.973211e-06,4.176911e-03,1.495926e-02,0.000000e+00,0.000000e+00
3337,16,57862,1.134746e-06,3.981488e-03,1.331943e-02,0.000000e+00,0.000000e+00
3338,18,57880,1.261942e-06,4.056556e-03,1.549369e-02,0.000000e+00,0.000000e+00
3339,19,57899,1.844019e-06,3.938037e-03,1.740497e-02,0.000000e+00,0.000000e+00
3340,22,57921,2.493803e-06,4.126916e-03,1.590651e-02,0.000000e+00,0.000000e+00
3341,18,57939,2.425430e-06,4.032676e-03,1.472875e-02,0.000000e+00,0.000000e+00
3342,16,57955,1.652939e-06,4.114474e-03,1.592685e-02,0.000000e+00,0.000000e+00
3343,22,57977,2.195722e-05,4.074400e-03,1.450176e-02,0.000000e+00,0.000000e+00
3344,14,57991,1.518056e-06,4.128229e-03,1.594821e-02,0.000000e+00,0.000000e+00
3345,15,58006,1.646578e-05,3.985519e-03,1.417322e-02,0.000000e+00,0.000000e+00
3346,22,58028,1.390244e-06,4.114429e-03,1.516320e-02,0.000000e+00,0.000000e+00
3347,16,58044,2.784087e-06,4.073809e-03,1.279430e-02,0.000000e+00,0.000000e+00
3348,16,58060,5.745703e-06,3.997448e-03,1.624157e-02,0.000000e+00,0.000000e+00
3349,16,58076,5.148341e-06,4.018563e-03,1.489060e-02,0.000000e+00,0.000000e+00
3350,17,58093,8.750501e-06,4.115834e-03,1.553081e-02,0.000000e+00,0.000000e+00
3351,22,58115,9.196722e-06,4.078536e-03,1.287504e-02,0.000000e+00,0.000000e+00
3352,19,58134,2.407437e-06,4.189888e-03,2.258791e-02,0.000000e+00,0.000000e+00
3353,30,58164,1.717824e-05,4.088197e-03,1.382153e-02,0.000000e+00,0.000000e+00
3354,15,58179,1.011915e-05,4.094193e-03,1.658590e-02,0.000000e+00,0.000000e+00
3355,18,58197,1.618639e-05,4.079536e-03,1.616438e-02,0.000000e+00,0.000000e+00
3356,27,58224,2.703719e-06,4.196113e-03,1.532477e-02,0.000000e+00,0.000000e+00
3357,24,58248,2.250300e-06,4.027507e-03,1.326571e-02,0.000000e+00,0.000000e+00
3358,22,58270,1.561775e-06,4.145638e-03,1.576223e-02,0.000000e+00,0.000000e+00
3359,15,58285,1.032787e-06,4.006003e-03,1.402420e-02,0.000000e+00,0.000000e+00
HIST {'total_samples': 31821848, 'floor_samples': 342, 'floor_fraction': 1.0747333090146117e-05, 'saturation_depth': 4.6566128730773926e-09, 'boundaries': 3360, 'capped_boundaries': 0, 'unfinished_worlds': 0}
3360,15,58300,1.001360e-05,4.069915e-03,1.494153e-02,0.000000e+00,0.000000e+00
3361,28,58328,1.492203e-06,4.039414e-03,1.363965e-02,0.000000e+00,0.000000e+00
3362,17,58345,1.321871e-06,4.089574e-03,1.724208e-02,0.000000e+00,0.000000e+00
3363,20,58365,3.324822e-06,3.935518e-03,1.287975e-02,0.000000e+00,0.000000e+00
3364,21,58386,1.536682e-06,4.143103e-03,1.424402e-02,0.000000e+00,0.000000e+00
3365,16,58402,5.333067e-06,4.033609e-03,1.491096e-02,0.000000e+00,0.000000e+00
3366,16,58418,2.803281e-06,4.100131e-03,1.512693e-02,0.000000e+00,0.000000e+00
3367,16,58434,1.446622e-06,3.964034e-03,1.405680e-02,0.000000e+00,0.000000e+00
3368,15,58449,1.119450e-05,4.064353e-03,1.908967e-02,0.000000e+00,0.000000e+00
3369,16,58465,1.937151e-06,3.980275e-03,1.366075e-02,0.000000e+00,0.000000e+00
3370,17,58482,1.677289e-05,4.123548e-03,1.524141e-02,0.000000e+00,0.000000e+00
3371,22,58504,1.265494e-06,3.962900e-03,1.276419e-02,0.000000e+00,0.000000e+00
3372,22,58526,1.470612e-06,4.097054e-03,1.295561e-02,0.000000e+00,0.000000e+00
3373,15,58541,1.784166e-05,3.989845e-03,1.246088e-02,0.000000e+00,0.000000e+00
3374,17,58558,1.629815e-07,4.155626e-03,1.449459e-02,0.000000e+00,0.000000e+00
3375,14,58572,1.476146e-06,3.987147e-03,1.451798e-02,0.000000e+00,0.000000e+00
3376,28,58600,1.393843e-06,4.063075e-03,1.430552e-02,0.000000e+00,0.000000e+00
3377,24,58624,2.156738e-06,4.010001e-03,1.313753e-02,0.000000e+00,0.000000e+00
3378,16,58640,4.943223e-06,4.097571e-03,1.813548e-02,0.000000e+00,0.000000e+00
3379,17,58657,2.306678e-06,4.050142e-03,1.287975e-02,0.000000e+00,0.000000e+00
3380,22,58679,2.630548e-06,4.097599e-03,1.567615e-02,0.000000e+00,0.000000e+00
3381,16,58695,1.353059e-06,3.991943e-03,1.287975e-02,0.000000e+00,0.000000e+00
3382,14,58709,2.039596e-06,4.086567e-03,1.671473e-02,0.000000e+00,0.000000e+00
3383,16,58725,1.564622e-06,3.960204e-03,1.350443e-02,0.000000e+00,0.000000e+00
3384,17,58742,8.987263e-07,4.020763e-03,1.370168e-02,0.000000e+00,0.000000e+00
3385,17,58759,1.035186e-05,3.971139e-03,1.317472e-02,0.000000e+00,0.000000e+00
3386,17,58776,1.071021e-06,4.016276e-03,1.317690e-02,0.000000e+00,0.000000e+00
3387,20,58796,2.201120e-06,3.908868e-03,1.302013e-02,0.000000e+00,0.000000e+00
3388,20,58816,5.773291e-06,4.008640e-03,1.449459e-02,0.000000e+00,0.000000e+00
3389,18,58834,1.301480e-06,3.917857e-03,1.503541e-02,0.000000e+00,0.000000e+00
3390,25,58859,9.356259e-06,4.091844e-03,1.480933e-02,0.000000e+00,0.000000e+00
3391,16,58875,1.154840e-06,3.985329e-03,1.345798e-02,0.000000e+00,0.000000e+00
3392,19,58894,1.615994e-05,4.163865e-03,1.535899e-02,0.000000e+00,0.000000e+00
3393,16,58910,5.696522e-06,3.973712e-03,1.343752e-02,0.000000e+00,0.000000e+00
3394,19,58929,5.565775e-06,4.145256e-03,1.558556e-02,0.000000e+00,0.000000e+00
3395,19,58948,1.194722e-06,4.005936e-03,1.266022e-02,0.000000e+00,0.000000e+00
3396,19,58967,1.175530e-06,4.022210e-03,1.677316e-02,0.000000e+00,0.000000e+00
3397,13,58980,6.612390e-07,3.970987e-03,1.283187e-02,0.000000e+00,0.000000e+00
3398,18,58998,1.253499e-06,4.117124e-03,1.605753e-02,0.000000e+00,0.000000e+00
3399,19,59017,9.732321e-07,4.046763e-03,1.287975e-02,0.000000e+00,0.000000e+00
3400,18,59035,1.007837e-05,4.099534e-03,1.399490e-02,0.000000e+00,0.000000e+00
3401,22,59057,1.280569e-05,4.004309e-03,1.314581e-02,0.000000e+00,0.000000e+00
3402,18,59075,1.583367e-06,4.056821e-03,1.393689e-02,0.000000e+00,0.000000e+00
3403,13,59088,5.853659e-06,4.046689e-03,1.363555e-02,0.000000e+00,0.000000e+00
3404,16,59104,1.622951e-06,4.144105e-03,1.449459e-02,0.000000e+00,0.000000e+00
3405,16,59120,1.022711e-05,3.961070e-03,1.550380e-02,0.000000e+00,0.000000e+00
3406,27,59147,1.235266e-05,4.033533e-03,1.439886e-02,0.000000e+00,0.000000e+00
3407,18,59165,4.889444e-07,3.926961e-03,1.328215e-02,0.000000e+00,0.000000e+00
HIST {'total_samples': 32294531, 'floor_samples': 346, 'floor_fraction': 1.0713888367042705e-05, 'saturation_depth': 4.6566128730773926e-09, 'boundaries': 3408, 'capped_boundaries': 0, 'unfinished_worlds': 0}
3408,24,59189,1.132347e-06,4.112776e-03,1.353044e-02,0.000000e+00,0.000000e+00
3409,15,59204,1.183927e-06,3.963568e-03,1.292343e-02,0.000000e+00,0.000000e+00
3410,17,59221,2.272427e-06,4.190928e-03,1.538339e-02,0.000000e+00,0.000000e+00
3411,19,59240,4.816074e-06,4.027907e-03,1.738655e-02,0.000000e+00,0.000000e+00
3412,19,59259,1.348501e-05,4.094830e-03,1.744779e-02,0.000000e+00,0.000000e+00
3413,14,59273,1.993603e-06,3.988718e-03,1.271228e-02,0.000000e+00,0.000000e+00
3414,14,59287,9.142744e-06,4.095592e-03,1.467059e-02,0.000000e+00,0.000000e+00
3415,24,59311,1.805278e-06,4.002662e-03,1.530299e-02,0.000000e+00,0.000000e+00
3416,15,59326,1.852059e-06,4.175480e-03,2.122153e-02,0.000000e+00,0.000000e+00
3417,20,59346,1.069972e-06,4.030936e-03,1.230084e-02,0.000000e+00,0.000000e+00
3418,15,59361,2.374873e-07,4.086830e-03,1.638400e-02,0.000000e+00,0.000000e+00
3419,18,59379,2.275490e-06,4.075151e-03,1.830431e-02,0.000000e+00,0.000000e+00
3420,19,59398,1.006518e-05,4.122703e-03,1.981821e-02,0.000000e+00,0.000000e+00
3421,16,59414,9.531389e-06,4.007742e-03,1.395955e-02,0.000000e+00,0.000000e+00
3422,17,59431,4.516914e-07,4.109897e-03,1.338227e-02,0.000000e+00,0.000000e+00
3423,24,59455,8.987263e-07,3.942375e-03,1.297674e-02,0.000000e+00,0.000000e+00
3424,15,59470,2.114102e-06,4.045127e-03,1.821917e-02,0.000000e+00,0.000000e+00
3425,16,59486,5.004399e-06,4.022175e-03,1.506983e-02,0.000000e+00,0.000000e+00
3426,17,59503,4.877250e-06,4.096154e-03,1.995128e-02,0.000000e+00,0.000000e+00
3427,17,59520,7.636845e-07,3.980777e-03,1.444422e-02,0.000000e+00,0.000000e+00
3428,19,59539,2.029588e-06,4.038980e-03,1.890089e-02,0.000000e+00,0.000000e+00
3429,17,59556,1.490116e-06,3.949571e-03,1.393386e-02,0.000000e+00,0.000000e+00
3430,15,59571,4.734507e-06,4.036624e-03,1.813136e-02,0.000000e+00,0.000000e+00
3431,19,59590,2.351590e-06,3.883136e-03,1.592438e-02,0.000000e+00,0.000000e+00
3432,18,59608,4.873651e-06,4.024271e-03,1.332298e-02,0.000000e+00,0.000000e+00
3433,14,59622,5.359457e-06,3.995452e-03,1.377672e-02,0.000000e+00,0.000000e+00
3434,17,59639,1.143143e-06,4.064960e-03,1.502798e-02,0.000000e+00,0.000000e+00
3435,13,59652,1.039984e-06,3.944671e-03,1.320495e-02,0.000000e+00,0.000000e+00
3436,16,59668,1.390364e-05,4.090055e-03,1.484281e-02,0.000000e+00,0.000000e+00
3437,23,59691,6.344264e-06,4.006425e-03,1.313957e-02,0.000000e+00,0.000000e+00
3438,14,59705,6.220713e-06,4.076350e-03,1.406287e-02,0.000000e+00,0.000000e+00
3439,16,59721,4.813675e-06,3.928687e-03,1.386413e-02,0.000000e+00,0.000000e+00
3440,23,59744,1.260936e-05,4.119870e-03,1.488042e-02,0.000000e+00,0.000000e+00
3441,17,59761,6.067174e-06,4.021284e-03,1.778948e-02,0.000000e+00,0.000000e+00
3442,17,59778,1.359731e-06,4.018159e-03,1.786486e-02,0.000000e+00,0.000000e+00
3443,16,59794,4.673331e-06,3.973507e-03,1.213864e-02,0.000000e+00,0.000000e+00
3444,13,59807,9.406358e-07,3.998402e-03,1.755031e-02,0.000000e+00,0.000000e+00
3445,15,59822,2.342276e-06,3.898307e-03,1.513104e-02,0.000000e+00,0.000000e+00
3446,16,59838,5.748102e-06,4.070669e-03,1.928394e-02,0.000000e+00,0.000000e+00
3447,23,59861,1.271971e-05,4.012628e-03,1.432246e-02,0.000000e+00,0.000000e+00
3448,14,59875,6.752089e-07,4.187195e-03,1.675204e-02,0.000000e+00,0.000000e+00
3449,16,59891,1.471490e-06,4.000545e-03,1.568025e-02,0.000000e+00,0.000000e+00
3450,14,59905,1.429580e-06,4.137629e-03,1.605516e-02,0.000000e+00,0.000000e+00
3451,16,59921,1.740504e-06,4.034756e-03,1.594405e-02,0.000000e+00,0.000000e+00
3452,14,59935,1.357857e-05,4.177535e-03,1.493542e-02,0.000000e+00,0.000000e+00
3453,17,59952,1.272691e-05,4.023061e-03,1.331400e-02,0.000000e+00,0.000000e+00
3454,18,59970,2.407469e-06,4.099123e-03,1.664327e-02,0.000000e+00,0.000000e+00
3455,20,59990,5.961616e-06,4.022452e-03,1.578894e-02,0.000000e+00,0.000000e+00
HIST {'total_samples': 32767724, 'floor_samples': 353, 'floor_fraction': 1.077279581578507e-05, 'saturation_depth': 4.6566128730773926e-09, 'boundaries': 3456, 'capped_boundaries': 0, 'unfinished_worlds': 0}
3456,16,60006,1.861656e-06,4.046528e-03,1.595829e-02,0.000000e+00,0.000000e+00
3457,17,60023,2.108757e-06,3.998511e-03,1.557371e-02,0.000000e+00,0.000000e+00
3458,18,60041,9.313226e-07,4.069034e-03,1.556261e-02,0.000000e+00,0.000000e+00
3459,23,60064,1.897641e-06,4.051347e-03,1.325707e-02,0.000000e+00,0.000000e+00
3460,21,60085,2.385006e-05,4.161262e-03,1.627347e-02,0.000000e+00,0.000000e+00
3461,22,60107,1.312275e-05,4.007310e-03,2.077257e-02,0.000000e+00,0.000000e+00
3462,15,60122,5.617354e-06,4.171531e-03,1.432708e-02,0.000000e+00,0.000000e+00
3463,15,60137,1.053179e-06,4.013261e-03,1.417767e-02,0.000000e+00,0.000000e+00
3464,31,60168,1.127549e-06,4.139666e-03,1.545012e-02,0.000000e+00,0.000000e+00
3465,15,60183,2.002344e-06,4.027185e-03,1.555706e-02,0.000000e+00,0.000000e+00
3466,14,60197,8.562176e-06,4.214910e-03,1.487323e-02,0.000000e+00,0.000000e+00
3467,16,60213,2.183951e-06,3.916139e-03,1.263964e-02,0.000000e+00,0.000000e+00
3468,21,60234,1.330868e-05,4.070004e-03,1.491621e-02,0.000000e+00,0.000000e+00
3469,14,60248,2.672896e-06,3.999564e-03,1.714512e-02,0.000000e+00,0.000000e+00
3470,15,60263,9.298682e-06,4.141975e-03,1.352707e-02,0.000000e+00,0.000000e+00
3471,21,60284,1.355458e-05,3.950138e-03,1.372606e-02,0.000000e+00,0.000000e+00
3472,13,60297,1.648141e-06,4.029070e-03,1.508671e-02,0.000000e+00,0.000000e+00
3473,21,60318,1.033987e-06,4.031810e-03,1.566654e-02,0.000000e+00,0.000000e+00
3474,23,60341,9.716115e-07,4.169789e-03,1.317690e-02,0.000000e+00,0.000000e+00
3475,19,60360,3.725290e-07,4.062654e-03,1.347379e-02,0.000000e+00,0.000000e+00
3476,24,60384,4.656538e-06,4.115077e-03,1.391274e-02,0.000000e+00,0.000000e+00
3477,13,60397,5.009197e-06,4.072378e-03,1.343786e-02,0.000000e+00,0.000000e+00
3478,14,60411,1.610956e-06,4.139402e-03,1.516565e-02,0.000000e+00,0.000000e+00
3479,15,60426,1.583248e-07,4.062148e-03,1.287975e-02,0.000000e+00,0.000000e+00
3480,16,60442,5.588566e-06,3.982718e-03,1.499859e-02,0.000000e+00,0.000000e+00
3481,14,60456,1.710516e-05,3.992555e-03,1.477993e-02,0.000000e+00,0.000000e+00
3482,26,60482,5.006798e-06,4.102421e-03,1.458833e-02,0.000000e+00,0.000000e+00
3483,27,60509,1.527369e-06,4.023392e-03,1.365059e-02,0.000000e+00,0.000000e+00
3484,15,60524,1.642143e-06,4.093256e-03,1.356841e-02,0.000000e+00,0.000000e+00
3485,20,60544,1.723711e-06,4.030668e-03,1.892872e-02,0.000000e+00,0.000000e+00
3486,18,60562,1.132347e-06,4.125051e-03,1.384741e-02,0.000000e+00,0.000000e+00
3487,16,60578,5.629349e-06,4.018662e-03,1.441371e-02,0.000000e+00,0.000000e+00
3488,15,60593,2.293483e-06,4.212218e-03,1.465842e-02,0.000000e+00,0.000000e+00
3489,15,60608,1.254458e-05,4.022775e-03,1.287975e-02,0.000000e+00,0.000000e+00
3490,21,60629,2.341464e-06,4.129888e-03,1.556486e-02,0.000000e+00,0.000000e+00
3491,18,60647,5.716914e-06,4.106412e-03,1.270568e-02,0.000000e+00,0.000000e+00
3492,22,60669,1.741703e-06,4.110171e-03,1.695919e-02,0.000000e+00,0.000000e+00
3493,17,60686,4.850860e-06,3.972207e-03,1.465097e-02,0.000000e+00,0.000000e+00
3494,16,60702,1.163535e-06,4.127058e-03,1.345436e-02,0.000000e+00,0.000000e+00
3495,24,60726,1.480803e-06,4.076360e-03,1.407406e-02,0.000000e+00,0.000000e+00
3496,17,60743,1.091564e-06,4.140612e-03,1.652597e-02,0.000000e+00,0.000000e+00
3497,20,60763,1.614554e-06,3.957206e-03,1.397515e-02,0.000000e+00,0.000000e+00
3498,15,60778,2.468613e-06,4.228258e-03,1.421885e-02,0.000000e+00,0.000000e+00
3499,16,60794,4.630149e-06,4.063464e-03,1.437877e-02,0.000000e+00,0.000000e+00
3500,17,60811,2.593733e-06,4.197093e-03,1.440039e-02,0.000000e+00,0.000000e+00
3501,16,60827,1.213915e-06,4.091552e-03,1.296028e-02,0.000000e+00,0.000000e+00
3502,15,60842,1.727309e-06,4.215303e-03,1.503734e-02,0.000000e+00,0.000000e+00
3503,14,60856,2.654269e-07,4.032379e-03,1.347068e-02,0.000000e+00,0.000000e+00
HIST {'total_samples': 33234595, 'floor_samples': 357, 'floor_fraction': 1.0741818878791813e-05, 'saturation_depth': 4.6566128730773926e-09, 'boundaries': 3504, 'capped_boundaries': 0, 'unfinished_worlds': 0}
3504,13,60869,5.820766e-07,4.198309e-03,1.586081e-02,0.000000e+00,0.000000e+00
3505,22,60891,9.440225e-07,4.132635e-03,1.410544e-02,0.000000e+00,0.000000e+00
3506,18,60909,2.081506e-06,4.187178e-03,1.287975e-02,0.000000e+00,0.000000e+00
3507,20,60929,5.162735e-06,4.042286e-03,1.287975e-02,0.000000e+00,0.000000e+00
3508,17,60946,2.514571e-07,4.157238e-03,1.437206e-02,0.000000e+00,0.000000e+00
3509,16,60962,1.536586e-06,4.059972e-03,1.660310e-02,0.000000e+00,0.000000e+00
3510,16,60978,1.308508e-06,4.189610e-03,1.690118e-02,0.000000e+00,0.000000e+00
3511,15,60993,9.980009e-07,4.070690e-03,1.428462e-02,0.000000e+00,0.000000e+00
3512,16,61009,4.763295e-06,4.283044e-03,2.003723e-02,0.000000e+00,0.000000e+00
3513,23,61032,1.938425e-06,4.034668e-03,1.287975e-02,0.000000e+00,0.000000e+00
3514,16,61048,2.430228e-06,4.153739e-03,1.290881e-02,0.000000e+00,0.000000e+00
3515,19,61067,1.374650e-06,3.990509e-03,1.287975e-02,0.000000e+00,0.000000e+00
3516,16,61083,1.320192e-05,4.156458e-03,1.471200e-02,0.000000e+00,0.000000e+00
3517,16,61099,6.247102e-06,4.080673e-03,1.348673e-02,0.000000e+00,0.000000e+00
3518,19,61118,5.215406e-07,4.172241e-03,1.569138e-02,0.000000e+00,0.000000e+00
3519,19,61137,1.705718e-06,4.093522e-03,1.427359e-02,0.000000e+00,0.000000e+00
3520,16,61153,4.630149e-06,4.185571e-03,1.379895e-02,0.000000e+00,0.000000e+00
3521,15,61168,9.277090e-06,4.043129e-03,1.594405e-02,0.000000e+00,0.000000e+00
3522,18,61186,1.758803e-05,4.164328e-03,1.319073e-02,0.000000e+00,0.000000e+00
3523,19,61205,1.229346e-05,4.173798e-03,1.449459e-02,0.000000e+00,0.000000e+00
3524,14,61219,1.378249e-06,4.237699e-03,1.530035e-02,0.000000e+00,0.000000e+00
3525,17,61236,4.813675e-06,4.064826e-03,1.428934e-02,0.000000e+00,0.000000e+00
3526,19,61255,1.182487e-05,4.155327e-03,1.630129e-02,0.000000e+00,0.000000e+00
3527,19,61274,9.154739e-06,4.031937e-03,1.268394e-02,0.000000e+00,0.000000e+00
3528,18,61292,1.946822e-06,4.117233e-03,1.701906e-02,0.000000e+00,0.000000e+00
3529,38,61330,9.395842e-06,3.985512e-03,1.335889e-02,0.000000e+00,0.000000e+00
3530,16,61346,9.296283e-07,4.133198e-03,1.616593e-02,0.000000e+00,0.000000e+00
3531,20,61366,4.801680e-06,4.085998e-03,1.329799e-02,0.000000e+00,0.000000e+00
3532,17,61383,4.598961e-06,4.105296e-03,1.854613e-02,0.000000e+00,0.000000e+00
3533,19,61402,1.459816e-06,4.090564e-03,1.481541e-02,0.000000e+00,0.000000e+00
3534,19,61421,3.511086e-06,4.204634e-03,1.449459e-02,0.000000e+00,0.000000e+00
3535,16,61437,1.873651e-06,4.180969e-03,1.553514e-02,0.000000e+00,0.000000e+00
3536,24,61461,4.649341e-06,4.120612e-03,1.502012e-02,0.000000e+00,0.000000e+00
3537,19,61480,1.378357e-06,4.058190e-03,1.433141e-02,0.000000e+00,0.000000e+00
3538,20,61500,5.893243e-06,4.177128e-03,1.507229e-02,0.000000e+00,0.000000e+00
3539,25,61525,1.332427e-05,4.002540e-03,1.494982e-02,0.000000e+00,0.000000e+00
3540,17,61542,1.157537e-06,4.204203e-03,1.399702e-02,0.000000e+00,0.000000e+00
3541,19,61561,1.634471e-06,4.089775e-03,1.364328e-02,0.000000e+00,0.000000e+00
3542,19,61580,1.870052e-06,4.142620e-03,1.709683e-02,0.000000e+00,0.000000e+00
3543,20,61600,7.031485e-07,4.105217e-03,1.448882e-02,0.000000e+00,0.000000e+00
3544,16,61616,1.000400e-06,4.065632e-03,1.317407e-02,0.000000e+00,0.000000e+00
3545,19,61635,8.288771e-07,3.982529e-03,1.292321e-02,0.000000e+00,0.000000e+00
3546,17,61652,8.228710e-06,4.131502e-03,1.390077e-02,0.000000e+00,0.000000e+00
3547,21,61673,2.455418e-06,4.134138e-03,1.489222e-02,0.000000e+00,0.000000e+00
3548,18,61691,1.330268e-06,4.244524e-03,1.495771e-02,0.000000e+00,0.000000e+00
3549,20,61711,5.013995e-06,4.114238e-03,1.671411e-02,0.000000e+00,0.000000e+00
3550,22,61733,3.492460e-07,4.149823e-03,1.735882e-02,0.000000e+00,0.000000e+00
3551,17,61750,1.294282e-06,4.114686e-03,1.635346e-02,0.000000e+00,0.000000e+00
HIST {'total_samples': 33696904, 'floor_samples': 367, 'floor_fraction': 1.0891208284298166e-05, 'saturation_depth': 4.6566128730773926e-09, 'boundaries': 3552, 'capped_boundaries': 0, 'unfinished_worlds': 0}
3552,15,61765,1.247507e-05,4.201124e-03,1.423007e-02,0.000000e+00,0.000000e+00
3553,15,61780,1.211755e-05,4.041319e-03,1.441056e-02,0.000000e+00,0.000000e+00
3554,15,61795,2.579764e-06,4.063445e-03,1.421214e-02,0.000000e+00,0.000000e+00
3555,18,61813,1.528189e-06,4.124501e-03,1.752030e-02,0.000000e+00,0.000000e+00
3556,18,61831,1.235506e-05,4.167581e-03,1.569314e-02,0.000000e+00,0.000000e+00
3557,16,61847,3.119931e-06,4.095988e-03,1.528850e-02,0.000000e+00,0.000000e+00
3558,16,61863,8.838066e-06,4.211198e-03,2.103939e-02,0.000000e+00,0.000000e+00
3559,19,61882,1.415434e-06,4.137490e-03,1.494914e-02,0.000000e+00,0.000000e+00
3560,18,61900,2.463815e-06,4.248217e-03,1.589303e-02,0.000000e+00,0.000000e+00
3561,15,61915,4.516914e-07,4.137283e-03,1.374438e-02,0.000000e+00,0.000000e+00
3562,16,61931,5.346262e-06,4.199184e-03,1.558484e-02,0.000000e+00,0.000000e+00
3563,15,61946,1.346227e-05,4.153756e-03,1.855358e-02,0.000000e+00,0.000000e+00
3564,15,61961,5.069173e-06,4.195532e-03,1.538314e-02,0.000000e+00,0.000000e+00
3565,24,61985,1.895242e-06,4.093130e-03,1.553356e-02,0.000000e+00,0.000000e+00
3566,26,62011,5.270692e-06,4.333837e-03,1.480912e-02,0.000000e+00,0.000000e+00
3567,16,62027,1.727309e-06,4.159112e-03,1.245041e-02,0.000000e+00,0.000000e+00
3568,17,62044,1.029188e-06,4.218264e-03,1.500706e-02,0.000000e+00,0.000000e+00
3569,14,62058,1.945622e-06,4.165245e-03,1.802636e-02,0.000000e+00,0.000000e+00
3570,16,62074,3.292225e-06,4.232736e-03,1.886097e-02,0.000000e+00,0.000000e+00
3571,17,62091,1.006398e-06,4.160000e-03,1.765633e-02,0.000000e+00,0.000000e+00
3572,13,62104,1.327869e-06,4.235325e-03,1.558902e-02,0.000000e+00,0.000000e+00
3573,20,62124,2.171132e-06,4.179226e-03,1.531883e-02,0.000000e+00,0.000000e+00
3574,20,62144,1.234306e-05,4.316946e-03,1.542170e-02,0.000000e+00,0.000000e+00
3575,24,62168,1.668653e-05,4.220191e-03,1.449459e-02,0.000000e+00,0.000000e+00
3576,17,62185,2.226310e-06,4.298367e-03,1.642588e-02,0.000000e+00,0.000000e+00
3577,18,62203,1.052395e-06,4.166872e-03,1.383357e-02,0.000000e+00,0.000000e+00
3578,27,62230,1.686526e-06,4.294070e-03,1.834657e-02,0.000000e+00,0.000000e+00
3579,21,62251,5.710916e-06,4.212194e-03,1.287975e-02,0.000000e+00,0.000000e+00
3580,16,62267,1.265667e-05,4.251744e-03,1.566054e-02,0.000000e+00,0.000000e+00
3581,16,62283,5.681068e-07,4.178422e-03,1.375136e-02,0.000000e+00,0.000000e+00
3582,15,62298,9.596163e-07,4.210133e-03,1.667495e-02,0.000000e+00,0.000000e+00
3583,17,62315,2.628149e-06,4.139941e-03,1.451803e-02,0.000000e+00,0.000000e+00
3584,16,62331,1.317821e-06,4.342833e-03,1.817825e-02,0.000000e+00,0.000000e+00
3585,18,62349,8.009374e-07,4.076844e-03,1.229740e-02,0.000000e+00,0.000000e+00
3586,16,62365,2.980232e-07,4.294551e-03,1.404465e-02,0.000000e+00,0.000000e+00
3587,29,62394,1.053179e-06,4.111246e-03,1.295341e-02,0.000000e+00,0.000000e+00
3588,16,62410,1.055578e-06,4.297559e-03,1.426749e-02,0.000000e+00,0.000000e+00
3589,16,62426,1.247972e-06,4.150364e-03,1.288677e-02,0.000000e+00,0.000000e+00
3590,13,62439,2.079968e-06,4.198858e-03,1.449459e-02,0.000000e+00,0.000000e+00
3591,16,62455,2.370216e-06,4.077255e-03,1.287975e-02,0.000000e+00,0.000000e+00
3592,14,62469,1.347061e-06,4.297900e-03,1.390791e-02,0.000000e+00,0.000000e+00
3593,17,62486,5.088365e-06,4.087883e-03,1.462574e-02,0.000000e+00,0.000000e+00
3594,17,62503,2.015194e-06,4.259332e-03,1.384591e-02,0.000000e+00,0.000000e+00
3595,17,62520,9.081568e-06,4.211636e-03,1.347185e-02,0.000000e+00,0.000000e+00
3596,16,62536,1.592963e-06,4.231668e-03,1.669475e-02,0.000000e+00,0.000000e+00
3597,16,62552,4.471812e-06,4.118552e-03,1.287975e-02,0.000000e+00,0.000000e+00
3598,24,62576,9.349062e-06,4.204509e-03,1.616039e-02,0.000000e+00,0.000000e+00
3599,15,62591,4.512595e-06,4.169765e-03,1.339803e-02,0.000000e+00,0.000000e+00
HIST {'total_samples': 34150226, 'floor_samples': 372, 'floor_fraction': 1.0893046505753725e-05, 'saturation_depth': 4.6566128730773926e-09, 'boundaries': 3600, 'capped_boundaries': 0, 'unfinished_worlds': 0}
3600,15,62606,2.048781e-06,4.344141e-03,1.621280e-02,0.000000e+00,0.000000e+00
3601,21,62627,1.969747e-06,4.198932e-03,1.469779e-02,0.000000e+00,0.000000e+00
3602,17,62644,9.055178e-06,4.316011e-03,1.452193e-02,0.000000e+00,0.000000e+00
3603,16,62660,8.689325e-06,4.127631e-03,1.246391e-02,0.000000e+00,0.000000e+00
3604,20,62680,2.039185e-06,4.367249e-03,1.483712e-02,0.000000e+00,0.000000e+00
3605,20,62700,9.152341e-07,4.251222e-03,1.628320e-02,0.000000e+00,0.000000e+00
3606,17,62717,1.693723e-06,4.350222e-03,1.494652e-02,0.000000e+00,0.000000e+00
3607,22,62739,8.396642e-06,4.109356e-03,1.346746e-02,0.000000e+00,0.000000e+00
3608,26,62765,8.438626e-06,4.329307e-03,1.447613e-02,0.000000e+00,0.000000e+00
3609,17,62782,2.079968e-06,4.115774e-03,1.427200e-02,0.000000e+00,0.000000e+00
3610,14,62796,2.509914e-06,4.252757e-03,1.404491e-02,0.000000e+00,0.000000e+00
3611,19,62815,1.583367e-06,4.080268e-03,1.412784e-02,0.000000e+00,0.000000e+00
3612,16,62831,2.136346e-06,4.261962e-03,1.801912e-02,0.000000e+00,0.000000e+00
3613,15,62846,1.680408e-05,4.140810e-03,1.259752e-02,0.000000e+00,0.000000e+00
3614,18,62864,1.932427e-06,4.216653e-03,1.449459e-02,0.000000e+00,0.000000e+00
3615,25,62889,1.060376e-06,4.241416e-03,1.550166e-02,0.000000e+00,0.000000e+00
3616,20,62909,2.537854e-06,4.291258e-03,1.454789e-02,0.000000e+00,0.000000e+00
3617,20,62929,1.149140e-06,4.166366e-03,1.417374e-02,0.000000e+00,0.000000e+00
3618,15,62944,4.608557e-06,4.246208e-03,1.651726e-02,0.000000e+00,0.000000e+00
3619,19,62963,2.245502e-06,4.234735e-03,1.615641e-02,0.000000e+00,0.000000e+00
3620,16,62979,1.378357e-06,4.334420e-03,1.358259e-02,0.000000e+00,0.000000e+00
3621,27,63006,5.106358e-06,4.203749e-03,1.314365e-02,0.000000e+00,0.000000e+00
3622,17,63023,1.098495e-05,4.261059e-03,1.740940e-02,0.000000e+00,0.000000e+00
3623,15,63038,4.428629e-06,4.258377e-03,1.359690e-02,0.000000e+00,0.000000e+00
3624,17,63055,1.041184e-06,4.255101e-03,1.474921e-02,0.000000e+00,0.000000e+00
3625,18,63073,1.210719e-07,4.152462e-03,1.357608e-02,0.000000e+00,0.000000e+00
3626,16,63089,1.174330e-05,4.334996e-03,1.492237e-02,0.000000e+00,0.000000e+00
3627,13,63102,3.539026e-07,4.173745e-03,1.292640e-02,0.000000e+00,0.000000e+00
3628,14,63116,1.415434e-06,4.347859e-03,1.520721e-02,0.000000e+00,0.000000e+00
3629,14,63130,1.173131e-06,4.178829e-03,1.388581e-02,0.000000e+00,0.000000e+00
3630,16,63146,3.064051e-06,4.324330e-03,1.643586e-02,0.000000e+00,0.000000e+00
3631,16,63162,5.300680e-06,4.195937e-03,1.202228e-02,0.000000e+00,0.000000e+00
3632,16,63178,2.142042e-07,4.369274e-03,1.752451e-02,0.000000e+00,0.000000e+00
3633,15,63193,1.075970e-06,4.078957e-03,1.521022e-02,0.000000e+00,0.000000e+00
3634,28,63221,1.652939e-06,4.278967e-03,1.407615e-02,0.000000e+00,0.000000e+00
3635,17,63238,1.406297e-06,4.219088e-03,1.594405e-02,0.000000e+00,0.000000e+00
3636,17,63255,6.103159e-06,4.284983e-03,1.623162e-02,0.000000e+00,0.000000e+00
3637,17,63272,2.204718e-06,4.299016e-03,1.219124e-02,0.000000e+00,0.000000e+00
3638,17,63289,1.471490e-06,4.390207e-03,1.568384e-02,0.000000e+00,0.000000e+00
3639,20,63309,8.941224e-06,4.204127e-03,1.674599e-02,0.000000e+00,0.000000e+00
3640,18,63327,1.187436e-06,4.336834e-03,1.685415e-02,0.000000e+00,0.000000e+00
3641,19,63346,4.656613e-07,4.236745e-03,1.533871e-02,0.000000e+00,0.000000e+00
3642,21,63367,2.634147e-06,4.394497e-03,1.423649e-02,0.000000e+00,0.000000e+00
3643,22,63389,4.560576e-06,4.248874e-03,1.318085e-02,0.000000e+00,0.000000e+00
3644,16,63405,9.188325e-07,4.290527e-03,1.684405e-02,0.000000e+00,0.000000e+00
3645,16,63421,1.817273e-06,4.257980e-03,1.364721e-02,0.000000e+00,0.000000e+00
3646,16,63437,9.644143e-07,4.289782e-03,1.619971e-02,0.000000e+00,0.000000e+00
3647,14,63451,5.319873e-06,4.162972e-03,1.826776e-02,0.000000e+00,0.000000e+00
HIST {'total_samples': 34599798, 'floor_samples': 379, 'floor_fraction': 1.0953821175487787e-05, 'saturation_depth': 4.6566128730773926e-09, 'boundaries': 3648, 'capped_boundaries': 0, 'unfinished_worlds': 0}
3648,19,63470,1.170492e-05,4.460963e-03,2.061357e-02,0.000000e+00,0.000000e+00
3649,18,63488,1.574850e-05,4.185207e-03,1.374670e-02,0.000000e+00,0.000000e+00
3650,23,63511,3.059395e-06,4.283301e-03,1.848290e-02,0.000000e+00,0.000000e+00
3651,15,63526,4.563481e-07,4.155856e-03,1.310236e-02,0.000000e+00,0.000000e+00
3652,16,63542,1.227017e-05,4.340788e-03,1.449459e-02,0.000000e+00,0.000000e+00
3653,19,63561,2.235546e-05,4.243503e-03,1.285661e-02,0.000000e+00,0.000000e+00
3654,23,63584,1.168810e-06,4.290266e-03,1.492674e-02,0.000000e+00,0.000000e+00
3655,16,63600,1.326669e-06,4.363533e-03,1.415830e-02,0.000000e+00,0.000000e+00
3656,17,63617,2.360656e-06,4.412036e-03,1.935113e-02,0.000000e+00,0.000000e+00
3657,16,63633,2.195122e-06,4.182221e-03,1.343265e-02,0.000000e+00,0.000000e+00
3658,22,63655,1.199543e-05,4.296237e-03,1.571390e-02,0.000000e+00,0.000000e+00
3659,16,63671,2.207235e-06,4.203834e-03,1.645117e-02,0.000000e+00,0.000000e+00
3660,18,63689,1.137145e-06,4.434080e-03,1.556261e-02,0.000000e+00,0.000000e+00
3661,17,63706,5.820766e-07,4.270051e-03,1.400651e-02,0.000000e+00,0.000000e+00
3662,15,63721,1.616953e-06,4.361577e-03,1.630927e-02,0.000000e+00,0.000000e+00
3663,16,63737,3.091991e-06,4.203899e-03,1.379775e-02,0.000000e+00,0.000000e+00
3664,18,63755,2.412125e-06,4.369031e-03,1.929230e-02,0.000000e+00,0.000000e+00
3665,15,63770,8.588566e-06,4.177039e-03,1.369966e-02,0.000000e+00,0.000000e+00
3666,17,63787,8.574171e-06,4.361226e-03,1.608570e-02,0.000000e+00,0.000000e+00
3667,14,63801,5.731308e-06,4.185312e-03,1.303262e-02,0.000000e+00,0.000000e+00
3668,17,63818,4.762096e-06,4.314172e-03,1.787851e-02,0.000000e+00,0.000000e+00
3669,25,63843,3.264286e-06,4.190281e-03,1.371047e-02,0.000000e+00,0.000000e+00
3670,20,63863,8.898041e-06,4.278064e-03,1.737014e-02,0.000000e+00,0.000000e+00
3671,19,63882,2.100360e-06,4.220534e-03,1.302200e-02,0.000000e+00,0.000000e+00
3672,15,63897,5.858458e-06,4.320874e-03,2.200568e-02,0.000000e+00,0.000000e+00
3673,17,63914,2.151939e-06,4.121175e-03,1.276452e-02,0.000000e+00,0.000000e+00
3674,16,63930,1.610956e-06,4.266048e-03,1.756424e-02,0.000000e+00,0.000000e+00
3675,18,63948,6.087566e-06,4.296898e-03,1.248886e-02,0.000000e+00,0.000000e+00
3676,16,63964,1.371052e-06,4.397884e-03,1.796215e-02,0.000000e+00,0.000000e+00
3677,17,63981,1.086765e-06,4.187881e-03,1.536326e-02,0.000000e+00,0.000000e+00
3678,14,63995,1.740504e-06,4.318725e-03,1.893576e-02,0.000000e+00,0.000000e+00
3679,15,64010,2.559776e-06,4.142791e-03,1.619711e-02,0.000000e+00,0.000000e+00
3680,23,64033,4.673331e-06,4.260077e-03,1.618267e-02,0.000000e+00,0.000000e+00
3681,15,64048,2.268293e-06,4.187977e-03,1.402599e-02,0.000000e+00,0.000000e+00
3682,15,64063,9.137946e-06,4.416769e-03,1.923761e-02,0.000000e+00,0.000000e+00
3683,19,64082,7.636845e-07,4.216854e-03,1.510388e-02,0.000000e+00,0.000000e+00
3684,14,64096,2.274290e-06,4.267160e-03,1.449459e-02,0.000000e+00,0.000000e+00
3685,25,64121,2.286286e-06,4.189292e-03,1.466085e-02,0.000000e+00,0.000000e+00
3686,19,64140,1.950420e-06,4.258357e-03,1.504149e-02,0.000000e+00,0.000000e+00
3687,18,64158,7.171184e-07,4.141275e-03,1.307853e-02,0.000000e+00,0.000000e+00
3688,15,64173,1.237262e-05,4.335251e-03,1.529864e-02,0.000000e+00,0.000000e+00
3689,14,64187,1.776490e-06,4.125089e-03,1.427097e-02,0.000000e+00,0.000000e+00
3690,21,64208,5.977210e-06,4.317255e-03,1.407885e-02,0.000000e+00,0.000000e+00
3691,24,64232,4.377216e-07,4.222238e-03,1.342066e-02,0.000000e+00,0.000000e+00
3692,17,64249,1.408237e-06,4.302261e-03,1.890912e-02,0.000000e+00,0.000000e+00
3693,16,64265,1.083167e-06,4.277763e-03,1.414854e-02,0.000000e+00,0.000000e+00
3694,14,64279,9.248301e-07,4.347802e-03,1.314353e-02,0.000000e+00,0.000000e+00
3695,17,64296,5.698921e-06,4.181759e-03,1.592355e-02,0.000000e+00,0.000000e+00
HIST {'total_samples': 35045225, 'floor_samples': 386, 'floor_fraction': 1.1014339328681725e-05, 'saturation_depth': 4.6566128730773926e-09, 'boundaries': 3696, 'capped_boundaries': 0, 'unfinished_worlds': 0}
3696,14,64310,2.360903e-06,4.370710e-03,1.566789e-02,0.000000e+00,0.000000e+00
3697,14,64324,5.559777e-06,4.237523e-03,1.506769e-02,0.000000e+00,0.000000e+00
3698,16,64340,2.436226e-06,4.268464e-03,1.523065e-02,0.000000e+00,0.000000e+00
3699,18,64358,1.280248e-05,4.166554e-03,1.287975e-02,0.000000e+00,0.000000e+00
3700,15,64373,1.084991e-06,4.297434e-03,1.409431e-02,0.000000e+00,0.000000e+00
3701,22,64395,1.008797e-06,4.178683e-03,1.317690e-02,0.000000e+00,0.000000e+00
3702,23,64418,8.197522e-06,4.335166e-03,1.488411e-02,0.000000e+00,0.000000e+00
3703,14,64432,1.220033e-06,4.238268e-03,1.324323e-02,0.000000e+00,0.000000e+00
3704,16,64448,1.326669e-06,4.309206e-03,1.578901e-02,0.000000e+00,0.000000e+00
3705,16,64464,1.192093e-06,4.125395e-03,1.509353e-02,0.000000e+00,0.000000e+00
3706,21,64485,2.323471e-06,4.295155e-03,2.121328e-02,0.000000e+00,0.000000e+00
3707,19,64504,5.385847e-06,4.240039e-03,1.337838e-02,0.000000e+00,0.000000e+00
3708,18,64522,1.103559e-06,4.390545e-03,1.390880e-02,0.000000e+00,0.000000e+00
3709,18,64540,7.890445e-06,4.118407e-03,1.308940e-02,0.000000e+00,0.000000e+00
3710,18,64558,2.570450e-06,4.236443e-03,1.778033e-02,0.000000e+00,0.000000e+00
3711,14,64572,1.932427e-05,4.122965e-03,1.287975e-02,0.000000e+00,0.000000e+00
3712,16,64588,9.692124e-07,4.294917e-03,1.433526e-02,0.000000e+00,0.000000e+00
3713,17,64605,8.419433e-06,4.161843e-03,1.304524e-02,0.000000e+00,0.000000e+00
3714,16,64621,2.225861e-06,4.322467e-03,1.527389e-02,0.000000e+00,0.000000e+00
3715,16,64637,4.347062e-06,4.091164e-03,1.287975e-02,0.000000e+00,0.000000e+00
3716,20,64657,1.167133e-05,4.208711e-03,1.420311e-02,0.000000e+00,0.000000e+00
3717,21,64678,3.194436e-06,4.189841e-03,1.611120e-02,0.000000e+00,0.000000e+00
3718,18,64696,2.185526e-06,4.162514e-03,1.449459e-02,0.000000e+00,0.000000e+00
3719,15,64711,5.186726e-06,4.092501e-03,1.269733e-02,0.000000e+00,0.000000e+00
3720,18,64729,1.060376e-06,4.226301e-03,2.005126e-02,0.000000e+00,0.000000e+00
3721,16,64745,5.541369e-07,4.178809e-03,1.323603e-02,0.000000e+00,0.000000e+00
3722,15,64760,1.238193e-05,4.260459e-03,1.423098e-02,0.000000e+00,0.000000e+00
3723,15,64775,4.356658e-06,4.223458e-03,1.535455e-02,0.000000e+00,0.000000e+00
3724,15,64790,7.984007e-06,4.328850e-03,1.428189e-02,0.000000e+00,0.000000e+00
3725,15,64805,8.798482e-06,4.167987e-03,1.588736e-02,0.000000e+00,0.000000e+00
3726,14,64819,9.152341e-07,4.351169e-03,1.552378e-02,0.000000e+00,0.000000e+00
3727,21,64840,2.524990e-06,4.188691e-03,1.372341e-02,0.000000e+00,0.000000e+00
3728,14,64854,5.462616e-06,4.240818e-03,1.376860e-02,0.000000e+00,0.000000e+00
3729,18,64872,7.636845e-07,4.181254e-03,1.356313e-02,0.000000e+00,0.000000e+00
3730,16,64888,1.033987e-06,4.297932e-03,1.691667e-02,0.000000e+00,0.000000e+00
3731,15,64903,4.986406e-06,4.136828e-03,1.569531e-02,0.000000e+00,0.000000e+00
3732,15,64918,2.360656e-06,4.221310e-03,1.469706e-02,0.000000e+00,0.000000e+00
3733,25,64943,1.681727e-06,4.074609e-03,1.345272e-02,0.000000e+00,0.000000e+00
3734,21,64964,5.997602e-06,4.265792e-03,1.592451e-02,0.000000e+00,0.000000e+00
3735,16,64980,4.796882e-06,4.155216e-03,1.455236e-02,0.000000e+00,0.000000e+00
3736,17,64997,4.751300e-06,4.255181e-03,1.457423e-02,0.000000e+00,0.000000e+00
3737,16,65013,1.526989e-06,4.181587e-03,1.300556e-02,0.000000e+00,0.000000e+00
3738,17,65030,1.348261e-06,4.149690e-03,1.594405e-02,0.000000e+00,0.000000e+00
3739,15,65045,2.076849e-06,4.161562e-03,1.605185e-02,0.000000e+00,0.000000e+00
3740,18,65063,8.955619e-06,4.231633e-03,1.372130e-02,0.000000e+00,0.000000e+00
3741,17,65080,1.203479e-05,4.082264e-03,1.419013e-02,0.000000e+00,0.000000e+00
3742,25,65105,1.338665e-06,4.200760e-03,1.721597e-02,0.000000e+00,0.000000e+00
3743,20,65125,1.735706e-06,4.147067e-03,1.606277e-02,0.000000e+00,0.000000e+00
HIST {'total_samples': 35495832, 'floor_samples': 390, 'floor_fraction': 1.098720548373116e-05, 'saturation_depth': 4.6566128730773926e-09, 'boundaries': 3744, 'capped_boundaries': 0, 'unfinished_worlds': 0}
3744,23,65148,7.916835e-06,4.191594e-03,1.473382e-02,0.000000e+00,0.000000e+00
3745,17,65165,4.457418e-06,4.141796e-03,1.557143e-02,0.000000e+00,0.000000e+00
3746,18,65183,8.764895e-06,4.207066e-03,1.485597e-02,0.000000e+00,0.000000e+00
3747,17,65200,1.447821e-06,4.213774e-03,1.295860e-02,0.000000e+00,0.000000e+00
3748,17,65217,4.865255e-06,4.356399e-03,1.728664e-02,0.000000e+00,0.000000e+00
3749,17,65234,5.065574e-06,4.239174e-03,1.369319e-02,0.000000e+00,0.000000e+00
3750,16,65250,5.238305e-06,4.194120e-03,1.395711e-02,0.000000e+00,0.000000e+00
3751,16,65266,1.429828e-06,4.234814e-03,1.359621e-02,0.000000e+00,0.000000e+00
3752,15,65281,2.981768e-05,4.162749e-03,1.406245e-02,0.000000e+00,0.000000e+00
3753,20,65301,1.570172e-06,4.038287e-03,1.316068e-02,0.000000e+00,0.000000e+00
3754,24,65325,1.213915e-06,4.286608e-03,1.496702e-02,0.000000e+00,0.000000e+00
3755,14,65339,2.431428e-06,4.090319e-03,1.336407e-02,0.000000e+00,0.000000e+00
3756,20,65359,9.560177e-07,4.202893e-03,1.580217e-02,0.000000e+00,0.000000e+00
3757,17,65376,1.645742e-06,4.227080e-03,1.576292e-02,0.000000e+00,0.000000e+00
3758,17,65393,1.337465e-06,4.174180e-03,1.554185e-02,0.000000e+00,0.000000e+00
3759,17,65410,4.325470e-06,4.161552e-03,1.407197e-02,0.000000e+00,0.000000e+00
3760,17,65427,1.741703e-06,4.233428e-03,1.522436e-02,0.000000e+00,0.000000e+00
3761,16,65443,5.498602e-06,4.140712e-03,1.530273e-02,0.000000e+00,0.000000e+00
3762,23,65466,4.638545e-06,4.316754e-03,1.483038e-02,0.000000e+00,0.000000e+00
3763,16,65482,1.458617e-06,4.241986e-03,1.484638e-02,0.000000e+00,0.000000e+00
3764,16,65498,1.498201e-06,4.241717e-03,1.620728e-02,0.000000e+00,0.000000e+00
3765,21,65519,1.942024e-06,4.130363e-03,1.846434e-02,0.000000e+00,0.000000e+00
3766,16,65535,8.137546e-06,4.190511e-03,1.413420e-02,0.000000e+00,0.000000e+00
3767,16,65551,2.201120e-06,4.221309e-03,1.410191e-02,0.000000e+00,0.000000e+00
3768,19,65570,8.708517e-07,4.151320e-03,1.774442e-02,0.000000e+00,0.000000e+00
3769,30,65600,9.884047e-07,4.105900e-03,1.499727e-02,0.000000e+00,0.000000e+00
3770,28,65628,4.594163e-06,4.132906e-03,1.564058e-02,0.000000e+00,0.000000e+00
3771,18,65646,1.655338e-06,4.130951e-03,1.361249e-02,0.000000e+00,0.000000e+00
3772,15,65661,2.147981e-05,4.090673e-03,1.386940e-02,0.000000e+00,0.000000e+00
3773,14,65675,8.009374e-07,4.059107e-03,1.432007e-02,0.000000e+00,0.000000e+00
3774,18,65693,3.078021e-06,4.310386e-03,1.581916e-02,0.000000e+00,0.000000e+00
3775,19,65712,1.236705e-06,4.073576e-03,1.368057e-02,0.000000e+00,0.000000e+00
3776,23,65735,1.229346e-06,4.305337e-03,1.656711e-02,0.000000e+00,0.000000e+00
3777,18,65753,4.278689e-06,4.097166e-03,1.708425e-02,0.000000e+00,0.000000e+00
3778,20,65773,7.963616e-06,4.188264e-03,1.419301e-02,0.000000e+00,0.000000e+00
3779,24,65797,5.129149e-06,4.082981e-03,1.418666e-02,0.000000e+00,0.000000e+00
3780,18,65815,8.946023e-06,4.160600e-03,1.484954e-02,0.000000e+00,0.000000e+00
3781,18,65833,3.352761e-07,4.070745e-03,1.325132e-02,0.000000e+00,0.000000e+00
3782,19,65852,2.915040e-06,4.184547e-03,1.716555e-02,0.000000e+00,0.000000e+00
3783,15,65867,3.245659e-06,4.109248e-03,1.362972e-02,0.000000e+00,0.000000e+00
3784,19,65886,9.380249e-07,4.181289e-03,1.509122e-02,0.000000e+00,0.000000e+00
3785,20,65906,7.649342e-06,4.000166e-03,1.644652e-02,0.000000e+00,0.000000e+00
3786,18,65924,4.842877e-07,4.150106e-03,1.548416e-02,0.000000e+00,0.000000e+00
3787,23,65947,1.345862e-06,4.069799e-03,1.408688e-02,0.000000e+00,0.000000e+00
3788,21,65968,1.115674e-05,4.090250e-03,1.672851e-02,0.000000e+00,0.000000e+00
3789,16,65984,4.902440e-06,4.103017e-03,1.625612e-02,0.000000e+00,0.000000e+00
3790,15,65999,4.656613e-09,4.174442e-03,2.144851e-02,0.000000e+00,0.000000e+00
3791,19,66018,4.190952e-07,4.083793e-03,1.291167e-02,0.000000e+00,0.000000e+00
HIST {'total_samples': 35950329, 'floor_samples': 400, 'floor_fraction': 1.1126462848225951e-05, 'saturation_depth': 4.6566128730773926e-09, 'boundaries': 3792, 'capped_boundaries': 0, 'unfinished_worlds': 0}
3792,16,66034,9.160737e-06,4.110550e-03,1.764417e-02,0.000000e+00,0.000000e+00
3793,29,66063,1.139544e-06,4.104490e-03,1.411320e-02,0.000000e+00,0.000000e+00
3794,17,66080,1.713634e-06,4.181487e-03,1.703512e-02,0.000000e+00,0.000000e+00
3795,23,66103,3.481728e-05,4.083648e-03,1.552970e-02,0.000000e+00,0.000000e+00
3796,17,66120,8.235907e-06,4.143667e-03,1.430443e-02,0.000000e+00,0.000000e+00
3797,17,66137,1.638545e-06,4.027870e-03,1.368294e-02,0.000000e+00,0.000000e+00
3798,17,66154,2.142343e-06,4.241841e-03,1.868098e-02,0.000000e+00,0.000000e+00
3799,19,66173,1.201406e-06,4.164127e-03,1.432969e-02,0.000000e+00,0.000000e+00
3800,23,66196,5.060776e-06,4.136309e-03,1.706459e-02,0.000000e+00,0.000000e+00
3801,17,66213,2.048781e-06,4.079983e-03,1.397199e-02,0.000000e+00,0.000000e+00
3802,20,66233,9.140345e-07,4.088603e-03,1.598827e-02,0.000000e+00,0.000000e+00
3803,14,66247,9.231509e-06,4.097817e-03,1.693273e-02,0.000000e+00,0.000000e+00
3804,16,66263,1.136214e-06,4.270069e-03,1.512085e-02,0.000000e+00,0.000000e+00
3805,17,66280,1.158737e-06,4.174157e-03,1.308221e-02,0.000000e+00,0.000000e+00
3806,22,66302,1.189924e-06,4.234871e-03,1.484527e-02,0.000000e+00,0.000000e+00
3807,23,66325,1.682927e-06,4.078841e-03,1.269608e-02,0.000000e+00,0.000000e+00
3808,14,66339,4.826870e-06,4.230402e-03,1.544611e-02,0.000000e+00,0.000000e+00
3809,15,66354,2.198721e-06,4.119156e-03,1.488112e-02,0.000000e+00,0.000000e+00
3810,20,66374,7.655339e-06,4.176156e-03,1.415853e-02,0.000000e+00,0.000000e+00
3811,18,66392,5.369053e-06,4.086191e-03,1.399771e-02,0.000000e+00,0.000000e+00
3812,17,66409,4.579769e-06,4.132575e-03,1.439286e-02,0.000000e+00,0.000000e+00
3813,17,66426,4.097819e-07,3.975814e-03,1.411834e-02,0.000000e+00,0.000000e+00
3814,15,66441,5.732508e-06,4.168343e-03,1.505480e-02,0.000000e+00,0.000000e+00
3815,16,66457,5.119553e-06,4.149688e-03,1.448051e-02,0.000000e+00,0.000000e+00
3816,21,66478,8.264696e-06,4.176242e-03,1.479950e-02,0.000000e+00,0.000000e+00
3817,17,66495,1.545942e-05,4.056360e-03,1.297755e-02,0.000000e+00,0.000000e+00
3818,15,66510,2.121952e-06,4.187888e-03,1.594405e-02,0.000000e+00,0.000000e+00
3819,15,66525,2.365454e-06,3.977916e-03,1.286865e-02,0.000000e+00,0.000000e+00
3820,20,66545,1.154840e-06,4.120022e-03,1.535872e-02,0.000000e+00,0.000000e+00
3821,17,66562,1.101160e-06,4.099868e-03,1.288667e-02,0.000000e+00,0.000000e+00
3822,17,66579,1.993030e-06,4.174104e-03,1.317810e-02,0.000000e+00,0.000000e+00
3823,17,66596,8.361856e-06,4.099851e-03,1.374175e-02,0.000000e+00,0.000000e+00
3824,16,66612,5.137546e-06,4.088787e-03,1.272819e-02,0.000000e+00,0.000000e+00
3825,15,66627,9.260297e-07,4.238853e-03,1.491455e-02,0.000000e+00,0.000000e+00
3826,17,66644,1.662411e-06,4.195597e-03,1.553469e-02,0.000000e+00,0.000000e+00
3827,16,66660,2.058377e-06,4.050944e-03,1.314885e-02,0.000000e+00,0.000000e+00
3828,20,66680,4.269093e-06,4.160296e-03,1.670667e-02,0.000000e+00,0.000000e+00
3829,15,66695,1.919233e-06,3.996866e-03,1.376453e-02,0.000000e+00,0.000000e+00
3830,16,66711,2.542511e-06,4.175114e-03,1.500940e-02,0.000000e+00,0.000000e+00
3831,18,66729,4.339865e-06,4.058435e-03,1.287975e-02,0.000000e+00,0.000000e+00
3832,15,66744,5.611356e-06,4.092705e-03,1.535957e-02,0.000000e+00,0.000000e+00
3833,18,66762,5.654539e-06,4.044930e-03,1.361738e-02,0.000000e+00,0.000000e+00
3834,18,66780,4.781288e-06,4.112045e-03,1.460617e-02,0.000000e+00,0.000000e+00
3835,20,66800,1.120847e-05,4.068413e-03,1.287975e-02,0.000000e+00,0.000000e+00
3836,16,66816,5.167534e-06,4.165484e-03,1.626064e-02,0.000000e+00,0.000000e+00
3837,18,66834,1.950420e-06,4.097623e-03,1.420481e-02,0.000000e+00,0.000000e+00
3838,20,66854,3.815075e-05,4.253933e-03,1.399229e-02,0.000000e+00,0.000000e+00
3839,18,66872,1.612155e-06,4.119726e-03,1.287975e-02,0.000000e+00,0.000000e+00
HIST {'total_samples': 36408529, 'floor_samples': 404, 'floor_fraction': 1.1096301089231042e-05, 'saturation_depth': 4.6566128730773926e-09, 'boundaries': 3840, 'capped_boundaries': 0, 'unfinished_worlds': 0}
3840,15,66887,4.997202e-06,4.119786e-03,1.375240e-02,0.000000e+00,0.000000e+00
3841,16,66903,4.951620e-06,4.103630e-03,1.287975e-02,0.000000e+00,0.000000e+00
3842,16,66919,1.075678e-06,4.205460e-03,1.486400e-02,0.000000e+00,0.000000e+00
3843,15,66934,9.008398e-06,4.100168e-03,1.271092e-02,0.000000e+00,0.000000e+00
3844,14,66948,1.571372e-05,4.234189e-03,1.444753e-02,0.000000e+00,0.000000e+00
3845,15,66963,1.877249e-06,4.103688e-03,1.365523e-02,0.000000e+00,0.000000e+00
3846,14,66977,1.105946e-05,4.257947e-03,1.449459e-02,0.000000e+00,0.000000e+00
3847,16,66993,7.516195e-06,3.991747e-03,1.346932e-02,0.000000e+00,0.000000e+00
3848,20,67013,1.108357e-05,4.233432e-03,1.682005e-02,0.000000e+00,0.000000e+00
3849,21,67034,1.796162e-05,4.184225e-03,1.287975e-02,0.000000e+00,0.000000e+00
3850,15,67049,8.198722e-06,4.183055e-03,1.327882e-02,0.000000e+00,0.000000e+00
3851,21,67070,2.174638e-06,4.036489e-03,1.656547e-02,0.000000e+00,0.000000e+00
3852,15,67085,1.850860e-06,4.161384e-03,1.439444e-02,0.000000e+00,0.000000e+00
3853,23,67108,1.163775e-05,4.150699e-03,1.351089e-02,0.000000e+00,0.000000e+00
3854,19,67127,4.514995e-06,4.187269e-03,1.449459e-02,0.000000e+00,0.000000e+00
3855,24,67151,7.823110e-07,4.131513e-03,1.601882e-02,0.000000e+00,0.000000e+00
3856,18,67169,2.097961e-06,4.161449e-03,1.594405e-02,0.000000e+00,0.000000e+00
3857,16,67185,2.393043e-06,4.194648e-03,1.433879e-02,0.000000e+00,0.000000e+00
3858,14,67199,1.633747e-06,4.259516e-03,1.636542e-02,0.000000e+00,0.000000e+00
3859,25,67224,5.512995e-06,4.030093e-03,1.832919e-02,0.000000e+00,0.000000e+00
3860,17,67241,1.415610e-06,4.158978e-03,1.412640e-02,0.000000e+00,0.000000e+00
3861,20,67261,7.776490e-06,4.053504e-03,1.371936e-02,0.000000e+00,0.000000e+00
3862,16,67277,4.948022e-06,4.091743e-03,1.429286e-02,0.000000e+00,0.000000e+00
3863,16,67293,1.592562e-06,4.074825e-03,1.292716e-02,0.000000e+00,0.000000e+00
3864,25,67318,1.553379e-06,4.182125e-03,1.466952e-02,0.000000e+00,0.000000e+00
3865,15,67333,9.488206e-07,3.981338e-03,1.350158e-02,0.000000e+00,0.000000e+00
3866,18,67351,1.477809e-06,4.172624e-03,1.828252e-02,0.000000e+00,0.000000e+00
3867,16,67367,1.098961e-06,4.049355e-03,1.357627e-02,0.000000e+00,0.000000e+00
3868,19,67386,1.062775e-06,4.114353e-03,1.897598e-02,0.000000e+00,0.000000e+00
3869,15,67401,2.188608e-07,4.155385e-03,1.859336e-02,0.000000e+00,0.000000e+00
3870,17,67418,4.337466e-06,4.200313e-03,1.733299e-02,0.000000e+00,0.000000e+00
3871,16,67434,2.197521e-06,4.057772e-03,1.486231e-02,0.000000e+00,0.000000e+00
3872,20,67454,1.548581e-06,4.193439e-03,1.449459e-02,0.000000e+00,0.000000e+00
3873,23,67477,5.335467e-06,4.158216e-03,1.365877e-02,0.000000e+00,0.000000e+00
3874,16,67493,4.561776e-06,4.107015e-03,1.449459e-02,0.000000e+00,0.000000e+00
3875,14,67507,2.197921e-06,4.010633e-03,1.345186e-02,0.000000e+00,0.000000e+00
3876,14,67521,1.434626e-06,4.111140e-03,1.619399e-02,0.000000e+00,0.000000e+00
3877,15,67536,1.834705e-06,4.065868e-03,1.424792e-02,0.000000e+00,0.000000e+00
3878,19,67555,1.222827e-05,4.127978e-03,1.725885e-02,0.000000e+00,0.000000e+00
3879,14,67569,2.382247e-06,4.010755e-03,1.384359e-02,0.000000e+00,0.000000e+00
3880,16,67585,7.928829e-06,4.177796e-03,1.469397e-02,0.000000e+00,0.000000e+00
3881,18,67603,1.396984e-08,4.033608e-03,1.364133e-02,0.000000e+00,0.000000e+00
3882,16,67619,1.891644e-05,4.169967e-03,1.441547e-02,0.000000e+00,0.000000e+00
3883,18,67637,1.651739e-06,3.974063e-03,1.371128e-02,0.000000e+00,0.000000e+00
3884,17,67654,4.808877e-06,4.153381e-03,1.428237e-02,0.000000e+00,0.000000e+00
3885,15,67669,2.124350e-06,4.039361e-03,1.449459e-02,0.000000e+00,0.000000e+00
3886,16,67685,1.510196e-06,4.125762e-03,1.466197e-02,0.000000e+00,0.000000e+00
3887,15,67700,4.191124e-06,4.035724e-03,1.379900e-02,0.000000e+00,0.000000e+00
HIST {'total_samples': 36867968, 'floor_samples': 408, 'floor_fraction': 1.1066517145723899e-05, 'saturation_depth': 4.6566128730773926e-09, 'boundaries': 3888, 'capped_boundaries': 0, 'unfinished_worlds': 0}
3888,16,67716,4.582168e-06,4.149421e-03,1.462097e-02,0.000000e+00,0.000000e+00
3889,24,67740,2.095562e-06,3.948627e-03,1.613509e-02,0.000000e+00,0.000000e+00
3890,20,67760,9.000001e-06,4.095275e-03,1.667105e-02,0.000000e+00,0.000000e+00
3891,14,67774,1.765694e-06,4.009244e-03,1.360027e-02,0.000000e+00,0.000000e+00
3892,14,67788,2.071572e-06,4.186746e-03,1.445439e-02,0.000000e+00,0.000000e+00
3893,20,67808,7.790885e-06,4.072340e-03,1.221895e-02,0.000000e+00,0.000000e+00
3894,14,67822,2.793968e-08,4.126512e-03,1.646141e-02,0.000000e+00,0.000000e+00
3895,24,67846,4.692523e-06,4.055966e-03,1.814948e-02,0.000000e+00,0.000000e+00
3896,14,67860,5.381048e-06,4.082616e-03,1.361964e-02,0.000000e+00,0.000000e+00
3897,13,67873,1.048381e-06,4.040559e-03,1.419741e-02,0.000000e+00,0.000000e+00
3898,17,67890,1.670932e-06,4.165244e-03,1.800226e-02,0.000000e+00,0.000000e+00
3899,18,67908,2.035586e-06,4.031538e-03,1.339481e-02,0.000000e+00,0.000000e+00
3900,23,67931,2.151355e-06,4.120955e-03,1.528250e-02,0.000000e+00,0.000000e+00
3901,17,67948,4.698521e-06,3.993169e-03,1.279185e-02,0.000000e+00,0.000000e+00
3902,17,67965,2.798624e-06,4.056763e-03,1.671010e-02,0.000000e+00,0.000000e+00
3903,16,67981,9.266660e-07,4.027169e-03,1.348422e-02,0.000000e+00,0.000000e+00
3904,17,67998,4.380648e-06,4.070698e-03,1.410679e-02,0.000000e+00,0.000000e+00
3905,17,68015,2.479181e-05,4.042331e-03,1.330548e-02,0.000000e+00,0.000000e+00
3906,18,68033,8.430229e-06,4.163574e-03,1.503026e-02,0.000000e+00,0.000000e+00
3907,22,68055,1.609756e-06,4.107782e-03,1.318921e-02,0.000000e+00,0.000000e+00
3908,19,68074,4.276290e-06,4.149774e-03,1.773415e-02,0.000000e+00,0.000000e+00
3909,16,68090,3.017485e-06,4.046831e-03,1.287975e-02,0.000000e+00,0.000000e+00
3910,21,68111,1.141943e-06,4.147819e-03,1.594405e-02,0.000000e+00,0.000000e+00
3911,25,68136,1.715314e-06,4.092946e-03,1.341863e-02,0.000000e+00,0.000000e+00
3912,14,68150,1.416634e-06,4.075225e-03,1.449459e-02,0.000000e+00,0.000000e+00
3913,15,68165,3.725290e-08,4.061780e-03,1.331806e-02,0.000000e+00,0.000000e+00
3914,14,68179,2.700835e-07,4.128207e-03,1.359719e-02,0.000000e+00,0.000000e+00
3915,16,68195,1.223511e-06,3.928854e-03,1.287975e-02,0.000000e+00,0.000000e+00
3916,20,68215,1.076210e-05,4.130018e-03,1.570399e-02,0.000000e+00,0.000000e+00
3917,22,68237,4.676930e-06,4.043253e-03,1.308478e-02,0.000000e+00,0.000000e+00
3918,16,68253,1.432227e-06,4.150825e-03,1.449459e-02,0.000000e+00,0.000000e+00
3919,16,68269,2.420632e-06,4.007691e-03,1.579469e-02,0.000000e+00,0.000000e+00
3920,15,68284,5.075708e-07,4.124878e-03,1.391886e-02,0.000000e+00,0.000000e+00
3921,15,68299,1.650540e-06,4.075571e-03,1.287975e-02,0.000000e+00,0.000000e+00
3922,14,68313,5.303079e-06,4.171988e-03,1.383260e-02,0.000000e+00,0.000000e+00
3923,16,68329,5.681068e-07,3.994977e-03,1.314762e-02,0.000000e+00,0.000000e+00
3924,25,68354,1.330268e-06,4.193383e-03,1.525414e-02,0.000000e+00,0.000000e+00
3925,16,68370,9.802170e-06,4.089653e-03,1.294201e-02,0.000000e+00,0.000000e+00
3926,18,68388,5.081168e-06,3.996772e-03,1.391860e-02,0.000000e+00,0.000000e+00
3927,18,68406,8.816475e-07,4.006607e-03,1.721585e-02,0.000000e+00,0.000000e+00
3928,25,68431,1.453795e-05,4.008005e-03,1.415257e-02,0.000000e+00,0.000000e+00
3929,14,68445,4.497002e-06,4.000948e-03,1.615324e-02,0.000000e+00,0.000000e+00
3930,21,68466,4.095162e-06,4.177038e-03,1.458641e-02,0.000000e+00,0.000000e+00
3931,21,68487,4.577370e-06,3.976880e-03,1.486562e-02,0.000000e+00,0.000000e+00
3932,16,68503,1.075970e-06,4.038335e-03,1.618082e-02,0.000000e+00,0.000000e+00
3933,22,68525,1.295482e-06,3.961193e-03,1.585919e-02,0.000000e+00,0.000000e+00
3934,22,68547,1.645742e-06,4.102157e-03,1.417783e-02,0.000000e+00,0.000000e+00
3935,19,68566,9.778887e-08,3.979479e-03,1.287975e-02,0.000000e+00,0.000000e+00
HIST {'total_samples': 37333062, 'floor_samples': 415, 'floor_fraction': 1.1116152219177736e-05, 'saturation_depth': 4.6566128730773926e-09, 'boundaries': 3936, 'capped_boundaries': 0, 'unfinished_worlds': 0}
3936,19,68585,1.104549e-05,4.077108e-03,1.564058e-02,0.000000e+00,0.000000e+00
3937,15,68600,5.121952e-06,4.049739e-03,1.356884e-02,0.000000e+00,0.000000e+00
3938,15,68615,4.507798e-06,4.043658e-03,1.294909e-02,0.000000e+00,0.000000e+00
3939,22,68637,2.514571e-07,3.983710e-03,1.287975e-02,0.000000e+00,0.000000e+00
3940,15,68652,1.646941e-06,4.080746e-03,1.618224e-02,0.000000e+00,0.000000e+00
3941,16,68668,1.758497e-06,3.921723e-03,1.244708e-02,0.000000e+00,0.000000e+00
3942,14,68682,1.294282e-06,4.027407e-03,1.639940e-02,0.000000e+00,0.000000e+00
3943,15,68697,8.730109e-06,3.861110e-03,1.368208e-02,0.000000e+00,0.000000e+00
3944,17,68714,5.060776e-06,4.143486e-03,1.412531e-02,0.000000e+00,0.000000e+00
3945,23,68737,1.967213e-06,3.971798e-03,1.287975e-02,0.000000e+00,0.000000e+00
3946,19,68756,1.065174e-06,4.100035e-03,1.552137e-02,0.000000e+00,0.000000e+00
3947,15,68771,2.089325e-05,4.056921e-03,1.415603e-02,0.000000e+00,0.000000e+00
3948,15,68786,1.676381e-07,4.037075e-03,1.331056e-02,0.000000e+00,0.000000e+00
3949,21,68807,8.564575e-07,3.981194e-03,1.440495e-02,0.000000e+00,0.000000e+00
3950,14,68821,1.039984e-06,4.045267e-03,1.421705e-02,0.000000e+00,0.000000e+00
3951,19,68840,2.307877e-06,4.020435e-03,1.376178e-02,0.000000e+00,0.000000e+00
3952,18,68858,1.431508e-05,4.149146e-03,1.574321e-02,0.000000e+00,0.000000e+00
3953,15,68873,7.848462e-06,4.040490e-03,1.287975e-02,0.000000e+00,0.000000e+00
3954,15,68888,9.992004e-07,4.028340e-03,1.585953e-02,0.000000e+00,0.000000e+00
3955,14,68902,1.151540e-06,4.049071e-03,1.287975e-02,0.000000e+00,0.000000e+00
3956,16,68918,1.786086e-06,4.121602e-03,1.427456e-02,0.000000e+00,0.000000e+00
3957,15,68933,2.264694e-06,3.921556e-03,1.547224e-02,0.000000e+00,0.000000e+00
3958,20,68953,1.270292e-06,4.055034e-03,1.603948e-02,0.000000e+00,0.000000e+00
3959,19,68972,2.132747e-06,4.024681e-03,1.288871e-02,0.000000e+00,0.000000e+00
3960,18,68990,1.877249e-06,4.087620e-03,1.590503e-02,0.000000e+00,0.000000e+00
3961,18,69008,8.940697e-07,4.029819e-03,1.404616e-02,0.000000e+00,0.000000e+00
3962,16,69024,1.036386e-06,4.102807e-03,2.274429e-02,0.000000e+00,0.000000e+00
3963,19,69043,1.681727e-06,4.013536e-03,1.577056e-02,0.000000e+00,0.000000e+00
3964,14,69057,4.165934e-06,4.115033e-03,1.621115e-02,0.000000e+00,0.000000e+00
3965,17,69074,2.037985e-06,3.984317e-03,1.312632e-02,0.000000e+00,0.000000e+00
3966,14,69088,1.024390e-06,4.093346e-03,1.867120e-02,0.000000e+00,0.000000e+00
3967,15,69103,1.110756e-06,4.030657e-03,1.508996e-02,0.000000e+00,0.000000e+00
3968,17,69120,7.293084e-06,4.019890e-03,1.608570e-02,0.000000e+00,0.000000e+00
3969,16,69136,5.305479e-06,4.125265e-03,1.633968e-02,0.000000e+00,0.000000e+00
3970,30,69166,1.114115e-05,4.141200e-03,1.326886e-02,0.000000e+00,0.000000e+00
3971,18,69184,2.082367e-06,4.036641e-03,1.251172e-02,0.000000e+00,0.000000e+00
3972,17,69201,2.840534e-07,3.988818e-03,1.545880e-02,0.000000e+00,0.000000e+00
3973,21,69222,4.975610e-06,4.019047e-03,1.668242e-02,0.000000e+00,0.000000e+00
3974,22,69244,5.018793e-06,4.074635e-03,1.652833e-02,0.000000e+00,0.000000e+00
3975,18,69262,1.303879e-06,4.029312e-03,1.415345e-02,0.000000e+00,0.000000e+00
3976,15,69277,8.540585e-07,4.139833e-03,1.478126e-02,0.000000e+00,0.000000e+00
3977,18,69295,1.681037e-06,3.964091e-03,1.301007e-02,0.000000e+00,0.000000e+00
3978,22,69317,1.125150e-06,4.121094e-03,1.500308e-02,0.000000e+00,0.000000e+00
3979,14,69331,6.053597e-07,4.063772e-03,1.322644e-02,0.000000e+00,0.000000e+00
3980,17,69348,2.324671e-06,4.124773e-03,1.360768e-02,0.000000e+00,0.000000e+00
3981,16,69364,2.280288e-06,4.033980e-03,1.367528e-02,0.000000e+00,0.000000e+00
3982,18,69382,1.017936e-05,4.164496e-03,1.641532e-02,0.000000e+00,0.000000e+00
3983,15,69397,9.248301e-07,4.100509e-03,1.409114e-02,0.000000e+00,0.000000e+00
HIST {'total_samples': 37800137, 'floor_samples': 425, 'floor_fraction': 1.1243345493694904e-05, 'saturation_depth': 4.6566128730773926e-09, 'boundaries': 3984, 'capped_boundaries': 0, 'unfinished_worlds': 0}
3984,16,69413,4.898841e-06,4.064933e-03,1.317690e-02,0.000000e+00,0.000000e+00
3985,13,69426,1.341105e-06,4.070512e-03,1.345947e-02,0.000000e+00,0.000000e+00
3986,20,69446,1.839944e-05,4.085332e-03,1.828685e-02,0.000000e+00,0.000000e+00
3987,14,69460,1.042383e-06,4.082932e-03,1.516009e-02,0.000000e+00,0.000000e+00
3988,16,69476,9.008398e-07,4.106291e-03,1.333588e-02,0.000000e+00,0.000000e+00
3989,17,69493,1.164153e-07,3.996940e-03,1.460717e-02,0.000000e+00,0.000000e+00
3990,18,69511,2.192723e-06,4.149972e-03,1.686296e-02,0.000000e+00,0.000000e+00
3991,27,69538,1.896442e-06,4.030704e-03,1.664479e-02,0.000000e+00,0.000000e+00
3992,22,69560,1.671724e-06,4.157482e-03,1.932791e-02,0.000000e+00,0.000000e+00
3993,18,69578,3.628433e-05,4.063526e-03,1.369472e-02,0.000000e+00,0.000000e+00
3994,21,69599,2.143543e-06,4.128394e-03,1.420118e-02,0.000000e+00,0.000000e+00
3995,22,69621,1.852059e-06,4.048558e-03,1.456893e-02,0.000000e+00,0.000000e+00
3996,15,69636,1.125870e-05,4.162198e-03,1.367083e-02,0.000000e+00,0.000000e+00
3997,16,69652,2.234706e-06,4.003072e-03,1.288790e-02,0.000000e+00,0.000000e+00
3998,15,69667,2.719462e-06,4.037729e-03,1.628604e-02,0.000000e+00,0.000000e+00
3999,17,69684,2.514571e-07,4.044021e-03,1.392418e-02,0.000000e+00,0.000000e+00
4000,18,69702,1.075970e-06,4.072734e-03,1.604202e-02,0.000000e+00,0.000000e+00
4001,21,69723,8.408637e-07,4.135183e-03,1.304981e-02,0.000000e+00,0.000000e+00
4002,18,69741,1.312275e-06,4.181281e-03,1.897533e-02,0.000000e+00,0.000000e+00
4003,17,69758,2.221512e-06,4.020438e-03,1.790169e-02,0.000000e+00,0.000000e+00
4004,16,69774,2.355858e-06,4.169942e-03,2.052916e-02,0.000000e+00,0.000000e+00
4005,17,69791,1.153939e-06,4.035407e-03,1.309780e-02,0.000000e+00,0.000000e+00
4006,19,69810,9.406358e-07,4.084568e-03,1.696893e-02,0.000000e+00,0.000000e+00
4007,18,69828,9.513460e-06,4.059156e-03,1.207909e-02,0.000000e+00,0.000000e+00
4008,18,69846,2.235174e-07,4.140706e-03,1.435043e-02,0.000000e+00,0.000000e+00
4009,17,69863,8.156738e-07,3.978716e-03,1.558746e-02,0.000000e+00,0.000000e+00
4010,16,69879,1.080288e-05,4.169212e-03,1.931933e-02,0.000000e+00,0.000000e+00
4011,17,69896,1.197121e-06,4.039411e-03,1.289693e-02,0.000000e+00,0.000000e+00
4012,16,69912,1.011882e-05,4.172334e-03,1.492824e-02,0.000000e+00,0.000000e+00
4013,18,69930,7.306278e-06,4.029960e-03,1.644143e-02,0.000000e+00,0.000000e+00
4014,13,69943,1.597761e-06,4.084211e-03,1.343259e-02,0.000000e+00,0.000000e+00
4015,15,69958,4.931228e-06,4.092022e-03,1.420654e-02,0.000000e+00,0.000000e+00
4016,15,69973,1.465814e-06,4.156637e-03,1.460716e-02,0.000000e+00,0.000000e+00
4017,17,69990,1.075010e-05,4.101656e-03,1.420942e-02,0.000000e+00,0.000000e+00
4018,18,70008,8.467414e-06,4.126159e-03,1.319022e-02,0.000000e+00,0.000000e+00
4019,14,70022,7.462216e-06,4.104376e-03,1.453121e-02,0.000000e+00,0.000000e+00
4020,16,70038,1.485006e-06,4.097779e-03,1.370035e-02,0.000000e+00,0.000000e+00
4021,17,70055,2.089564e-06,4.098795e-03,1.365784e-02,0.000000e+00,0.000000e+00
4022,16,70071,1.936026e-06,4.168901e-03,1.527481e-02,0.000000e+00,0.000000e+00
4023,17,70088,8.048781e-07,4.122673e-03,1.301458e-02,0.000000e+00,0.000000e+00
4024,16,70104,1.056777e-06,4.248997e-03,1.610889e-02,0.000000e+00,0.000000e+00
4025,23,70127,1.974410e-06,4.069945e-03,1.373290e-02,0.000000e+00,0.000000e+00
4026,23,70150,2.359456e-06,4.095882e-03,1.485801e-02,0.000000e+00,0.000000e+00
4027,19,70169,1.257097e-06,4.084605e-03,1.449459e-02,0.000000e+00,0.000000e+00
4028,18,70187,6.379560e-07,4.072186e-03,1.615186e-02,0.000000e+00,0.000000e+00
4029,19,70206,9.836067e-07,4.071404e-03,1.192929e-02,0.000000e+00,0.000000e+00
4030,15,70221,1.998401e-06,4.154064e-03,1.527413e-02,0.000000e+00,0.000000e+00
4031,13,70234,9.548181e-07,3.985954e-03,1.441160e-02,0.000000e+00,0.000000e+00
HIST {'total_samples': 38260980, 'floor_samples': 437, 'floor_fraction': 1.1421557942321394e-05, 'saturation_depth': 4.6566128730773926e-09, 'boundaries': 4032, 'capped_boundaries': 0, 'unfinished_worlds': 0}
4032,23,70257,8.575371e-06,4.145762e-03,1.300308e-02,0.000000e+00,0.000000e+00
4033,17,70274,1.119992e-05,4.045375e-03,1.379427e-02,0.000000e+00,0.000000e+00
4034,18,70292,4.398641e-06,4.234849e-03,1.530993e-02,0.000000e+00,0.000000e+00
4035,15,70307,1.734507e-06,4.132109e-03,1.413966e-02,0.000000e+00,0.000000e+00
4036,19,70326,4.397441e-06,4.153666e-03,1.392443e-02,0.000000e+00,0.000000e+00
4037,15,70341,9.512196e-07,4.130585e-03,1.287975e-02,0.000000e+00,0.000000e+00
4038,15,70356,6.984919e-07,4.261866e-03,1.352607e-02,0.000000e+00,0.000000e+00
4039,16,70372,2.011596e-06,4.141082e-03,1.305858e-02,0.000000e+00,0.000000e+00
4040,19,70391,2.118353e-06,4.223460e-03,1.587671e-02,0.000000e+00,0.000000e+00
4041,18,70409,2.255098e-06,4.094182e-03,1.368815e-02,0.000000e+00,0.000000e+00
4042,28,70437,4.903639e-06,4.150686e-03,1.786996e-02,0.000000e+00,0.000000e+00
4043,23,70460,1.091084e-05,4.141916e-03,1.287975e-02,0.000000e+00,0.000000e+00
4044,20,70480,4.121552e-06,4.175088e-03,1.497429e-02,0.000000e+00,0.000000e+00
4045,16,70496,4.505398e-06,4.077184e-03,1.287975e-02,0.000000e+00,0.000000e+00
4046,21,70517,4.291884e-06,4.228386e-03,1.401112e-02,0.000000e+00,0.000000e+00
4047,18,70535,1.462215e-06,4.065311e-03,1.317690e-02,0.000000e+00,0.000000e+00
4048,31,70566,1.368413e-05,4.164815e-03,1.649406e-02,0.000000e+00,0.000000e+00
4049,16,70582,2.994202e-06,4.080279e-03,1.522047e-02,0.000000e+00,0.000000e+00
4050,15,70597,1.522191e-06,4.201132e-03,1.810806e-02,0.000000e+00,0.000000e+00
4051,14,70611,7.357448e-07,4.109265e-03,1.287975e-02,0.000000e+00,0.000000e+00
4052,21,70632,7.144343e-06,4.117055e-03,1.503128e-02,0.000000e+00,0.000000e+00
4053,20,70652,1.696122e-06,4.103636e-03,1.267251e-02,0.000000e+00,0.000000e+00
4054,29,70681,4.831668e-06,4.232090e-03,1.331073e-02,0.000000e+00,0.000000e+00
4055,17,70698,9.212316e-07,4.037048e-03,1.321589e-02,0.000000e+00,0.000000e+00
4056,29,70727,1.450460e-05,4.297216e-03,1.391637e-02,0.000000e+00,0.000000e+00
4057,17,70744,7.203120e-06,4.206765e-03,1.412142e-02,0.000000e+00,0.000000e+00
4058,21,70765,5.075708e-07,4.169635e-03,1.643997e-02,0.000000e+00,0.000000e+00
4059,18,70783,8.996403e-07,4.082006e-03,1.484973e-02,0.000000e+00,0.000000e+00
4060,18,70801,5.267094e-06,4.261253e-03,1.403293e-02,0.000000e+00,0.000000e+00
4061,15,70816,4.399841e-06,4.061065e-03,1.233935e-02,0.000000e+00,0.000000e+00
4062,19,70835,4.749745e-07,4.309163e-03,1.690439e-02,0.000000e+00,0.000000e+00
4063,14,70849,5.369053e-06,4.178885e-03,1.472000e-02,0.000000e+00,0.000000e+00
4064,17,70866,1.077049e-05,4.216328e-03,1.353636e-02,0.000000e+00,0.000000e+00
4065,16,70882,1.039822e-05,4.202235e-03,1.354736e-02,0.000000e+00,0.000000e+00
4066,17,70899,1.951121e-06,4.268973e-03,1.663745e-02,0.000000e+00,0.000000e+00
4067,16,70915,1.179129e-06,4.113958e-03,1.362923e-02,0.000000e+00,0.000000e+00
4068,18,70933,1.536682e-07,4.196972e-03,1.833265e-02,0.000000e+00,0.000000e+00
4069,20,70953,2.793968e-07,4.103869e-03,1.339871e-02,0.000000e+00,0.000000e+00
4070,19,70972,1.936026e-06,4.228459e-03,1.753839e-02,0.000000e+00,0.000000e+00
4071,17,70989,1.213915e-06,4.108467e-03,1.349076e-02,0.000000e+00,0.000000e+00
4072,18,71007,2.183127e-06,4.233772e-03,1.575646e-02,0.000000e+00,0.000000e+00
4073,18,71025,4.488605e-06,4.127360e-03,1.314308e-02,0.000000e+00,0.000000e+00
4074,14,71039,1.089647e-06,4.179859e-03,1.780641e-02,0.000000e+00,0.000000e+00
4075,18,71057,1.124071e-05,4.122808e-03,1.431032e-02,0.000000e+00,0.000000e+00
4076,20,71077,1.094442e-05,4.221009e-03,1.312449e-02,0.000000e+00,0.000000e+00
4077,13,71090,1.351740e-05,4.086819e-03,1.387923e-02,0.000000e+00,0.000000e+00
4078,24,71114,3.959617e-06,4.207066e-03,1.538415e-02,0.000000e+00,0.000000e+00
4079,15,71129,7.438226e-06,4.026279e-03,1.327250e-02,0.000000e+00,0.000000e+00
HIST {'total_samples': 38716013, 'floor_samples': 448, 'floor_fraction': 1.1571439445482158e-05, 'saturation_depth': 4.6566128730773926e-09, 'boundaries': 4080, 'capped_boundaries': 0, 'unfinished_worlds': 0}
4080,14,71143,1.113155e-06,4.196812e-03,1.529108e-02,0.000000e+00,0.000000e+00
4081,16,71159,9.313226e-09,4.094632e-03,2.694502e-02,0.000000e+00,0.000000e+00
4082,17,71176,1.952819e-06,4.235578e-03,3.163258e-02,0.000000e+00,0.000000e+00
4083,28,71204,2.700835e-07,4.105778e-03,1.513290e-02,0.000000e+00,0.000000e+00
4084,22,71226,1.565374e-06,4.237591e-03,1.477298e-02,0.000000e+00,0.000000e+00
4085,16,71242,1.064095e-05,4.153748e-03,1.317690e-02,0.000000e+00,0.000000e+00
4086,15,71257,6.459653e-06,4.057868e-03,1.566511e-02,0.000000e+00,0.000000e+00
4087,256,71513,1.797453e-06,3.037609e-03,1.728135e-02,0.000000e+00,8.346329e-03
4088,256,71769,1.478940e-06,2.809734e-03,1.786276e-02,0.000000e+00,1.669266e-02
4089,256,72025,2.421439e-07,2.647612e-03,1.416325e-02,0.000000e+00,2.503899e-02
4090,256,72281,1.255423e-06,2.572259e-03,1.755677e-02,0.000000e+00,3.338531e-02
4091,256,72537,1.255423e-06,2.383616e-03,1.620171e-02,0.000000e+00,4.173164e-02
4092,256,72793,1.255423e-06,2.326916e-03,1.450190e-02,0.000000e+00,5.007797e-02
4093,256,73049,1.255423e-06,2.133667e-03,1.566687e-02,0.000000e+00,5.842429e-02
4094,256,73305,4.796311e-07,2.143911e-03,1.317690e-02,0.000000e+00,6.678039e-02
4095,256,73561,1.255423e-06,2.097923e-03,1.352522e-02,0.000000e+00,7.632072e-02
4096,256,73817,1.255423e-06,2.003788e-03,1.428451e-02,0.000000e+00,8.586104e-02
4097,256,74073,6.332994e-07,1.843472e-03,1.614426e-02,0.000000e+00,9.540137e-02
4098,256,74329,1.255423e-06,1.910897e-03,1.652413e-02,0.000000e+00,1.049417e-01
4099,256,74585,1.255423e-06,1.836244e-03,1.377412e-02,0.000000e+00,1.144820e-01
4100,256,74841,1.071021e-06,1.868275e-03,1.993814e-02,0.000000e+00,1.240223e-01
4101,256,75097,1.255423e-06,1.721750e-03,1.319559e-02,0.000000e+00,1.335627e-01
4102,256,75353,7.217750e-07,1.641841e-03,1.433654e-02,0.000000e+00,1.431011e-01
4103,256,75609,8.381903e-08,1.495975e-03,1.453449e-02,0.000000e+00,1.526395e-01
4104,256,75865,1.255423e-06,1.551616e-03,1.578986e-02,0.000000e+00,1.621780e-01
4105,256,76121,1.255423e-06,1.588102e-03,1.425998e-02,0.000000e+00,1.717164e-01
4106,256,76377,7.357448e-07,1.495663e-03,1.597057e-02,0.000000e+00,1.812548e-01
4107,256,76633,6.426126e-07,1.298604e-03,1.260990e-02,0.000000e+00,1.907932e-01
4108,256,76889,1.238659e-06,1.382131e-03,1.731640e-02,0.000000e+00,2.003317e-01
4109,256,77145,5.029142e-07,1.236792e-03,1.395718e-02,0.000000e+00,2.098701e-01
4110,256,77401,1.238659e-06,1.278158e-03,1.378122e-02,0.000000e+00,2.194085e-01
4111,256,77657,1.238659e-06,1.213732e-03,1.304981e-02,0.000000e+00,2.289470e-01
4112,256,77913,2.700835e-07,1.261911e-03,1.466399e-02,0.000000e+00,2.384854e-01
4113,256,78169,1.238659e-06,1.140977e-03,1.548335e-02,0.000000e+00,2.480238e-01
4114,256,78425,7.450581e-07,1.094547e-03,1.488236e-02,0.000000e+00,2.575622e-01
4115,256,78681,1.238659e-06,1.025589e-03,1.305440e-02,0.000000e+00,2.671044e-01
4116,256,78937,1.238659e-06,1.032329e-03,1.602631e-02,0.000000e+00,2.766467e-01
4117,256,79193,1.238659e-06,1.013957e-03,1.286473e-02,0.000000e+00,2.861889e-01
4118,256,79449,1.238659e-06,1.050091e-03,1.286962e-02,0.000000e+00,2.957311e-01
4119,256,79705,1.238659e-06,1.009791e-03,1.252021e-02,0.000000e+00,3.052734e-01
4120,256,79961,7.823110e-07,9.875584e-04,1.262556e-02,0.000000e+00,3.148156e-01
4121,256,80217,1.238659e-06,9.172774e-04,1.405896e-02,0.000000e+00,3.243578e-01
4122,256,80473,1.238659e-06,9.465662e-04,1.539176e-02,0.000000e+00,3.339000e-01
4123,256,80729,4.656613e-08,9.079684e-04,1.608198e-02,0.000000e+00,3.434423e-01
4124,256,80985,1.238659e-06,8.828213e-04,1.619406e-02,0.000000e+00,3.529845e-01
4125,256,81241,1.238659e-06,8.103754e-04,1.087080e-02,0.000000e+00,3.625267e-01
4126,256,81497,1.238659e-06,8.365202e-04,1.455813e-02,0.000000e+00,3.720689e-01
4127,256,81753,1.238659e-06,8.098701e-04,1.195411e-02,0.000000e+00,3.816112e-01
HIST {'total_samples': 49200496, 'floor_samples': 464, 'floor_fraction': 9.430799234219103e-06, 'saturation_depth': 4.6566128730773926e-09, 'boundaries': 4128, 'capped_boundaries': 41, 'unfinished_worlds': 37282}
4128,256,82009,1.238659e-06,8.196112e-04,1.258632e-02,0.000000e+00,3.911534e-01
4129,256,82265,1.238659e-06,8.003666e-04,1.134336e-02,0.000000e+00,4.006956e-01
4130,256,82521,1.238659e-06,8.068625e-04,1.825990e-02,0.000000e+00,4.102378e-01
4131,256,82777,1.238659e-06,7.501113e-04,1.342609e-02,0.000000e+00,4.197801e-01
4132,256,83033,6.798655e-07,7.802849e-04,1.201732e-02,0.000000e+00,4.293223e-01
4133,256,83289,1.238659e-06,7.299381e-04,1.180786e-02,0.000000e+00,4.388645e-01
4134,256,83545,1.238659e-06,7.053586e-04,1.371354e-02,0.000000e+00,4.484068e-01
4135,256,83801,1.015142e-06,6.604911e-04,1.212073e-02,0.000000e+00,4.579490e-01
4136,256,84057,1.218170e-06,6.965659e-04,1.528062e-02,0.000000e+00,4.674912e-01
4137,256,84313,1.218170e-06,6.221325e-04,1.295995e-02,0.000000e+00,4.770334e-01
4138,256,84569,1.218170e-06,6.439929e-04,1.341466e-02,0.000000e+00,4.865757e-01
4139,256,84825,1.396984e-08,6.211887e-04,1.028597e-02,0.000000e+00,4.961179e-01
4140,256,85081,1.218170e-06,6.793637e-04,2.276418e-02,0.000000e+00,5.056601e-01
4141,256,85337,1.218170e-06,6.284131e-04,1.166728e-02,0.000000e+00,5.152023e-01
4142,256,85593,1.218170e-06,6.415612e-04,1.278606e-02,0.000000e+00,5.247446e-01
4143,256,85849,1.218170e-06,6.030437e-04,1.381387e-02,0.000000e+00,5.342868e-01
4144,256,86105,1.218170e-06,5.992660e-04,1.684533e-02,0.000000e+00,5.438290e-01
4145,256,86361,1.218170e-06,5.670886e-04,1.189627e-02,0.000000e+00,5.533713e-01
4146,256,86617,1.024455e-07,6.018670e-04,1.266625e-02,0.000000e+00,5.629135e-01
4147,256,86873,6.612390e-07,5.628573e-04,1.448834e-02,0.000000e+00,5.724557e-01
4148,256,87129,1.218170e-06,5.745519e-04,1.155066e-02,0.000000e+00,5.819979e-01
4149,256,87385,4.377216e-07,4.960579e-04,1.223382e-02,0.000000e+00,5.915402e-01
4150,256,87641,1.218170e-06,5.508404e-04,1.561487e-02,0.000000e+00,6.010824e-01
4151,256,87897,1.218170e-06,5.551898e-04,1.282471e-02,0.000000e+00,6.106246e-01
4152,256,88153,1.218170e-06,5.779241e-04,2.404877e-02,0.000000e+00,6.201668e-01
4153,256,88409,1.218170e-06,5.355857e-04,1.310808e-02,0.000000e+00,6.297091e-01
4154,256,88665,1.218170e-06,5.463209e-04,1.191478e-02,0.000000e+00,6.392513e-01
4155,256,88921,1.218170e-06,5.179340e-04,1.379521e-02,0.000000e+00,6.487935e-01
4156,256,89177,1.218170e-06,4.968758e-04,1.175644e-02,0.000000e+00,6.583357e-01
4157,256,89433,1.218170e-06,4.714017e-04,1.260220e-02,0.000000e+00,6.678780e-01
4158,256,89689,1.218170e-06,5.846536e-04,1.956224e-02,0.000000e+00,6.774202e-01
4159,256,89945,1.218170e-06,5.100812e-04,1.199471e-02,0.000000e+00,6.869624e-01
4160,256,90201,8.754432e-07,5.054091e-04,1.250869e-02,0.000000e+00,6.965047e-01
4161,256,90457,1.218170e-06,4.802441e-04,1.125652e-02,0.000000e+00,7.060469e-01
