boundary,iters,cum_iters,ideal_min,ideal_mean,ideal_max,resid_min,resid_max,rejects,err_max,n_debt,n_subfloor,n_guard
0,5,5,5.250340e-03,9.137711e-03,1.089000e-02,0.000000e+00,0.000000e+00,156,1.641517e-04,0,0,0
1,3,8,4.770271e-03,8.991275e-03,1.025728e-02,0.000000e+00,0.000000e+00,190,1.486791e-04,0,0,0
2,5,13,5.993154e-04,7.617437e-03,9.720833e-03,0.000000e+00,0.000000e+00,206,7.346272e-06,0,0,0
3,8,21,3.916956e-04,5.850060e-03,1.009469e-02,0.000000e+00,0.000000e+00,416,1.469813e-05,0,0,0
4,6,27,5.261041e-05,5.885139e-03,1.200052e-02,0.000000e+00,0.000000e+00,118,9.208918e-06,0,0,0
5,8,35,6.011687e-05,5.966456e-03,1.056944e-02,0.000000e+00,0.000000e+00,151,3.635883e-06,0,0,0
6,8,43,1.520757e-04,6.303531e-03,1.053647e-02,0.000000e+00,0.000000e+00,168,6.426126e-06,0,0,0
7,8,51,2.060551e-05,5.939893e-03,9.945179e-03,0.000000e+00,0.000000e+00,176,9.015203e-06,0,0,0
8,7,58,6.728806e-05,4.737121e-03,8.174256e-03,0.000000e+00,0.000000e+00,200,6.016577e-05,0,0,0
9,8,66,1.326203e-05,4.903899e-03,8.788540e-03,0.000000e+00,0.000000e+00,153,1.907349e-06,0,0,0
10,7,73,3.788527e-04,4.730353e-03,1.000000e-02,0.000000e+00,0.000000e+00,224,1.107454e-04,0,0,0
11,9,82,5.981885e-05,4.756408e-03,9.580575e-03,0.000000e+00,0.000000e+00,119,1.099966e-04,0,0,0
12,10,92,5.078502e-05,4.997837e-03,1.128239e-02,0.000000e+00,0.000000e+00,158,7.729977e-07,0,0,0
13,7,99,3.917608e-05,4.834669e-03,1.052752e-02,0.000000e+00,0.000000e+00,137,7.602549e-05,0,0,0
14,9,108,1.889654e-05,5.170125e-03,1.000000e-02,0.000000e+00,0.000000e+00,112,3.576279e-06,0,0,0
15,10,118,1.469534e-04,5.425820e-03,1.195838e-02,0.000000e+00,0.000000e+00,109,1.880806e-06,0,0,0
16,9,127,3.343448e-05,5.710243e-03,1.148836e-02,0.000000e+00,0.000000e+00,121,6.382167e-05,0,0,0
17,8,135,3.679655e-05,5.751495e-03,1.081914e-02,0.000000e+00,0.000000e+00,120,2.055464e-05,0,0,0
18,8,143,2.556853e-04,6.050405e-03,1.182592e-02,0.000000e+00,0.000000e+00,110,3.004074e-05,0,0,0
19,8,151,1.259381e-04,5.952457e-03,1.105803e-02,0.000000e+00,0.000000e+00,130,1.734495e-05,0,0,0
20,8,159,1.532864e-04,6.475560e-03,1.437028e-02,0.000000e+00,0.000000e+00,114,4.441645e-04,0,0,0
21,9,168,7.977709e-05,6.174602e-03,1.084260e-02,0.000000e+00,0.000000e+00,146,9.604916e-05,0,0,0
22,9,177,1.025852e-04,6.415158e-03,1.239812e-02,0.000000e+00,0.000000e+00,130,2.800189e-04,0,0,0
23,7,184,7.817987e-05,6.336407e-03,1.059653e-02,0.000000e+00,0.000000e+00,139,5.681021e-05,0,0,0
24,7,191,4.594121e-04,6.804706e-03,1.166818e-02,0.000000e+00,0.000000e+00,104,3.954656e-04,0,0,0
25,8,199,5.447771e-05,6.353538e-03,1.031209e-02,0.000000e+00,0.000000e+00,157,2.191181e-05,0,0,0
26,12,211,2.751593e-05,6.575697e-03,1.317690e-02,0.000000e+00,0.000000e+00,122,2.717599e-05,0,0,0
27,6,217,5.517621e-05,6.777519e-03,1.409685e-02,0.000000e+00,0.000000e+00,115,1.227483e-05,0,0,0
28,6,223,2.875878e-04,7.090132e-03,1.456050e-02,0.000000e+00,0.000000e+00,102,2.007186e-04,0,0,0
29,8,231,1.716986e-04,7.128500e-03,1.248593e-02,0.000000e+00,0.000000e+00,142,5.960464e-08,0,0,0
30,6,237,5.375128e-05,7.166562e-03,1.163421e-02,0.000000e+00,0.000000e+00,126,2.660006e-04,0,0,0
31,8,245,1.222920e-04,6.986044e-03,1.216693e-02,0.000000e+00,0.000000e+00,151,3.095134e-06,0,0,0
32,7,252,1.709396e-04,7.217912e-03,1.400024e-02,0.000000e+00,0.000000e+00,114,5.108118e-05,0,0,0
33,8,260,1.357822e-04,6.963565e-03,1.464106e-02,0.000000e+00,0.000000e+00,148,1.192093e-07,0,0,0
34,8,268,2.218690e-04,7.489712e-03,1.333029e-02,0.000000e+00,0.000000e+00,106,4.448313e-04,0,0,0
35,6,274,7.984601e-04,7.158293e-03,1.164487e-02,0.000000e+00,0.000000e+00,147,1.192093e-05,0,0,0
36,7,281,1.427438e-04,7.700267e-03,1.443922e-02,0.000000e+00,0.000000e+00,102,1.043177e-04,0,0,0
37,7,288,2.880022e-04,7.417303e-03,1.143381e-02,0.000000e+00,0.000000e+00,140,4.720688e-05,0,0,0
38,6,294,4.315749e-04,7.603175e-03,1.419514e-02,0.000000e+00,0.000000e+00,119,4.768372e-07,0,0,0
39,8,302,5.861465e-04,7.253114e-03,1.523700e-02,0.000000e+00,0.000000e+00,146,1.095794e-05,0,0,0
40,6,308,2.827495e-05,7.842949e-03,1.213399e-02,0.000000e+00,0.000000e+00,93,1.769066e-04,0,0,0
41,7,315,1.738826e-04,7.451548e-03,1.215643e-02,0.000000e+00,0.000000e+00,147,1.192093e-07,0,0,0
42,7,322,1.376681e-04,8.014319e-03,1.475349e-02,0.000000e+00,0.000000e+00,90,1.926406e-05,0,0,0
43,5,327,5.444046e-04,7.543465e-03,1.306852e-02,0.000000e+00,0.000000e+00,131,3.507733e-05,0,0,0
44,7,334,2.062181e-04,7.918376e-03,1.389080e-02,0.000000e+00,0.000000e+00,94,8.180737e-06,0,0,0
45,6,340,2.501858e-04,7.316312e-03,1.117412e-02,0.000000e+00,0.000000e+00,144,1.013279e-06,0,0,0
46,6,346,2.220785e-04,7.701822e-03,1.371116e-02,0.000000e+00,0.000000e+00,94,6.428361e-05,0,0,0
47,6,352,1.366390e-04,7.502542e-03,1.160213e-02,0.000000e+00,0.000000e+00,138,9.319931e-05,0,0,0
HIST {'total_samples': 35645, 'floor_samples': 0, 'floor_fraction': 0.0, 'saturation_depth': 0.0, 'boundaries': 48, 'capped_boundaries': 0, 'unfinished_worlds': 0}
48,6,358,6.703520e-04,7.777836e-03,1.233706e-02,0.000000e+00,0.000000e+00,94,1.490116e-06,0,0,0
49,7,365,7.137097e-04,7.249794e-03,1.089000e-02,0.000000e+00,0.000000e+00,138,2.004206e-06,0,0,0
50,8,373,1.422269e-04,7.604443e-03,1.463921e-02,0.000000e+00,0.000000e+00,102,7.111579e-06,0,0,0
51,10,383,5.778857e-06,7.070632e-03,1.369915e-02,0.000000e+00,0.000000e+00,157,1.978874e-05,0,0,0
52,13,396,2.453569e-05,7.322563e-03,1.379326e-02,0.000000e+00,0.000000e+00,102,3.340794e-04,0,0,0
53,8,404,1.108786e-04,6.930862e-03,1.281570e-02,0.000000e+00,0.000000e+00,144,8.456875e-04,0,0,0
54,9,413,8.657109e-05,7.110663e-03,1.322727e-02,0.000000e+00,0.000000e+00,128,8.625407e-04,0,0,0
55,14,427,2.308842e-04,6.847004e-03,1.490003e-02,0.000000e+00,0.000000e+00,172,4.501082e-05,0,0,0
56,12,439,1.525879e-04,7.267653e-03,1.347016e-02,0.000000e+00,0.000000e+00,95,5.478878e-05,0,0,0
57,9,448,1.949444e-04,6.877625e-03,1.309754e-02,0.000000e+00,0.000000e+00,147,8.283556e-05,0,0,0
58,12,460,3.905594e-04,7.019730e-03,1.241663e-02,0.000000e+00,0.000000e+00,133,3.517121e-04,0,0,0
59,8,468,1.636427e-04,6.470289e-03,1.433865e-02,0.000000e+00,0.000000e+00,157,3.442168e-06,0,0,0
60,13,481,3.510574e-04,6.964627e-03,1.279568e-02,0.000000e+00,0.000000e+00,114,7.343246e-06,0,0,0
61,9,490,1.944602e-05,6.574109e-03,1.393428e-02,0.000000e+00,0.000000e+00,158,1.267716e-05,0,0,0
62,10,500,2.742745e-06,6.530100e-03,1.514462e-02,0.000000e+00,0.000000e+00,121,4.871171e-04,0,0,0
63,10,510,1.117587e-07,6.393339e-03,1.524399e-02,0.000000e+00,0.000000e+00,161,1.217984e-04,0,1,0
64,12,522,1.597498e-04,6.789392e-03,1.817483e-02,0.000000e+00,0.000000e+00,142,2.242476e-04,0,0,0
65,13,535,8.772127e-05,6.073904e-03,1.438256e-02,0.000000e+00,0.000000e+00,193,3.381670e-04,0,0,0
66,16,551,2.579205e-04,6.633603e-03,1.246302e-02,0.000000e+00,0.000000e+00,135,9.717047e-05,0,0,0
67,17,568,4.024198e-04,6.436698e-03,1.408707e-02,0.000000e+00,0.000000e+00,180,5.824268e-04,0,0,0
68,14,582,1.129787e-04,6.176199e-03,1.349931e-02,0.000000e+00,0.000000e+00,160,6.153658e-04,0,0,0
69,14,596,4.540524e-04,6.256492e-03,1.254456e-02,0.000000e+00,0.000000e+00,177,8.688867e-05,0,0,0
70,13,609,7.660594e-05,6.252102e-03,1.512071e-02,0.000000e+00,0.000000e+00,153,6.138044e-04,0,0,0
71,14,623,1.781760e-04,5.990807e-03,1.210120e-02,0.000000e+00,0.000000e+00,187,2.698079e-04,0,0,0
72,10,633,9.657815e-06,6.163507e-03,1.545148e-02,0.000000e+00,0.000000e+00,155,2.797842e-04,0,0,0
73,12,645,1.065526e-04,6.265496e-03,1.817925e-02,0.000000e+00,0.000000e+00,160,9.059906e-06,0,0,0
74,17,662,8.428469e-06,6.174428e-03,1.383177e-02,0.000000e+00,0.000000e+00,158,1.159757e-04,0,0,0
75,12,674,1.818454e-04,5.811862e-03,1.322659e-02,0.000000e+00,0.000000e+00,190,1.312196e-04,0,0,0
76,13,687,4.434679e-04,6.388633e-03,1.678125e-02,0.000000e+00,0.000000e+00,147,1.451001e-06,0,0,0
77,12,699,6.693881e-04,5.847341e-03,1.333196e-02,0.000000e+00,0.000000e+00,177,6.411597e-05,0,0,0
78,14,713,2.531521e-04,5.940333e-03,1.244369e-02,0.000000e+00,0.000000e+00,175,2.226233e-04,0,0,0
79,14,727,8.558854e-05,5.727928e-03,1.137041e-02,0.000000e+00,0.000000e+00,181,2.114475e-05,0,0,0
80,16,743,1.659151e-05,5.855115e-03,1.817041e-02,0.000000e+00,0.000000e+00,158,3.828853e-04,0,0,0
81,15,758,1.944136e-05,5.724438e-03,1.399691e-02,0.000000e+00,0.000000e+00,191,4.853308e-04,0,0,0
82,12,770,1.040613e-04,5.770061e-03,1.375612e-02,0.000000e+00,0.000000e+00,147,9.611249e-05,0,0,0
83,15,785,1.245132e-04,5.519907e-03,1.301957e-02,0.000000e+00,0.000000e+00,178,1.172721e-05,0,0,0
84,13,798,8.647330e-06,5.862225e-03,1.173825e-02,0.000000e+00,0.000000e+00,168,6.809533e-04,0,0,0
85,12,810,3.381213e-04,5.692936e-03,1.317520e-02,0.000000e+00,0.000000e+00,185,7.350743e-05,0,0,0
86,15,825,1.544785e-04,5.704806e-03,1.556954e-02,0.000000e+00,0.000000e+00,177,1.481967e-05,0,0,0
87,13,838,3.177673e-05,5.549924e-03,1.319689e-02,0.000000e+00,0.000000e+00,195,6.107837e-04,0,0,0
88,15,853,5.481765e-05,5.617267e-03,1.279415e-02,0.000000e+00,0.000000e+00,174,1.807511e-04,0,0,0
89,23,876,8.243602e-05,5.402302e-03,1.089040e-02,0.000000e+00,0.000000e+00,202,3.054738e-06,0,0,0
90,14,890,7.485505e-05,5.443456e-03,1.398331e-02,0.000000e+00,0.000000e+00,186,8.002669e-05,0,0,0
91,14,904,5.308539e-07,5.312907e-03,1.708425e-02,0.000000e+00,0.000000e+00,201,2.133027e-04,0,1,0
92,14,918,1.041545e-04,5.554955e-03,1.200903e-02,0.000000e+00,0.000000e+00,153,9.942055e-05,0,0,0
93,13,931,1.025992e-04,5.358789e-03,1.562609e-02,0.000000e+00,0.000000e+00,190,1.274049e-04,0,0,0
94,13,944,4.078262e-05,5.675619e-03,1.328430e-02,0.000000e+00,0.000000e+00,179,1.642741e-04,0,0,0
95,12,956,2.876855e-05,5.373260e-03,1.295109e-02,0.000000e+00,0.000000e+00,200,2.300590e-04,0,0,0
HIST {'total_samples': 77565, 'floor_samples': 2, 'floor_fraction': 2.5784825630116675e-05, 'saturation_depth': 1.1175870895385742e-07, 'boundaries': 96, 'capped_boundaries': 0, 'unfinished_worlds': 0}
96,12,968,8.413102e-05,5.453018e-03,1.294936e-02,0.000000e+00,0.000000e+00,182,6.311424e-04,0,0,0
97,11,979,4.479149e-04,5.352560e-03,1.449195e-02,0.000000e+00,0.000000e+00,194,2.801418e-06,0,0,0
98,14,993,9.046867e-05,5.419806e-03,1.522541e-02,0.000000e+00,0.000000e+00,180,2.548099e-06,0,0,0
99,13,1006,2.037268e-05,5.256965e-03,1.099389e-02,0.000000e+00,0.000000e+00,197,4.376676e-04,0,0,0
100,13,1019,1.446716e-04,5.533723e-03,1.374222e-02,0.000000e+00,0.000000e+00,184,1.971573e-04,0,0,0
101,11,1030,1.376914e-04,5.121317e-03,1.032905e-02,0.000000e+00,0.000000e+00,225,7.644296e-05,0,0,0
102,12,1042,1.133094e-04,5.460826e-03,1.436301e-02,0.000000e+00,0.000000e+00,169,4.300177e-04,0,0,0
103,15,1057,7.495284e-05,5.342533e-03,1.089000e-02,0.000000e+00,0.000000e+00,196,1.309551e-04,0,0,0
104,15,1072,3.392575e-04,5.591364e-03,1.243779e-02,0.000000e+00,0.000000e+00,183,4.437595e-04,0,0,0
105,11,1083,4.087575e-05,5.412055e-03,1.108779e-02,0.000000e+00,0.000000e+00,186,5.241050e-04,0,0,0
106,10,1093,1.966115e-04,5.638012e-03,1.317690e-02,0.000000e+00,0.000000e+00,159,7.374212e-05,0,0,0
107,18,1111,3.516674e-05,5.432191e-03,1.373709e-02,0.000000e+00,0.000000e+00,212,8.663535e-05,0,0,0
108,15,1126,1.991028e-04,5.795565e-03,1.378044e-02,0.000000e+00,0.000000e+00,171,1.407191e-04,0,0,0
109,11,1137,5.926471e-05,5.647676e-03,1.296901e-02,0.000000e+00,0.000000e+00,194,5.612113e-04,0,0,0
110,14,1151,8.709729e-05,5.588399e-03,1.461937e-02,0.000000e+00,0.000000e+00,201,1.359284e-04,0,0,0
111,14,1165,1.415145e-04,5.528189e-03,1.324410e-02,0.000000e+00,0.000000e+00,190,5.719578e-05,0,0,0
112,14,1179,1.693144e-05,5.577691e-03,1.380568e-02,0.000000e+00,0.000000e+00,160,1.056064e-04,0,0,0
113,14,1193,5.308539e-07,5.571311e-03,1.166486e-02,0.000000e+00,0.000000e+00,184,3.386494e-04,0,1,0
114,12,1205,8.814037e-05,5.681445e-03,1.233693e-02,0.000000e+00,0.000000e+00,167,3.469726e-04,0,0,0
115,13,1218,2.568588e-05,5.601660e-03,1.342577e-02,0.000000e+00,0.000000e+00,204,1.241267e-04,0,0,0
116,11,1229,2.034940e-05,5.776843e-03,1.522390e-02,0.000000e+00,0.000000e+00,204,6.016344e-06,0,0,0
117,13,1242,1.018401e-04,5.565091e-03,1.151136e-02,0.000000e+00,0.000000e+00,203,1.187846e-04,0,0,0
118,15,1257,2.475642e-04,5.651698e-03,1.090087e-02,0.000000e+00,0.000000e+00,184,5.960464e-06,0,0,0
119,16,1273,3.738748e-04,5.637834e-03,1.385570e-02,0.000000e+00,0.000000e+00,196,5.030930e-04,0,0,0
120,12,1285,1.333747e-04,5.724080e-03,1.297835e-02,0.000000e+00,0.000000e+00,167,1.092255e-04,0,0,0
121,13,1298,7.376075e-06,5.407139e-03,1.278921e-02,0.000000e+00,0.000000e+00,214,1.150370e-05,0,0,0
122,12,1310,3.939494e-05,5.506041e-03,1.221895e-02,0.000000e+00,0.000000e+00,184,6.079674e-06,0,0,0
123,11,1321,1.160242e-04,5.424979e-03,1.059404e-02,0.000000e+00,0.000000e+00,193,2.625957e-04,0,0,0
124,14,1335,7.003546e-06,5.461529e-03,1.120193e-02,0.000000e+00,0.000000e+00,179,2.644509e-04,0,0,0
125,25,1360,1.035398e-04,5.437439e-03,1.040833e-02,0.000000e+00,0.000000e+00,187,2.115071e-04,0,0,0
126,11,1371,4.222617e-05,5.748934e-03,1.246952e-02,0.000000e+00,0.000000e+00,164,2.697110e-04,0,0,0
127,17,1388,5.442649e-05,5.679655e-03,1.184224e-02,0.000000e+00,0.000000e+00,180,5.208738e-04,0,0,0
128,16,1404,1.050066e-05,5.702935e-03,1.158910e-02,0.000000e+00,0.000000e+00,186,9.623766e-04,0,0,0
129,20,1424,3.986061e-05,5.515852e-03,1.263374e-02,0.000000e+00,0.000000e+00,200,2.675653e-04,0,0,0
130,14,1438,5.359296e-05,5.511627e-03,1.156184e-02,0.000000e+00,0.000000e+00,188,7.800385e-05,0,0,0
131,17,1455,1.898082e-04,5.269954e-03,1.308909e-02,0.000000e+00,0.000000e+00,203,7.450581e-07,0,0,0
132,10,1465,1.031905e-05,5.561278e-03,1.157006e-02,0.000000e+00,0.000000e+00,170,1.635551e-04,0,0,0
133,11,1476,5.530100e-04,5.640106e-03,1.486017e-02,0.000000e+00,0.000000e+00,178,1.435727e-05,0,0,0
134,13,1489,9.619631e-05,5.779932e-03,1.397130e-02,0.000000e+00,0.000000e+00,185,2.496764e-04,0,0,0
135,10,1499,1.526484e-04,5.498649e-03,1.089000e-02,0.000000e+00,0.000000e+00,188,1.364946e-05,0,0,0
136,10,1509,2.979347e-04,5.694470e-03,1.227638e-02,0.000000e+00,0.000000e+00,177,5.326942e-04,0,0,0
137,15,1524,2.535060e-05,5.601998e-03,1.206421e-02,0.000000e+00,0.000000e+00,194,1.257062e-04,0,0,0
138,15,1539,7.923692e-05,5.897524e-03,1.294341e-02,0.000000e+00,0.000000e+00,175,1.117736e-04,0,0,0
139,13,1552,1.851842e-04,5.524640e-03,1.209541e-02,0.000000e+00,0.000000e+00,213,1.507811e-06,0,0,0
140,11,1563,1.568347e-05,5.574531e-03,1.441659e-02,0.000000e+00,0.000000e+00,181,6.270111e-04,0,0,0
141,11,1574,5.054288e-05,5.685329e-03,1.162226e-02,0.000000e+00,0.000000e+00,195,3.172085e-06,0,0,0
142,11,1585,7.157214e-06,5.269917e-03,1.210372e-02,0.000000e+00,0.000000e+00,196,7.171184e-06,0,0,0
143,11,1596,7.011462e-05,5.412451e-03,1.149662e-02,0.000000e+00,0.000000e+00,194,7.187575e-05,0,0,0
HIST {'total_samples': 126055, 'floor_samples': 3, 'floor_fraction': 2.379913529808417e-05, 'saturation_depth': 1.1175870895385742e-07, 'boundaries': 144, 'capped_boundaries': 0, 'unfinished_worlds': 0}
144,17,1613,6.807968e-05,5.821445e-03,1.464750e-02,0.000000e+00,0.000000e+00,163,9.536743e-07,0,0,0
145,14,1627,1.010997e-04,5.747748e-03,1.319098e-02,0.000000e+00,0.000000e+00,199,9.916071e-05,0,0,0
146,18,1645,8.814968e-05,5.662791e-03,1.195059e-02,0.000000e+00,0.000000e+00,198,1.867190e-04,0,0,0
147,16,1661,6.021932e-05,5.449122e-03,1.111756e-02,0.000000e+00,0.000000e+00,212,2.110004e-05,0,0,0
148,15,1676,2.092309e-04,5.694105e-03,1.248373e-02,0.000000e+00,0.000000e+00,183,5.333647e-04,0,0,0
149,10,1686,1.639547e-04,5.299536e-03,1.566484e-02,0.000000e+00,0.000000e+00,188,3.460385e-04,0,0,0
150,11,1697,2.284162e-04,5.852563e-03,1.412787e-02,0.000000e+00,0.000000e+00,160,1.782179e-04,0,0,0
151,13,1710,7.522758e-05,5.410315e-03,1.306282e-02,0.000000e+00,0.000000e+00,186,3.026798e-05,0,0,0
152,11,1721,3.709458e-05,5.738039e-03,1.409954e-02,0.000000e+00,0.000000e+00,178,2.801418e-06,0,0,0
153,12,1733,2.251938e-05,5.621545e-03,1.212203e-02,0.000000e+00,0.000000e+00,201,1.140814e-04,0,0,0
154,16,1749,1.604902e-04,5.481896e-03,1.221151e-02,0.000000e+00,0.000000e+00,205,3.902242e-04,0,0,0
155,14,1763,2.589170e-04,5.454109e-03,1.223476e-02,0.000000e+00,0.000000e+00,193,5.251169e-05,0,0,0
156,14,1777,7.617287e-05,5.818695e-03,1.277539e-02,0.000000e+00,0.000000e+00,171,2.292246e-04,0,0,0
157,13,1790,1.396611e-04,5.318385e-03,1.375656e-02,0.000000e+00,0.000000e+00,220,1.582652e-04,0,0,0
158,11,1801,2.686866e-05,5.542784e-03,1.643685e-02,0.000000e+00,0.000000e+00,186,1.073480e-04,0,0,0
159,12,1813,2.052076e-04,5.456126e-03,1.065254e-02,0.000000e+00,0.000000e+00,204,4.186062e-06,0,0,0
160,10,1823,2.198387e-04,5.503465e-03,1.309575e-02,0.000000e+00,0.000000e+00,187,3.339648e-04,0,0,0
161,14,1837,1.644343e-04,5.638960e-03,1.298099e-02,0.000000e+00,0.000000e+00,186,1.460500e-05,0,0,0
162,11,1848,5.534850e-05,5.621172e-03,1.236099e-02,0.000000e+00,0.000000e+00,190,6.288290e-06,0,0,0
163,16,1864,2.928637e-04,5.493903e-03,1.228109e-02,0.000000e+00,0.000000e+00,213,7.749349e-05,0,0,0
164,14,1878,3.821217e-05,5.624401e-03,1.158819e-02,0.000000e+00,0.000000e+00,192,4.447252e-04,0,0,0
165,15,1893,3.688969e-05,5.174346e-03,1.053179e-02,0.000000e+00,0.000000e+00,214,4.444793e-04,0,0,0
166,11,1904,3.886921e-04,5.605561e-03,1.101042e-02,0.000000e+00,0.000000e+00,179,3.814697e-06,0,0,0
167,10,1914,4.965812e-05,5.224146e-03,1.117248e-02,0.000000e+00,0.000000e+00,212,3.045797e-05,0,0,0
168,12,1926,3.781170e-05,5.470196e-03,1.091062e-02,0.000000e+00,0.000000e+00,179,8.456083e-05,0,0,0
169,10,1936,3.252644e-05,5.219291e-03,1.223306e-02,0.000000e+00,0.000000e+00,186,2.387562e-04,0,0,0
170,11,1947,8.508563e-05,5.801618e-03,1.763877e-02,0.000000e+00,0.000000e+00,164,4.297495e-05,0,0,0
171,13,1960,1.506647e-04,5.494920e-03,1.157656e-02,0.000000e+00,0.000000e+00,200,4.398897e-04,0,0,0
172,11,1971,2.479367e-04,5.626170e-03,1.244243e-02,0.000000e+00,0.000000e+00,184,5.063415e-05,0,0,0
173,16,1987,1.077540e-04,5.321670e-03,1.324681e-02,0.000000e+00,0.000000e+00,219,8.706003e-06,0,0,0
174,15,2002,6.546732e-05,5.427482e-03,1.215742e-02,0.000000e+00,0.000000e+00,185,1.171231e-04,0,0,0
175,12,2014,3.027217e-04,5.528953e-03,1.497070e-02,0.000000e+00,0.000000e+00,199,2.853572e-06,0,0,0
176,16,2030,1.614355e-04,5.490261e-03,1.119894e-02,0.000000e+00,0.000000e+00,197,2.403930e-05,0,0,0
177,13,2043,1.894450e-04,5.294917e-03,1.323897e-02,0.000000e+00,0.000000e+00,209,2.877414e-05,0,0,0
178,14,2057,6.209128e-05,5.539718e-03,1.266602e-02,0.000000e+00,0.000000e+00,186,4.822016e-05,0,0,0
179,16,2073,3.704801e-05,5.513424e-03,1.452871e-02,0.000000e+00,0.000000e+00,177,1.479408e-04,0,0,0
180,14,2087,4.380476e-05,5.695875e-03,1.174372e-02,0.000000e+00,0.000000e+00,175,4.186444e-04,0,0,0
181,16,2103,1.649279e-04,5.668550e-03,1.223745e-02,0.000000e+00,0.000000e+00,203,7.383525e-05,0,0,0
182,15,2118,4.522502e-05,5.614354e-03,1.111836e-02,0.000000e+00,0.000000e+00,190,3.291741e-04,0,0,0
183,19,2137,2.439180e-04,5.486163e-03,1.322238e-02,0.000000e+00,0.000000e+00,206,4.188269e-04,0,0,0
184,13,2150,2.583489e-05,5.615717e-03,1.278697e-02,0.000000e+00,0.000000e+00,195,8.795038e-05,0,0,0
185,16,2166,2.053566e-06,5.194996e-03,1.342174e-02,0.000000e+00,0.000000e+00,196,9.447411e-04,0,0,0
186,12,2178,4.656613e-08,5.531793e-03,1.130834e-02,0.000000e+00,0.000000e+00,192,1.907349e-06,0,1,0
187,12,2190,1.284201e-04,5.207845e-03,1.089000e-02,0.000000e+00,0.000000e+00,217,4.492551e-04,0,0,0
188,12,2202,1.610350e-04,5.553752e-03,1.806797e-02,0.000000e+00,0.000000e+00,171,5.887821e-06,0,0,0
189,10,2212,1.442991e-04,5.484906e-03,1.265579e-02,0.000000e+00,0.000000e+00,175,2.986807e-04,0,0,0
190,12,2224,1.566112e-04,5.648323e-03,1.418594e-02,0.000000e+00,0.000000e+00,190,2.104305e-04,0,0,0
191,11,2235,3.103632e-05,5.280566e-03,1.144987e-02,0.000000e+00,0.000000e+00,198,6.165355e-06,0,0,0
HIST {'total_samples': 175453, 'floor_samples': 4, 'floor_fraction': 2.2798128273668733e-05, 'saturation_depth': 4.6566128730773926e-08, 'boundaries': 192, 'capped_boundaries': 0, 'unfinished_worlds': 0}
192,13,2248,7.956289e-05,5.804765e-03,1.086595e-02,0.000000e+00,0.000000e+00,171,6.259996e-04,0,0,0
193,14,2262,3.369851e-04,5.545472e-03,1.594405e-02,0.000000e+00,0.000000e+00,224,2.609491e-04,0,0,0
194,10,2272,7.438939e-05,5.827100e-03,1.347881e-02,0.000000e+00,0.000000e+00,175,3.725700e-04,0,0,0
195,13,2285,2.530403e-05,5.432111e-03,1.186484e-02,0.000000e+00,0.000000e+00,199,1.028180e-04,0,0,0
196,12,2297,5.517621e-05,5.668596e-03,1.600434e-02,0.000000e+00,0.000000e+00,180,1.646578e-06,0,0,0
197,13,2310,3.666384e-04,5.239866e-03,1.171250e-02,0.000000e+00,0.000000e+00,196,4.146099e-04,0,0,0
198,16,2326,4.512258e-06,5.428583e-03,1.340089e-02,0.000000e+00,0.000000e+00,194,5.222857e-06,0,0,0
199,12,2338,4.415866e-05,5.480965e-03,1.099703e-02,0.000000e+00,0.000000e+00,179,3.228486e-04,0,0,0
200,15,2353,4.298054e-06,5.867758e-03,1.301323e-02,0.000000e+00,0.000000e+00,208,3.943220e-05,0,0,0
201,14,2367,2.157502e-04,5.438609e-03,1.383052e-02,0.000000e+00,0.000000e+00,226,3.051031e-04,0,0,0
202,12,2379,1.359172e-04,5.507688e-03,1.280340e-02,0.000000e+00,0.000000e+00,184,7.562339e-05,0,0,0
203,12,2391,1.953868e-04,5.528587e-03,1.245661e-02,0.000000e+00,0.000000e+00,208,1.527071e-04,0,0,0
204,10,2401,5.292706e-05,5.300632e-03,1.186674e-02,0.000000e+00,0.000000e+00,190,5.407631e-04,0,0,0
205,13,2414,2.438761e-04,5.368243e-03,1.401781e-02,0.000000e+00,0.000000e+00,187,8.146930e-05,0,0,0
206,11,2425,1.385855e-04,5.707836e-03,1.461523e-02,0.000000e+00,0.000000e+00,192,7.811934e-05,0,0,0
207,18,2443,3.217254e-05,5.466073e-03,1.282546e-02,0.000000e+00,0.000000e+00,208,7.257983e-05,0,0,0
208,13,2456,1.401780e-04,5.891905e-03,1.814398e-02,0.000000e+00,0.000000e+00,187,1.907349e-06,0,0,0
209,12,2468,2.163462e-05,5.490213e-03,1.089000e-02,0.000000e+00,0.000000e+00,213,5.900860e-06,0,0,0
210,13,2481,1.487462e-04,5.564200e-03,1.307309e-02,0.000000e+00,0.000000e+00,207,4.199445e-04,0,0,0
211,11,2492,3.250595e-04,5.483446e-03,1.204294e-02,0.000000e+00,0.000000e+00,199,4.608184e-06,0,0,0
212,11,2503,1.493655e-04,5.626929e-03,1.525707e-02,0.000000e+00,0.000000e+00,180,8.696318e-05,0,0,0
213,14,2517,3.318302e-05,5.416513e-03,1.406654e-02,0.000000e+00,0.000000e+00,209,1.007766e-04,0,0,0
214,11,2528,2.974644e-05,5.532635e-03,1.463410e-02,0.000000e+00,0.000000e+00,195,4.521292e-05,0,0,0
215,18,2546,3.268942e-05,5.394028e-03,1.143324e-02,0.000000e+00,0.000000e+00,224,1.803190e-04,0,0,0
216,16,2562,1.352280e-05,5.503182e-03,1.185196e-02,0.000000e+00,0.000000e+00,207,6.062211e-06,0,0,0
217,12,2574,1.343433e-05,5.346460e-03,1.252401e-02,0.000000e+00,0.000000e+00,219,1.031011e-04,0,0,0
218,17,2591,1.150044e-04,5.278678e-03,1.644633e-02,0.000000e+00,0.000000e+00,190,4.739910e-04,0,0,0
219,12,2603,2.894225e-04,5.273894e-03,1.197900e-02,0.000000e+00,0.000000e+00,212,1.175702e-04,0,0,0
220,16,2619,2.113264e-04,5.257080e-03,1.412010e-02,0.000000e+00,0.000000e+00,215,2.170466e-04,0,0,0
221,19,2638,1.630979e-04,5.289052e-03,1.059023e-02,0.000000e+00,0.000000e+00,210,1.586457e-04,0,0,0
222,16,2654,3.184192e-05,5.482333e-03,1.155807e-02,0.000000e+00,0.000000e+00,187,1.907349e-06,0,0,0
223,12,2666,7.497612e-05,5.229658e-03,1.110302e-02,0.000000e+00,0.000000e+00,221,1.776218e-04,0,0,0
224,14,2680,7.203780e-06,5.227860e-03,1.239590e-02,0.000000e+00,0.000000e+00,196,1.478568e-04,0,0,0
225,11,2691,2.212171e-04,5.245867e-03,1.171133e-02,0.000000e+00,0.000000e+00,188,2.354383e-06,0,0,0
226,12,2703,1.455657e-05,5.440923e-03,1.395020e-02,0.000000e+00,0.000000e+00,199,1.215935e-05,0,0,0
227,13,2716,4.297402e-04,5.477304e-03,1.418686e-02,0.000000e+00,0.000000e+00,206,4.130290e-04,0,0,0
228,11,2727,7.063150e-05,5.557381e-03,1.455359e-02,0.000000e+00,0.000000e+00,196,1.980364e-04,0,0,0
229,11,2738,2.155453e-04,5.376795e-03,1.219200e-02,0.000000e+00,0.000000e+00,208,2.996624e-04,0,0,0
230,14,2752,2.189260e-04,5.700905e-03,1.460308e-02,0.000000e+00,0.000000e+00,199,1.598895e-04,0,0,0
231,13,2765,3.471971e-05,5.304640e-03,1.189154e-02,0.000000e+00,0.000000e+00,207,2.248138e-04,0,0,0
232,13,2778,1.539476e-05,5.401474e-03,1.356723e-02,0.000000e+00,0.000000e+00,171,2.591610e-04,0,0,0
233,13,2791,1.639267e-04,5.243740e-03,1.225173e-02,0.000000e+00,0.000000e+00,207,1.630001e-04,0,0,0
234,15,2806,1.465902e-05,5.578310e-03,1.146653e-02,0.000000e+00,0.000000e+00,173,5.861819e-04,0,0,0
235,13,2819,6.765593e-05,5.498243e-03,1.099303e-02,0.000000e+00,0.000000e+00,194,8.952618e-05,0,0,0
236,11,2830,9.322539e-06,5.619770e-03,1.742948e-02,0.000000e+00,0.000000e+00,174,6.622672e-04,0,0,0
237,10,2840,1.424924e-06,5.759927e-03,1.094420e-02,0.000000e+00,0.000000e+00,172,2.128482e-04,0,0,0
238,11,2851,1.817523e-04,5.608561e-03,1.212632e-02,0.000000e+00,0.000000e+00,210,4.917383e-06,0,0,0
239,17,2868,6.631948e-05,5.519183e-03,1.326324e-02,0.000000e+00,0.000000e+00,225,1.764484e-05,0,0,0
HIST {'total_samples': 225889, 'floor_samples': 4, 'floor_fraction': 1.7707812244066777e-05, 'saturation_depth': 4.6566128730773926e-08, 'boundaries': 240, 'capped_boundaries': 0, 'unfinished_worlds': 0}
240,13,2881,4.022382e-05,5.613293e-03,1.524296e-02,0.000000e+00,0.000000e+00,188,2.552196e-05,0,0,0
241,13,2894,8.556060e-05,5.361059e-03,1.008043e-02,0.000000e+00,0.000000e+00,203,1.543369e-04,0,0,0
242,11,2905,2.203090e-04,5.660070e-03,1.497591e-02,0.000000e+00,0.000000e+00,178,1.989235e-05,0,0,0
243,9,2914,7.260125e-05,5.559076e-03,1.090470e-02,0.000000e+00,0.000000e+00,198,6.116107e-04,0,0,0
244,11,2925,1.501292e-05,5.678361e-03,1.341130e-02,0.000000e+00,0.000000e+00,187,5.279891e-04,0,0,0
245,12,2937,5.183741e-05,5.313674e-03,1.125126e-02,0.000000e+00,0.000000e+00,214,1.002550e-04,0,0,0
246,11,2948,4.025130e-04,5.726337e-03,1.322374e-02,0.000000e+00,0.000000e+00,176,5.105138e-05,0,0,0
247,15,2963,2.727844e-05,5.511930e-03,1.149773e-02,0.000000e+00,0.000000e+00,202,1.313947e-04,0,0,0
248,12,2975,2.372544e-05,5.541874e-03,1.488501e-02,0.000000e+00,0.000000e+00,187,2.660453e-04,0,0,0
249,17,2992,8.285046e-05,5.358372e-03,1.234575e-02,0.000000e+00,0.000000e+00,187,1.338050e-04,0,0,0
250,12,3004,9.804033e-05,5.517393e-03,1.488197e-02,0.000000e+00,0.000000e+00,188,1.907349e-06,0,0,0
251,13,3017,1.775753e-04,5.388387e-03,1.038524e-02,0.000000e+00,0.000000e+00,200,6.373040e-05,0,0,0
252,21,3038,8.511357e-05,5.621728e-03,1.292244e-02,0.000000e+00,0.000000e+00,205,1.239777e-05,0,0,0
253,12,3050,6.707851e-05,5.329736e-03,1.244233e-02,0.000000e+00,0.000000e+00,213,2.414361e-05,0,0,0
254,12,3062,2.329703e-05,5.503542e-03,1.218957e-02,0.000000e+00,0.000000e+00,194,2.700360e-04,0,0,0
255,16,3078,1.433305e-05,5.533083e-03,1.085777e-02,0.000000e+00,0.000000e+00,198,1.433864e-05,0,0,0
256,18,3096,3.060792e-04,5.512217e-03,1.146036e-02,0.000000e+00,0.000000e+00,194,5.020946e-04,0,0,0
257,14,3110,6.095041e-05,5.530767e-03,1.193395e-02,0.000000e+00,0.000000e+00,212,8.106232e-06,0,0,0
258,17,3127,1.974404e-06,5.647561e-03,1.160373e-02,0.000000e+00,0.000000e+00,195,4.943646e-05,0,0,0
259,11,3138,2.211658e-04,5.427888e-03,1.296232e-02,0.000000e+00,0.000000e+00,220,1.180507e-04,0,0,0
260,13,3151,5.948823e-05,5.496390e-03,1.312016e-02,0.000000e+00,0.000000e+00,175,1.040474e-04,0,0,0
261,13,3164,2.313871e-04,5.439847e-03,1.354720e-02,0.000000e+00,0.000000e+00,193,2.996549e-04,0,0,0
262,12,3176,1.095142e-04,5.484853e-03,1.238401e-02,0.000000e+00,0.000000e+00,172,7.256866e-06,0,0,0
263,11,3187,7.920898e-06,5.604223e-03,1.020106e-02,0.000000e+00,0.000000e+00,204,4.024953e-04,0,0,0
264,11,3198,1.695938e-05,5.438889e-03,1.393683e-02,0.000000e+00,0.000000e+00,180,2.479702e-04,0,0,0
265,14,3212,4.456379e-06,5.654688e-03,1.192231e-02,0.000000e+00,0.000000e+00,188,2.325475e-04,0,0,0
266,9,3221,1.045177e-04,5.754526e-03,1.264521e-02,0.000000e+00,0.000000e+00,177,3.243536e-04,0,0,0
267,12,3233,2.215989e-04,5.374090e-03,1.324902e-02,0.000000e+00,0.000000e+00,243,2.931815e-05,0,0,0
268,11,3244,1.818873e-05,5.571526e-03,1.338697e-02,0.000000e+00,0.000000e+00,204,5.068630e-05,0,0,0
269,11,3255,4.859641e-05,5.277395e-03,1.358712e-02,0.000000e+00,0.000000e+00,209,4.347414e-05,0,0,0
270,12,3267,1.075678e-05,5.511422e-03,1.395672e-02,0.000000e+00,0.000000e+00,196,1.136214e-05,0,0,0
271,27,3294,1.607928e-05,5.495092e-03,1.208266e-02,0.000000e+00,0.000000e+00,182,3.412366e-06,0,0,0
272,14,3308,3.301352e-04,5.536010e-03,1.339579e-02,0.000000e+00,0.000000e+00,198,3.266335e-05,0,0,0
273,15,3323,1.289137e-04,5.327026e-03,1.171177e-02,0.000000e+00,0.000000e+00,227,2.100468e-04,0,0,0
274,14,3337,5.743001e-05,5.622890e-03,1.351977e-02,0.000000e+00,0.000000e+00,191,2.009273e-04,0,0,0
275,16,3353,9.827316e-05,5.418664e-03,1.099661e-02,0.000000e+00,0.000000e+00,220,4.398823e-05,0,0,0
276,15,3368,1.871446e-04,5.545826e-03,1.286146e-02,0.000000e+00,0.000000e+00,199,4.846603e-04,0,0,0
277,13,3381,5.121343e-05,5.395788e-03,1.222529e-02,0.000000e+00,0.000000e+00,215,1.223050e-04,0,0,0
278,13,3394,8.282252e-05,5.404689e-03,1.208872e-02,0.000000e+00,0.000000e+00,206,9.982288e-05,0,0,0
279,11,3405,1.158100e-04,5.539237e-03,1.229514e-02,0.000000e+00,0.000000e+00,214,6.198883e-06,0,0,0
280,12,3417,4.638452e-05,5.326250e-03,1.151678e-02,0.000000e+00,0.000000e+00,209,5.215034e-04,0,0,0
281,12,3429,5.398877e-05,5.197155e-03,1.133026e-02,0.000000e+00,0.000000e+00,215,4.886687e-04,0,0,0
282,13,3442,1.203269e-05,5.587722e-03,1.821472e-02,0.000000e+00,0.000000e+00,175,4.876852e-04,0,0,0
283,16,3458,2.930872e-05,5.400608e-03,1.228041e-02,0.000000e+00,0.000000e+00,216,9.190536e-04,0,0,0
284,12,3470,9.646639e-05,5.572862e-03,1.439956e-02,0.000000e+00,0.000000e+00,212,3.088973e-04,0,0,0
285,15,3485,1.782877e-04,5.339609e-03,1.143465e-02,0.000000e+00,0.000000e+00,218,3.576279e-06,0,0,0
286,15,3500,9.897165e-05,5.480365e-03,1.373980e-02,0.000000e+00,0.000000e+00,206,2.324581e-06,0,0,0
287,21,3521,2.323790e-04,5.560873e-03,1.326831e-02,0.000000e+00,0.000000e+00,213,5.490482e-04,0,0,0
HIST {'total_samples': 276836, 'floor_samples': 4, 'floor_fraction': 1.444898784840122e-05, 'saturation_depth': 4.6566128730773926e-08, 'boundaries': 288, 'capped_boundaries': 0, 'unfinished_worlds': 0}
288,22,3543,4.106667e-05,5.386528e-03,1.121792e-02,0.000000e+00,0.000000e+00,217,1.136418e-04,0,0,0
289,20,3563,1.900923e-04,5.226471e-03,1.095451e-02,0.000000e+00,0.000000e+00,233,7.479042e-04,0,0,0
290,11,3574,2.977438e-05,5.354464e-03,1.231883e-02,0.000000e+00,0.000000e+00,210,3.017392e-04,0,0,0
291,13,3587,2.654502e-04,5.225447e-03,1.206400e-02,0.000000e+00,0.000000e+00,220,5.566776e-04,0,0,0
292,11,3598,6.265007e-05,5.068300e-03,1.197900e-02,0.000000e+00,0.000000e+00,227,8.565933e-05,0,0,0
293,12,3610,7.739291e-05,5.302995e-03,1.147822e-02,0.000000e+00,0.000000e+00,206,2.943873e-04,0,0,0
294,12,3622,1.476984e-04,5.365146e-03,1.160820e-02,0.000000e+00,0.000000e+00,200,4.815869e-05,0,0,0
295,12,3634,2.617715e-04,5.296521e-03,1.309559e-02,0.000000e+00,0.000000e+00,202,8.909404e-05,0,0,0
296,13,3647,3.373716e-05,5.410678e-03,1.286847e-02,0.000000e+00,0.000000e+00,173,3.814697e-06,0,0,0
297,13,3660,4.788395e-05,5.260857e-03,1.023672e-02,0.000000e+00,0.000000e+00,212,4.768372e-07,0,0,0
298,12,3672,2.043787e-05,5.400620e-03,1.163484e-02,0.000000e+00,0.000000e+00,185,5.619526e-04,0,0,0
299,22,3694,2.340414e-05,5.492545e-03,1.187121e-02,0.000000e+00,0.000000e+00,210,8.674205e-05,0,0,0
300,12,3706,7.890165e-05,5.308876e-03,1.278647e-02,0.000000e+00,0.000000e+00,193,4.850025e-04,0,0,0
301,13,3719,2.703071e-04,5.189657e-03,1.101833e-02,0.000000e+00,0.000000e+00,216,4.141498e-04,0,0,0
302,11,3730,1.370162e-04,5.683613e-03,1.285760e-02,0.000000e+00,0.000000e+00,184,2.995133e-06,0,0,0
303,13,3743,1.803041e-04,5.120884e-03,1.252907e-02,0.000000e+00,0.000000e+00,238,6.973743e-06,0,0,0
304,11,3754,2.203509e-05,5.520103e-03,1.317690e-02,0.000000e+00,0.000000e+00,182,3.814697e-06,0,0,0
305,13,3767,1.095608e-04,5.483669e-03,1.401031e-02,0.000000e+00,0.000000e+00,213,2.607703e-06,0,0,0
306,10,3777,8.786097e-05,5.587376e-03,1.506851e-02,0.000000e+00,0.000000e+00,200,2.172729e-04,0,0,0
307,13,3790,3.343448e-06,5.166625e-03,1.089000e-02,0.000000e+00,0.000000e+00,220,8.277223e-05,0,0,0
308,11,3801,8.233823e-05,5.554156e-03,1.329672e-02,0.000000e+00,0.000000e+00,177,3.292039e-04,0,0,0
309,17,3818,1.945999e-05,5.439875e-03,1.352228e-02,0.000000e+00,0.000000e+00,219,4.595518e-05,0,0,0
310,10,3828,8.428935e-05,5.684348e-03,1.220566e-02,0.000000e+00,0.000000e+00,191,3.913566e-04,0,0,0
311,12,3840,1.632515e-04,5.522374e-03,1.196672e-02,0.000000e+00,0.000000e+00,223,3.721267e-04,0,0,0
312,13,3853,1.181383e-04,5.453508e-03,1.174002e-02,0.000000e+00,0.000000e+00,190,1.183450e-04,0,0,0
313,14,3867,2.367701e-04,5.269170e-03,1.309067e-02,0.000000e+00,0.000000e+00,234,4.178435e-04,0,0,0
314,12,3879,4.955567e-05,5.327606e-03,1.280257e-02,0.000000e+00,0.000000e+00,182,3.340095e-05,0,0,0
315,13,3892,2.005789e-04,5.443883e-03,1.215782e-02,0.000000e+00,0.000000e+00,179,2.563000e-06,0,0,0
316,13,3905,1.205504e-04,5.603725e-03,1.378536e-02,0.000000e+00,0.000000e+00,199,8.727051e-05,0,0,0
317,11,3916,2.244394e-04,5.186576e-03,1.158358e-02,0.000000e+00,0.000000e+00,229,1.633912e-05,0,0,0
318,20,3936,1.245737e-04,5.481093e-03,1.329574e-02,0.000000e+00,0.000000e+00,178,7.620454e-05,0,0,0
319,12,3948,4.736707e-05,5.356385e-03,1.327658e-02,0.000000e+00,0.000000e+00,180,2.926886e-04,0,0,0
320,14,3962,5.668495e-05,5.799690e-03,1.308416e-02,0.000000e+00,0.000000e+00,184,2.296679e-04,0,0,0
321,14,3976,3.217719e-06,5.646841e-03,1.362015e-02,0.000000e+00,0.000000e+00,221,6.023422e-05,0,0,0
322,15,3991,6.456394e-05,5.796719e-03,1.411709e-02,0.000000e+00,0.000000e+00,199,1.488142e-04,0,0,0
323,12,4003,2.096407e-05,5.468712e-03,1.354312e-02,0.000000e+00,0.000000e+00,216,1.355559e-04,0,0,0
324,14,4017,3.443006e-04,5.581525e-03,1.167862e-02,0.000000e+00,0.000000e+00,201,3.506243e-04,0,0,0
325,13,4030,2.220739e-05,5.406703e-03,1.089000e-02,0.000000e+00,0.000000e+00,198,3.814697e-06,0,0,0
326,13,4043,1.619104e-04,5.575741e-03,1.498479e-02,0.000000e+00,0.000000e+00,188,5.830079e-06,0,0,0
327,13,4056,1.696730e-04,5.471744e-03,1.184674e-02,0.000000e+00,0.000000e+00,223,6.785989e-05,0,0,0
328,15,4071,5.330425e-05,5.659815e-03,1.556122e-02,0.000000e+00,0.000000e+00,190,3.329217e-04,0,0,0
329,12,4083,1.042336e-04,5.306288e-03,1.405018e-02,0.000000e+00,0.000000e+00,220,1.075268e-04,0,0,0
330,12,4095,2.056360e-04,5.615829e-03,1.698270e-02,0.000000e+00,0.000000e+00,201,2.961904e-04,0,0,0
331,14,4109,1.478568e-04,5.366512e-03,1.010647e-02,0.000000e+00,0.000000e+00,215,2.160668e-06,0,0,0
332,14,4123,5.555339e-06,5.603218e-03,1.506600e-02,0.000000e+00,0.000000e+00,185,8.940697e-06,0,0,0
333,12,4135,4.386529e-06,5.290103e-03,1.100222e-02,0.000000e+00,0.000000e+00,238,7.763132e-05,0,0,0
334,15,4150,2.241693e-05,5.440701e-03,1.407064e-02,0.000000e+00,0.000000e+00,205,1.019575e-04,0,0,0
335,11,4161,3.635883e-05,5.510977e-03,1.100826e-02,0.000000e+00,0.000000e+00,210,1.555085e-04,0,0,0
HIST {'total_samples': 328869, 'floor_samples': 4, 'floor_fraction': 1.2162897688745366e-05, 'saturation_depth': 4.6566128730773926e-08, 'boundaries': 336, 'capped_boundaries': 0, 'unfinished_worlds': 0}
336,11,4172,2.095476e-05,5.368599e-03,1.604900e-02,0.000000e+00,0.000000e+00,202,3.907457e-05,0,0,0
337,10,4182,1.778407e-04,5.402880e-03,1.467824e-02,0.000000e+00,0.000000e+00,210,1.087040e-04,0,0,0
338,15,4197,6.870367e-05,5.248222e-03,1.246247e-02,0.000000e+00,0.000000e+00,215,3.814697e-06,0,0,0
339,10,4207,5.439855e-05,5.338998e-03,1.316645e-02,0.000000e+00,0.000000e+00,210,2.013892e-05,0,0,0
340,10,4217,1.440337e-04,5.465284e-03,1.291798e-02,0.000000e+00,0.000000e+00,201,7.763505e-05,0,0,0
341,10,4227,4.407018e-05,5.251090e-03,1.268010e-02,0.000000e+00,0.000000e+00,226,2.508573e-04,0,0,0
342,10,4237,1.053791e-04,5.429246e-03,1.456648e-02,0.000000e+00,0.000000e+00,194,2.405047e-04,0,0,0
343,14,4251,4.352070e-05,5.343629e-03,1.169173e-02,0.000000e+00,0.000000e+00,206,1.958758e-04,0,0,0
344,13,4264,7.046387e-05,5.534867e-03,1.366881e-02,0.000000e+00,0.000000e+00,201,5.011596e-04,0,0,0
345,12,4276,2.297666e-04,5.339377e-03,1.102039e-02,0.000000e+00,0.000000e+00,206,5.006790e-06,0,0,0
346,12,4288,1.182035e-04,5.605994e-03,1.243301e-02,0.000000e+00,0.000000e+00,191,4.464686e-04,0,0,0
347,12,4300,8.224975e-05,5.256096e-03,1.073991e-02,0.000000e+00,0.000000e+00,223,1.847744e-05,0,0,0
348,13,4313,1.209741e-04,5.709338e-03,1.409736e-02,0.000000e+00,0.000000e+00,183,3.814697e-06,0,0,0
349,12,4325,1.627207e-04,5.399559e-03,1.322820e-02,0.000000e+00,0.000000e+00,227,3.969669e-05,0,0,0
350,12,4337,4.791282e-04,5.560944e-03,1.356869e-02,0.000000e+00,0.000000e+00,194,1.749098e-04,0,0,0
351,16,4353,4.845671e-05,5.298949e-03,1.394252e-02,0.000000e+00,0.000000e+00,207,4.229397e-04,0,0,0
352,21,4374,1.900038e-04,5.402076e-03,1.400045e-02,0.000000e+00,0.000000e+00,209,1.536310e-04,0,0,0
353,12,4386,1.271674e-04,5.392388e-03,1.301552e-02,0.000000e+00,0.000000e+00,209,3.436804e-04,0,0,0
354,13,4399,1.474284e-05,5.403738e-03,1.547848e-02,0.000000e+00,0.000000e+00,205,1.685917e-04,0,0,0
355,14,4413,2.007606e-04,5.386045e-03,1.443484e-02,0.000000e+00,0.000000e+00,212,2.644733e-04,0,0,0
356,15,4428,6.782822e-05,5.459211e-03,1.233055e-02,0.000000e+00,0.000000e+00,212,7.120632e-04,0,0,0
357,13,4441,7.322058e-05,5.150160e-03,1.058726e-02,0.000000e+00,0.000000e+00,224,5.091727e-05,0,0,0
358,14,4455,1.321593e-04,5.566604e-03,1.663283e-02,0.000000e+00,0.000000e+00,212,1.797825e-05,0,0,0
359,15,4470,1.383945e-05,5.033134e-03,1.068664e-02,0.000000e+00,0.000000e+00,207,3.814697e-06,0,0,0
360,13,4483,2.393965e-05,5.436460e-03,1.270686e-02,0.000000e+00,0.000000e+00,192,2.930313e-04,0,0,0
361,20,4503,5.867332e-07,5.351394e-03,1.420058e-02,0.000000e+00,0.000000e+00,199,9.602681e-05,0,1,0
362,16,4519,1.519686e-04,5.255908e-03,1.084879e-02,0.000000e+00,0.000000e+00,222,1.534969e-04,0,0,0
363,13,4532,5.274080e-05,5.223306e-03,1.168190e-02,0.000000e+00,0.000000e+00,229,7.301569e-06,0,0,0
364,13,4545,7.228926e-05,5.339926e-03,1.821472e-02,0.000000e+00,0.000000e+00,212,8.840114e-05,0,0,0
365,14,4559,3.269874e-04,5.244347e-03,1.097866e-02,0.000000e+00,0.000000e+00,215,4.849881e-04,0,0,0
366,12,4571,5.810522e-05,5.394174e-03,1.330709e-02,0.000000e+00,0.000000e+00,201,1.075845e-04,0,0,0
367,15,4586,8.496922e-05,5.212718e-03,1.234229e-02,0.000000e+00,0.000000e+00,222,6.723404e-04,0,0,0
368,11,4597,1.922157e-04,5.245140e-03,1.313143e-02,0.000000e+00,0.000000e+00,222,7.629395e-06,0,0,0
369,13,4610,3.350014e-04,5.072988e-03,1.211919e-02,0.000000e+00,0.000000e+00,230,1.149420e-04,0,0,0
370,18,4628,1.166668e-04,5.278068e-03,1.480733e-02,0.000000e+00,0.000000e+00,215,5.466491e-04,0,0,0
371,14,4642,1.819711e-04,5.104961e-03,1.344642e-02,0.000000e+00,0.000000e+00,235,1.258850e-04,0,0,0
372,12,4654,5.284790e-05,4.956705e-03,1.252166e-02,0.000000e+00,0.000000e+00,208,2.143681e-04,0,0,0
373,13,4667,7.840805e-05,5.091160e-03,1.160509e-02,0.000000e+00,0.000000e+00,200,1.573563e-05,0,0,0
374,13,4680,2.593128e-04,4.991783e-03,1.223742e-02,0.000000e+00,0.000000e+00,216,5.766749e-05,0,0,0
375,13,4693,8.000061e-06,5.064393e-03,1.206897e-02,0.000000e+00,0.000000e+00,215,1.293421e-04,0,0,0
376,28,4721,1.145434e-04,5.081363e-03,1.250116e-02,0.000000e+00,0.000000e+00,211,1.835525e-04,0,0,0
377,12,4733,7.130206e-05,5.141579e-03,1.059804e-02,0.000000e+00,0.000000e+00,212,1.746416e-05,0,0,0
378,14,4747,3.301539e-05,5.219352e-03,1.388103e-02,0.000000e+00,0.000000e+00,214,1.919270e-05,0,0,0
379,14,4761,4.093163e-05,5.012839e-03,1.146243e-02,0.000000e+00,0.000000e+00,205,9.536743e-07,0,0,0
380,13,4774,1.867767e-04,5.108597e-03,1.243907e-02,0.000000e+00,0.000000e+00,193,2.735034e-04,0,0,0
381,12,4786,2.262602e-04,5.134709e-03,1.217973e-02,0.000000e+00,0.000000e+00,193,8.583069e-06,0,0,0
382,11,4797,1.689093e-04,5.243944e-03,1.165439e-02,0.000000e+00,0.000000e+00,188,9.298325e-05,0,0,0
383,12,4809,5.160924e-05,5.131637e-03,1.527089e-02,0.000000e+00,0.000000e+00,228,1.752824e-04,0,0,0
HIST {'total_samples': 382307, 'floor_samples': 5, 'floor_fraction': 1.3078494508340156e-05, 'saturation_depth': 4.6566128730773926e-08, 'boundaries': 384, 'capped_boundaries': 0, 'unfinished_worlds': 0}
384,16,4825,1.311814e-04,5.237681e-03,1.024666e-02,0.000000e+00,0.000000e+00,221,4.989505e-04,0,0,0
385,9,4834,3.109220e-04,5.222851e-03,1.638643e-02,0.000000e+00,0.000000e+00,219,2.045855e-04,0,0,0
386,10,4844,1.358846e-04,5.452095e-03,1.716928e-02,0.000000e+00,0.000000e+00,214,8.270144e-06,0,0,0
387,12,4856,3.591180e-05,5.234807e-03,1.432868e-02,0.000000e+00,0.000000e+00,217,3.470108e-05,0,0,0
388,11,4867,1.272187e-04,5.172795e-03,1.396882e-02,0.000000e+00,0.000000e+00,209,7.252209e-05,0,0,0
389,11,4878,5.914364e-05,5.260188e-03,1.357088e-02,0.000000e+00,0.000000e+00,205,2.513826e-05,0,0,0
390,10,4888,2.629310e-04,5.250085e-03,1.311220e-02,0.000000e+00,0.000000e+00,196,4.326738e-04,0,0,0
391,13,4901,3.570598e-04,5.373510e-03,1.078024e-02,0.000000e+00,0.000000e+00,206,5.244929e-05,0,0,0
392,21,4922,1.798384e-05,5.435295e-03,1.259190e-02,0.000000e+00,0.000000e+00,214,5.134102e-05,0,0,0
393,14,4936,4.268251e-05,5.219184e-03,1.208441e-02,0.000000e+00,0.000000e+00,227,2.502203e-04,0,0,0
394,13,4949,5.229376e-05,5.593690e-03,1.310733e-02,0.000000e+00,0.000000e+00,195,1.261905e-04,0,0,0
395,11,4960,1.101429e-04,5.453207e-03,1.089000e-02,0.000000e+00,0.000000e+00,226,2.596751e-04,0,0,0
396,14,4974,4.142057e-05,5.366165e-03,1.256468e-02,0.000000e+00,0.000000e+00,200,1.602918e-04,0,0,0
397,10,4984,1.364108e-04,5.339906e-03,1.213015e-02,0.000000e+00,0.000000e+00,217,6.596372e-05,0,0,0
398,12,4996,2.603047e-06,5.560231e-03,1.333215e-02,0.000000e+00,0.000000e+00,208,1.677871e-05,0,0,0
399,11,5007,3.238209e-05,5.337954e-03,1.123967e-02,0.000000e+00,0.000000e+00,228,7.629395e-06,0,0,0
400,12,5019,6.557908e-05,5.575879e-03,1.467068e-02,0.000000e+00,0.000000e+00,203,1.395643e-04,0,0,0
401,12,5031,1.280010e-04,5.147982e-03,1.257783e-02,0.000000e+00,0.000000e+00,218,1.612678e-04,0,0,0
402,12,5043,5.758833e-05,5.211738e-03,1.133563e-02,0.000000e+00,0.000000e+00,205,1.987293e-04,0,0,0
403,19,5062,1.642853e-05,5.052621e-03,1.151253e-02,0.000000e+00,0.000000e+00,240,1.055598e-04,0,0,0
404,14,5076,6.202608e-05,5.106984e-03,1.222390e-02,0.000000e+00,0.000000e+00,215,7.629395e-06,0,0,0
405,13,5089,1.731329e-05,5.168473e-03,1.174138e-02,0.000000e+00,0.000000e+00,197,4.499257e-04,0,0,0
406,13,5102,4.011672e-05,5.211723e-03,1.237296e-02,0.000000e+00,0.000000e+00,205,2.411585e-04,0,0,0
407,12,5114,8.661300e-06,5.157839e-03,1.199275e-02,0.000000e+00,0.000000e+00,232,2.023578e-05,0,0,0
408,17,5131,3.576558e-04,5.105725e-03,1.134559e-02,0.000000e+00,0.000000e+00,206,3.902763e-04,0,0,0
409,11,5142,1.108460e-04,5.057562e-03,1.158691e-02,0.000000e+00,0.000000e+00,238,5.823374e-04,0,0,0
410,11,5153,1.392746e-04,5.363566e-03,1.625053e-02,0.000000e+00,0.000000e+00,204,1.822785e-04,0,0,0
411,14,5167,4.640780e-05,5.108410e-03,1.053216e-02,0.000000e+00,0.000000e+00,235,3.409386e-05,0,0,0
412,12,5179,5.677342e-05,5.243658e-03,1.275697e-02,0.000000e+00,0.000000e+00,198,3.688037e-04,0,0,0
413,16,5195,5.052425e-04,5.059084e-03,1.073685e-02,0.000000e+00,0.000000e+00,230,8.490682e-05,0,0,0
414,11,5206,4.170462e-05,5.355847e-03,1.328623e-02,0.000000e+00,0.000000e+00,202,8.559227e-05,0,0,0
415,11,5217,6.263144e-06,5.108371e-03,1.217631e-02,0.000000e+00,0.000000e+00,223,1.263618e-05,0,0,0
416,11,5228,2.680346e-05,5.390427e-03,1.240675e-02,0.000000e+00,0.000000e+00,213,5.040020e-04,0,0,0
417,13,5241,1.045270e-04,5.336070e-03,1.089000e-02,0.000000e+00,0.000000e+00,216,3.140867e-04,0,0,0
418,10,5251,2.547260e-04,5.256226e-03,1.319605e-02,0.000000e+00,0.000000e+00,227,1.547337e-04,0,0,0
419,15,5266,1.634657e-04,5.054273e-03,1.241657e-02,0.000000e+00,0.000000e+00,227,1.068413e-05,0,0,0
420,11,5277,3.166497e-05,5.472293e-03,1.701134e-02,0.000000e+00,0.000000e+00,197,4.782304e-04,0,0,0
421,18,5295,1.238659e-05,5.088313e-03,1.019572e-02,0.000000e+00,0.000000e+00,235,3.679395e-04,0,0,0
422,13,5308,8.957461e-05,5.220973e-03,1.194329e-02,0.000000e+00,0.000000e+00,209,2.855062e-05,0,0,0
423,14,5322,1.327228e-04,5.317572e-03,1.105455e-02,0.000000e+00,0.000000e+00,210,5.152375e-04,0,0,0
424,11,5333,2.919929e-04,5.289832e-03,1.054656e-02,0.000000e+00,0.000000e+00,216,1.517171e-05,0,0,0
425,17,5350,6.145798e-05,5.220422e-03,1.112424e-02,0.000000e+00,0.000000e+00,226,7.458963e-06,0,0,0
426,12,5362,1.039822e-05,5.562860e-03,1.317690e-02,0.000000e+00,0.000000e+00,193,1.547821e-04,0,0,0
427,12,5374,3.012922e-04,5.426459e-03,1.187787e-02,0.000000e+00,0.000000e+00,224,8.941591e-04,0,0,0
428,11,5385,3.094785e-05,5.273952e-03,1.353457e-02,0.000000e+00,0.000000e+00,214,3.435872e-04,0,0,0
429,12,5397,2.643932e-04,5.305401e-03,1.250295e-02,0.000000e+00,0.000000e+00,205,7.629395e-06,0,0,0
430,13,5410,6.448012e-05,5.458135e-03,1.731607e-02,0.000000e+00,0.000000e+00,202,9.968877e-06,0,0,0
431,16,5426,1.215376e-05,5.304398e-03,1.339491e-02,0.000000e+00,0.000000e+00,222,4.334748e-04,0,0,0
HIST {'total_samples': 436543, 'floor_samples': 5, 'floor_fraction': 1.1453625416052943e-05, 'saturation_depth': 4.6566128730773926e-08, 'boundaries': 432, 'capped_boundaries': 0, 'unfinished_worlds': 0}
432,13,5439,8.908100e-05,5.337292e-03,1.282337e-02,0.000000e+00,0.000000e+00,206,1.636147e-04,0,0,0
433,16,5455,2.250541e-05,5.324549e-03,1.111604e-02,0.000000e+00,0.000000e+00,226,7.955730e-05,0,0,0
434,12,5467,1.182780e-04,5.535609e-03,1.168016e-02,0.000000e+00,0.000000e+00,189,1.811609e-04,0,0,0
435,14,5481,2.708286e-05,5.167540e-03,1.055301e-02,0.000000e+00,0.000000e+00,223,3.983080e-05,0,0,0
436,12,5493,2.607703e-07,5.312865e-03,1.171264e-02,0.000000e+00,0.000000e+00,210,7.629395e-06,0,1,0
437,11,5504,6.567221e-05,5.442920e-03,1.142077e-02,0.000000e+00,0.000000e+00,203,1.126528e-05,0,0,0
438,11,5515,1.058821e-04,5.458437e-03,1.217264e-02,0.000000e+00,0.000000e+00,211,4.073791e-05,0,0,0
439,12,5527,5.717855e-05,5.224221e-03,1.228413e-02,0.000000e+00,0.000000e+00,226,7.629395e-06,0,0,0
440,14,5541,1.137983e-04,5.228424e-03,1.450164e-02,0.000000e+00,0.000000e+00,210,2.025813e-05,0,0,0
441,11,5552,2.303161e-05,5.121236e-03,1.339593e-02,0.000000e+00,0.000000e+00,219,7.855892e-05,0,0,0
442,11,5563,6.097369e-05,5.508140e-03,1.253210e-02,0.000000e+00,0.000000e+00,214,4.808009e-04,0,0,0
443,13,5576,2.170214e-04,5.175860e-03,1.017009e-02,0.000000e+00,0.000000e+00,229,9.727478e-05,0,0,0
444,11,5587,8.962583e-05,5.262491e-03,1.125469e-02,0.000000e+00,0.000000e+00,210,8.097291e-05,0,0,0
445,14,5601,3.072713e-04,4.941855e-03,1.089000e-02,0.000000e+00,0.000000e+00,231,2.627820e-05,0,0,0
446,12,5613,1.496170e-05,4.954482e-03,1.114708e-02,0.000000e+00,0.000000e+00,213,3.948510e-04,0,0,0
447,14,5627,1.218216e-04,4.972553e-03,1.294858e-02,0.000000e+00,0.000000e+00,236,5.424023e-06,0,0,0
448,24,5651,2.260506e-04,5.037346e-03,1.156359e-02,0.000000e+00,0.000000e+00,215,2.124906e-05,0,0,0
449,16,5667,1.163408e-04,4.965461e-03,1.244157e-02,0.000000e+00,0.000000e+00,228,4.839003e-04,0,0,0
450,11,5678,1.170672e-05,5.140433e-03,1.176778e-02,0.000000e+00,0.000000e+00,198,1.647472e-04,0,0,0
451,14,5692,5.805865e-05,5.110405e-03,1.119370e-02,0.000000e+00,0.000000e+00,209,2.501160e-04,0,0,0
452,12,5704,8.042902e-05,5.390168e-03,1.197900e-02,0.000000e+00,0.000000e+00,219,3.071874e-05,0,0,0
453,18,5722,1.138123e-04,5.152694e-03,1.114827e-02,0.000000e+00,0.000000e+00,232,1.208484e-05,0,0,0
454,13,5735,1.896173e-04,5.045016e-03,1.244837e-02,0.000000e+00,0.000000e+00,211,1.615845e-04,0,0,0
455,14,5749,1.548324e-05,5.366989e-03,1.313351e-02,0.000000e+00,0.000000e+00,207,6.505102e-05,0,0,0
456,13,5762,1.702737e-04,5.381935e-03,1.593606e-02,0.000000e+00,0.000000e+00,210,4.148483e-05,0,0,0
457,17,5779,1.831912e-05,5.226668e-03,1.160515e-02,0.000000e+00,0.000000e+00,218,1.064874e-04,0,0,0
458,11,5790,1.510698e-04,5.472310e-03,1.353800e-02,0.000000e+00,0.000000e+00,200,7.629395e-06,0,0,0
459,14,5804,6.686430e-05,5.319513e-03,1.142481e-02,0.000000e+00,0.000000e+00,234,4.118681e-05,0,0,0
460,13,5817,4.085386e-04,5.500844e-03,1.222902e-02,0.000000e+00,0.000000e+00,191,1.091063e-04,0,0,0
461,11,5828,2.900138e-05,5.443703e-03,1.158365e-02,0.000000e+00,0.000000e+00,207,1.979619e-04,0,0,0
462,17,5845,3.945921e-04,5.520011e-03,1.269602e-02,0.000000e+00,0.000000e+00,218,2.413988e-05,0,0,0
463,16,5861,2.894178e-04,5.034153e-03,1.192475e-02,0.000000e+00,0.000000e+00,253,3.221743e-04,0,0,0
464,12,5873,6.848946e-05,5.028485e-03,1.234332e-02,0.000000e+00,0.000000e+00,195,1.427531e-05,0,0,0
465,13,5886,2.221204e-06,5.176224e-03,1.317690e-02,0.000000e+00,0.000000e+00,204,4.863292e-04,0,0,0
466,12,5898,1.523690e-04,5.469494e-03,1.449459e-02,0.000000e+00,0.000000e+00,188,7.543713e-06,0,0,0
467,12,5910,2.945308e-05,5.415271e-03,1.299767e-02,0.000000e+00,0.000000e+00,218,1.341403e-04,0,0,0
468,13,5923,3.681984e-05,5.220107e-03,1.336670e-02,0.000000e+00,0.000000e+00,228,7.331371e-05,0,0,0
469,12,5935,1.654727e-04,5.367999e-03,1.286647e-02,0.000000e+00,0.000000e+00,224,7.423386e-05,0,0,0
470,11,5946,1.092581e-04,5.637450e-03,1.547822e-02,0.000000e+00,0.000000e+00,209,8.232892e-05,0,0,0
471,14,5960,1.839362e-06,5.323789e-03,1.089000e-02,0.000000e+00,0.000000e+00,243,4.827976e-05,0,0,0
472,13,5973,3.221910e-05,5.465519e-03,1.205241e-02,0.000000e+00,0.000000e+00,198,4.461445e-04,0,0,0
473,14,5987,2.888497e-05,5.210349e-03,1.159299e-02,0.000000e+00,0.000000e+00,236,1.525879e-04,0,0,0
474,14,6001,6.174669e-05,5.480112e-03,1.214051e-02,0.000000e+00,0.000000e+00,222,1.014620e-04,0,0,0
475,19,6020,1.253700e-04,5.331901e-03,1.109707e-02,0.000000e+00,0.000000e+00,229,3.736019e-04,0,0,0
476,15,6035,1.493422e-04,5.284940e-03,1.094568e-02,0.000000e+00,0.000000e+00,215,1.605637e-04,0,0,0
477,11,6046,1.571467e-04,5.246907e-03,1.089000e-02,0.000000e+00,0.000000e+00,222,5.852878e-04,0,0,0
478,12,6058,1.139054e-04,5.443631e-03,1.197900e-02,0.000000e+00,0.000000e+00,199,1.879632e-04,0,0,0
479,12,6070,5.683396e-05,5.517795e-03,1.284218e-02,0.000000e+00,0.000000e+00,217,5.450323e-04,0,0,0
HIST {'total_samples': 490967, 'floor_samples': 6, 'floor_fraction': 1.2220780622730244e-05, 'saturation_depth': 4.6566128730773926e-08, 'boundaries': 480, 'capped_boundaries': 0, 'unfinished_worlds': 0}
480,12,6082,1.908094e-04,5.491932e-03,1.252690e-02,0.000000e+00,0.000000e+00,213,3.039837e-05,0,0,0
481,9,6091,2.578134e-04,5.261782e-03,1.268538e-02,0.000000e+00,0.000000e+00,205,6.256998e-04,0,0,0
482,15,6106,2.667774e-05,5.482102e-03,1.253522e-02,0.000000e+00,0.000000e+00,203,6.261468e-05,0,0,0
483,14,6120,1.828652e-05,5.364786e-03,1.076181e-02,0.000000e+00,0.000000e+00,216,7.629395e-06,0,0,0
484,10,6130,6.585475e-04,5.532363e-03,1.377939e-02,0.000000e+00,0.000000e+00,204,1.427531e-05,0,0,0
485,13,6143,1.946744e-04,5.324624e-03,1.105306e-02,0.000000e+00,0.000000e+00,233,1.907349e-06,0,0,0
486,15,6158,4.980713e-05,5.379684e-03,1.770300e-02,0.000000e+00,0.000000e+00,208,1.297332e-05,0,0,0
487,12,6170,1.599966e-04,5.256370e-03,1.222416e-02,0.000000e+00,0.000000e+00,224,5.607828e-04,0,0,0
488,12,6182,2.482440e-05,5.318480e-03,1.124272e-02,0.000000e+00,0.000000e+00,200,7.629395e-06,0,0,0
489,15,6197,2.545770e-04,5.165868e-03,1.317690e-02,0.000000e+00,0.000000e+00,206,5.768389e-04,0,0,0
490,13,6210,2.237223e-04,5.461586e-03,1.484362e-02,0.000000e+00,0.000000e+00,207,2.138615e-04,0,0,0
491,11,6221,1.308415e-04,5.261768e-03,1.123846e-02,0.000000e+00,0.000000e+00,227,3.433228e-05,0,0,0
492,13,6234,2.593640e-04,5.271220e-03,1.177495e-02,0.000000e+00,0.000000e+00,207,1.112372e-04,0,0,0
493,13,6247,7.715076e-05,5.071326e-03,1.089000e-02,0.000000e+00,0.000000e+00,207,8.422136e-05,0,0,0
494,19,6266,8.077826e-05,5.443419e-03,1.610536e-02,0.000000e+00,0.000000e+00,198,3.639609e-04,0,0,0
495,12,6278,1.440803e-04,5.370650e-03,1.456040e-02,0.000000e+00,0.000000e+00,226,1.171231e-05,0,0,0
496,13,6291,2.295850e-04,5.494130e-03,1.713215e-02,0.000000e+00,0.000000e+00,206,7.629395e-06,0,0,0
497,20,6311,6.495975e-05,5.118363e-03,1.314561e-02,0.000000e+00,0.000000e+00,212,8.404255e-06,0,0,0
498,12,6323,4.145782e-05,5.301487e-03,1.226638e-02,0.000000e+00,0.000000e+00,199,2.249777e-04,0,0,0
499,13,6336,1.407694e-04,5.092227e-03,1.065093e-02,0.000000e+00,0.000000e+00,237,1.135245e-04,0,0,0
500,9,6345,8.357689e-05,5.616864e-03,1.317690e-02,0.000000e+00,0.000000e+00,195,8.609295e-04,0,0,0
501,12,6357,4.391186e-05,5.206570e-03,1.121068e-02,0.000000e+00,0.000000e+00,231,2.347981e-05,0,0,0
502,14,6371,1.153070e-04,5.217331e-03,1.236587e-02,0.000000e+00,0.000000e+00,207,7.629395e-06,0,0,0
503,11,6382,1.093838e-05,5.031727e-03,1.167567e-02,0.000000e+00,0.000000e+00,212,1.568347e-06,0,0,0
504,14,6396,1.528952e-04,5.324593e-03,1.132494e-02,0.000000e+00,0.000000e+00,196,1.662672e-04,0,0,0
505,13,6409,1.331884e-04,5.049205e-03,1.010093e-02,0.000000e+00,0.000000e+00,223,2.351054e-05,0,0,0
506,13,6422,4.296191e-05,5.316098e-03,1.317690e-02,0.000000e+00,0.000000e+00,215,1.226068e-04,0,0,0
507,19,6441,1.164153e-06,5.006209e-03,1.089000e-02,0.000000e+00,0.000000e+00,225,6.827340e-05,0,0,0
508,15,6456,5.126931e-06,5.089974e-03,1.197900e-02,0.000000e+00,0.000000e+00,215,4.389882e-05,0,0,0
509,14,6470,1.538545e-05,5.292029e-03,1.177134e-02,0.000000e+00,0.000000e+00,220,2.276078e-04,0,0,0
510,15,6485,3.362540e-04,5.475765e-03,1.145948e-02,0.000000e+00,0.000000e+00,233,1.916587e-04,0,0,0
511,13,6498,7.200055e-05,5.081129e-03,1.108298e-02,0.000000e+00,0.000000e+00,239,1.762062e-06,0,0,0
512,10,6508,2.003275e-05,5.328385e-03,1.123985e-02,0.000000e+00,0.000000e+00,205,6.484985e-05,0,0,0
513,12,6520,6.740913e-05,5.182437e-03,1.074165e-02,0.000000e+00,0.000000e+00,222,1.025274e-04,0,0,0
514,13,6533,2.569519e-05,5.391000e-03,1.284816e-02,0.000000e+00,0.000000e+00,201,3.907382e-04,0,0,0
515,14,6547,2.811197e-05,5.209566e-03,1.348159e-02,0.000000e+00,0.000000e+00,243,5.105492e-04,0,0,0
516,18,6565,1.874194e-04,5.090724e-03,1.115825e-02,0.000000e+00,0.000000e+00,229,4.009008e-04,0,0,0
517,25,6590,1.085922e-05,5.106766e-03,1.172438e-02,0.000000e+00,0.000000e+00,224,2.645329e-05,0,0,0
518,11,6601,2.874900e-04,5.271585e-03,1.317690e-02,0.000000e+00,0.000000e+00,213,2.214313e-04,0,0,0
519,14,6615,5.792826e-06,5.001873e-03,1.056599e-02,0.000000e+00,0.000000e+00,226,8.083880e-06,0,0,0
520,19,6634,6.552786e-05,5.238719e-03,1.216296e-02,0.000000e+00,0.000000e+00,215,9.536743e-07,0,0,0
521,13,6647,1.138169e-04,5.338678e-03,1.107210e-02,0.000000e+00,0.000000e+00,223,2.162382e-04,0,0,0
522,12,6659,2.491288e-05,5.203276e-03,1.372686e-02,0.000000e+00,0.000000e+00,225,6.345659e-05,0,0,0
523,12,6671,1.983717e-06,5.113247e-03,1.129910e-02,0.000000e+00,0.000000e+00,232,2.769232e-04,0,0,0
524,13,6684,6.317627e-05,5.020840e-03,1.222702e-02,0.000000e+00,0.000000e+00,225,5.017184e-04,0,0,0
525,12,6696,7.869676e-05,5.154302e-03,1.393913e-02,0.000000e+00,0.000000e+00,228,1.010709e-04,0,0,0
526,12,6708,6.366521e-05,5.199303e-03,1.296948e-02,0.000000e+00,0.000000e+00,208,1.525879e-05,0,0,0
527,11,6719,7.683411e-06,4.968968e-03,1.374996e-02,0.000000e+00,0.000000e+00,199,2.706721e-04,0,0,0
HIST {'total_samples': 545313, 'floor_samples': 6, 'floor_fraction': 1.1002855240935023e-05, 'saturation_depth': 4.6566128730773926e-08, 'boundaries': 528, 'capped_boundaries': 0, 'unfinished_worlds': 0}
528,12,6731,2.995133e-05,5.195282e-03,1.278046e-02,0.000000e+00,0.000000e+00,202,1.525879e-05,0,0,0
529,11,6742,2.286164e-04,4.884555e-03,1.121938e-02,0.000000e+00,0.000000e+00,213,7.817894e-04,0,0,0
530,13,6755,3.615860e-04,5.256884e-03,1.686027e-02,0.000000e+00,0.000000e+00,207,3.707458e-04,0,0,0
531,12,6767,2.533197e-06,5.128886e-03,1.037273e-02,0.000000e+00,0.000000e+00,222,1.551677e-05,0,0,0
532,13,6780,2.512708e-05,4.947724e-03,1.599159e-02,0.000000e+00,0.000000e+00,240,5.870759e-04,0,0,0
533,18,6798,9.991229e-05,4.869757e-03,1.089000e-02,0.000000e+00,0.000000e+00,238,7.144362e-05,0,0,0
534,13,6811,4.676171e-05,4.853765e-03,1.314256e-02,0.000000e+00,0.000000e+00,215,7.475168e-05,0,0,0
535,11,6822,1.680618e-04,4.908172e-03,1.089000e-02,0.000000e+00,0.000000e+00,225,8.320808e-04,0,0,0
536,16,6838,5.650800e-05,4.994867e-03,1.044422e-02,0.000000e+00,0.000000e+00,205,3.964901e-04,0,0,0
537,16,6854,1.348369e-04,4.908026e-03,1.058722e-02,0.000000e+00,0.000000e+00,229,4.592538e-05,0,0,0
538,22,6876,2.042856e-05,4.949240e-03,1.504363e-02,0.000000e+00,0.000000e+00,213,8.161068e-04,0,0,0
539,16,6892,7.329509e-05,4.836916e-03,1.000000e-02,0.000000e+00,0.000000e+00,235,3.978610e-04,0,0,0
540,15,6907,1.819525e-04,5.261529e-03,1.225679e-02,0.000000e+00,0.000000e+00,197,3.010035e-05,0,0,0
541,18,6925,1.069903e-04,5.073137e-03,1.159684e-02,0.000000e+00,0.000000e+00,242,1.525879e-05,0,0,0
542,16,6941,1.196284e-04,5.122046e-03,1.352141e-02,0.000000e+00,0.000000e+00,240,1.525879e-05,0,0,0
543,16,6957,9.625219e-05,5.104783e-03,1.095932e-02,0.000000e+00,0.000000e+00,242,9.536743e-07,0,0,0
544,10,6967,8.319039e-05,5.335202e-03,1.046586e-02,0.000000e+00,0.000000e+00,211,1.220107e-04,0,0,0
545,13,6980,1.681037e-05,5.069210e-03,1.066776e-02,0.000000e+00,0.000000e+00,236,1.694262e-04,0,0,0
546,15,6995,4.302524e-04,5.269698e-03,1.158989e-02,0.000000e+00,0.000000e+00,214,7.048249e-06,0,0,0
547,11,7006,1.934217e-04,5.366468e-03,1.527799e-02,0.000000e+00,0.000000e+00,220,1.168549e-04,0,0,0
548,12,7018,6.960239e-05,5.425840e-03,1.355418e-02,0.000000e+00,0.000000e+00,211,1.618266e-04,0,0,0
549,10,7028,4.565809e-05,5.347334e-03,1.152629e-02,0.000000e+00,0.000000e+00,219,1.525879e-05,0,0,0
550,11,7039,4.037283e-05,5.368848e-03,1.317690e-02,0.000000e+00,0.000000e+00,216,1.525879e-05,0,0,0
551,15,7054,1.401175e-05,5.348930e-03,1.201883e-02,0.000000e+00,0.000000e+00,232,1.412928e-04,0,0,0
552,15,7069,3.835186e-05,5.339699e-03,1.142705e-02,0.000000e+00,0.000000e+00,213,3.349371e-04,0,0,0
553,11,7080,9.732787e-05,5.237682e-03,1.213205e-02,0.000000e+00,0.000000e+00,218,5.227327e-05,0,0,0
554,11,7091,2.217852e-04,5.231346e-03,1.161693e-02,0.000000e+00,0.000000e+00,240,8.879229e-06,0,0,0
555,13,7104,6.156508e-05,5.082933e-03,1.190433e-02,0.000000e+00,0.000000e+00,232,5.340949e-05,0,0,0
556,11,7115,4.594214e-05,5.437195e-03,1.216114e-02,0.000000e+00,0.000000e+00,200,4.000459e-04,0,0,0
557,11,7126,1.453795e-04,5.263203e-03,1.301936e-02,0.000000e+00,0.000000e+00,233,7.137656e-05,0,0,0
558,13,7139,1.031347e-04,5.422547e-03,1.519084e-02,0.000000e+00,0.000000e+00,233,4.328787e-06,0,0,0
559,11,7150,6.259885e-05,5.077863e-03,1.087096e-02,0.000000e+00,0.000000e+00,228,1.927018e-04,0,0,0
560,15,7165,5.305745e-05,5.073801e-03,1.526162e-02,0.000000e+00,0.000000e+00,224,4.217029e-04,0,0,0
561,13,7178,7.078052e-06,5.092166e-03,1.207631e-02,0.000000e+00,0.000000e+00,199,3.672838e-04,0,0,0
562,13,7191,3.247522e-05,5.531882e-03,1.821472e-02,0.000000e+00,0.000000e+00,213,4.707798e-04,0,0,0
563,12,7203,2.458598e-04,5.258731e-03,1.158870e-02,0.000000e+00,0.000000e+00,237,1.167059e-04,0,0,0
564,14,7217,1.916662e-05,5.395439e-03,1.089000e-02,0.000000e+00,0.000000e+00,219,5.568117e-04,0,0,0
565,14,7231,1.699058e-04,5.220326e-03,1.163920e-02,0.000000e+00,0.000000e+00,235,2.845079e-04,0,0,0
566,11,7242,3.562309e-06,5.025714e-03,1.221408e-02,0.000000e+00,0.000000e+00,206,1.367442e-04,0,0,0
567,14,7256,1.579244e-04,5.186578e-03,1.084066e-02,0.000000e+00,0.000000e+00,222,1.525879e-05,0,0,0
568,12,7268,3.177673e-05,5.374191e-03,1.213633e-02,0.000000e+00,0.000000e+00,205,1.647510e-04,0,0,0
569,11,7279,5.139969e-05,5.280565e-03,1.441605e-02,0.000000e+00,0.000000e+00,228,9.536743e-07,0,0,0
570,10,7289,1.299009e-04,5.578014e-03,1.414046e-02,0.000000e+00,0.000000e+00,208,9.225681e-05,0,0,0
571,16,7305,5.019829e-06,5.179255e-03,1.089000e-02,0.000000e+00,0.000000e+00,249,3.282428e-04,0,0,0
572,10,7315,5.112495e-05,5.439499e-03,1.274173e-02,0.000000e+00,0.000000e+00,206,3.180802e-04,0,0,0
573,12,7327,1.766579e-04,5.297589e-03,1.132382e-02,0.000000e+00,0.000000e+00,246,1.979172e-04,0,0,0
574,10,7337,9.750016e-05,5.385537e-03,1.158610e-02,0.000000e+00,0.000000e+00,207,5.751848e-05,0,0,0
575,12,7349,5.657785e-06,5.158845e-03,1.078457e-02,0.000000e+00,0.000000e+00,228,4.957840e-04,0,0,0
HIST {'total_samples': 600581, 'floor_samples': 6, 'floor_fraction': 9.99032603429013e-06, 'saturation_depth': 4.6566128730773926e-08, 'boundaries': 576, 'capped_boundaries': 0, 'unfinished_worlds': 0}
576,11,7360,3.925851e-04,5.223757e-03,1.168767e-02,0.000000e+00,0.000000e+00,194,1.028180e-05,0,0,0
577,11,7371,1.192186e-04,5.210029e-03,1.090441e-02,0.000000e+00,0.000000e+00,213,2.635419e-04,0,0,0
578,17,7388,2.385117e-05,5.474171e-03,1.211843e-02,0.000000e+00,0.000000e+00,220,2.023578e-05,0,0,0
579,12,7400,7.336028e-05,5.367645e-03,1.168442e-02,0.000000e+00,0.000000e+00,222,3.657266e-04,0,0,0
580,12,7412,1.079869e-05,5.269180e-03,1.266886e-02,0.000000e+00,0.000000e+00,200,3.864467e-04,0,0,0
581,10,7422,2.182554e-04,5.294323e-03,1.107646e-02,0.000000e+00,0.000000e+00,216,4.285052e-04,0,0,0
582,11,7433,1.861714e-05,5.359394e-03,1.178033e-02,0.000000e+00,0.000000e+00,220,2.387166e-05,0,0,0
583,10,7443,3.501773e-06,5.252645e-03,1.036073e-02,0.000000e+00,0.000000e+00,228,3.380328e-04,0,0,0
584,10,7453,5.955342e-05,5.269110e-03,1.317690e-02,0.000000e+00,0.000000e+00,194,9.560585e-05,0,0,0
585,14,7467,6.954418e-04,5.476569e-03,1.260189e-02,0.000000e+00,0.000000e+00,218,1.941472e-04,0,0,0
586,13,7480,1.491373e-04,5.700930e-03,1.462414e-02,0.000000e+00,0.000000e+00,188,6.859070e-04,0,0,0
587,16,7496,2.842396e-05,5.524852e-03,1.036534e-02,0.000000e+00,0.000000e+00,229,1.525879e-05,0,0,0
588,14,7510,1.219101e-05,5.486253e-03,1.247729e-02,0.000000e+00,0.000000e+00,204,2.577086e-04,0,0,0
589,12,7522,4.714355e-05,5.203909e-03,1.089000e-02,0.000000e+00,0.000000e+00,226,1.043268e-05,0,0,0
590,11,7533,9.460840e-05,5.334998e-03,1.232793e-02,0.000000e+00,0.000000e+00,204,3.373623e-04,0,0,0
591,11,7544,1.092022e-04,5.210816e-03,1.232397e-02,0.000000e+00,0.000000e+00,226,4.120469e-04,0,0,0
592,15,7559,6.243587e-05,5.268161e-03,1.100506e-02,0.000000e+00,0.000000e+00,206,2.296269e-05,0,0,0
593,10,7569,4.378147e-05,5.353758e-03,1.170114e-02,0.000000e+00,0.000000e+00,202,3.137887e-04,0,0,0
594,20,7589,8.496729e-04,5.419252e-03,1.267977e-02,0.000000e+00,0.000000e+00,209,9.393692e-05,0,0,0
595,14,7603,4.289672e-05,5.273453e-03,1.250191e-02,0.000000e+00,0.000000e+00,232,1.588464e-05,0,0,0
596,12,7615,2.981164e-05,5.241454e-03,1.329810e-02,0.000000e+00,0.000000e+00,198,9.499490e-06,0,0,0
597,11,7626,2.665631e-04,5.236307e-03,1.266941e-02,0.000000e+00,0.000000e+00,229,2.626237e-05,0,0,0
598,12,7638,4.130416e-04,5.237533e-03,1.285857e-02,0.000000e+00,0.000000e+00,220,1.579523e-05,0,0,0
599,12,7650,1.888070e-04,5.223135e-03,1.226248e-02,0.000000e+00,0.000000e+00,222,2.385527e-04,0,0,0
600,12,7662,3.358815e-05,5.275762e-03,1.239732e-02,0.000000e+00,0.000000e+00,216,3.769249e-05,0,0,0
601,17,7679,4.214235e-05,5.142743e-03,1.419140e-02,0.000000e+00,0.000000e+00,247,1.525879e-05,0,0,0
602,12,7691,7.349066e-05,5.217971e-03,1.219509e-02,0.000000e+00,0.000000e+00,195,2.029985e-04,0,0,0
603,12,7703,1.774030e-04,5.196053e-03,1.178017e-02,0.000000e+00,0.000000e+00,214,1.803623e-04,0,0,0
604,15,7718,4.962645e-04,5.476322e-03,1.632898e-02,0.000000e+00,0.000000e+00,193,2.026558e-06,0,0,0
605,13,7731,7.142313e-05,5.214531e-03,1.325001e-02,0.000000e+00,0.000000e+00,202,6.996095e-06,0,0,0
606,11,7742,2.791034e-04,5.565234e-03,1.146229e-02,0.000000e+00,0.000000e+00,216,8.593649e-04,0,0,0
607,17,7759,2.405606e-05,5.163075e-03,1.089000e-02,0.000000e+00,0.000000e+00,221,3.667548e-05,0,0,0
608,11,7770,1.518009e-04,5.474046e-03,1.317690e-02,0.000000e+00,0.000000e+00,211,1.476221e-04,0,0,0
609,11,7781,1.173932e-04,5.130620e-03,1.053448e-02,0.000000e+00,0.000000e+00,229,9.302050e-04,0,0,0
610,24,7805,1.415983e-04,5.269147e-03,1.243005e-02,0.000000e+00,0.000000e+00,224,2.208948e-04,0,0,0
611,15,7820,1.448207e-05,5.317812e-03,1.034547e-02,0.000000e+00,0.000000e+00,237,1.560822e-04,0,0,0
612,13,7833,7.841736e-06,5.604777e-03,1.338167e-02,0.000000e+00,0.000000e+00,194,3.472865e-04,0,0,0
613,12,7845,6.960239e-05,5.076582e-03,1.062428e-02,0.000000e+00,0.000000e+00,241,5.538017e-05,0,0,0
614,13,7858,7.777475e-05,5.334276e-03,1.346505e-02,0.000000e+00,0.000000e+00,195,2.954602e-04,0,0,0
615,11,7869,1.473771e-04,5.022114e-03,1.259419e-02,0.000000e+00,0.000000e+00,221,4.746467e-04,0,0,0
616,13,7882,5.215872e-05,5.179309e-03,1.138340e-02,0.000000e+00,0.000000e+00,215,9.536743e-07,0,0,0
617,12,7894,5.187467e-05,4.933235e-03,1.111590e-02,0.000000e+00,0.000000e+00,246,2.770871e-05,0,0,0
618,15,7909,7.751398e-05,5.214963e-03,1.152657e-02,0.000000e+00,0.000000e+00,206,1.259148e-05,0,0,0
619,16,7925,2.929475e-05,5.349733e-03,1.734888e-02,0.000000e+00,0.000000e+00,224,1.664273e-05,0,0,0
620,13,7938,3.783032e-05,5.394805e-03,1.563987e-02,0.000000e+00,0.000000e+00,235,1.296056e-04,0,0,0
621,10,7948,4.275236e-05,5.263595e-03,1.152069e-02,0.000000e+00,0.000000e+00,236,2.328977e-04,0,0,0
622,13,7961,1.567323e-04,5.201668e-03,1.089000e-02,0.000000e+00,0.000000e+00,226,9.074807e-05,0,0,0
623,13,7974,1.043919e-04,4.937823e-03,1.095549e-02,0.000000e+00,0.000000e+00,217,1.106765e-04,0,0,0
HIST {'total_samples': 654874, 'floor_samples': 6, 'floor_fraction': 9.162067817625986e-06, 'saturation_depth': 4.6566128730773926e-08, 'boundaries': 624, 'capped_boundaries': 0, 'unfinished_worlds': 0}
624,11,7985,9.569805e-05,5.261972e-03,1.105937e-02,0.000000e+00,0.000000e+00,225,2.677217e-04,0,0,0
625,14,7999,1.080427e-04,5.003113e-03,1.090954e-02,0.000000e+00,0.000000e+00,252,1.997128e-04,0,0,0
626,12,8011,4.481524e-05,5.290402e-03,1.463116e-02,0.000000e+00,0.000000e+00,200,1.525879e-05,0,0,0
627,11,8022,4.461035e-06,5.115419e-03,1.089000e-02,0.000000e+00,0.000000e+00,217,7.312726e-04,0,0,0
628,14,8036,9.091571e-05,5.183754e-03,1.317690e-02,0.000000e+00,0.000000e+00,233,7.651150e-04,0,0,0
629,13,8049,1.398660e-04,5.114103e-03,1.139235e-02,0.000000e+00,0.000000e+00,222,2.423376e-04,0,0,0
630,12,8061,7.597264e-05,4.998074e-03,1.216452e-02,0.000000e+00,0.000000e+00,222,1.311302e-05,0,0,0
631,13,8074,7.015653e-05,5.069911e-03,1.308867e-02,0.000000e+00,0.000000e+00,225,1.525879e-05,0,0,0
632,11,8085,3.579631e-04,5.162379e-03,1.167926e-02,0.000000e+00,0.000000e+00,206,5.984306e-05,0,0,0
633,15,8100,1.356564e-04,5.045651e-03,1.188768e-02,0.000000e+00,0.000000e+00,249,1.075119e-04,0,0,0
634,17,8117,7.631257e-05,5.310006e-03,1.196915e-02,0.000000e+00,0.000000e+00,204,8.989125e-05,0,0,0
635,11,8128,3.769994e-05,5.257781e-03,1.126784e-02,0.000000e+00,0.000000e+00,215,8.579344e-06,0,0,0
636,11,8139,7.340685e-05,5.297748e-03,1.769784e-02,0.000000e+00,0.000000e+00,209,2.771229e-04,0,0,0
637,14,8153,1.314096e-05,5.176685e-03,1.277281e-02,0.000000e+00,0.000000e+00,220,7.539988e-06,0,0,0
638,13,8166,3.196625e-04,5.417507e-03,1.145463e-02,0.000000e+00,0.000000e+00,196,1.525879e-05,0,0,0
639,17,8183,1.178216e-04,5.304987e-03,1.089000e-02,0.000000e+00,0.000000e+00,235,7.638335e-05,0,0,0
640,14,8197,1.059892e-04,5.146406e-03,1.295343e-02,0.000000e+00,0.000000e+00,226,8.097291e-05,0,0,0
641,20,8217,1.768582e-05,4.981421e-03,1.241557e-02,0.000000e+00,0.000000e+00,230,4.284829e-05,0,0,0
642,16,8233,2.555503e-04,5.234483e-03,1.212579e-02,0.000000e+00,0.000000e+00,216,1.712888e-05,0,0,0
643,12,8245,6.641727e-05,5.155231e-03,1.403617e-02,0.000000e+00,0.000000e+00,222,1.525879e-05,0,0,0
644,13,8258,3.604218e-06,5.041201e-03,1.134021e-02,0.000000e+00,0.000000e+00,238,1.529604e-05,0,0,0
645,13,8271,3.422610e-05,5.141906e-03,1.089000e-02,0.000000e+00,0.000000e+00,230,3.175661e-04,0,0,0
646,12,8283,3.700983e-04,5.358929e-03,1.188551e-02,0.000000e+00,0.000000e+00,216,2.759509e-05,0,0,0
647,12,8295,5.080365e-06,5.181910e-03,1.685999e-02,0.000000e+00,0.000000e+00,243,1.244880e-04,0,0,0
648,12,8307,3.809109e-05,5.312420e-03,1.322028e-02,0.000000e+00,0.000000e+00,213,1.304820e-04,0,0,0
649,11,8318,6.158371e-05,5.098689e-03,1.100139e-02,0.000000e+00,0.000000e+00,241,1.995801e-05,0,0,0
650,11,8329,3.102608e-04,5.617511e-03,1.460020e-02,0.000000e+00,0.000000e+00,212,1.525879e-05,0,0,0
651,11,8340,3.312714e-05,5.211781e-03,1.063191e-02,0.000000e+00,0.000000e+00,244,5.096197e-06,0,0,0
652,14,8354,1.011463e-04,5.039846e-03,1.151238e-02,0.000000e+00,0.000000e+00,230,3.962070e-04,0,0,0
653,15,8369,3.097579e-05,5.376168e-03,1.089000e-02,0.000000e+00,0.000000e+00,218,7.999688e-05,0,0,0
654,12,8381,1.279172e-04,5.298644e-03,1.197900e-02,0.000000e+00,0.000000e+00,224,1.999736e-05,0,0,0
655,11,8392,3.404915e-05,5.242923e-03,1.317690e-02,0.000000e+00,0.000000e+00,230,3.281906e-04,0,0,0
656,14,8406,1.191488e-04,5.225086e-03,1.257680e-02,0.000000e+00,0.000000e+00,212,4.075319e-04,0,0,0
657,13,8419,3.387220e-05,5.130056e-03,1.137760e-02,0.000000e+00,0.000000e+00,212,1.820475e-04,0,0,0
658,13,8432,3.240071e-05,5.139167e-03,1.155794e-02,0.000000e+00,0.000000e+00,216,4.495978e-04,0,0,0
659,16,8448,1.020264e-05,5.080973e-03,1.156251e-02,0.000000e+00,0.000000e+00,225,2.676249e-05,0,0,0
660,13,8461,9.346753e-05,5.204889e-03,1.244383e-02,0.000000e+00,0.000000e+00,203,4.398823e-05,0,0,0
661,16,8477,1.324760e-04,5.052331e-03,1.086175e-02,0.000000e+00,0.000000e+00,216,2.506375e-04,0,0,0
662,16,8493,1.074746e-05,5.104367e-03,1.348964e-02,0.000000e+00,0.000000e+00,204,2.141297e-04,0,0,0
663,13,8506,2.242625e-05,5.083391e-03,1.095458e-02,0.000000e+00,0.000000e+00,230,1.525879e-05,0,0,0
664,16,8522,7.000286e-05,5.303627e-03,1.389759e-02,0.000000e+00,0.000000e+00,206,3.337860e-05,0,0,0
665,13,8535,1.405831e-05,5.019009e-03,1.089000e-02,0.000000e+00,0.000000e+00,223,4.023314e-05,0,0,0
666,14,8549,3.830530e-05,5.387169e-03,1.621904e-02,0.000000e+00,0.000000e+00,216,1.743436e-04,0,0,0
667,18,8567,1.034560e-04,4.999110e-03,1.146551e-02,0.000000e+00,0.000000e+00,239,1.093214e-04,0,0,0
668,12,8579,1.579709e-04,5.203615e-03,1.517868e-02,0.000000e+00,0.000000e+00,211,7.172674e-05,0,0,0
669,14,8593,5.116686e-05,5.101772e-03,1.157258e-02,0.000000e+00,0.000000e+00,243,1.525879e-05,0,0,0
670,21,8614,9.912997e-05,5.065744e-03,1.042451e-02,0.000000e+00,0.000000e+00,248,9.149313e-05,0,0,0
671,10,8624,7.505529e-05,5.085624e-03,1.050908e-02,0.000000e+00,0.000000e+00,224,3.504008e-04,0,0,0
HIST {'total_samples': 710352, 'floor_samples': 6, 'floor_fraction': 8.446516656530846e-06, 'saturation_depth': 4.6566128730773926e-08, 'boundaries': 672, 'capped_boundaries': 0, 'unfinished_worlds': 0}
672,11,8635,1.449371e-04,5.224198e-03,1.288132e-02,0.000000e+00,0.000000e+00,225,1.847148e-04,0,0,0
673,13,8648,6.044284e-06,4.984958e-03,1.240901e-02,0.000000e+00,0.000000e+00,233,1.801923e-05,0,0,0
674,12,8660,1.034839e-04,5.171398e-03,1.123857e-02,0.000000e+00,0.000000e+00,193,3.377208e-05,0,0,0
675,12,8672,7.242430e-05,5.236434e-03,1.289602e-02,0.000000e+00,0.000000e+00,214,2.272427e-07,0,0,0
676,13,8685,1.595356e-05,5.239537e-03,1.096391e-02,0.000000e+00,0.000000e+00,214,4.562736e-05,0,0,0
677,13,8698,1.643784e-05,5.144333e-03,1.025913e-02,0.000000e+00,0.000000e+00,215,3.255904e-04,0,0,0
678,21,8719,1.592049e-04,5.279723e-03,1.525381e-02,0.000000e+00,0.000000e+00,218,2.379194e-04,0,0,0
679,12,8731,2.387632e-04,5.261357e-03,1.334144e-02,0.000000e+00,0.000000e+00,221,1.525879e-05,0,0,0
680,15,8746,4.512537e-04,5.456856e-03,1.213656e-02,0.000000e+00,0.000000e+00,211,1.525879e-05,0,0,0
681,12,8758,1.687091e-04,5.258383e-03,1.223400e-02,0.000000e+00,0.000000e+00,238,1.525879e-05,0,0,0
682,12,8770,1.495238e-05,5.447397e-03,1.143571e-02,0.000000e+00,0.000000e+00,199,1.525879e-05,0,0,0
683,12,8782,2.482440e-05,5.336197e-03,1.135948e-02,0.000000e+00,0.000000e+00,242,2.014637e-05,0,0,0
684,11,8793,6.212853e-05,5.245453e-03,1.307087e-02,0.000000e+00,0.000000e+00,222,5.804002e-06,0,0,0
685,14,8807,9.080395e-05,5.173518e-03,1.094866e-02,0.000000e+00,0.000000e+00,232,1.022145e-04,0,0,0
686,21,8828,7.092953e-05,5.103062e-03,1.274893e-02,0.000000e+00,0.000000e+00,225,2.182089e-04,0,0,0
687,16,8844,5.751848e-05,5.034354e-03,1.019031e-02,0.000000e+00,0.000000e+00,205,1.772046e-04,0,0,0
688,17,8861,1.608208e-04,5.329682e-03,1.312726e-02,0.000000e+00,0.000000e+00,213,6.982386e-04,0,0,0
689,11,8872,1.119403e-04,5.244702e-03,1.228088e-02,0.000000e+00,0.000000e+00,214,1.469180e-04,0,0,0
690,13,8885,6.244984e-04,5.338364e-03,1.266817e-02,0.000000e+00,0.000000e+00,228,1.329184e-05,0,0,0
691,13,8898,4.040077e-05,5.213239e-03,1.262282e-02,0.000000e+00,0.000000e+00,230,1.298785e-04,0,0,0
692,16,8914,2.340134e-04,5.192930e-03,1.317690e-02,0.000000e+00,0.000000e+00,215,8.189678e-05,0,0,0
693,16,8930,6.482005e-06,5.200685e-03,1.351500e-02,0.000000e+00,0.000000e+00,217,5.960464e-08,0,0,0
694,14,8944,1.502456e-04,5.211696e-03,1.125492e-02,0.000000e+00,0.000000e+00,223,6.915182e-04,0,0,0
695,11,8955,1.329463e-05,5.147762e-03,1.110951e-02,0.000000e+00,0.000000e+00,220,1.488626e-04,0,0,0
696,15,8970,4.539266e-05,5.336004e-03,1.435205e-02,0.000000e+00,0.000000e+00,220,3.521889e-05,0,0,0
697,12,8982,3.810041e-05,5.050484e-03,1.089000e-02,0.000000e+00,0.000000e+00,241,3.154054e-04,0,0,0
698,11,8993,6.559305e-05,5.116963e-03,1.089000e-02,0.000000e+00,0.000000e+00,208,3.537089e-04,0,0,0
699,15,9008,1.672935e-04,4.771749e-03,1.089000e-02,0.000000e+00,0.000000e+00,241,1.543760e-05,0,0,0
700,12,9020,2.012588e-05,5.067140e-03,1.262729e-02,0.000000e+00,0.000000e+00,209,5.249674e-04,0,0,0
701,13,9033,1.554610e-04,5.022612e-03,1.186755e-02,0.000000e+00,0.000000e+00,257,6.705523e-07,0,0,0
702,14,9047,4.445203e-05,5.070364e-03,1.032175e-02,0.000000e+00,0.000000e+00,221,1.230557e-05,0,0,0
703,12,9059,4.638452e-05,4.976674e-03,1.120858e-02,0.000000e+00,0.000000e+00,239,1.302063e-04,0,0,0
704,15,9074,1.981761e-04,5.098282e-03,1.271141e-02,0.000000e+00,0.000000e+00,222,2.013892e-05,0,0,0
705,14,9088,8.117408e-05,5.069670e-03,1.036652e-02,0.000000e+00,0.000000e+00,239,3.406685e-04,0,0,0
706,13,9101,6.840564e-05,4.897306e-03,1.306084e-02,0.000000e+00,0.000000e+00,237,3.693625e-05,0,0,0
707,10,9111,8.130446e-06,4.857260e-03,1.160302e-02,0.000000e+00,0.000000e+00,220,4.988462e-04,0,0,0
708,14,9125,5.066395e-06,4.985303e-03,1.310345e-02,0.000000e+00,0.000000e+00,221,5.171821e-05,0,0,0
709,17,9142,5.870126e-05,5.053898e-03,1.174796e-02,0.000000e+00,0.000000e+00,226,6.991997e-05,0,0,0
710,15,9157,1.030136e-04,5.366558e-03,1.360969e-02,0.000000e+00,0.000000e+00,211,4.408658e-04,0,0,0
711,12,9169,7.786788e-05,4.887401e-03,1.197900e-02,0.000000e+00,0.000000e+00,230,2.566501e-04,0,0,0
712,16,9185,1.012906e-04,5.189582e-03,1.305858e-02,0.000000e+00,0.000000e+00,217,4.385249e-04,0,0,0
713,12,9197,7.282477e-05,4.944811e-03,1.203116e-02,0.000000e+00,0.000000e+00,238,1.781881e-04,0,0,0
714,12,9209,5.335081e-05,5.034503e-03,1.128871e-02,0.000000e+00,0.000000e+00,209,8.554757e-05,0,0,0
715,15,9224,5.711336e-05,5.101703e-03,1.155892e-02,0.000000e+00,0.000000e+00,232,3.747940e-04,0,0,0
716,14,9238,2.222182e-04,5.416059e-03,1.278693e-02,0.000000e+00,0.000000e+00,201,3.042631e-06,0,0,0
717,16,9254,1.049181e-04,5.204646e-03,1.122301e-02,0.000000e+00,0.000000e+00,233,2.009310e-04,0,0,0
718,12,9266,2.332777e-04,5.176920e-03,1.258392e-02,0.000000e+00,0.000000e+00,203,6.320700e-05,0,0,0
719,14,9280,9.383075e-06,5.244932e-03,1.128875e-02,0.000000e+00,0.000000e+00,205,1.234934e-04,0,0,0
HIST {'total_samples': 765937, 'floor_samples': 6, 'floor_fraction': 7.833542445396944e-06, 'saturation_depth': 4.6566128730773926e-08, 'boundaries': 720, 'capped_boundaries': 0, 'unfinished_worlds': 0}
720,13,9293,8.545816e-05,5.218702e-03,1.302532e-02,0.000000e+00,0.000000e+00,210,6.206334e-06,0,0,0
721,10,9303,5.187001e-05,5.076970e-03,1.061575e-02,0.000000e+00,0.000000e+00,215,6.228685e-05,0,0,0
722,11,9314,1.127273e-04,5.301692e-03,1.248587e-02,0.000000e+00,0.000000e+00,202,6.683283e-04,0,0,0
723,12,9326,5.795155e-05,4.997108e-03,1.173252e-02,0.000000e+00,0.000000e+00,234,1.020730e-04,0,0,0
724,10,9336,1.041591e-04,5.321786e-03,1.509583e-02,0.000000e+00,0.000000e+00,205,3.051758e-05,0,0,0
725,10,9346,7.356517e-05,5.325623e-03,1.089000e-02,0.000000e+00,0.000000e+00,220,3.051758e-05,0,0,0
726,14,9360,2.813525e-05,5.281335e-03,1.407240e-02,0.000000e+00,0.000000e+00,226,1.101010e-05,0,0,0
727,11,9371,6.786082e-05,5.215852e-03,1.242347e-02,0.000000e+00,0.000000e+00,221,9.708107e-06,0,0,0
728,16,9387,6.718561e-05,5.425904e-03,1.206503e-02,0.000000e+00,0.000000e+00,215,2.754182e-04,0,0,0
729,12,9399,1.375051e-04,5.346856e-03,1.031400e-02,0.000000e+00,0.000000e+00,222,1.170859e-04,0,0,0
730,14,9413,2.270564e-05,5.172078e-03,1.077633e-02,0.000000e+00,0.000000e+00,216,4.660338e-06,0,0,0
731,10,9423,7.200055e-05,5.205140e-03,1.126990e-02,0.000000e+00,0.000000e+00,220,3.051758e-05,0,0,0
732,14,9437,8.531380e-05,5.270518e-03,1.136924e-02,0.000000e+00,0.000000e+00,219,3.890693e-05,0,0,0
733,13,9450,2.938835e-04,5.241232e-03,1.048881e-02,0.000000e+00,0.000000e+00,209,4.181266e-05,0,0,0
734,16,9466,2.078712e-05,5.295229e-03,1.664312e-02,0.000000e+00,0.000000e+00,219,1.450777e-04,0,0,0
735,12,9478,6.984919e-06,5.216799e-03,1.176446e-02,0.000000e+00,0.000000e+00,232,3.051758e-05,0,0,0
736,19,9497,4.527625e-05,5.487049e-03,1.245590e-02,0.000000e+00,0.000000e+00,194,6.907340e-05,0,0,0
737,13,9510,3.199093e-06,5.313386e-03,1.121551e-02,0.000000e+00,0.000000e+00,231,3.051758e-05,0,0,0
738,12,9522,1.523877e-04,5.390451e-03,1.127730e-02,0.000000e+00,0.000000e+00,211,9.499490e-07,0,0,0
739,16,9538,1.907907e-04,5.118506e-03,1.120192e-02,0.000000e+00,0.000000e+00,224,1.879185e-04,0,0,0
740,14,9552,3.227033e-05,5.485258e-03,1.256484e-02,0.000000e+00,0.000000e+00,201,5.796552e-05,0,0,0
741,12,9564,1.064455e-04,5.099657e-03,1.155569e-02,0.000000e+00,0.000000e+00,244,1.153946e-04,0,0,0
742,16,9580,1.077354e-04,5.223426e-03,1.249608e-02,0.000000e+00,0.000000e+00,201,2.202392e-04,0,0,0
743,20,9600,1.358334e-04,5.194652e-03,1.207918e-02,0.000000e+00,0.000000e+00,212,6.599426e-04,0,0,0
744,18,9618,6.980263e-05,5.440344e-03,1.214449e-02,0.000000e+00,0.000000e+00,203,3.051758e-05,0,0,0
745,14,9632,7.933006e-05,5.364193e-03,1.089000e-02,0.000000e+00,0.000000e+00,218,1.315325e-04,0,0,0
746,10,9642,6.500632e-06,5.271561e-03,1.302303e-02,0.000000e+00,0.000000e+00,220,2.248213e-04,0,0,0
747,12,9654,3.100000e-04,5.177817e-03,1.060243e-02,0.000000e+00,0.000000e+00,217,3.103707e-04,0,0,0
748,11,9665,1.594331e-04,5.289674e-03,1.615196e-02,0.000000e+00,0.000000e+00,199,1.478642e-04,0,0,0
749,10,9675,1.334539e-04,5.291408e-03,1.164913e-02,0.000000e+00,0.000000e+00,223,5.304813e-05,0,0,0
750,11,9686,7.214490e-05,5.565800e-03,1.041290e-02,0.000000e+00,0.000000e+00,193,3.051758e-05,0,0,0
751,13,9699,1.301989e-05,5.300354e-03,1.296284e-02,0.000000e+00,0.000000e+00,224,1.907349e-06,0,0,0
752,13,9712,1.631584e-04,5.514168e-03,1.169653e-02,0.000000e+00,0.000000e+00,212,3.716946e-04,0,0,0
753,11,9723,2.982561e-05,5.376235e-03,1.282903e-02,0.000000e+00,0.000000e+00,232,1.043375e-04,0,0,0
754,13,9736,4.248694e-05,5.510682e-03,1.394710e-02,0.000000e+00,0.000000e+00,211,5.117059e-05,0,0,0
755,12,9748,4.066154e-05,5.243697e-03,1.197900e-02,0.000000e+00,0.000000e+00,232,4.844368e-05,0,0,0
756,13,9761,8.190982e-06,5.448715e-03,1.204303e-02,0.000000e+00,0.000000e+00,209,1.267754e-04,0,0,0
757,14,9775,2.280343e-05,5.205201e-03,1.160113e-02,0.000000e+00,0.000000e+00,222,3.051758e-05,0,0,0
758,14,9789,5.777925e-05,5.563130e-03,1.156404e-02,0.000000e+00,0.000000e+00,200,4.481226e-04,0,0,0
759,14,9803,1.428602e-04,5.409309e-03,1.212085e-02,0.000000e+00,0.000000e+00,219,3.645867e-04,0,0,0
760,11,9814,2.484303e-05,5.399201e-03,1.198814e-02,0.000000e+00,0.000000e+00,201,2.495758e-05,0,0,0
761,14,9828,5.415641e-06,5.305705e-03,1.087056e-02,0.000000e+00,0.000000e+00,219,3.051758e-05,0,0,0
762,11,9839,5.955808e-06,5.521734e-03,1.285641e-02,0.000000e+00,0.000000e+00,197,7.037818e-05,0,0,0
763,21,9860,7.410999e-05,5.242987e-03,1.008763e-02,0.000000e+00,0.000000e+00,227,3.823638e-05,0,0,0
764,17,9877,4.308764e-05,5.427120e-03,1.389084e-02,0.000000e+00,0.000000e+00,199,2.183914e-04,0,0,0
765,11,9888,2.305815e-04,5.392723e-03,1.074426e-02,0.000000e+00,0.000000e+00,222,3.264099e-04,0,0,0
766,13,9901,1.473492e-04,5.352758e-03,1.310250e-02,0.000000e+00,0.000000e+00,207,3.051758e-05,0,0,0
767,15,9916,1.326064e-04,5.535200e-03,1.316362e-02,0.000000e+00,0.000000e+00,210,1.975894e-05,0,0,0
HIST {'total_samples': 819693, 'floor_samples': 6, 'floor_fraction': 7.319813637544788e-06, 'saturation_depth': 4.6566128730773926e-08, 'boundaries': 768, 'capped_boundaries': 0, 'unfinished_worlds': 0}
768,11,9927,2.345536e-05,5.428601e-03,1.317690e-02,0.000000e+00,0.000000e+00,214,9.480119e-05,0,0,0
769,12,9939,3.729668e-04,5.247550e-03,1.062596e-02,0.000000e+00,0.000000e+00,228,8.093650e-04,0,0,0
770,12,9951,2.607703e-06,5.134741e-03,1.813520e-02,0.000000e+00,0.000000e+00,207,1.292229e-04,0,0,0
771,12,9963,2.174079e-04,5.244467e-03,1.448553e-02,0.000000e+00,0.000000e+00,223,3.051758e-05,0,0,0
772,13,9976,1.506880e-05,5.448175e-03,1.106749e-02,0.000000e+00,0.000000e+00,192,3.051758e-05,0,0,0
773,14,9990,7.989351e-05,5.166870e-03,1.217417e-02,0.000000e+00,0.000000e+00,239,8.428395e-04,0,0,0
774,12,10002,1.652725e-04,5.339765e-03,1.372718e-02,0.000000e+00,0.000000e+00,195,5.810559e-04,0,0,0
775,15,10017,3.803987e-05,5.372014e-03,1.430529e-02,0.000000e+00,0.000000e+00,229,3.051758e-05,0,0,0
776,11,10028,6.523915e-05,5.319167e-03,1.213754e-02,0.000000e+00,0.000000e+00,206,1.086518e-04,0,0,0
777,11,10039,1.009554e-05,4.975863e-03,1.172664e-02,0.000000e+00,0.000000e+00,222,1.037121e-05,0,0,0
778,11,10050,1.411419e-05,5.345524e-03,1.317690e-02,0.000000e+00,0.000000e+00,221,1.092497e-04,0,0,0
779,11,10061,6.459653e-05,4.976114e-03,1.176405e-02,0.000000e+00,0.000000e+00,223,4.759431e-05,0,0,0
780,11,10072,3.860472e-04,5.352662e-03,1.239787e-02,0.000000e+00,0.000000e+00,218,2.665222e-04,0,0,0
781,10,10082,1.527835e-04,5.223112e-03,1.121348e-02,0.000000e+00,0.000000e+00,235,3.983043e-04,0,0,0
782,16,10098,2.443325e-05,5.497911e-03,1.304186e-02,0.000000e+00,0.000000e+00,209,1.063943e-04,0,0,0
783,12,10110,3.640540e-05,5.175727e-03,1.182698e-02,0.000000e+00,0.000000e+00,229,2.853358e-04,0,0,0
784,12,10122,8.484349e-06,5.322264e-03,1.210525e-02,0.000000e+00,0.000000e+00,207,1.061559e-04,0,0,0
785,14,10136,2.417713e-05,5.200005e-03,1.115875e-02,0.000000e+00,0.000000e+00,235,3.051758e-05,0,0,0
786,15,10151,5.392218e-04,5.276154e-03,1.103624e-02,0.000000e+00,0.000000e+00,200,5.029142e-06,0,0,0
787,12,10163,5.422626e-05,5.194742e-03,1.129977e-02,0.000000e+00,0.000000e+00,228,8.113682e-05,0,0,0
788,16,10179,3.136601e-04,5.347918e-03,1.282490e-02,0.000000e+00,0.000000e+00,202,2.318621e-05,0,0,0
789,13,10192,8.158386e-06,5.053673e-03,1.283384e-02,0.000000e+00,0.000000e+00,214,7.654950e-04,0,0,0
790,12,10204,1.499336e-04,5.404250e-03,1.321890e-02,0.000000e+00,0.000000e+00,200,2.670884e-04,0,0,0
791,19,10223,1.838710e-04,5.318983e-03,1.177569e-02,0.000000e+00,0.000000e+00,229,3.656745e-05,0,0,0
792,14,10237,1.254538e-04,5.363689e-03,1.317690e-02,0.000000e+00,0.000000e+00,209,3.701150e-04,0,0,0
793,12,10249,2.684072e-05,5.084112e-03,1.127848e-02,0.000000e+00,0.000000e+00,219,2.906676e-04,0,0,0
794,13,10262,8.111820e-06,5.385541e-03,1.509764e-02,0.000000e+00,0.000000e+00,214,6.438196e-04,0,0,0
795,11,10273,9.625219e-06,5.280015e-03,1.477760e-02,0.000000e+00,0.000000e+00,214,2.685562e-04,0,0,0
796,15,10288,2.826052e-04,5.359142e-03,1.303603e-02,0.000000e+00,0.000000e+00,213,7.772446e-05,0,0,0
797,12,10300,2.373010e-05,5.151329e-03,1.418449e-02,0.000000e+00,0.000000e+00,244,2.631545e-05,0,0,0
798,21,10321,4.307833e-05,5.202147e-03,1.150164e-02,0.000000e+00,0.000000e+00,229,6.963704e-04,0,0,0
799,16,10337,3.022142e-06,5.106952e-03,1.219353e-02,0.000000e+00,0.000000e+00,211,3.954321e-04,0,0,0
800,15,10352,4.152767e-05,5.505682e-03,1.254843e-02,0.000000e+00,0.000000e+00,214,7.282858e-04,0,0,0
801,13,10365,9.530224e-05,5.306894e-03,1.315733e-02,0.000000e+00,0.000000e+00,236,4.109740e-05,0,0,0
802,13,10378,1.652539e-04,5.338532e-03,1.463595e-02,0.000000e+00,0.000000e+00,210,3.051758e-05,0,0,0
803,12,10390,1.332723e-05,5.067555e-03,1.183042e-02,0.000000e+00,0.000000e+00,243,1.251251e-04,0,0,0
804,11,10401,4.745089e-05,5.369680e-03,1.486771e-02,0.000000e+00,0.000000e+00,208,2.437979e-04,0,0,0
805,11,10412,2.534036e-04,5.230375e-03,1.336211e-02,0.000000e+00,0.000000e+00,226,1.141094e-04,0,0,0
806,13,10425,2.063718e-04,5.089755e-03,1.223377e-02,0.000000e+00,0.000000e+00,209,3.051758e-05,0,0,0
807,16,10441,1.185434e-04,5.023550e-03,1.218855e-02,0.000000e+00,0.000000e+00,234,8.799136e-06,0,0,0
808,13,10454,4.932750e-05,5.089664e-03,1.223259e-02,0.000000e+00,0.000000e+00,203,4.535317e-04,0,0,0
809,12,10466,6.295741e-06,4.918188e-03,1.245917e-02,0.000000e+00,0.000000e+00,236,3.737584e-05,0,0,0
810,13,10479,2.701441e-04,5.091979e-03,1.195356e-02,0.000000e+00,0.000000e+00,228,6.764382e-05,0,0,0
811,15,10494,8.143485e-05,4.863431e-03,1.307760e-02,0.000000e+00,0.000000e+00,248,4.624873e-04,0,0,0
812,11,10505,2.239831e-05,4.797543e-03,1.072115e-02,0.000000e+00,0.000000e+00,217,3.051758e-05,0,0,0
813,12,10517,1.443084e-04,5.078627e-03,1.097438e-02,0.000000e+00,0.000000e+00,207,3.051758e-05,0,0,0
814,11,10528,1.119263e-04,5.329938e-03,1.118756e-02,0.000000e+00,0.000000e+00,194,2.046227e-04,0,0,0
815,13,10541,6.826594e-06,5.161015e-03,1.340634e-02,0.000000e+00,0.000000e+00,236,3.051758e-05,0,0,0
HIST {'total_samples': 874847, 'floor_samples': 6, 'floor_fraction': 6.8583420872449695e-06, 'saturation_depth': 4.6566128730773926e-08, 'boundaries': 816, 'capped_boundaries': 0, 'unfinished_worlds': 0}
816,15,10556,6.357208e-05,5.284920e-03,1.261697e-02,0.000000e+00,0.000000e+00,224,2.364516e-04,0,0,0
817,16,10572,2.330169e-05,5.093405e-03,1.186482e-02,0.000000e+00,0.000000e+00,230,2.468228e-04,0,0,0
818,15,10587,3.761705e-04,5.063031e-03,1.150978e-02,0.000000e+00,0.000000e+00,222,2.028644e-04,0,0,0
819,12,10599,3.130641e-05,5.009376e-03,1.108517e-02,0.000000e+00,0.000000e+00,222,5.955100e-04,0,0,0
820,11,10610,1.577660e-04,5.089587e-03,1.253229e-02,0.000000e+00,0.000000e+00,229,3.051758e-05,0,0,0
821,22,10632,6.428920e-05,4.990666e-03,1.072539e-02,0.000000e+00,0.000000e+00,232,2.264977e-06,0,0,0
822,16,10648,1.090392e-04,5.279976e-03,1.128804e-02,0.000000e+00,0.000000e+00,206,8.064471e-04,0,0,0
823,13,10661,1.243455e-04,4.923105e-03,1.187929e-02,0.000000e+00,0.000000e+00,238,4.424676e-04,0,0,0
824,11,10672,3.407989e-04,5.193703e-03,1.179947e-02,0.000000e+00,0.000000e+00,208,3.505498e-05,0,0,0
825,13,10685,1.004711e-04,5.194087e-03,1.202583e-02,0.000000e+00,0.000000e+00,249,4.958957e-04,0,0,0
826,10,10695,2.563139e-04,5.320682e-03,1.229877e-02,0.000000e+00,0.000000e+00,220,9.045005e-05,0,0,0
827,22,10717,1.426740e-04,5.152373e-03,1.441352e-02,0.000000e+00,0.000000e+00,250,2.779812e-04,0,0,0
828,15,10732,2.269261e-04,5.228464e-03,1.175589e-02,0.000000e+00,0.000000e+00,209,4.336238e-05,0,0,0
829,11,10743,2.521090e-04,5.103621e-03,1.091170e-02,0.000000e+00,0.000000e+00,224,8.879136e-05,0,0,0
830,14,10757,9.800307e-05,5.297092e-03,1.206724e-02,0.000000e+00,0.000000e+00,221,4.458427e-05,0,0,0
831,10,10767,6.238930e-05,4.914259e-03,1.211361e-02,0.000000e+00,0.000000e+00,264,1.675636e-04,0,0,0
832,13,10780,4.787929e-05,5.068450e-03,1.185383e-02,0.000000e+00,0.000000e+00,209,7.385015e-05,0,0,0
833,11,10791,4.965346e-05,5.079721e-03,1.129186e-02,0.000000e+00,0.000000e+00,227,2.384186e-07,0,0,0
834,12,10803,7.559545e-05,5.344830e-03,1.230581e-02,0.000000e+00,0.000000e+00,215,2.682507e-04,0,0,0
835,12,10815,3.137626e-05,5.233487e-03,1.006355e-02,0.000000e+00,0.000000e+00,230,3.144145e-05,0,0,0
836,12,10827,2.457015e-04,5.077281e-03,1.117942e-02,0.000000e+00,0.000000e+00,238,8.786470e-05,0,0,0
837,13,10840,7.012859e-06,4.971861e-03,1.290024e-02,0.000000e+00,0.000000e+00,243,6.088428e-05,0,0,0
838,13,10853,4.786998e-05,5.093216e-03,1.131378e-02,0.000000e+00,0.000000e+00,215,5.539805e-04,0,0,0
839,22,10875,5.951151e-06,4.792462e-03,1.078747e-02,0.000000e+00,0.000000e+00,244,5.512089e-04,0,0,0
840,15,10890,3.925525e-06,5.071433e-03,1.389364e-02,0.000000e+00,0.000000e+00,215,7.268786e-05,0,0,0
841,15,10905,9.851996e-05,4.976883e-03,1.089000e-02,0.000000e+00,0.000000e+00,245,5.523860e-05,0,0,0
842,12,10917,2.549961e-05,5.062582e-03,1.267149e-02,0.000000e+00,0.000000e+00,213,4.972070e-04,0,0,0
843,19,10936,7.333700e-05,5.018540e-03,1.247372e-02,0.000000e+00,0.000000e+00,229,1.748800e-04,0,0,0
844,12,10948,8.647330e-06,5.273216e-03,1.258313e-02,0.000000e+00,0.000000e+00,222,4.643202e-05,0,0,0
845,11,10959,1.894729e-04,5.034724e-03,1.365614e-02,0.000000e+00,0.000000e+00,247,1.569092e-05,0,0,0
846,10,10969,6.708317e-05,5.198710e-03,1.291844e-02,0.000000e+00,0.000000e+00,223,8.642673e-07,0,0,0
847,15,10984,1.157820e-04,4.874481e-03,1.136475e-02,0.000000e+00,0.000000e+00,244,4.018098e-05,0,0,0
848,13,10997,6.809831e-05,4.940214e-03,1.158703e-02,0.000000e+00,0.000000e+00,220,9.593926e-05,0,0,0
849,13,11010,1.686160e-04,4.905604e-03,1.113357e-02,0.000000e+00,0.000000e+00,225,8.780509e-05,0,0,0
850,11,11021,2.376735e-05,5.154509e-03,1.171760e-02,0.000000e+00,0.000000e+00,234,3.618896e-04,0,0,0
851,12,11033,1.662085e-04,5.405835e-03,1.279107e-02,0.000000e+00,0.000000e+00,248,1.406707e-04,0,0,0
852,15,11048,3.537536e-04,5.307181e-03,1.219166e-02,0.000000e+00,0.000000e+00,225,3.051758e-05,0,0,0
853,15,11063,1.821667e-04,5.007060e-03,1.118576e-02,0.000000e+00,0.000000e+00,241,6.230599e-04,0,0,0
854,12,11075,2.627727e-05,5.112967e-03,1.222030e-02,0.000000e+00,0.000000e+00,231,4.291534e-05,0,0,0
855,14,11089,3.463775e-04,5.167704e-03,1.237184e-02,0.000000e+00,0.000000e+00,227,4.735924e-04,0,0,0
856,13,11102,1.314562e-04,5.447202e-03,1.044943e-02,0.000000e+00,0.000000e+00,200,3.051758e-05,0,0,0
857,14,11116,8.819159e-05,5.031184e-03,1.012162e-02,0.000000e+00,0.000000e+00,236,3.051758e-05,0,0,0
858,16,11132,2.239412e-04,5.445278e-03,1.395771e-02,0.000000e+00,0.000000e+00,204,1.907349e-06,0,0,0
859,15,11147,4.656613e-08,5.256319e-03,1.128566e-02,0.000000e+00,0.000000e+00,224,4.027830e-05,0,1,0
860,13,11160,2.119131e-04,5.283026e-03,1.110984e-02,0.000000e+00,0.000000e+00,241,2.823621e-04,0,0,0
861,11,11171,2.329424e-04,5.257775e-03,1.124478e-02,0.000000e+00,0.000000e+00,226,3.051758e-05,0,0,0
862,11,11182,1.359079e-04,5.263786e-03,1.580896e-02,0.000000e+00,0.000000e+00,224,1.166016e-05,0,0,0
863,10,11192,1.946650e-04,5.140200e-03,1.187596e-02,0.000000e+00,0.000000e+00,238,8.533373e-04,0,0,0
HIST {'total_samples': 931016, 'floor_samples': 7, 'floor_fraction': 7.51866777799737e-06, 'saturation_depth': 4.6566128730773926e-08, 'boundaries': 864, 'capped_boundaries': 0, 'unfinished_worlds': 0}
864,11,11203,1.679640e-05,5.147276e-03,1.135861e-02,0.000000e+00,0.000000e+00,239,3.051758e-05,0,0,0
865,13,11216,4.726462e-05,4.996718e-03,1.019782e-02,0.000000e+00,0.000000e+00,232,1.362488e-04,0,0,0
866,14,11230,7.241033e-05,5.238913e-03,1.500472e-02,0.000000e+00,0.000000e+00,224,4.328564e-04,0,0,0
867,12,11242,9.930693e-05,5.199354e-03,1.151563e-02,0.000000e+00,0.000000e+00,236,3.510341e-05,0,0,0
868,13,11255,7.778406e-05,5.329355e-03,1.411376e-02,0.000000e+00,0.000000e+00,211,3.271922e-05,0,0,0
869,11,11266,3.743917e-06,5.162873e-03,1.312508e-02,0.000000e+00,0.000000e+00,225,4.048198e-04,0,0,0
870,16,11282,2.142042e-05,5.147077e-03,1.068343e-02,0.000000e+00,0.000000e+00,208,3.051758e-05,0,0,0
871,13,11295,1.248904e-05,5.163279e-03,1.234426e-02,0.000000e+00,0.000000e+00,212,3.878400e-04,0,0,0
872,13,11308,8.541159e-05,4.976837e-03,1.157091e-02,0.000000e+00,0.000000e+00,218,6.263703e-05,0,0,0
873,12,11320,3.038906e-05,5.215202e-03,1.099154e-02,0.000000e+00,0.000000e+00,217,1.377612e-04,0,0,0
874,11,11331,4.456332e-04,5.195245e-03,1.317690e-02,0.000000e+00,0.000000e+00,210,3.051758e-05,0,0,0
875,10,11341,2.718531e-05,5.252189e-03,1.256687e-02,0.000000e+00,0.000000e+00,219,3.752410e-04,0,0,0
876,11,11352,2.924819e-05,5.337843e-03,1.159027e-02,0.000000e+00,0.000000e+00,218,3.051758e-05,0,0,0
877,13,11365,6.472692e-07,5.252720e-03,1.089000e-02,0.000000e+00,0.000000e+00,238,1.179874e-04,0,1,0
878,16,11381,5.975831e-05,5.276211e-03,1.418266e-02,0.000000e+00,0.000000e+00,233,6.133988e-04,0,0,0
879,14,11395,5.116686e-05,4.685394e-03,1.029052e-02,0.000000e+00,0.000000e+00,268,1.490116e-05,0,0,0
880,16,11411,6.383285e-05,4.980738e-03,1.248494e-02,0.000000e+00,0.000000e+00,219,9.439886e-05,0,0,0
881,11,11422,4.135072e-06,5.105234e-03,1.101803e-02,0.000000e+00,0.000000e+00,223,2.057850e-04,0,0,0
882,11,11433,9.802636e-05,4.966726e-03,1.096389e-02,0.000000e+00,0.000000e+00,234,2.090801e-04,0,0,0
883,13,11446,4.190486e-05,5.006150e-03,1.206082e-02,0.000000e+00,0.000000e+00,224,3.051758e-05,0,0,0
884,14,11460,1.187902e-04,5.140612e-03,1.317690e-02,0.000000e+00,0.000000e+00,215,3.051758e-05,0,0,0
885,12,11472,1.746882e-04,5.156924e-03,1.144421e-02,0.000000e+00,0.000000e+00,233,6.804615e-05,0,0,0
886,11,11483,8.037314e-06,5.310551e-03,1.192804e-02,0.000000e+00,0.000000e+00,205,5.159527e-06,0,0,0
887,16,11499,9.010546e-05,5.131818e-03,1.163302e-02,0.000000e+00,0.000000e+00,247,1.995564e-04,0,0,0
888,11,11510,2.777204e-05,5.228544e-03,1.291961e-02,0.000000e+00,0.000000e+00,208,2.628565e-05,0,0,0
889,13,11523,1.299009e-04,5.184516e-03,1.089000e-02,0.000000e+00,0.000000e+00,233,2.800822e-04,0,0,0
890,12,11535,5.114824e-05,5.466052e-03,1.465676e-02,0.000000e+00,0.000000e+00,220,1.005642e-04,0,0,0
891,15,11550,4.673842e-05,5.293444e-03,1.089000e-02,0.000000e+00,0.000000e+00,234,6.669238e-04,0,0,0
892,14,11564,1.235493e-04,5.262075e-03,1.120968e-02,0.000000e+00,0.000000e+00,222,7.762015e-05,0,0,0
893,12,11576,6.607268e-05,5.158849e-03,1.233065e-02,0.000000e+00,0.000000e+00,242,4.797468e-04,0,0,0
894,10,11586,7.782597e-05,5.075187e-03,1.258889e-02,0.000000e+00,0.000000e+00,229,4.776567e-04,0,0,0
895,14,11600,1.501758e-05,5.164751e-03,1.184629e-02,0.000000e+00,0.000000e+00,226,5.414337e-05,0,0,0
896,15,11615,2.215523e-04,5.180517e-03,1.261608e-02,0.000000e+00,0.000000e+00,225,4.371554e-04,0,0,0
897,20,11635,2.747402e-07,5.181750e-03,1.317690e-02,0.000000e+00,0.000000e+00,229,1.005828e-06,0,1,0
898,14,11649,1.068786e-04,5.180103e-03,1.333976e-02,0.000000e+00,0.000000e+00,214,2.138615e-04,0,0,0
899,13,11662,1.478940e-05,4.952098e-03,1.099255e-02,0.000000e+00,0.000000e+00,245,3.020018e-04,0,0,0
900,11,11673,1.678383e-04,5.438986e-03,1.176217e-02,0.000000e+00,0.000000e+00,203,4.151464e-05,0,0,0
901,12,11685,1.945533e-05,5.084231e-03,1.089000e-02,0.000000e+00,0.000000e+00,243,2.780929e-04,0,0,0
902,13,11698,3.511552e-05,5.183138e-03,1.200886e-02,0.000000e+00,0.000000e+00,220,3.444776e-05,0,0,0
903,13,11711,4.856847e-05,5.057739e-03,1.227368e-02,0.000000e+00,0.000000e+00,216,2.623498e-04,0,0,0
904,16,11727,2.205372e-05,5.038343e-03,1.048150e-02,0.000000e+00,0.000000e+00,221,1.145452e-04,0,0,0
905,13,11740,2.183486e-05,4.962665e-03,1.039312e-02,0.000000e+00,0.000000e+00,229,1.564324e-04,0,0,0
906,15,11755,4.260801e-05,5.315593e-03,1.279655e-02,0.000000e+00,0.000000e+00,210,9.536743e-07,0,0,0
907,15,11770,1.668371e-04,4.940071e-03,1.151742e-02,0.000000e+00,0.000000e+00,233,3.051758e-05,0,0,0
908,13,11783,1.019984e-04,5.040373e-03,1.314584e-02,0.000000e+00,0.000000e+00,201,2.335310e-04,0,0,0
909,12,11795,2.238899e-05,5.040716e-03,1.000000e-02,0.000000e+00,0.000000e+00,212,3.808923e-04,0,0,0
910,12,11807,1.379754e-05,5.132670e-03,1.238995e-02,0.000000e+00,0.000000e+00,233,1.903325e-04,0,0,0
911,13,11820,6.357208e-05,4.973505e-03,1.183392e-02,0.000000e+00,0.000000e+00,230,1.013279e-06,0,0,0
HIST {'total_samples': 987183, 'floor_samples': 9, 'floor_fraction': 9.116850675102793e-06, 'saturation_depth': 4.6566128730773926e-08, 'boundaries': 912, 'capped_boundaries': 0, 'unfinished_worlds': 0}
912,11,11831,3.119931e-05,5.207054e-03,1.383351e-02,0.000000e+00,0.000000e+00,212,6.131828e-05,0,0,0
913,13,11844,2.668798e-04,5.024855e-03,1.257654e-02,0.000000e+00,0.000000e+00,236,3.986061e-05,0,0,0
914,11,11855,2.976507e-05,5.252583e-03,1.221285e-02,0.000000e+00,0.000000e+00,215,9.743869e-05,0,0,0
915,13,11868,2.721092e-04,5.037693e-03,1.089000e-02,0.000000e+00,0.000000e+00,225,9.487979e-04,0,0,0
916,10,11878,1.478940e-05,5.464993e-03,1.731155e-02,0.000000e+00,0.000000e+00,215,3.636666e-04,0,0,0
917,12,11890,1.947442e-04,5.262822e-03,1.244293e-02,0.000000e+00,0.000000e+00,259,2.764165e-04,0,0,0
918,13,11903,1.325272e-04,5.259541e-03,1.319267e-02,0.000000e+00,0.000000e+00,221,4.766881e-05,0,0,0
919,13,11916,1.080520e-04,5.034269e-03,1.315347e-02,0.000000e+00,0.000000e+00,240,2.175516e-04,0,0,0
920,10,11926,1.713401e-04,5.521531e-03,1.571603e-02,0.000000e+00,0.000000e+00,199,1.095235e-04,0,0,0
921,12,11938,3.533997e-04,5.436162e-03,1.684183e-02,0.000000e+00,0.000000e+00,244,8.312240e-05,0,0,0
922,16,11954,1.045130e-04,5.613750e-03,1.797923e-02,0.000000e+00,0.000000e+00,219,4.786253e-05,0,0,0
923,15,11969,2.204115e-04,5.224425e-03,1.149779e-02,0.000000e+00,0.000000e+00,237,3.051758e-05,0,0,0
924,11,11980,9.192154e-06,5.182546e-03,1.348496e-02,0.000000e+00,0.000000e+00,221,3.166050e-04,0,0,0
925,13,11993,1.087319e-05,5.109561e-03,1.133093e-02,0.000000e+00,0.000000e+00,221,2.961159e-04,0,0,0
926,17,12010,1.249230e-04,5.207748e-03,1.318675e-02,0.000000e+00,0.000000e+00,227,6.998479e-04,0,0,0
927,14,12024,2.465304e-04,5.211362e-03,1.344012e-02,0.000000e+00,0.000000e+00,221,2.489947e-04,0,0,0
928,14,12038,9.499490e-06,5.256676e-03,1.162283e-02,0.000000e+00,0.000000e+00,220,3.032386e-04,0,0,0
929,17,12055,1.164246e-04,5.244142e-03,1.048150e-02,0.000000e+00,0.000000e+00,247,3.051758e-05,0,0,0
930,19,12074,8.983538e-05,5.243019e-03,1.247641e-02,0.000000e+00,0.000000e+00,223,7.615238e-05,0,0,0
931,18,12092,3.550202e-05,5.191205e-03,1.046732e-02,0.000000e+00,0.000000e+00,232,6.861985e-04,0,0,0
932,17,12109,1.263712e-04,5.179192e-03,1.100560e-02,0.000000e+00,0.000000e+00,211,7.529855e-04,0,0,0
933,11,12120,1.591258e-04,5.249126e-03,1.208313e-02,0.000000e+00,0.000000e+00,223,1.039803e-04,0,0,0
934,12,12132,1.566485e-05,5.094616e-03,1.083162e-02,0.000000e+00,0.000000e+00,216,8.970499e-06,0,0,0
935,13,12145,4.832633e-05,5.485556e-03,1.145806e-02,0.000000e+00,0.000000e+00,213,3.252178e-04,0,0,0
936,12,12157,1.883134e-05,5.147277e-03,1.549146e-02,0.000000e+00,0.000000e+00,226,1.031905e-05,0,0,0
937,12,12169,5.527399e-05,5.228531e-03,1.096294e-02,0.000000e+00,0.000000e+00,245,2.508387e-04,0,0,0
938,11,12180,1.081266e-05,5.113693e-03,1.067329e-02,0.000000e+00,0.000000e+00,221,2.017776e-04,0,0,0
939,13,12193,8.642673e-06,5.290187e-03,1.612157e-02,0.000000e+00,0.000000e+00,228,3.051758e-05,0,0,0
940,12,12205,8.392148e-05,5.165187e-03,1.350502e-02,0.000000e+00,0.000000e+00,232,5.193427e-05,0,0,0
941,13,12218,4.866626e-05,5.124124e-03,1.089000e-02,0.000000e+00,0.000000e+00,244,2.030283e-04,0,0,0
942,14,12232,1.447275e-05,5.054615e-03,1.377118e-02,0.000000e+00,0.000000e+00,235,1.107976e-04,0,0,0
943,18,12250,1.808628e-05,4.798516e-03,1.039158e-02,0.000000e+00,0.000000e+00,251,1.274347e-04,0,0,0
944,10,12260,1.441222e-05,5.204422e-03,1.111898e-02,0.000000e+00,0.000000e+00,202,3.179982e-04,0,0,0
945,16,12276,8.646864e-05,4.834619e-03,1.346966e-02,0.000000e+00,0.000000e+00,249,2.762228e-04,0,0,0
946,15,12291,2.901535e-05,4.856877e-03,1.481663e-02,0.000000e+00,0.000000e+00,220,3.051758e-05,0,0,0
947,11,12302,3.216788e-05,5.170268e-03,1.401125e-02,0.000000e+00,0.000000e+00,226,1.952350e-04,0,0,0
948,11,12313,1.844019e-05,5.297700e-03,1.317690e-02,0.000000e+00,0.000000e+00,225,4.315376e-05,0,0,0
949,11,12324,5.314127e-05,5.374121e-03,1.152315e-02,0.000000e+00,0.000000e+00,223,2.449900e-04,0,0,0
950,13,12337,1.247507e-04,5.214459e-03,1.635093e-02,0.000000e+00,0.000000e+00,243,9.784102e-05,0,0,0
951,13,12350,5.442649e-05,5.139029e-03,1.456040e-02,0.000000e+00,0.000000e+00,237,2.491847e-05,0,0,0
952,13,12363,1.045270e-04,5.278083e-03,1.734704e-02,0.000000e+00,0.000000e+00,205,8.362532e-05,0,0,0
953,12,12375,3.895257e-05,5.214056e-03,1.717300e-02,0.000000e+00,0.000000e+00,228,1.239181e-04,0,0,0
954,13,12388,2.740510e-04,5.270502e-03,1.717300e-02,0.000000e+00,0.000000e+00,217,2.811439e-04,0,0,0
955,13,12401,1.076516e-04,5.434803e-03,1.717300e-02,0.000000e+00,0.000000e+00,213,3.687441e-04,0,0,0
956,11,12412,4.668720e-05,5.087025e-03,1.342436e-02,0.000000e+00,0.000000e+00,249,7.414967e-04,0,0,0
957,11,12423,1.065759e-04,5.155958e-03,1.162911e-02,0.000000e+00,0.000000e+00,225,5.589277e-04,0,0,0
958,16,12439,6.183982e-05,5.371027e-03,1.170108e-02,0.000000e+00,0.000000e+00,216,3.051758e-05,0,0,0
959,10,12449,1.420733e-05,4.911516e-03,1.182301e-02,0.000000e+00,0.000000e+00,237,2.933778e-04,0,0,0
HIST {'total_samples': 1043115, 'floor_samples': 9, 'floor_fraction': 8.628003623761523e-06, 'saturation_depth': 4.6566128730773926e-08, 'boundaries': 960, 'capped_boundaries': 0, 'unfinished_worlds': 0}
960,15,12464,7.424504e-05,5.266733e-03,1.253692e-02,0.000000e+00,0.000000e+00,217,2.822429e-04,0,0,0
961,17,12481,2.230518e-05,4.985845e-03,1.064816e-02,0.000000e+00,0.000000e+00,245,3.051758e-05,0,0,0
962,12,12493,7.259659e-06,4.920082e-03,1.162635e-02,0.000000e+00,0.000000e+00,202,2.120398e-04,0,0,0
963,13,12506,1.013279e-05,4.828387e-03,1.263482e-02,0.000000e+00,0.000000e+00,219,1.958236e-04,0,0,0
964,12,12518,8.619390e-05,4.770735e-03,1.101085e-02,0.000000e+00,0.000000e+00,209,1.068767e-04,0,0,0
965,15,12533,3.991649e-05,4.712763e-03,1.211194e-02,0.000000e+00,0.000000e+00,242,1.285002e-04,0,0,0
966,13,12546,3.256835e-05,4.916875e-03,1.567800e-02,0.000000e+00,0.000000e+00,227,3.968477e-04,0,0,0
967,10,12556,2.057757e-05,4.849352e-03,1.321401e-02,0.000000e+00,0.000000e+00,213,4.008412e-06,0,0,0
968,12,12568,2.998579e-04,5.148110e-03,1.314319e-02,0.000000e+00,0.000000e+00,216,1.144409e-05,0,0,0
969,10,12578,5.875714e-05,4.982454e-03,1.249243e-02,0.000000e+00,0.000000e+00,226,2.387464e-04,0,0,0
970,12,12590,1.634471e-05,5.235344e-03,2.177663e-02,0.000000e+00,0.000000e+00,219,5.616248e-05,0,0,0
971,13,12603,6.465241e-05,4.828132e-03,1.183600e-02,0.000000e+00,0.000000e+00,228,3.051758e-05,0,0,0
972,12,12615,8.897390e-05,5.132530e-03,1.206130e-02,0.000000e+00,0.000000e+00,215,7.573515e-05,0,0,0
973,10,12625,8.777715e-06,5.073230e-03,1.026484e-02,0.000000e+00,0.000000e+00,222,3.051758e-05,0,0,0
974,14,12639,1.115166e-04,5.152817e-03,1.248644e-02,0.000000e+00,0.000000e+00,212,3.051758e-05,0,0,0
975,18,12657,7.789582e-05,5.032349e-03,1.236759e-02,0.000000e+00,0.000000e+00,240,1.659659e-04,0,0,0
976,12,12669,5.963724e-05,5.216705e-03,1.266063e-02,0.000000e+00,0.000000e+00,211,9.267628e-04,0,0,0
977,13,12682,6.341841e-05,5.265936e-03,1.238475e-02,0.000000e+00,0.000000e+00,229,9.776652e-05,0,0,0
978,12,12694,1.834240e-05,5.167606e-03,1.135307e-02,0.000000e+00,0.000000e+00,225,3.682673e-04,0,0,0
979,12,12706,7.632188e-06,5.081201e-03,1.034615e-02,0.000000e+00,0.000000e+00,237,9.128451e-05,0,0,0
980,16,12722,9.907410e-05,5.185589e-03,1.197976e-02,0.000000e+00,0.000000e+00,216,1.640320e-04,0,0,0
981,12,12734,1.034979e-04,5.163374e-03,1.296327e-02,0.000000e+00,0.000000e+00,233,3.507435e-04,0,0,0
982,10,12744,1.589116e-04,5.166152e-03,1.169625e-02,0.000000e+00,0.000000e+00,239,8.681826e-04,0,0,0
983,14,12758,6.769784e-05,5.031802e-03,1.085018e-02,0.000000e+00,0.000000e+00,237,5.985051e-05,0,0,0
984,15,12773,1.023337e-04,5.038209e-03,1.083021e-02,0.000000e+00,0.000000e+00,246,6.407797e-04,0,0,0
985,14,12787,1.003314e-04,4.849991e-03,1.144397e-02,0.000000e+00,0.000000e+00,237,1.491196e-04,0,0,0
986,12,12799,7.215422e-05,5.067994e-03,1.285398e-02,0.000000e+00,0.000000e+00,218,3.311336e-04,0,0,0
987,11,12810,8.933712e-05,5.013661e-03,1.073432e-02,0.000000e+00,0.000000e+00,228,1.996756e-06,0,0,0
988,12,12822,4.778616e-05,5.316436e-03,1.317690e-02,0.000000e+00,0.000000e+00,203,9.796768e-05,0,0,0
989,14,12836,1.300592e-05,5.080279e-03,1.089000e-02,0.000000e+00,0.000000e+00,231,3.545173e-05,0,0,0
990,14,12850,3.871042e-05,5.220891e-03,1.114132e-02,0.000000e+00,0.000000e+00,205,8.103251e-05,0,0,0
991,13,12863,3.674068e-05,5.204644e-03,1.110966e-02,0.000000e+00,0.000000e+00,234,2.632216e-04,0,0,0
992,13,12876,1.212116e-05,5.212089e-03,1.242968e-02,0.000000e+00,0.000000e+00,219,3.051758e-05,0,0,0
993,20,12896,1.655193e-04,5.149780e-03,1.179242e-02,0.000000e+00,0.000000e+00,232,7.558614e-05,0,0,0
994,12,12908,5.984213e-05,5.167408e-03,1.384697e-02,0.000000e+00,0.000000e+00,220,2.120622e-04,0,0,0
995,12,12920,1.683040e-04,5.052508e-03,1.089000e-02,0.000000e+00,0.000000e+00,211,3.051758e-05,0,0,0
996,11,12931,1.233676e-04,5.231755e-03,1.072197e-02,0.000000e+00,0.000000e+00,204,3.051758e-05,0,0,0
997,15,12946,1.493515e-04,5.207974e-03,1.170147e-02,0.000000e+00,0.000000e+00,226,4.643612e-04,0,0,0
998,17,12963,1.127739e-04,5.320193e-03,1.094433e-02,0.000000e+00,0.000000e+00,221,3.051758e-05,0,0,0
999,11,12974,2.230518e-05,5.086690e-03,1.067453e-02,0.000000e+00,0.000000e+00,240,3.051758e-05,0,0,0
1000,13,12987,2.998393e-05,5.446962e-03,1.462148e-02,0.000000e+00,0.000000e+00,206,3.490588e-04,0,0,0
1001,12,12999,5.406328e-05,5.094476e-03,1.172069e-02,0.000000e+00,0.000000e+00,248,1.370907e-05,0,0,0
1002,16,13015,2.119085e-04,5.349368e-03,1.317690e-02,0.000000e+00,0.000000e+00,206,3.051758e-05,0,0,0
1003,15,13030,1.682714e-04,5.253264e-03,1.085646e-02,0.000000e+00,0.000000e+00,217,2.775975e-04,0,0,0
1004,13,13043,1.071207e-04,5.319987e-03,1.224524e-02,0.000000e+00,0.000000e+00,204,1.484901e-04,0,0,0
1005,12,13055,7.988885e-05,5.287618e-03,1.167599e-02,0.000000e+00,0.000000e+00,219,6.908290e-04,0,0,0
1006,13,13068,3.243797e-05,5.107557e-03,1.176934e-02,0.000000e+00,0.000000e+00,221,7.981434e-07,0,0,0
1007,13,13081,1.622736e-04,4.957065e-03,1.201855e-02,0.000000e+00,0.000000e+00,245,1.303107e-04,0,0,0
HIST {'total_samples': 1098866, 'floor_samples': 9, 'floor_fraction': 8.190261596955406e-06, 'saturation_depth': 4.6566128730773926e-08, 'boundaries': 1008, 'capped_boundaries': 0, 'unfinished_worlds': 0}
1008,12,13093,1.158286e-04,5.153705e-03,1.317580e-02,0.000000e+00,0.000000e+00,235,4.997849e-05,0,0,0
1009,11,13104,6.861053e-05,5.237204e-03,1.249315e-02,0.000000e+00,0.000000e+00,221,3.516674e-05,0,0,0
1010,12,13116,2.768356e-05,5.306013e-03,1.119792e-02,0.000000e+00,0.000000e+00,225,3.553927e-06,0,0,0
1011,13,13129,1.800433e-04,5.195462e-03,1.156953e-02,0.000000e+00,0.000000e+00,245,3.051758e-05,0,0,0
1012,11,13140,1.953542e-04,5.358151e-03,1.193086e-02,0.000000e+00,0.000000e+00,201,3.691763e-05,0,0,0
1013,14,13154,3.296416e-05,5.320149e-03,1.154570e-02,0.000000e+00,0.000000e+00,223,3.039837e-05,0,0,0
1014,14,13168,1.127692e-04,5.270400e-03,1.279882e-02,0.000000e+00,0.000000e+00,218,1.745671e-05,0,0,0
1015,25,13193,1.830049e-06,5.116081e-03,1.154242e-02,0.000000e+00,0.000000e+00,242,3.051758e-05,0,0,0
1016,17,13210,4.175585e-05,5.211361e-03,1.147691e-02,0.000000e+00,0.000000e+00,250,4.489124e-04,0,0,0
1017,15,13225,1.131743e-04,5.052260e-03,1.170629e-02,0.000000e+00,0.000000e+00,260,8.380413e-05,0,0,0
1018,14,13239,5.479902e-05,5.250837e-03,1.153093e-02,0.000000e+00,0.000000e+00,210,2.988577e-04,0,0,0
1019,14,13253,1.218729e-04,5.104659e-03,1.085602e-02,0.000000e+00,0.000000e+00,236,2.789497e-04,0,0,0
1020,16,13269,3.605615e-05,5.416573e-03,1.321951e-02,0.000000e+00,0.000000e+00,217,1.068115e-04,0,0,0
1021,16,13285,9.734649e-05,5.275704e-03,1.060840e-02,0.000000e+00,0.000000e+00,229,2.915859e-04,0,0,0
1022,10,13295,2.009394e-04,5.213971e-03,1.086755e-02,0.000000e+00,0.000000e+00,223,2.292488e-04,0,0,0
1023,16,13311,2.049292e-04,5.189666e-03,1.167785e-02,0.000000e+00,0.000000e+00,225,2.545901e-04,0,0,0
1024,15,13326,3.698783e-05,4.712218e-03,1.127482e-02,0.000000e+00,0.000000e+00,240,9.522960e-05,0,0,0
1025,13,13339,4.569025e-05,4.846232e-03,1.019013e-02,0.000000e+00,0.000000e+00,229,4.634261e-05,0,0,0
1026,13,13352,1.439105e-04,5.068800e-03,1.233098e-02,0.000000e+00,0.000000e+00,208,6.733425e-04,0,0,0
1027,12,13364,4.109646e-05,4.906519e-03,1.197900e-02,0.000000e+00,0.000000e+00,235,3.137589e-04,0,0,0
1028,11,13375,1.500407e-04,5.111020e-03,1.629174e-02,0.000000e+00,0.000000e+00,215,6.103516e-05,0,0,0
1029,12,13387,1.110602e-05,4.863628e-03,1.161244e-02,0.000000e+00,0.000000e+00,231,6.103516e-05,0,0,0
1030,11,13398,4.513723e-05,5.056837e-03,1.317690e-02,0.000000e+00,0.000000e+00,207,3.389046e-04,0,0,0
1031,12,13410,1.579667e-05,5.100388e-03,1.190586e-02,0.000000e+00,0.000000e+00,225,6.103516e-05,0,0,0
1032,12,13422,1.514458e-04,5.079661e-03,1.256833e-02,0.000000e+00,0.000000e+00,214,6.103516e-05,0,0,0
1033,12,13434,6.748192e-06,4.995278e-03,1.150707e-02,0.000000e+00,0.000000e+00,240,8.615479e-05,0,0,0
1034,16,13450,6.011687e-06,5.150838e-03,1.251246e-02,0.000000e+00,0.000000e+00,219,2.075210e-04,0,0,0
1035,11,13461,4.243659e-05,4.719601e-03,1.189835e-02,0.000000e+00,0.000000e+00,222,9.347498e-05,0,0,0
1036,19,13480,1.055188e-05,5.128819e-03,1.207747e-02,0.000000e+00,0.000000e+00,209,2.712011e-06,0,0,0
1037,13,13493,1.595749e-04,4.949979e-03,1.158429e-02,0.000000e+00,0.000000e+00,230,1.328513e-04,0,0,0
1038,14,13507,1.855838e-05,5.218724e-03,1.258056e-02,0.000000e+00,0.000000e+00,202,6.103516e-05,0,0,0
1039,14,13521,1.690350e-05,5.063627e-03,1.068204e-02,0.000000e+00,0.000000e+00,216,4.658103e-05,0,0,0
1040,12,13533,3.216333e-05,5.128551e-03,1.565919e-02,0.000000e+00,0.000000e+00,214,6.103516e-05,0,0,0
1041,12,13545,3.661495e-05,4.997288e-03,1.021083e-02,0.000000e+00,0.000000e+00,226,6.103516e-05,0,0,0
1042,12,13557,1.915079e-04,5.450518e-03,1.821472e-02,0.000000e+00,0.000000e+00,200,2.411306e-04,0,0,0
1043,10,13567,3.243475e-05,4.993776e-03,1.261712e-02,0.000000e+00,0.000000e+00,245,4.864931e-04,0,0,0
1044,10,13577,1.312657e-04,5.223549e-03,1.821454e-02,0.000000e+00,0.000000e+00,209,1.070872e-04,0,0,0
1045,19,13596,1.020812e-04,4.976899e-03,1.203524e-02,0.000000e+00,0.000000e+00,225,6.103516e-05,0,0,0
1046,14,13610,3.174602e-05,5.151357e-03,1.130667e-02,0.000000e+00,0.000000e+00,211,6.991029e-04,0,0,0
1047,16,13626,6.480164e-06,5.013582e-03,1.000000e-02,0.000000e+00,0.000000e+00,231,3.053294e-04,0,0,0
1048,11,13637,5.753435e-05,5.080153e-03,1.205884e-02,0.000000e+00,0.000000e+00,224,2.150498e-04,0,0,0
1049,13,13650,4.551382e-05,4.824102e-03,1.037503e-02,0.000000e+00,0.000000e+00,231,6.103516e-05,0,0,0
1050,16,13666,2.348796e-05,5.113340e-03,1.128446e-02,0.000000e+00,0.000000e+00,217,6.103516e-05,0,0,0
1051,11,13677,3.565103e-05,5.106638e-03,1.152760e-02,0.000000e+00,0.000000e+00,227,1.150370e-05,0,0,0
1052,16,13693,3.638677e-05,4.911168e-03,1.175130e-02,0.000000e+00,0.000000e+00,239,1.289137e-04,0,0,0
1053,14,13707,2.382393e-05,4.833700e-03,1.249090e-02,0.000000e+00,0.000000e+00,236,6.103516e-05,0,0,0
1054,14,13721,6.035902e-05,5.078092e-03,1.367670e-02,0.000000e+00,0.000000e+00,219,1.518130e-04,0,0,0
1055,22,13743,1.066225e-04,4.820353e-03,1.184317e-02,0.000000e+00,0.000000e+00,241,5.436540e-04,0,0,0
HIST {'total_samples': 1154812, 'floor_samples': 9, 'floor_fraction': 7.793476340737712e-06, 'saturation_depth': 4.6566128730773926e-08, 'boundaries': 1056, 'capped_boundaries': 0, 'unfinished_worlds': 0}
1056,12,13755,5.557334e-06,4.911097e-03,1.280031e-02,0.000000e+00,0.000000e+00,200,5.606562e-06,0,0,0
1057,11,13766,1.087853e-04,5.059489e-03,1.196958e-02,0.000000e+00,0.000000e+00,214,2.080202e-05,0,0,0
1058,14,13780,1.014434e-05,5.201125e-03,1.069535e-02,0.000000e+00,0.000000e+00,219,6.103516e-05,0,0,0
1059,11,13791,1.069065e-04,4.899783e-03,1.125513e-02,0.000000e+00,0.000000e+00,239,6.103516e-05,0,0,0
1060,11,13802,4.688371e-04,5.431584e-03,1.173014e-02,0.000000e+00,0.000000e+00,198,1.448393e-05,0,0,0
1061,15,13817,2.831221e-05,4.829193e-03,1.097193e-02,0.000000e+00,0.000000e+00,240,1.070797e-04,0,0,0
1062,13,13830,6.877817e-06,4.742861e-03,1.138918e-02,0.000000e+00,0.000000e+00,240,6.103516e-05,0,0,0
1063,12,13842,1.440564e-05,4.692236e-03,1.027213e-02,0.000000e+00,0.000000e+00,215,6.103516e-05,0,0,0
1064,10,13852,1.061894e-04,4.882903e-03,1.062689e-02,0.000000e+00,0.000000e+00,208,2.628714e-04,0,0,0
1065,14,13866,1.837965e-05,5.000721e-03,1.066484e-02,0.000000e+00,0.000000e+00,228,1.935959e-04,0,0,0
1066,13,13879,1.211282e-04,4.974509e-03,1.152920e-02,0.000000e+00,0.000000e+00,214,6.407499e-06,0,0,0
1067,10,13889,4.373263e-05,4.785497e-03,1.109232e-02,0.000000e+00,0.000000e+00,228,6.581098e-04,0,0,0
1068,14,13903,4.694797e-05,5.050484e-03,1.356635e-02,0.000000e+00,0.000000e+00,215,6.103516e-05,0,0,0
1069,12,13915,3.997236e-05,4.826855e-03,1.233228e-02,0.000000e+00,0.000000e+00,230,7.849932e-05,0,0,0
1070,21,13936,2.444256e-05,4.830558e-03,1.089000e-02,0.000000e+00,0.000000e+00,223,1.966953e-05,0,0,0
1071,14,13950,5.553941e-06,5.005128e-03,1.212429e-02,0.000000e+00,0.000000e+00,257,3.464520e-06,0,0,0
1072,16,13966,1.709443e-05,4.853812e-03,1.163166e-02,0.000000e+00,0.000000e+00,220,1.823902e-05,0,0,0
1073,14,13980,4.726462e-05,5.015826e-03,1.089000e-02,0.000000e+00,0.000000e+00,234,1.916587e-04,0,0,0
1074,15,13995,9.825421e-06,4.822121e-03,1.158376e-02,0.000000e+00,0.000000e+00,214,8.387119e-05,0,0,0
1075,20,14015,2.429821e-05,5.155162e-03,1.215813e-02,0.000000e+00,0.000000e+00,216,6.103516e-05,0,0,0
1076,14,14029,5.671331e-04,4.951335e-03,1.094451e-02,0.000000e+00,0.000000e+00,222,1.364872e-04,0,0,0
1077,12,14041,3.494539e-05,4.827626e-03,1.106623e-02,0.000000e+00,0.000000e+00,244,3.714971e-04,0,0,0
1078,15,14056,3.585125e-05,5.058585e-03,1.089000e-02,0.000000e+00,0.000000e+00,220,6.103516e-05,0,0,0
1079,14,14070,1.311488e-04,4.876150e-03,1.304459e-02,0.000000e+00,0.000000e+00,231,2.464056e-04,0,0,0
1080,14,14084,2.230518e-05,4.893665e-03,1.278879e-02,0.000000e+00,0.000000e+00,241,6.979331e-05,0,0,0
1081,14,14098,1.423940e-05,4.771675e-03,1.089000e-02,0.000000e+00,0.000000e+00,228,1.626359e-04,0,0,0
1082,12,14110,9.168871e-05,5.133429e-03,1.181518e-02,0.000000e+00,0.000000e+00,235,6.103516e-05,0,0,0
1083,13,14123,5.669892e-05,4.868319e-03,1.108828e-02,0.000000e+00,0.000000e+00,259,3.239103e-04,0,0,0
1084,14,14137,1.919621e-05,5.069554e-03,1.283821e-02,0.000000e+00,0.000000e+00,207,1.907349e-06,0,0,0
1085,13,14150,8.199952e-05,4.983974e-03,1.194773e-02,0.000000e+00,0.000000e+00,238,6.103516e-05,0,0,0
1086,12,14162,2.766959e-05,5.041890e-03,1.262730e-02,0.000000e+00,0.000000e+00,221,2.535880e-04,0,0,0
1087,12,14174,4.370887e-05,5.028243e-03,1.211033e-02,0.000000e+00,0.000000e+00,233,3.020763e-04,0,0,0
1088,16,14190,5.718151e-05,5.007950e-03,1.342636e-02,0.000000e+00,0.000000e+00,213,5.310401e-05,0,0,0
1089,11,14201,5.263861e-05,4.911970e-03,1.089000e-02,0.000000e+00,0.000000e+00,228,1.564026e-04,0,0,0
1090,11,14212,1.028506e-04,5.111870e-03,1.294781e-02,0.000000e+00,0.000000e+00,228,6.103516e-05,0,0,0
1091,10,14222,2.372079e-05,5.020079e-03,1.089000e-02,0.000000e+00,0.000000e+00,224,1.000762e-04,0,0,0
1092,12,14234,3.473164e-05,4.801703e-03,1.317690e-02,0.000000e+00,0.000000e+00,230,2.200870e-04,0,0,0
1093,14,14248,2.318993e-05,4.976717e-03,1.100143e-02,0.000000e+00,0.000000e+00,212,2.088174e-04,0,0,0
1094,13,14261,5.554408e-05,4.749088e-03,1.125817e-02,0.000000e+00,0.000000e+00,221,7.842854e-05,0,0,0
1095,13,14274,1.229026e-04,5.169868e-03,1.446912e-02,0.000000e+00,0.000000e+00,214,1.498312e-04,0,0,0
1096,11,14285,3.259629e-07,5.090173e-03,1.196829e-02,0.000000e+00,0.000000e+00,220,3.173947e-06,0,1,0
1097,10,14295,9.311079e-05,4.928899e-03,1.187428e-02,0.000000e+00,0.000000e+00,230,5.092882e-04,0,0,0
1098,13,14308,9.268331e-05,5.155944e-03,1.306179e-02,0.000000e+00,0.000000e+00,202,1.120027e-04,0,0,0
1099,12,14320,7.959406e-05,5.072218e-03,1.361783e-02,0.000000e+00,0.000000e+00,226,1.768725e-04,0,0,0
1100,14,14334,2.204681e-04,5.429482e-03,1.317690e-02,0.000000e+00,0.000000e+00,215,1.405180e-05,0,0,0
1101,12,14346,6.395345e-06,4.920417e-03,1.197900e-02,0.000000e+00,0.000000e+00,224,6.103516e-05,0,0,0
1102,11,14357,1.581160e-04,5.189959e-03,1.282271e-02,0.000000e+00,0.000000e+00,203,3.383905e-04,0,0,0
1103,13,14370,3.530502e-05,5.087296e-03,1.089000e-02,0.000000e+00,0.000000e+00,231,6.103516e-05,0,0,0
HIST {'total_samples': 1211466, 'floor_samples': 10, 'floor_fraction': 8.254461949406752e-06, 'saturation_depth': 4.6566128730773926e-08, 'boundaries': 1104, 'capped_boundaries': 0, 'unfinished_worlds': 0}
1104,14,14384,6.391952e-06,5.139096e-03,1.217118e-02,0.000000e+00,0.000000e+00,229,6.103516e-05,0,0,0
1105,14,14398,1.035130e-04,5.147290e-03,1.197457e-02,0.000000e+00,0.000000e+00,232,1.018979e-04,0,0,0
1106,9,14407,4.647737e-05,5.015999e-03,1.157522e-02,0.000000e+00,0.000000e+00,212,3.318191e-04,0,0,0
1107,13,14420,4.392583e-05,5.133076e-03,1.258483e-02,0.000000e+00,0.000000e+00,224,4.784334e-04,0,0,0
1108,14,14434,2.271030e-05,5.088017e-03,1.252163e-02,0.000000e+00,0.000000e+00,212,8.205324e-05,0,0,0
1109,13,14447,2.310467e-05,4.926272e-03,1.064653e-02,0.000000e+00,0.000000e+00,230,2.934262e-04,0,0,0
1110,15,14462,4.006084e-05,5.023604e-03,1.265075e-02,0.000000e+00,0.000000e+00,212,9.462237e-07,0,0,0
1111,15,14477,1.799734e-04,5.149876e-03,1.116839e-02,0.000000e+00,0.000000e+00,226,2.875887e-04,0,0,0
1112,10,14487,8.254915e-05,5.198131e-03,1.097812e-02,0.000000e+00,0.000000e+00,225,4.129112e-05,0,0,0
1113,12,14499,4.207018e-05,5.024304e-03,1.353153e-02,0.000000e+00,0.000000e+00,233,5.165897e-04,0,0,0
1114,10,14509,9.986572e-05,5.168839e-03,1.146028e-02,0.000000e+00,0.000000e+00,201,3.542844e-04,0,0,0
1115,14,14523,1.872801e-05,5.109441e-03,1.197900e-02,0.000000e+00,0.000000e+00,228,1.457185e-04,0,0,0
1116,12,14535,2.596476e-05,5.091545e-03,1.159516e-02,0.000000e+00,0.000000e+00,220,7.329881e-05,0,0,0
1117,12,14547,9.054247e-05,4.991943e-03,1.397726e-02,0.000000e+00,0.000000e+00,228,6.103516e-05,0,0,0
1118,16,14563,1.346924e-06,5.103008e-03,1.103586e-02,0.000000e+00,0.000000e+00,208,9.721518e-05,0,0,0
1119,13,14576,1.551982e-04,5.314320e-03,1.128881e-02,0.000000e+00,0.000000e+00,215,6.191283e-04,0,0,0
1120,15,14591,6.709515e-05,5.094311e-03,1.147043e-02,0.000000e+00,0.000000e+00,210,5.590320e-04,0,0,0
1121,15,14606,2.650078e-04,4.852444e-03,1.000000e-02,0.000000e+00,0.000000e+00,240,1.126975e-04,0,0,0
1122,13,14619,1.421565e-06,5.017082e-03,1.143103e-02,0.000000e+00,0.000000e+00,227,4.768372e-07,0,0,0
1123,14,14633,8.418225e-05,4.968018e-03,1.306240e-02,0.000000e+00,0.000000e+00,222,2.914667e-05,0,0,0
1124,12,14645,6.707479e-05,5.142709e-03,1.588118e-02,0.000000e+00,0.000000e+00,208,6.103516e-05,0,0,0
1125,16,14661,2.364751e-06,5.092586e-03,1.089000e-02,0.000000e+00,0.000000e+00,223,2.665818e-04,0,0,0
1126,11,14672,5.510514e-05,5.256863e-03,1.144515e-02,0.000000e+00,0.000000e+00,196,6.103516e-05,0,0,0
1127,11,14683,8.102506e-07,5.150157e-03,1.197900e-02,0.000000e+00,0.000000e+00,228,6.103516e-05,0,1,0
1128,11,14694,6.720032e-05,5.282359e-03,1.102413e-02,0.000000e+00,0.000000e+00,227,7.929653e-05,0,0,0
1129,19,14713,1.616105e-04,4.899329e-03,1.277421e-02,0.000000e+00,0.000000e+00,232,4.785378e-04,0,0,0
1130,13,14726,2.233451e-05,4.933278e-03,1.317690e-02,0.000000e+00,0.000000e+00,198,6.541610e-06,0,0,0
1131,13,14739,1.145527e-06,5.055121e-03,1.103968e-02,0.000000e+00,0.000000e+00,222,8.604303e-05,0,0,0
1132,11,14750,2.267770e-05,5.055418e-03,1.158841e-02,0.000000e+00,0.000000e+00,189,7.769465e-05,0,0,0
1133,9,14759,6.149031e-05,5.066411e-03,1.394764e-02,0.000000e+00,0.000000e+00,206,5.328851e-04,0,0,0
1134,12,14771,3.814697e-05,5.289389e-03,1.259155e-02,0.000000e+00,0.000000e+00,228,4.290938e-04,0,0,0
1135,11,14782,1.863878e-04,5.309098e-03,1.089000e-02,0.000000e+00,0.000000e+00,226,1.370907e-06,0,0,0
1136,11,14793,5.292021e-05,5.129538e-03,1.078653e-02,0.000000e+00,0.000000e+00,208,1.800060e-05,0,0,0
1137,10,14803,7.423350e-05,5.239071e-03,1.126306e-02,0.000000e+00,0.000000e+00,222,6.103516e-05,0,0,0
1138,13,14816,8.858740e-05,5.154663e-03,1.138963e-02,0.000000e+00,0.000000e+00,226,6.103516e-05,0,0,0
1139,13,14829,6.617231e-05,4.868379e-03,1.086576e-02,0.000000e+00,0.000000e+00,229,4.802644e-05,0,0,0
1140,14,14843,5.850468e-05,5.109917e-03,1.228550e-02,0.000000e+00,0.000000e+00,218,6.103516e-05,0,0,0
1141,11,14854,2.503721e-04,4.995487e-03,1.040179e-02,0.000000e+00,0.000000e+00,236,2.026856e-04,0,0,0
1142,10,14864,1.087718e-05,5.177664e-03,1.141358e-02,0.000000e+00,0.000000e+00,215,2.122670e-04,0,0,0
1143,12,14876,6.134103e-06,4.955771e-03,1.024890e-02,0.000000e+00,0.000000e+00,234,3.412962e-04,0,0,0
1144,13,14889,2.077792e-04,5.183804e-03,1.156731e-02,0.000000e+00,0.000000e+00,214,4.590452e-04,0,0,0
1145,13,14902,1.463974e-05,5.078123e-03,1.054961e-02,0.000000e+00,0.000000e+00,214,9.439513e-05,0,0,0
1146,12,14914,9.300562e-05,5.133430e-03,1.196750e-02,0.000000e+00,0.000000e+00,213,6.103516e-05,0,0,0
1147,12,14926,1.435679e-04,5.139792e-03,1.476925e-02,0.000000e+00,0.000000e+00,223,2.694614e-04,0,0,0
1148,17,14943,2.675690e-05,5.089249e-03,1.821472e-02,0.000000e+00,0.000000e+00,217,4.629046e-05,0,0,0
1149,12,14955,6.525777e-05,5.196061e-03,1.821472e-02,0.000000e+00,0.000000e+00,211,2.941340e-04,0,0,0
1150,13,14968,1.210719e-06,5.082086e-03,1.393418e-02,0.000000e+00,0.000000e+00,224,6.103516e-05,0,0,0
1151,10,14978,6.511807e-05,5.298452e-03,1.180074e-02,0.000000e+00,0.000000e+00,219,4.867911e-04,0,0,0
HIST {'total_samples': 1266419, 'floor_samples': 11, 'floor_fraction': 8.685908850072528e-06, 'saturation_depth': 4.6566128730773926e-08, 'boundaries': 1152, 'capped_boundaries': 0, 'unfinished_worlds': 0}
1152,15,14993,3.736103e-05,5.077281e-03,1.089000e-02,0.000000e+00,0.000000e+00,224,7.951260e-05,0,0,0
1153,11,15004,1.322428e-04,4.988021e-03,1.223710e-02,0.000000e+00,0.000000e+00,230,2.707615e-04,0,0,0
1154,10,15014,3.811422e-05,4.790706e-03,1.000000e-02,0.000000e+00,0.000000e+00,216,9.426475e-05,0,0,0
1155,10,15024,6.347846e-06,4.958926e-03,1.276603e-02,0.000000e+00,0.000000e+00,215,2.704561e-06,0,0,0
1156,10,15034,5.930538e-06,5.004827e-03,1.209479e-02,0.000000e+00,0.000000e+00,202,3.951788e-05,0,0,0
1157,13,15047,2.176501e-05,4.951051e-03,1.299643e-02,0.000000e+00,0.000000e+00,233,4.172325e-06,0,0,0
1158,10,15057,6.573275e-05,5.195623e-03,1.144286e-02,0.000000e+00,0.000000e+00,196,6.103516e-05,0,0,0
1159,13,15070,4.898757e-06,5.194165e-03,1.287265e-02,0.000000e+00,0.000000e+00,212,2.607791e-04,0,0,0
1160,22,15092,3.776816e-05,5.185271e-03,1.339612e-02,0.000000e+00,0.000000e+00,214,1.263469e-04,0,0,0
1161,15,15107,1.422447e-04,5.075230e-03,1.089000e-02,0.000000e+00,0.000000e+00,234,5.215406e-07,0,0,0
1162,11,15118,3.197696e-05,4.822804e-03,1.358725e-02,0.000000e+00,0.000000e+00,237,2.290756e-04,0,0,0
1163,17,15135,2.292264e-04,4.901607e-03,1.290399e-02,0.000000e+00,0.000000e+00,215,8.198619e-05,0,0,0
1164,15,15150,5.160382e-06,5.008393e-03,1.093337e-02,0.000000e+00,0.000000e+00,211,3.038943e-04,0,0,0
1165,15,15165,6.705523e-07,4.898735e-03,1.293755e-02,0.000000e+00,0.000000e+00,225,3.421330e-05,0,1,0
1166,11,15176,3.701497e-05,4.921233e-03,1.142188e-02,0.000000e+00,0.000000e+00,215,1.939833e-04,0,0,0
1167,12,15188,2.988339e-05,4.948151e-03,1.011436e-02,0.000000e+00,0.000000e+00,212,6.103516e-05,0,0,0
1168,16,15204,6.418675e-05,5.206357e-03,1.254882e-02,0.000000e+00,0.000000e+00,203,4.729629e-04,0,0,0
1169,10,15214,5.182096e-05,5.095837e-03,1.085006e-02,0.000000e+00,0.000000e+00,224,3.245175e-04,0,0,0
1170,10,15224,6.832182e-05,5.402618e-03,1.586051e-02,0.000000e+00,0.000000e+00,208,7.634610e-05,0,0,0
1171,15,15239,6.350900e-05,5.151207e-03,1.243058e-02,0.000000e+00,0.000000e+00,237,8.954108e-04,0,0,0
1172,13,15252,2.490622e-05,5.048090e-03,1.261112e-02,0.000000e+00,0.000000e+00,220,6.103516e-05,0,0,0
1173,11,15263,1.526740e-06,4.915438e-03,1.124345e-02,0.000000e+00,0.000000e+00,218,1.209974e-05,0,0,0
1174,11,15274,6.895978e-05,5.383425e-03,1.428402e-02,0.000000e+00,0.000000e+00,213,2.537891e-04,0,0,0
1175,12,15286,3.733672e-05,5.156065e-03,1.009713e-02,0.000000e+00,0.000000e+00,227,6.103516e-05,0,0,0
1176,10,15296,1.864693e-04,5.291060e-03,1.264646e-02,0.000000e+00,0.000000e+00,221,4.100800e-05,0,0,0
1177,11,15307,5.360554e-06,4.941824e-03,1.235644e-02,0.000000e+00,0.000000e+00,214,1.907349e-06,0,0,0
1178,13,15320,5.551567e-05,5.194184e-03,1.244650e-02,0.000000e+00,0.000000e+00,215,4.813219e-04,0,0,0
1179,16,15336,2.882825e-05,4.971436e-03,1.405448e-02,0.000000e+00,0.000000e+00,234,6.103516e-05,0,0,0
1180,11,15347,5.171634e-04,5.090762e-03,1.224184e-02,0.000000e+00,0.000000e+00,208,2.688169e-04,0,0,0
1181,13,15360,2.659106e-04,4.924626e-03,1.049896e-02,0.000000e+00,0.000000e+00,238,1.824200e-04,0,0,0
1182,11,15371,2.006628e-04,5.147257e-03,1.682779e-02,0.000000e+00,0.000000e+00,222,1.493692e-04,0,0,0
1183,14,15385,2.725050e-05,4.839593e-03,1.285311e-02,0.000000e+00,0.000000e+00,247,3.943685e-04,0,0,0
1184,12,15397,1.541634e-04,5.015572e-03,1.821472e-02,0.000000e+00,0.000000e+00,200,2.544411e-04,0,0,0
1185,14,15411,3.779307e-05,5.008018e-03,1.178670e-02,0.000000e+00,0.000000e+00,232,9.268522e-06,0,0,0
1186,13,15424,5.715992e-05,4.976899e-03,1.203909e-02,0.000000e+00,0.000000e+00,231,3.359467e-05,0,0,0
1187,12,15436,1.705233e-04,4.941037e-03,1.017298e-02,0.000000e+00,0.000000e+00,234,9.936094e-05,0,0,0
1188,11,15447,1.162011e-04,5.069156e-03,1.291877e-02,0.000000e+00,0.000000e+00,227,4.716516e-04,0,0,0
1189,13,15460,1.546690e-04,4.972864e-03,1.236661e-02,0.000000e+00,0.000000e+00,242,3.896952e-04,0,0,0
1190,11,15471,1.093652e-04,5.208173e-03,1.270164e-02,0.000000e+00,0.000000e+00,217,6.517172e-04,0,0,0
1191,13,15484,1.492813e-06,4.980890e-03,1.060404e-02,0.000000e+00,0.000000e+00,244,1.188964e-04,0,0,0
1192,12,15496,1.311639e-05,5.230919e-03,1.446249e-02,0.000000e+00,0.000000e+00,214,4.876144e-04,0,0,0
1193,10,15506,5.533585e-05,5.153571e-03,1.237205e-02,0.000000e+00,0.000000e+00,223,8.886121e-05,0,0,0
1194,11,15517,2.558138e-06,5.115249e-03,1.355422e-02,0.000000e+00,0.000000e+00,219,6.103516e-05,0,0,0
1195,11,15528,3.510383e-04,5.098019e-03,1.271021e-02,0.000000e+00,0.000000e+00,233,3.901049e-04,0,0,0
1196,13,15541,9.764351e-06,4.879227e-03,1.213846e-02,0.000000e+00,0.000000e+00,218,2.123248e-04,0,0,0
1197,13,15554,1.138449e-04,5.181137e-03,1.343141e-02,0.000000e+00,0.000000e+00,219,4.023081e-04,0,0,0
1198,14,15568,1.417188e-04,5.282623e-03,1.238531e-02,0.000000e+00,0.000000e+00,236,6.103516e-05,0,0,0
1199,12,15580,3.141692e-05,4.882956e-03,1.089000e-02,0.000000e+00,0.000000e+00,238,3.924295e-04,0,0,0
HIST {'total_samples': 1322006, 'floor_samples': 12, 'floor_fraction': 9.077114627316366e-06, 'saturation_depth': 4.6566128730773926e-08, 'boundaries': 1200, 'capped_boundaries': 0, 'unfinished_worlds': 0}
1200,10,15590,9.261545e-05,5.062921e-03,1.186075e-02,0.000000e+00,0.000000e+00,228,6.629527e-04,0,0,0
1201,12,15602,5.849111e-06,4.933986e-03,1.354278e-02,0.000000e+00,0.000000e+00,227,2.178494e-04,0,0,0
1202,13,15615,1.529454e-04,5.271739e-03,1.155477e-02,0.000000e+00,0.000000e+00,214,2.815425e-04,0,0,0
1203,13,15628,4.767906e-05,5.273814e-03,1.246943e-02,0.000000e+00,0.000000e+00,235,6.103516e-05,0,0,0
1204,13,15641,3.558118e-05,5.271509e-03,1.676026e-02,0.000000e+00,0.000000e+00,236,5.460605e-04,0,0,0
1205,11,15652,8.922949e-06,5.096798e-03,1.226118e-02,0.000000e+00,0.000000e+00,244,7.272512e-05,0,0,0
1206,13,15665,4.045963e-04,5.099386e-03,1.239752e-02,0.000000e+00,0.000000e+00,241,6.536907e-04,0,0,0
1207,11,15676,7.027415e-05,4.802332e-03,1.268712e-02,0.000000e+00,0.000000e+00,242,1.369035e-04,0,0,0
1208,14,15690,2.230364e-04,4.908370e-03,1.137053e-02,0.000000e+00,0.000000e+00,230,6.103516e-05,0,0,0
1209,13,15703,9.589625e-05,4.724749e-03,1.012609e-02,0.000000e+00,0.000000e+00,233,1.400327e-04,0,0,0
1210,14,15717,1.169648e-04,5.002717e-03,1.266617e-02,0.000000e+00,0.000000e+00,194,6.653368e-05,0,0,0
1211,14,15731,1.084618e-04,4.689200e-03,1.178206e-02,0.000000e+00,0.000000e+00,265,3.856886e-05,0,0,0
1212,12,15743,1.728575e-04,4.803387e-03,1.024109e-02,0.000000e+00,0.000000e+00,218,3.843382e-04,0,0,0
1213,12,15755,1.483597e-05,4.852444e-03,1.126520e-02,0.000000e+00,0.000000e+00,222,2.480112e-05,0,0,0
1214,13,15768,4.520640e-05,4.856957e-03,1.116649e-02,0.000000e+00,0.000000e+00,222,7.999688e-05,0,0,0
1215,12,15780,3.148336e-05,4.912241e-03,1.085867e-02,0.000000e+00,0.000000e+00,246,6.103516e-05,0,0,0
1216,14,15794,2.659857e-05,4.994763e-03,1.279028e-02,0.000000e+00,0.000000e+00,219,1.332834e-04,0,0,0
1217,19,15813,8.329556e-05,4.823750e-03,1.345920e-02,0.000000e+00,0.000000e+00,260,4.012138e-05,0,0,0
1218,11,15824,1.385466e-04,5.069661e-03,1.154064e-02,0.000000e+00,0.000000e+00,219,1.248866e-04,0,0,0
1219,11,15835,1.233397e-04,4.923868e-03,1.231695e-02,0.000000e+00,0.000000e+00,249,6.103516e-05,0,0,0
1220,12,15847,2.898369e-04,4.985013e-03,1.334986e-02,0.000000e+00,0.000000e+00,228,3.711656e-04,0,0,0
1221,15,15862,2.171364e-06,4.605846e-03,1.089000e-02,0.000000e+00,0.000000e+00,248,1.842380e-04,0,0,0
1222,18,15880,1.110788e-04,4.830702e-03,1.177592e-02,0.000000e+00,0.000000e+00,205,2.741814e-05,0,0,0
1223,12,15892,7.171607e-05,4.847348e-03,1.069530e-02,0.000000e+00,0.000000e+00,225,6.140913e-04,0,0,0
1224,11,15903,4.088506e-06,4.856382e-03,1.303417e-02,0.000000e+00,0.000000e+00,225,6.391704e-04,0,0,0
1225,14,15917,1.362531e-05,4.631437e-03,1.041491e-02,0.000000e+00,0.000000e+00,233,5.123415e-05,0,0,0
1226,14,15931,3.838564e-05,4.840342e-03,1.142302e-02,0.000000e+00,0.000000e+00,234,4.638731e-05,0,0,0
1227,15,15946,1.157337e-04,5.080001e-03,1.294699e-02,0.000000e+00,0.000000e+00,227,6.103516e-05,0,0,0
1228,12,15958,5.941838e-06,4.954129e-03,1.110818e-02,0.000000e+00,0.000000e+00,231,1.223758e-04,0,0,0
1229,13,15971,1.579057e-04,4.755578e-03,1.230859e-02,0.000000e+00,0.000000e+00,233,2.681408e-04,0,0,0
1230,11,15982,1.660415e-05,5.016818e-03,1.249300e-02,0.000000e+00,0.000000e+00,226,1.209974e-04,0,0,0
1231,13,15995,2.974831e-04,4.777684e-03,1.197900e-02,0.000000e+00,0.000000e+00,253,2.260506e-04,0,0,0
1232,10,16005,4.852191e-06,4.931672e-03,1.558446e-02,0.000000e+00,0.000000e+00,210,3.691092e-04,0,0,0
1233,12,16017,3.960915e-05,4.990066e-03,1.112471e-02,0.000000e+00,0.000000e+00,227,7.148832e-06,0,0,0
1234,11,16028,7.101378e-05,5.089307e-03,1.214183e-02,0.000000e+00,0.000000e+00,233,4.429836e-04,0,0,0
1235,12,16040,7.444046e-05,4.969819e-03,1.031870e-02,0.000000e+00,0.000000e+00,240,1.218151e-04,0,0,0
1236,10,16050,1.808169e-04,5.097535e-03,1.183556e-02,0.000000e+00,0.000000e+00,223,8.483231e-05,0,0,0
1237,10,16060,2.075620e-04,4.870546e-03,1.089000e-02,0.000000e+00,0.000000e+00,240,6.103516e-05,0,0,0
1238,12,16072,7.453375e-05,4.858715e-03,1.374316e-02,0.000000e+00,0.000000e+00,224,3.604293e-04,0,0,0
1239,14,16086,2.476712e-06,4.969488e-03,1.228160e-02,0.000000e+00,0.000000e+00,217,5.133897e-04,0,0,0
1240,24,16110,8.146279e-05,5.056937e-03,1.138061e-02,0.000000e+00,0.000000e+00,221,5.790591e-05,0,0,0
1241,12,16122,4.064623e-04,5.089680e-03,1.066017e-02,0.000000e+00,0.000000e+00,223,5.927235e-04,0,0,0
1242,10,16132,5.956739e-05,4.982558e-03,1.244677e-02,0.000000e+00,0.000000e+00,219,4.309565e-04,0,0,0
1243,15,16147,9.266634e-05,4.761950e-03,1.112635e-02,0.000000e+00,0.000000e+00,235,3.571995e-05,0,0,0
1244,13,16160,2.472196e-05,4.714991e-03,1.471591e-02,0.000000e+00,0.000000e+00,215,1.661479e-06,0,0,0
1245,11,16171,1.300104e-05,4.674240e-03,1.135883e-02,0.000000e+00,0.000000e+00,216,8.094311e-05,0,0,0
1246,12,16183,1.186820e-04,4.935138e-03,1.408928e-02,0.000000e+00,0.000000e+00,197,8.329004e-05,0,0,0
1247,22,16205,9.433366e-05,4.783524e-03,1.189954e-02,0.000000e+00,0.000000e+00,239,1.086388e-05,0,0,0
HIST {'total_samples': 1379300, 'floor_samples': 12, 'floor_fraction': 8.700065250489378e-06, 'saturation_depth': 4.6566128730773926e-08, 'boundaries': 1248, 'capped_boundaries': 0, 'unfinished_worlds': 0}
1248,14,16219,2.137436e-06,4.969056e-03,1.281325e-02,0.000000e+00,0.000000e+00,218,2.685934e-05,0,0,0
1249,11,16230,8.831344e-05,4.861475e-03,1.124515e-02,0.000000e+00,0.000000e+00,224,2.453978e-04,0,0,0
1250,11,16241,3.356114e-05,5.163276e-03,1.304647e-02,0.000000e+00,0.000000e+00,211,3.526360e-05,0,0,0
1251,12,16253,4.946638e-06,4.927663e-03,1.273745e-02,0.000000e+00,0.000000e+00,238,4.164875e-05,0,0,0
1252,14,16267,8.941947e-05,5.246261e-03,1.258075e-02,0.000000e+00,0.000000e+00,216,6.103516e-05,0,0,0
1253,11,16278,8.473069e-05,4.957084e-03,1.211765e-02,0.000000e+00,0.000000e+00,246,2.759099e-04,0,0,0
1254,14,16292,2.326752e-05,4.971457e-03,1.357292e-02,0.000000e+00,0.000000e+00,207,4.346333e-04,0,0,0
1255,15,16307,1.661093e-05,4.804804e-03,1.206840e-02,0.000000e+00,0.000000e+00,223,3.312714e-04,0,0,0
1256,13,16320,3.439374e-05,4.964333e-03,2.103255e-02,0.000000e+00,0.000000e+00,203,1.526922e-04,0,0,0
1257,15,16335,9.857313e-05,4.923824e-03,1.287661e-02,0.000000e+00,0.000000e+00,223,1.036823e-04,0,0,0
1258,11,16346,1.529522e-04,5.022655e-03,1.378828e-02,0.000000e+00,0.000000e+00,205,6.103516e-05,0,0,0
1259,12,16358,4.135770e-05,4.863718e-03,1.129253e-02,0.000000e+00,0.000000e+00,228,6.103516e-05,0,0,0
1260,18,16376,1.957756e-04,5.024340e-03,1.738752e-02,0.000000e+00,0.000000e+00,206,2.596453e-04,0,0,0
1261,13,16389,1.523008e-04,4.926503e-03,1.092539e-02,0.000000e+00,0.000000e+00,216,4.569739e-04,0,0,0
1262,14,16403,1.014468e-04,4.985109e-03,1.663329e-02,0.000000e+00,0.000000e+00,207,6.103516e-05,0,0,0
1263,10,16413,3.344579e-05,4.891419e-03,1.116250e-02,0.000000e+00,0.000000e+00,209,2.702475e-04,0,0,0
1264,12,16425,1.100610e-04,4.975535e-03,1.564860e-02,0.000000e+00,0.000000e+00,216,6.103516e-05,0,0,0
1265,12,16437,1.850070e-04,4.892101e-03,1.411992e-02,0.000000e+00,0.000000e+00,235,6.000698e-05,0,0,0
1266,10,16447,8.822419e-05,4.936027e-03,1.173595e-02,0.000000e+00,0.000000e+00,221,2.398565e-04,0,0,0
1267,19,16466,1.004256e-06,4.887305e-03,1.089000e-02,0.000000e+00,0.000000e+00,240,1.587458e-04,0,0,0
1268,15,16481,1.704114e-04,5.039399e-03,1.460489e-02,0.000000e+00,0.000000e+00,214,1.154803e-04,0,0,0
1269,12,16493,4.056981e-04,4.989636e-03,1.089000e-02,0.000000e+00,0.000000e+00,225,2.627671e-04,0,0,0
1270,12,16505,1.477078e-05,5.047315e-03,1.280362e-02,0.000000e+00,0.000000e+00,225,7.189438e-05,0,0,0
1271,17,16522,1.273641e-05,4.793582e-03,1.000000e-02,0.000000e+00,0.000000e+00,225,3.581534e-04,0,0,0
1272,10,16532,2.075918e-05,5.020289e-03,1.057831e-02,0.000000e+00,0.000000e+00,197,7.920712e-05,0,0,0
1273,12,16544,2.945773e-05,4.951457e-03,1.308595e-02,0.000000e+00,0.000000e+00,243,2.516955e-04,0,0,0
1274,11,16555,1.333082e-04,5.063480e-03,1.374997e-02,0.000000e+00,0.000000e+00,213,1.399517e-04,0,0,0
1275,13,16568,8.720740e-05,4.963111e-03,1.042641e-02,0.000000e+00,0.000000e+00,224,2.664626e-04,0,0,0
1276,12,16580,5.071492e-05,5.307493e-03,1.416546e-02,0.000000e+00,0.000000e+00,199,6.103516e-05,0,0,0
1277,15,16595,1.003509e-04,5.185254e-03,1.629174e-02,0.000000e+00,0.000000e+00,212,1.209415e-04,0,0,0
1278,14,16609,1.852633e-04,5.355706e-03,1.151556e-02,0.000000e+00,0.000000e+00,212,7.583201e-05,0,0,0
1279,12,16621,8.051010e-05,4.952962e-03,1.030961e-02,0.000000e+00,0.000000e+00,249,1.199543e-05,0,0,0
1280,10,16631,2.063811e-05,5.205691e-03,1.373461e-02,0.000000e+00,0.000000e+00,207,6.103516e-05,0,0,0
1281,11,16642,2.061439e-04,5.345336e-03,1.449459e-02,0.000000e+00,0.000000e+00,219,6.188452e-04,0,0,0
1282,16,16658,1.058076e-04,5.078814e-03,1.016413e-02,0.000000e+00,0.000000e+00,225,6.103516e-05,0,0,0
1283,12,16670,7.547186e-05,5.103278e-03,1.223348e-02,0.000000e+00,0.000000e+00,237,4.291534e-06,0,0,0
1284,12,16682,5.937323e-06,5.299539e-03,1.126168e-02,0.000000e+00,0.000000e+00,218,1.547039e-04,0,0,0
1285,14,16696,9.373762e-06,4.990463e-03,1.163752e-02,0.000000e+00,0.000000e+00,229,9.380281e-05,0,0,0
1286,12,16708,4.443831e-05,5.085909e-03,1.272355e-02,0.000000e+00,0.000000e+00,214,2.558678e-04,0,0,0
1287,12,16720,3.914349e-05,4.893715e-03,1.188060e-02,0.000000e+00,0.000000e+00,245,6.103516e-05,0,0,0
1288,12,16732,5.231239e-05,4.990328e-03,1.229053e-02,0.000000e+00,0.000000e+00,225,6.103516e-05,0,0,0
1289,11,16743,5.458266e-05,4.880832e-03,1.056454e-02,0.000000e+00,0.000000e+00,223,6.588940e-04,0,0,0
1290,12,16755,2.904199e-05,5.385259e-03,1.340172e-02,0.000000e+00,0.000000e+00,201,6.103516e-05,0,0,0
1291,15,16770,1.816079e-07,5.068391e-03,1.186364e-02,0.000000e+00,0.000000e+00,210,8.086488e-05,0,1,0
1292,12,16782,3.451947e-05,4.982484e-03,1.174667e-02,0.000000e+00,0.000000e+00,216,1.772866e-04,0,0,0
1293,14,16796,3.973596e-05,4.993128e-03,1.073626e-02,0.000000e+00,0.000000e+00,233,1.177937e-05,0,0,0
1294,12,16808,3.733389e-05,5.369269e-03,1.329232e-02,0.000000e+00,0.000000e+00,220,3.711432e-04,0,0,0
1295,11,16819,2.117080e-06,4.948271e-03,1.046395e-02,0.000000e+00,0.000000e+00,239,4.805005e-04,0,0,0
HIST {'total_samples': 1435438, 'floor_samples': 13, 'floor_fraction': 9.056469175262185e-06, 'saturation_depth': 4.6566128730773926e-08, 'boundaries': 1296, 'capped_boundaries': 0, 'unfinished_worlds': 0}
1296,15,16834,8.308859e-06,5.026923e-03,1.146869e-02,0.000000e+00,0.000000e+00,208,1.293905e-04,0,0,0
1297,12,16846,2.839771e-04,5.135580e-03,1.155119e-02,0.000000e+00,0.000000e+00,235,6.524920e-04,0,0,0
1298,12,16858,1.654138e-04,5.194640e-03,1.171961e-02,0.000000e+00,0.000000e+00,234,1.519918e-06,0,0,0
1299,12,16870,1.346786e-04,4.974847e-03,1.065925e-02,0.000000e+00,0.000000e+00,233,6.103516e-05,0,0,0
1300,15,16885,8.195639e-07,5.326861e-03,1.316190e-02,0.000000e+00,0.000000e+00,215,3.458261e-04,0,1,0
1301,13,16898,4.181638e-06,5.101636e-03,1.202781e-02,0.000000e+00,0.000000e+00,225,6.103516e-05,0,0,0
1302,12,16910,1.263123e-05,5.180901e-03,1.283109e-02,0.000000e+00,0.000000e+00,220,3.647804e-05,0,0,0
1303,12,16922,3.727961e-05,5.075103e-03,1.093444e-02,0.000000e+00,0.000000e+00,218,8.688122e-05,0,0,0
1304,12,16934,5.974643e-06,5.176973e-03,1.310071e-02,0.000000e+00,0.000000e+00,202,1.888424e-04,0,0,0
1305,14,16948,1.540990e-05,4.976810e-03,1.059351e-02,0.000000e+00,0.000000e+00,216,3.553815e-04,0,0,0
1306,11,16959,2.942048e-05,5.162806e-03,1.302037e-02,0.000000e+00,0.000000e+00,208,5.345792e-07,0,0,0
1307,11,16970,9.119976e-05,4.931670e-03,1.432240e-02,0.000000e+00,0.000000e+00,233,6.103516e-05,0,0,0
1308,12,16982,4.001077e-05,4.996505e-03,1.477162e-02,0.000000e+00,0.000000e+00,215,6.103516e-05,0,0,0
1309,11,16993,2.533032e-05,4.977935e-03,1.262275e-02,0.000000e+00,0.000000e+00,224,5.488843e-05,0,0,0
1310,11,17004,1.371081e-04,5.178904e-03,1.314901e-02,0.000000e+00,0.000000e+00,215,1.944024e-04,0,0,0
1311,21,17025,7.767376e-05,5.014031e-03,1.099065e-02,0.000000e+00,0.000000e+00,235,6.103516e-05,0,0,0
1312,26,17051,3.382564e-05,5.066816e-03,1.466197e-02,0.000000e+00,0.000000e+00,219,6.566197e-05,0,0,0
1313,13,17064,1.126870e-04,4.903971e-03,1.304216e-02,0.000000e+00,0.000000e+00,236,7.084683e-04,0,0,0
1314,14,17078,1.515727e-05,5.050322e-03,1.196906e-02,0.000000e+00,0.000000e+00,222,3.607273e-04,0,0,0
1315,15,17093,6.169081e-05,4.938734e-03,1.073844e-02,0.000000e+00,0.000000e+00,218,3.680401e-04,0,0,0
1316,17,17110,4.343406e-05,4.936336e-03,1.605516e-02,0.000000e+00,0.000000e+00,214,8.457899e-05,0,0,0
1317,14,17124,4.083849e-06,4.762188e-03,1.427332e-02,0.000000e+00,0.000000e+00,222,6.103516e-05,0,0,0
1318,12,17136,1.270231e-04,5.039532e-03,1.139088e-02,0.000000e+00,0.000000e+00,202,1.137406e-04,0,0,0
1319,12,17148,1.659804e-04,5.071005e-03,1.209469e-02,0.000000e+00,0.000000e+00,217,6.103516e-05,0,0,0
1320,17,17165,1.556936e-05,4.831919e-03,1.079282e-02,0.000000e+00,0.000000e+00,219,6.103516e-05,0,0,0
1321,12,17177,1.015214e-04,5.096991e-03,1.047568e-02,0.000000e+00,0.000000e+00,208,6.103516e-05,0,0,0
1322,12,17189,2.549868e-04,5.152532e-03,1.131986e-02,0.000000e+00,0.000000e+00,221,1.330376e-04,0,0,0
1323,13,17202,1.558293e-05,5.081679e-03,1.089000e-02,0.000000e+00,0.000000e+00,217,1.118332e-05,0,0,0
1324,13,17215,2.369285e-05,5.334028e-03,1.161826e-02,0.000000e+00,0.000000e+00,196,1.714006e-04,0,0,0
1325,12,17227,1.312653e-04,5.287064e-03,1.417113e-02,0.000000e+00,0.000000e+00,229,4.564216e-04,0,0,0
1326,13,17240,1.512491e-05,5.131443e-03,1.160720e-02,0.000000e+00,0.000000e+00,216,3.300197e-04,0,0,0
1327,12,17252,1.040753e-04,5.187469e-03,1.197900e-02,0.000000e+00,0.000000e+00,205,3.468394e-04,0,0,0
1328,12,17264,3.227964e-05,5.136322e-03,1.259377e-02,0.000000e+00,0.000000e+00,217,3.822353e-04,0,0,0
1329,12,17276,2.711080e-04,5.009250e-03,1.130445e-02,0.000000e+00,0.000000e+00,234,1.126379e-04,0,0,0
1330,12,17288,8.758061e-05,5.312097e-03,1.183531e-02,0.000000e+00,0.000000e+00,186,1.962725e-04,0,0,0
1331,12,17300,1.155573e-05,5.233764e-03,1.285233e-02,0.000000e+00,0.000000e+00,231,6.103516e-05,0,0,0
1332,10,17310,1.298822e-04,5.211155e-03,1.197900e-02,0.000000e+00,0.000000e+00,221,5.844980e-05,0,0,0
1333,13,17323,4.878783e-06,5.072234e-03,1.203372e-02,0.000000e+00,0.000000e+00,216,7.853284e-05,0,0,0
1334,13,17336,6.885268e-05,5.126961e-03,1.078699e-02,0.000000e+00,0.000000e+00,220,1.154691e-04,0,0,0
1335,15,17351,9.028124e-06,4.994051e-03,1.151141e-02,0.000000e+00,0.000000e+00,239,1.645503e-04,0,0,0
1336,10,17361,5.143695e-05,4.859358e-03,1.418818e-02,0.000000e+00,0.000000e+00,220,6.103516e-05,0,0,0
1337,14,17375,8.977232e-06,4.899886e-03,1.209729e-02,0.000000e+00,0.000000e+00,213,6.103516e-05,0,0,0
1338,15,17390,1.501600e-04,5.163827e-03,1.269588e-02,0.000000e+00,0.000000e+00,219,1.369417e-04,0,0,0
1339,12,17402,9.931954e-05,4.903406e-03,1.197900e-02,0.000000e+00,0.000000e+00,235,3.299117e-04,0,0,0
1340,13,17415,3.771856e-07,5.084978e-03,1.317690e-02,0.000000e+00,0.000000e+00,203,3.136676e-04,0,1,0
1341,13,17428,9.671785e-05,4.910967e-03,1.028543e-02,0.000000e+00,0.000000e+00,217,8.896738e-05,0,0,0
1342,12,17440,1.534136e-04,5.064709e-03,1.398935e-02,0.000000e+00,0.000000e+00,209,1.690984e-04,0,0,0
1343,11,17451,6.559305e-05,5.144935e-03,1.265750e-02,0.000000e+00,0.000000e+00,219,2.300739e-04,0,0,0
HIST {'total_samples': 1490845, 'floor_samples': 15, 'floor_fraction': 1.0061408127605485e-05, 'saturation_depth': 4.6566128730773926e-08, 'boundaries': 1344, 'capped_boundaries': 0, 'unfinished_worlds': 0}
1344,13,17464,2.777204e-05,5.255479e-03,1.171508e-02,0.000000e+00,0.000000e+00,219,1.192093e-07,0,0,0
1345,17,17481,3.132503e-05,5.089968e-03,1.110021e-02,0.000000e+00,0.000000e+00,230,4.660040e-04,0,0,0
1346,11,17492,8.889021e-06,5.169950e-03,1.292623e-02,0.000000e+00,0.000000e+00,227,4.594140e-04,0,0,0
1347,10,17502,4.230067e-05,4.910261e-03,1.127036e-02,0.000000e+00,0.000000e+00,235,2.857596e-04,0,0,0
1348,12,17514,1.782551e-05,5.006723e-03,1.092415e-02,0.000000e+00,0.000000e+00,221,5.571842e-04,0,0,0
1349,14,17528,2.856366e-05,4.951032e-03,1.042145e-02,0.000000e+00,0.000000e+00,221,5.352795e-04,0,0,0
1350,13,17541,1.746789e-04,5.133850e-03,1.207445e-02,0.000000e+00,0.000000e+00,210,1.174808e-04,0,0,0
1351,13,17554,1.693867e-04,4.886122e-03,1.346540e-02,0.000000e+00,0.000000e+00,221,6.347895e-05,0,0,0
1352,12,17566,1.918298e-04,5.111309e-03,1.519385e-02,0.000000e+00,0.000000e+00,230,1.249127e-04,0,0,0
1353,13,17579,6.328337e-05,4.865649e-03,1.036836e-02,0.000000e+00,0.000000e+00,246,2.923012e-04,0,0,0
1354,15,17594,1.584960e-04,5.001085e-03,1.262967e-02,0.000000e+00,0.000000e+00,221,7.818639e-05,0,0,0
1355,13,17607,9.839423e-06,5.021326e-03,1.089000e-02,0.000000e+00,0.000000e+00,243,2.054870e-04,0,0,0
1356,13,17620,2.752244e-04,5.185294e-03,1.136989e-02,0.000000e+00,0.000000e+00,198,1.742840e-04,0,0,0
1357,15,17635,1.288019e-05,4.997788e-03,1.109470e-02,0.000000e+00,0.000000e+00,224,1.232848e-04,0,0,0
1358,13,17648,5.261973e-06,4.961653e-03,1.154715e-02,0.000000e+00,0.000000e+00,228,2.615005e-04,0,0,0
1359,12,17660,4.745089e-06,4.942712e-03,1.159212e-02,0.000000e+00,0.000000e+00,242,6.103516e-05,0,0,0
1360,14,17674,1.442600e-05,4.691594e-03,1.370617e-02,0.000000e+00,0.000000e+00,243,6.103516e-05,0,0,0
1361,11,17685,1.189500e-05,4.735772e-03,1.076917e-02,0.000000e+00,0.000000e+00,227,7.229457e-04,0,0,0
1362,10,17695,7.408671e-05,4.949857e-03,1.400347e-02,0.000000e+00,0.000000e+00,217,2.802610e-04,0,0,0
1363,12,17707,8.159918e-05,4.878182e-03,1.045977e-02,0.000000e+00,0.000000e+00,230,6.198268e-04,0,0,0
1364,12,17719,8.195880e-05,4.840749e-03,1.089000e-02,0.000000e+00,0.000000e+00,219,9.591877e-05,0,0,0
1365,13,17732,4.982576e-06,5.030517e-03,1.257418e-02,0.000000e+00,0.000000e+00,210,2.646446e-05,0,0,0
1366,12,17744,3.473843e-05,4.945041e-03,1.141199e-02,0.000000e+00,0.000000e+00,224,6.103516e-05,0,0,0
1367,12,17756,3.744585e-05,4.731001e-03,1.099299e-02,0.000000e+00,0.000000e+00,235,6.734580e-05,0,0,0
1368,13,17769,1.709847e-04,4.917912e-03,1.453838e-02,0.000000e+00,0.000000e+00,223,6.103516e-05,0,0,0
1369,17,17786,5.262164e-06,4.843579e-03,1.416589e-02,0.000000e+00,0.000000e+00,235,1.224875e-04,0,0,0
1370,14,17800,1.759268e-05,4.929207e-03,1.101987e-02,0.000000e+00,0.000000e+00,223,5.294383e-05,0,0,0
1371,12,17812,1.494307e-04,4.937108e-03,1.165700e-02,0.000000e+00,0.000000e+00,241,1.882762e-05,0,0,0
1372,12,17824,3.771387e-05,5.152604e-03,1.317690e-02,0.000000e+00,0.000000e+00,209,6.103516e-05,0,0,0
1373,12,17836,5.443580e-05,4.998703e-03,1.151758e-02,0.000000e+00,0.000000e+00,232,1.180172e-04,0,0,0
1374,12,17848,3.405649e-05,4.945369e-03,1.147648e-02,0.000000e+00,0.000000e+00,212,6.103516e-05,0,0,0
1375,11,17859,9.953976e-05,4.790143e-03,1.113252e-02,0.000000e+00,0.000000e+00,235,6.103516e-05,0,0,0
1376,13,17872,1.097658e-04,5.309157e-03,1.106251e-02,0.000000e+00,0.000000e+00,213,6.103516e-05,0,0,0
1377,12,17884,9.629320e-05,5.084414e-03,1.107275e-02,0.000000e+00,0.000000e+00,231,3.818199e-04,0,0,0
1378,13,17897,2.253801e-05,5.050072e-03,1.349538e-02,0.000000e+00,0.000000e+00,221,9.452552e-05,0,0,0
1379,17,17914,1.066716e-04,4.772181e-03,1.019611e-02,0.000000e+00,0.000000e+00,241,6.103516e-05,0,0,0
1380,12,17926,1.566096e-04,5.063178e-03,1.139753e-02,0.000000e+00,0.000000e+00,212,4.879311e-04,0,0,0
1381,14,17940,5.332734e-05,4.825487e-03,1.046987e-02,0.000000e+00,0.000000e+00,242,2.036248e-04,0,0,0
1382,11,17951,3.202818e-05,5.042852e-03,1.195699e-02,0.000000e+00,0.000000e+00,211,9.536743e-07,0,0,0
1383,12,17963,7.418939e-05,4.937077e-03,1.110746e-02,0.000000e+00,0.000000e+00,225,4.030019e-04,0,0,0
1384,14,17977,6.309710e-05,4.677882e-03,1.093675e-02,0.000000e+00,0.000000e+00,208,1.932681e-04,0,0,0
1385,10,17987,9.593018e-05,4.948312e-03,1.129895e-02,0.000000e+00,0.000000e+00,199,5.812943e-04,0,0,0
1386,12,17999,2.071634e-04,4.993268e-03,1.312061e-02,0.000000e+00,0.000000e+00,237,2.163276e-05,0,0,0
1387,12,18011,4.783447e-05,4.874661e-03,1.557438e-02,0.000000e+00,0.000000e+00,231,5.763024e-06,0,0,0
1388,14,18025,7.955334e-05,4.744400e-03,1.288054e-02,0.000000e+00,0.000000e+00,206,3.956035e-04,0,0,0
1389,11,18036,4.049856e-05,5.032213e-03,1.089000e-02,0.000000e+00,0.000000e+00,215,6.318986e-04,0,0,0
1390,12,18048,2.230052e-04,4.870316e-03,1.055637e-02,0.000000e+00,0.000000e+00,226,1.063347e-04,0,0,0
1391,14,18062,8.901574e-05,4.932815e-03,1.124341e-02,0.000000e+00,0.000000e+00,225,6.103516e-05,0,0,0
HIST {'total_samples': 1547445, 'floor_samples': 15, 'floor_fraction': 9.693397826740207e-06, 'saturation_depth': 4.6566128730773926e-08, 'boundaries': 1392, 'capped_boundaries': 0, 'unfinished_worlds': 0}
1392,13,18075,2.125494e-04,4.977322e-03,1.317690e-02,0.000000e+00,0.000000e+00,207,3.874302e-05,0,0,0
1393,14,18089,4.423815e-05,4.742505e-03,1.089000e-02,0.000000e+00,0.000000e+00,219,6.103516e-05,0,0,0
1394,11,18100,3.783941e-05,5.071796e-03,1.643358e-02,0.000000e+00,0.000000e+00,195,1.120940e-05,0,0,0
1395,12,18112,1.798161e-06,4.962959e-03,1.195104e-02,0.000000e+00,0.000000e+00,225,6.103516e-05,0,0,0
1396,11,18123,1.077354e-04,5.255776e-03,1.165570e-02,0.000000e+00,0.000000e+00,207,1.556277e-04,0,0,0
1397,10,18133,2.716342e-04,5.150974e-03,1.109568e-02,0.000000e+00,0.000000e+00,232,6.103516e-05,0,0,0
1398,9,18142,2.172776e-05,5.207986e-03,1.133159e-02,0.000000e+00,0.000000e+00,212,5.584955e-04,0,0,0
1399,12,18154,3.192108e-05,5.028392e-03,1.251961e-02,0.000000e+00,0.000000e+00,246,2.518594e-04,0,0,0
1400,13,18167,4.420422e-05,5.006084e-03,1.394674e-02,0.000000e+00,0.000000e+00,214,6.103516e-05,0,0,0
1401,11,18178,3.050427e-05,4.943306e-03,1.261093e-02,0.000000e+00,0.000000e+00,216,3.704950e-04,0,0,0
1402,11,18189,1.115877e-04,5.105801e-03,1.181382e-02,0.000000e+00,0.000000e+00,187,6.103516e-05,0,0,0
1403,14,18203,3.987845e-05,5.073518e-03,1.138542e-02,0.000000e+00,0.000000e+00,222,1.859646e-04,0,0,0
1404,11,18214,2.267447e-04,5.029665e-03,1.317690e-02,0.000000e+00,0.000000e+00,207,1.653768e-04,0,0,0
1405,12,18226,6.566000e-05,5.130008e-03,1.060792e-02,0.000000e+00,0.000000e+00,224,6.103516e-05,0,0,0
1406,16,18242,5.957680e-05,4.955713e-03,1.317690e-02,0.000000e+00,0.000000e+00,240,8.960664e-04,0,0,0
1407,12,18254,1.789071e-05,4.877090e-03,1.000000e-02,0.000000e+00,0.000000e+00,227,4.096143e-04,0,0,0
1408,15,18269,9.320676e-05,5.242114e-03,1.302235e-02,0.000000e+00,0.000000e+00,204,3.666803e-04,0,0,0
1409,15,18284,4.044165e-05,5.087314e-03,1.064435e-02,0.000000e+00,0.000000e+00,223,1.080707e-05,0,0,0
1410,16,18300,1.478902e-05,5.163586e-03,1.113975e-02,0.000000e+00,0.000000e+00,220,1.039356e-05,0,0,0
1411,10,18310,9.461039e-05,5.055696e-03,1.100830e-02,0.000000e+00,0.000000e+00,215,3.401190e-04,0,0,0
1412,11,18321,3.467314e-05,5.199491e-03,1.340577e-02,0.000000e+00,0.000000e+00,195,7.753074e-05,0,0,0
1413,13,18334,5.742069e-05,5.185788e-03,1.242915e-02,0.000000e+00,0.000000e+00,219,6.103516e-05,0,0,0
1414,13,18347,1.532678e-04,5.188903e-03,1.078412e-02,0.000000e+00,0.000000e+00,222,1.185313e-04,0,0,0
1415,10,18357,5.150214e-06,5.140450e-03,1.341841e-02,0.000000e+00,0.000000e+00,231,6.103516e-05,0,0,0
1416,11,18368,1.264270e-05,5.016034e-03,1.172104e-02,0.000000e+00,0.000000e+00,215,8.932506e-04,0,0,0
1417,12,18380,5.799346e-05,4.787033e-03,1.207359e-02,0.000000e+00,0.000000e+00,217,1.317542e-04,0,0,0
1418,21,18401,6.164424e-05,4.831706e-03,1.087106e-02,0.000000e+00,0.000000e+00,217,4.383475e-04,0,0,0
1419,12,18413,8.502975e-06,4.788426e-03,1.272378e-02,0.000000e+00,0.000000e+00,198,6.103516e-05,0,0,0
1420,13,18426,6.059185e-05,5.004251e-03,1.068863e-02,0.000000e+00,0.000000e+00,206,6.103516e-05,0,0,0
1421,14,18440,1.147091e-05,5.013048e-03,1.063658e-02,0.000000e+00,0.000000e+00,230,8.799881e-05,0,0,0
1422,14,18454,4.915055e-05,5.048708e-03,1.180891e-02,0.000000e+00,0.000000e+00,202,7.089600e-05,0,0,0
1423,14,18468,1.519406e-04,5.163988e-03,1.079337e-02,0.000000e+00,0.000000e+00,223,4.625469e-04,0,0,0
1424,11,18479,1.994941e-06,5.030440e-03,1.094964e-02,0.000000e+00,0.000000e+00,229,2.086163e-04,0,0,0
1425,13,18492,1.163444e-04,4.878469e-03,1.089000e-02,0.000000e+00,0.000000e+00,228,6.103516e-05,0,0,0
1426,14,18506,3.141351e-05,4.900447e-03,1.164088e-02,0.000000e+00,0.000000e+00,222,2.014041e-04,0,0,0
1427,16,18522,6.767191e-05,4.858739e-03,1.089000e-02,0.000000e+00,0.000000e+00,223,1.686811e-05,0,0,0
1428,14,18536,9.219162e-05,5.185528e-03,1.979685e-02,0.000000e+00,0.000000e+00,215,4.635453e-04,0,0,0
1429,15,18551,4.372094e-05,4.844136e-03,1.099654e-02,0.000000e+00,0.000000e+00,229,9.573996e-05,0,0,0
1430,14,18565,7.627532e-06,5.249508e-03,1.190055e-02,0.000000e+00,0.000000e+00,196,6.103516e-05,0,0,0
1431,12,18577,1.147769e-05,4.894070e-03,1.106527e-02,0.000000e+00,0.000000e+00,240,3.847480e-05,0,0,0
1432,10,18587,8.626421e-05,4.935593e-03,1.154565e-02,0.000000e+00,0.000000e+00,224,6.103516e-05,0,0,0
1433,12,18599,6.226385e-05,4.803733e-03,1.111372e-02,0.000000e+00,0.000000e+00,217,6.103516e-05,0,0,0
1434,12,18611,4.833564e-06,5.025101e-03,1.398345e-02,0.000000e+00,0.000000e+00,201,6.103516e-05,0,0,0
1435,13,18624,5.867332e-07,4.793484e-03,1.179853e-02,0.000000e+00,0.000000e+00,240,1.771152e-04,0,1,0
1436,11,18635,2.092652e-05,4.841863e-03,1.207332e-02,0.000000e+00,0.000000e+00,215,2.113171e-05,0,0,0
1437,14,18649,6.837770e-05,4.687195e-03,1.134926e-02,0.000000e+00,0.000000e+00,241,9.012222e-05,0,0,0
1438,10,18659,1.673647e-05,4.908032e-03,1.118586e-02,0.000000e+00,0.000000e+00,222,1.907349e-06,0,0,0
1439,11,18670,4.991889e-06,4.729614e-03,1.294778e-02,0.000000e+00,0.000000e+00,238,8.635223e-05,0,0,0
HIST {'total_samples': 1603067, 'floor_samples': 16, 'floor_fraction': 9.980867923798568e-06, 'saturation_depth': 4.6566128730773926e-08, 'boundaries': 1440, 'capped_boundaries': 0, 'unfinished_worlds': 0}
1440,11,18681,1.235913e-04,4.965631e-03,1.041702e-02,0.000000e+00,0.000000e+00,202,4.259758e-04,0,0,0
1441,10,18691,6.379560e-07,4.545250e-03,1.000000e-02,0.000000e+00,0.000000e+00,204,4.791468e-05,0,1,0
1442,12,18703,2.738633e-05,4.969869e-03,1.101929e-02,0.000000e+00,0.000000e+00,206,1.400709e-05,0,0,0
1443,12,18715,2.491754e-05,4.749319e-03,1.196175e-02,0.000000e+00,0.000000e+00,236,3.618859e-04,0,0,0
1444,13,18728,7.802160e-05,4.757633e-03,1.260491e-02,0.000000e+00,0.000000e+00,229,1.220703e-04,0,0,0
1445,11,18739,3.687805e-05,4.676720e-03,1.022005e-02,0.000000e+00,0.000000e+00,203,6.768219e-04,0,0,0
1446,12,18751,1.652699e-05,4.759742e-03,1.084428e-02,0.000000e+00,0.000000e+00,208,1.220703e-04,0,0,0
1447,12,18763,6.878050e-06,4.841042e-03,1.298323e-02,0.000000e+00,0.000000e+00,224,1.220703e-04,0,0,0
1448,12,18775,2.869732e-05,4.901408e-03,1.097567e-02,0.000000e+00,0.000000e+00,204,7.685274e-06,0,0,0
1449,10,18785,8.608215e-05,4.739128e-03,1.146194e-02,0.000000e+00,0.000000e+00,217,1.638681e-04,0,0,0
1450,16,18801,9.413356e-05,4.843731e-03,1.327442e-02,0.000000e+00,0.000000e+00,227,6.355345e-04,0,0,0
1451,16,18817,7.043593e-05,4.762718e-03,1.042960e-02,0.000000e+00,0.000000e+00,229,1.236796e-06,0,0,0
1452,17,18834,3.835586e-05,4.829220e-03,1.066994e-02,0.000000e+00,0.000000e+00,212,1.220703e-04,0,0,0
1453,12,18846,2.661720e-05,4.755100e-03,1.263465e-02,0.000000e+00,0.000000e+00,228,2.408028e-04,0,0,0
1454,12,18858,2.855818e-05,4.921525e-03,1.137368e-02,0.000000e+00,0.000000e+00,214,1.220703e-04,0,0,0
1455,13,18871,3.214926e-05,4.828365e-03,1.109036e-02,0.000000e+00,0.000000e+00,237,1.276210e-04,0,0,0
1456,13,18884,7.115555e-06,4.541179e-03,1.084223e-02,0.000000e+00,0.000000e+00,219,6.590933e-04,0,0,0
1457,12,18896,5.690525e-06,4.683939e-03,1.089000e-02,0.000000e+00,0.000000e+00,228,7.778406e-05,0,0,0
1458,11,18907,3.733867e-05,4.853204e-03,1.278491e-02,0.000000e+00,0.000000e+00,234,1.220703e-04,0,0,0
1459,10,18917,1.870292e-05,4.588689e-03,1.140248e-02,0.000000e+00,0.000000e+00,214,2.901778e-04,0,0,0
1460,16,18933,1.371186e-04,4.752643e-03,1.117519e-02,0.000000e+00,0.000000e+00,200,3.392920e-04,0,0,0
1461,10,18943,4.089903e-05,4.906366e-03,1.348366e-02,0.000000e+00,0.000000e+00,220,1.220703e-04,0,0,0
1462,13,18956,3.742024e-05,4.658304e-03,1.001811e-02,0.000000e+00,0.000000e+00,222,2.990440e-04,0,0,0
1463,13,18969,8.552100e-05,4.551719e-03,1.185045e-02,0.000000e+00,0.000000e+00,232,1.220703e-04,0,0,0
1464,14,18983,1.339217e-04,4.750298e-03,1.162026e-02,0.000000e+00,0.000000e+00,211,1.220703e-04,0,0,0
1465,14,18997,1.880128e-05,4.519490e-03,1.278228e-02,0.000000e+00,0.000000e+00,244,1.815930e-04,0,0,0
1466,14,19011,5.973372e-05,4.677966e-03,1.258469e-02,0.000000e+00,0.000000e+00,219,4.426539e-04,0,0,0
1467,12,19023,2.684527e-06,4.788843e-03,1.114290e-02,0.000000e+00,0.000000e+00,220,3.552437e-05,0,0,0
1468,17,19040,8.134667e-05,4.701796e-03,1.426902e-02,0.000000e+00,0.000000e+00,215,2.747681e-04,0,0,0
1469,12,19052,1.990724e-05,4.282164e-03,1.076888e-02,0.000000e+00,0.000000e+00,235,1.220703e-04,0,0,0
1470,15,19067,1.634226e-05,4.803791e-03,1.208384e-02,0.000000e+00,0.000000e+00,206,1.278520e-04,0,0,0
1471,10,19077,5.821752e-05,4.491847e-03,1.121253e-02,0.000000e+00,0.000000e+00,225,1.605824e-04,0,0,0
1472,12,19089,6.338505e-05,4.567379e-03,1.047562e-02,0.000000e+00,0.000000e+00,218,5.833656e-04,0,0,0
1473,17,19106,1.857942e-04,4.423282e-03,1.130255e-02,0.000000e+00,0.000000e+00,224,1.220703e-04,0,0,0
1474,12,19118,4.210076e-05,4.644630e-03,1.194186e-02,0.000000e+00,0.000000e+00,188,1.394749e-04,0,0,0
1475,17,19135,2.442223e-06,4.441172e-03,1.071197e-02,0.000000e+00,0.000000e+00,207,5.196035e-04,0,0,0
1476,11,19146,7.813796e-06,4.663920e-03,1.205575e-02,0.000000e+00,0.000000e+00,209,5.473197e-05,0,0,0
1477,13,19159,2.478209e-06,4.672054e-03,1.197900e-02,0.000000e+00,0.000000e+00,232,8.527189e-06,0,0,0
1478,15,19174,1.225910e-06,4.629071e-03,1.107408e-02,0.000000e+00,0.000000e+00,222,1.220703e-04,0,0,0
1479,11,19185,2.082367e-06,4.513779e-03,1.211922e-02,0.000000e+00,0.000000e+00,224,8.118600e-04,0,0,0
1480,11,19196,1.168251e-04,4.625854e-03,1.227195e-02,0.000000e+00,0.000000e+00,195,8.192658e-05,0,0,0
1481,18,19214,5.028149e-05,4.503931e-03,1.219162e-02,0.000000e+00,0.000000e+00,228,1.220703e-04,0,0,0
1482,16,19230,2.448447e-05,4.639703e-03,1.087414e-02,0.000000e+00,0.000000e+00,205,1.220703e-04,0,0,0
1483,14,19244,1.441008e-04,4.593384e-03,1.033632e-02,0.000000e+00,0.000000e+00,234,1.824894e-04,0,0,0
1484,12,19256,1.882575e-04,4.714389e-03,1.256446e-02,0.000000e+00,0.000000e+00,218,9.064376e-05,0,0,0
1485,20,19276,1.877546e-05,4.527256e-03,1.244112e-02,0.000000e+00,0.000000e+00,221,2.688169e-05,0,0,0
1486,16,19292,6.790273e-05,4.631229e-03,1.180743e-02,0.000000e+00,0.000000e+00,212,3.248006e-04,0,0,0
1487,11,19303,1.787669e-04,4.946287e-03,1.371886e-02,0.000000e+00,0.000000e+00,203,3.301501e-04,0,0,0
HIST {'total_samples': 1660010, 'floor_samples': 17, 'floor_fraction': 1.024090216323998e-05, 'saturation_depth': 4.6566128730773926e-08, 'boundaries': 1488, 'capped_boundaries': 0, 'unfinished_worlds': 0}
1488,12,19315,2.355315e-05,5.124301e-03,1.249212e-02,0.000000e+00,0.000000e+00,204,1.577940e-04,0,0,0
1489,11,19326,1.573771e-06,4.598418e-03,1.010577e-02,0.000000e+00,0.000000e+00,223,7.044710e-05,0,0,0
1490,11,19337,6.843824e-05,4.925909e-03,1.397385e-02,0.000000e+00,0.000000e+00,195,3.480501e-04,0,0,0
1491,12,19349,9.026378e-05,4.807724e-03,1.317690e-02,0.000000e+00,0.000000e+00,231,1.220703e-04,0,0,0
1492,16,19365,1.265662e-04,4.774529e-03,1.235850e-02,0.000000e+00,0.000000e+00,221,1.220703e-04,0,0,0
1493,13,19378,1.672131e-06,4.636602e-03,1.317690e-02,0.000000e+00,0.000000e+00,216,1.220703e-04,0,0,0
1494,14,19392,6.379049e-06,4.762216e-03,1.134227e-02,0.000000e+00,0.000000e+00,204,1.220703e-04,0,0,0
1495,11,19403,8.944422e-05,4.865381e-03,1.149605e-02,0.000000e+00,0.000000e+00,215,1.220703e-04,0,0,0
1496,12,19415,5.898066e-05,4.843531e-03,1.264566e-02,0.000000e+00,0.000000e+00,212,3.030747e-04,0,0,0
1497,10,19425,4.098521e-05,4.794881e-03,1.296535e-02,0.000000e+00,0.000000e+00,227,3.139782e-04,0,0,0
1498,15,19440,7.959057e-05,5.217236e-03,1.357217e-02,0.000000e+00,0.000000e+00,220,4.952475e-04,0,0,0
1499,15,19455,4.281290e-05,4.853380e-03,1.257384e-02,0.000000e+00,0.000000e+00,227,4.786253e-05,0,0,0
1500,14,19469,3.164095e-05,4.701464e-03,1.243793e-02,0.000000e+00,0.000000e+00,207,2.607703e-06,0,0,0
1501,10,19479,2.433080e-05,4.581650e-03,1.288760e-02,0.000000e+00,0.000000e+00,207,4.716814e-04,0,0,0
1502,11,19490,1.818473e-06,4.815981e-03,1.391523e-02,0.000000e+00,0.000000e+00,194,1.220703e-04,0,0,0
1503,12,19502,6.802380e-05,4.761554e-03,1.154544e-02,0.000000e+00,0.000000e+00,225,4.571378e-04,0,0,0
1504,13,19515,6.720889e-05,5.012555e-03,1.400550e-02,0.000000e+00,0.000000e+00,214,1.282990e-04,0,0,0
1505,14,19529,4.828309e-05,4.544261e-03,1.089000e-02,0.000000e+00,0.000000e+00,232,2.389848e-04,0,0,0
1506,15,19544,3.224791e-05,5.032212e-03,1.317690e-02,0.000000e+00,0.000000e+00,204,1.220703e-04,0,0,0
1507,12,19556,1.902919e-05,4.641998e-03,1.089000e-02,0.000000e+00,0.000000e+00,238,1.220703e-04,0,0,0
1508,16,19572,7.348135e-06,4.832487e-03,1.232866e-02,0.000000e+00,0.000000e+00,196,2.492853e-04,0,0,0
1509,13,19585,2.789365e-05,4.869764e-03,1.094880e-02,0.000000e+00,0.000000e+00,231,2.287328e-06,0,0,0
1510,12,19597,3.103167e-05,4.841100e-03,1.205480e-02,0.000000e+00,0.000000e+00,204,3.078282e-04,0,0,0
1511,13,19610,4.814395e-05,4.837042e-03,1.297487e-02,0.000000e+00,0.000000e+00,215,2.852455e-05,0,0,0
1512,12,19622,1.154778e-04,4.693534e-03,1.082289e-02,0.000000e+00,0.000000e+00,219,1.220703e-04,0,0,0
1513,16,19638,2.967613e-06,4.582464e-03,1.257866e-02,0.000000e+00,0.000000e+00,231,3.614575e-04,0,0,0
1514,11,19649,9.154260e-05,4.594800e-03,1.230459e-02,0.000000e+00,0.000000e+00,217,1.220703e-04,0,0,0
1515,11,19660,4.461016e-05,4.786420e-03,1.075160e-02,0.000000e+00,0.000000e+00,202,4.775524e-04,0,0,0
1516,10,19670,8.316711e-05,4.863946e-03,1.475682e-02,0.000000e+00,0.000000e+00,200,3.196001e-04,0,0,0
1517,14,19684,3.168893e-05,4.602350e-03,1.036442e-02,0.000000e+00,0.000000e+00,222,1.132488e-06,0,0,0
1518,14,19698,1.948021e-06,4.630774e-03,1.175454e-02,0.000000e+00,0.000000e+00,225,1.634285e-04,0,0,0
1519,13,19711,1.158257e-05,4.578743e-03,1.274209e-02,0.000000e+00,0.000000e+00,241,1.220703e-04,0,0,0
1520,14,19725,1.553139e-05,4.771020e-03,1.264037e-02,0.000000e+00,0.000000e+00,213,2.130866e-06,0,0,0
1521,13,19738,1.556566e-04,4.510547e-03,1.073046e-02,0.000000e+00,0.000000e+00,229,3.348961e-04,0,0,0
1522,11,19749,7.021993e-06,4.465918e-03,1.195785e-02,0.000000e+00,0.000000e+00,230,3.975332e-04,0,0,0
1523,11,19760,2.626758e-04,4.515494e-03,1.053672e-02,0.000000e+00,0.000000e+00,229,1.983196e-04,0,0,0
1524,14,19774,8.943491e-05,4.391444e-03,1.007594e-02,0.000000e+00,0.000000e+00,225,1.870543e-04,0,0,0
1525,11,19785,6.168893e-05,4.694563e-03,1.140865e-02,0.000000e+00,0.000000e+00,217,3.403425e-04,0,0,0
1526,12,19797,9.161886e-05,4.900932e-03,1.667583e-02,0.000000e+00,0.000000e+00,224,1.220703e-04,0,0,0
1527,14,19811,3.562096e-05,4.381703e-03,1.006114e-02,0.000000e+00,0.000000e+00,233,4.537217e-04,0,0,0
1528,12,19823,8.649981e-05,4.634068e-03,1.155543e-02,0.000000e+00,0.000000e+00,212,3.330410e-04,0,0,0
1529,21,19844,3.251713e-05,4.207551e-03,9.446213e-03,0.000000e+00,0.000000e+00,249,1.385212e-04,0,0,0
1530,16,19860,2.130587e-04,4.512567e-03,1.243988e-02,0.000000e+00,0.000000e+00,235,5.232915e-04,0,0,0
1531,12,19872,5.643349e-05,4.598694e-03,1.241768e-02,0.000000e+00,0.000000e+00,213,3.053574e-04,0,0,0
1532,14,19886,4.048621e-05,4.527810e-03,1.254765e-02,0.000000e+00,0.000000e+00,233,1.220703e-04,0,0,0
1533,13,19899,9.813515e-05,4.541343e-03,1.426999e-02,0.000000e+00,0.000000e+00,216,1.639128e-05,0,0,0
1534,13,19912,5.171612e-05,4.648907e-03,1.141702e-02,0.000000e+00,0.000000e+00,229,5.029142e-05,0,0,0
1535,12,19924,6.915475e-05,4.550177e-03,1.137417e-02,0.000000e+00,0.000000e+00,236,1.220703e-04,0,0,0
HIST {'total_samples': 1717483, 'floor_samples': 17, 'floor_fraction': 9.898205688207685e-06, 'saturation_depth': 4.6566128730773926e-08, 'boundaries': 1536, 'capped_boundaries': 0, 'unfinished_worlds': 0}
1536,12,19936,9.668134e-06,4.539562e-03,1.296918e-02,0.000000e+00,0.000000e+00,218,5.508959e-04,0,0,0
1537,10,19946,6.370246e-06,4.443316e-03,1.303445e-02,0.000000e+00,0.000000e+00,218,5.871309e-04,0,0,0
1538,10,19956,1.455498e-05,4.554840e-03,1.417846e-02,0.000000e+00,0.000000e+00,205,1.760125e-04,0,0,0
1539,11,19967,1.059128e-04,4.499092e-03,1.172853e-02,0.000000e+00,0.000000e+00,224,2.213418e-04,0,0,0
1540,11,19978,1.862040e-04,4.495659e-03,1.000000e-02,0.000000e+00,0.000000e+00,224,7.375181e-04,0,0,0
1541,13,19991,3.928189e-05,4.542391e-03,1.007621e-02,0.000000e+00,0.000000e+00,213,5.516112e-04,0,0,0
1542,12,20003,1.511156e-05,4.615591e-03,1.074969e-02,0.000000e+00,0.000000e+00,227,3.266335e-05,0,0,0
1543,14,20017,1.925710e-04,4.461946e-03,1.275917e-02,0.000000e+00,0.000000e+00,233,2.141856e-05,0,0,0
1544,11,20028,7.607838e-05,4.722735e-03,1.317690e-02,0.000000e+00,0.000000e+00,213,1.676269e-04,0,0,0
1545,11,20039,8.854859e-05,4.394074e-03,1.089000e-02,0.000000e+00,0.000000e+00,241,1.220703e-04,0,0,0
1546,13,20052,6.387206e-05,4.634285e-03,1.241190e-02,0.000000e+00,0.000000e+00,199,1.220703e-04,0,0,0
1547,11,20063,1.543543e-05,4.514568e-03,1.217767e-02,0.000000e+00,0.000000e+00,233,4.466176e-04,0,0,0
1548,13,20076,1.210940e-04,4.769060e-03,1.129649e-02,0.000000e+00,0.000000e+00,214,4.392248e-04,0,0,0
1549,11,20087,6.251900e-06,4.663289e-03,1.124059e-02,0.000000e+00,0.000000e+00,214,1.443326e-04,0,0,0
1550,11,20098,2.183127e-06,4.502222e-03,1.350812e-02,0.000000e+00,0.000000e+00,236,1.220703e-04,0,0,0
1551,14,20112,1.591584e-04,4.557910e-03,1.238818e-02,0.000000e+00,0.000000e+00,237,7.897615e-06,0,0,0
1552,14,20126,6.393204e-05,4.499096e-03,1.000000e-02,0.000000e+00,0.000000e+00,217,1.734570e-04,0,0,0
1553,13,20139,5.311476e-06,4.478018e-03,1.177962e-02,0.000000e+00,0.000000e+00,223,2.550781e-04,0,0,0
1554,12,20151,8.423813e-06,4.461609e-03,1.080982e-02,0.000000e+00,0.000000e+00,198,1.220703e-04,0,0,0
1555,17,20168,1.186738e-04,4.589068e-03,1.244225e-02,0.000000e+00,0.000000e+00,224,3.746152e-05,0,0,0
1556,13,20181,1.859496e-05,4.485887e-03,1.156600e-02,0.000000e+00,0.000000e+00,227,1.220703e-04,0,0,0
1557,13,20194,8.772332e-05,4.399993e-03,1.151243e-02,0.000000e+00,0.000000e+00,219,4.319213e-04,0,0,0
1558,17,20211,5.181688e-05,4.523498e-03,1.089000e-02,0.000000e+00,0.000000e+00,220,1.888201e-04,0,0,0
1559,13,20224,5.946742e-05,4.344545e-03,1.000000e-02,0.000000e+00,0.000000e+00,211,4.491620e-04,0,0,0
1560,12,20236,5.453020e-05,4.688247e-03,1.010000e-02,0.000000e+00,0.000000e+00,204,2.522469e-04,0,0,0
1561,12,20248,1.087245e-05,4.446693e-03,1.154096e-02,0.000000e+00,0.000000e+00,225,1.644641e-04,0,0,0
1562,14,20262,1.434237e-06,4.648563e-03,1.140649e-02,0.000000e+00,0.000000e+00,213,3.964901e-04,0,0,0
1563,14,20276,2.253801e-05,4.547589e-03,1.133805e-02,0.000000e+00,0.000000e+00,249,3.290176e-05,0,0,0
1564,16,20292,1.052123e-04,4.601044e-03,1.198759e-02,0.000000e+00,0.000000e+00,221,1.220703e-04,0,0,0
1565,16,20308,1.166462e-04,4.521884e-03,1.046189e-02,0.000000e+00,0.000000e+00,239,1.233667e-04,0,0,0
1566,14,20322,2.286526e-05,4.521534e-03,1.001875e-02,0.000000e+00,0.000000e+00,220,3.360957e-04,0,0,0
1567,16,20338,9.383075e-05,4.448186e-03,1.111358e-02,0.000000e+00,0.000000e+00,235,1.080930e-04,0,0,0
1568,12,20350,4.608557e-05,4.471348e-03,1.197900e-02,0.000000e+00,0.000000e+00,227,6.143451e-04,0,0,0
1569,15,20365,1.453411e-04,4.485131e-03,1.120033e-02,0.000000e+00,0.000000e+00,238,4.735962e-05,0,0,0
1570,16,20381,8.521602e-06,4.597798e-03,1.141980e-02,0.000000e+00,0.000000e+00,210,9.092689e-05,0,0,0
1571,10,20391,8.689805e-05,4.708791e-03,1.457178e-02,0.000000e+00,0.000000e+00,222,9.440333e-04,0,0,0
1572,12,20403,5.465015e-05,4.667416e-03,1.178017e-02,0.000000e+00,0.000000e+00,203,1.220703e-04,0,0,0
1573,11,20414,5.678530e-06,4.762040e-03,1.084474e-02,0.000000e+00,0.000000e+00,213,4.664660e-04,0,0,0
1574,20,20434,1.411652e-04,4.918181e-03,1.051143e-02,0.000000e+00,0.000000e+00,213,8.344650e-07,0,0,0
1575,20,20454,7.149141e-05,4.584292e-03,1.373879e-02,0.000000e+00,0.000000e+00,248,1.220703e-04,0,0,0
1576,15,20469,5.127950e-05,4.902933e-03,1.087127e-02,0.000000e+00,0.000000e+00,195,1.220703e-04,0,0,0
1577,14,20483,7.609757e-05,4.612647e-03,1.113994e-02,0.000000e+00,0.000000e+00,218,4.600622e-04,0,0,0
1578,17,20500,4.129950e-05,4.493468e-03,1.279201e-02,0.000000e+00,0.000000e+00,202,1.220703e-04,0,0,0
1579,11,20511,6.649661e-05,4.658764e-03,1.063671e-02,0.000000e+00,0.000000e+00,205,1.220703e-04,0,0,0
1580,21,20532,6.705523e-06,4.791231e-03,1.287911e-02,0.000000e+00,0.000000e+00,226,1.220703e-04,0,0,0
1581,20,20552,4.884321e-05,4.782320e-03,1.197900e-02,0.000000e+00,0.000000e+00,225,1.220703e-04,0,0,0
1582,13,20565,6.381449e-06,4.869507e-03,1.399221e-02,0.000000e+00,0.000000e+00,213,6.836653e-04,0,0,0
1583,17,20582,1.029237e-04,4.808007e-03,1.315665e-02,0.000000e+00,0.000000e+00,232,1.220703e-04,0,0,0
HIST {'total_samples': 1775441, 'floor_samples': 17, 'floor_fraction': 9.57508585190947e-06, 'saturation_depth': 4.6566128730773926e-08, 'boundaries': 1584, 'capped_boundaries': 0, 'unfinished_worlds': 0}
1584,13,20595,1.478102e-04,5.048366e-03,1.255994e-02,0.000000e+00,0.000000e+00,203,2.956390e-05,0,0,0
1585,12,20607,4.014466e-05,4.635700e-03,1.111131e-02,0.000000e+00,0.000000e+00,233,9.202585e-05,0,0,0
1586,12,20619,2.215616e-05,4.814953e-03,1.302255e-02,0.000000e+00,0.000000e+00,218,1.220703e-04,0,0,0
1587,11,20630,9.794564e-05,4.713907e-03,1.089000e-02,0.000000e+00,0.000000e+00,222,1.220703e-04,0,0,0
1588,13,20643,2.413057e-05,4.723192e-03,1.075837e-02,0.000000e+00,0.000000e+00,192,1.006573e-05,0,0,0
1589,11,20654,5.127710e-05,4.718775e-03,1.123803e-02,0.000000e+00,0.000000e+00,205,1.220703e-04,0,0,0
1590,13,20667,2.326444e-05,4.752681e-03,1.027504e-02,0.000000e+00,0.000000e+00,201,9.372830e-06,0,0,0
1591,12,20679,1.944734e-04,4.865215e-03,1.311630e-02,0.000000e+00,0.000000e+00,217,3.492981e-04,0,0,0
1592,12,20691,6.604559e-06,4.816469e-03,1.406202e-02,0.000000e+00,0.000000e+00,212,4.537404e-04,0,0,0
1593,13,20704,7.758018e-05,5.116071e-03,1.073674e-02,0.000000e+00,0.000000e+00,215,5.005300e-05,0,0,0
1594,12,20716,1.342688e-04,4.949822e-03,1.248504e-02,0.000000e+00,0.000000e+00,218,3.263503e-04,0,0,0
1595,11,20727,2.512515e-05,4.750925e-03,1.102848e-02,0.000000e+00,0.000000e+00,207,4.810095e-05,0,0,0
1596,10,20737,7.983763e-05,4.883638e-03,1.181946e-02,0.000000e+00,0.000000e+00,210,1.832545e-04,0,0,0
1597,10,20747,5.439105e-05,4.593841e-03,1.018279e-02,0.000000e+00,0.000000e+00,220,1.220703e-04,0,0,0
1598,13,20760,3.812556e-05,4.619941e-03,1.378720e-02,0.000000e+00,0.000000e+00,217,1.048446e-04,0,0,0
1599,14,20774,2.224390e-05,4.881782e-03,1.463826e-02,0.000000e+00,0.000000e+00,196,3.172755e-04,0,0,0
1600,11,20785,8.563511e-06,4.794472e-03,1.196012e-02,0.000000e+00,0.000000e+00,211,1.220703e-04,0,0,0
1601,15,20800,5.824151e-05,4.550887e-03,1.136595e-02,0.000000e+00,0.000000e+00,233,1.711547e-04,0,0,0
1602,11,20811,2.298041e-05,4.732214e-03,1.261258e-02,0.000000e+00,0.000000e+00,180,1.310557e-04,0,0,0
1603,12,20823,1.481641e-04,4.807597e-03,1.009946e-02,0.000000e+00,0.000000e+00,219,4.483387e-05,0,0,0
1604,16,20839,1.427429e-06,4.708741e-03,1.055341e-02,0.000000e+00,0.000000e+00,239,1.220703e-04,0,0,0
1605,13,20852,2.968573e-05,4.771634e-03,1.089000e-02,0.000000e+00,0.000000e+00,217,1.220703e-04,0,0,0
1606,16,20868,6.557298e-05,4.876180e-03,1.296978e-02,0.000000e+00,0.000000e+00,194,2.727646e-04,0,0,0
1607,14,20882,3.818553e-05,4.775189e-03,1.123185e-02,0.000000e+00,0.000000e+00,223,3.176555e-05,0,0,0
1608,13,20895,1.811036e-05,4.871964e-03,1.107748e-02,0.000000e+00,0.000000e+00,214,4.755110e-04,0,0,0
1609,13,20908,2.111156e-05,4.723481e-03,1.167698e-02,0.000000e+00,0.000000e+00,218,2.462566e-04,0,0,0
1610,11,20919,4.110516e-05,5.048266e-03,1.379040e-02,0.000000e+00,0.000000e+00,192,7.580817e-04,0,0,0
1611,11,20930,2.969056e-05,4.875176e-03,1.061011e-02,0.000000e+00,0.000000e+00,228,4.298054e-04,0,0,0
1612,12,20942,8.566734e-05,4.838966e-03,1.144897e-02,0.000000e+00,0.000000e+00,219,4.376173e-04,0,0,0
1613,17,20959,8.052860e-05,4.600927e-03,1.089000e-02,0.000000e+00,0.000000e+00,243,5.879626e-05,0,0,0
1614,12,20971,5.657658e-05,4.607551e-03,1.436345e-02,0.000000e+00,0.000000e+00,220,5.011559e-04,0,0,0
1615,15,20986,2.251260e-05,4.659478e-03,1.135755e-02,0.000000e+00,0.000000e+00,209,4.287064e-05,0,0,0
1616,14,21000,6.741304e-06,4.806573e-03,1.104199e-02,0.000000e+00,0.000000e+00,203,5.685957e-05,0,0,0
1617,14,21014,7.271972e-05,4.699335e-03,1.076498e-02,0.000000e+00,0.000000e+00,211,7.104129e-06,0,0,0
1618,13,21027,7.010477e-05,4.794666e-03,1.355363e-02,0.000000e+00,0.000000e+00,209,5.425215e-04,0,0,0
1619,13,21040,1.601456e-04,4.608746e-03,1.155644e-02,0.000000e+00,0.000000e+00,229,1.140758e-04,0,0,0
1620,14,21054,2.535786e-05,4.721579e-03,1.240011e-02,0.000000e+00,0.000000e+00,196,4.160404e-05,0,0,0
1621,14,21068,7.704759e-05,4.520101e-03,1.220302e-02,0.000000e+00,0.000000e+00,224,1.043081e-05,0,0,0
1622,12,21080,4.959777e-05,4.955169e-03,1.198073e-02,0.000000e+00,0.000000e+00,187,4.047304e-04,0,0,0
1623,13,21093,1.797841e-05,4.694260e-03,1.163829e-02,0.000000e+00,0.000000e+00,215,9.655952e-06,0,0,0
1624,11,21104,1.417833e-05,4.790341e-03,1.255053e-02,0.000000e+00,0.000000e+00,205,1.861155e-04,0,0,0
1625,13,21117,1.777689e-05,4.721567e-03,1.072875e-02,0.000000e+00,0.000000e+00,238,5.611777e-05,0,0,0
1626,11,21128,3.174879e-05,4.729460e-03,1.117803e-02,0.000000e+00,0.000000e+00,221,8.836389e-05,0,0,0
1627,13,21141,2.122191e-05,4.712886e-03,1.137760e-02,0.000000e+00,0.000000e+00,224,2.459884e-04,0,0,0
1628,13,21154,8.478930e-05,4.684732e-03,1.365708e-02,0.000000e+00,0.000000e+00,210,3.437474e-04,0,0,0
1629,22,21176,6.875411e-05,4.651102e-03,1.014310e-02,0.000000e+00,0.000000e+00,210,1.220703e-04,0,0,0
1630,14,21190,1.697335e-05,4.578482e-03,1.133158e-02,0.000000e+00,0.000000e+00,224,7.482171e-04,0,0,0
1631,13,21203,2.901160e-05,4.679335e-03,1.161546e-02,0.000000e+00,0.000000e+00,211,1.220703e-04,0,0,0
HIST {'total_samples': 1831766, 'floor_samples': 17, 'floor_fraction': 9.280661394523099e-06, 'saturation_depth': 4.6566128730773926e-08, 'boundaries': 1632, 'capped_boundaries': 0, 'unfinished_worlds': 0}
1632,15,21218,3.711556e-05,4.950156e-03,1.482887e-02,0.000000e+00,0.000000e+00,219,1.220703e-04,0,0,0
1633,15,21233,9.565456e-05,4.612161e-03,1.087913e-02,0.000000e+00,0.000000e+00,237,1.220703e-04,0,0,0
1634,13,21246,6.441424e-06,4.600733e-03,1.223914e-02,0.000000e+00,0.000000e+00,204,1.220703e-04,0,0,0
1635,12,21258,2.882071e-04,4.756903e-03,1.269540e-02,0.000000e+00,0.000000e+00,208,7.691979e-05,0,0,0
1636,13,21271,1.481734e-05,4.867055e-03,1.188686e-02,0.000000e+00,0.000000e+00,199,3.290176e-04,0,0,0
1637,12,21283,5.987046e-05,4.787064e-03,1.059813e-02,0.000000e+00,0.000000e+00,219,1.329184e-04,0,0,0
1638,10,21293,3.812076e-05,4.661463e-03,1.317690e-02,0.000000e+00,0.000000e+00,206,1.220703e-04,0,0,0
1639,13,21306,2.069413e-05,4.655734e-03,1.027023e-02,0.000000e+00,0.000000e+00,229,1.220703e-04,0,0,0
1640,13,21319,1.712195e-05,4.715464e-03,1.612683e-02,0.000000e+00,0.000000e+00,209,1.220703e-04,0,0,0
1641,11,21330,4.906039e-05,4.721809e-03,1.000000e-02,0.000000e+00,0.000000e+00,211,1.220703e-04,0,0,0
1642,14,21344,2.219593e-05,4.561525e-03,1.128243e-02,0.000000e+00,0.000000e+00,207,1.220703e-04,0,0,0
1643,12,21356,1.852059e-06,4.569945e-03,1.241068e-02,0.000000e+00,0.000000e+00,221,1.220703e-04,0,0,0
1644,16,21372,1.386166e-05,4.964599e-03,1.086244e-02,0.000000e+00,0.000000e+00,228,1.116693e-04,0,0,0
1645,17,21389,3.738185e-05,4.649669e-03,1.118046e-02,0.000000e+00,0.000000e+00,220,1.220703e-04,0,0,0
1646,15,21404,4.452653e-05,4.897790e-03,1.066862e-02,0.000000e+00,0.000000e+00,224,3.232658e-04,0,0,0
1647,14,21418,8.960417e-06,4.420247e-03,1.232434e-02,0.000000e+00,0.000000e+00,228,4.551113e-04,0,0,0
1648,11,21429,6.193295e-07,4.766009e-03,1.250136e-02,0.000000e+00,0.000000e+00,199,1.220703e-04,0,1,0
1649,15,21444,7.142904e-05,4.654868e-03,1.002417e-02,0.000000e+00,0.000000e+00,234,1.398474e-04,0,0,0
1650,14,21458,1.309924e-04,4.610728e-03,1.322263e-02,0.000000e+00,0.000000e+00,231,1.220703e-04,0,0,0
1651,14,21472,4.533947e-05,4.716840e-03,1.010439e-02,0.000000e+00,0.000000e+00,220,1.220703e-04,0,0,0
1652,16,21488,1.261967e-04,4.517969e-03,1.077332e-02,0.000000e+00,0.000000e+00,225,4.917383e-07,0,0,0
1653,11,21499,4.801200e-05,4.572835e-03,1.116541e-02,0.000000e+00,0.000000e+00,210,2.245773e-04,0,0,0
1654,12,21511,6.798655e-05,4.598002e-03,1.023705e-02,0.000000e+00,0.000000e+00,206,5.525500e-04,0,0,0
1655,12,21523,1.445182e-04,4.530567e-03,1.051111e-02,0.000000e+00,0.000000e+00,242,1.246333e-04,0,0,0
1656,13,21536,1.874380e-04,4.482369e-03,1.339518e-02,0.000000e+00,0.000000e+00,209,1.220703e-04,0,0,0
1657,17,21553,1.097609e-04,4.729010e-03,1.071891e-02,0.000000e+00,0.000000e+00,222,1.877546e-06,0,0,0
1658,12,21565,1.177329e-04,4.659333e-03,1.278453e-02,0.000000e+00,0.000000e+00,228,8.536279e-04,0,0,0
1659,11,21576,2.178569e-05,4.495054e-03,1.116557e-02,0.000000e+00,0.000000e+00,222,1.907349e-06,0,0,0
1660,13,21589,9.253100e-06,4.676038e-03,1.210756e-02,0.000000e+00,0.000000e+00,198,1.220703e-04,0,0,0
1661,12,21601,1.132861e-04,4.787706e-03,1.075559e-02,0.000000e+00,0.000000e+00,211,1.220703e-04,0,0,0
1662,14,21615,3.284767e-05,4.910661e-03,1.269938e-02,0.000000e+00,0.000000e+00,202,1.907349e-06,0,0,0
1663,10,21625,7.435679e-05,4.723817e-03,1.192822e-02,0.000000e+00,0.000000e+00,215,1.220703e-04,0,0,0
1664,16,21641,9.169134e-06,4.798351e-03,1.508490e-02,0.000000e+00,0.000000e+00,202,1.220703e-04,0,0,0
1665,13,21654,1.793427e-04,4.612841e-03,1.089000e-02,0.000000e+00,0.000000e+00,207,3.990829e-04,0,0,0
1666,11,21665,6.311876e-06,4.971198e-03,1.396424e-02,0.000000e+00,0.000000e+00,204,1.220703e-04,0,0,0
1667,11,21676,1.799281e-06,4.624411e-03,1.272611e-02,0.000000e+00,0.000000e+00,228,1.970753e-04,0,0,0
1668,13,21689,8.298084e-06,4.943226e-03,1.317690e-02,0.000000e+00,0.000000e+00,220,3.906637e-04,0,0,0
1669,10,21699,2.825307e-04,4.838692e-03,1.212408e-02,0.000000e+00,0.000000e+00,216,6.235242e-04,0,0,0
1670,11,21710,1.807917e-05,4.950812e-03,1.028720e-02,0.000000e+00,0.000000e+00,192,1.463143e-04,0,0,0
1671,11,21721,3.340664e-05,4.738108e-03,1.160823e-02,0.000000e+00,0.000000e+00,223,1.324713e-05,0,0,0
1672,12,21733,6.755459e-05,4.912819e-03,1.199501e-02,0.000000e+00,0.000000e+00,197,4.163384e-05,0,0,0
1673,16,21749,4.700200e-05,4.616587e-03,1.383571e-02,0.000000e+00,0.000000e+00,224,1.220703e-04,0,0,0
1674,10,21759,8.929710e-05,4.841285e-03,1.651885e-02,0.000000e+00,0.000000e+00,195,1.220703e-04,0,0,0
1675,14,21773,9.686847e-05,4.552223e-03,1.101127e-02,0.000000e+00,0.000000e+00,227,5.269051e-05,0,0,0
1676,11,21784,1.348261e-05,4.844608e-03,1.317690e-02,0.000000e+00,0.000000e+00,193,1.481026e-04,0,0,0
1677,14,21798,1.310371e-05,4.574563e-03,1.433410e-02,0.000000e+00,0.000000e+00,250,4.941369e-04,0,0,0
1678,13,21811,6.595161e-05,4.528144e-03,1.119168e-02,0.000000e+00,0.000000e+00,211,4.503131e-05,0,0,0
1679,18,21829,5.361856e-06,4.577353e-03,1.143901e-02,0.000000e+00,0.000000e+00,239,1.220703e-04,0,0,0
HIST {'total_samples': 1888914, 'floor_samples': 18, 'floor_fraction': 9.52928508126892e-06, 'saturation_depth': 4.6566128730773926e-08, 'boundaries': 1680, 'capped_boundaries': 0, 'unfinished_worlds': 0}
1680,14,21843,1.426710e-05,4.746106e-03,1.461218e-02,0.000000e+00,0.000000e+00,210,1.220703e-04,0,0,0
1681,13,21856,1.695380e-04,4.653590e-03,1.153693e-02,0.000000e+00,0.000000e+00,228,1.220703e-04,0,0,0
1682,13,21869,2.118353e-06,4.541983e-03,1.119049e-02,0.000000e+00,0.000000e+00,210,2.470352e-04,0,0,0
1683,11,21880,1.429181e-04,4.747800e-03,1.261642e-02,0.000000e+00,0.000000e+00,217,8.617640e-04,0,0,0
1684,25,21905,2.841000e-05,4.603663e-03,1.324878e-02,0.000000e+00,0.000000e+00,216,1.220703e-04,0,0,0
1685,12,21917,1.173234e-04,4.694577e-03,1.074161e-02,0.000000e+00,0.000000e+00,211,1.220703e-04,0,0,0
1686,12,21929,7.718914e-05,4.868735e-03,1.317690e-02,0.000000e+00,0.000000e+00,224,3.346056e-04,0,0,0
1687,12,21941,1.035450e-04,4.664161e-03,1.323367e-02,0.000000e+00,0.000000e+00,226,2.832711e-04,0,0,0
1688,11,21952,1.772891e-05,4.767738e-03,1.497632e-02,0.000000e+00,0.000000e+00,204,1.220703e-04,0,0,0
1689,20,21972,8.184327e-05,4.759241e-03,1.224085e-02,0.000000e+00,0.000000e+00,215,5.960464e-04,0,0,0
1690,15,21987,5.577318e-04,4.898848e-03,1.252512e-02,0.000000e+00,0.000000e+00,221,4.184395e-04,0,0,0
1691,15,22002,3.931068e-05,4.701491e-03,1.056850e-02,0.000000e+00,0.000000e+00,224,1.220703e-04,0,0,0
1692,12,22014,5.052859e-05,4.509246e-03,1.219197e-02,0.000000e+00,0.000000e+00,207,8.048490e-06,0,0,0
1693,11,22025,5.629845e-06,4.758193e-03,1.089853e-02,0.000000e+00,0.000000e+00,217,6.454438e-04,0,0,0
1694,16,22041,8.132748e-05,4.759973e-03,1.345545e-02,0.000000e+00,0.000000e+00,199,2.967454e-04,0,0,0
1695,15,22056,5.951060e-05,4.567915e-03,1.227386e-02,0.000000e+00,0.000000e+00,229,1.220703e-04,0,0,0
1696,13,22069,1.006446e-04,4.860499e-03,1.081810e-02,0.000000e+00,0.000000e+00,219,5.215406e-07,0,0,0
1697,12,22081,6.262935e-05,4.646872e-03,1.111402e-02,0.000000e+00,0.000000e+00,232,8.380413e-05,0,0,0
1698,11,22092,7.761856e-05,4.777979e-03,1.327280e-02,0.000000e+00,0.000000e+00,220,4.916787e-04,0,0,0
1699,22,22114,1.713611e-04,4.939549e-03,1.417909e-02,0.000000e+00,0.000000e+00,208,1.220703e-04,0,0,0
1700,12,22126,3.929389e-05,4.814971e-03,1.312476e-02,0.000000e+00,0.000000e+00,207,8.615851e-05,0,0,0
1701,10,22136,9.788087e-06,4.776871e-03,1.307141e-02,0.000000e+00,0.000000e+00,224,1.220703e-04,0,0,0
1702,15,22151,9.576970e-06,4.862915e-03,1.332838e-02,0.000000e+00,0.000000e+00,205,1.220703e-04,0,0,0
1703,15,22166,8.428469e-07,4.926813e-03,1.415563e-02,0.000000e+00,0.000000e+00,226,5.984306e-05,0,1,0
1704,15,22181,8.056458e-05,5.012107e-03,1.363255e-02,0.000000e+00,0.000000e+00,191,5.498528e-05,0,0,0
1705,12,22193,1.154850e-04,5.020901e-03,1.027001e-02,0.000000e+00,0.000000e+00,211,4.562456e-05,0,0,0
1706,11,22204,1.590699e-05,4.780518e-03,1.206227e-02,0.000000e+00,0.000000e+00,219,3.232043e-04,0,0,0
1707,11,22215,8.370014e-05,4.771370e-03,1.213295e-02,0.000000e+00,0.000000e+00,236,2.239421e-04,0,0,0
1708,12,22227,9.142744e-05,4.743393e-03,1.080575e-02,0.000000e+00,0.000000e+00,216,3.677607e-05,0,0,0
1709,12,22239,2.806638e-05,4.607554e-03,1.180416e-02,0.000000e+00,0.000000e+00,218,1.220703e-04,0,0,0
1710,10,22249,1.290924e-05,4.921890e-03,1.143978e-02,0.000000e+00,0.000000e+00,195,1.907349e-06,0,0,0
1711,11,22260,6.536426e-05,4.867352e-03,1.364773e-02,0.000000e+00,0.000000e+00,223,2.009422e-04,0,0,0
1712,18,22278,1.482511e-04,4.662203e-03,1.268643e-02,0.000000e+00,0.000000e+00,227,1.220703e-04,0,0,0
1713,11,22289,5.104113e-05,4.850216e-03,1.131201e-02,0.000000e+00,0.000000e+00,205,1.220703e-04,0,0,0
1714,12,22301,9.922433e-06,4.900075e-03,1.197900e-02,0.000000e+00,0.000000e+00,225,1.220703e-04,0,0,0
1715,13,22314,5.110167e-05,4.624697e-03,1.271761e-02,0.000000e+00,0.000000e+00,219,6.426871e-04,0,0,0
1716,12,22326,2.730108e-06,4.562959e-03,1.058659e-02,0.000000e+00,0.000000e+00,195,5.351603e-04,0,0,0
1717,14,22340,1.252083e-04,4.512027e-03,1.094093e-02,0.000000e+00,0.000000e+00,220,4.550815e-04,0,0,0
1718,12,22352,6.091164e-06,4.603449e-03,1.434225e-02,0.000000e+00,0.000000e+00,200,2.835691e-05,0,0,0
1719,12,22364,3.578409e-05,4.597801e-03,1.409118e-02,0.000000e+00,0.000000e+00,222,3.991723e-04,0,0,0
1720,13,22377,4.394446e-05,4.671674e-03,1.206812e-02,0.000000e+00,0.000000e+00,193,5.915761e-06,0,0,0
1721,11,22388,1.506598e-06,4.668307e-03,1.083967e-02,0.000000e+00,0.000000e+00,207,3.188923e-04,0,0,0
1722,14,22402,9.511132e-05,4.743407e-03,1.111688e-02,0.000000e+00,0.000000e+00,209,6.600544e-04,0,0,0
1723,13,22415,2.142042e-05,4.628698e-03,1.334981e-02,0.000000e+00,0.000000e+00,217,4.689842e-04,0,0,0
1724,13,22428,2.103959e-06,4.528515e-03,1.116204e-02,0.000000e+00,0.000000e+00,195,1.220703e-04,0,0,0
1725,15,22443,2.364495e-05,4.662854e-03,1.205190e-02,0.000000e+00,0.000000e+00,220,1.817942e-06,0,0,0
1726,16,22459,3.761146e-05,4.915891e-03,1.218453e-02,0.000000e+00,0.000000e+00,187,5.571470e-04,0,0,0
1727,14,22473,1.330508e-05,4.658869e-03,1.104592e-02,0.000000e+00,0.000000e+00,239,1.241565e-04,0,0,0
HIST {'total_samples': 1945758, 'floor_samples': 19, 'floor_fraction': 9.76483200891375e-06, 'saturation_depth': 4.6566128730773926e-08, 'boundaries': 1728, 'capped_boundaries': 0, 'unfinished_worlds': 0}
1728,17,22490,2.154149e-04,4.899309e-03,1.226214e-02,0.000000e+00,0.000000e+00,204,1.220703e-04,0,0,0
1729,16,22506,1.559965e-06,4.711364e-03,1.120716e-02,0.000000e+00,0.000000e+00,221,5.202964e-04,0,0,0
1730,15,22521,2.022879e-04,4.691727e-03,1.116774e-02,0.000000e+00,0.000000e+00,218,2.236813e-04,0,0,0
1731,23,22544,1.120784e-04,4.795991e-03,1.062407e-02,0.000000e+00,0.000000e+00,225,1.220703e-04,0,0,0
1732,21,22565,2.005598e-06,4.926554e-03,1.099362e-02,0.000000e+00,0.000000e+00,215,1.909435e-04,0,0,0
1733,13,22578,2.034386e-05,4.906952e-03,1.256477e-02,0.000000e+00,0.000000e+00,215,3.848672e-04,0,0,0
1734,10,22588,1.986406e-06,4.719501e-03,1.170089e-02,0.000000e+00,0.000000e+00,210,1.220703e-04,0,0,0
1735,14,22602,5.760230e-05,4.893435e-03,1.089000e-02,0.000000e+00,0.000000e+00,207,1.220703e-04,0,0,0
1736,13,22615,6.314367e-05,4.970405e-03,1.261625e-02,0.000000e+00,0.000000e+00,203,3.000498e-04,0,0,0
1737,14,22629,6.156178e-05,4.924433e-03,1.259960e-02,0.000000e+00,0.000000e+00,207,1.220703e-04,0,0,0
1738,15,22644,2.352707e-04,5.087256e-03,1.287833e-02,0.000000e+00,0.000000e+00,192,3.202260e-05,0,0,0
1739,10,22654,1.564246e-04,4.855807e-03,1.006228e-02,0.000000e+00,0.000000e+00,226,1.220703e-04,0,0,0
1740,11,22665,7.916242e-08,4.888817e-03,1.293729e-02,0.000000e+00,0.000000e+00,195,5.741864e-04,0,1,0
1741,16,22681,4.305039e-05,4.893429e-03,1.205522e-02,0.000000e+00,0.000000e+00,220,1.455843e-05,0,0,0
1742,15,22696,1.641363e-04,4.887489e-03,1.226492e-02,0.000000e+00,0.000000e+00,208,1.220703e-04,0,0,0
1743,13,22709,4.210796e-05,4.711982e-03,1.023307e-02,0.000000e+00,0.000000e+00,220,4.575998e-04,0,0,0
1744,13,22722,1.160728e-04,4.790836e-03,1.108872e-02,0.000000e+00,0.000000e+00,195,1.220703e-04,0,0,0
1745,19,22741,7.068294e-05,4.579776e-03,1.181849e-02,0.000000e+00,0.000000e+00,202,8.617342e-05,0,0,0
1746,12,22753,1.569279e-05,5.083422e-03,1.175480e-02,0.000000e+00,0.000000e+00,191,7.793903e-04,0,0,0
1747,14,22767,7.100403e-05,4.686668e-03,1.095031e-02,0.000000e+00,0.000000e+00,208,1.263171e-04,0,0,0
1748,11,22778,8.577015e-05,4.951693e-03,1.294515e-02,0.000000e+00,0.000000e+00,187,5.626827e-04,0,0,0
1749,14,22792,4.982088e-05,4.668627e-03,1.014342e-02,0.000000e+00,0.000000e+00,228,9.953976e-06,0,0,0
1750,18,22810,1.134863e-04,4.507288e-03,1.249160e-02,0.000000e+00,0.000000e+00,229,2.106186e-05,0,0,0
1751,12,22822,9.052540e-05,4.519505e-03,1.089000e-02,0.000000e+00,0.000000e+00,231,3.652275e-05,0,0,0
1752,12,22834,1.483597e-05,4.921267e-03,1.317690e-02,0.000000e+00,0.000000e+00,195,4.487950e-04,0,0,0
1753,14,22848,2.884772e-05,4.823162e-03,1.253828e-02,0.000000e+00,0.000000e+00,209,3.638715e-04,0,0,0
1754,12,22860,3.488685e-05,4.564122e-03,1.089000e-02,0.000000e+00,0.000000e+00,212,4.996061e-04,0,0,0
1755,12,22872,3.751620e-05,4.644139e-03,1.114910e-02,0.000000e+00,0.000000e+00,230,1.525357e-04,0,0,0
1756,12,22884,2.069629e-04,4.504728e-03,1.076627e-02,0.000000e+00,0.000000e+00,220,6.914213e-04,0,0,0
1757,12,22896,1.362246e-04,4.569923e-03,1.008694e-02,0.000000e+00,0.000000e+00,211,4.055202e-04,0,0,0
1758,12,22908,2.832355e-04,4.761067e-03,1.167933e-02,0.000000e+00,0.000000e+00,218,1.220703e-04,0,0,0
1759,13,22921,1.434147e-04,4.673976e-03,1.040019e-02,0.000000e+00,0.000000e+00,231,4.156679e-05,0,0,0
1760,14,22935,6.371372e-05,4.755102e-03,1.165871e-02,0.000000e+00,0.000000e+00,214,1.220703e-04,0,0,0
1761,13,22948,9.648941e-06,4.435314e-03,1.073509e-02,0.000000e+00,0.000000e+00,221,5.239919e-04,0,0,0
1762,12,22960,3.145143e-05,4.633972e-03,1.363206e-02,0.000000e+00,0.000000e+00,204,8.058548e-05,0,0,0
1763,12,22972,4.817274e-06,4.749489e-03,1.066478e-02,0.000000e+00,0.000000e+00,207,1.452714e-04,0,0,0
1764,13,22985,6.053597e-08,4.915343e-03,1.241657e-02,0.000000e+00,0.000000e+00,211,2.500862e-04,0,1,0
1765,11,22996,1.206622e-04,4.581586e-03,1.078389e-02,0.000000e+00,0.000000e+00,229,1.220703e-04,0,0,0
1766,15,23011,2.078712e-05,4.870636e-03,1.116756e-02,0.000000e+00,0.000000e+00,204,1.220703e-04,0,0,0
1767,10,23021,1.952339e-05,4.803271e-03,1.059202e-02,0.000000e+00,0.000000e+00,204,6.470978e-04,0,0,0
1768,15,23036,5.594920e-05,4.819461e-03,1.287896e-02,0.000000e+00,0.000000e+00,207,1.483001e-04,0,0,0
1769,14,23050,2.386326e-05,4.503069e-03,1.224880e-02,0.000000e+00,0.000000e+00,238,2.796948e-04,0,0,0
1770,14,23064,1.696842e-05,4.738695e-03,1.322946e-02,0.000000e+00,0.000000e+00,199,1.220703e-04,0,0,0
1771,26,23090,2.067973e-06,4.717111e-03,1.048922e-02,0.000000e+00,0.000000e+00,216,8.420646e-05,0,0,0
1772,18,23108,7.564202e-05,4.648166e-03,1.200154e-02,0.000000e+00,0.000000e+00,210,4.697703e-04,0,0,0
1773,14,23122,2.315074e-06,4.546117e-03,1.290718e-02,0.000000e+00,0.000000e+00,218,1.220703e-04,0,0,0
1774,20,23142,9.268453e-05,4.615267e-03,1.107356e-02,0.000000e+00,0.000000e+00,209,5.795211e-04,0,0,0
1775,19,23161,1.951859e-05,4.439245e-03,1.119355e-02,0.000000e+00,0.000000e+00,232,6.740689e-04,0,0,0
HIST {'total_samples': 2002345, 'floor_samples': 21, 'floor_fraction': 1.0487703168035478e-05, 'saturation_depth': 4.6566128730773926e-08, 'boundaries': 1776, 'capped_boundaries': 0, 'unfinished_worlds': 0}
1776,23,23184,7.529743e-06,4.494581e-03,1.207618e-02,0.000000e+00,0.000000e+00,226,3.401935e-05,0,0,0
1777,13,23197,1.111627e-04,4.518629e-03,1.197900e-02,0.000000e+00,0.000000e+00,245,5.202182e-05,0,0,0
1778,14,23211,1.969373e-05,4.935441e-03,1.317690e-02,0.000000e+00,0.000000e+00,194,1.220703e-04,0,0,0
1779,13,23224,8.529310e-05,4.702467e-03,1.284686e-02,0.000000e+00,0.000000e+00,237,1.220703e-04,0,0,0
1780,12,23236,1.327787e-04,4.663759e-03,1.317690e-02,0.000000e+00,0.000000e+00,212,1.220703e-04,0,0,0
1781,19,23255,1.850572e-04,4.795810e-03,1.240279e-02,0.000000e+00,0.000000e+00,223,1.618713e-04,0,0,0
1782,12,23267,1.628949e-06,4.971606e-03,1.487226e-02,0.000000e+00,0.000000e+00,208,4.459172e-06,0,0,0
1783,17,23284,7.686527e-05,4.522942e-03,1.370134e-02,0.000000e+00,0.000000e+00,244,1.220703e-04,0,0,0
1784,13,23297,4.898121e-05,4.824886e-03,1.317690e-02,0.000000e+00,0.000000e+00,212,6.029196e-05,0,0,0
1785,10,23307,3.721392e-05,4.735447e-03,1.182117e-02,0.000000e+00,0.000000e+00,225,4.098415e-04,0,0,0
1786,17,23324,5.042180e-05,4.955642e-03,1.279761e-02,0.000000e+00,0.000000e+00,216,1.220703e-04,0,0,0
1787,11,23335,1.979526e-05,4.543912e-03,1.092504e-02,0.000000e+00,0.000000e+00,228,1.507998e-04,0,0,0
1788,12,23347,2.608237e-05,4.755394e-03,1.377583e-02,0.000000e+00,0.000000e+00,210,1.845062e-04,0,0,0
1789,14,23361,8.457338e-05,4.493857e-03,1.233264e-02,0.000000e+00,0.000000e+00,262,1.526810e-04,0,0,0
1790,11,23372,1.452187e-04,4.518447e-03,1.122565e-02,0.000000e+00,0.000000e+00,207,3.468171e-04,0,0,0
1791,14,23386,4.644543e-06,4.596100e-03,1.154386e-02,0.000000e+00,0.000000e+00,228,2.023033e-04,0,0,0
1792,14,23400,6.136746e-06,4.432291e-03,1.343964e-02,0.000000e+00,0.000000e+00,232,6.160140e-04,0,0,0
1793,13,23413,3.812556e-05,4.498068e-03,1.040152e-02,0.000000e+00,0.000000e+00,230,1.454353e-04,0,0,0
1794,18,23431,6.915070e-05,4.732093e-03,1.270690e-02,0.000000e+00,0.000000e+00,206,1.789629e-05,0,0,0
1795,13,23444,4.131628e-05,4.639295e-03,1.347431e-02,0.000000e+00,0.000000e+00,226,3.342181e-04,0,0,0
1796,11,23455,1.862645e-07,4.658219e-03,1.262792e-02,0.000000e+00,0.000000e+00,196,1.220703e-04,0,1,0
1797,16,23471,1.643343e-06,4.645369e-03,1.222809e-02,0.000000e+00,0.000000e+00,215,5.953312e-04,0,0,0
1798,12,23483,1.033349e-04,4.818921e-03,1.237005e-02,0.000000e+00,0.000000e+00,226,1.861285e-04,0,0,0
1799,13,23496,7.390005e-05,4.499262e-03,1.099022e-02,0.000000e+00,0.000000e+00,221,1.599491e-04,0,0,0
1800,14,23510,1.491979e-05,4.535996e-03,1.252348e-02,0.000000e+00,0.000000e+00,217,4.250109e-04,0,0,0
1801,12,23522,1.976258e-04,4.465261e-03,1.449459e-02,0.000000e+00,0.000000e+00,187,5.677342e-06,0,0,0
1802,12,23534,5.556178e-05,4.537738e-03,1.105431e-02,0.000000e+00,0.000000e+00,196,1.955070e-04,0,0,0
1803,13,23547,6.231479e-05,4.592373e-03,1.185482e-02,0.000000e+00,0.000000e+00,223,1.468360e-04,0,0,0
1804,17,23564,6.853339e-05,4.505877e-03,1.372347e-02,0.000000e+00,0.000000e+00,215,1.017600e-04,0,0,0
1805,19,23583,6.291724e-05,4.579918e-03,1.102224e-02,0.000000e+00,0.000000e+00,227,4.343987e-04,0,0,0
1806,28,23611,6.863847e-06,4.789094e-03,1.200002e-02,0.000000e+00,0.000000e+00,192,1.766682e-04,0,0,0
1807,20,23631,3.471505e-05,4.682628e-03,1.047278e-02,0.000000e+00,0.000000e+00,210,1.220703e-04,0,0,0
1808,12,23643,7.005874e-05,4.727943e-03,1.197900e-02,0.000000e+00,0.000000e+00,221,3.928244e-04,0,0,0
1809,15,23658,1.539129e-04,4.751966e-03,1.049977e-02,0.000000e+00,0.000000e+00,210,1.220703e-04,0,0,0
1810,13,23671,1.584552e-04,4.838725e-03,1.035048e-02,0.000000e+00,0.000000e+00,203,7.364005e-04,0,0,0
1811,10,23681,1.308043e-05,4.663060e-03,1.251369e-02,0.000000e+00,0.000000e+00,196,1.220703e-04,0,0,0
1812,17,23698,4.829269e-05,4.666326e-03,1.317690e-02,0.000000e+00,0.000000e+00,210,2.122670e-05,0,0,0
1813,10,23708,1.567533e-05,4.960116e-03,1.274682e-02,0.000000e+00,0.000000e+00,193,1.220703e-04,0,0,0
1814,12,23720,2.015382e-05,4.846887e-03,1.132704e-02,0.000000e+00,0.000000e+00,198,5.728332e-05,0,0,0
1815,10,23730,1.327173e-04,4.885773e-03,1.192010e-02,0.000000e+00,0.000000e+00,197,1.823902e-05,0,0,0
1816,11,23741,7.872932e-05,4.909146e-03,1.500720e-02,0.000000e+00,0.000000e+00,212,1.220703e-04,0,0,0
1817,13,23754,2.475502e-04,4.875100e-03,1.181090e-02,0.000000e+00,0.000000e+00,219,3.993511e-06,0,0,0
1818,12,23766,5.252659e-06,4.945375e-03,1.354507e-02,0.000000e+00,0.000000e+00,198,3.206432e-04,0,0,0
1819,11,23777,1.038593e-04,4.781430e-03,1.061273e-02,0.000000e+00,0.000000e+00,231,1.220703e-04,0,0,0
1820,12,23789,1.002415e-04,4.819565e-03,1.319544e-02,0.000000e+00,0.000000e+00,194,4.065037e-05,0,0,0
1821,13,23802,8.921553e-05,4.673578e-03,1.491400e-02,0.000000e+00,0.000000e+00,205,3.553331e-04,0,0,0
1822,12,23814,1.245294e-04,4.954861e-03,1.821472e-02,0.000000e+00,0.000000e+00,204,1.944751e-04,0,0,0
1823,12,23826,2.205174e-04,4.866871e-03,1.130905e-02,0.000000e+00,0.000000e+00,221,1.220703e-04,0,0,0
HIST {'total_samples': 2059230, 'floor_samples': 22, 'floor_fraction': 1.0683605036834157e-05, 'saturation_depth': 4.6566128730773926e-08, 'boundaries': 1824, 'capped_boundaries': 0, 'unfinished_worlds': 0}
1824,14,23840,5.157938e-05,4.963324e-03,1.493437e-02,0.000000e+00,0.000000e+00,213,1.220703e-04,0,0,0
1825,14,23854,8.323472e-05,4.754131e-03,1.123335e-02,0.000000e+00,0.000000e+00,212,1.220703e-04,0,0,0
1826,12,23866,2.677809e-05,4.796294e-03,1.350774e-02,0.000000e+00,0.000000e+00,212,1.912154e-04,0,0,0
1827,13,23879,1.316424e-05,4.864113e-03,1.107564e-02,0.000000e+00,0.000000e+00,212,7.775426e-05,0,0,0
1828,12,23891,5.869493e-05,4.716702e-03,1.110814e-02,0.000000e+00,0.000000e+00,221,1.220703e-04,0,0,0
1829,9,23900,9.260298e-06,4.809892e-03,1.024981e-02,0.000000e+00,0.000000e+00,173,3.376603e-04,0,0,0
1830,11,23911,2.201600e-05,5.077947e-03,1.127293e-02,0.000000e+00,0.000000e+00,200,1.220703e-04,0,0,0
1831,11,23922,1.594307e-04,4.847085e-03,1.210397e-02,0.000000e+00,0.000000e+00,221,4.611909e-05,0,0,0
1832,15,23937,2.583527e-05,4.855383e-03,1.116775e-02,0.000000e+00,0.000000e+00,226,4.529953e-06,0,0,0
1833,11,23948,1.595842e-05,4.678415e-03,1.000000e-02,0.000000e+00,0.000000e+00,206,1.842678e-04,0,0,0
1834,13,23961,6.129309e-05,4.796291e-03,1.454665e-02,0.000000e+00,0.000000e+00,205,2.000248e-05,0,0,0
1835,12,23973,2.641231e-05,4.799591e-03,1.047271e-02,0.000000e+00,0.000000e+00,182,1.220703e-04,0,0,0
1836,11,23984,6.869654e-05,5.037716e-03,1.108330e-02,0.000000e+00,0.000000e+00,184,1.220703e-04,0,0,0
1837,12,23996,4.565375e-06,4.674800e-03,1.321654e-02,0.000000e+00,0.000000e+00,205,1.220703e-04,0,0,0
1838,13,24009,9.334181e-05,4.912515e-03,1.345131e-02,0.000000e+00,0.000000e+00,192,4.430115e-05,0,0,0
1839,11,24020,1.972076e-05,4.754276e-03,1.117366e-02,0.000000e+00,0.000000e+00,212,1.284480e-04,0,0,0
1840,14,24034,7.825671e-05,4.950864e-03,1.184050e-02,0.000000e+00,0.000000e+00,210,9.179674e-05,0,0,0
1841,17,24051,7.539056e-06,4.872033e-03,1.148137e-02,0.000000e+00,0.000000e+00,213,5.727261e-05,0,0,0
1842,15,24066,2.364162e-04,4.897617e-03,1.208642e-02,0.000000e+00,0.000000e+00,207,2.944469e-05,0,0,0
1843,11,24077,7.454779e-05,4.844326e-03,1.184268e-02,0.000000e+00,0.000000e+00,218,4.566759e-04,0,0,0
1844,14,24091,4.999841e-05,4.803320e-03,1.025461e-02,0.000000e+00,0.000000e+00,187,1.579523e-06,0,0,0
1845,14,24105,6.655231e-05,4.910860e-03,1.122237e-02,0.000000e+00,0.000000e+00,204,3.331900e-04,0,0,0
1846,16,24121,1.900520e-05,4.940129e-03,1.242463e-02,0.000000e+00,0.000000e+00,223,1.220703e-04,0,0,0
1847,10,24131,4.774891e-05,4.926481e-03,1.104426e-02,0.000000e+00,0.000000e+00,217,5.842820e-04,0,0,0
1848,13,24144,2.611596e-05,4.783065e-03,1.244465e-02,0.000000e+00,0.000000e+00,214,1.743734e-04,0,0,0
1849,11,24155,2.207118e-04,4.653853e-03,1.127460e-02,0.000000e+00,0.000000e+00,193,3.150105e-04,0,0,0
1850,16,24171,2.299960e-05,5.110043e-03,1.214138e-02,0.000000e+00,0.000000e+00,206,1.122057e-04,0,0,0
1851,14,24185,3.238209e-05,4.763255e-03,1.055537e-02,0.000000e+00,0.000000e+00,217,3.197193e-04,0,0,0
1852,13,24198,8.795410e-05,4.806073e-03,1.753243e-02,0.000000e+00,0.000000e+00,213,2.391636e-04,0,0,0
1853,14,24212,2.011191e-05,4.742358e-03,1.000000e-02,0.000000e+00,0.000000e+00,218,1.220703e-04,0,0,0
1854,16,24228,5.786487e-05,4.726770e-03,1.602267e-02,0.000000e+00,0.000000e+00,208,1.220703e-04,0,0,0
1855,12,24240,4.239585e-05,4.693158e-03,1.216230e-02,0.000000e+00,0.000000e+00,201,1.220703e-04,0,0,0
1856,12,24252,1.470996e-04,4.997372e-03,1.291939e-02,0.000000e+00,0.000000e+00,200,6.507337e-04,0,0,0
1857,13,24265,1.199637e-04,4.843744e-03,1.047526e-02,0.000000e+00,0.000000e+00,219,4.011989e-04,0,0,0
1858,11,24276,2.575370e-05,4.842686e-03,1.821472e-02,0.000000e+00,0.000000e+00,209,3.848374e-04,0,0,0
1859,13,24289,4.122034e-05,4.740221e-03,1.191250e-02,0.000000e+00,0.000000e+00,240,2.552867e-04,0,0,0
1860,15,24304,8.838066e-05,4.799348e-03,1.305462e-02,0.000000e+00,0.000000e+00,211,1.353398e-05,0,0,0
1861,10,24314,2.144742e-06,4.680087e-03,1.201303e-02,0.000000e+00,0.000000e+00,211,1.220703e-04,0,0,0
1862,13,24327,1.500360e-05,4.968240e-03,1.060557e-02,0.000000e+00,0.000000e+00,201,2.904795e-06,0,0,0
1863,15,24342,1.075106e-04,4.605470e-03,1.077675e-02,0.000000e+00,0.000000e+00,231,8.477271e-05,0,0,0
1864,10,24352,8.089565e-06,4.749063e-03,1.661919e-02,0.000000e+00,0.000000e+00,193,1.013428e-04,0,0,0
1865,14,24366,1.267530e-05,4.879654e-03,1.292440e-02,0.000000e+00,0.000000e+00,196,1.220703e-04,0,0,0
1866,16,24382,3.293403e-05,4.978308e-03,1.247943e-02,0.000000e+00,0.000000e+00,210,5.426519e-04,0,0,0
1867,16,24398,1.941304e-05,4.685415e-03,1.073168e-02,0.000000e+00,0.000000e+00,248,2.806559e-04,0,0,0
1868,13,24411,9.392388e-05,4.813156e-03,1.286532e-02,0.000000e+00,0.000000e+00,208,2.047867e-04,0,0,0
1869,13,24424,5.697722e-06,4.633660e-03,9.682933e-03,0.000000e+00,0.000000e+00,205,2.538711e-04,0,0,0
1870,13,24437,2.083369e-05,4.871976e-03,1.222553e-02,0.000000e+00,0.000000e+00,199,1.220703e-04,0,0,0
1871,13,24450,2.200400e-05,4.807780e-03,1.458915e-02,0.000000e+00,0.000000e+00,211,5.209297e-04,0,0,0
HIST {'total_samples': 2114672, 'floor_samples': 22, 'floor_fraction': 1.0403504656986995e-05, 'saturation_depth': 4.6566128730773926e-08, 'boundaries': 1872, 'capped_boundaries': 0, 'unfinished_worlds': 0}
1872,13,24463,4.761387e-05,4.887342e-03,1.196765e-02,0.000000e+00,0.000000e+00,202,1.110882e-05,0,0,0
1873,22,24485,1.585297e-04,4.606836e-03,1.178358e-02,0.000000e+00,0.000000e+00,223,5.570650e-04,0,0,0
1874,12,24497,1.327321e-04,4.769952e-03,1.089000e-02,0.000000e+00,0.000000e+00,195,1.554489e-04,0,0,0
1875,11,24508,3.174171e-05,4.652042e-03,1.141879e-02,0.000000e+00,0.000000e+00,229,4.418120e-04,0,0,0
1876,13,24521,3.466848e-05,4.881918e-03,1.040631e-02,0.000000e+00,0.000000e+00,199,1.220703e-04,0,0,0
1877,14,24535,2.400624e-04,4.917672e-03,1.298904e-02,0.000000e+00,0.000000e+00,214,2.124608e-04,0,0,0
1878,19,24554,2.247002e-04,5.031750e-03,1.608724e-02,0.000000e+00,0.000000e+00,196,1.499802e-05,0,0,0
1879,13,24567,5.973372e-05,4.844232e-03,1.001679e-02,0.000000e+00,0.000000e+00,196,1.902580e-04,0,0,0
1880,12,24579,1.256857e-05,4.947968e-03,1.131560e-02,0.000000e+00,0.000000e+00,208,2.893060e-04,0,0,0
1881,13,24592,2.000481e-05,4.693761e-03,1.101539e-02,0.000000e+00,0.000000e+00,222,4.154071e-04,0,0,0
1882,11,24603,3.304919e-05,4.557158e-03,1.143205e-02,0.000000e+00,0.000000e+00,217,1.220703e-04,0,0,0
1883,16,24619,2.188329e-04,4.619215e-03,1.029433e-02,0.000000e+00,0.000000e+00,199,2.945960e-05,0,0,0
1884,10,24629,3.340654e-05,4.882583e-03,1.265932e-02,0.000000e+00,0.000000e+00,178,1.220703e-04,0,0,0
1885,11,24640,3.591844e-05,4.788297e-03,1.143138e-02,0.000000e+00,0.000000e+00,202,1.220703e-04,0,0,0
1886,11,24651,1.135706e-05,4.938229e-03,1.259563e-02,0.000000e+00,0.000000e+00,186,1.220703e-04,0,0,0
1887,15,24666,1.236517e-04,4.706381e-03,1.268207e-02,0.000000e+00,0.000000e+00,218,1.186132e-05,0,0,0
1888,11,24677,8.144743e-06,4.674853e-03,1.304726e-02,0.000000e+00,0.000000e+00,210,2.328753e-04,0,0,0
1889,12,24689,5.123671e-05,4.489005e-03,1.163590e-02,0.000000e+00,0.000000e+00,223,3.853142e-04,0,0,0
1890,12,24701,1.042311e-04,4.854969e-03,1.302176e-02,0.000000e+00,0.000000e+00,175,2.533756e-04,0,0,0
1891,18,24719,4.503410e-05,4.882398e-03,1.277854e-02,0.000000e+00,0.000000e+00,221,1.220703e-04,0,0,0
1892,13,24732,1.385622e-04,4.815303e-03,1.487226e-02,0.000000e+00,0.000000e+00,207,1.220703e-04,0,0,0
1893,11,24743,3.873011e-05,4.694441e-03,1.154977e-02,0.000000e+00,0.000000e+00,230,1.220703e-04,0,0,0
1894,13,24756,1.938425e-06,4.832846e-03,1.122114e-02,0.000000e+00,0.000000e+00,187,1.679510e-04,0,0,0
1895,12,24768,6.181368e-05,4.638957e-03,1.292157e-02,0.000000e+00,0.000000e+00,217,7.197261e-06,0,0,0
1896,13,24781,7.559857e-05,4.706196e-03,1.115582e-02,0.000000e+00,0.000000e+00,205,1.420826e-04,0,0,0
1897,14,24795,1.576170e-05,4.852670e-03,1.147528e-02,0.000000e+00,0.000000e+00,234,1.220703e-04,0,0,0
1898,15,24810,1.225190e-05,4.950593e-03,1.278680e-02,0.000000e+00,0.000000e+00,208,5.768612e-06,0,0,0
1899,12,24822,7.825671e-06,4.768085e-03,1.086680e-02,0.000000e+00,0.000000e+00,225,5.471706e-05,0,0,0
1900,23,24845,1.568565e-04,4.817386e-03,1.134771e-02,0.000000e+00,0.000000e+00,211,1.220703e-04,0,0,0
1901,14,24859,7.287133e-05,4.726753e-03,1.101576e-02,0.000000e+00,0.000000e+00,223,3.224462e-04,0,0,0
1902,16,24875,3.357884e-05,4.939102e-03,1.184230e-02,0.000000e+00,0.000000e+00,182,1.633167e-05,0,0,0
1903,16,24891,3.944023e-05,4.802323e-03,1.110665e-02,0.000000e+00,0.000000e+00,202,1.522899e-04,0,0,0
1904,13,24904,4.670932e-06,4.959142e-03,1.220469e-02,0.000000e+00,0.000000e+00,211,1.220703e-04,0,0,0
1905,15,24919,2.837825e-05,4.715985e-03,1.213692e-02,0.000000e+00,0.000000e+00,225,1.001870e-04,0,0,0
1906,15,24934,7.134862e-05,4.979258e-03,1.224126e-02,0.000000e+00,0.000000e+00,207,5.990267e-06,0,0,0
1907,11,24945,5.805678e-06,4.911807e-03,1.089000e-02,0.000000e+00,0.000000e+00,215,2.059937e-04,0,0,0
1908,11,24956,6.967054e-05,4.777014e-03,1.284252e-02,0.000000e+00,0.000000e+00,205,2.604127e-04,0,0,0
1909,10,24966,1.108274e-06,4.760668e-03,1.065774e-02,0.000000e+00,0.000000e+00,208,1.220703e-04,0,0,0
1910,12,24978,5.857553e-05,4.889471e-03,1.607805e-02,0.000000e+00,0.000000e+00,207,1.462623e-04,0,0,0
1911,12,24990,8.237107e-05,4.906863e-03,1.117442e-02,0.000000e+00,0.000000e+00,205,1.220703e-04,0,0,0
1912,10,25000,7.814728e-05,4.940402e-03,1.394187e-02,0.000000e+00,0.000000e+00,207,1.220703e-04,0,0,0
1913,14,25014,1.105387e-04,4.856995e-03,1.322657e-02,0.000000e+00,0.000000e+00,232,1.662001e-04,0,0,0
1914,11,25025,8.881249e-06,4.914802e-03,1.606232e-02,0.000000e+00,0.000000e+00,191,1.220703e-04,0,0,0
1915,16,25041,1.153579e-04,4.898147e-03,1.050593e-02,0.000000e+00,0.000000e+00,206,3.641993e-04,0,0,0
1916,12,25053,5.435027e-05,4.728836e-03,1.311687e-02,0.000000e+00,0.000000e+00,207,2.690479e-04,0,0,0
1917,20,25073,5.770412e-05,4.676407e-03,1.015060e-02,0.000000e+00,0.000000e+00,205,1.220703e-04,0,0,0
1918,12,25085,1.478769e-05,4.804508e-03,1.201513e-02,0.000000e+00,0.000000e+00,210,2.333298e-04,0,0,0
1919,13,25098,4.254699e-05,4.558762e-03,1.350071e-02,0.000000e+00,0.000000e+00,213,1.710206e-04,0,0,0
HIST {'total_samples': 2170297, 'floor_samples': 22, 'floor_fraction': 1.013686145260303e-05, 'saturation_depth': 4.6566128730773926e-08, 'boundaries': 1920, 'capped_boundaries': 0, 'unfinished_worlds': 0}
1920,18,25116,5.520912e-05,4.649624e-03,1.485078e-02,0.000000e+00,0.000000e+00,199,2.980232e-07,0,0,0
1921,15,25131,1.049532e-04,4.587292e-03,1.186569e-02,0.000000e+00,0.000000e+00,215,9.700656e-06,0,0,0
1922,13,25144,5.273148e-05,4.658856e-03,1.066946e-02,0.000000e+00,0.000000e+00,197,3.055483e-04,0,0,0
1923,17,25161,1.568253e-05,4.695149e-03,1.183064e-02,0.000000e+00,0.000000e+00,220,1.530945e-04,0,0,0
1924,11,25172,1.242850e-05,4.533187e-03,1.540553e-02,0.000000e+00,0.000000e+00,213,3.291667e-04,0,0,0
1925,15,25187,7.799761e-05,4.625157e-03,1.210830e-02,0.000000e+00,0.000000e+00,203,1.220703e-04,0,0,0
1926,11,25198,2.196082e-05,4.736451e-03,1.481211e-02,0.000000e+00,0.000000e+00,186,7.341132e-04,0,0,0
1927,12,25210,5.155538e-06,4.752988e-03,1.086617e-02,0.000000e+00,0.000000e+00,217,1.220703e-04,0,0,0
1928,11,25221,6.795522e-05,4.562249e-03,1.586705e-02,0.000000e+00,0.000000e+00,229,6.166101e-05,0,0,0
1929,12,25233,1.151875e-04,4.735508e-03,1.231746e-02,0.000000e+00,0.000000e+00,206,1.789108e-04,0,0,0
1930,13,25246,1.626229e-04,4.826361e-03,1.165542e-02,0.000000e+00,0.000000e+00,201,2.875328e-04,0,0,0
1931,10,25256,5.090764e-06,4.723661e-03,1.186454e-02,0.000000e+00,0.000000e+00,217,1.220703e-04,0,0,0
1932,14,25270,1.547933e-04,4.720523e-03,1.000000e-02,0.000000e+00,0.000000e+00,193,1.554638e-04,0,0,0
1933,17,25287,7.450581e-06,4.786811e-03,1.076953e-02,0.000000e+00,0.000000e+00,207,5.165115e-04,0,0,0
1934,14,25301,9.750016e-05,4.522068e-03,1.349468e-02,0.000000e+00,0.000000e+00,227,1.220703e-04,0,0,0
1935,11,25312,6.427030e-05,4.694527e-03,1.182997e-02,0.000000e+00,0.000000e+00,187,1.405762e-04,0,0,0
1936,11,25323,2.473651e-05,4.745136e-03,1.350683e-02,0.000000e+00,0.000000e+00,196,9.569526e-05,0,0,0
1937,12,25335,7.264316e-06,4.486184e-03,1.124969e-02,0.000000e+00,0.000000e+00,205,2.674013e-04,0,0,0
1938,15,25350,7.921632e-06,4.512561e-03,1.385732e-02,0.000000e+00,0.000000e+00,215,2.361052e-04,0,0,0
1939,17,25367,7.756986e-05,4.894683e-03,1.139263e-02,0.000000e+00,0.000000e+00,212,1.551211e-05,0,0,0
1940,11,25378,2.209996e-05,4.680821e-03,1.487226e-02,0.000000e+00,0.000000e+00,231,2.743155e-04,0,0,0
1941,14,25392,1.796402e-05,4.587911e-03,1.050225e-02,0.000000e+00,0.000000e+00,226,1.220703e-04,0,0,0
1942,12,25404,1.071021e-06,4.646785e-03,1.315230e-02,0.000000e+00,0.000000e+00,214,1.220703e-04,0,0,0
1943,11,25415,5.536713e-06,4.655126e-03,1.090024e-02,0.000000e+00,0.000000e+00,211,1.192093e-05,0,0,0
1944,15,25430,1.304783e-05,4.622969e-03,1.341130e-02,0.000000e+00,0.000000e+00,224,1.220703e-04,0,0,0
1945,18,25448,2.816570e-04,4.662362e-03,1.138547e-02,0.000000e+00,0.000000e+00,205,2.819821e-04,0,0,0
1946,12,25460,1.083408e-04,4.836989e-03,1.308986e-02,0.000000e+00,0.000000e+00,201,2.270937e-05,0,0,0
1947,13,25473,3.079169e-05,4.572767e-03,1.077483e-02,0.000000e+00,0.000000e+00,221,5.099177e-05,0,0,0
1948,11,25484,2.124207e-04,4.897634e-03,1.407729e-02,0.000000e+00,0.000000e+00,211,2.245605e-04,0,0,0
1949,11,25495,3.047022e-05,4.697737e-03,1.098743e-02,0.000000e+00,0.000000e+00,233,1.513958e-05,0,0,0
1950,13,25508,9.407119e-05,4.584944e-03,1.036827e-02,0.000000e+00,0.000000e+00,198,4.333258e-05,0,0,0
1951,12,25520,3.101240e-05,4.958342e-03,1.247955e-02,0.000000e+00,0.000000e+00,213,1.220703e-04,0,0,0
1952,13,25533,6.406878e-05,4.737748e-03,1.475603e-02,0.000000e+00,0.000000e+00,228,1.345910e-04,0,0,0
1953,11,25544,4.574731e-04,4.905824e-03,1.483869e-02,0.000000e+00,0.000000e+00,196,1.737326e-04,0,0,0
1954,12,25556,9.507407e-05,4.903247e-03,1.317690e-02,0.000000e+00,0.000000e+00,210,1.531336e-04,0,0,0
1955,10,25566,1.596562e-04,4.715856e-03,1.320038e-02,0.000000e+00,0.000000e+00,223,1.110435e-04,0,0,0
1956,10,25576,1.983095e-04,4.923102e-03,1.150072e-02,0.000000e+00,0.000000e+00,206,1.220703e-04,0,0,0
1957,11,25587,4.319474e-05,4.817597e-03,1.026086e-02,0.000000e+00,0.000000e+00,218,2.758130e-04,0,0,0
1958,11,25598,5.456138e-05,4.777465e-03,1.328249e-02,0.000000e+00,0.000000e+00,222,9.536743e-07,0,0,0
1959,11,25609,4.795682e-06,4.787158e-03,1.089582e-02,0.000000e+00,0.000000e+00,227,1.209006e-04,0,0,0
1960,14,25623,5.174731e-06,4.742291e-03,1.492779e-02,0.000000e+00,0.000000e+00,236,4.556775e-05,0,0,0
1961,15,25638,9.604730e-05,4.768283e-03,1.137941e-02,0.000000e+00,0.000000e+00,207,8.811355e-04,0,0,0
1962,18,25656,7.082688e-05,4.714443e-03,1.089631e-02,0.000000e+00,0.000000e+00,211,1.220703e-04,0,0,0
1963,16,25672,1.067093e-05,5.039414e-03,1.100022e-02,0.000000e+00,0.000000e+00,224,1.220703e-04,0,0,0
1964,10,25682,6.915070e-05,5.062683e-03,1.093771e-02,0.000000e+00,0.000000e+00,214,2.742112e-04,0,0,0
1965,10,25692,8.767471e-05,4.617509e-03,1.091103e-02,0.000000e+00,0.000000e+00,231,9.479299e-04,0,0,0
1966,12,25704,2.419433e-05,4.970595e-03,1.547741e-02,0.000000e+00,0.000000e+00,196,2.429504e-04,0,0,0
1967,11,25715,5.830079e-05,4.751268e-03,1.044909e-02,0.000000e+00,0.000000e+00,225,3.990531e-05,0,0,0
HIST {'total_samples': 2226625, 'floor_samples': 22, 'floor_fraction': 9.880424409139392e-06, 'saturation_depth': 4.6566128730773926e-08, 'boundaries': 1968, 'capped_boundaries': 0, 'unfinished_worlds': 0}
1968,16,25731,3.073364e-07,5.016056e-03,1.335442e-02,0.000000e+00,0.000000e+00,205,1.220703e-04,0,1,0
1969,12,25743,8.827541e-05,4.959818e-03,1.193547e-02,0.000000e+00,0.000000e+00,234,1.301765e-04,0,0,0
1970,13,25756,8.045183e-05,4.862405e-03,1.187710e-02,0.000000e+00,0.000000e+00,219,2.131611e-05,0,0,0
1971,12,25768,4.344663e-05,4.736814e-03,1.095368e-02,0.000000e+00,0.000000e+00,223,2.868110e-04,0,0,0
1972,12,25780,4.989095e-05,4.618369e-03,1.201842e-02,0.000000e+00,0.000000e+00,215,1.220703e-04,0,0,0
1973,12,25792,2.188645e-05,4.870435e-03,1.469163e-02,0.000000e+00,0.000000e+00,211,1.793355e-04,0,0,0
1974,13,25805,1.057497e-04,4.914037e-03,1.149142e-02,0.000000e+00,0.000000e+00,215,6.265193e-04,0,0,0
1975,14,25819,3.853347e-05,4.526866e-03,1.323066e-02,0.000000e+00,0.000000e+00,237,4.108176e-04,0,0,0
1976,11,25830,1.376953e-04,4.678939e-03,1.317690e-02,0.000000e+00,0.000000e+00,186,2.852529e-04,0,0,0
1977,14,25844,1.019472e-04,4.374688e-03,1.113191e-02,0.000000e+00,0.000000e+00,238,1.907349e-06,0,0,0
1978,16,25860,5.562790e-05,4.795630e-03,1.215168e-02,0.000000e+00,0.000000e+00,209,6.100535e-05,0,0,0
1979,11,25871,2.114323e-04,4.594065e-03,1.286011e-02,0.000000e+00,0.000000e+00,194,1.515746e-04,0,0,0
1980,13,25884,2.058689e-04,4.670709e-03,1.169904e-02,0.000000e+00,0.000000e+00,202,2.811328e-04,0,0,0
1981,11,25895,6.724149e-06,4.387974e-03,1.133142e-02,0.000000e+00,0.000000e+00,234,3.242493e-05,0,0,0
1982,11,25906,4.615754e-05,4.605929e-03,1.074716e-02,0.000000e+00,0.000000e+00,203,1.220703e-04,0,0,0
1983,15,25921,4.394323e-05,4.790759e-03,1.332796e-02,0.000000e+00,0.000000e+00,225,1.626015e-04,0,0,0
1984,16,25937,2.078049e-05,4.902805e-03,1.215605e-02,0.000000e+00,0.000000e+00,198,6.984361e-05,0,0,0
1985,11,25948,5.543698e-05,4.679621e-03,1.146127e-02,0.000000e+00,0.000000e+00,227,1.220703e-04,0,0,0
1986,12,25960,6.211922e-06,4.761638e-03,1.330201e-02,0.000000e+00,0.000000e+00,215,3.128052e-04,0,0,0
1987,12,25972,4.286878e-05,4.611650e-03,1.213788e-02,0.000000e+00,0.000000e+00,222,1.220703e-04,0,0,0
1988,11,25983,2.765134e-05,4.738890e-03,1.115835e-02,0.000000e+00,0.000000e+00,213,5.787909e-04,0,0,0
1989,12,25995,1.891423e-04,4.640231e-03,1.270228e-02,0.000000e+00,0.000000e+00,241,9.719729e-04,0,0,0
1990,13,26008,6.927177e-05,4.442010e-03,1.274749e-02,0.000000e+00,0.000000e+00,210,1.220703e-04,0,0,0
1991,12,26020,9.419397e-05,4.657205e-03,1.099658e-02,0.000000e+00,0.000000e+00,209,1.220703e-04,0,0,0
1992,12,26032,1.567821e-04,4.562489e-03,1.238575e-02,0.000000e+00,0.000000e+00,209,1.220703e-04,0,0,0
1993,15,26047,4.970573e-05,4.901605e-03,1.240401e-02,0.000000e+00,0.000000e+00,208,1.220703e-04,0,0,0
1994,13,26060,5.697002e-05,4.511102e-03,1.153928e-02,0.000000e+00,0.000000e+00,239,1.220703e-04,0,0,0
1995,13,26073,4.656538e-05,4.654993e-03,1.013343e-02,0.000000e+00,0.000000e+00,228,1.453385e-04,0,0,0
1996,14,26087,1.119872e-05,4.807124e-03,1.279140e-02,0.000000e+00,0.000000e+00,204,4.172325e-07,0,0,0
1997,14,26101,7.539056e-05,4.540859e-03,1.075454e-02,0.000000e+00,0.000000e+00,226,1.220703e-04,0,0,0
1998,12,26113,2.140664e-05,4.908807e-03,1.249749e-02,0.000000e+00,0.000000e+00,193,1.220703e-04,0,0,0
1999,12,26125,2.567656e-05,4.636561e-03,1.382233e-02,0.000000e+00,0.000000e+00,205,2.013743e-04,0,0,0
2000,13,26138,1.867674e-04,4.732127e-03,1.095982e-02,0.000000e+00,0.000000e+00,205,4.851259e-05,0,0,0
2001,15,26153,4.310627e-05,4.545050e-03,1.242741e-02,0.000000e+00,0.000000e+00,222,2.029538e-05,0,0,0
2002,10,26163,3.853813e-05,4.730493e-03,1.249489e-02,0.000000e+00,0.000000e+00,202,1.374781e-04,0,0,0
2003,14,26177,2.017833e-05,4.647945e-03,1.089000e-02,0.000000e+00,0.000000e+00,222,4.118681e-05,0,0,0
2004,13,26190,3.974011e-05,4.812397e-03,1.334482e-02,0.000000e+00,0.000000e+00,213,7.212162e-05,0,0,0
2005,13,26203,3.310196e-05,4.520339e-03,1.261332e-02,0.000000e+00,0.000000e+00,232,9.536743e-07,0,0,0
2006,14,26217,2.019273e-05,4.742831e-03,1.189620e-02,0.000000e+00,0.000000e+00,202,2.120547e-04,0,0,0
2007,12,26229,4.498202e-06,4.520404e-03,1.217528e-02,0.000000e+00,0.000000e+00,218,1.220703e-04,0,0,0
2008,13,26242,1.335517e-05,4.859596e-03,1.238883e-02,0.000000e+00,0.000000e+00,202,3.769174e-04,0,0,0
2009,12,26254,8.180729e-07,4.676312e-03,1.132902e-02,0.000000e+00,0.000000e+00,205,1.220703e-04,0,1,0
2010,15,26269,4.763715e-06,4.858684e-03,1.215748e-02,0.000000e+00,0.000000e+00,203,2.107024e-05,0,0,0
2011,11,26280,6.984919e-06,4.568218e-03,1.069728e-02,0.000000e+00,0.000000e+00,210,3.833175e-04,0,0,0
2012,11,26291,1.737937e-04,4.618792e-03,1.278651e-02,0.000000e+00,0.000000e+00,206,1.220703e-04,0,0,0
2013,11,26302,8.762976e-05,4.726788e-03,1.109502e-02,0.000000e+00,0.000000e+00,227,7.241964e-06,0,0,0
2014,13,26315,8.291085e-06,4.679123e-03,1.155611e-02,0.000000e+00,0.000000e+00,212,1.277030e-04,0,0,0
2015,26,26341,3.010316e-05,4.530722e-03,1.006796e-02,0.000000e+00,0.000000e+00,231,1.220703e-04,0,0,0
HIST {'total_samples': 2283537, 'floor_samples': 24, 'floor_fraction': 1.0510011442774958e-05, 'saturation_depth': 4.6566128730773926e-08, 'boundaries': 2016, 'capped_boundaries': 0, 'unfinished_worlds': 0}
2016,12,26353,1.008149e-04,4.712054e-03,1.201692e-02,0.000000e+00,0.000000e+00,192,1.736730e-04,0,0,0
2017,12,26365,1.449500e-05,4.819187e-03,1.242369e-02,0.000000e+00,0.000000e+00,207,1.486186e-04,0,0,0
2018,12,26377,2.359040e-05,4.716850e-03,1.182878e-02,0.000000e+00,0.000000e+00,202,4.172325e-06,0,0,0
2019,13,26390,8.204719e-06,4.701234e-03,1.182306e-02,0.000000e+00,0.000000e+00,205,1.220703e-04,0,0,0
2020,16,26406,3.394643e-05,4.643284e-03,1.251732e-02,0.000000e+00,0.000000e+00,205,1.220703e-04,0,0,0
2021,12,26418,1.063735e-04,4.773349e-03,1.089000e-02,0.000000e+00,0.000000e+00,203,1.220703e-04,0,0,0
2022,13,26431,9.099561e-05,4.803867e-03,1.205958e-02,0.000000e+00,0.000000e+00,213,7.462502e-05,0,0,0
2023,18,26449,1.790468e-05,4.655662e-03,1.154467e-02,0.000000e+00,0.000000e+00,225,1.220703e-04,0,0,0
2024,13,26462,9.689726e-05,4.780091e-03,1.281422e-02,0.000000e+00,0.000000e+00,211,2.298523e-04,0,0,0
2025,15,26477,3.885486e-05,4.850920e-03,1.088291e-02,0.000000e+00,0.000000e+00,212,2.601892e-04,0,0,0
2026,11,26488,2.203687e-04,4.916085e-03,1.413722e-02,0.000000e+00,0.000000e+00,210,6.306320e-04,0,0,0
2027,11,26499,1.823031e-04,4.730564e-03,1.308007e-02,0.000000e+00,0.000000e+00,239,3.353225e-04,0,0,0
2028,12,26511,3.009980e-04,4.954942e-03,1.332821e-02,0.000000e+00,0.000000e+00,189,1.864061e-04,0,0,0
2029,12,26523,1.115314e-05,4.667363e-03,1.069268e-02,0.000000e+00,0.000000e+00,229,1.220703e-04,0,0,0
2030,12,26535,3.296762e-05,4.655708e-03,1.188988e-02,0.000000e+00,0.000000e+00,195,1.220703e-04,0,0,0
2031,15,26550,8.544885e-05,4.644806e-03,1.000000e-02,0.000000e+00,0.000000e+00,212,1.220703e-04,0,0,0
2032,13,26563,5.198961e-05,4.601755e-03,1.169929e-02,0.000000e+00,0.000000e+00,217,8.802414e-04,0,0,0
2033,14,26577,4.351139e-05,4.385223e-03,1.120306e-02,0.000000e+00,0.000000e+00,238,6.763637e-05,0,0,0
2034,13,26590,3.638145e-05,4.543238e-03,1.137236e-02,0.000000e+00,0.000000e+00,198,2.252460e-04,0,0,0
2035,11,26601,3.026630e-05,4.400215e-03,9.802063e-03,0.000000e+00,0.000000e+00,229,1.220703e-04,0,0,0
2036,11,26612,1.175530e-06,4.596319e-03,1.451239e-02,0.000000e+00,0.000000e+00,200,1.220703e-04,0,0,0
2037,13,26625,1.310140e-04,4.641577e-03,1.425351e-02,0.000000e+00,0.000000e+00,232,5.280674e-04,0,0,0
2038,13,26638,7.283874e-05,4.927021e-03,1.269965e-02,0.000000e+00,0.000000e+00,194,1.220703e-04,0,0,0
2039,14,26652,2.301880e-05,4.802581e-03,1.065094e-02,0.000000e+00,0.000000e+00,226,2.592802e-06,0,0,0
2040,13,26665,3.698282e-05,4.619619e-03,1.285474e-02,0.000000e+00,0.000000e+00,221,3.076494e-04,0,0,0
2041,16,26681,6.658956e-05,4.438987e-03,1.216002e-02,0.000000e+00,0.000000e+00,232,1.220703e-04,0,0,0
2042,11,26692,4.172412e-05,4.633595e-03,1.126119e-02,0.000000e+00,0.000000e+00,209,1.220703e-04,0,0,0
2043,17,26709,1.078337e-04,4.091917e-03,1.033768e-02,0.000000e+00,0.000000e+00,221,2.441406e-04,0,0,0
2044,13,26722,4.270971e-05,4.490955e-03,1.216635e-02,0.000000e+00,0.000000e+00,182,5.073622e-04,0,0,0
2045,11,26733,4.763249e-05,4.412733e-03,1.351591e-02,0.000000e+00,0.000000e+00,200,1.862645e-06,0,0,0
2046,11,26744,2.972054e-06,4.732628e-03,1.237493e-02,0.000000e+00,0.000000e+00,175,2.441406e-04,0,0,0
2047,14,26758,1.339341e-04,4.505419e-03,1.174485e-02,0.000000e+00,0.000000e+00,189,1.867861e-05,0,0,0
2048,12,26770,5.938341e-05,4.641403e-03,1.151177e-02,0.000000e+00,0.000000e+00,180,3.080310e-04,0,0,0
2049,11,26781,5.107115e-05,4.507529e-03,1.129013e-02,0.000000e+00,0.000000e+00,205,6.013215e-04,0,0,0
2050,11,26792,3.389702e-05,4.556291e-03,1.215633e-02,0.000000e+00,0.000000e+00,189,2.441406e-04,0,0,0
2051,12,26804,1.606470e-06,4.423352e-03,1.292181e-02,0.000000e+00,0.000000e+00,189,9.140819e-04,0,0,0
2052,15,26819,3.377828e-05,4.789842e-03,1.101923e-02,0.000000e+00,0.000000e+00,175,4.953146e-05,0,0,0
2053,11,26830,9.910669e-05,4.686780e-03,1.113104e-02,0.000000e+00,0.000000e+00,209,2.441406e-04,0,0,0
2054,9,26839,1.312234e-05,4.655676e-03,1.235939e-02,0.000000e+00,0.000000e+00,181,1.021437e-04,0,0,0
2055,12,26851,3.237537e-05,4.574302e-03,1.079694e-02,0.000000e+00,0.000000e+00,211,2.441406e-04,0,0,0
2056,12,26863,1.556766e-05,4.597738e-03,1.102650e-02,0.000000e+00,0.000000e+00,195,6.738305e-05,0,0,0
2057,21,26884,8.636939e-05,4.720086e-03,1.083925e-02,0.000000e+00,0.000000e+00,195,2.725422e-04,0,0,0
2058,15,26899,4.792586e-05,4.521579e-03,1.125534e-02,0.000000e+00,0.000000e+00,207,3.775656e-04,0,0,0
2059,22,26921,2.371197e-05,4.029335e-03,1.041481e-02,0.000000e+00,0.000000e+00,213,2.441406e-04,0,0,0
2060,17,26938,2.651475e-05,4.622371e-03,1.317690e-02,0.000000e+00,0.000000e+00,187,2.441406e-04,0,0,0
2061,11,26949,6.835046e-05,4.167352e-03,1.056951e-02,0.000000e+00,0.000000e+00,205,3.911778e-04,0,0,0
2062,13,26962,1.184177e-05,4.484145e-03,1.079390e-02,0.000000e+00,0.000000e+00,173,2.441406e-04,0,0,0
2063,17,26979,1.112824e-06,4.358403e-03,1.000000e-02,0.000000e+00,0.000000e+00,214,2.441406e-04,0,0,0
HIST {'total_samples': 2339665, 'floor_samples': 24, 'floor_fraction': 1.0257878798887874e-05, 'saturation_depth': 4.6566128730773926e-08, 'boundaries': 2064, 'capped_boundaries': 0, 'unfinished_worlds': 0}
2064,15,26994,1.237728e-05,4.487729e-03,1.215970e-02,0.000000e+00,0.000000e+00,199,2.441406e-04,0,0,0
2065,10,27004,5.536978e-05,4.547142e-03,1.216736e-02,0.000000e+00,0.000000e+00,191,3.162026e-05,0,0,0
2066,14,27018,1.519378e-04,4.763067e-03,1.269814e-02,0.000000e+00,0.000000e+00,176,1.749694e-04,0,0,0
2067,15,27033,1.430047e-05,4.375709e-03,1.156155e-02,0.000000e+00,0.000000e+00,226,2.441406e-04,0,0,0
2068,14,27047,9.324650e-05,4.182516e-03,1.215858e-02,0.000000e+00,0.000000e+00,196,2.026558e-05,0,0,0
2069,13,27060,2.303626e-05,4.426072e-03,1.078578e-02,0.000000e+00,0.000000e+00,195,1.542866e-04,0,0,0
2070,14,27074,1.157634e-05,4.375071e-03,1.317690e-02,0.000000e+00,0.000000e+00,192,4.345849e-04,0,0,0
2071,13,27087,5.956274e-05,4.164559e-03,1.075050e-02,0.000000e+00,0.000000e+00,199,3.238022e-05,0,0,0
2072,12,27099,9.505544e-05,4.491335e-03,1.399600e-02,0.000000e+00,0.000000e+00,191,2.441406e-04,0,0,0
2073,12,27111,2.516434e-05,4.531193e-03,1.089000e-02,0.000000e+00,0.000000e+00,197,7.429272e-04,0,0,0
2074,15,27126,3.353230e-05,4.543829e-03,1.115616e-02,0.000000e+00,0.000000e+00,207,2.384186e-07,0,0,0
2075,16,27142,3.248734e-05,4.212989e-03,1.577445e-02,0.000000e+00,0.000000e+00,209,2.155975e-04,0,0,0
2076,15,27157,4.923906e-05,4.716238e-03,1.425251e-02,0.000000e+00,0.000000e+00,164,2.441406e-04,0,0,0
2077,12,27169,7.272698e-05,4.503216e-03,1.294510e-02,0.000000e+00,0.000000e+00,214,2.441406e-04,0,0,0
2078,15,27184,1.168296e-05,4.513414e-03,1.158347e-02,0.000000e+00,0.000000e+00,181,2.441406e-04,0,0,0
2079,12,27196,2.937109e-05,4.431576e-03,1.276422e-02,0.000000e+00,0.000000e+00,209,2.441406e-04,0,0,0
2080,12,27208,8.416749e-05,4.877471e-03,1.202495e-02,0.000000e+00,0.000000e+00,168,4.052222e-04,0,0,0
2081,12,27220,3.729826e-05,4.472657e-03,1.424825e-02,0.000000e+00,0.000000e+00,231,2.441406e-04,0,0,0
2082,11,27231,1.525044e-05,4.562566e-03,1.133671e-02,0.000000e+00,0.000000e+00,206,7.106960e-04,0,0,0
2083,11,27242,2.049225e-06,4.292654e-03,1.369069e-02,0.000000e+00,0.000000e+00,206,4.505850e-04,0,0,0
2084,14,27256,1.365584e-06,4.360492e-03,1.569605e-02,0.000000e+00,0.000000e+00,190,2.441406e-04,0,0,0
2085,12,27268,3.281304e-05,4.399490e-03,1.197900e-02,0.000000e+00,0.000000e+00,188,2.384186e-07,0,0,0
2086,17,27285,1.105869e-05,4.446019e-03,1.445658e-02,0.000000e+00,0.000000e+00,193,2.441406e-04,0,0,0
2087,13,27298,5.021448e-05,4.652931e-03,1.199469e-02,0.000000e+00,0.000000e+00,189,2.202578e-04,0,0,0
2088,14,27312,4.662201e-05,4.232404e-03,1.174074e-02,0.000000e+00,0.000000e+00,217,8.031726e-06,0,0,0
2089,13,27325,1.012025e-04,4.339815e-03,1.514334e-02,0.000000e+00,0.000000e+00,202,2.534874e-04,0,0,0
2090,12,27337,2.824469e-05,4.235935e-03,1.213393e-02,0.000000e+00,0.000000e+00,204,4.826616e-04,0,0,0
2091,14,27351,3.282661e-05,4.358383e-03,1.089513e-02,0.000000e+00,0.000000e+00,189,2.441406e-04,0,0,0
2092,14,27365,7.910041e-05,4.771606e-03,1.279428e-02,0.000000e+00,0.000000e+00,195,3.164504e-04,0,0,0
2093,13,27378,2.020895e-05,4.544959e-03,1.793874e-02,0.000000e+00,0.000000e+00,213,2.441406e-04,0,0,0
2094,12,27390,5.863141e-05,4.686593e-03,1.317580e-02,0.000000e+00,0.000000e+00,186,2.457052e-04,0,0,0
2095,12,27402,4.026014e-05,4.382601e-03,1.207569e-02,0.000000e+00,0.000000e+00,217,4.935991e-04,0,0,0
2096,12,27414,4.182081e-05,4.555420e-03,1.243547e-02,0.000000e+00,0.000000e+00,171,4.768372e-07,0,0,0
2097,10,27424,5.374804e-05,4.761457e-03,1.486360e-02,0.000000e+00,0.000000e+00,191,3.099442e-04,0,0,0
2098,13,27437,1.638701e-06,4.548788e-03,1.315135e-02,0.000000e+00,0.000000e+00,212,5.065277e-04,0,0,0
2099,12,27449,2.387911e-05,4.367701e-03,1.296300e-02,0.000000e+00,0.000000e+00,206,1.667440e-05,0,0,0
2100,14,27463,2.381715e-05,4.643742e-03,1.343399e-02,0.000000e+00,0.000000e+00,178,2.441406e-04,0,0,0
2101,13,27476,2.304326e-04,4.565957e-03,1.284218e-02,0.000000e+00,0.000000e+00,197,5.913377e-04,0,0,0
2102,14,27490,5.428070e-05,4.577584e-03,1.400214e-02,0.000000e+00,0.000000e+00,211,3.974661e-04,0,0,0
2103,12,27502,5.435195e-05,4.574555e-03,1.196048e-02,0.000000e+00,0.000000e+00,220,2.547801e-04,0,0,0
2104,12,27514,1.053315e-04,4.448631e-03,1.207391e-02,0.000000e+00,0.000000e+00,186,8.242354e-04,0,0,0
2105,14,27528,1.420547e-05,4.168622e-03,1.191839e-02,0.000000e+00,0.000000e+00,207,2.441406e-04,0,0,0
2106,14,27542,1.040241e-04,4.358320e-03,1.124350e-02,0.000000e+00,0.000000e+00,192,1.972336e-04,0,0,0
2107,13,27555,1.398664e-05,4.276717e-03,1.194180e-02,0.000000e+00,0.000000e+00,206,5.266443e-05,0,0,0
2108,14,27569,3.425870e-05,4.343327e-03,1.046029e-02,0.000000e+00,0.000000e+00,200,1.608953e-05,0,0,0
2109,15,27584,1.143359e-06,4.435222e-03,1.217323e-02,0.000000e+00,0.000000e+00,205,1.728535e-05,0,0,0
2110,11,27595,1.047853e-05,4.337820e-03,1.241627e-02,0.000000e+00,0.000000e+00,208,2.441406e-04,0,0,0
2111,13,27608,8.363313e-05,4.408410e-03,1.304305e-02,0.000000e+00,0.000000e+00,212,2.441406e-04,0,0,0
HIST {'total_samples': 2396404, 'floor_samples': 24, 'floor_fraction': 1.0015005817049213e-05, 'saturation_depth': 4.6566128730773926e-08, 'boundaries': 2112, 'capped_boundaries': 0, 'unfinished_worlds': 0}
2112,12,27620,1.163594e-04,4.480280e-03,1.472890e-02,0.000000e+00,0.000000e+00,211,3.132373e-04,0,0,0
2113,13,27633,1.520633e-04,4.455058e-03,1.243958e-02,0.000000e+00,0.000000e+00,213,5.886927e-04,0,0,0
2114,17,27650,4.960224e-05,4.423673e-03,1.299931e-02,0.000000e+00,0.000000e+00,223,7.320195e-06,0,0,0
2115,11,27661,2.712339e-05,4.273346e-03,1.086792e-02,0.000000e+00,0.000000e+00,205,2.441406e-04,0,0,0
2116,12,27673,1.248904e-05,4.335274e-03,1.205611e-02,0.000000e+00,0.000000e+00,173,2.441406e-04,0,0,0
2117,11,27684,2.855513e-05,4.471755e-03,1.703160e-02,0.000000e+00,0.000000e+00,210,2.891272e-04,0,0,0
2118,11,27695,3.732032e-05,4.582252e-03,1.287975e-02,0.000000e+00,0.000000e+00,192,4.155189e-05,0,0,0
2119,12,27707,1.191162e-05,4.395330e-03,1.136337e-02,0.000000e+00,0.000000e+00,224,1.462996e-04,0,0,0
2120,12,27719,4.994306e-05,4.578155e-03,1.012314e-02,0.000000e+00,0.000000e+00,189,2.441406e-04,0,0,0
2121,13,27732,3.291652e-05,4.296817e-03,1.111856e-02,0.000000e+00,0.000000e+00,215,8.881092e-06,0,0,0
2122,12,27744,1.172706e-05,4.549170e-03,1.136966e-02,0.000000e+00,0.000000e+00,209,1.907349e-06,0,0,0
2123,14,27758,2.740329e-05,4.543639e-03,1.187292e-02,0.000000e+00,0.000000e+00,219,2.441406e-04,0,0,0
2124,13,27771,1.268314e-04,4.507313e-03,1.286030e-02,0.000000e+00,0.000000e+00,233,2.441406e-04,0,0,0
2125,11,27782,1.411387e-06,4.358257e-03,1.197900e-02,0.000000e+00,0.000000e+00,197,6.695334e-04,0,0,0
2126,11,27793,7.450492e-06,4.323515e-03,1.074869e-02,0.000000e+00,0.000000e+00,185,5.209893e-04,0,0,0
2127,18,27811,1.343379e-04,4.386674e-03,1.230349e-02,0.000000e+00,0.000000e+00,205,2.441406e-04,0,0,0
2128,13,27824,2.848558e-05,4.432468e-03,1.287975e-02,0.000000e+00,0.000000e+00,201,2.441406e-04,0,0,0
2129,12,27836,2.069734e-04,4.467650e-03,1.117474e-02,0.000000e+00,0.000000e+00,206,2.441406e-04,0,0,0
2130,11,27847,6.551411e-06,4.549883e-03,1.651333e-02,0.000000e+00,0.000000e+00,215,4.164428e-04,0,0,0
2131,14,27861,1.097557e-06,4.333824e-03,1.115469e-02,0.000000e+00,0.000000e+00,222,2.441406e-04,0,0,0
2132,14,27875,3.513708e-05,4.538846e-03,1.371113e-02,0.000000e+00,0.000000e+00,209,9.623170e-05,0,0,0
2133,13,27888,3.102166e-05,4.608147e-03,1.198132e-02,0.000000e+00,0.000000e+00,226,1.567192e-04,0,0,0
2134,13,27901,1.899943e-06,4.455689e-03,1.151501e-02,0.000000e+00,0.000000e+00,211,2.441406e-04,0,0,0
2135,12,27913,1.442091e-05,4.073605e-03,1.224454e-02,0.000000e+00,0.000000e+00,201,9.432435e-06,0,0,0
2136,14,27927,4.797708e-05,4.559485e-03,1.438647e-02,0.000000e+00,0.000000e+00,197,7.059425e-05,0,0,0
2137,15,27942,3.598696e-05,4.454250e-03,1.258956e-02,0.000000e+00,0.000000e+00,218,4.532039e-04,0,0,0
2138,11,27953,5.744398e-05,4.427344e-03,1.279442e-02,0.000000e+00,0.000000e+00,204,2.441406e-04,0,0,0
2139,12,27965,2.227724e-05,4.541944e-03,1.172992e-02,0.000000e+00,0.000000e+00,186,2.624542e-04,0,0,0
2140,12,27977,2.297574e-05,4.452075e-03,1.280876e-02,0.000000e+00,0.000000e+00,211,6.601214e-05,0,0,0
2141,11,27988,9.781315e-06,4.217632e-03,1.174810e-02,0.000000e+00,0.000000e+00,216,1.588464e-05,0,0,0
2142,19,28007,9.849340e-05,4.638440e-03,1.262643e-02,0.000000e+00,0.000000e+00,195,2.441406e-04,0,0,0
2143,12,28019,1.531999e-05,3.994503e-03,1.057055e-02,0.000000e+00,0.000000e+00,211,3.139675e-04,0,0,0
2144,12,28031,1.199339e-06,4.163856e-03,1.068824e-02,0.000000e+00,0.000000e+00,175,2.649613e-04,0,0,0
2145,12,28043,9.171665e-05,4.148377e-03,1.012280e-02,0.000000e+00,0.000000e+00,203,6.628558e-04,0,0,0
2146,13,28056,2.272427e-06,4.185753e-03,1.331082e-02,0.000000e+00,0.000000e+00,202,2.441406e-04,0,0,0
2147,14,28070,5.387697e-06,4.448692e-03,1.123722e-02,0.000000e+00,0.000000e+00,187,5.695075e-04,0,0,0
2148,14,28084,6.285080e-06,4.187604e-03,1.132918e-02,0.000000e+00,0.000000e+00,195,2.261698e-04,0,0,0
2149,12,28096,8.991919e-06,4.309427e-03,9.936531e-03,0.000000e+00,0.000000e+00,186,1.842976e-04,0,0,0
2150,12,28108,7.899524e-05,4.538410e-03,1.089428e-02,0.000000e+00,0.000000e+00,201,2.972009e-04,0,0,0
2151,10,28118,6.212985e-05,4.158297e-03,1.107047e-02,0.000000e+00,0.000000e+00,212,4.998595e-04,0,0,0
2152,14,28132,2.110377e-05,4.460207e-03,1.175983e-02,0.000000e+00,0.000000e+00,190,2.481043e-06,0,0,0
2153,11,28143,9.840859e-05,4.281058e-03,1.050916e-02,0.000000e+00,0.000000e+00,193,1.314133e-04,0,0,0
2154,10,28153,2.255080e-04,4.524427e-03,1.306096e-02,0.000000e+00,0.000000e+00,195,5.506524e-04,0,0,0
2155,11,28164,5.166150e-05,4.395590e-03,1.154299e-02,0.000000e+00,0.000000e+00,222,2.441406e-04,0,0,0
2156,18,28182,1.198729e-04,4.604590e-03,1.165342e-02,0.000000e+00,0.000000e+00,212,1.731515e-05,0,0,0
2157,13,28195,4.844516e-05,4.492131e-03,1.018594e-02,0.000000e+00,0.000000e+00,216,3.531575e-05,0,0,0
2158,15,28210,1.365228e-04,4.459668e-03,1.605291e-02,0.000000e+00,0.000000e+00,198,5.230308e-06,0,0,0
2159,12,28222,1.410538e-05,4.278331e-03,1.087731e-02,0.000000e+00,0.000000e+00,208,2.795495e-04,0,0,0
HIST {'total_samples': 2454237, 'floor_samples': 24, 'floor_fraction': 9.779006672949678e-06, 'saturation_depth': 4.6566128730773926e-08, 'boundaries': 2160, 'capped_boundaries': 0, 'unfinished_worlds': 0}
2160,19,28241,1.554900e-05,4.476184e-03,1.212117e-02,0.000000e+00,0.000000e+00,187,2.441406e-04,0,0,0
2161,12,28253,1.293607e-05,4.502012e-03,1.000000e-02,0.000000e+00,0.000000e+00,190,5.159378e-04,0,0,0
2162,15,28268,5.296431e-05,4.644656e-03,1.245654e-02,0.000000e+00,0.000000e+00,193,2.441406e-04,0,0,0
2163,12,28280,2.312474e-05,4.376798e-03,1.182557e-02,0.000000e+00,0.000000e+00,192,2.441406e-04,0,0,0
2164,12,28292,5.591661e-05,4.385893e-03,1.272687e-02,0.000000e+00,0.000000e+00,186,2.441406e-04,0,0,0
2165,12,28304,1.102220e-05,4.310341e-03,1.087950e-02,0.000000e+00,0.000000e+00,203,2.621412e-04,0,0,0
2166,11,28315,4.075039e-05,4.343234e-03,1.197900e-02,0.000000e+00,0.000000e+00,192,7.312819e-04,0,0,0
2167,10,28325,6.503743e-05,4.202186e-03,1.080792e-02,0.000000e+00,0.000000e+00,206,4.659221e-04,0,0,0
2168,11,28336,1.857802e-04,4.567076e-03,1.317690e-02,0.000000e+00,0.000000e+00,181,6.738305e-05,0,0,0
2169,12,28348,1.338442e-06,4.192282e-03,1.115288e-02,0.000000e+00,0.000000e+00,206,2.441406e-04,0,0,0
2170,17,28365,7.393493e-05,4.371941e-03,1.358087e-02,0.000000e+00,0.000000e+00,205,2.441406e-04,0,0,0
2171,15,28380,3.182914e-05,4.268456e-03,1.114161e-02,0.000000e+00,0.000000e+00,202,4.237592e-04,0,0,0
2172,12,28392,5.584985e-05,4.670155e-03,1.078859e-02,0.000000e+00,0.000000e+00,205,5.107373e-05,0,0,0
2173,15,28407,2.203256e-05,4.359880e-03,1.323085e-02,0.000000e+00,0.000000e+00,204,2.441406e-04,0,0,0
2174,14,28421,2.057757e-05,4.449585e-03,1.197900e-02,0.000000e+00,0.000000e+00,182,2.441406e-04,0,0,0
2175,13,28434,4.822633e-05,4.167694e-03,1.019749e-02,0.000000e+00,0.000000e+00,199,2.441406e-04,0,0,0
2176,12,28446,1.186039e-05,4.435372e-03,1.288720e-02,0.000000e+00,0.000000e+00,181,2.838857e-04,0,0,0
2177,11,28457,1.076609e-05,4.514793e-03,1.417592e-02,0.000000e+00,0.000000e+00,183,4.535913e-04,0,0,0
2178,14,28471,1.897399e-05,4.551986e-03,1.450170e-02,0.000000e+00,0.000000e+00,191,2.904758e-04,0,0,0
2179,13,28484,5.979223e-05,4.326105e-03,1.214677e-02,0.000000e+00,0.000000e+00,228,2.441406e-04,0,0,0
2180,13,28497,6.509002e-06,4.392824e-03,1.369283e-02,0.000000e+00,0.000000e+00,190,3.524125e-06,0,0,0
2181,15,28512,8.159070e-05,4.412747e-03,1.089000e-02,0.000000e+00,0.000000e+00,218,1.229346e-05,0,0,0
2182,11,28523,1.106039e-05,4.447340e-03,1.377504e-02,0.000000e+00,0.000000e+00,187,4.440546e-04,0,0,0
2183,12,28535,1.162291e-05,4.486195e-03,1.369134e-02,0.000000e+00,0.000000e+00,191,2.441406e-04,0,0,0
2184,12,28547,9.695068e-06,4.429084e-03,1.223533e-02,0.000000e+00,0.000000e+00,206,1.727156e-04,0,0,0
2185,14,28561,2.630234e-05,4.451130e-03,1.156784e-02,0.000000e+00,0.000000e+00,206,2.441406e-04,0,0,0
2186,12,28573,4.014479e-05,4.485123e-03,1.120336e-02,0.000000e+00,0.000000e+00,208,1.513958e-05,0,0,0
2187,11,28584,1.544688e-04,4.670446e-03,1.077001e-02,0.000000e+00,0.000000e+00,193,2.441406e-04,0,0,0
2188,14,28598,2.817251e-06,4.322867e-03,1.139006e-02,0.000000e+00,0.000000e+00,212,2.441406e-04,0,0,0
2189,11,28609,2.714805e-06,4.439173e-03,1.163911e-02,0.000000e+00,0.000000e+00,205,3.309883e-04,0,0,0
2190,11,28620,1.185124e-04,4.549946e-03,1.436817e-02,0.000000e+00,0.000000e+00,193,2.441406e-04,0,0,0
2191,13,28633,2.414421e-04,4.339007e-03,1.402414e-02,0.000000e+00,0.000000e+00,237,2.441406e-04,0,0,0
2192,12,28645,9.465790e-06,4.661788e-03,1.301102e-02,0.000000e+00,0.000000e+00,183,1.225621e-04,0,0,0
2193,14,28659,7.178054e-05,4.500006e-03,1.121779e-02,0.000000e+00,0.000000e+00,221,7.678568e-05,0,0,0
2194,28,28687,1.291147e-04,4.691065e-03,1.275704e-02,0.000000e+00,0.000000e+00,201,3.644228e-04,0,0,0
2195,14,28701,3.147460e-05,4.481779e-03,1.226851e-02,0.000000e+00,0.000000e+00,215,1.109838e-04,0,0,0
2196,14,28715,6.032829e-05,4.506150e-03,1.076484e-02,0.000000e+00,0.000000e+00,199,2.326155e-04,0,0,0
2197,13,28728,4.427547e-05,4.377137e-03,1.175152e-02,0.000000e+00,0.000000e+00,233,2.441406e-04,0,0,0
2198,12,28740,5.990250e-05,4.396035e-03,1.401698e-02,0.000000e+00,0.000000e+00,198,2.441406e-04,0,0,0
2199,10,28750,8.754432e-06,4.450961e-03,1.333638e-02,0.000000e+00,0.000000e+00,214,2.441406e-04,0,0,0
2200,12,28762,3.148817e-05,4.509081e-03,1.037567e-02,0.000000e+00,0.000000e+00,201,2.441406e-04,0,0,0
2201,11,28773,3.308058e-05,4.391955e-03,9.578948e-03,0.000000e+00,0.000000e+00,232,6.784871e-04,0,0,0
2202,13,28786,6.407898e-05,4.582704e-03,1.553586e-02,0.000000e+00,0.000000e+00,185,1.312494e-04,0,0,0
2203,15,28801,8.182600e-05,4.530123e-03,1.268385e-02,0.000000e+00,0.000000e+00,200,3.267825e-04,0,0,0
2204,25,28826,5.616707e-06,4.562355e-03,1.484811e-02,0.000000e+00,0.000000e+00,205,2.441406e-04,0,0,0
2205,22,28848,9.342123e-05,4.321722e-03,1.089000e-02,0.000000e+00,0.000000e+00,228,3.195032e-04,0,0,0
2206,17,28865,2.661956e-05,4.564363e-03,1.661029e-02,0.000000e+00,0.000000e+00,177,4.482567e-04,0,0,0
2207,20,28885,1.998333e-06,4.390805e-03,1.055173e-02,0.000000e+00,0.000000e+00,200,2.441406e-04,0,0,0
HIST {'total_samples': 2511328, 'floor_samples': 24, 'floor_fraction': 9.556696695931396e-06, 'saturation_depth': 4.6566128730773926e-08, 'boundaries': 2208, 'capped_boundaries': 0, 'unfinished_worlds': 0}
2208,21,28906,5.609583e-05,4.490072e-03,1.384163e-02,0.000000e+00,0.000000e+00,198,9.536743e-07,0,0,0
2209,13,28919,7.769093e-05,4.392111e-03,1.089000e-02,0.000000e+00,0.000000e+00,194,8.499622e-05,0,0,0
2210,10,28929,2.480105e-06,4.561768e-03,1.438211e-02,0.000000e+00,0.000000e+00,182,2.441406e-04,0,0,0
2211,14,28943,8.993782e-05,4.728256e-03,1.102481e-02,0.000000e+00,0.000000e+00,184,1.907349e-06,0,0,0
2212,14,28957,1.364853e-05,4.352237e-03,1.291412e-02,0.000000e+00,0.000000e+00,228,3.698468e-05,0,0,0
2213,11,28968,3.066712e-05,4.191647e-03,1.057429e-02,0.000000e+00,0.000000e+00,200,3.035069e-04,0,0,0
2214,16,28984,3.137451e-05,4.420120e-03,1.233823e-02,0.000000e+00,0.000000e+00,191,4.064292e-05,0,0,0
2215,15,28999,2.346091e-05,4.401608e-03,1.221263e-02,0.000000e+00,0.000000e+00,216,2.441406e-04,0,0,0
2216,12,29011,4.301675e-05,4.550110e-03,1.231677e-02,0.000000e+00,0.000000e+00,172,2.441406e-04,0,0,0
2217,14,29025,2.702839e-05,4.309490e-03,1.193587e-02,0.000000e+00,0.000000e+00,195,7.115304e-06,0,0,0
2218,16,29041,5.399808e-05,4.387502e-03,1.218403e-02,0.000000e+00,0.000000e+00,207,4.652664e-04,0,0,0
2219,13,29054,1.881962e-05,4.334421e-03,1.155108e-02,0.000000e+00,0.000000e+00,224,2.441406e-04,0,0,0
2220,15,29069,8.698553e-06,4.412367e-03,1.360324e-02,0.000000e+00,0.000000e+00,191,2.441406e-04,0,0,0
2221,17,29086,1.373846e-04,4.282398e-03,1.364024e-02,0.000000e+00,0.000000e+00,204,2.441406e-04,0,0,0
2222,22,29108,9.203020e-05,4.510739e-03,1.103565e-02,0.000000e+00,0.000000e+00,205,2.920032e-04,0,0,0
2223,14,29122,9.520073e-06,4.417531e-03,1.186983e-02,0.000000e+00,0.000000e+00,211,2.441406e-04,0,0,0
2224,11,29133,3.441951e-05,4.360885e-03,1.151062e-02,0.000000e+00,0.000000e+00,194,5.446374e-05,0,0,0
2225,14,29147,3.818886e-05,4.585171e-03,1.132039e-02,0.000000e+00,0.000000e+00,198,2.441406e-04,0,0,0
2226,13,29160,4.342728e-05,4.483973e-03,1.529800e-02,0.000000e+00,0.000000e+00,227,3.595501e-04,0,0,0
2227,13,29173,1.996290e-05,4.208573e-03,1.129576e-02,0.000000e+00,0.000000e+00,207,2.673268e-04,0,0,0
2228,11,29184,6.885598e-06,4.389833e-03,1.122603e-02,0.000000e+00,0.000000e+00,185,2.441406e-04,0,0,0
2229,10,29194,1.380682e-05,4.137008e-03,1.036120e-02,0.000000e+00,0.000000e+00,208,3.078133e-04,0,0,0
2230,13,29207,9.126961e-07,4.530814e-03,1.064614e-02,0.000000e+00,0.000000e+00,187,2.063811e-05,0,1,0
2231,13,29220,7.181277e-05,4.356119e-03,1.243600e-02,0.000000e+00,0.000000e+00,209,2.441406e-04,0,0,0
2232,13,29233,3.042793e-05,4.508920e-03,1.183877e-02,0.000000e+00,0.000000e+00,187,4.080534e-04,0,0,0
2233,11,29244,2.339948e-05,4.660656e-03,1.089845e-02,0.000000e+00,0.000000e+00,204,2.441406e-04,0,0,0
2234,12,29256,6.276599e-06,4.246326e-03,1.287975e-02,0.000000e+00,0.000000e+00,206,3.432222e-04,0,0,0
2235,15,29271,2.223952e-05,4.567405e-03,1.063050e-02,0.000000e+00,0.000000e+00,206,6.736591e-04,0,0,0
2236,14,29285,1.080334e-06,4.452369e-03,1.345138e-02,0.000000e+00,0.000000e+00,201,9.278841e-04,0,0,0
2237,17,29302,6.066248e-06,4.511633e-03,1.089000e-02,0.000000e+00,0.000000e+00,206,2.634823e-04,0,0,0
2238,13,29315,5.496943e-05,4.354680e-03,1.155474e-02,0.000000e+00,0.000000e+00,191,2.630800e-05,0,0,0
2239,12,29327,8.034054e-05,4.357817e-03,1.118317e-02,0.000000e+00,0.000000e+00,210,9.624362e-04,0,0,0
2240,12,29339,1.250231e-06,4.642172e-03,1.219309e-02,0.000000e+00,0.000000e+00,185,2.441406e-04,0,0,0
2241,16,29355,3.357132e-05,4.651480e-03,1.117734e-02,0.000000e+00,0.000000e+00,195,2.441406e-04,0,0,0
2242,13,29368,1.825303e-05,4.505537e-03,1.089000e-02,0.000000e+00,0.000000e+00,196,2.920330e-04,0,0,0
2243,14,29382,1.385754e-04,4.399854e-03,1.110349e-02,0.000000e+00,0.000000e+00,203,9.277463e-04,0,0,0
2244,22,29404,2.213434e-05,4.568432e-03,1.263446e-02,0.000000e+00,0.000000e+00,186,5.618073e-04,0,0,0
2245,14,29418,5.723443e-05,4.297163e-03,1.029648e-02,0.000000e+00,0.000000e+00,224,3.250688e-04,0,0,0
2246,15,29433,1.190857e-06,4.410763e-03,1.205022e-02,0.000000e+00,0.000000e+00,202,2.779961e-04,0,0,0
2247,15,29448,6.156155e-06,4.626391e-03,1.287975e-02,0.000000e+00,0.000000e+00,194,3.618002e-05,0,0,0
2248,12,29460,1.585638e-04,4.600462e-03,1.045912e-02,0.000000e+00,0.000000e+00,199,1.749098e-04,0,0,0
2249,13,29473,3.099622e-05,4.415051e-03,1.081396e-02,0.000000e+00,0.000000e+00,203,3.605485e-04,0,0,0
2250,13,29486,1.328066e-05,4.478843e-03,1.249437e-02,0.000000e+00,0.000000e+00,195,2.441406e-04,0,0,0
2251,14,29500,1.327246e-05,4.643529e-03,1.193346e-02,0.000000e+00,0.000000e+00,208,5.185604e-06,0,0,0
2252,10,29510,5.349358e-05,4.650223e-03,1.282374e-02,0.000000e+00,0.000000e+00,192,2.441406e-04,0,0,0
2253,13,29523,2.663583e-06,4.220204e-03,1.028161e-02,0.000000e+00,0.000000e+00,210,2.508424e-04,0,0,0
2254,15,29538,9.033829e-07,4.129355e-03,1.136612e-02,0.000000e+00,0.000000e+00,186,4.011393e-04,0,1,0
2255,12,29550,1.765590e-05,4.477287e-03,1.537068e-02,0.000000e+00,0.000000e+00,199,2.441406e-04,0,0,0
HIST {'total_samples': 2568554, 'floor_samples': 26, 'floor_fraction': 1.0122426859626077e-05, 'saturation_depth': 4.6566128730773926e-08, 'boundaries': 2256, 'capped_boundaries': 0, 'unfinished_worlds': 0}
2256,17,29567,2.144680e-04,4.448752e-03,1.241220e-02,0.000000e+00,0.000000e+00,202,2.441406e-04,0,0,0
2257,13,29580,2.689098e-05,4.368544e-03,1.055866e-02,0.000000e+00,0.000000e+00,203,2.713352e-04,0,0,0
2258,15,29595,3.739156e-05,4.404585e-03,1.393773e-02,0.000000e+00,0.000000e+00,223,2.441406e-04,0,0,0
2259,13,29608,1.097217e-05,4.466845e-03,1.211845e-02,0.000000e+00,0.000000e+00,219,6.551147e-04,0,0,0
2260,10,29618,1.785099e-05,4.752925e-03,1.522344e-02,0.000000e+00,0.000000e+00,180,2.441406e-04,0,0,0
2261,13,29631,3.371212e-05,4.452492e-03,1.200156e-02,0.000000e+00,0.000000e+00,212,2.441406e-04,0,0,0
2262,10,29641,2.615136e-05,4.807186e-03,1.363851e-02,0.000000e+00,0.000000e+00,181,2.441406e-04,0,0,0
2263,10,29651,1.398833e-05,4.404673e-03,1.188163e-02,0.000000e+00,0.000000e+00,229,4.399121e-04,0,0,0
2264,12,29663,3.331807e-05,4.626826e-03,1.225766e-02,0.000000e+00,0.000000e+00,191,2.441406e-04,0,0,0
2265,12,29675,8.108008e-05,4.304880e-03,1.089000e-02,0.000000e+00,0.000000e+00,221,2.993688e-04,0,0,0
2266,15,29690,1.752358e-06,4.398705e-03,1.197900e-02,0.000000e+00,0.000000e+00,185,2.441406e-04,0,0,0
2267,16,29706,1.836669e-05,4.329680e-03,1.084723e-02,0.000000e+00,0.000000e+00,208,2.922118e-05,0,0,0
2268,12,29718,3.350686e-05,4.393780e-03,1.264506e-02,0.000000e+00,0.000000e+00,195,6.722845e-05,0,0,0
2269,12,29730,1.104342e-06,4.511938e-03,1.145259e-02,0.000000e+00,0.000000e+00,204,2.441406e-04,0,0,0
2270,10,29740,3.322187e-05,4.622958e-03,1.295269e-02,0.000000e+00,0.000000e+00,195,2.441406e-04,0,0,0
2271,13,29753,9.771137e-06,4.492261e-03,1.037144e-02,0.000000e+00,0.000000e+00,205,2.441406e-04,0,0,0
2272,11,29764,1.405619e-05,4.788118e-03,1.290307e-02,0.000000e+00,0.000000e+00,196,3.786683e-04,0,0,0
2273,14,29778,1.319684e-04,4.438762e-03,1.361841e-02,0.000000e+00,0.000000e+00,232,2.441406e-04,0,0,0
2274,12,29790,7.275426e-05,4.693153e-03,1.521611e-02,0.000000e+00,0.000000e+00,214,2.441406e-04,0,0,0
2275,13,29803,1.359647e-05,4.344907e-03,1.123903e-02,0.000000e+00,0.000000e+00,218,2.441406e-04,0,0,0
2276,9,29812,5.694106e-05,4.561733e-03,1.301632e-02,0.000000e+00,0.000000e+00,182,9.380057e-04,0,0,0
2277,12,29824,1.064816e-05,4.629211e-03,1.095816e-02,0.000000e+00,0.000000e+00,209,4.497916e-05,0,0,0
2278,21,29845,5.471520e-05,4.686411e-03,1.213072e-02,0.000000e+00,0.000000e+00,219,1.721680e-04,0,0,0
2279,11,29856,3.313535e-05,4.468810e-03,1.202627e-02,0.000000e+00,0.000000e+00,231,2.441406e-04,0,0,0
2280,13,29869,1.482142e-04,4.570836e-03,1.217496e-02,0.000000e+00,0.000000e+00,186,2.441406e-04,0,0,0
2281,13,29882,2.663583e-06,4.464406e-03,1.123121e-02,0.000000e+00,0.000000e+00,208,5.472731e-05,0,0,0
2282,14,29896,2.421439e-05,4.506747e-03,1.357398e-02,0.000000e+00,0.000000e+00,184,6.735027e-04,0,0,0
2283,17,29913,1.318764e-05,4.363199e-03,1.210252e-02,0.000000e+00,0.000000e+00,208,4.061162e-04,0,0,0
2284,17,29930,9.525163e-06,4.474367e-03,1.207923e-02,0.000000e+00,0.000000e+00,183,2.816319e-06,0,0,0
2285,15,29945,2.230518e-06,4.291344e-03,1.165847e-02,0.000000e+00,0.000000e+00,208,2.441406e-04,0,0,0
2286,20,29965,5.409587e-05,4.462101e-03,1.141483e-02,0.000000e+00,0.000000e+00,178,4.724413e-05,0,0,0
2287,14,29979,6.166165e-05,4.595709e-03,1.405546e-02,0.000000e+00,0.000000e+00,204,2.441406e-04,0,0,0
2288,20,29999,3.035329e-05,4.618383e-03,1.244944e-02,0.000000e+00,0.000000e+00,207,2.447143e-04,0,0,0
2289,14,30013,8.153729e-06,4.399841e-03,1.222504e-02,0.000000e+00,0.000000e+00,198,2.441406e-04,0,0,0
2290,16,30029,4.623987e-05,4.548639e-03,1.594405e-02,0.000000e+00,0.000000e+00,182,1.097061e-04,0,0,0
2291,19,30048,3.458406e-05,4.193928e-03,1.071814e-02,0.000000e+00,0.000000e+00,212,2.441406e-04,0,0,0
2292,19,30067,4.989048e-06,4.512111e-03,1.324829e-02,0.000000e+00,0.000000e+00,178,2.610087e-04,0,0,0
2293,21,30088,3.002419e-05,4.526661e-03,1.011677e-02,0.000000e+00,0.000000e+00,197,1.320243e-05,0,0,0
2294,13,30101,1.960434e-06,4.318402e-03,1.046277e-02,0.000000e+00,0.000000e+00,196,2.323324e-04,0,0,0
2295,11,30112,9.304124e-05,4.403065e-03,1.195792e-02,0.000000e+00,0.000000e+00,205,4.447997e-05,0,0,0
2296,10,30122,3.309920e-05,4.148828e-03,1.000000e-02,0.000000e+00,0.000000e+00,202,2.441406e-04,0,0,0
2297,12,30134,2.587994e-05,4.499745e-03,1.217035e-02,0.000000e+00,0.000000e+00,193,2.555251e-04,0,0,0
2298,14,30148,1.443618e-05,4.468623e-03,1.083826e-02,0.000000e+00,0.000000e+00,209,2.441406e-04,0,0,0
2299,13,30161,1.332335e-05,4.607492e-03,1.277064e-02,0.000000e+00,0.000000e+00,216,2.359748e-04,0,0,0
2300,11,30172,6.986025e-05,4.651419e-03,1.151537e-02,0.000000e+00,0.000000e+00,191,2.151430e-04,0,0,0
2301,13,30185,2.623618e-05,4.365183e-03,1.160866e-02,0.000000e+00,0.000000e+00,233,4.682373e-04,0,0,0
2302,14,30199,1.163851e-04,4.462512e-03,1.317690e-02,0.000000e+00,0.000000e+00,189,2.441406e-04,0,0,0
2303,12,30211,1.034112e-05,4.389962e-03,1.208299e-02,0.000000e+00,0.000000e+00,192,2.441406e-04,0,0,0
HIST {'total_samples': 2625387, 'floor_samples': 26, 'floor_fraction': 9.90330187511403e-06, 'saturation_depth': 4.6566128730773926e-08, 'boundaries': 2304, 'capped_boundaries': 0, 'unfinished_worlds': 0}
2304,13,30224,5.543763e-06,4.638167e-03,1.233232e-02,0.000000e+00,0.000000e+00,197,3.789812e-04,0,0,0
2305,13,30237,3.321678e-05,4.607984e-03,1.150705e-02,0.000000e+00,0.000000e+00,200,2.441406e-04,0,0,0
2306,14,30251,4.229136e-05,4.516304e-03,1.089000e-02,0.000000e+00,0.000000e+00,200,3.039837e-06,0,0,0
2307,20,30271,1.397476e-05,4.277639e-03,1.065405e-02,0.000000e+00,0.000000e+00,219,1.839101e-04,0,0,0
2308,14,30285,1.506282e-04,4.370317e-03,1.085969e-02,0.000000e+00,0.000000e+00,198,1.473725e-05,0,0,0
2309,12,30297,6.106961e-06,4.135059e-03,9.579517e-03,0.000000e+00,0.000000e+00,217,2.623051e-04,0,0,0
2310,12,30309,2.139777e-04,4.425726e-03,1.393449e-02,0.000000e+00,0.000000e+00,196,2.441406e-04,0,0,0
2311,12,30321,3.166497e-05,4.323716e-03,1.036447e-02,0.000000e+00,0.000000e+00,209,9.942278e-04,0,0,0
2312,12,30333,8.836433e-05,4.405575e-03,1.330966e-02,0.000000e+00,0.000000e+00,196,2.441406e-04,0,0,0
2313,11,30344,6.567687e-05,4.154368e-03,1.087102e-02,0.000000e+00,0.000000e+00,200,9.132922e-04,0,0,0
2314,12,30356,1.172721e-04,4.412829e-03,1.615463e-02,0.000000e+00,0.000000e+00,188,2.441406e-04,0,0,0
2315,10,30366,1.280765e-05,4.379312e-03,1.096113e-02,0.000000e+00,0.000000e+00,203,2.441406e-04,0,0,0
2316,14,30380,1.465603e-04,4.346750e-03,1.304155e-02,0.000000e+00,0.000000e+00,193,3.402084e-04,0,0,0
2317,15,30395,7.178733e-05,4.395785e-03,1.265439e-02,0.000000e+00,0.000000e+00,202,2.441406e-04,0,0,0
2318,12,30407,4.414315e-05,4.435050e-03,1.391540e-02,0.000000e+00,0.000000e+00,204,4.136413e-04,0,0,0
2319,13,30420,9.561465e-05,4.288837e-03,1.089000e-02,0.000000e+00,0.000000e+00,203,1.788139e-06,0,0,0
2320,10,30430,2.875870e-05,4.493768e-03,1.427226e-02,0.000000e+00,0.000000e+00,193,2.441406e-04,0,0,0
2321,16,30446,6.717657e-06,4.409843e-03,1.415610e-02,0.000000e+00,0.000000e+00,192,2.441406e-04,0,0,0
2322,14,30460,1.811732e-06,4.609465e-03,1.332990e-02,0.000000e+00,0.000000e+00,172,3.803521e-05,0,0,0
2323,13,30473,1.795107e-05,4.495528e-03,1.091114e-02,0.000000e+00,0.000000e+00,220,2.441406e-04,0,0,0
2324,17,30490,9.936025e-05,4.596352e-03,1.173090e-02,0.000000e+00,0.000000e+00,190,2.907589e-05,0,0,0
2325,15,30505,2.936091e-05,4.555290e-03,1.010510e-02,0.000000e+00,0.000000e+00,204,2.441406e-04,0,0,0
2326,10,30515,7.194169e-05,4.654054e-03,1.224371e-02,0.000000e+00,0.000000e+00,181,5.712360e-05,0,0,0
2327,18,30533,1.085177e-04,4.403466e-03,1.228731e-02,0.000000e+00,0.000000e+00,215,1.907349e-06,0,0,0
2328,14,30547,2.193756e-05,4.504748e-03,1.300452e-02,0.000000e+00,0.000000e+00,183,3.938973e-04,0,0,0
2329,13,30560,1.459258e-04,4.538595e-03,1.208832e-02,0.000000e+00,0.000000e+00,204,2.441406e-04,0,0,0
2330,11,30571,9.601500e-06,4.580225e-03,1.088834e-02,0.000000e+00,0.000000e+00,183,6.407499e-06,0,0,0
2331,14,30585,2.456016e-05,4.502182e-03,1.350592e-02,0.000000e+00,0.000000e+00,212,2.441406e-04,0,0,0
2332,17,30602,2.215470e-06,4.430319e-03,1.140134e-02,0.000000e+00,0.000000e+00,206,6.023236e-05,0,0,0
2333,14,30616,8.829647e-06,4.189819e-03,1.407440e-02,0.000000e+00,0.000000e+00,209,1.213998e-04,0,0,0
2334,12,30628,7.634210e-05,4.299411e-03,1.070162e-02,0.000000e+00,0.000000e+00,191,6.862544e-04,0,0,0
2335,14,30642,4.499134e-05,4.213144e-03,1.421907e-02,0.000000e+00,0.000000e+00,210,2.441406e-04,0,0,0
2336,14,30656,3.596491e-05,4.439107e-03,1.165304e-02,0.000000e+00,0.000000e+00,185,5.124137e-04,0,0,0
2337,12,30668,1.686200e-06,4.188152e-03,1.177452e-02,0.000000e+00,0.000000e+00,225,2.441406e-04,0,0,0
2338,15,30683,2.507247e-05,4.193337e-03,1.223990e-02,0.000000e+00,0.000000e+00,202,1.411438e-04,0,0,0
2339,14,30697,1.484840e-04,4.429040e-03,1.168854e-02,0.000000e+00,0.000000e+00,176,2.441406e-04,0,0,0
2340,14,30711,1.483876e-04,4.530711e-03,1.287975e-02,0.000000e+00,0.000000e+00,221,7.246733e-04,0,0,0
2341,12,30723,1.148414e-04,4.551051e-03,1.173179e-02,0.000000e+00,0.000000e+00,208,6.005391e-04,0,0,0
2342,14,30737,9.628641e-06,4.325300e-03,1.317690e-02,0.000000e+00,0.000000e+00,216,7.070601e-06,0,0,0
2343,12,30749,1.907442e-04,4.275681e-03,1.144265e-02,0.000000e+00,0.000000e+00,197,3.622174e-04,0,0,0
2344,11,30760,4.106667e-05,4.197224e-03,1.287975e-02,0.000000e+00,0.000000e+00,197,2.441406e-04,0,0,0
2345,11,30771,7.290393e-05,4.345849e-03,1.257161e-02,0.000000e+00,0.000000e+00,180,1.907349e-06,0,0,0
2346,10,30781,1.863576e-05,4.570280e-03,1.334538e-02,0.000000e+00,0.000000e+00,179,2.441406e-04,0,0,0
2347,12,30793,2.051704e-05,4.322384e-03,1.263830e-02,0.000000e+00,0.000000e+00,206,1.582131e-05,0,0,0
2348,15,30808,4.823481e-05,4.316775e-03,1.287975e-02,0.000000e+00,0.000000e+00,186,9.003282e-05,0,0,0
2349,12,30820,8.210130e-05,4.405406e-03,1.089061e-02,0.000000e+00,0.000000e+00,189,2.675503e-05,0,0,0
2350,11,30831,6.398738e-06,4.362930e-03,1.281494e-02,0.000000e+00,0.000000e+00,189,2.441406e-04,0,0,0
2351,13,30844,9.567572e-06,4.108747e-03,1.215965e-02,0.000000e+00,0.000000e+00,207,2.441406e-04,0,0,0
HIST {'total_samples': 2682419, 'floor_samples': 26, 'floor_fraction': 9.692743751069463e-06, 'saturation_depth': 4.6566128730773926e-08, 'boundaries': 2352, 'capped_boundaries': 0, 'unfinished_worlds': 0}
2352,13,30857,2.110294e-06,4.793411e-03,1.365682e-02,0.000000e+00,0.000000e+00,184,2.705455e-04,0,0,0
2353,19,30876,1.724877e-05,4.412207e-03,1.133726e-02,0.000000e+00,0.000000e+00,202,2.441406e-04,0,0,0
2354,13,30889,5.147150e-05,4.684514e-03,1.317690e-02,0.000000e+00,0.000000e+00,189,2.691448e-04,0,0,0
2355,11,30900,2.963003e-05,4.313493e-03,1.287975e-02,0.000000e+00,0.000000e+00,193,3.665686e-06,0,0,0
2356,14,30914,6.000089e-06,4.807320e-03,1.352706e-02,0.000000e+00,0.000000e+00,183,2.441406e-04,0,0,0
2357,16,30930,8.493662e-06,4.446641e-03,1.089000e-02,0.000000e+00,0.000000e+00,214,9.596348e-05,0,0,0
2358,16,30946,2.463310e-05,4.364474e-03,1.321835e-02,0.000000e+00,0.000000e+00,201,2.441406e-04,0,0,0
2359,14,30960,9.818636e-06,4.548874e-03,1.004083e-02,0.000000e+00,0.000000e+00,196,2.441406e-04,0,0,0
2360,14,30974,2.860433e-05,4.578557e-03,1.276448e-02,0.000000e+00,0.000000e+00,192,1.025945e-05,0,0,0
2361,12,30986,5.982786e-05,4.385516e-03,1.225999e-02,0.000000e+00,0.000000e+00,220,2.441406e-04,0,0,0
2362,13,30999,3.144145e-05,4.574328e-03,1.704055e-02,0.000000e+00,0.000000e+00,187,2.887100e-05,0,0,0
2363,14,31013,5.140364e-05,4.586259e-03,1.138771e-02,0.000000e+00,0.000000e+00,204,2.384186e-07,0,0,0
2364,12,31025,4.797357e-06,4.837876e-03,1.308253e-02,0.000000e+00,0.000000e+00,170,2.441406e-04,0,0,0
2365,13,31038,1.557394e-04,4.652155e-03,1.259838e-02,0.000000e+00,0.000000e+00,206,2.441406e-04,0,0,0
2366,15,31053,5.534264e-05,4.566424e-03,1.298102e-02,0.000000e+00,0.000000e+00,191,3.449041e-04,0,0,0
2367,13,31066,1.355287e-04,4.296119e-03,1.077958e-02,0.000000e+00,0.000000e+00,189,3.380254e-04,0,0,0
2368,11,31077,1.259052e-05,4.466407e-03,1.061177e-02,0.000000e+00,0.000000e+00,181,2.441406e-04,0,0,0
2369,12,31089,9.270706e-06,4.282317e-03,1.276265e-02,0.000000e+00,0.000000e+00,196,2.441406e-04,0,0,0
2370,11,31100,3.939960e-05,4.664919e-03,1.291825e-02,0.000000e+00,0.000000e+00,172,2.279878e-06,0,0,0
2371,12,31112,3.194280e-05,4.504043e-03,1.250432e-02,0.000000e+00,0.000000e+00,205,2.441406e-04,0,0,0
2372,11,31123,1.117587e-05,4.687939e-03,1.353873e-02,0.000000e+00,0.000000e+00,187,2.441406e-04,0,0,0
2373,16,31139,1.160781e-04,4.161319e-03,1.138439e-02,0.000000e+00,0.000000e+00,202,2.441406e-04,0,0,0
2374,12,31151,2.576629e-05,4.541139e-03,1.414985e-02,0.000000e+00,0.000000e+00,186,3.526919e-06,0,0,0
2375,13,31164,1.121442e-04,4.530236e-03,1.022516e-02,0.000000e+00,0.000000e+00,196,3.148289e-05,0,0,0
2376,11,31175,1.650237e-05,4.387425e-03,1.206393e-02,0.000000e+00,0.000000e+00,200,4.900247e-04,0,0,0
2377,12,31187,1.764063e-05,4.470434e-03,1.033921e-02,0.000000e+00,0.000000e+00,179,2.441406e-04,0,0,0
2378,10,31197,8.122936e-05,4.802150e-03,1.337930e-02,0.000000e+00,0.000000e+00,173,2.441406e-04,0,0,0
2379,12,31209,1.019565e-04,4.458597e-03,1.138908e-02,0.000000e+00,0.000000e+00,214,2.441406e-04,0,0,0
2380,13,31222,1.036996e-05,4.367404e-03,1.254319e-02,0.000000e+00,0.000000e+00,195,3.802776e-05,0,0,0
2381,13,31235,9.697175e-05,4.443265e-03,1.228800e-02,0.000000e+00,0.000000e+00,200,7.442534e-04,0,0,0
2382,14,31249,7.078307e-05,4.488719e-03,2.130076e-02,0.000000e+00,0.000000e+00,193,2.441406e-04,0,0,0
2383,22,31271,5.140874e-05,4.299914e-03,1.293161e-02,0.000000e+00,0.000000e+00,196,6.228089e-04,0,0,0
2384,10,31281,1.571355e-04,4.686471e-03,1.213873e-02,0.000000e+00,0.000000e+00,173,6.365571e-04,0,0,0
2385,12,31293,5.324837e-05,4.321155e-03,1.089000e-02,0.000000e+00,0.000000e+00,214,6.158650e-04,0,0,0
2386,13,31306,3.906080e-05,4.668133e-03,1.108211e-02,0.000000e+00,0.000000e+00,159,2.035797e-04,0,0,0
2387,14,31320,5.173614e-05,4.614105e-03,1.449459e-02,0.000000e+00,0.000000e+00,195,2.670661e-05,0,0,0
2388,15,31335,8.599279e-05,4.731709e-03,1.390946e-02,0.000000e+00,0.000000e+00,189,7.062405e-05,0,0,0
2389,12,31347,5.211612e-05,4.467214e-03,1.111759e-02,0.000000e+00,0.000000e+00,199,2.959743e-04,0,0,0
2390,11,31358,7.128343e-05,4.802434e-03,1.289117e-02,0.000000e+00,0.000000e+00,173,2.697483e-05,0,0,0
2391,12,31370,2.356246e-06,4.392524e-03,1.096720e-02,0.000000e+00,0.000000e+00,217,2.441406e-04,0,0,0
2392,17,31387,1.040965e-04,4.691083e-03,1.499354e-02,0.000000e+00,0.000000e+00,169,2.441406e-04,0,0,0
2393,11,31398,8.141596e-05,4.510361e-03,1.089000e-02,0.000000e+00,0.000000e+00,185,3.933758e-04,0,0,0
2394,18,31416,1.037335e-04,4.783046e-03,1.206653e-02,0.000000e+00,0.000000e+00,181,5.751848e-05,0,0,0
2395,16,31432,4.163943e-05,4.580822e-03,1.415127e-02,0.000000e+00,0.000000e+00,222,2.441406e-04,0,0,0
2396,14,31446,9.280629e-06,4.805509e-03,1.161943e-02,0.000000e+00,0.000000e+00,193,3.934577e-04,0,0,0
2397,12,31458,2.855852e-05,4.453018e-03,1.027910e-02,0.000000e+00,0.000000e+00,207,1.271851e-04,0,0,0
2398,14,31472,2.910985e-05,4.643733e-03,1.168478e-02,0.000000e+00,0.000000e+00,192,9.557232e-06,0,0,0
2399,13,31485,1.753376e-05,4.516656e-03,1.038555e-02,0.000000e+00,0.000000e+00,186,2.871454e-05,0,0,0
HIST {'total_samples': 2737784, 'floor_samples': 26, 'floor_fraction': 9.496731663272193e-06, 'saturation_depth': 4.6566128730773926e-08, 'boundaries': 2400, 'capped_boundaries': 0, 'unfinished_worlds': 0}
2400,14,31499,2.540665e-05,4.650388e-03,1.232959e-02,0.000000e+00,0.000000e+00,191,2.441406e-04,0,0,0
2401,12,31511,5.759882e-05,4.599910e-03,1.198629e-02,0.000000e+00,0.000000e+00,205,1.176707e-04,0,0,0
2402,15,31526,3.934240e-05,4.717157e-03,1.390049e-02,0.000000e+00,0.000000e+00,185,2.441406e-04,0,0,0
2403,14,31540,5.375822e-06,4.621473e-03,1.250914e-02,0.000000e+00,0.000000e+00,205,2.441406e-04,0,0,0
2404,11,31551,5.348680e-06,5.045889e-03,1.379600e-02,0.000000e+00,0.000000e+00,180,2.981126e-04,0,0,0
2405,15,31566,8.712523e-06,4.570138e-03,1.163737e-02,0.000000e+00,0.000000e+00,213,3.257394e-05,0,0,0
2406,13,31579,5.119669e-05,4.719265e-03,1.224094e-02,0.000000e+00,0.000000e+00,193,2.441406e-04,0,0,0
2407,13,31592,6.407220e-06,4.503320e-03,1.195561e-02,0.000000e+00,0.000000e+00,209,6.261468e-05,0,0,0
2408,12,31604,8.367933e-06,4.660415e-03,1.384904e-02,0.000000e+00,0.000000e+00,181,9.009987e-04,0,0,0
2409,13,31617,3.121166e-05,4.512283e-03,1.096254e-02,0.000000e+00,0.000000e+00,191,7.897038e-04,0,0,0
2410,13,31630,6.882545e-05,4.428176e-03,1.528062e-02,0.000000e+00,0.000000e+00,200,2.441406e-04,0,0,0
2411,13,31643,1.019693e-05,4.313966e-03,1.161243e-02,0.000000e+00,0.000000e+00,183,2.441406e-04,0,0,0
2412,11,31654,7.998762e-05,4.646902e-03,1.217877e-02,0.000000e+00,0.000000e+00,193,6.103404e-04,0,0,0
2413,12,31666,1.781706e-04,4.584592e-03,1.089000e-02,0.000000e+00,0.000000e+00,206,9.556115e-05,0,0,0
2414,13,31679,1.312488e-05,4.728648e-03,1.759645e-02,0.000000e+00,0.000000e+00,181,2.441406e-04,0,0,0
2415,15,31694,1.228246e-04,4.555981e-03,1.416563e-02,0.000000e+00,0.000000e+00,205,3.983863e-04,0,0,0
2416,11,31705,5.811791e-05,4.697087e-03,1.558902e-02,0.000000e+00,0.000000e+00,191,3.414303e-04,0,0,0
2417,15,31720,2.757971e-05,4.277208e-03,1.111625e-02,0.000000e+00,0.000000e+00,186,1.734495e-04,0,0,0
2418,11,31731,9.188429e-05,4.840455e-03,1.315385e-02,0.000000e+00,0.000000e+00,190,2.441406e-04,0,0,0
2419,12,31743,1.347263e-05,4.481198e-03,1.674340e-02,0.000000e+00,0.000000e+00,211,2.441406e-04,0,0,0
2420,11,31754,1.141866e-04,4.750881e-03,1.291797e-02,0.000000e+00,0.000000e+00,182,2.441406e-04,0,0,0
2421,11,31765,1.958571e-05,4.663331e-03,1.227154e-02,0.000000e+00,0.000000e+00,190,2.441406e-04,0,0,0
2422,14,31779,1.034979e-04,4.722250e-03,1.197900e-02,0.000000e+00,0.000000e+00,198,1.249462e-05,0,0,0
2423,13,31792,3.460950e-05,4.766280e-03,1.352374e-02,0.000000e+00,0.000000e+00,182,3.980026e-04,0,0,0
2424,11,31803,3.525073e-05,4.658033e-03,1.417584e-02,0.000000e+00,0.000000e+00,178,2.441406e-04,0,0,0
2425,11,31814,1.248415e-04,4.564199e-03,1.077303e-02,0.000000e+00,0.000000e+00,195,4.990282e-05,0,0,0
2426,14,31828,1.020897e-04,4.825202e-03,1.344647e-02,0.000000e+00,0.000000e+00,187,6.286055e-05,0,0,0
2427,14,31842,5.038412e-05,4.676403e-03,1.223890e-02,0.000000e+00,0.000000e+00,229,2.441406e-04,0,0,0
2428,13,31855,2.928078e-05,4.551169e-03,1.123277e-02,0.000000e+00,0.000000e+00,191,4.008412e-06,0,0,0
2429,11,31866,1.451652e-04,4.376554e-03,1.188958e-02,0.000000e+00,0.000000e+00,193,3.333092e-04,0,0,0
2430,14,31880,7.556685e-05,4.589234e-03,1.076233e-02,0.000000e+00,0.000000e+00,171,2.441406e-04,0,0,0
2431,13,31893,6.602304e-05,4.266921e-03,1.283600e-02,0.000000e+00,0.000000e+00,216,6.081909e-05,0,0,0
2432,12,31905,9.522773e-06,4.419396e-03,1.170384e-02,0.000000e+00,0.000000e+00,195,8.676648e-04,0,0,0
2433,16,31921,6.007031e-07,4.349723e-03,1.192535e-02,0.000000e+00,0.000000e+00,194,2.446771e-05,0,1,0
2434,16,31937,6.201958e-06,4.477200e-03,1.231580e-02,0.000000e+00,0.000000e+00,205,8.756295e-06,0,0,0
2435,14,31951,2.132008e-05,4.490647e-03,1.088202e-02,0.000000e+00,0.000000e+00,182,2.441406e-04,0,0,0
2436,13,31964,5.689312e-05,4.617324e-03,1.158773e-02,0.000000e+00,0.000000e+00,198,2.441406e-04,0,0,0
2437,16,31980,1.400428e-04,4.467806e-03,1.171432e-02,0.000000e+00,0.000000e+00,201,8.091331e-05,0,0,0
2438,12,31992,5.392786e-05,4.261195e-03,1.245081e-02,0.000000e+00,0.000000e+00,193,4.501790e-04,0,0,0
2439,14,32006,1.200801e-04,4.144731e-03,1.275748e-02,0.000000e+00,0.000000e+00,210,2.441406e-04,0,0,0
2440,16,32022,2.086163e-05,4.394669e-03,1.390432e-02,0.000000e+00,0.000000e+00,192,9.100512e-05,0,0,0
2441,14,32036,2.197921e-05,4.431670e-03,1.525443e-02,0.000000e+00,0.000000e+00,192,2.441406e-04,0,0,0
2442,11,32047,1.206396e-04,4.697279e-03,1.041185e-02,0.000000e+00,0.000000e+00,192,2.441406e-04,0,0,0
2443,14,32061,7.664785e-06,4.380937e-03,1.059589e-02,0.000000e+00,0.000000e+00,228,6.797910e-05,0,0,0
2444,13,32074,1.715962e-04,4.591410e-03,1.208305e-02,0.000000e+00,0.000000e+00,190,4.001707e-05,0,0,0
2445,13,32087,5.068778e-06,4.409558e-03,1.094915e-02,0.000000e+00,0.000000e+00,208,1.699477e-05,0,0,0
2446,11,32098,5.797033e-05,4.648533e-03,1.126151e-02,0.000000e+00,0.000000e+00,188,2.441406e-04,0,0,0
2447,12,32110,1.009311e-04,4.583716e-03,1.316385e-02,0.000000e+00,0.000000e+00,186,9.536743e-07,0,0,0
HIST {'total_samples': 2793648, 'floor_samples': 27, 'floor_fraction': 9.664782392055119e-06, 'saturation_depth': 4.6566128730773926e-08, 'boundaries': 2448, 'capped_boundaries': 0, 'unfinished_worlds': 0}
2448,13,32123,1.932960e-05,4.451214e-03,1.171314e-02,0.000000e+00,0.000000e+00,215,1.971982e-05,0,0,0
2449,11,32134,4.632469e-05,4.480420e-03,1.206138e-02,0.000000e+00,0.000000e+00,188,2.441406e-04,0,0,0
2450,12,32146,6.320704e-06,4.672149e-03,1.232593e-02,0.000000e+00,0.000000e+00,183,2.239645e-05,0,0,0
2451,12,32158,3.155772e-05,4.483880e-03,1.046681e-02,0.000000e+00,0.000000e+00,215,1.912713e-04,0,0,0
2452,11,32169,1.653935e-04,4.525208e-03,1.381386e-02,0.000000e+00,0.000000e+00,182,2.396479e-05,0,0,0
2453,16,32185,9.055266e-06,4.590363e-03,1.134341e-02,0.000000e+00,0.000000e+00,198,2.701283e-04,0,0,0
2454,15,32200,2.832273e-05,4.769620e-03,1.228539e-02,0.000000e+00,0.000000e+00,203,2.441406e-04,0,0,0
2455,16,32216,2.770525e-05,4.477640e-03,1.116694e-02,0.000000e+00,0.000000e+00,231,5.514920e-04,0,0,0
2456,13,32229,1.496205e-06,4.586821e-03,1.206772e-02,0.000000e+00,0.000000e+00,182,2.441406e-04,0,0,0
2457,13,32242,4.668602e-05,4.803949e-03,1.195859e-02,0.000000e+00,0.000000e+00,193,3.097579e-04,0,0,0
2458,15,32257,9.392845e-05,4.615012e-03,1.330389e-02,0.000000e+00,0.000000e+00,195,2.315361e-05,0,0,0
2459,23,32280,1.094304e-06,4.628457e-03,1.092947e-02,0.000000e+00,0.000000e+00,205,7.589161e-05,0,0,0
2460,14,32294,8.319207e-05,4.526038e-03,1.081891e-02,0.000000e+00,0.000000e+00,181,1.519918e-04,0,0,0
2461,15,32309,1.044935e-04,4.250951e-03,1.202997e-02,0.000000e+00,0.000000e+00,206,2.178550e-05,0,0,0
2462,11,32320,4.613130e-05,4.626696e-03,1.260521e-02,0.000000e+00,0.000000e+00,167,1.251418e-05,0,0,0
2463,27,32347,2.818362e-05,4.384922e-03,1.182566e-02,0.000000e+00,0.000000e+00,201,4.315376e-05,0,0,0
2464,16,32363,2.319967e-05,4.203938e-03,1.053872e-02,0.000000e+00,0.000000e+00,185,2.688617e-04,0,0,0
2465,16,32379,1.502991e-06,4.510934e-03,1.287975e-02,0.000000e+00,0.000000e+00,192,2.441406e-04,0,0,0
2466,14,32393,5.607547e-05,4.436360e-03,1.342825e-02,0.000000e+00,0.000000e+00,206,2.030283e-06,0,0,0
2467,13,32406,1.118507e-04,4.399605e-03,1.250324e-02,0.000000e+00,0.000000e+00,185,4.479103e-04,0,0,0
2468,13,32419,5.980581e-05,4.578941e-03,1.087122e-02,0.000000e+00,0.000000e+00,187,2.441406e-04,0,0,0
2469,12,32431,2.421439e-06,4.623848e-03,1.102884e-02,0.000000e+00,0.000000e+00,207,2.441406e-04,0,0,0
2470,13,32444,5.681170e-06,4.715038e-03,1.017111e-02,0.000000e+00,0.000000e+00,170,2.441406e-04,0,0,0
2471,16,32460,1.420267e-06,4.468455e-03,1.167236e-02,0.000000e+00,0.000000e+00,202,2.450943e-04,0,0,0
2472,11,32471,6.743781e-05,4.487277e-03,1.482377e-02,0.000000e+00,0.000000e+00,198,8.779215e-04,0,0,0
2473,11,32482,6.727156e-05,4.378430e-03,1.143649e-02,0.000000e+00,0.000000e+00,191,3.076382e-04,0,0,0
2474,11,32493,3.808369e-05,4.495306e-03,1.204487e-02,0.000000e+00,0.000000e+00,161,2.441406e-04,0,0,0
2475,15,32508,2.254732e-05,4.674785e-03,1.208262e-02,0.000000e+00,0.000000e+00,173,2.441406e-04,0,0,0
2476,18,32526,1.123935e-04,4.802782e-03,1.317690e-02,0.000000e+00,0.000000e+00,191,3.644079e-05,0,0,0
2477,13,32539,2.578495e-06,4.931606e-03,1.242359e-02,0.000000e+00,0.000000e+00,183,2.431870e-05,0,0,0
2478,12,32551,1.222580e-04,4.726071e-03,1.084757e-02,0.000000e+00,0.000000e+00,193,5.131960e-04,0,0,0
2479,10,32561,4.766822e-06,4.514225e-03,1.107368e-02,0.000000e+00,0.000000e+00,207,4.451703e-04,0,0,0
2480,10,32571,1.336746e-05,4.601747e-03,1.302810e-02,0.000000e+00,0.000000e+00,179,6.375499e-04,0,0,0
2481,11,32582,5.036127e-05,4.578632e-03,1.273176e-02,0.000000e+00,0.000000e+00,180,7.890165e-06,0,0,0
2482,14,32596,5.012118e-05,4.703342e-03,1.349506e-02,0.000000e+00,0.000000e+00,183,2.441406e-04,0,0,0
2483,10,32606,2.373233e-05,4.643671e-03,1.646117e-02,0.000000e+00,0.000000e+00,185,1.105294e-05,0,0,0
2484,13,32619,5.319333e-05,4.516648e-03,1.000000e-02,0.000000e+00,0.000000e+00,195,2.652220e-05,0,0,0
2485,15,32634,1.621703e-04,4.385605e-03,1.339843e-02,0.000000e+00,0.000000e+00,230,2.441406e-04,0,0,0
2486,12,32646,2.133365e-04,4.585722e-03,1.276955e-02,0.000000e+00,0.000000e+00,169,2.441406e-04,0,0,0
2487,13,32659,2.721499e-05,4.416443e-03,1.340205e-02,0.000000e+00,0.000000e+00,194,2.441406e-04,0,0,0
2488,14,32673,7.085968e-05,4.749621e-03,1.225006e-02,0.000000e+00,0.000000e+00,193,2.441406e-04,0,0,0
2489,14,32687,1.263632e-05,4.332202e-03,1.052564e-02,0.000000e+00,0.000000e+00,209,7.700827e-04,0,0,0
2490,12,32699,6.334276e-05,4.823921e-03,1.449459e-02,0.000000e+00,0.000000e+00,179,2.441406e-04,0,0,0
2491,10,32709,1.674495e-05,4.259410e-03,1.058733e-02,0.000000e+00,0.000000e+00,227,2.869070e-04,0,0,0
2492,17,32726,8.570101e-06,4.471108e-03,1.085235e-02,0.000000e+00,0.000000e+00,205,3.527640e-05,0,0,0
2493,11,32737,1.012813e-04,4.270156e-03,1.090858e-02,0.000000e+00,0.000000e+00,187,2.441406e-04,0,0,0
2494,15,32752,1.070788e-04,4.724372e-03,1.356348e-02,0.000000e+00,0.000000e+00,173,2.441406e-04,0,0,0
2495,13,32765,2.370858e-05,4.380059e-03,1.157640e-02,0.000000e+00,0.000000e+00,213,2.441406e-04,0,0,0
HIST {'total_samples': 2849080, 'floor_samples': 27, 'floor_fraction': 9.476743369789546e-06, 'saturation_depth': 4.6566128730773926e-08, 'boundaries': 2496, 'capped_boundaries': 0, 'unfinished_worlds': 0}
2496,14,32779,7.815383e-05,4.786832e-03,1.317690e-02,0.000000e+00,0.000000e+00,179,3.656000e-04,0,0,0
2497,15,32794,1.690950e-05,4.718582e-03,1.089000e-02,0.000000e+00,0.000000e+00,186,2.715588e-04,0,0,0
2498,12,32806,5.041636e-06,4.617930e-03,1.062922e-02,0.000000e+00,0.000000e+00,177,2.441406e-04,0,0,0
2499,14,32820,3.378167e-05,4.680417e-03,1.208967e-02,0.000000e+00,0.000000e+00,206,2.641305e-04,0,0,0
2500,14,32834,1.083221e-04,4.698141e-03,1.187176e-02,0.000000e+00,0.000000e+00,205,2.441406e-04,0,0,0
2501,14,32848,2.290110e-06,4.437273e-03,1.110767e-02,0.000000e+00,0.000000e+00,209,9.993166e-04,0,0,0
2502,14,32862,8.797755e-05,4.378164e-03,1.655576e-02,0.000000e+00,0.000000e+00,190,2.441406e-04,0,0,0
2503,14,32876,5.624172e-05,4.484714e-03,1.226350e-02,0.000000e+00,0.000000e+00,193,1.984537e-04,0,0,0
2504,10,32886,1.102323e-04,4.748655e-03,1.441615e-02,0.000000e+00,0.000000e+00,196,2.441406e-04,0,0,0
2505,12,32898,3.117943e-05,4.626716e-03,1.154517e-02,0.000000e+00,0.000000e+00,195,1.220405e-05,0,0,0
2506,12,32910,4.912711e-06,4.697465e-03,1.126228e-02,0.000000e+00,0.000000e+00,178,2.441406e-04,0,0,0
2507,11,32921,5.163944e-05,4.744007e-03,1.039102e-02,0.000000e+00,0.000000e+00,205,8.812808e-04,0,0,0
2508,15,32936,7.043871e-05,4.666561e-03,1.370229e-02,0.000000e+00,0.000000e+00,203,1.628883e-05,0,0,0
2509,14,32950,2.678581e-06,4.634278e-03,1.253124e-02,0.000000e+00,0.000000e+00,204,2.441406e-04,0,0,0
2510,12,32962,7.419109e-05,4.732259e-03,1.363038e-02,0.000000e+00,0.000000e+00,199,2.235174e-06,0,0,0
2511,20,32982,3.368667e-05,4.472003e-03,1.152801e-02,0.000000e+00,0.000000e+00,218,2.441406e-04,0,0,0
2512,12,32994,6.070361e-05,4.440296e-03,1.321469e-02,0.000000e+00,0.000000e+00,187,2.493858e-04,0,0,0
2513,12,33006,2.776971e-05,4.527806e-03,1.271059e-02,0.000000e+00,0.000000e+00,194,8.607621e-05,0,0,0
2514,10,33016,1.166039e-04,4.649563e-03,1.026028e-02,0.000000e+00,0.000000e+00,205,3.273115e-04,0,0,0
2515,11,33027,1.672120e-05,4.437668e-03,1.498521e-02,0.000000e+00,0.000000e+00,198,4.229099e-04,0,0,0
2516,11,33038,2.723026e-05,4.458675e-03,1.230305e-02,0.000000e+00,0.000000e+00,181,2.441406e-04,0,0,0
2517,15,33053,1.621059e-05,4.403517e-03,1.142150e-02,0.000000e+00,0.000000e+00,213,2.208650e-04,0,0,0
2518,13,33066,2.015297e-06,4.399345e-03,1.073822e-02,0.000000e+00,0.000000e+00,209,3.907830e-05,0,0,0
2519,15,33081,2.334216e-06,4.291016e-03,1.190848e-02,0.000000e+00,0.000000e+00,219,1.311302e-06,0,0,0
2520,13,33094,8.913688e-05,4.643071e-03,1.156009e-02,0.000000e+00,0.000000e+00,172,2.441406e-04,0,0,0
2521,14,33108,1.951121e-05,4.368153e-03,1.269155e-02,0.000000e+00,0.000000e+00,232,2.441406e-04,0,0,0
2522,16,33124,9.816140e-06,4.318055e-03,1.197589e-02,0.000000e+00,0.000000e+00,197,9.730458e-06,0,0,0
2523,16,33140,6.273545e-05,4.322873e-03,1.000000e-02,0.000000e+00,0.000000e+00,186,3.173947e-06,0,0,0
2524,16,33156,1.959622e-04,4.778865e-03,1.235965e-02,0.000000e+00,0.000000e+00,190,5.691275e-04,0,0,0
2525,14,33170,8.833595e-06,4.628489e-03,1.047754e-02,0.000000e+00,0.000000e+00,199,1.163781e-04,0,0,0
2526,14,33184,8.439481e-05,4.602345e-03,1.134892e-02,0.000000e+00,0.000000e+00,199,1.138449e-04,0,0,0
2527,15,33199,5.595163e-05,4.486494e-03,1.204705e-02,0.000000e+00,0.000000e+00,221,2.441406e-04,0,0,0
2528,11,33210,6.012153e-05,4.601720e-03,1.285774e-02,0.000000e+00,0.000000e+00,201,2.441406e-04,0,0,0
2529,11,33221,4.104726e-05,4.493536e-03,1.074398e-02,0.000000e+00,0.000000e+00,216,9.315982e-04,0,0,0
2530,11,33232,5.980411e-05,4.432267e-03,1.162549e-02,0.000000e+00,0.000000e+00,199,2.441406e-04,0,0,0
2531,12,33244,6.787479e-05,4.548546e-03,1.549472e-02,0.000000e+00,0.000000e+00,199,3.197044e-04,0,0,0
2532,20,33264,5.522898e-05,4.439835e-03,1.143347e-02,0.000000e+00,0.000000e+00,193,5.558133e-05,0,0,0
2533,13,33277,6.971435e-05,4.457463e-03,1.117347e-02,0.000000e+00,0.000000e+00,202,4.045367e-04,0,0,0
2534,13,33290,1.225463e-05,4.364555e-03,1.188925e-02,0.000000e+00,0.000000e+00,204,4.805475e-04,0,0,0
2535,16,33306,9.820331e-05,4.370007e-03,1.146399e-02,0.000000e+00,0.000000e+00,203,4.998492e-04,0,0,0
2536,14,33320,1.176633e-04,4.684359e-03,1.488005e-02,0.000000e+00,0.000000e+00,196,8.681118e-04,0,0,0
2537,20,33340,2.833083e-05,4.337607e-03,1.256070e-02,0.000000e+00,0.000000e+00,232,2.441406e-04,0,0,0
2538,14,33354,7.669441e-05,4.708364e-03,1.242650e-02,0.000000e+00,0.000000e+00,203,6.207451e-04,0,0,0
2539,13,33367,1.274658e-05,4.580462e-03,1.121852e-02,0.000000e+00,0.000000e+00,194,2.548248e-04,0,0,0
2540,15,33382,4.067405e-05,4.571443e-03,1.286876e-02,0.000000e+00,0.000000e+00,199,2.441406e-04,0,0,0
2541,18,33400,6.159039e-05,4.375832e-03,1.204942e-02,0.000000e+00,0.000000e+00,230,6.206334e-06,0,0,0
2542,11,33411,4.092851e-05,4.741267e-03,1.091582e-02,0.000000e+00,0.000000e+00,196,2.709031e-05,0,0,0
2543,13,33424,8.016359e-05,4.228333e-03,9.812349e-03,0.000000e+00,0.000000e+00,238,2.441406e-04,0,0,0
HIST {'total_samples': 2905441, 'floor_samples': 27, 'floor_fraction': 9.29290940686801e-06, 'saturation_depth': 4.6566128730773926e-08, 'boundaries': 2544, 'capped_boundaries': 0, 'unfinished_worlds': 0}
2544,16,33440,7.958151e-06,4.343383e-03,1.266296e-02,0.000000e+00,0.000000e+00,192,2.441406e-04,0,0,0
2545,19,33459,3.056601e-05,4.266333e-03,1.300902e-02,0.000000e+00,0.000000e+00,198,9.724628e-04,0,0,0
2546,12,33471,9.850599e-05,4.361163e-03,1.082198e-02,0.000000e+00,0.000000e+00,201,2.441406e-04,0,0,0
2547,14,33485,1.480938e-06,4.615060e-03,9.834596e-03,0.000000e+00,0.000000e+00,208,1.907349e-06,0,0,0
2548,14,33499,2.333368e-05,4.604943e-03,1.317690e-02,0.000000e+00,0.000000e+00,196,1.185983e-04,0,0,0
2549,12,33511,5.790926e-05,4.522293e-03,1.279491e-02,0.000000e+00,0.000000e+00,216,3.948063e-05,0,0,0
2550,14,33525,6.642677e-05,4.605117e-03,1.166480e-02,0.000000e+00,0.000000e+00,184,2.441406e-04,0,0,0
2551,13,33538,9.583309e-06,4.532075e-03,1.096718e-02,0.000000e+00,0.000000e+00,204,2.441406e-04,0,0,0
2552,12,33550,1.353710e-06,4.326494e-03,1.098597e-02,0.000000e+00,0.000000e+00,187,5.658716e-05,0,0,0
2553,12,33562,9.238720e-06,4.541420e-03,1.039908e-02,0.000000e+00,0.000000e+00,208,2.441406e-04,0,0,0
2554,14,33576,8.284262e-05,4.524698e-03,1.098923e-02,0.000000e+00,0.000000e+00,196,2.441406e-04,0,0,0
2555,14,33590,7.966530e-05,4.395541e-03,1.129636e-02,0.000000e+00,0.000000e+00,227,2.441406e-04,0,0,0
2556,12,33602,1.763925e-04,4.405840e-03,1.315792e-02,0.000000e+00,0.000000e+00,201,2.441406e-04,0,0,0
2557,12,33614,3.932044e-05,4.589892e-03,1.183690e-02,0.000000e+00,0.000000e+00,195,2.441406e-04,0,0,0
2558,15,33629,5.506952e-05,4.311178e-03,1.346187e-02,0.000000e+00,0.000000e+00,193,2.441406e-04,0,0,0
2559,14,33643,1.406297e-06,4.504863e-03,1.166082e-02,0.000000e+00,0.000000e+00,195,4.850030e-04,0,0,0
2560,13,33656,1.139966e-06,4.390103e-03,1.151596e-02,0.000000e+00,0.000000e+00,202,2.441406e-04,0,0,0
2561,19,33675,5.472176e-05,4.403487e-03,1.116464e-02,0.000000e+00,0.000000e+00,220,2.441406e-04,0,0,0
2562,12,33687,7.244552e-05,3.937558e-03,1.087305e-02,0.000000e+00,0.000000e+00,198,2.611801e-04,0,0,0
2563,11,33698,5.900003e-06,4.438346e-03,1.267277e-02,0.000000e+00,0.000000e+00,186,2.441406e-04,0,0,0
2564,13,33711,1.036911e-04,4.322947e-03,1.017245e-02,0.000000e+00,0.000000e+00,195,1.257658e-04,0,0,0
2565,14,33725,2.098420e-06,4.410303e-03,1.234436e-02,0.000000e+00,0.000000e+00,197,2.441406e-04,0,0,0
2566,15,33740,8.386894e-06,4.446509e-03,1.148631e-02,0.000000e+00,0.000000e+00,177,1.100786e-04,0,0,0
2567,13,33753,1.071487e-05,4.388303e-03,1.090291e-02,0.000000e+00,0.000000e+00,191,2.441406e-04,0,0,0
2568,11,33764,1.939978e-05,4.423882e-03,1.257637e-02,0.000000e+00,0.000000e+00,188,2.441406e-04,0,0,0
2569,16,33780,4.005657e-05,4.407135e-03,1.179305e-02,0.000000e+00,0.000000e+00,216,2.441406e-04,0,0,0
2570,16,33796,8.417427e-06,4.436969e-03,1.246312e-02,0.000000e+00,0.000000e+00,198,7.913262e-05,0,0,0
2571,13,33809,4.879199e-05,4.334017e-03,1.106215e-02,0.000000e+00,0.000000e+00,206,2.441406e-04,0,0,0
2572,12,33821,2.700835e-07,4.197665e-03,1.070348e-02,0.000000e+00,0.000000e+00,213,7.615276e-04,0,1,0
2573,15,33836,8.211148e-05,4.177750e-03,1.037557e-02,0.000000e+00,0.000000e+00,202,9.290874e-06,0,0,0
2574,14,33850,4.338995e-05,4.388036e-03,1.110307e-02,0.000000e+00,0.000000e+00,210,2.441406e-04,0,0,0
2575,13,33863,4.450787e-05,4.200052e-03,1.066744e-02,0.000000e+00,0.000000e+00,207,2.441406e-04,0,0,0
2576,13,33876,1.685694e-06,4.284151e-03,1.150406e-02,0.000000e+00,0.000000e+00,222,4.905853e-04,0,0,0
2577,16,33892,6.840305e-05,4.535852e-03,1.197900e-02,0.000000e+00,0.000000e+00,209,6.541610e-06,0,0,0
2578,12,33904,2.681974e-05,4.511945e-03,1.146833e-02,0.000000e+00,0.000000e+00,191,2.441406e-04,0,0,0
2579,16,33920,6.808899e-05,4.390464e-03,1.268763e-02,0.000000e+00,0.000000e+00,210,2.244804e-04,0,0,0
2580,13,33933,3.069087e-05,4.318552e-03,1.329222e-02,0.000000e+00,0.000000e+00,202,3.663078e-04,0,0,0
2581,14,33947,8.015386e-06,4.633667e-03,1.174802e-02,0.000000e+00,0.000000e+00,210,3.932416e-05,0,0,0
2582,9,33956,1.631067e-05,4.492087e-03,1.287975e-02,0.000000e+00,0.000000e+00,184,3.059469e-04,0,0,0
2583,17,33973,5.405509e-05,4.336303e-03,1.052556e-02,0.000000e+00,0.000000e+00,203,1.967326e-04,0,0,0
2584,14,33987,1.841334e-04,4.275877e-03,1.221843e-02,0.000000e+00,0.000000e+00,204,2.441406e-04,0,0,0
2585,12,33999,4.070289e-05,4.190727e-03,1.313059e-02,0.000000e+00,0.000000e+00,208,6.957725e-05,0,0,0
2586,11,34010,1.495238e-04,4.484872e-03,1.519255e-02,0.000000e+00,0.000000e+00,198,2.441406e-04,0,0,0
2587,18,34028,1.946933e-05,4.361242e-03,1.058342e-02,0.000000e+00,0.000000e+00,199,4.887395e-04,0,0,0
2588,17,34045,6.873385e-05,4.469737e-03,1.053819e-02,0.000000e+00,0.000000e+00,204,1.619570e-05,0,0,0
2589,12,34057,1.130160e-05,4.243432e-03,1.223941e-02,0.000000e+00,0.000000e+00,224,2.441406e-04,0,0,0
2590,15,34072,2.844725e-05,4.391703e-03,1.167160e-02,0.000000e+00,0.000000e+00,207,2.441406e-04,0,0,0
2591,13,34085,1.769513e-05,4.371453e-03,1.188758e-02,0.000000e+00,0.000000e+00,203,1.180917e-04,0,0,0
HIST {'total_samples': 2962881, 'floor_samples': 28, 'floor_fraction': 9.45026141785647e-06, 'saturation_depth': 4.6566128730773926e-08, 'boundaries': 2592, 'capped_boundaries': 0, 'unfinished_worlds': 0}
2592,11,34096,6.505270e-05,4.417036e-03,1.151500e-02,0.000000e+00,0.000000e+00,202,2.441406e-04,0,0,0
2593,13,34109,1.752749e-05,4.502647e-03,1.165920e-02,0.000000e+00,0.000000e+00,206,2.441406e-04,0,0,0
2594,11,34120,4.390905e-05,4.348444e-03,1.317476e-02,0.000000e+00,0.000000e+00,215,2.441406e-04,0,0,0
2595,12,34132,3.013107e-05,4.364735e-03,1.139484e-02,0.000000e+00,0.000000e+00,227,2.441406e-04,0,0,0
2596,13,34145,1.253653e-04,4.335618e-03,1.150059e-02,0.000000e+00,0.000000e+00,189,2.441406e-04,0,0,0
2597,12,34157,6.936956e-05,4.140554e-03,1.000000e-02,0.000000e+00,0.000000e+00,218,2.441406e-04,0,0,0
2598,14,34171,6.142754e-05,4.250912e-03,1.050478e-02,0.000000e+00,0.000000e+00,208,1.085002e-05,0,0,0
2599,14,34185,4.882176e-06,4.283956e-03,1.054637e-02,0.000000e+00,0.000000e+00,199,1.242012e-04,0,0,0
2600,15,34200,9.208618e-05,4.309780e-03,1.268970e-02,0.000000e+00,0.000000e+00,211,2.441406e-04,0,0,0
2601,11,34211,4.760376e-05,4.385795e-03,1.242224e-02,0.000000e+00,0.000000e+00,205,2.441406e-04,0,0,0
2602,11,34222,2.305547e-05,4.372499e-03,1.069649e-02,0.000000e+00,0.000000e+00,195,2.441406e-04,0,0,0
2603,14,34236,1.213589e-05,3.921414e-03,1.009736e-02,0.000000e+00,0.000000e+00,245,1.907349e-06,0,0,0
2604,16,34252,8.851700e-06,4.407327e-03,1.231825e-02,0.000000e+00,0.000000e+00,167,1.028180e-05,0,0,0
2605,13,34265,8.663163e-05,4.533857e-03,1.089740e-02,0.000000e+00,0.000000e+00,196,2.441406e-04,0,0,0
2606,13,34278,2.874061e-05,4.491914e-03,1.315297e-02,0.000000e+00,0.000000e+00,188,2.813921e-05,0,0,0
2607,14,34292,2.162882e-06,4.468892e-03,1.275514e-02,0.000000e+00,0.000000e+00,208,7.004738e-04,0,0,0
2608,14,34306,9.015203e-06,4.344922e-03,1.161154e-02,0.000000e+00,0.000000e+00,194,1.757443e-04,0,0,0
2609,13,34319,7.076610e-05,4.121212e-03,1.078556e-02,0.000000e+00,0.000000e+00,212,3.455579e-05,0,0,0
2610,14,34333,2.313860e-06,4.260477e-03,1.130280e-02,0.000000e+00,0.000000e+00,182,1.807511e-05,0,0,0
2611,16,34349,3.621428e-05,4.404523e-03,1.224172e-02,0.000000e+00,0.000000e+00,198,2.441406e-04,0,0,0
2612,13,34362,1.685694e-05,4.290172e-03,1.578704e-02,0.000000e+00,0.000000e+00,213,7.719919e-05,0,0,0
2613,14,34376,9.845778e-05,3.896036e-03,1.089000e-02,0.000000e+00,0.000000e+00,203,1.153722e-05,0,0,0
2614,11,34387,1.265837e-04,4.202025e-03,1.311371e-02,0.000000e+00,0.000000e+00,188,7.443726e-04,0,0,0
2615,15,34402,1.618345e-06,4.280673e-03,1.324621e-02,0.000000e+00,0.000000e+00,233,2.441406e-04,0,0,0
2616,12,34414,1.952518e-05,4.098439e-03,1.412148e-02,0.000000e+00,0.000000e+00,193,2.441406e-04,0,0,0
2617,16,34430,1.068718e-06,4.114926e-03,1.109237e-02,0.000000e+00,0.000000e+00,225,1.047365e-05,0,0,0
2618,13,34443,1.462990e-04,4.058811e-03,1.176196e-02,0.000000e+00,0.000000e+00,205,7.692724e-05,0,0,0
2619,15,34458,2.587485e-05,4.276454e-03,1.158037e-02,0.000000e+00,0.000000e+00,206,2.441406e-04,0,0,0
2620,14,34472,4.270971e-05,4.503936e-03,1.317690e-02,0.000000e+00,0.000000e+00,207,2.498627e-04,0,0,0
2621,12,34484,3.677793e-05,4.221144e-03,1.296229e-02,0.000000e+00,0.000000e+00,217,4.876256e-04,0,0,0
2622,12,34496,3.013107e-05,4.218621e-03,1.088635e-02,0.000000e+00,0.000000e+00,215,1.435280e-04,0,0,0
2623,13,34509,6.124094e-05,4.011594e-03,1.136906e-02,0.000000e+00,0.000000e+00,231,9.890646e-07,0,0,0
2624,12,34521,1.233097e-05,4.209046e-03,1.139897e-02,0.000000e+00,0.000000e+00,200,2.441406e-04,0,0,0
2625,12,34533,2.561361e-05,3.986876e-03,1.089000e-02,0.000000e+00,0.000000e+00,218,9.536743e-07,0,0,0
2626,12,34545,5.059956e-05,4.165729e-03,1.186138e-02,0.000000e+00,0.000000e+00,195,1.208894e-04,0,0,0
2627,14,34559,7.725984e-05,4.090308e-03,1.089000e-02,0.000000e+00,0.000000e+00,219,1.023710e-05,0,0,0
2628,12,34571,4.786998e-05,4.399337e-03,1.250517e-02,0.000000e+00,0.000000e+00,208,2.441406e-04,0,0,0
2629,13,34584,3.810972e-05,4.046720e-03,1.277396e-02,0.000000e+00,0.000000e+00,226,3.661364e-04,0,0,0
2630,14,34598,7.400619e-05,4.314346e-03,1.293354e-02,0.000000e+00,0.000000e+00,217,4.097819e-06,0,0,0
2631,11,34609,5.473383e-05,4.271852e-03,1.081344e-02,0.000000e+00,0.000000e+00,208,2.441406e-04,0,0,0
2632,12,34621,5.353090e-05,4.381766e-03,1.216291e-02,0.000000e+00,0.000000e+00,227,9.018751e-04,0,0,0
2633,11,34632,2.008376e-04,4.208108e-03,1.100836e-02,0.000000e+00,0.000000e+00,215,8.344650e-06,0,0,0
2634,12,34644,1.424907e-04,4.321972e-03,1.283520e-02,0.000000e+00,0.000000e+00,200,2.507593e-04,0,0,0
2635,15,34659,5.628582e-06,4.496450e-03,1.216564e-02,0.000000e+00,0.000000e+00,223,2.441406e-04,0,0,0
2636,13,34672,9.853241e-05,4.449429e-03,1.019636e-02,0.000000e+00,0.000000e+00,218,2.441406e-04,0,0,0
2637,13,34685,2.919975e-05,4.234512e-03,9.521421e-03,0.000000e+00,0.000000e+00,224,2.441406e-04,0,0,0
2638,13,34698,2.082670e-04,4.231351e-03,1.324545e-02,0.000000e+00,0.000000e+00,215,2.441406e-04,0,0,0
2639,12,34710,1.868932e-04,4.159970e-03,1.000000e-02,0.000000e+00,0.000000e+00,218,3.609508e-04,0,0,0
HIST {'total_samples': 3022042, 'floor_samples': 28, 'floor_fraction': 9.265258391511435e-06, 'saturation_depth': 4.6566128730773926e-08, 'boundaries': 2640, 'capped_boundaries': 0, 'unfinished_worlds': 0}
2640,14,34724,1.055235e-04,4.292051e-03,1.289147e-02,0.000000e+00,0.000000e+00,200,2.441406e-04,0,0,0
2641,16,34740,5.034171e-05,4.212647e-03,1.599039e-02,0.000000e+00,0.000000e+00,211,1.214221e-04,0,0,0
2642,10,34750,2.856832e-05,4.091615e-03,1.197900e-02,0.000000e+00,0.000000e+00,230,2.441406e-04,0,0,0
2643,12,34762,2.687797e-05,4.262599e-03,1.419125e-02,0.000000e+00,0.000000e+00,212,2.708659e-04,0,0,0
2644,15,34777,3.000256e-05,4.065106e-03,1.428397e-02,0.000000e+00,0.000000e+00,225,1.130700e-04,0,0,0
2645,14,34791,6.955150e-05,4.032954e-03,1.159320e-02,0.000000e+00,0.000000e+00,208,2.441406e-04,0,0,0
2646,15,34806,9.802521e-05,4.171510e-03,1.126950e-02,0.000000e+00,0.000000e+00,222,2.441406e-04,0,0,0
2647,12,34818,3.001187e-05,4.186617e-03,1.045565e-02,0.000000e+00,0.000000e+00,206,2.704859e-04,0,0,0
2648,13,34831,4.738569e-05,4.206035e-03,1.137304e-02,0.000000e+00,0.000000e+00,208,2.441406e-04,0,0,0
2649,14,34845,2.964865e-05,4.151249e-03,1.039568e-02,0.000000e+00,0.000000e+00,206,3.597140e-05,0,0,0
2650,12,34857,2.972563e-05,4.380326e-03,1.178006e-02,0.000000e+00,0.000000e+00,203,1.053512e-05,0,0,0
2651,13,34870,2.899449e-05,4.382381e-03,1.387051e-02,0.000000e+00,0.000000e+00,203,9.189546e-05,0,0,0
2652,12,34882,6.592803e-05,4.220241e-03,1.081740e-02,0.000000e+00,0.000000e+00,217,1.836717e-04,0,0,0
2653,13,34895,9.126513e-07,4.300902e-03,1.109950e-02,0.000000e+00,0.000000e+00,205,9.188950e-04,0,1,0
2654,13,34908,7.415038e-05,4.318129e-03,1.178307e-02,0.000000e+00,0.000000e+00,205,2.441406e-04,0,0,0
2655,14,34922,4.656897e-05,4.109420e-03,1.621116e-02,0.000000e+00,0.000000e+00,225,5.705561e-05,0,0,0
2656,15,34937,2.395286e-06,4.349758e-03,1.095500e-02,0.000000e+00,0.000000e+00,208,4.404727e-04,0,0,0
2657,11,34948,3.565956e-05,4.313717e-03,1.000000e-02,0.000000e+00,0.000000e+00,210,3.047436e-04,0,0,0
2658,13,34961,6.270831e-05,4.243890e-03,1.260133e-02,0.000000e+00,0.000000e+00,205,2.441406e-04,0,0,0
2659,10,34971,1.296308e-04,4.347255e-03,1.121701e-02,0.000000e+00,0.000000e+00,207,2.441406e-04,0,0,0
2660,11,34982,1.786277e-05,4.335143e-03,1.224489e-02,0.000000e+00,0.000000e+00,196,2.229963e-04,0,0,0
2661,15,34997,9.625758e-05,4.408275e-03,1.753846e-02,0.000000e+00,0.000000e+00,203,2.441406e-04,0,0,0
2662,12,35009,1.108753e-05,4.455210e-03,1.503276e-02,0.000000e+00,0.000000e+00,196,2.441406e-04,0,0,0
2663,15,35024,8.111820e-06,4.171473e-03,1.024056e-02,0.000000e+00,0.000000e+00,205,3.867131e-05,0,0,0
2664,15,35039,5.657785e-05,4.308758e-03,1.201926e-02,0.000000e+00,0.000000e+00,190,7.560849e-05,0,0,0
2665,13,35052,2.030749e-05,4.058030e-03,1.225018e-02,0.000000e+00,0.000000e+00,220,3.060699e-05,0,0,0
2666,12,35064,8.665438e-05,4.417947e-03,1.170024e-02,0.000000e+00,0.000000e+00,174,2.068803e-04,0,0,0
2667,11,35075,6.287286e-05,4.334286e-03,1.379794e-02,0.000000e+00,0.000000e+00,205,2.441406e-04,0,0,0
2668,12,35087,7.384163e-05,4.385457e-03,1.287975e-02,0.000000e+00,0.000000e+00,197,5.339086e-05,0,0,0
2669,14,35101,6.519258e-08,4.038141e-03,1.089000e-02,0.000000e+00,0.000000e+00,216,7.214919e-04,0,1,0
2670,12,35113,8.644743e-06,4.175185e-03,1.288556e-02,0.000000e+00,0.000000e+00,206,2.441406e-04,0,0,0
2671,14,35127,1.783063e-05,4.389481e-03,1.279034e-02,0.000000e+00,0.000000e+00,197,1.638085e-04,0,0,0
2672,17,35144,1.417566e-04,4.377834e-03,1.154851e-02,0.000000e+00,0.000000e+00,203,2.441406e-04,0,0,0
2673,11,35155,1.886762e-04,4.332907e-03,1.015824e-02,0.000000e+00,0.000000e+00,209,3.076792e-04,0,0,0
2674,12,35167,1.509776e-05,4.312578e-03,1.215468e-02,0.000000e+00,0.000000e+00,198,2.441406e-04,0,0,0
2675,11,35178,2.180185e-05,4.464887e-03,1.160873e-02,0.000000e+00,0.000000e+00,194,2.573133e-04,0,0,0
2676,12,35190,8.602163e-05,4.359766e-03,1.287975e-02,0.000000e+00,0.000000e+00,185,4.583523e-04,0,0,0
2677,13,35203,5.445443e-05,4.239723e-03,1.048119e-02,0.000000e+00,0.000000e+00,221,2.441406e-04,0,0,0
2678,13,35216,8.162971e-06,4.253768e-03,1.115910e-02,0.000000e+00,0.000000e+00,188,5.364418e-05,0,0,0
2679,13,35229,1.033768e-06,4.215832e-03,1.065433e-02,0.000000e+00,0.000000e+00,201,2.441406e-04,0,0,0
2680,14,35243,1.465263e-04,4.446378e-03,1.163089e-02,0.000000e+00,0.000000e+00,202,2.441406e-04,0,0,0
2681,15,35258,4.581747e-05,4.336928e-03,1.287975e-02,0.000000e+00,0.000000e+00,220,5.593821e-04,0,0,0
2682,14,35272,3.478253e-05,4.245163e-03,1.174160e-02,0.000000e+00,0.000000e+00,198,3.520399e-04,0,0,0
2683,11,35283,2.278236e-06,4.383554e-03,1.137850e-02,0.000000e+00,0.000000e+00,175,2.441406e-04,0,0,0
2684,14,35297,2.611913e-05,4.428515e-03,1.282633e-02,0.000000e+00,0.000000e+00,175,1.677126e-05,0,0,0
2685,14,35311,5.860307e-05,4.613523e-03,1.340461e-02,0.000000e+00,0.000000e+00,208,2.441406e-04,0,0,0
2686,13,35324,2.120133e-05,4.526598e-03,1.081805e-02,0.000000e+00,0.000000e+00,214,8.611381e-05,0,0,0
2687,13,35337,3.655907e-05,4.373459e-03,1.099577e-02,0.000000e+00,0.000000e+00,209,2.472459e-04,0,0,0
HIST {'total_samples': 3079778, 'floor_samples': 30, 'floor_fraction': 9.740961848548823e-06, 'saturation_depth': 4.6566128730773926e-08, 'boundaries': 2688, 'capped_boundaries': 0, 'unfinished_worlds': 0}
2688,13,35350,1.865812e-04,4.634498e-03,1.320213e-02,0.000000e+00,0.000000e+00,172,5.429387e-04,0,0,0
2689,17,35367,1.040008e-04,4.587958e-03,1.089000e-02,0.000000e+00,0.000000e+00,207,2.441406e-04,0,0,0
2690,11,35378,1.431166e-04,4.264979e-03,1.089000e-02,0.000000e+00,0.000000e+00,193,2.461951e-06,0,0,0
2691,15,35393,4.221606e-05,4.286908e-03,1.164466e-02,0.000000e+00,0.000000e+00,193,3.772974e-05,0,0,0
2692,14,35407,2.593733e-05,4.435420e-03,1.154020e-02,0.000000e+00,0.000000e+00,191,3.672242e-04,0,0,0
2693,15,35422,2.146699e-06,4.567575e-03,1.394808e-02,0.000000e+00,0.000000e+00,196,5.399436e-05,0,0,0
2694,14,35436,9.262224e-07,4.584849e-03,1.136124e-02,0.000000e+00,0.000000e+00,187,4.112720e-05,0,1,0
2695,15,35451,1.259730e-04,4.455057e-03,1.185631e-02,0.000000e+00,0.000000e+00,190,2.441406e-04,0,0,0
2696,15,35466,9.806827e-06,4.708399e-03,1.260165e-02,0.000000e+00,0.000000e+00,180,2.441406e-04,0,0,0
2697,12,35478,7.397961e-05,4.587775e-03,1.106512e-02,0.000000e+00,0.000000e+00,229,2.482533e-04,0,0,0
2698,14,35492,2.971850e-05,4.359642e-03,1.196063e-02,0.000000e+00,0.000000e+00,220,2.441406e-04,0,0,0
2699,12,35504,4.251802e-05,4.078883e-03,1.290474e-02,0.000000e+00,0.000000e+00,206,2.441406e-04,0,0,0
2700,13,35517,3.253823e-05,4.480206e-03,1.422409e-02,0.000000e+00,0.000000e+00,180,9.328127e-06,0,0,0
2701,13,35530,4.503714e-05,4.478432e-03,1.129553e-02,0.000000e+00,0.000000e+00,207,1.115762e-04,0,0,0
2702,14,35544,5.564968e-05,4.718004e-03,1.273965e-02,0.000000e+00,0.000000e+00,188,2.441406e-04,0,0,0
2703,13,35557,7.154886e-05,4.576182e-03,1.226074e-02,0.000000e+00,0.000000e+00,230,6.735325e-06,0,0,0
2704,22,35579,1.006760e-05,4.335728e-03,1.560406e-02,0.000000e+00,0.000000e+00,200,1.288131e-04,0,0,0
2705,12,35591,1.485637e-04,4.508167e-03,1.250058e-02,0.000000e+00,0.000000e+00,202,2.441406e-04,0,0,0
2706,13,35604,5.592619e-05,4.522884e-03,1.483525e-02,0.000000e+00,0.000000e+00,186,1.815334e-04,0,0,0
2707,12,35616,7.718520e-06,4.306347e-03,1.226749e-02,0.000000e+00,0.000000e+00,202,2.441406e-04,0,0,0
2708,13,35629,6.117139e-05,4.292489e-03,1.309169e-02,0.000000e+00,0.000000e+00,196,4.568696e-05,0,0,0
2709,14,35643,1.125038e-05,4.420386e-03,1.388743e-02,0.000000e+00,0.000000e+00,190,2.441406e-04,0,0,0
2710,18,35661,5.710870e-05,4.363339e-03,1.240301e-02,0.000000e+00,0.000000e+00,212,2.539456e-04,0,0,0
2711,13,35674,9.592848e-05,4.525291e-03,1.235476e-02,0.000000e+00,0.000000e+00,200,2.441406e-04,0,0,0
2712,14,35688,7.790107e-05,4.720280e-03,1.342837e-02,0.000000e+00,0.000000e+00,189,7.100441e-04,0,0,0
2713,15,35703,1.117913e-05,4.499561e-03,1.233371e-02,0.000000e+00,0.000000e+00,213,1.917277e-04,0,0,0
2714,12,35715,5.397875e-06,4.516659e-03,1.207747e-02,0.000000e+00,0.000000e+00,201,1.475681e-05,0,0,0
2715,11,35726,5.131544e-05,4.377722e-03,1.172733e-02,0.000000e+00,0.000000e+00,223,2.441406e-04,0,0,0
2716,11,35737,1.011183e-04,4.614142e-03,1.112723e-02,0.000000e+00,0.000000e+00,200,2.441406e-04,0,0,0
2717,11,35748,4.252480e-05,4.385631e-03,1.299850e-02,0.000000e+00,0.000000e+00,199,2.441406e-04,0,0,0
2718,14,35762,9.150244e-06,4.270941e-03,1.391276e-02,0.000000e+00,0.000000e+00,219,2.648532e-04,0,0,0
2719,18,35780,1.210926e-04,4.173469e-03,1.153351e-02,0.000000e+00,0.000000e+00,223,1.745224e-04,0,0,0
2720,15,35795,2.351180e-06,4.530993e-03,1.268687e-02,0.000000e+00,0.000000e+00,176,2.830685e-05,0,0,0
2721,11,35806,1.079948e-04,4.483590e-03,1.048593e-02,0.000000e+00,0.000000e+00,226,3.885925e-04,0,0,0
2722,15,35821,2.773479e-05,4.269134e-03,1.318591e-02,0.000000e+00,0.000000e+00,199,2.441406e-04,0,0,0
2723,12,35833,1.652772e-04,4.308251e-03,1.258000e-02,0.000000e+00,0.000000e+00,220,2.441406e-04,0,0,0
2724,13,35846,1.479242e-05,4.329382e-03,1.226621e-02,0.000000e+00,0.000000e+00,192,2.441406e-04,0,0,0
2725,10,35856,4.114226e-05,4.315524e-03,1.200075e-02,0.000000e+00,0.000000e+00,193,2.441406e-04,0,0,0
2726,15,35871,5.548853e-05,4.357120e-03,1.381682e-02,0.000000e+00,0.000000e+00,199,3.756741e-04,0,0,0
2727,15,35886,6.291084e-05,4.318001e-03,1.265646e-02,0.000000e+00,0.000000e+00,225,1.999736e-05,0,0,0
2728,12,35898,1.319188e-04,4.366184e-03,1.433867e-02,0.000000e+00,0.000000e+00,200,4.947186e-05,0,0,0
2729,14,35912,1.061933e-06,4.145878e-03,1.302414e-02,0.000000e+00,0.000000e+00,218,2.441406e-04,0,0,0
2730,11,35923,4.136109e-05,4.749391e-03,1.275884e-02,0.000000e+00,0.000000e+00,177,1.461804e-04,0,0,0
2731,14,35937,2.545245e-05,4.233367e-03,1.034525e-02,0.000000e+00,0.000000e+00,214,5.513430e-07,0,0,0
2732,15,35952,9.774869e-05,4.469144e-03,1.125318e-02,0.000000e+00,0.000000e+00,194,9.152293e-05,0,0,0
2733,12,35964,2.820737e-05,4.363255e-03,1.027348e-02,0.000000e+00,0.000000e+00,213,4.407763e-04,0,0,0
2734,12,35976,5.565584e-05,4.416375e-03,1.302782e-02,0.000000e+00,0.000000e+00,188,2.144724e-04,0,0,0
2735,11,35987,2.269703e-04,4.442031e-03,1.235399e-02,0.000000e+00,0.000000e+00,188,2.631918e-05,0,0,0
HIST {'total_samples': 3136380, 'floor_samples': 31, 'floor_fraction': 9.884006402285437e-06, 'saturation_depth': 4.6566128730773926e-08, 'boundaries': 2736, 'capped_boundaries': 0, 'unfinished_worlds': 0}
2736,11,35998,2.451266e-05,4.444797e-03,1.194301e-02,0.000000e+00,0.000000e+00,197,2.441406e-04,0,0,0
2737,12,36010,8.149073e-06,4.449836e-03,1.789009e-02,0.000000e+00,0.000000e+00,202,2.781451e-04,0,0,0
2738,14,36024,2.503861e-05,4.617185e-03,1.040976e-02,0.000000e+00,0.000000e+00,171,2.441406e-04,0,0,0
2739,20,36044,6.709005e-05,4.472404e-03,1.503127e-02,0.000000e+00,0.000000e+00,208,8.056313e-05,0,0,0
2740,16,36060,8.372590e-06,4.631849e-03,1.676589e-02,0.000000e+00,0.000000e+00,203,6.117187e-04,0,0,0
2741,13,36073,1.436951e-04,4.301945e-03,1.126814e-02,0.000000e+00,0.000000e+00,210,8.208379e-04,0,0,0
2742,13,36086,3.471039e-05,4.544892e-03,1.295999e-02,0.000000e+00,0.000000e+00,180,5.485564e-04,0,0,0
2743,11,36097,8.679688e-05,4.324616e-03,1.260872e-02,0.000000e+00,0.000000e+00,207,5.067065e-04,0,0,0
2744,15,36112,9.262224e-07,4.444285e-03,1.167708e-02,0.000000e+00,0.000000e+00,193,4.827511e-06,0,1,0
2745,14,36126,2.368144e-06,4.553346e-03,1.082499e-02,0.000000e+00,0.000000e+00,196,2.441406e-04,0,0,0
2746,11,36137,2.454320e-05,4.343633e-03,1.412927e-02,0.000000e+00,0.000000e+00,204,2.967119e-04,0,0,0
2747,17,36154,8.950090e-06,4.421517e-03,1.231955e-02,0.000000e+00,0.000000e+00,198,2.441406e-04,0,0,0
2748,17,36171,1.586042e-05,4.588298e-03,1.123860e-02,0.000000e+00,0.000000e+00,191,2.441406e-04,0,0,0
2749,13,36184,1.185429e-05,4.249654e-03,1.143242e-02,0.000000e+00,0.000000e+00,201,2.441406e-04,0,0,0
2750,13,36197,5.350376e-06,4.697489e-03,1.445318e-02,0.000000e+00,0.000000e+00,195,2.441406e-04,0,0,0
2751,11,36208,7.024966e-05,4.382658e-03,1.089000e-02,0.000000e+00,0.000000e+00,195,2.516657e-04,0,0,0
2752,13,36221,5.323234e-06,4.436612e-03,1.146055e-02,0.000000e+00,0.000000e+00,190,3.200918e-04,0,0,0
2753,13,36234,1.582721e-06,4.530052e-03,1.487036e-02,0.000000e+00,0.000000e+00,200,2.441406e-04,0,0,0
2754,13,36247,7.141412e-05,4.437534e-03,1.073354e-02,0.000000e+00,0.000000e+00,191,2.474068e-04,0,0,0
2755,12,36259,7.999130e-05,4.330001e-03,1.516190e-02,0.000000e+00,0.000000e+00,186,6.693602e-04,0,0,0
2756,15,36274,4.836374e-06,4.562668e-03,1.156594e-02,0.000000e+00,0.000000e+00,209,2.441406e-04,0,0,0
2757,15,36289,9.728389e-05,4.174458e-03,1.051272e-02,0.000000e+00,0.000000e+00,222,6.976724e-05,0,0,0
2758,12,36301,3.756866e-04,4.436805e-03,1.259576e-02,0.000000e+00,0.000000e+00,186,2.441406e-04,0,0,0
2759,12,36313,4.051969e-05,4.314691e-03,1.026525e-02,0.000000e+00,0.000000e+00,192,1.948997e-04,0,0,0
2760,12,36325,9.653069e-05,4.463161e-03,1.357561e-02,0.000000e+00,0.000000e+00,197,4.907995e-04,0,0,0
2761,12,36337,8.058814e-05,4.481097e-03,1.013690e-02,0.000000e+00,0.000000e+00,195,2.279133e-05,0,0,0
2762,10,36347,7.857623e-06,4.622121e-03,1.228338e-02,0.000000e+00,0.000000e+00,175,2.441406e-04,0,0,0
2763,11,36358,7.403163e-05,4.342637e-03,1.293591e-02,0.000000e+00,0.000000e+00,184,2.332032e-06,0,0,0
2764,12,36370,1.304515e-06,4.625353e-03,1.324128e-02,0.000000e+00,0.000000e+00,192,2.441406e-04,0,0,0
2765,16,36386,5.452428e-05,4.343241e-03,1.089096e-02,0.000000e+00,0.000000e+00,218,4.018173e-04,0,0,0
2766,12,36398,6.089658e-05,4.604965e-03,1.185194e-02,0.000000e+00,0.000000e+00,179,1.907349e-06,0,0,0
2767,14,36412,6.657944e-05,4.533632e-03,1.171374e-02,0.000000e+00,0.000000e+00,200,9.536743e-07,0,0,0
2768,12,36424,1.726065e-05,4.710462e-03,1.251257e-02,0.000000e+00,0.000000e+00,183,2.529919e-04,0,0,0
2769,15,36439,1.055654e-05,4.568802e-03,1.177328e-02,0.000000e+00,0.000000e+00,194,2.441406e-04,0,0,0
2770,17,36456,1.705252e-05,4.633298e-03,1.164626e-02,0.000000e+00,0.000000e+00,194,2.458692e-06,0,0,0
2771,11,36467,2.791174e-05,4.766262e-03,1.089916e-02,0.000000e+00,0.000000e+00,204,4.350543e-04,0,0,0
2772,11,36478,1.063968e-04,4.796376e-03,1.078755e-02,0.000000e+00,0.000000e+00,198,1.037121e-05,0,0,0
2773,11,36489,2.392911e-05,4.429377e-03,1.111233e-02,0.000000e+00,0.000000e+00,204,8.181483e-05,0,0,0
2774,19,36508,6.335632e-05,4.812744e-03,1.215461e-02,0.000000e+00,0.000000e+00,193,8.541346e-05,0,0,0
2775,14,36522,7.078986e-05,4.629804e-03,1.516403e-02,0.000000e+00,0.000000e+00,219,5.429387e-04,0,0,0
2776,12,36534,3.642403e-05,4.533956e-03,1.312332e-02,0.000000e+00,0.000000e+00,193,4.762132e-04,0,0,0
2777,15,36549,2.525747e-05,4.247245e-03,1.143104e-02,0.000000e+00,0.000000e+00,216,8.940697e-07,0,0,0
2778,16,36565,1.271255e-06,4.362130e-03,1.171883e-02,0.000000e+00,0.000000e+00,174,5.700383e-04,0,0,0
2779,15,36580,1.630746e-05,4.549860e-03,1.448544e-02,0.000000e+00,0.000000e+00,200,2.205372e-06,0,0,0
2780,12,36592,1.456510e-05,4.546648e-03,1.225771e-02,0.000000e+00,0.000000e+00,196,1.341105e-06,0,0,0
2781,10,36602,8.349912e-05,4.535235e-03,1.361192e-02,0.000000e+00,0.000000e+00,206,2.441406e-04,0,0,0
2782,13,36615,2.049903e-05,4.491614e-03,1.194312e-02,0.000000e+00,0.000000e+00,208,2.441406e-04,0,0,0
2783,11,36626,5.448766e-05,4.596645e-03,1.280903e-02,0.000000e+00,0.000000e+00,193,2.441406e-04,0,0,0
HIST {'total_samples': 3192057, 'floor_samples': 32, 'floor_fraction': 1.0024883640862304e-05, 'saturation_depth': 4.6566128730773926e-08, 'boundaries': 2784, 'capped_boundaries': 0, 'unfinished_worlds': 0}
2784,11,36637,5.458945e-06,4.666990e-03,1.326934e-02,0.000000e+00,0.000000e+00,181,2.441406e-04,0,0,0
2785,13,36650,1.716395e-05,4.438143e-03,1.007439e-02,0.000000e+00,0.000000e+00,199,2.441406e-04,0,0,0
2786,14,36664,5.474212e-06,4.390169e-03,1.174409e-02,0.000000e+00,0.000000e+00,184,4.524589e-04,0,0,0
2787,12,36676,4.982601e-05,4.480085e-03,1.252266e-02,0.000000e+00,0.000000e+00,208,2.535358e-04,0,0,0
2788,14,36690,3.140165e-05,4.416443e-03,1.213306e-02,0.000000e+00,0.000000e+00,192,5.569458e-04,0,0,0
2789,12,36702,1.209518e-05,4.298492e-03,1.411210e-02,0.000000e+00,0.000000e+00,203,2.441406e-04,0,0,0
2790,11,36713,1.997687e-06,4.306464e-03,1.461020e-02,0.000000e+00,0.000000e+00,193,2.441406e-04,0,0,0
2791,14,36727,1.265498e-06,4.497968e-03,1.089000e-02,0.000000e+00,0.000000e+00,191,2.441406e-04,0,0,0
2792,13,36740,1.534543e-05,4.347505e-03,1.185012e-02,0.000000e+00,0.000000e+00,207,2.441406e-04,0,0,0
2793,14,36754,1.251232e-04,4.455342e-03,1.163936e-02,0.000000e+00,0.000000e+00,199,2.441406e-04,0,0,0
2794,10,36764,6.264724e-05,4.471997e-03,1.552722e-02,0.000000e+00,0.000000e+00,183,2.831663e-04,0,0,0
2795,14,36778,7.571653e-06,4.445595e-03,1.010679e-02,0.000000e+00,0.000000e+00,195,2.441406e-04,0,0,0
2796,13,36791,2.683840e-05,4.551450e-03,1.562589e-02,0.000000e+00,0.000000e+00,202,2.462864e-04,0,0,0
2797,14,36805,8.488676e-06,4.480379e-03,1.000000e-02,0.000000e+00,0.000000e+00,182,1.472328e-05,0,0,0
2798,16,36821,1.756614e-04,4.625261e-03,1.243783e-02,0.000000e+00,0.000000e+00,191,2.441406e-04,0,0,0
2799,13,36834,2.113348e-05,4.342353e-03,1.161468e-02,0.000000e+00,0.000000e+00,236,2.441406e-04,0,0,0
2800,12,36846,4.444510e-05,4.231828e-03,1.276549e-02,0.000000e+00,0.000000e+00,185,3.878027e-06,0,0,0
2801,13,36859,1.047738e-05,4.350103e-03,1.088752e-02,0.000000e+00,0.000000e+00,223,2.441406e-04,0,0,0
2802,13,36872,9.544841e-05,4.678723e-03,1.298527e-02,0.000000e+00,0.000000e+00,191,4.541911e-04,0,0,0
2803,13,36885,8.515818e-06,4.213595e-03,1.089413e-02,0.000000e+00,0.000000e+00,196,2.441406e-04,0,0,0
2804,13,36898,1.787643e-05,4.593287e-03,1.177941e-02,0.000000e+00,0.000000e+00,187,3.906135e-04,0,0,0
2805,15,36913,8.984469e-05,4.332162e-03,1.252213e-02,0.000000e+00,0.000000e+00,221,2.441406e-04,0,0,0
2806,11,36924,1.732260e-05,4.537687e-03,1.552403e-02,0.000000e+00,0.000000e+00,188,2.441406e-04,0,0,0
2807,13,36937,7.614701e-05,4.494614e-03,1.313560e-02,0.000000e+00,0.000000e+00,210,2.441406e-04,0,0,0
2808,12,36949,1.921165e-04,4.409682e-03,1.282305e-02,0.000000e+00,0.000000e+00,203,2.639443e-04,0,0,0
2809,13,36962,1.177032e-04,4.241986e-03,1.121596e-02,0.000000e+00,0.000000e+00,214,9.458512e-06,0,0,0
2810,12,36974,9.535341e-05,4.329533e-03,1.060946e-02,0.000000e+00,0.000000e+00,180,2.441406e-04,0,0,0
2811,10,36984,1.457189e-05,4.249117e-03,1.133379e-02,0.000000e+00,0.000000e+00,194,8.130968e-04,0,0,0
2812,12,36996,1.693833e-05,4.512903e-03,1.272237e-02,0.000000e+00,0.000000e+00,196,2.335086e-04,0,0,0
2813,14,37010,8.640811e-05,4.347268e-03,1.072520e-02,0.000000e+00,0.000000e+00,194,3.165007e-04,0,0,0
2814,12,37022,9.107005e-05,4.304902e-03,1.065492e-02,0.000000e+00,0.000000e+00,202,2.441406e-04,0,0,0
2815,22,37044,2.777649e-05,4.141377e-03,1.172041e-02,0.000000e+00,0.000000e+00,218,3.544390e-04,0,0,0
2816,11,37055,4.247730e-06,4.306075e-03,1.178580e-02,0.000000e+00,0.000000e+00,184,3.097430e-04,0,0,0
2817,14,37069,4.213303e-05,4.394276e-03,1.313179e-02,0.000000e+00,0.000000e+00,199,2.441406e-04,0,0,0
2818,10,37079,1.059612e-04,4.341739e-03,1.449459e-02,0.000000e+00,0.000000e+00,179,4.487634e-04,0,0,0
2819,10,37089,7.805714e-05,4.357378e-03,1.269261e-02,0.000000e+00,0.000000e+00,207,2.441406e-04,0,0,0
2820,10,37099,8.716248e-05,4.289213e-03,1.055336e-02,0.000000e+00,0.000000e+00,180,1.639724e-04,0,0,0
2821,11,37110,1.263802e-06,4.463308e-03,1.085392e-02,0.000000e+00,0.000000e+00,208,9.536743e-07,0,0,0
2822,16,37126,1.822080e-04,4.230128e-03,1.620787e-02,0.000000e+00,0.000000e+00,203,2.441406e-04,0,0,0
2823,15,37141,2.235174e-07,4.208007e-03,1.176058e-02,0.000000e+00,0.000000e+00,183,1.729429e-04,0,1,0
2824,13,37154,8.774515e-05,4.339506e-03,1.356943e-02,0.000000e+00,0.000000e+00,177,3.161430e-04,0,0,0
2825,14,37168,3.422612e-05,4.666307e-03,1.057103e-02,0.000000e+00,0.000000e+00,183,2.441406e-04,0,0,0
2826,17,37185,6.338581e-05,4.642199e-03,1.100446e-02,0.000000e+00,0.000000e+00,186,1.093261e-04,0,0,0
2827,13,37198,3.029052e-05,4.526000e-03,1.240848e-02,0.000000e+00,0.000000e+00,212,4.513711e-04,0,0,0
2828,15,37213,1.559034e-05,4.064354e-03,1.098589e-02,0.000000e+00,0.000000e+00,208,2.441406e-04,0,0,0
2829,15,37228,3.629364e-05,4.321207e-03,1.175250e-02,0.000000e+00,0.000000e+00,194,2.441406e-04,0,0,0
2830,13,37241,3.119931e-07,4.565120e-03,1.560276e-02,0.000000e+00,0.000000e+00,185,4.015565e-04,0,1,0
2831,12,37253,8.554156e-05,4.295098e-03,1.100231e-02,0.000000e+00,0.000000e+00,189,2.441406e-04,0,0,0
HIST {'total_samples': 3248040, 'floor_samples': 34, 'floor_fraction': 1.0467851381140626e-05, 'saturation_depth': 4.6566128730773926e-08, 'boundaries': 2832, 'capped_boundaries': 0, 'unfinished_worlds': 0}
2832,17,37270,1.107905e-05,4.622067e-03,1.189641e-02,0.000000e+00,0.000000e+00,181,2.441406e-04,0,0,0
2833,14,37284,9.587966e-06,4.476683e-03,1.403086e-02,0.000000e+00,0.000000e+00,201,2.441406e-04,0,0,0
2834,27,37311,8.619390e-05,4.504637e-03,1.377047e-02,0.000000e+00,0.000000e+00,172,3.864542e-04,0,0,0
2835,14,37325,2.470333e-05,4.711447e-03,1.326126e-02,0.000000e+00,0.000000e+00,181,2.393723e-04,0,0,0
2836,9,37334,9.497162e-05,4.715513e-03,1.495924e-02,0.000000e+00,0.000000e+00,193,2.570804e-04,0,0,0
2837,14,37348,4.351719e-05,4.531786e-03,1.232202e-02,0.000000e+00,0.000000e+00,218,2.441406e-04,0,0,0
2838,13,37361,1.970326e-04,4.566378e-03,1.288705e-02,0.000000e+00,0.000000e+00,204,2.441406e-04,0,0,0
2839,17,37378,4.345612e-05,4.435342e-03,1.417576e-02,0.000000e+00,0.000000e+00,207,1.046062e-05,0,0,0
2840,12,37390,8.936040e-06,4.400050e-03,1.304208e-02,0.000000e+00,0.000000e+00,176,3.902391e-04,0,0,0
2841,16,37406,2.324377e-05,4.326982e-03,1.219088e-02,0.000000e+00,0.000000e+00,201,3.767572e-04,0,0,0
2842,15,37421,2.769507e-05,4.862250e-03,1.317690e-02,0.000000e+00,0.000000e+00,172,2.441406e-04,0,0,0
2843,12,37433,1.718431e-06,4.652137e-03,1.301713e-02,0.000000e+00,0.000000e+00,171,2.441406e-04,0,0,0
2844,10,37443,4.017023e-06,4.878625e-03,1.186073e-02,0.000000e+00,0.000000e+00,181,5.274266e-04,0,0,0
2845,11,37454,1.491979e-04,4.688096e-03,1.317690e-02,0.000000e+00,0.000000e+00,196,2.214685e-04,0,0,0
2846,20,37474,2.342698e-05,4.663866e-03,1.608018e-02,0.000000e+00,0.000000e+00,201,1.575388e-04,0,0,0
2847,12,37486,7.446081e-05,4.529732e-03,1.288579e-02,0.000000e+00,0.000000e+00,204,2.441406e-04,0,0,0
2848,13,37499,2.827961e-05,4.458999e-03,1.680521e-02,0.000000e+00,0.000000e+00,205,2.447069e-04,0,0,0
2849,13,37512,2.482906e-05,4.517932e-03,1.119281e-02,0.000000e+00,0.000000e+00,203,2.441406e-04,0,0,0
2850,14,37526,9.754513e-05,4.632147e-03,1.208234e-02,0.000000e+00,0.000000e+00,180,2.441406e-04,0,0,0
2851,11,37537,2.583954e-05,4.690748e-03,1.148244e-02,0.000000e+00,0.000000e+00,222,2.441406e-04,0,0,0
2852,11,37548,1.921318e-05,4.503050e-03,1.091829e-02,0.000000e+00,0.000000e+00,194,2.441406e-04,0,0,0
2853,15,37563,6.210100e-05,4.483724e-03,1.269982e-02,0.000000e+00,0.000000e+00,191,8.261204e-05,0,0,0
2854,12,37575,1.831427e-04,4.511365e-03,1.449459e-02,0.000000e+00,0.000000e+00,188,7.124133e-04,0,0,0
2855,10,37585,1.219357e-04,4.526008e-03,1.172692e-02,0.000000e+00,0.000000e+00,174,2.562460e-04,0,0,0
2856,13,37598,7.749054e-06,4.583267e-03,1.258570e-02,0.000000e+00,0.000000e+00,184,1.469422e-04,0,0,0
2857,11,37609,5.562084e-05,4.437547e-03,1.000000e-02,0.000000e+00,0.000000e+00,197,1.530051e-04,0,0,0
2858,13,37622,5.282462e-05,4.621770e-03,1.470215e-02,0.000000e+00,0.000000e+00,169,2.441406e-04,0,0,0
2859,15,37637,6.150049e-05,4.523533e-03,1.111894e-02,0.000000e+00,0.000000e+00,209,2.441406e-04,0,0,0
2860,15,37652,1.601788e-04,4.508900e-03,1.144390e-02,0.000000e+00,0.000000e+00,172,4.586168e-04,0,0,0
2861,12,37664,1.163512e-04,4.505232e-03,1.151031e-02,0.000000e+00,0.000000e+00,182,2.441406e-04,0,0,0
2862,14,37678,5.551906e-05,4.380151e-03,1.247560e-02,0.000000e+00,0.000000e+00,198,2.333820e-04,0,0,0
2863,12,37690,9.313115e-07,4.287672e-03,1.186969e-02,0.000000e+00,0.000000e+00,198,2.866983e-05,0,1,0
2864,19,37709,1.092688e-04,4.791943e-03,1.246545e-02,0.000000e+00,0.000000e+00,179,2.441406e-04,0,0,0
2865,14,37723,1.053383e-04,4.592988e-03,1.014560e-02,0.000000e+00,0.000000e+00,197,2.441406e-04,0,0,0
2866,13,37736,4.628567e-05,4.850141e-03,1.240260e-02,0.000000e+00,0.000000e+00,191,1.279078e-04,0,0,0
2867,18,37754,1.818907e-04,4.613751e-03,1.086332e-02,0.000000e+00,0.000000e+00,196,2.472848e-04,0,0,0
2868,14,37768,4.947656e-05,4.646636e-03,1.218275e-02,0.000000e+00,0.000000e+00,205,2.441406e-04,0,0,0
2869,12,37780,4.228391e-05,4.289366e-03,1.108310e-02,0.000000e+00,0.000000e+00,196,4.935265e-05,0,0,0
2870,16,37796,6.140210e-05,4.735976e-03,1.209618e-02,0.000000e+00,0.000000e+00,179,2.615452e-04,0,0,0
2871,16,37812,2.706741e-05,4.699105e-03,1.013933e-02,0.000000e+00,0.000000e+00,210,2.441406e-04,0,0,0
2872,14,37826,6.457772e-05,4.608303e-03,1.103119e-02,0.000000e+00,0.000000e+00,192,2.860823e-04,0,0,0
2873,13,37839,7.576024e-06,4.481607e-03,1.075196e-02,0.000000e+00,0.000000e+00,233,2.441406e-04,0,0,0
2874,13,37852,2.620395e-05,4.610094e-03,1.174803e-02,0.000000e+00,0.000000e+00,189,2.929568e-05,0,0,0
2875,9,37861,1.916907e-06,4.710612e-03,1.242756e-02,0.000000e+00,0.000000e+00,183,5.182326e-04,0,0,0
2876,14,37875,5.234033e-05,4.534261e-03,1.171978e-02,0.000000e+00,0.000000e+00,208,9.417534e-05,0,0,0
2877,13,37888,2.667555e-05,4.631774e-03,1.142328e-02,0.000000e+00,0.000000e+00,210,2.441406e-04,0,0,0
2878,14,37902,2.122847e-05,4.481911e-03,1.207966e-02,0.000000e+00,0.000000e+00,206,2.441406e-04,0,0,0
2879,23,37925,9.774230e-06,4.446482e-03,1.183540e-02,0.000000e+00,0.000000e+00,220,2.441406e-04,0,0,0
HIST {'total_samples': 3302541, 'floor_samples': 35, 'floor_fraction': 1.0597900222888982e-05, 'saturation_depth': 4.6566128730773926e-08, 'boundaries': 2880, 'capped_boundaries': 0, 'unfinished_worlds': 0}
2880,13,37938,6.432326e-05,4.620078e-03,1.229453e-02,0.000000e+00,0.000000e+00,171,3.507342e-04,0,0,0
2881,19,37957,5.804158e-05,4.501285e-03,1.021140e-02,0.000000e+00,0.000000e+00,202,5.241334e-04,0,0,0
2882,13,37970,2.052448e-05,4.418738e-03,1.221627e-02,0.000000e+00,0.000000e+00,196,9.536743e-07,0,0,0
2883,15,37985,2.498133e-04,4.366673e-03,1.184236e-02,0.000000e+00,0.000000e+00,194,2.771616e-05,0,0,0
2884,15,38000,2.737157e-05,4.951164e-03,1.566625e-02,0.000000e+00,0.000000e+00,171,2.441406e-04,0,0,0
2885,15,38015,7.370932e-05,4.570344e-03,1.070644e-02,0.000000e+00,0.000000e+00,194,8.225441e-06,0,0,0
2886,11,38026,3.367197e-05,4.890176e-03,1.430816e-02,0.000000e+00,0.000000e+00,182,1.344830e-04,0,0,0
2887,13,38039,2.725401e-05,4.324733e-03,1.320614e-02,0.000000e+00,0.000000e+00,209,2.361275e-04,0,0,0
2888,11,38050,6.699845e-05,4.494007e-03,1.153112e-02,0.000000e+00,0.000000e+00,187,8.271933e-04,0,0,0
2889,11,38061,5.045440e-05,4.251165e-03,1.092381e-02,0.000000e+00,0.000000e+00,201,1.504943e-04,0,0,0
2890,11,38072,3.319553e-05,4.207923e-03,1.802922e-02,0.000000e+00,0.000000e+00,183,4.882812e-04,0,0,0
2891,20,38092,2.038945e-05,3.771719e-03,1.146281e-02,0.000000e+00,0.000000e+00,177,3.702939e-04,0,0,0
2892,11,38103,2.053459e-05,4.030851e-03,1.638400e-02,0.000000e+00,0.000000e+00,145,3.242493e-04,0,0,0
2893,13,38116,1.545222e-05,4.441461e-03,1.046001e-02,0.000000e+00,0.000000e+00,159,4.882812e-04,0,0,0
2894,12,38128,1.617361e-04,4.208361e-03,1.157716e-02,0.000000e+00,0.000000e+00,182,2.067961e-05,0,0,0
2895,13,38141,6.627350e-06,4.000703e-03,1.047988e-02,0.000000e+00,0.000000e+00,179,4.882812e-04,0,0,0
2896,14,38155,2.083567e-06,4.237847e-03,1.304020e-02,0.000000e+00,0.000000e+00,170,8.799136e-06,0,0,0
2897,12,38167,7.225311e-05,4.175860e-03,1.175729e-02,0.000000e+00,0.000000e+00,170,4.882812e-04,0,0,0
2898,15,38182,1.078081e-04,4.035230e-03,1.161392e-02,0.000000e+00,0.000000e+00,165,9.924918e-05,0,0,0
2899,14,38196,1.058457e-05,3.996493e-03,1.227029e-02,0.000000e+00,0.000000e+00,171,4.882812e-04,0,0,0
2900,10,38206,6.499001e-06,4.399284e-03,1.444149e-02,0.000000e+00,0.000000e+00,147,4.882812e-04,0,0,0
2901,13,38219,5.923231e-06,4.017498e-03,1.307267e-02,0.000000e+00,0.000000e+00,178,5.976530e-06,0,0,0
2902,11,38230,2.022631e-05,4.414273e-03,1.536259e-02,0.000000e+00,0.000000e+00,137,4.882812e-04,0,0,0
2903,11,38241,2.427469e-05,4.037481e-03,1.196564e-02,0.000000e+00,0.000000e+00,184,4.882812e-04,0,0,0
2904,14,38255,1.075970e-05,4.440426e-03,1.403309e-02,0.000000e+00,0.000000e+00,162,4.882812e-04,0,0,0
2905,17,38272,3.764335e-05,4.219678e-03,1.106394e-02,0.000000e+00,0.000000e+00,169,3.196299e-04,0,0,0
2906,16,38288,5.412356e-05,4.190770e-03,1.258076e-02,0.000000e+00,0.000000e+00,165,2.460852e-04,0,0,0
2907,13,38301,6.370652e-06,3.824667e-03,1.036894e-02,0.000000e+00,0.000000e+00,182,4.882812e-04,0,0,0
2908,12,38313,4.205039e-05,4.102607e-03,1.302195e-02,0.000000e+00,0.000000e+00,169,4.882812e-04,0,0,0
2909,12,38325,1.578089e-05,3.934826e-03,1.039971e-02,0.000000e+00,0.000000e+00,174,7.115752e-04,0,0,0
2910,13,38338,4.086166e-05,3.987889e-03,1.838907e-02,0.000000e+00,0.000000e+00,155,6.310642e-06,0,0,0
2911,13,38351,1.443023e-05,3.995827e-03,1.203433e-02,0.000000e+00,0.000000e+00,169,9.092689e-05,0,0,0
2912,11,38362,3.157184e-06,3.957834e-03,1.264433e-02,0.000000e+00,0.000000e+00,170,4.882812e-04,0,0,0
2913,17,38379,5.471732e-05,3.936741e-03,1.244809e-02,0.000000e+00,0.000000e+00,177,8.318648e-04,0,0,0
2914,14,38393,8.953220e-05,3.971993e-03,1.340274e-02,0.000000e+00,0.000000e+00,178,1.417398e-04,0,0,0
2915,14,38407,2.487085e-05,4.127312e-03,1.188199e-02,0.000000e+00,0.000000e+00,166,7.048696e-04,0,0,0
2916,12,38419,3.335386e-05,4.133835e-03,1.131268e-02,0.000000e+00,0.000000e+00,162,4.882812e-04,0,0,0
2917,12,38431,1.599680e-05,4.003755e-03,1.089792e-02,0.000000e+00,0.000000e+00,181,4.882812e-04,0,0,0
2918,13,38444,1.073811e-05,4.394679e-03,1.138168e-02,0.000000e+00,0.000000e+00,165,7.119030e-06,0,0,0
2919,9,38453,1.615845e-05,3.994809e-03,1.043457e-02,0.000000e+00,0.000000e+00,193,4.882812e-04,0,0,0
2920,14,38467,1.109424e-04,4.316784e-03,1.164129e-02,0.000000e+00,0.000000e+00,172,4.882812e-04,0,0,0
2921,13,38480,1.016953e-05,4.000641e-03,1.251674e-02,0.000000e+00,0.000000e+00,191,4.882812e-04,0,0,0
2922,13,38493,2.425670e-05,4.080058e-03,1.110931e-02,0.000000e+00,0.000000e+00,169,1.607276e-05,0,0,0
2923,12,38505,1.881272e-05,4.214386e-03,1.254720e-02,0.000000e+00,0.000000e+00,161,4.882812e-04,0,0,0
2924,15,38520,4.848000e-05,4.466900e-03,1.091597e-02,0.000000e+00,0.000000e+00,168,1.820922e-05,0,0,0
2925,13,38533,8.362345e-05,4.192259e-03,1.093051e-02,0.000000e+00,0.000000e+00,184,4.711896e-04,0,0,0
2926,12,38545,1.447461e-05,4.167792e-03,1.317690e-02,0.000000e+00,0.000000e+00,169,4.882812e-04,0,0,0
2927,17,38562,5.505678e-05,4.057080e-03,1.132938e-02,0.000000e+00,0.000000e+00,163,4.882812e-04,0,0,0
HIST {'total_samples': 3358492, 'floor_samples': 35, 'floor_fraction': 1.0421343865044192e-05, 'saturation_depth': 4.6566128730773926e-08, 'boundaries': 2928, 'capped_boundaries': 0, 'unfinished_worlds': 0}
2928,12,38574,1.186326e-06,4.184438e-03,1.259154e-02,0.000000e+00,0.000000e+00,175,3.819466e-04,0,0,0
2929,14,38588,3.675690e-05,3.949182e-03,1.137006e-02,0.000000e+00,0.000000e+00,163,4.882812e-04,0,0,0
2930,12,38600,2.336066e-05,3.967329e-03,1.334988e-02,0.000000e+00,0.000000e+00,155,4.882812e-04,0,0,0
2931,12,38612,1.934107e-05,3.997118e-03,1.142768e-02,0.000000e+00,0.000000e+00,165,4.626811e-06,0,0,0
2932,14,38626,1.177089e-05,4.068962e-03,1.287975e-02,0.000000e+00,0.000000e+00,154,4.882812e-04,0,0,0
2933,12,38638,1.890684e-05,4.118863e-03,1.260820e-02,0.000000e+00,0.000000e+00,175,2.231449e-05,0,0,0
2934,9,38647,3.189765e-05,4.403934e-03,1.221890e-02,0.000000e+00,0.000000e+00,174,7.048473e-04,0,0,0
2935,12,38659,4.060616e-05,3.786953e-03,1.130122e-02,0.000000e+00,0.000000e+00,196,4.882812e-04,0,0,0
2936,14,38673,2.735146e-05,3.972578e-03,1.442597e-02,0.000000e+00,0.000000e+00,169,4.882812e-04,0,0,0
2937,10,38683,8.565055e-05,4.254169e-03,1.159642e-02,0.000000e+00,0.000000e+00,152,4.882812e-04,0,0,0
2938,20,38703,3.718033e-05,4.205795e-03,1.112755e-02,0.000000e+00,0.000000e+00,177,4.882812e-04,0,0,0
2939,16,38719,5.478089e-05,3.954010e-03,1.055254e-02,0.000000e+00,0.000000e+00,190,4.882812e-04,0,0,0
2940,13,38732,3.775130e-05,3.939590e-03,1.183332e-02,0.000000e+00,0.000000e+00,173,7.167459e-06,0,0,0
2941,13,38745,1.828069e-06,3.807547e-03,1.188888e-02,0.000000e+00,0.000000e+00,172,4.882812e-04,0,0,0
2942,16,38761,6.316434e-05,3.811119e-03,1.060314e-02,0.000000e+00,0.000000e+00,158,4.882812e-04,0,0,0
2943,15,38776,1.955098e-05,3.921826e-03,1.306909e-02,0.000000e+00,0.000000e+00,176,4.882812e-04,0,0,0
2944,15,38791,2.457097e-05,3.925460e-03,1.175496e-02,0.000000e+00,0.000000e+00,154,4.882812e-04,0,0,0
2945,12,38803,1.645742e-06,4.000212e-03,1.317690e-02,0.000000e+00,0.000000e+00,176,4.882812e-04,0,0,0
2946,12,38815,1.673571e-04,3.996374e-03,1.112923e-02,0.000000e+00,0.000000e+00,174,2.162717e-05,0,0,0
2947,12,38827,1.933627e-05,4.086405e-03,1.170995e-02,0.000000e+00,0.000000e+00,153,4.882812e-04,0,0,0
2948,15,38842,1.969133e-05,4.314368e-03,1.157348e-02,0.000000e+00,0.000000e+00,167,2.839863e-04,0,0,0
2949,10,38852,9.751381e-05,4.056483e-03,1.194047e-02,0.000000e+00,0.000000e+00,191,4.882812e-04,0,0,0
2950,13,38865,2.859657e-05,4.081156e-03,1.204166e-02,0.000000e+00,0.000000e+00,178,5.960464e-06,0,0,0
2951,12,38877,5.783248e-05,4.009704e-03,1.071665e-02,0.000000e+00,0.000000e+00,176,1.373887e-05,0,0,0
2952,13,38890,1.284278e-04,4.265627e-03,1.259912e-02,0.000000e+00,0.000000e+00,179,1.648404e-04,0,0,0
2953,11,38901,6.807638e-05,4.183925e-03,1.111307e-02,0.000000e+00,0.000000e+00,177,6.195158e-05,0,0,0
2954,14,38915,3.378838e-05,4.405944e-03,1.314729e-02,0.000000e+00,0.000000e+00,179,4.882812e-04,0,0,0
2955,14,38929,9.918585e-05,4.135517e-03,1.197900e-02,0.000000e+00,0.000000e+00,190,4.882812e-04,0,0,0
2956,15,38944,3.170212e-05,4.105364e-03,1.314879e-02,0.000000e+00,0.000000e+00,176,5.134940e-05,0,0,0
2957,13,38957,8.921313e-05,4.049258e-03,1.277722e-02,0.000000e+00,0.000000e+00,164,4.882812e-04,0,0,0
2958,12,38969,3.333227e-05,4.038854e-03,1.190567e-02,0.000000e+00,0.000000e+00,165,8.516014e-06,0,0,0
2959,15,38984,2.269492e-06,3.939319e-03,1.064435e-02,0.000000e+00,0.000000e+00,165,4.882812e-04,0,0,0
2960,14,38998,5.013775e-05,4.014678e-03,1.287975e-02,0.000000e+00,0.000000e+00,158,3.033876e-04,0,0,0
2961,14,39012,4.491124e-05,4.315791e-03,1.200478e-02,0.000000e+00,0.000000e+00,156,2.208352e-05,0,0,0
2962,13,39025,4.474811e-05,4.112574e-03,1.015355e-02,0.000000e+00,0.000000e+00,174,8.190274e-04,0,0,0
2963,13,39038,1.499760e-05,3.998070e-03,1.190064e-02,0.000000e+00,0.000000e+00,189,4.882812e-04,0,0,0
2964,15,39053,1.820084e-04,4.045492e-03,1.146041e-02,0.000000e+00,0.000000e+00,166,9.795278e-05,0,0,0
2965,13,39066,1.518056e-05,3.994326e-03,1.146420e-02,0.000000e+00,0.000000e+00,188,3.585070e-04,0,0,0
2966,12,39078,1.051260e-05,4.470725e-03,1.449459e-02,0.000000e+00,0.000000e+00,151,3.790855e-05,0,0,0
2967,15,39093,3.614275e-05,4.077371e-03,1.111093e-02,0.000000e+00,0.000000e+00,174,9.420514e-05,0,0,0
2968,18,39111,1.531787e-06,4.431475e-03,1.637578e-02,0.000000e+00,0.000000e+00,180,1.009554e-06,0,0,0
2969,15,39126,5.790205e-05,4.313394e-03,1.287975e-02,0.000000e+00,0.000000e+00,182,8.876026e-04,0,0,0
2970,12,39138,2.701200e-05,4.524026e-03,1.239519e-02,0.000000e+00,0.000000e+00,163,4.882812e-04,0,0,0
2971,11,39149,1.262027e-04,4.442397e-03,1.244738e-02,0.000000e+00,0.000000e+00,164,4.882812e-04,0,0,0
2972,12,39161,4.012635e-05,4.063327e-03,1.278548e-02,0.000000e+00,0.000000e+00,177,4.882812e-04,0,0,0
2973,19,39180,5.995203e-06,4.145239e-03,1.367163e-02,0.000000e+00,0.000000e+00,160,4.882812e-04,0,0,0
2974,15,39195,1.409916e-05,4.230647e-03,1.339433e-02,0.000000e+00,0.000000e+00,164,6.702915e-05,0,0,0
2975,13,39208,1.480803e-06,4.335374e-03,1.114279e-02,0.000000e+00,0.000000e+00,181,6.807800e-04,0,0,0
HIST {'total_samples': 3414808, 'floor_samples': 35, 'floor_fraction': 1.0249478155140787e-05, 'saturation_depth': 4.6566128730773926e-08, 'boundaries': 2976, 'capped_boundaries': 0, 'unfinished_worlds': 0}
2976,22,39230,1.927509e-05,4.260891e-03,1.449459e-02,0.000000e+00,0.000000e+00,187,5.296767e-04,0,0,0
2977,16,39246,5.834467e-06,4.086082e-03,1.178326e-02,0.000000e+00,0.000000e+00,165,2.823398e-05,0,0,0
2978,13,39259,3.093563e-06,4.108123e-03,1.482259e-02,0.000000e+00,0.000000e+00,152,4.882812e-04,0,0,0
2979,13,39272,1.110036e-05,3.984835e-03,1.181061e-02,0.000000e+00,0.000000e+00,166,4.882812e-04,0,0,0
2980,16,39288,2.785526e-05,4.234507e-03,1.333082e-02,0.000000e+00,0.000000e+00,171,2.204254e-04,0,0,0
2981,11,39299,7.176011e-05,4.317974e-03,1.587698e-02,0.000000e+00,0.000000e+00,167,4.882812e-04,0,0,0
2982,14,39313,4.600268e-05,4.279170e-03,1.418476e-02,0.000000e+00,0.000000e+00,147,4.882812e-04,0,0,0
2983,16,39329,4.179969e-05,4.322158e-03,1.112299e-02,0.000000e+00,0.000000e+00,161,1.461208e-04,0,0,0
2984,14,39343,1.428869e-05,4.316767e-03,1.273750e-02,0.000000e+00,0.000000e+00,178,4.882812e-04,0,0,0
2985,11,39354,2.713675e-05,4.069546e-03,1.246343e-02,0.000000e+00,0.000000e+00,179,4.882812e-04,0,0,0
2986,18,39372,1.097321e-05,4.133713e-03,1.449459e-02,0.000000e+00,0.000000e+00,159,4.882812e-04,0,0,0
2987,12,39384,1.466367e-05,4.222231e-03,1.142509e-02,0.000000e+00,0.000000e+00,154,9.883940e-05,0,0,0
2988,20,39404,1.306180e-05,4.343750e-03,1.616865e-02,0.000000e+00,0.000000e+00,179,6.822199e-04,0,0,0
2989,16,39420,5.269733e-05,3.902600e-03,1.132029e-02,0.000000e+00,0.000000e+00,190,4.882812e-04,0,0,0
2990,12,39432,1.949940e-05,4.028906e-03,1.221552e-02,0.000000e+00,0.000000e+00,161,5.935133e-04,0,0,0
2991,12,39444,2.938825e-06,3.834536e-03,1.100293e-02,0.000000e+00,0.000000e+00,175,7.981062e-05,0,0,0
2992,11,39455,5.398082e-05,4.085084e-03,1.372518e-02,0.000000e+00,0.000000e+00,152,4.882812e-04,0,0,0
2993,15,39470,5.563375e-06,3.981506e-03,1.324993e-02,0.000000e+00,0.000000e+00,169,4.882812e-04,0,0,0
2994,14,39484,1.842703e-05,4.155749e-03,1.533314e-02,0.000000e+00,0.000000e+00,176,4.882812e-04,0,0,0
2995,17,39501,4.935426e-05,4.224190e-03,1.089849e-02,0.000000e+00,0.000000e+00,173,4.882812e-04,0,0,0
2996,12,39513,1.917793e-05,3.869871e-03,1.402576e-02,0.000000e+00,0.000000e+00,176,1.877844e-04,0,0,0
2997,14,39527,2.910036e-06,4.013414e-03,1.050354e-02,0.000000e+00,0.000000e+00,173,4.882812e-04,0,0,0
2998,14,39541,5.762496e-06,4.116608e-03,1.196319e-02,0.000000e+00,0.000000e+00,176,4.882812e-04,0,0,0
2999,11,39552,7.583728e-05,3.840008e-03,1.346186e-02,0.000000e+00,0.000000e+00,177,4.882812e-04,0,0,0
3000,13,39565,2.757218e-05,4.167601e-03,1.336587e-02,0.000000e+00,0.000000e+00,159,4.882812e-04,0,0,0
3001,12,39577,1.989045e-05,4.305164e-03,1.059568e-02,0.000000e+00,0.000000e+00,160,5.270839e-04,0,0,0
3002,12,39589,1.491004e-05,4.401422e-03,1.246694e-02,0.000000e+00,0.000000e+00,188,7.605553e-05,0,0,0
3003,14,39603,2.701320e-06,4.270096e-03,1.498688e-02,0.000000e+00,0.000000e+00,177,3.256649e-05,0,0,0
3004,13,39616,1.390844e-05,4.430241e-03,1.552808e-02,0.000000e+00,0.000000e+00,158,5.048513e-05,0,0,0
3005,12,39628,1.697801e-05,4.233774e-03,1.256085e-02,0.000000e+00,0.000000e+00,184,5.379319e-06,0,0,0
3006,11,39639,3.809109e-06,4.156185e-03,1.240321e-02,0.000000e+00,0.000000e+00,184,9.536743e-07,0,0,0
3007,12,39651,4.049581e-05,3.902093e-03,1.312892e-02,0.000000e+00,0.000000e+00,163,3.275648e-05,0,0,0
3008,14,39665,1.692439e-04,4.500472e-03,1.659692e-02,0.000000e+00,0.000000e+00,153,4.882812e-04,0,0,0
3009,12,39677,3.077969e-06,4.078696e-03,1.007168e-02,0.000000e+00,0.000000e+00,187,4.882812e-04,0,0,0
3010,12,39689,1.519312e-05,4.211136e-03,1.831448e-02,0.000000e+00,0.000000e+00,159,4.882812e-04,0,0,0
3011,11,39700,1.567533e-05,4.111816e-03,1.000000e-02,0.000000e+00,0.000000e+00,170,2.535654e-05,0,0,0
3012,12,39712,1.417737e-04,4.265310e-03,1.362719e-02,0.000000e+00,0.000000e+00,166,4.882812e-04,0,0,0
3013,13,39725,1.302920e-05,3.945365e-03,1.246747e-02,0.000000e+00,0.000000e+00,176,4.882812e-04,0,0,0
3014,12,39737,6.639825e-05,4.084491e-03,1.643419e-02,0.000000e+00,0.000000e+00,168,4.882812e-04,0,0,0
3015,12,39749,3.242400e-05,3.963829e-03,1.351500e-02,0.000000e+00,0.000000e+00,170,3.856532e-04,0,0,0
3016,12,39761,1.534427e-05,4.126859e-03,1.127783e-02,0.000000e+00,0.000000e+00,167,5.710125e-05,0,0,0
3017,12,39773,6.177530e-06,4.113871e-03,1.179132e-02,0.000000e+00,0.000000e+00,171,4.882812e-04,0,0,0
3018,11,39784,4.488845e-05,4.388497e-03,1.093753e-02,0.000000e+00,0.000000e+00,150,1.446158e-04,0,0,0
3019,15,39799,8.513685e-05,4.037374e-03,1.080638e-02,0.000000e+00,0.000000e+00,203,4.882812e-04,0,0,0
3020,14,39813,3.090204e-05,4.089822e-03,1.130548e-02,0.000000e+00,0.000000e+00,170,1.173653e-05,0,0,0
3021,19,39832,8.174491e-05,3.932294e-03,1.190388e-02,0.000000e+00,0.000000e+00,174,1.485646e-05,0,0,0
3022,12,39844,2.842863e-06,3.882725e-03,1.085868e-02,0.000000e+00,0.000000e+00,174,1.174137e-04,0,0,0
3023,12,39856,8.017756e-05,3.937161e-03,1.150755e-02,0.000000e+00,0.000000e+00,167,4.882812e-04,0,0,0
HIST {'total_samples': 3471095, 'floor_samples': 35, 'floor_fraction': 1.0083273433887577e-05, 'saturation_depth': 4.6566128730773926e-08, 'boundaries': 3024, 'capped_boundaries': 0, 'unfinished_worlds': 0}
3024,13,39869,1.961216e-05,4.006271e-03,1.182858e-02,0.000000e+00,0.000000e+00,169,4.882812e-04,0,0,0
3025,18,39887,3.594905e-05,4.086598e-03,1.154494e-02,0.000000e+00,0.000000e+00,156,1.128167e-04,0,0,0
3026,12,39899,4.807797e-05,4.227351e-03,1.426754e-02,0.000000e+00,0.000000e+00,164,3.202409e-04,0,0,0
3027,15,39914,1.375563e-05,4.003710e-03,1.287975e-02,0.000000e+00,0.000000e+00,198,3.049523e-04,0,0,0
3028,14,39928,1.424924e-05,3.978335e-03,1.102204e-02,0.000000e+00,0.000000e+00,160,4.882812e-04,0,0,0
3029,15,39943,1.796521e-05,3.854907e-03,1.126984e-02,0.000000e+00,0.000000e+00,174,9.536743e-07,0,0,0
3030,13,39956,7.027750e-05,4.094668e-03,1.249134e-02,0.000000e+00,0.000000e+00,169,8.201152e-04,0,0,0
3031,13,39969,3.956258e-05,4.164664e-03,1.037546e-02,0.000000e+00,0.000000e+00,165,4.882812e-04,0,0,0
3032,13,39982,1.116753e-05,4.104102e-03,1.106337e-02,0.000000e+00,0.000000e+00,164,4.882812e-04,0,0,0
3033,16,39998,1.321536e-04,4.113840e-03,1.126547e-02,0.000000e+00,0.000000e+00,174,4.882812e-04,0,0,0
3034,12,40010,1.317356e-05,4.202906e-03,1.315977e-02,0.000000e+00,0.000000e+00,180,4.882812e-04,0,0,0
3035,12,40022,1.938665e-05,4.023270e-03,1.284452e-02,0.000000e+00,0.000000e+00,166,2.566725e-04,0,0,0
3036,11,40033,7.748182e-05,4.294837e-03,1.211047e-02,0.000000e+00,0.000000e+00,162,5.830228e-04,0,0,0
3037,11,40044,1.125150e-06,4.040549e-03,1.214857e-02,0.000000e+00,0.000000e+00,177,6.115437e-05,0,0,0
3038,16,40060,7.201921e-06,4.186298e-03,1.239274e-02,0.000000e+00,0.000000e+00,159,4.882812e-04,0,0,0
3039,10,40070,3.650860e-05,4.103174e-03,1.239941e-02,0.000000e+00,0.000000e+00,162,4.882812e-04,0,0,0
3040,12,40082,1.092883e-05,4.545473e-03,1.287975e-02,0.000000e+00,0.000000e+00,155,4.882812e-04,0,0,0
3041,11,40093,5.302951e-05,3.967890e-03,1.113499e-02,0.000000e+00,0.000000e+00,184,4.882812e-04,0,0,0
3042,16,40109,1.091564e-06,3.880406e-03,1.107339e-02,0.000000e+00,0.000000e+00,169,1.031160e-05,0,0,0
3043,13,40122,3.140344e-06,4.025538e-03,1.221694e-02,0.000000e+00,0.000000e+00,165,4.882812e-04,0,0,0
3044,12,40134,1.100920e-05,4.116260e-03,1.279891e-02,0.000000e+00,0.000000e+00,174,4.882812e-04,0,0,0
3045,15,40149,7.089166e-06,4.000899e-03,1.287975e-02,0.000000e+00,0.000000e+00,178,4.882812e-04,0,0,0
3046,11,40160,1.396242e-06,4.232474e-03,1.287975e-02,0.000000e+00,0.000000e+00,159,4.882812e-04,0,0,0
3047,13,40173,1.081967e-05,4.241562e-03,1.088009e-02,0.000000e+00,0.000000e+00,170,4.882812e-04,0,0,0
3048,14,40187,6.942463e-05,4.602046e-03,1.353907e-02,0.000000e+00,0.000000e+00,173,1.210868e-04,0,0,0
3049,13,40200,8.967495e-05,4.416523e-03,1.287975e-02,0.000000e+00,0.000000e+00,179,2.045035e-04,0,0,0
3050,11,40211,1.620552e-06,4.078167e-03,1.159046e-02,0.000000e+00,0.000000e+00,180,8.150637e-04,0,0,0
3051,13,40224,1.808637e-05,3.861567e-03,1.200513e-02,0.000000e+00,0.000000e+00,177,4.882812e-04,0,0,0
3052,15,40239,1.473611e-05,4.099763e-03,1.537774e-02,0.000000e+00,0.000000e+00,166,4.995335e-05,0,0,0
3053,12,40251,1.026909e-04,4.052258e-03,1.041220e-02,0.000000e+00,0.000000e+00,165,4.882812e-04,0,0,0
3054,12,40263,1.904089e-05,4.248677e-03,1.140746e-02,0.000000e+00,0.000000e+00,163,3.819168e-05,0,0,0
3055,10,40273,1.126900e-06,4.275318e-03,1.281666e-02,0.000000e+00,0.000000e+00,171,4.882812e-04,0,0,0
3056,11,40284,3.102919e-05,4.092281e-03,1.324238e-02,0.000000e+00,0.000000e+00,175,4.747510e-05,0,0,0
3057,13,40297,3.102799e-05,4.190895e-03,1.154674e-02,0.000000e+00,0.000000e+00,150,9.536743e-07,0,0,0
3058,18,40315,6.536022e-05,4.067542e-03,1.227165e-02,0.000000e+00,0.000000e+00,161,2.664030e-04,0,0,0
3059,16,40331,1.512002e-05,4.084056e-03,1.163307e-02,0.000000e+00,0.000000e+00,164,4.882812e-04,0,0,0
3060,17,40348,7.806598e-05,3.971271e-03,1.230299e-02,0.000000e+00,0.000000e+00,182,4.882812e-04,0,0,0
3061,11,40359,8.171852e-05,3.989655e-03,1.287975e-02,0.000000e+00,0.000000e+00,159,2.190471e-06,0,0,0
3062,9,40368,1.306646e-05,4.243234e-03,1.143767e-02,0.000000e+00,0.000000e+00,145,6.701050e-04,0,0,0
3063,14,40382,3.153899e-05,4.117009e-03,1.079683e-02,0.000000e+00,0.000000e+00,180,4.882812e-04,0,0,0
3064,14,40396,1.005875e-04,4.201211e-03,1.317690e-02,0.000000e+00,0.000000e+00,169,8.935109e-06,0,0,0
3065,13,40409,5.173891e-05,4.346859e-03,1.217755e-02,0.000000e+00,0.000000e+00,174,5.807281e-04,0,0,0
3066,17,40426,1.239392e-04,4.340760e-03,1.287975e-02,0.000000e+00,0.000000e+00,179,1.771748e-05,0,0,0
3067,12,40438,2.995203e-06,4.165975e-03,1.047067e-02,0.000000e+00,0.000000e+00,168,4.882812e-04,0,0,0
3068,13,40451,5.532188e-06,4.283010e-03,1.449459e-02,0.000000e+00,0.000000e+00,166,4.882812e-04,0,0,0
3069,12,40463,6.096438e-05,4.093081e-03,1.287975e-02,0.000000e+00,0.000000e+00,180,2.680719e-04,0,0,0
3070,15,40478,3.019348e-05,4.232741e-03,1.287975e-02,0.000000e+00,0.000000e+00,148,3.029406e-05,0,0,0
3071,17,40495,1.043081e-06,4.244837e-03,1.287975e-02,0.000000e+00,0.000000e+00,168,4.882812e-04,0,0,0
HIST {'total_samples': 3527211, 'floor_samples': 35, 'floor_fraction': 9.922854062317224e-06, 'saturation_depth': 4.6566128730773926e-08, 'boundaries': 3072, 'capped_boundaries': 0, 'unfinished_worlds': 0}
3072,16,40511,2.359696e-05,4.206930e-03,1.432146e-02,0.000000e+00,0.000000e+00,167,5.825981e-04,0,0,0
3073,14,40525,7.053180e-06,3.947905e-03,1.287975e-02,0.000000e+00,0.000000e+00,169,4.882812e-04,0,0,0
3074,14,40539,3.053259e-05,3.898680e-03,1.306875e-02,0.000000e+00,0.000000e+00,172,1.877472e-04,0,0,0
3075,16,40555,3.172491e-05,3.950611e-03,1.103027e-02,0.000000e+00,0.000000e+00,170,8.657575e-05,0,0,0
3076,13,40568,7.216314e-06,4.018687e-03,1.287975e-02,0.000000e+00,0.000000e+00,173,1.907349e-06,0,0,0
3077,19,40587,2.754219e-05,3.859036e-03,1.000000e-02,0.000000e+00,0.000000e+00,193,5.820170e-04,0,0,0
3078,12,40599,2.221204e-06,4.120019e-03,1.238700e-02,0.000000e+00,0.000000e+00,152,4.882812e-04,0,0,0
3079,13,40612,7.712196e-05,3.969770e-03,1.059447e-02,0.000000e+00,0.000000e+00,195,4.882812e-04,0,0,0
3080,12,40624,6.075571e-05,4.037260e-03,1.242895e-02,0.000000e+00,0.000000e+00,160,1.120567e-05,0,0,0
3081,11,40635,3.118993e-05,4.345766e-03,1.296935e-02,0.000000e+00,0.000000e+00,166,3.851429e-04,0,0,0
3082,11,40646,2.408214e-04,4.072740e-03,1.285147e-02,0.000000e+00,0.000000e+00,182,4.882812e-04,0,0,0
3083,11,40657,3.326219e-05,4.164245e-03,1.118839e-02,0.000000e+00,0.000000e+00,184,4.882812e-04,0,0,0
3084,11,40668,1.587905e-06,4.162129e-03,1.233164e-02,0.000000e+00,0.000000e+00,173,3.498793e-04,0,0,0
3085,12,40680,5.168853e-05,4.270235e-03,1.173937e-02,0.000000e+00,0.000000e+00,161,4.882812e-04,0,0,0
3086,10,40690,1.357617e-05,4.113716e-03,1.000000e-02,0.000000e+00,0.000000e+00,163,4.882812e-04,0,0,0
3087,12,40702,6.057578e-06,4.336370e-03,1.225482e-02,0.000000e+00,0.000000e+00,173,4.882812e-04,0,0,0
3088,13,40715,1.781048e-05,4.352396e-03,1.409118e-02,0.000000e+00,0.000000e+00,191,4.882812e-04,0,0,0
3089,16,40731,3.598630e-05,4.107455e-03,1.062948e-02,0.000000e+00,0.000000e+00,184,9.536743e-07,0,0,0
3090,12,40743,1.542583e-06,3.773885e-03,1.244541e-02,0.000000e+00,0.000000e+00,178,4.882812e-04,0,0,0
3091,14,40757,7.639025e-05,4.184687e-03,1.218435e-02,0.000000e+00,0.000000e+00,171,4.882812e-04,0,0,0
3092,12,40769,2.784327e-05,4.015907e-03,1.275149e-02,0.000000e+00,0.000000e+00,182,4.882812e-04,0,0,0
3093,11,40780,8.056578e-05,4.028992e-03,1.276482e-02,0.000000e+00,0.000000e+00,169,4.882812e-04,0,0,0
3094,13,40793,9.855259e-06,4.126927e-03,1.375152e-02,0.000000e+00,0.000000e+00,174,4.882812e-04,0,0,0
3095,10,40803,5.881248e-06,4.192837e-03,1.304318e-02,0.000000e+00,0.000000e+00,190,4.882812e-04,0,0,0
3096,12,40815,6.867493e-05,3.971574e-03,1.082185e-02,0.000000e+00,0.000000e+00,200,4.882812e-04,0,0,0
3097,14,40829,2.010396e-06,3.727403e-03,1.000000e-02,0.000000e+00,0.000000e+00,172,7.255375e-04,0,0,0
3098,12,40841,1.805758e-05,4.208318e-03,1.206125e-02,0.000000e+00,0.000000e+00,154,1.099240e-05,0,0,0
3099,11,40852,6.836066e-05,3.768289e-03,9.594795e-03,0.000000e+00,0.000000e+00,185,1.688660e-04,0,0,0
3100,11,40863,4.190952e-07,3.973752e-03,1.031789e-02,0.000000e+00,0.000000e+00,165,6.613880e-05,0,1,0
3101,15,40878,1.517273e-05,4.185768e-03,1.315186e-02,0.000000e+00,0.000000e+00,168,4.882812e-04,0,0,0
3102,13,40891,3.446462e-05,4.258285e-03,1.118460e-02,0.000000e+00,0.000000e+00,164,1.411960e-04,0,0,0
3103,15,40906,1.913235e-05,4.121112e-03,1.287896e-02,0.000000e+00,0.000000e+00,184,3.101677e-05,0,0,0
3104,13,40919,1.357403e-05,4.392600e-03,1.066867e-02,0.000000e+00,0.000000e+00,179,5.428419e-04,0,0,0
3105,13,40932,6.430029e-05,3.744264e-03,1.000000e-02,0.000000e+00,0.000000e+00,186,1.303852e-05,0,0,0
3106,12,40944,1.392327e-06,4.058707e-03,1.296142e-02,0.000000e+00,0.000000e+00,156,4.882812e-04,0,0,0
3107,15,40959,5.589765e-05,4.143253e-03,1.124447e-02,0.000000e+00,0.000000e+00,171,5.958751e-04,0,0,0
3108,13,40972,5.601161e-05,4.020872e-03,1.266214e-02,0.000000e+00,0.000000e+00,171,1.631677e-06,0,0,0
3109,20,40992,2.281740e-06,4.082611e-03,1.303014e-02,0.000000e+00,0.000000e+00,183,4.882812e-04,0,0,0
3110,15,41007,1.405358e-05,4.123054e-03,1.083274e-02,0.000000e+00,0.000000e+00,148,6.614625e-04,0,0,0
3111,13,41020,7.098761e-06,4.259144e-03,1.639630e-02,0.000000e+00,0.000000e+00,190,2.661347e-05,0,0,0
3112,16,41036,1.855178e-05,3.782345e-03,1.228575e-02,0.000000e+00,0.000000e+00,196,6.618537e-05,0,0,0
3113,11,41047,1.011340e-04,3.806232e-03,1.137565e-02,0.000000e+00,0.000000e+00,159,5.602837e-06,0,0,0
3114,14,41061,8.484687e-05,4.018038e-03,1.445675e-02,0.000000e+00,0.000000e+00,170,1.553968e-04,0,0,0
3115,13,41074,5.221392e-05,3.968897e-03,1.428022e-02,0.000000e+00,0.000000e+00,185,2.686679e-04,0,0,0
3116,12,41086,2.895948e-05,4.239823e-03,1.816200e-02,0.000000e+00,0.000000e+00,183,4.882812e-04,0,0,0
3117,14,41100,1.044902e-05,3.952052e-03,1.792813e-02,0.000000e+00,0.000000e+00,192,4.882812e-04,0,0,0
3118,13,41113,6.875530e-05,4.166155e-03,1.597957e-02,0.000000e+00,0.000000e+00,156,4.882812e-04,0,0,0
3119,15,41128,1.081248e-05,3.875390e-03,1.268151e-02,0.000000e+00,0.000000e+00,186,3.544912e-04,0,0,0
HIST {'total_samples': 3584265, 'floor_samples': 36, 'floor_fraction': 1.0043900213851376e-05, 'saturation_depth': 4.6566128730773926e-08, 'boundaries': 3120, 'capped_boundaries': 0, 'unfinished_worlds': 0}
3120,14,41142,1.613982e-05,4.291074e-03,2.061727e-02,0.000000e+00,0.000000e+00,158,4.882812e-04,0,0,0
3121,15,41157,3.158697e-05,4.079931e-03,1.665261e-02,0.000000e+00,0.000000e+00,190,1.071990e-04,0,0,0
3122,12,41169,2.236986e-05,3.934950e-03,1.159007e-02,0.000000e+00,0.000000e+00,175,4.882812e-04,0,0,0
3123,15,41184,1.567416e-05,4.078465e-03,1.089000e-02,0.000000e+00,0.000000e+00,197,4.882812e-04,0,0,0
3124,14,41198,4.707370e-05,4.088732e-03,1.245848e-02,0.000000e+00,0.000000e+00,158,6.574094e-04,0,0,0
3125,12,41210,6.358897e-05,4.088453e-03,1.038332e-02,0.000000e+00,0.000000e+00,189,4.882812e-04,0,0,0
3126,15,41225,1.903159e-05,4.173953e-03,1.257868e-02,0.000000e+00,0.000000e+00,179,9.897351e-05,0,0,0
3127,16,41241,5.576810e-05,3.694883e-03,1.000000e-02,0.000000e+00,0.000000e+00,216,4.882812e-04,0,0,0
3128,15,41256,2.329469e-05,4.205639e-03,1.178900e-02,0.000000e+00,0.000000e+00,161,2.333522e-04,0,0,0
3129,14,41270,3.426790e-05,3.939683e-03,1.048424e-02,0.000000e+00,0.000000e+00,196,2.953038e-05,0,0,0
3130,15,41285,8.421472e-05,4.105091e-03,1.344274e-02,0.000000e+00,0.000000e+00,167,1.579523e-04,0,0,0
3131,13,41298,1.780088e-05,4.182532e-03,1.223793e-02,0.000000e+00,0.000000e+00,198,4.457235e-04,0,0,0
3132,16,41314,2.123415e-06,3.978557e-03,1.147425e-02,0.000000e+00,0.000000e+00,193,1.271069e-05,0,0,0
3133,13,41327,3.417913e-05,3.969034e-03,1.169929e-02,0.000000e+00,0.000000e+00,186,6.685555e-04,0,0,0
3134,13,41340,1.338125e-04,4.054055e-03,1.250029e-02,0.000000e+00,0.000000e+00,192,4.882812e-04,0,0,0
3135,13,41353,3.378929e-05,3.962028e-03,1.287975e-02,0.000000e+00,0.000000e+00,197,8.348003e-04,0,0,0
3136,14,41367,5.154579e-05,3.775392e-03,1.170652e-02,0.000000e+00,0.000000e+00,192,1.800060e-05,0,0,0
3137,11,41378,9.447423e-06,3.767259e-03,1.067167e-02,0.000000e+00,0.000000e+00,159,3.341585e-06,0,0,0
3138,12,41390,3.083487e-05,4.031079e-03,1.108656e-02,0.000000e+00,0.000000e+00,162,6.178394e-06,0,0,0
3139,11,41401,1.502279e-05,3.709781e-03,1.097091e-02,0.000000e+00,0.000000e+00,199,1.069158e-05,0,0,0
3140,16,41417,1.336266e-06,3.900983e-03,1.599461e-02,0.000000e+00,0.000000e+00,188,4.882812e-04,0,0,0
3141,21,41438,5.563375e-06,3.729295e-03,1.076217e-02,0.000000e+00,0.000000e+00,186,2.787150e-04,0,0,0
3142,14,41452,8.385847e-05,4.092278e-03,1.106262e-02,0.000000e+00,0.000000e+00,170,4.882812e-04,0,0,0
3143,19,41471,3.865215e-05,3.823195e-03,1.278167e-02,0.000000e+00,0.000000e+00,201,4.882812e-04,0,0,0
3144,14,41485,2.213115e-06,3.958984e-03,9.410256e-03,0.000000e+00,0.000000e+00,173,4.882812e-04,0,0,0
3145,24,41509,1.836466e-05,3.738715e-03,1.041178e-02,0.000000e+00,0.000000e+00,211,1.907349e-06,0,0,0
3146,12,41521,9.653860e-05,3.994341e-03,1.108890e-02,0.000000e+00,0.000000e+00,169,4.882812e-04,0,0,0
3147,10,41531,3.969453e-05,3.826087e-03,1.089000e-02,0.000000e+00,0.000000e+00,179,4.882812e-04,0,0,0
3148,14,41545,1.503119e-05,3.950923e-03,1.179910e-02,0.000000e+00,0.000000e+00,176,4.882812e-04,0,0,0
3149,13,41558,4.392117e-05,3.983476e-03,1.415542e-02,0.000000e+00,0.000000e+00,191,1.907349e-06,0,0,0
3150,16,41574,1.791865e-05,3.846379e-03,1.017434e-02,0.000000e+00,0.000000e+00,211,4.882812e-04,0,0,0
3151,13,41587,5.440545e-05,3.986599e-03,1.495198e-02,0.000000e+00,0.000000e+00,182,6.155521e-04,0,0,0
3152,12,41599,1.099840e-05,3.810133e-03,1.164498e-02,0.000000e+00,0.000000e+00,191,6.475665e-04,0,0,0
3153,12,41611,5.396882e-05,3.885388e-03,1.268579e-02,0.000000e+00,0.000000e+00,167,5.471706e-04,0,0,0
3154,12,41623,1.879049e-05,4.176796e-03,1.271042e-02,0.000000e+00,0.000000e+00,149,3.701076e-05,0,0,0
3155,14,41637,1.468933e-05,4.117042e-03,1.158698e-02,0.000000e+00,0.000000e+00,178,4.882812e-04,0,0,0
3156,12,41649,9.105679e-05,4.110937e-03,1.406829e-02,0.000000e+00,0.000000e+00,176,4.882812e-04,0,0,0
3157,11,41660,2.585446e-05,4.248592e-03,1.089000e-02,0.000000e+00,0.000000e+00,176,4.882812e-04,0,0,0
3158,14,41674,1.328709e-05,3.969589e-03,1.148993e-02,0.000000e+00,0.000000e+00,172,4.882812e-04,0,0,0
3159,11,41685,2.558577e-05,4.348820e-03,1.102554e-02,0.000000e+00,0.000000e+00,161,4.882812e-04,0,0,0
3160,14,41699,2.584247e-05,4.087466e-03,1.288282e-02,0.000000e+00,0.000000e+00,181,4.882812e-04,0,0,0
3161,12,41711,1.899800e-05,3.899252e-03,1.111993e-02,0.000000e+00,0.000000e+00,179,4.882812e-04,0,0,0
3162,13,41724,2.279089e-06,4.046993e-03,1.223192e-02,0.000000e+00,0.000000e+00,177,4.882812e-04,0,0,0
3163,15,41739,5.479049e-05,4.060321e-03,1.215354e-02,0.000000e+00,0.000000e+00,189,1.573563e-05,0,0,0
3164,14,41753,8.306438e-05,4.315528e-03,1.220556e-02,0.000000e+00,0.000000e+00,165,1.092413e-04,0,0,0
3165,13,41766,1.381384e-04,4.046870e-03,1.161424e-02,0.000000e+00,0.000000e+00,194,4.748702e-04,0,0,0
3166,11,41777,1.010236e-05,4.085409e-03,1.239792e-02,0.000000e+00,0.000000e+00,170,4.882812e-04,0,0,0
3167,11,41788,1.805369e-05,4.107806e-03,1.215471e-02,0.000000e+00,0.000000e+00,169,4.882812e-04,0,0,0
HIST {'total_samples': 3642635, 'floor_samples': 36, 'floor_fraction': 9.882955607685096e-06, 'saturation_depth': 4.6566128730773926e-08, 'boundaries': 3168, 'capped_boundaries': 0, 'unfinished_worlds': 0}
3168,14,41802,2.941224e-06,4.073723e-03,1.172407e-02,0.000000e+00,0.000000e+00,159,4.882812e-04,0,0,0
3169,10,41812,1.324806e-05,3.915288e-03,1.312034e-02,0.000000e+00,0.000000e+00,184,4.882812e-04,0,0,0
3170,13,41825,5.804359e-05,4.176071e-03,1.276976e-02,0.000000e+00,0.000000e+00,166,4.882812e-04,0,0,0
3171,17,41842,2.614235e-05,3.946984e-03,1.251397e-02,0.000000e+00,0.000000e+00,183,4.882812e-04,0,0,0
3172,11,41853,7.888766e-05,3.890967e-03,1.036712e-02,0.000000e+00,0.000000e+00,177,3.011525e-04,0,0,0
3173,16,41869,5.074691e-05,3.906157e-03,1.029067e-02,0.000000e+00,0.000000e+00,172,1.095980e-05,0,0,0
3174,11,41880,3.050547e-05,3.959984e-03,1.068111e-02,0.000000e+00,0.000000e+00,147,4.882812e-04,0,0,0
3175,10,41890,3.471039e-05,3.858786e-03,1.096091e-02,0.000000e+00,0.000000e+00,201,4.882812e-04,0,0,0
3176,16,41906,3.415754e-05,4.074878e-03,1.287975e-02,0.000000e+00,0.000000e+00,163,4.882812e-04,0,0,0
3177,11,41917,3.147870e-05,4.117999e-03,1.204326e-02,0.000000e+00,0.000000e+00,185,5.139560e-04,0,0,0
3178,10,41927,2.384646e-06,4.117579e-03,1.392439e-02,0.000000e+00,0.000000e+00,185,4.882812e-04,0,0,0
3179,11,41938,6.013195e-06,3.965956e-03,1.202071e-02,0.000000e+00,0.000000e+00,178,1.345724e-04,0,0,0
3180,10,41948,9.977610e-06,3.838278e-03,1.264085e-02,0.000000e+00,0.000000e+00,157,4.882812e-04,0,0,0
3181,10,41958,6.328669e-06,4.030517e-03,1.373355e-02,0.000000e+00,0.000000e+00,172,3.171712e-04,0,0,0
3182,16,41974,2.306798e-05,3.895971e-03,1.079993e-02,0.000000e+00,0.000000e+00,180,4.589558e-06,0,0,0
3183,11,41985,1.797841e-05,4.075126e-03,1.225433e-02,0.000000e+00,0.000000e+00,176,4.882812e-04,0,0,0
3184,13,41998,1.640990e-05,3.960357e-03,1.081434e-02,0.000000e+00,0.000000e+00,168,7.510185e-06,0,0,0
3185,15,42013,1.901360e-05,3.912731e-03,1.088881e-02,0.000000e+00,0.000000e+00,166,4.882812e-04,0,0,0
3186,15,42028,1.391324e-05,4.081503e-03,1.051589e-02,0.000000e+00,0.000000e+00,166,4.882812e-04,0,0,0
3187,11,42039,2.256418e-05,4.173404e-03,1.089000e-02,0.000000e+00,0.000000e+00,181,6.387234e-04,0,0,0
3188,12,42051,1.058025e-04,4.142573e-03,1.105304e-02,0.000000e+00,0.000000e+00,171,1.761615e-04,0,0,0
3189,14,42065,9.538586e-06,4.067906e-03,1.087079e-02,0.000000e+00,0.000000e+00,185,4.882812e-04,0,0,0
3190,11,42076,7.372132e-05,3.920931e-03,1.181851e-02,0.000000e+00,0.000000e+00,173,4.882812e-04,0,0,0
3191,12,42088,3.217719e-06,3.732818e-03,1.056733e-02,0.000000e+00,0.000000e+00,195,4.882812e-04,0,0,0
3192,22,42110,1.643343e-06,3.845878e-03,1.618471e-02,0.000000e+00,0.000000e+00,171,4.882812e-04,0,0,0
3193,14,42124,2.586166e-06,3.973026e-03,1.168672e-02,0.000000e+00,0.000000e+00,170,2.067089e-04,0,0,0
3194,12,42136,5.458418e-05,4.010115e-03,1.000000e-02,0.000000e+00,0.000000e+00,169,4.882812e-04,0,0,0
3195,13,42149,4.303399e-05,3.813178e-03,1.127246e-02,0.000000e+00,0.000000e+00,174,4.882812e-04,0,0,0
3196,13,42162,6.777290e-06,4.079311e-03,1.030536e-02,0.000000e+00,0.000000e+00,166,1.117587e-06,0,0,0
3197,14,42176,9.746103e-06,4.051469e-03,1.000000e-02,0.000000e+00,0.000000e+00,176,3.051758e-05,0,0,0
3198,12,42188,1.798681e-05,4.007437e-03,1.306132e-02,0.000000e+00,0.000000e+00,168,1.542568e-04,0,0,0
3199,13,42201,6.984447e-05,3.924067e-03,9.958846e-03,0.000000e+00,0.000000e+00,194,6.137863e-04,0,0,0
3200,12,42213,1.344902e-05,3.960068e-03,1.169310e-02,0.000000e+00,0.000000e+00,178,6.964803e-05,0,0,0
3201,15,42228,6.962016e-06,3.760800e-03,1.287418e-02,0.000000e+00,0.000000e+00,192,3.783824e-04,0,0,0
3202,12,42240,1.127549e-06,3.872803e-03,1.171687e-02,0.000000e+00,0.000000e+00,176,4.882812e-04,0,0,0
3203,14,42254,2.504599e-06,3.884195e-03,1.208961e-02,0.000000e+00,0.000000e+00,185,3.094748e-04,0,0,0
3204,12,42266,1.770492e-06,3.945392e-03,1.205517e-02,0.000000e+00,0.000000e+00,168,4.882812e-04,0,0,0
3205,14,42280,2.554499e-05,3.849577e-03,1.072863e-02,0.000000e+00,0.000000e+00,175,9.185076e-05,0,0,0
3206,11,42291,5.174731e-06,4.093504e-03,1.069084e-02,0.000000e+00,0.000000e+00,172,1.184642e-05,0,0,0
3207,12,42303,2.523431e-05,3.863758e-03,1.168075e-02,0.000000e+00,0.000000e+00,207,4.882812e-04,0,0,0
3208,13,42316,4.814472e-05,3.819889e-03,1.200646e-02,0.000000e+00,0.000000e+00,171,4.882812e-04,0,0,0
3209,11,42327,6.139625e-05,3.744614e-03,1.248925e-02,0.000000e+00,0.000000e+00,156,4.882812e-04,0,0,0
3210,12,42339,1.844019e-06,4.035611e-03,1.206681e-02,0.000000e+00,0.000000e+00,167,1.192093e-07,0,0,0
3211,12,42351,1.306646e-05,4.056177e-03,1.234344e-02,0.000000e+00,0.000000e+00,173,7.554889e-06,0,0,0
3212,12,42363,1.438225e-06,4.086369e-03,1.233262e-02,0.000000e+00,0.000000e+00,160,4.882812e-04,0,0,0
3213,15,42378,1.728269e-05,4.262348e-03,1.152766e-02,0.000000e+00,0.000000e+00,164,4.723668e-06,0,0,0
3214,15,42393,2.101320e-05,4.008343e-03,1.319200e-02,0.000000e+00,0.000000e+00,186,1.396984e-05,0,0,0
3215,13,42406,4.138705e-05,4.017191e-03,1.205195e-02,0.000000e+00,0.000000e+00,169,1.486484e-05,0,0,0
HIST {'total_samples': 3700343, 'floor_samples': 36, 'floor_fraction': 9.728827841094731e-06, 'saturation_depth': 4.6566128730773926e-08, 'boundaries': 3216, 'capped_boundaries': 0, 'unfinished_worlds': 0}
3216,15,42421,2.877787e-06,4.201209e-03,1.524009e-02,0.000000e+00,0.000000e+00,178,9.635836e-04,0,0,0
3217,12,42433,3.725290e-06,4.080314e-03,1.428246e-02,0.000000e+00,0.000000e+00,188,1.498982e-04,0,0,0
3218,14,42447,5.961616e-06,4.014737e-03,1.449459e-02,0.000000e+00,0.000000e+00,186,4.882812e-04,0,0,0
3219,12,42459,3.483407e-05,3.996347e-03,1.333115e-02,0.000000e+00,0.000000e+00,161,6.577373e-05,0,0,0
3220,15,42474,1.387485e-05,4.164569e-03,1.130828e-02,0.000000e+00,0.000000e+00,161,4.768372e-07,0,0,0
3221,14,42488,2.819579e-05,3.697577e-03,1.079413e-02,0.000000e+00,0.000000e+00,199,4.882812e-04,0,0,0
3222,12,42500,7.360708e-05,3.887873e-03,1.249029e-02,0.000000e+00,0.000000e+00,183,2.278388e-05,0,0,0
3223,12,42512,1.843087e-05,3.691511e-03,1.013969e-02,0.000000e+00,0.000000e+00,175,4.882812e-04,0,0,0
3224,12,42524,1.032307e-05,4.030226e-03,1.284454e-02,0.000000e+00,0.000000e+00,159,2.983212e-05,0,0,0
3225,14,42538,6.556578e-06,4.126143e-03,1.200517e-02,0.000000e+00,0.000000e+00,173,1.327991e-04,0,0,0
3226,14,42552,2.205318e-05,4.066897e-03,1.246658e-02,0.000000e+00,0.000000e+00,179,3.268346e-04,0,0,0
3227,10,42562,2.445822e-06,3.896332e-03,1.175326e-02,0.000000e+00,0.000000e+00,183,4.882812e-04,0,0,0
3228,14,42576,1.068293e-05,3.762017e-03,1.372826e-02,0.000000e+00,0.000000e+00,164,4.882812e-04,0,0,0
3229,12,42588,2.572491e-05,4.094271e-03,1.091016e-02,0.000000e+00,0.000000e+00,175,4.882812e-04,0,0,0
3230,15,42603,2.676130e-06,3.979632e-03,1.711213e-02,0.000000e+00,0.000000e+00,191,4.882812e-04,0,0,0
3231,17,42620,3.044028e-05,3.766353e-03,1.197900e-02,0.000000e+00,0.000000e+00,182,1.366138e-04,0,0,0
3232,11,42631,1.337585e-05,4.046435e-03,1.445505e-02,0.000000e+00,0.000000e+00,178,6.635785e-04,0,0,0
3233,13,42644,1.693195e-04,3.918067e-03,1.046841e-02,0.000000e+00,0.000000e+00,182,4.080385e-04,0,0,0
3234,11,42655,9.189525e-06,4.171574e-03,1.083267e-02,0.000000e+00,0.000000e+00,162,1.309663e-04,0,0,0
3235,12,42667,2.252819e-05,3.976946e-03,1.134168e-02,0.000000e+00,0.000000e+00,187,4.882812e-04,0,0,0
3236,13,42680,1.443383e-05,4.114528e-03,1.605949e-02,0.000000e+00,0.000000e+00,178,2.449453e-04,0,0,0
3237,12,42692,1.718553e-05,4.050485e-03,1.610726e-02,0.000000e+00,0.000000e+00,181,4.882812e-04,0,0,0
3238,13,42705,6.304679e-06,3.725586e-03,1.185878e-02,0.000000e+00,0.000000e+00,197,4.882812e-04,0,0,0
3239,13,42718,1.096961e-04,3.784659e-03,1.000000e-02,0.000000e+00,0.000000e+00,177,4.882812e-04,0,0,0
3240,15,42733,3.346422e-05,3.686133e-03,1.306115e-02,0.000000e+00,0.000000e+00,190,2.466440e-04,0,0,0
3241,12,42745,1.857989e-05,3.828224e-03,1.206174e-02,0.000000e+00,0.000000e+00,187,4.882812e-04,0,0,0
3242,13,42758,4.500600e-05,4.185967e-03,1.557053e-02,0.000000e+00,0.000000e+00,175,2.974458e-05,0,0,0
3243,13,42771,9.756898e-06,4.067078e-03,1.432396e-02,0.000000e+00,0.000000e+00,188,4.882812e-04,0,0,0
3244,12,42783,1.352099e-05,4.166668e-03,1.176523e-02,0.000000e+00,0.000000e+00,170,4.882812e-04,0,0,0
3245,11,42794,1.096362e-06,4.181931e-03,1.153042e-02,0.000000e+00,0.000000e+00,165,9.536743e-07,0,0,0
3246,12,42806,3.403759e-05,4.090512e-03,1.317690e-02,0.000000e+00,0.000000e+00,167,4.670024e-05,0,0,0
3247,11,42817,1.333867e-06,3.945596e-03,1.044044e-02,0.000000e+00,0.000000e+00,173,4.882812e-04,0,0,0
3248,11,42828,5.247902e-06,4.174926e-03,1.370257e-02,0.000000e+00,0.000000e+00,161,7.753670e-04,0,0,0
3249,14,42842,5.338825e-05,3.956387e-03,1.394343e-02,0.000000e+00,0.000000e+00,197,8.112378e-05,0,0,0
3250,20,42862,2.801418e-05,4.277484e-03,1.252789e-02,0.000000e+00,0.000000e+00,159,5.120039e-05,0,0,0
3251,10,42872,1.184177e-05,3.987687e-03,1.069756e-02,0.000000e+00,0.000000e+00,193,5.203485e-05,0,0,0
3252,12,42884,1.633747e-06,4.055778e-03,1.149437e-02,0.000000e+00,0.000000e+00,182,4.882812e-04,0,0,0
3253,19,42903,2.861216e-05,3.710335e-03,1.073982e-02,0.000000e+00,0.000000e+00,186,1.046956e-04,0,0,0
3254,14,42917,1.867773e-05,4.313981e-03,1.317690e-02,0.000000e+00,0.000000e+00,171,4.655123e-05,0,0,0
3255,13,42930,2.208077e-05,3.877573e-03,1.086468e-02,0.000000e+00,0.000000e+00,195,2.002101e-04,0,0,0
3256,12,42942,3.295922e-05,4.182139e-03,1.192932e-02,0.000000e+00,0.000000e+00,154,4.141778e-05,0,0,0
3257,11,42953,9.170333e-06,3.905152e-03,1.035639e-02,0.000000e+00,0.000000e+00,193,4.882812e-04,0,0,0
3258,12,42965,5.337866e-06,3.925070e-03,1.118687e-02,0.000000e+00,0.000000e+00,175,3.862381e-05,0,0,0
3259,11,42976,1.001120e-05,3.952273e-03,1.287975e-02,0.000000e+00,0.000000e+00,187,5.989373e-04,0,0,0
3260,11,42987,4.219673e-05,3.899512e-03,1.093435e-02,0.000000e+00,0.000000e+00,165,4.882812e-04,0,0,0
3261,11,42998,7.280969e-05,3.916004e-03,1.136087e-02,0.000000e+00,0.000000e+00,168,4.882812e-04,0,0,0
3262,10,43008,6.099561e-05,4.097121e-03,1.178150e-02,0.000000e+00,0.000000e+00,164,4.051477e-04,0,0,0
3263,10,43018,2.730172e-05,4.052522e-03,1.287975e-02,0.000000e+00,0.000000e+00,162,3.530681e-04,0,0,0
HIST {'total_samples': 3758164, 'floor_samples': 36, 'floor_fraction': 9.579145561502904e-06, 'saturation_depth': 4.6566128730773926e-08, 'boundaries': 3264, 'capped_boundaries': 0, 'unfinished_worlds': 0}
3264,17,43035,3.287166e-05,4.079673e-03,1.204905e-02,0.000000e+00,0.000000e+00,187,3.896467e-05,0,0,0
3265,13,43048,6.088766e-06,4.222949e-03,1.267261e-02,0.000000e+00,0.000000e+00,178,8.964147e-04,0,0,0
3266,11,43059,1.405838e-06,4.258852e-03,1.287975e-02,0.000000e+00,0.000000e+00,154,4.882812e-04,0,0,0
3267,12,43071,4.068533e-05,4.351954e-03,1.287975e-02,0.000000e+00,0.000000e+00,179,4.882812e-04,0,0,0
3268,11,43082,1.331791e-06,4.319118e-03,1.106951e-02,0.000000e+00,0.000000e+00,174,5.681999e-06,0,0,0
3269,13,43095,8.894803e-05,4.242865e-03,1.000000e-02,0.000000e+00,0.000000e+00,182,4.882812e-04,0,0,0
3270,16,43111,1.362415e-05,4.120782e-03,1.348328e-02,0.000000e+00,0.000000e+00,187,1.594424e-05,0,0,0
3271,16,43127,1.021152e-05,3.958170e-03,1.089000e-02,0.000000e+00,0.000000e+00,177,7.197261e-06,0,0,0
3272,15,43142,6.119473e-05,3.997886e-03,1.239040e-02,0.000000e+00,0.000000e+00,175,4.882812e-04,0,0,0
3273,13,43155,1.848675e-06,3.946019e-03,1.284530e-02,0.000000e+00,0.000000e+00,171,5.538762e-05,0,0,0
3274,15,43170,5.268294e-05,4.101035e-03,1.146539e-02,0.000000e+00,0.000000e+00,176,2.941489e-04,0,0,0
3275,13,43183,1.742183e-05,4.007013e-03,1.213899e-02,0.000000e+00,0.000000e+00,198,4.882812e-04,0,0,0
3276,12,43195,2.749301e-06,3.813377e-03,1.409880e-02,0.000000e+00,0.000000e+00,168,5.239248e-05,0,0,0
3277,14,43209,1.673331e-06,3.947760e-03,1.131949e-02,0.000000e+00,0.000000e+00,183,4.882812e-04,0,0,0
3278,13,43222,4.703645e-05,3.901729e-03,1.184316e-02,0.000000e+00,0.000000e+00,192,4.882812e-04,0,0,0
3279,13,43235,8.796083e-06,4.051284e-03,1.082836e-02,0.000000e+00,0.000000e+00,168,4.317164e-04,0,0,0
3280,11,43246,6.296206e-05,4.108515e-03,1.189116e-02,0.000000e+00,0.000000e+00,179,4.882812e-04,0,0,0
3281,17,43263,8.480489e-05,3.605766e-03,1.052829e-02,0.000000e+00,0.000000e+00,187,6.003082e-04,0,0,0
3282,12,43275,6.492524e-05,3.924522e-03,1.120985e-02,0.000000e+00,0.000000e+00,161,1.021028e-04,0,0,0
3283,18,43293,1.448541e-05,4.184382e-03,1.263991e-02,0.000000e+00,0.000000e+00,187,4.882812e-04,0,0,0
3284,12,43305,2.105518e-05,3.843469e-03,1.197900e-02,0.000000e+00,0.000000e+00,182,8.463860e-06,0,0,0
3285,10,43315,2.098081e-05,4.012202e-03,1.071562e-02,0.000000e+00,0.000000e+00,165,4.882812e-04,0,0,0
3286,13,43328,6.523351e-05,4.205434e-03,1.297859e-02,0.000000e+00,0.000000e+00,184,4.882812e-04,0,0,0
3287,12,43340,8.967614e-06,3.972767e-03,1.019029e-02,0.000000e+00,0.000000e+00,192,4.882812e-04,0,0,0
3288,12,43352,1.443503e-05,4.280519e-03,1.070593e-02,0.000000e+00,0.000000e+00,162,1.538247e-04,0,0,0
3289,12,43364,4.549976e-05,4.149009e-03,1.139796e-02,0.000000e+00,0.000000e+00,200,1.430511e-06,0,0,0
3290,12,43376,2.161536e-06,4.008315e-03,1.107204e-02,0.000000e+00,0.000000e+00,180,1.907349e-06,0,0,0
3291,11,43387,8.661300e-07,3.888675e-03,1.000000e-02,0.000000e+00,0.000000e+00,182,8.345582e-05,0,1,0
3292,16,43403,4.060976e-05,4.376763e-03,1.431500e-02,0.000000e+00,0.000000e+00,156,4.882812e-04,0,0,0
3293,17,43420,1.760200e-05,3.940060e-03,1.064656e-02,0.000000e+00,0.000000e+00,175,4.882812e-04,0,0,0
3294,11,43431,2.685934e-05,4.187150e-03,1.039389e-02,0.000000e+00,0.000000e+00,163,5.227774e-04,0,0,0
3295,10,43441,5.083567e-06,3.958811e-03,1.253622e-02,0.000000e+00,0.000000e+00,164,4.882812e-04,0,0,0
3296,13,43454,4.404224e-05,4.148228e-03,1.454082e-02,0.000000e+00,0.000000e+00,166,6.687498e-04,0,0,0
3297,13,43467,8.874052e-06,4.088280e-03,1.077180e-02,0.000000e+00,0.000000e+00,177,8.827075e-06,0,0,0
3298,14,43481,1.342023e-05,4.145565e-03,1.369672e-02,0.000000e+00,0.000000e+00,179,2.856106e-04,0,0,0
3299,11,43492,1.280569e-06,4.006277e-03,1.543097e-02,0.000000e+00,0.000000e+00,176,4.882812e-04,0,0,0
3300,11,43503,1.012635e-05,4.316838e-03,1.486887e-02,0.000000e+00,0.000000e+00,163,3.101230e-04,0,0,0
3301,13,43516,4.549541e-05,4.029304e-03,1.125461e-02,0.000000e+00,0.000000e+00,188,1.549721e-05,0,0,0
3302,11,43527,2.765097e-05,4.215776e-03,1.250242e-02,0.000000e+00,0.000000e+00,155,4.231930e-05,0,0,0
3303,29,43556,2.848381e-05,3.896319e-03,1.177457e-02,0.000000e+00,0.000000e+00,195,8.440018e-05,0,0,0
3304,14,43570,3.381632e-05,3.947077e-03,1.088393e-02,0.000000e+00,0.000000e+00,173,4.882812e-04,0,0,0
3305,23,43593,5.576690e-05,4.103787e-03,1.076244e-02,0.000000e+00,0.000000e+00,180,1.543462e-04,0,0,0
3306,15,43608,2.457338e-05,4.316585e-03,1.092301e-02,0.000000e+00,0.000000e+00,165,6.189942e-05,0,0,0
3307,11,43619,2.756715e-05,3.869943e-03,1.294177e-02,0.000000e+00,0.000000e+00,184,4.882812e-04,0,0,0
3308,14,43633,2.421832e-06,4.156807e-03,1.145035e-02,0.000000e+00,0.000000e+00,159,4.202127e-06,0,0,0
3309,12,43645,2.825110e-05,3.946530e-03,1.136464e-02,0.000000e+00,0.000000e+00,175,4.882812e-04,0,0,0
3310,12,43657,3.377849e-05,3.901939e-03,1.133316e-02,0.000000e+00,0.000000e+00,177,3.176648e-05,0,0,0
3311,14,43671,6.431828e-06,4.290641e-03,1.167093e-02,0.000000e+00,0.000000e+00,165,4.769117e-05,0,0,0
HIST {'total_samples': 3815358, 'floor_samples': 37, 'floor_fraction': 9.697648294078826e-06, 'saturation_depth': 4.6566128730773926e-08, 'boundaries': 3312, 'capped_boundaries': 0, 'unfinished_worlds': 0}
3312,13,43684,5.941224e-05,4.441897e-03,1.658214e-02,0.000000e+00,0.000000e+00,188,4.801154e-05,0,0,0
3313,18,43702,1.015742e-04,4.047115e-03,1.172383e-02,0.000000e+00,0.000000e+00,186,4.882812e-04,0,0,0
3314,12,43714,1.595356e-05,4.199213e-03,1.411873e-02,0.000000e+00,0.000000e+00,167,9.536743e-07,0,0,0
3315,10,43724,8.389685e-05,4.232598e-03,1.197900e-02,0.000000e+00,0.000000e+00,184,4.882812e-04,0,0,0
3316,13,43737,1.027389e-05,4.264062e-03,1.425922e-02,0.000000e+00,0.000000e+00,176,4.882812e-04,0,0,0
3317,15,43752,4.410876e-05,3.958255e-03,1.171157e-02,0.000000e+00,0.000000e+00,194,4.882812e-04,0,0,0
3318,14,43766,9.935627e-06,4.088507e-03,1.259838e-02,0.000000e+00,0.000000e+00,184,4.882812e-04,0,0,0
3319,14,43780,3.399327e-07,3.928253e-03,1.449459e-02,0.000000e+00,0.000000e+00,183,4.882812e-04,0,1,0
3320,14,43794,5.853659e-06,4.104105e-03,1.576763e-02,0.000000e+00,0.000000e+00,170,4.882812e-04,0,0,0
3321,20,43814,2.761371e-06,3.870836e-03,1.221761e-02,0.000000e+00,0.000000e+00,195,4.882812e-04,0,0,0
3322,14,43828,5.578249e-05,3.854846e-03,1.076365e-02,0.000000e+00,0.000000e+00,161,4.882812e-04,0,0,0
3323,18,43846,6.223097e-05,3.932642e-03,1.241664e-02,0.000000e+00,0.000000e+00,178,4.882812e-04,0,0,0
3324,18,43864,1.261895e-06,3.953349e-03,1.227808e-02,0.000000e+00,0.000000e+00,168,4.700646e-04,0,0,0
3325,12,43876,5.484207e-06,4.030519e-03,1.048694e-02,0.000000e+00,0.000000e+00,183,4.882812e-04,0,0,0
3326,12,43888,1.629764e-04,4.062566e-03,1.116812e-02,0.000000e+00,0.000000e+00,182,6.396929e-05,0,0,0
3327,12,43900,1.404878e-05,3.983111e-03,1.209218e-02,0.000000e+00,0.000000e+00,184,1.119375e-04,0,0,0
3328,15,43915,1.857523e-05,4.045414e-03,1.255627e-02,0.000000e+00,0.000000e+00,162,4.882812e-04,0,0,0
3329,12,43927,1.308677e-06,4.090692e-03,1.066065e-02,0.000000e+00,0.000000e+00,172,4.882812e-04,0,0,0
3330,16,43943,4.111836e-05,4.186883e-03,1.822319e-02,0.000000e+00,0.000000e+00,179,4.882812e-04,0,0,0
3331,15,43958,4.471212e-05,3.733073e-03,1.045730e-02,0.000000e+00,0.000000e+00,187,4.882812e-04,0,0,0
3332,14,43972,3.225750e-05,4.051633e-03,1.472291e-02,0.000000e+00,0.000000e+00,162,4.882812e-04,0,0,0
3333,12,43984,5.867332e-07,3.794652e-03,1.069692e-02,0.000000e+00,0.000000e+00,184,4.882812e-04,0,1,0
3334,17,44001,1.126506e-04,3.912344e-03,1.260155e-02,0.000000e+00,0.000000e+00,186,4.882812e-04,0,0,0
3335,16,44017,8.708877e-05,3.922018e-03,1.113626e-02,0.000000e+00,0.000000e+00,180,1.013279e-06,0,0,0
3336,13,44030,5.140424e-05,3.966713e-03,1.105124e-02,0.000000e+00,0.000000e+00,189,4.882812e-04,0,0,0
3337,11,44041,1.411116e-05,3.947814e-03,1.137324e-02,0.000000e+00,0.000000e+00,185,4.222989e-05,0,0,0
3338,19,44060,2.889428e-05,4.323060e-03,1.127284e-02,0.000000e+00,0.000000e+00,170,4.882812e-04,0,0,0
3339,15,44075,6.365855e-05,3.801775e-03,1.041742e-02,0.000000e+00,0.000000e+00,214,4.882812e-04,0,0,0
3340,13,44088,2.195362e-05,4.336628e-03,1.246246e-02,0.000000e+00,0.000000e+00,197,1.013279e-06,0,0,0
3341,11,44099,1.810916e-05,4.151314e-03,1.191707e-02,0.000000e+00,0.000000e+00,180,2.033114e-04,0,0,0
3342,15,44114,2.569612e-05,4.041774e-03,1.190304e-02,0.000000e+00,0.000000e+00,183,5.604625e-04,0,0,0
3343,12,44126,4.034947e-05,3.813745e-03,1.100707e-02,0.000000e+00,0.000000e+00,180,8.876808e-04,0,0,0
3344,14,44140,1.357403e-05,4.218982e-03,1.123784e-02,0.000000e+00,0.000000e+00,165,4.882812e-04,0,0,0
3345,12,44152,3.993683e-05,4.063687e-03,1.156586e-02,0.000000e+00,0.000000e+00,198,4.273057e-04,0,0,0
3346,12,44164,1.754778e-05,3.876964e-03,1.150074e-02,0.000000e+00,0.000000e+00,166,4.882812e-04,0,0,0
3347,14,44178,1.632608e-05,3.945122e-03,1.333570e-02,0.000000e+00,0.000000e+00,180,4.882812e-04,0,0,0
3348,15,44193,1.776490e-06,4.029277e-03,1.168402e-02,0.000000e+00,0.000000e+00,168,1.042187e-04,0,0,0
3349,13,44206,7.077586e-05,4.050666e-03,1.151022e-02,0.000000e+00,0.000000e+00,175,4.882812e-04,0,0,0
3350,14,44220,2.893243e-05,4.103695e-03,1.418044e-02,0.000000e+00,0.000000e+00,176,4.882812e-04,0,0,0
3351,15,44235,2.842983e-05,3.753166e-03,1.203626e-02,0.000000e+00,0.000000e+00,191,1.929309e-04,0,0,0
3352,16,44251,2.554019e-05,4.194202e-03,1.417583e-02,0.000000e+00,0.000000e+00,180,4.882812e-04,0,0,0
3353,13,44264,5.097002e-05,4.038511e-03,1.034622e-02,0.000000e+00,0.000000e+00,187,9.965897e-05,0,0,0
3354,14,44278,8.880049e-06,4.052075e-03,1.206719e-02,0.000000e+00,0.000000e+00,204,4.882812e-04,0,0,0
3355,13,44291,1.910836e-06,3.883283e-03,1.287975e-02,0.000000e+00,0.000000e+00,185,4.882812e-04,0,0,0
3356,13,44304,5.533387e-06,3.993726e-03,1.034379e-02,0.000000e+00,0.000000e+00,180,2.458692e-06,0,0,0
3357,14,44318,8.698921e-06,4.031836e-03,1.232097e-02,0.000000e+00,0.000000e+00,192,4.882812e-04,0,0,0
3358,18,44336,1.030148e-05,4.196850e-03,1.287975e-02,0.000000e+00,0.000000e+00,187,3.673136e-06,0,0,0
3359,16,44352,3.628549e-05,3.712422e-03,1.179051e-02,0.000000e+00,0.000000e+00,202,1.424551e-05,0,0,0
HIST {'total_samples': 3873686, 'floor_samples': 39, 'floor_fraction': 1.0067930131662711e-05, 'saturation_depth': 4.6566128730773926e-08, 'boundaries': 3360, 'capped_boundaries': 0, 'unfinished_worlds': 0}
3360,13,44365,1.009240e-04,4.007940e-03,1.172120e-02,0.000000e+00,0.000000e+00,175,2.802387e-04,0,0,0
3361,21,44386,2.768493e-06,3.836939e-03,1.126498e-02,0.000000e+00,0.000000e+00,207,4.517436e-04,0,0,0
3362,14,44400,4.377216e-07,3.857585e-03,1.434072e-02,0.000000e+00,0.000000e+00,170,4.882812e-04,0,1,0
3363,13,44413,4.396122e-05,3.864951e-03,1.236087e-02,0.000000e+00,0.000000e+00,170,2.976656e-04,0,0,0
3364,14,44427,2.851140e-05,3.928194e-03,1.158404e-02,0.000000e+00,0.000000e+00,185,4.882812e-04,0,0,0
3365,15,44442,7.390725e-05,3.878214e-03,1.089000e-02,0.000000e+00,0.000000e+00,193,5.738437e-04,0,0,0
3366,16,44458,2.537465e-05,3.990611e-03,1.212652e-02,0.000000e+00,0.000000e+00,182,9.536743e-07,0,0,0
3367,14,44472,4.679929e-05,3.792026e-03,1.287975e-02,0.000000e+00,0.000000e+00,184,4.882812e-04,0,0,0
3368,15,44487,5.945662e-05,3.798536e-03,1.241397e-02,0.000000e+00,0.000000e+00,178,1.516268e-04,0,0,0
3369,12,44499,6.349661e-05,3.656630e-03,1.045193e-02,0.000000e+00,0.000000e+00,167,4.882812e-04,0,0,0
3370,17,44516,9.032388e-06,3.805242e-03,1.134319e-02,0.000000e+00,0.000000e+00,171,4.882812e-04,0,0,0
3371,13,44529,2.401680e-05,3.813931e-03,1.287975e-02,0.000000e+00,0.000000e+00,174,4.882812e-04,0,0,0
3372,19,44548,4.286606e-05,4.073311e-03,1.013982e-02,0.000000e+00,0.000000e+00,154,4.882812e-04,0,0,0
3373,19,44567,5.923212e-05,3.862994e-03,1.000000e-02,0.000000e+00,0.000000e+00,156,1.907349e-06,0,0,0
3374,13,44580,1.843615e-04,3.932732e-03,1.343964e-02,0.000000e+00,0.000000e+00,187,2.508592e-04,0,0,0
3375,15,44595,1.794362e-05,4.118903e-03,1.197629e-02,0.000000e+00,0.000000e+00,173,4.882812e-04,0,0,0
3376,13,44608,2.824151e-05,4.141840e-03,1.207003e-02,0.000000e+00,0.000000e+00,185,4.882812e-04,0,0,0
3377,11,44619,4.174653e-05,3.984489e-03,1.197900e-02,0.000000e+00,0.000000e+00,166,4.602224e-05,0,0,0
3378,14,44633,1.240987e-05,3.866123e-03,1.317690e-02,0.000000e+00,0.000000e+00,177,1.321211e-04,0,0,0
3379,13,44646,3.260177e-05,4.086134e-03,1.095281e-02,0.000000e+00,0.000000e+00,166,4.683062e-04,0,0,0
3380,11,44657,4.163012e-05,4.330984e-03,1.252527e-02,0.000000e+00,0.000000e+00,177,1.367629e-04,0,0,0
3381,11,44668,8.684528e-06,3.958324e-03,1.295474e-02,0.000000e+00,0.000000e+00,171,4.882812e-04,0,0,0
3382,12,44680,2.079728e-05,4.178560e-03,1.287975e-02,0.000000e+00,0.000000e+00,155,1.859292e-05,0,0,0
3383,14,44694,9.266295e-06,3.845327e-03,1.287975e-02,0.000000e+00,0.000000e+00,175,2.737157e-06,0,0,0
3384,11,44705,4.824471e-06,3.837068e-03,1.181119e-02,0.000000e+00,0.000000e+00,161,4.882812e-04,0,0,0
3385,17,44722,6.168773e-05,3.983769e-03,1.404616e-02,0.000000e+00,0.000000e+00,175,8.637086e-06,0,0,0
3386,12,44734,5.506638e-05,4.063950e-03,1.416648e-02,0.000000e+00,0.000000e+00,181,4.882812e-04,0,0,0
3387,13,44747,4.800360e-05,4.187342e-03,1.236732e-02,0.000000e+00,0.000000e+00,179,1.896471e-04,0,0,0
3388,15,44762,3.269533e-05,3.957782e-03,1.138005e-02,0.000000e+00,0.000000e+00,174,3.933907e-06,0,0,0
3389,12,44774,5.357058e-06,4.040418e-03,1.107353e-02,0.000000e+00,0.000000e+00,166,4.882812e-04,0,0,0
3390,12,44786,4.042144e-05,4.041186e-03,1.287975e-02,0.000000e+00,0.000000e+00,181,4.882812e-04,0,0,0
3391,14,44800,2.442223e-06,3.991817e-03,1.200069e-02,0.000000e+00,0.000000e+00,181,4.882812e-04,0,0,0
3392,10,44810,1.700920e-05,4.063801e-03,1.569272e-02,0.000000e+00,0.000000e+00,157,5.002730e-04,0,0,0
3393,12,44822,4.359896e-05,4.160366e-03,1.262643e-02,0.000000e+00,0.000000e+00,171,4.882812e-04,0,0,0
3394,16,44838,5.912556e-05,3.901349e-03,1.347819e-02,0.000000e+00,0.000000e+00,180,4.882812e-04,0,0,0
3395,11,44849,1.363855e-06,4.006831e-03,1.079026e-02,0.000000e+00,0.000000e+00,159,4.882812e-04,0,0,0
3396,12,44861,5.596962e-06,4.156583e-03,1.514532e-02,0.000000e+00,0.000000e+00,181,1.199543e-05,0,0,0
3397,12,44873,6.185926e-06,4.095880e-03,1.197174e-02,0.000000e+00,0.000000e+00,183,4.882812e-04,0,0,0
3398,13,44886,1.652166e-05,3.960022e-03,1.187760e-02,0.000000e+00,0.000000e+00,186,2.411008e-05,0,0,0
3399,14,44900,1.731628e-05,3.848518e-03,1.074459e-02,0.000000e+00,0.000000e+00,176,4.882812e-04,0,0,0
3400,14,44914,1.730397e-05,4.097742e-03,1.240907e-02,0.000000e+00,0.000000e+00,166,9.154584e-04,0,0,0
3401,13,44927,9.701720e-06,4.072104e-03,1.097444e-02,0.000000e+00,0.000000e+00,179,4.882812e-04,0,0,0
3402,14,44941,2.267094e-06,4.060234e-03,1.194477e-02,0.000000e+00,0.000000e+00,169,1.411140e-05,0,0,0
3403,11,44952,2.128909e-05,4.321413e-03,1.257161e-02,0.000000e+00,0.000000e+00,168,4.882812e-04,0,0,0
3404,14,44966,5.858697e-05,4.335322e-03,1.152585e-02,0.000000e+00,0.000000e+00,182,5.267560e-06,0,0,0
3405,11,44977,2.525110e-05,4.044469e-03,1.134274e-02,0.000000e+00,0.000000e+00,173,5.512685e-05,0,0,0
3406,15,44992,9.080395e-05,4.082764e-03,1.203229e-02,0.000000e+00,0.000000e+00,173,3.868788e-04,0,0,0
3407,12,45004,1.210316e-06,3.928238e-03,1.133659e-02,0.000000e+00,0.000000e+00,178,4.882812e-04,0,0,0
HIST {'total_samples': 3931566, 'floor_samples': 40, 'floor_fraction': 1.0174062956084166e-05, 'saturation_depth': 4.6566128730773926e-08, 'boundaries': 3408, 'capped_boundaries': 0, 'unfinished_worlds': 0}
3408,15,45019,1.198612e-05,4.233671e-03,1.502905e-02,0.000000e+00,0.000000e+00,151,2.808869e-06,0,0,0
3409,15,45034,2.013755e-05,4.177496e-03,1.202740e-02,0.000000e+00,0.000000e+00,179,4.882812e-04,0,0,0
3410,13,45047,1.000292e-04,4.116222e-03,1.278029e-02,0.000000e+00,0.000000e+00,179,5.004965e-04,0,0,0
3411,12,45059,8.428935e-05,3.892056e-03,1.000000e-02,0.000000e+00,0.000000e+00,163,5.960464e-08,0,0,0
3412,11,45070,3.865454e-05,4.100828e-03,1.237780e-02,0.000000e+00,0.000000e+00,183,9.086728e-05,0,0,0
3413,13,45083,5.814195e-05,3.861276e-03,1.215193e-02,0.000000e+00,0.000000e+00,189,6.793067e-06,0,0,0
3414,13,45096,1.861656e-06,3.950797e-03,1.358270e-02,0.000000e+00,0.000000e+00,167,4.882812e-04,0,0,0
3415,14,45110,6.882608e-05,3.886540e-03,1.126609e-02,0.000000e+00,0.000000e+00,159,4.882812e-04,0,0,0
3416,12,45122,1.125038e-05,4.070672e-03,1.288930e-02,0.000000e+00,0.000000e+00,170,4.882812e-04,0,0,0
3417,11,45133,3.625190e-05,3.751831e-03,1.270161e-02,0.000000e+00,0.000000e+00,169,4.882812e-04,0,0,0
3418,16,45149,2.465014e-06,4.071070e-03,1.451537e-02,0.000000e+00,0.000000e+00,163,4.882812e-04,0,0,0
3419,10,45159,8.625751e-06,4.127451e-03,1.267892e-02,0.000000e+00,0.000000e+00,158,4.882812e-04,0,0,0
3420,16,45175,4.115980e-05,3.974290e-03,1.144808e-02,0.000000e+00,0.000000e+00,173,4.882812e-04,0,0,0
3421,14,45189,1.712915e-05,4.013499e-03,1.138197e-02,0.000000e+00,0.000000e+00,180,4.882812e-04,0,0,0
3422,13,45202,1.220980e-04,4.335008e-03,1.314351e-02,0.000000e+00,0.000000e+00,168,4.882812e-04,0,0,0
3423,16,45218,9.218194e-05,4.067817e-03,1.434184e-02,0.000000e+00,0.000000e+00,188,6.271303e-04,0,0,0
3424,11,45229,1.035666e-04,4.364565e-03,1.282277e-02,0.000000e+00,0.000000e+00,162,6.794930e-06,0,0,0
3425,14,45243,7.987126e-05,3.878274e-03,1.410505e-02,0.000000e+00,0.000000e+00,200,7.390976e-05,0,0,0
3426,12,45255,4.682568e-05,3.753563e-03,1.169150e-02,0.000000e+00,0.000000e+00,186,4.882812e-04,0,0,0
3427,12,45267,3.508957e-05,3.947021e-03,1.033822e-02,0.000000e+00,0.000000e+00,166,4.882812e-04,0,0,0
3428,14,45281,2.442943e-05,4.009258e-03,1.383548e-02,0.000000e+00,0.000000e+00,179,4.882812e-04,0,0,0
3429,14,45295,4.996243e-05,3.931088e-03,1.043392e-02,0.000000e+00,0.000000e+00,186,4.403070e-04,0,0,0
3430,12,45307,5.413676e-05,4.109501e-03,1.559181e-02,0.000000e+00,0.000000e+00,167,4.882812e-04,0,0,0
3431,14,45321,5.336786e-05,3.960523e-03,1.182383e-02,0.000000e+00,0.000000e+00,181,4.882812e-04,0,0,0
3432,11,45332,3.504159e-05,4.125516e-03,1.339555e-02,0.000000e+00,0.000000e+00,172,4.882812e-04,0,0,0
3433,14,45346,2.118353e-05,3.770163e-03,1.062781e-02,0.000000e+00,0.000000e+00,189,9.973943e-04,0,0,0
3434,15,45361,2.871892e-05,3.993964e-03,1.343436e-02,0.000000e+00,0.000000e+00,155,3.925264e-04,0,0,0
3435,14,45375,2.474731e-05,3.879229e-03,1.435427e-02,0.000000e+00,0.000000e+00,182,4.882812e-04,0,0,0
3436,13,45388,3.124587e-05,4.240768e-03,1.398130e-02,0.000000e+00,0.000000e+00,151,1.783818e-04,0,0,0
3437,14,45402,1.667067e-06,4.276510e-03,1.243250e-02,0.000000e+00,0.000000e+00,200,1.232028e-04,0,0,0
3438,13,45415,6.476930e-05,4.252641e-03,1.755230e-02,0.000000e+00,0.000000e+00,168,5.840641e-04,0,0,0
3439,12,45427,1.714834e-05,3.862678e-03,1.076160e-02,0.000000e+00,0.000000e+00,183,8.915737e-05,0,0,0
3440,17,45444,4.247142e-05,4.147523e-03,1.288132e-02,0.000000e+00,0.000000e+00,174,4.506931e-04,0,0,0
3441,12,45456,1.252227e-04,4.040440e-03,1.451294e-02,0.000000e+00,0.000000e+00,170,4.882812e-04,0,0,0
3442,12,45468,2.384167e-05,4.174882e-03,1.345455e-02,0.000000e+00,0.000000e+00,181,4.882812e-04,0,0,0
3443,26,45494,6.499001e-06,3.981863e-03,1.127414e-02,0.000000e+00,0.000000e+00,177,4.882812e-04,0,0,0
3444,18,45512,8.699950e-05,3.848416e-03,1.429875e-02,0.000000e+00,0.000000e+00,177,1.172358e-04,0,0,0
3445,17,45529,4.771692e-06,3.821249e-03,1.348964e-02,0.000000e+00,0.000000e+00,186,3.350526e-05,0,0,0
3446,15,45544,1.746981e-05,4.093539e-03,1.831561e-02,0.000000e+00,0.000000e+00,176,5.976111e-05,0,0,0
3447,15,45559,8.798962e-05,4.147847e-03,1.171707e-02,0.000000e+00,0.000000e+00,188,4.882812e-04,0,0,0
3448,18,45577,3.825990e-05,3.857002e-03,1.130166e-02,0.000000e+00,0.000000e+00,188,9.536743e-07,0,0,0
3449,13,45590,1.625110e-05,3.811785e-03,1.254683e-02,0.000000e+00,0.000000e+00,184,4.882812e-04,0,0,0
3450,15,45605,7.312036e-05,4.387804e-03,1.263175e-02,0.000000e+00,0.000000e+00,178,4.429929e-04,0,0,0
3451,14,45619,1.722947e-06,3.929054e-03,1.219419e-02,0.000000e+00,0.000000e+00,191,4.882812e-04,0,0,0
3452,12,45631,5.496202e-06,4.003290e-03,1.232775e-02,0.000000e+00,0.000000e+00,182,1.033545e-04,0,0,0
3453,15,45646,5.727710e-06,4.191294e-03,1.160323e-02,0.000000e+00,0.000000e+00,184,4.473329e-05,0,0,0
3454,12,45658,1.361594e-05,4.056334e-03,1.716928e-02,0.000000e+00,0.000000e+00,179,7.379055e-05,0,0,0
3455,13,45671,6.076290e-05,4.005194e-03,1.295028e-02,0.000000e+00,0.000000e+00,174,4.882812e-04,0,0,0
HIST {'total_samples': 3989362, 'floor_samples': 40, 'floor_fraction': 1.0026665918008944e-05, 'saturation_depth': 4.6566128730773926e-08, 'boundaries': 3456, 'capped_boundaries': 0, 'unfinished_worlds': 0}
3456,12,45683,7.306279e-05,4.031410e-03,1.358825e-02,0.000000e+00,0.000000e+00,159,4.301965e-04,0,0,0
3457,13,45696,1.635546e-05,4.036591e-03,1.099453e-02,0.000000e+00,0.000000e+00,178,4.882812e-04,0,0,0
3458,13,45709,1.722947e-05,3.976409e-03,1.205975e-02,0.000000e+00,0.000000e+00,165,4.882812e-04,0,0,0
3459,16,45725,1.138076e-05,3.855745e-03,1.143129e-02,0.000000e+00,0.000000e+00,173,4.882812e-04,0,0,0
3460,14,45739,7.159817e-05,4.010643e-03,1.221017e-02,0.000000e+00,0.000000e+00,169,4.882812e-04,0,0,0
3461,12,45751,4.948022e-06,4.115671e-03,1.167184e-02,0.000000e+00,0.000000e+00,178,4.882812e-04,0,0,0
3462,13,45764,9.277090e-06,3.709689e-03,1.152596e-02,0.000000e+00,0.000000e+00,188,4.882812e-04,0,0,0
3463,13,45777,2.476290e-05,3.762910e-03,1.242626e-02,0.000000e+00,0.000000e+00,162,5.549490e-04,0,0,0
3464,10,45787,1.320615e-05,4.193696e-03,1.214568e-02,0.000000e+00,0.000000e+00,143,4.882812e-04,0,0,0
3465,14,45801,5.641952e-05,3.929751e-03,1.309314e-02,0.000000e+00,0.000000e+00,203,6.870776e-04,0,0,0
3466,11,45812,1.699720e-05,4.015393e-03,1.531902e-02,0.000000e+00,0.000000e+00,175,4.702136e-04,0,0,0
3467,13,45825,5.306678e-06,3.798635e-03,1.060920e-02,0.000000e+00,0.000000e+00,179,4.882812e-04,0,0,0
3468,14,45839,1.323791e-05,3.953627e-03,1.089000e-02,0.000000e+00,0.000000e+00,160,3.333092e-04,0,0,0
3469,16,45855,1.598241e-05,4.096472e-03,1.137916e-02,0.000000e+00,0.000000e+00,165,7.957220e-06,0,0,0
3470,11,45866,5.728550e-05,4.071930e-03,1.306626e-02,0.000000e+00,0.000000e+00,177,4.882812e-04,0,0,0
3471,13,45879,2.085966e-06,3.862980e-03,1.185739e-02,0.000000e+00,0.000000e+00,186,4.882812e-04,0,0,0
3472,19,45898,1.650540e-06,4.212948e-03,1.253923e-02,0.000000e+00,0.000000e+00,144,4.882812e-04,0,0,0
3473,32,45930,3.145022e-05,4.022288e-03,1.050816e-02,0.000000e+00,0.000000e+00,183,2.158880e-04,0,0,0
3474,19,45949,1.347781e-05,4.081544e-03,1.264136e-02,0.000000e+00,0.000000e+00,178,1.024529e-04,0,0,0
3475,20,45969,5.638225e-05,3.752088e-03,1.317690e-02,0.000000e+00,0.000000e+00,186,4.882812e-04,0,0,0
3476,15,45984,1.119068e-04,4.258398e-03,1.275535e-02,0.000000e+00,0.000000e+00,167,5.105287e-04,0,0,0
3477,17,46001,1.229268e-05,3.848298e-03,1.223627e-02,0.000000e+00,0.000000e+00,190,5.574748e-04,0,0,0
3478,13,46014,2.026710e-05,4.257759e-03,1.387602e-02,0.000000e+00,0.000000e+00,154,4.882812e-04,0,0,0
3479,12,46026,5.012796e-06,4.049886e-03,1.012855e-02,0.000000e+00,0.000000e+00,182,4.882812e-04,0,0,0
3480,14,46040,1.737848e-05,4.035616e-03,1.313338e-02,0.000000e+00,0.000000e+00,170,2.412051e-04,0,0,0
3481,13,46053,3.424870e-05,3.988399e-03,1.174748e-02,0.000000e+00,0.000000e+00,185,6.230362e-04,0,0,0
3482,12,46065,8.838066e-06,4.172718e-03,1.382511e-02,0.000000e+00,0.000000e+00,173,4.882812e-04,0,0,0
3483,13,46078,2.440784e-05,4.019965e-03,1.287975e-02,0.000000e+00,0.000000e+00,175,4.460812e-04,0,0,0
3484,16,46094,5.361376e-05,4.132851e-03,1.206181e-02,0.000000e+00,0.000000e+00,159,4.882812e-04,0,0,0
3485,16,46110,4.943583e-05,3.916103e-03,1.287975e-02,0.000000e+00,0.000000e+00,187,4.882812e-04,0,0,0
3486,14,46124,6.367414e-05,4.303202e-03,1.231427e-02,0.000000e+00,0.000000e+00,155,4.882812e-04,0,0,0
3487,12,46136,1.325950e-05,4.075878e-03,1.301530e-02,0.000000e+00,0.000000e+00,193,4.882812e-04,0,0,0
3488,15,46151,5.401080e-05,4.226235e-03,1.086979e-02,0.000000e+00,0.000000e+00,160,4.884824e-04,0,0,0
3489,16,46167,9.579369e-06,4.121833e-03,1.134368e-02,0.000000e+00,0.000000e+00,167,4.882812e-04,0,0,0
3490,16,46183,8.645543e-05,4.140195e-03,1.369739e-02,0.000000e+00,0.000000e+00,158,1.131743e-05,0,0,0
3491,12,46195,2.648216e-05,3.973368e-03,1.265596e-02,0.000000e+00,0.000000e+00,177,2.916902e-06,0,0,0
3492,14,46209,3.200200e-05,4.279860e-03,1.518705e-02,0.000000e+00,0.000000e+00,146,4.882812e-04,0,0,0
3493,11,46220,8.510891e-05,4.301816e-03,1.137903e-02,0.000000e+00,0.000000e+00,183,9.732582e-04,0,0,0
3494,11,46231,1.385808e-05,4.130152e-03,1.417101e-02,0.000000e+00,0.000000e+00,176,4.882812e-04,0,0,0
3495,14,46245,1.746230e-06,4.103277e-03,1.182547e-02,0.000000e+00,0.000000e+00,185,4.882812e-04,0,0,0
3496,11,46256,1.285886e-06,4.461820e-03,1.109926e-02,0.000000e+00,0.000000e+00,164,4.882812e-04,0,0,0
3497,12,46268,5.740425e-05,4.082561e-03,1.406400e-02,0.000000e+00,0.000000e+00,180,4.882812e-04,0,0,0
3498,15,46283,4.966494e-05,4.179924e-03,1.250620e-02,0.000000e+00,0.000000e+00,166,4.882812e-04,0,0,0
3499,13,46296,2.744503e-05,3.934374e-03,1.061429e-02,0.000000e+00,0.000000e+00,172,9.293482e-05,0,0,0
3500,14,46310,5.002000e-06,4.056637e-03,1.309087e-02,0.000000e+00,0.000000e+00,165,4.882812e-04,0,0,0
3501,22,46332,9.014516e-05,4.296644e-03,1.234256e-02,0.000000e+00,0.000000e+00,171,4.882812e-04,0,0,0
3502,17,46349,1.619352e-06,4.367822e-03,1.100693e-02,0.000000e+00,0.000000e+00,165,2.016127e-05,0,0,0
3503,18,46367,8.629349e-06,4.229005e-03,1.159080e-02,0.000000e+00,0.000000e+00,170,4.882812e-04,0,0,0
HIST {'total_samples': 4046515, 'floor_samples': 40, 'floor_fraction': 9.88504923372334e-06, 'saturation_depth': 4.6566128730773926e-08, 'boundaries': 3504, 'capped_boundaries': 0, 'unfinished_worlds': 0}
3504,19,46386,1.962223e-04,4.325819e-03,1.215053e-02,0.000000e+00,0.000000e+00,171,4.867315e-04,0,0,0
3505,14,46400,8.656938e-06,4.126046e-03,1.526455e-02,0.000000e+00,0.000000e+00,175,4.882812e-04,0,0,0
3506,13,46413,7.824711e-05,4.168931e-03,1.366586e-02,0.000000e+00,0.000000e+00,159,2.652407e-06,0,0,0
3507,13,46426,1.320672e-06,4.194353e-03,1.107898e-02,0.000000e+00,0.000000e+00,167,4.882812e-04,0,0,0
3508,16,46442,1.198801e-05,4.136313e-03,1.248572e-02,0.000000e+00,0.000000e+00,163,2.940744e-05,0,0,0
3509,18,46460,2.247901e-06,4.042915e-03,1.194209e-02,0.000000e+00,0.000000e+00,165,1.226366e-05,0,0,0
3510,11,46471,3.459656e-05,4.141236e-03,1.448494e-02,0.000000e+00,0.000000e+00,156,4.882812e-04,0,0,0
3511,11,46482,1.008995e-04,4.031710e-03,1.217644e-02,0.000000e+00,0.000000e+00,161,1.907349e-06,0,0,0
3512,12,46494,2.035586e-05,4.055094e-03,1.287975e-02,0.000000e+00,0.000000e+00,139,4.882812e-04,0,0,0
3513,12,46506,2.049381e-05,4.230053e-03,1.172910e-02,0.000000e+00,0.000000e+00,157,5.764961e-04,0,0,0
3514,11,46517,1.221430e-05,4.256572e-03,1.166952e-02,0.000000e+00,0.000000e+00,158,4.882812e-04,0,0,0
3515,12,46529,6.128350e-06,4.138980e-03,1.109067e-02,0.000000e+00,0.000000e+00,179,4.882812e-04,0,0,0
3516,10,46539,5.085966e-06,4.120017e-03,1.072952e-02,0.000000e+00,0.000000e+00,162,4.882812e-04,0,0,0
3517,13,46552,2.685246e-05,4.322460e-03,1.137542e-02,0.000000e+00,0.000000e+00,165,4.882812e-04,0,0,0
3518,13,46565,4.972492e-05,4.283506e-03,1.647803e-02,0.000000e+00,0.000000e+00,163,4.882812e-04,0,0,0
3519,12,46577,1.108357e-04,4.210943e-03,1.123211e-02,0.000000e+00,0.000000e+00,166,4.882812e-04,0,0,0
3520,11,46588,5.477010e-06,4.207435e-03,1.225062e-02,0.000000e+00,0.000000e+00,169,4.882812e-04,0,0,0
3521,13,46601,5.976970e-05,4.361250e-03,1.100069e-02,0.000000e+00,0.000000e+00,169,4.882812e-04,0,0,0
3522,13,46614,1.214394e-05,4.189047e-03,1.527333e-02,0.000000e+00,0.000000e+00,154,4.882812e-04,0,0,0
3523,14,46628,3.175610e-05,4.227859e-03,1.237764e-02,0.000000e+00,0.000000e+00,158,4.371442e-04,0,0,0
3524,12,46640,3.400640e-05,4.437944e-03,1.440614e-02,0.000000e+00,0.000000e+00,159,4.882812e-04,0,0,0
3525,12,46652,2.276690e-05,4.054558e-03,1.023760e-02,0.000000e+00,0.000000e+00,190,5.907714e-04,0,0,0
3526,14,46666,5.579329e-05,4.233885e-03,1.259250e-02,0.000000e+00,0.000000e+00,158,4.882812e-04,0,0,0
3527,14,46680,2.766454e-05,4.111982e-03,1.226510e-02,0.000000e+00,0.000000e+00,168,5.866829e-04,0,0,0
3528,13,46693,1.523178e-05,4.147300e-03,1.334053e-02,0.000000e+00,0.000000e+00,146,4.882812e-04,0,0,0
3529,12,46705,8.780489e-06,4.386760e-03,1.109740e-02,0.000000e+00,0.000000e+00,151,4.882812e-04,0,0,0
3530,11,46716,2.668705e-05,4.388503e-03,1.346891e-02,0.000000e+00,0.000000e+00,165,5.435795e-04,0,0,0
3531,16,46732,5.409122e-05,4.356689e-03,1.230176e-02,0.000000e+00,0.000000e+00,172,2.923906e-04,0,0,0
3532,11,46743,4.361849e-05,4.563778e-03,1.325520e-02,0.000000e+00,0.000000e+00,158,8.982047e-05,0,0,0
3533,10,46753,9.592623e-07,4.310638e-03,1.197900e-02,0.000000e+00,0.000000e+00,173,2.357662e-04,0,1,0
3534,13,46766,3.010035e-05,4.418827e-03,1.563433e-02,0.000000e+00,0.000000e+00,165,2.717972e-04,0,0,0
3535,13,46779,1.142495e-04,4.384988e-03,1.447779e-02,0.000000e+00,0.000000e+00,170,4.882812e-04,0,0,0
3536,15,46794,2.756715e-06,3.988157e-03,1.276462e-02,0.000000e+00,0.000000e+00,165,9.089708e-07,0,0,0
3537,15,46809,7.709197e-05,4.485384e-03,1.115856e-02,0.000000e+00,0.000000e+00,157,9.089708e-07,0,0,0
3538,11,46820,2.445102e-05,3.994103e-03,1.040619e-02,0.000000e+00,0.000000e+00,154,4.882812e-04,0,0,0
3539,12,46832,8.751701e-06,4.074709e-03,1.074968e-02,0.000000e+00,0.000000e+00,152,4.882812e-04,0,0,0
3540,13,46845,5.980448e-05,4.419640e-03,1.367948e-02,0.000000e+00,0.000000e+00,168,4.882812e-04,0,0,0
3541,12,46857,1.312234e-05,4.199140e-03,1.224137e-02,0.000000e+00,0.000000e+00,181,4.882812e-04,0,0,0
3542,15,46872,2.388842e-06,4.194701e-03,1.383752e-02,0.000000e+00,0.000000e+00,162,6.608814e-04,0,0,0
3543,12,46884,8.435027e-05,4.343033e-03,1.204634e-02,0.000000e+00,0.000000e+00,159,6.190017e-04,0,0,0
3544,12,46896,3.470452e-05,4.258022e-03,1.320753e-02,0.000000e+00,0.000000e+00,166,2.533160e-04,0,0,0
3545,19,46915,3.035986e-05,4.240019e-03,1.102801e-02,0.000000e+00,0.000000e+00,187,4.882812e-04,0,0,0
3546,19,46934,9.332269e-06,3.966566e-03,1.214552e-02,0.000000e+00,0.000000e+00,171,5.046199e-04,0,0,0
3547,14,46948,2.791164e-05,4.136384e-03,1.129347e-02,0.000000e+00,0.000000e+00,174,4.754215e-05,0,0,0
3548,16,46964,5.977210e-06,4.182516e-03,1.466613e-02,0.000000e+00,0.000000e+00,150,4.556105e-04,0,0,0
3549,13,46977,1.994922e-05,4.242131e-03,1.105575e-02,0.000000e+00,0.000000e+00,174,4.882812e-04,0,0,0
3550,14,46991,9.116355e-07,4.039310e-03,1.202285e-02,0.000000e+00,0.000000e+00,166,4.882812e-04,0,1,0
3551,18,47009,3.751740e-05,3.964521e-03,1.147211e-02,0.000000e+00,0.000000e+00,176,1.753680e-04,0,0,0
HIST {'total_samples': 4101554, 'floor_samples': 42, 'floor_fraction': 1.024002122122493e-05, 'saturation_depth': 4.6566128730773926e-08, 'boundaries': 3552, 'capped_boundaries': 0, 'unfinished_worlds': 0}
3552,11,47020,6.593643e-05,3.865161e-03,1.069777e-02,0.000000e+00,0.000000e+00,169,4.882812e-04,0,0,0
3553,13,47033,1.190884e-05,4.103803e-03,1.266469e-02,0.000000e+00,0.000000e+00,160,4.882812e-04,0,0,0
3554,14,47047,8.478210e-06,4.024348e-03,1.121613e-02,0.000000e+00,0.000000e+00,175,4.882812e-04,0,0,0
3555,14,47061,4.938425e-06,4.010410e-03,1.084748e-02,0.000000e+00,0.000000e+00,157,6.023049e-05,0,0,0
3556,14,47075,1.234186e-05,4.259541e-03,1.461683e-02,0.000000e+00,0.000000e+00,159,2.981424e-04,0,0,0
3557,18,47093,8.401680e-05,4.087221e-03,1.156231e-02,0.000000e+00,0.000000e+00,162,1.488626e-05,0,0,0
3558,14,47107,2.947636e-06,4.137744e-03,1.060097e-02,0.000000e+00,0.000000e+00,151,1.102686e-06,0,0,0
3559,16,47123,1.534666e-05,4.093128e-03,1.040984e-02,0.000000e+00,0.000000e+00,161,3.743172e-05,0,0,0
3560,15,47138,2.307757e-05,4.557487e-03,1.345162e-02,0.000000e+00,0.000000e+00,164,1.140684e-05,0,0,0
3561,16,47154,8.662936e-06,4.013339e-03,1.176450e-02,0.000000e+00,0.000000e+00,191,5.566776e-04,0,0,0
3562,14,47168,4.091444e-05,4.345848e-03,1.196057e-02,0.000000e+00,0.000000e+00,144,2.406538e-04,0,0,0
3563,13,47181,1.598481e-05,4.026257e-03,1.037446e-02,0.000000e+00,0.000000e+00,181,4.882812e-04,0,0,0
3564,17,47198,2.248141e-05,4.398618e-03,1.218084e-02,0.000000e+00,0.000000e+00,134,4.882812e-04,0,0,0
3565,13,47211,1.942263e-05,4.258408e-03,1.266524e-02,0.000000e+00,0.000000e+00,180,1.681852e-06,0,0,0
3566,15,47226,1.136214e-06,4.319172e-03,1.344828e-02,0.000000e+00,0.000000e+00,164,4.947335e-04,0,0,0
3567,17,47243,4.569093e-05,4.559939e-03,1.257198e-02,0.000000e+00,0.000000e+00,173,5.229823e-04,0,0,0
3568,11,47254,1.588165e-06,4.390088e-03,1.151380e-02,0.000000e+00,0.000000e+00,167,4.882812e-04,0,0,0
3569,13,47267,6.648942e-05,4.269850e-03,1.099589e-02,0.000000e+00,0.000000e+00,189,2.249181e-04,0,0,0
3570,11,47278,1.268277e-04,4.404038e-03,1.562712e-02,0.000000e+00,0.000000e+00,175,4.882812e-04,0,0,0
3571,14,47292,1.996002e-06,4.189339e-03,1.232365e-02,0.000000e+00,0.000000e+00,178,9.014457e-05,0,0,0
3572,15,47307,3.027730e-05,4.238807e-03,1.507715e-02,0.000000e+00,0.000000e+00,155,2.329350e-04,0,0,0
3573,12,47319,1.556977e-06,4.386994e-03,1.047309e-02,0.000000e+00,0.000000e+00,155,4.882812e-04,0,0,0
3574,12,47331,3.488205e-05,4.312621e-03,1.252903e-02,0.000000e+00,0.000000e+00,164,8.058548e-05,0,0,0
3575,10,47341,1.298121e-05,4.240084e-03,1.126983e-02,0.000000e+00,0.000000e+00,177,7.428676e-04,0,0,0
3576,12,47353,7.916242e-08,4.346915e-03,1.464624e-02,0.000000e+00,0.000000e+00,181,4.882812e-04,0,1,0
3577,12,47365,4.610047e-07,4.214057e-03,1.290463e-02,0.000000e+00,0.000000e+00,178,4.882812e-04,0,1,0
3578,10,47375,4.106198e-05,4.177543e-03,1.197900e-02,0.000000e+00,0.000000e+00,159,3.460646e-04,0,0,0
3579,14,47389,8.111157e-06,3.989555e-03,1.084913e-02,0.000000e+00,0.000000e+00,153,4.991293e-04,0,0,0
3580,20,47409,2.736226e-05,4.267839e-03,1.107141e-02,0.000000e+00,0.000000e+00,153,4.882812e-04,0,0,0
3581,11,47420,1.662876e-05,3.991271e-03,1.142636e-02,0.000000e+00,0.000000e+00,180,4.882812e-04,0,0,0
3582,15,47435,1.676210e-05,4.419058e-03,1.287975e-02,0.000000e+00,0.000000e+00,168,1.747161e-05,0,0,0
3583,13,47448,1.231907e-05,4.049520e-03,1.287975e-02,0.000000e+00,0.000000e+00,178,4.882812e-04,0,0,0
3584,13,47461,6.678209e-05,4.072628e-03,1.229022e-02,0.000000e+00,0.000000e+00,178,4.882812e-04,0,0,0
3585,19,47480,9.279490e-06,4.179636e-03,1.164824e-02,0.000000e+00,0.000000e+00,177,9.955466e-05,0,0,0
3586,13,47493,1.173932e-05,4.317837e-03,1.363041e-02,0.000000e+00,0.000000e+00,174,5.150214e-05,0,0,0
3587,14,47507,4.078129e-05,4.031697e-03,1.135814e-02,0.000000e+00,0.000000e+00,176,7.156841e-05,0,0,0
3588,12,47519,1.555778e-06,4.048270e-03,1.141259e-02,0.000000e+00,0.000000e+00,171,4.882812e-04,0,0,0
3589,12,47531,4.508517e-05,3.968623e-03,1.122652e-02,0.000000e+00,0.000000e+00,160,4.030094e-04,0,0,0
3590,16,47547,6.549141e-05,4.071295e-03,1.417031e-02,0.000000e+00,0.000000e+00,168,6.826967e-05,0,0,0
3591,14,47561,5.405039e-06,3.958366e-03,1.287975e-02,0.000000e+00,0.000000e+00,177,5.887300e-04,0,0,0
3592,17,47578,5.961616e-06,4.150757e-03,1.258351e-02,0.000000e+00,0.000000e+00,174,4.882812e-04,0,0,0
3593,11,47589,2.607238e-05,3.949303e-03,1.040674e-02,0.000000e+00,0.000000e+00,171,4.882812e-04,0,0,0
3594,13,47602,9.476211e-07,3.995761e-03,1.184960e-02,0.000000e+00,0.000000e+00,183,3.648791e-04,0,1,0
3595,18,47620,4.447941e-05,3.752698e-03,1.287975e-02,0.000000e+00,0.000000e+00,191,2.884120e-05,0,0,0
3596,18,47638,1.534354e-05,3.860437e-03,1.089000e-02,0.000000e+00,0.000000e+00,149,4.882812e-04,0,0,0
3597,18,47656,1.748901e-06,3.955269e-03,1.411460e-02,0.000000e+00,0.000000e+00,187,1.907349e-06,0,0,0
3598,16,47672,1.158017e-05,4.125696e-03,1.071424e-02,0.000000e+00,0.000000e+00,182,4.882812e-04,0,0,0
3599,22,47694,3.723071e-05,4.106645e-03,1.240185e-02,0.000000e+00,0.000000e+00,196,4.882812e-04,0,0,0
HIST {'total_samples': 4157691, 'floor_samples': 45, 'floor_fraction': 1.0823315152569058e-05, 'saturation_depth': 4.6566128730773926e-08, 'boundaries': 3600, 'capped_boundaries': 0, 'unfinished_worlds': 0}
3600,12,47706,6.622635e-05,4.015245e-03,1.233739e-02,0.000000e+00,0.000000e+00,175,1.907349e-06,0,0,0
3601,13,47719,3.292225e-06,4.083185e-03,1.141386e-02,0.000000e+00,0.000000e+00,188,4.882812e-04,0,0,0
3602,15,47734,2.642663e-05,3.952906e-03,1.287975e-02,0.000000e+00,0.000000e+00,176,7.707849e-04,0,0,0
3603,18,47752,1.258957e-04,3.951862e-03,1.244680e-02,0.000000e+00,0.000000e+00,189,4.882812e-04,0,0,0
3604,16,47768,2.671692e-05,3.706004e-03,1.135502e-02,0.000000e+00,0.000000e+00,181,5.438924e-04,0,0,0
3605,13,47781,1.877249e-06,3.849060e-03,1.035852e-02,0.000000e+00,0.000000e+00,163,4.882812e-04,0,0,0
3606,15,47796,7.599681e-05,3.960553e-03,1.321084e-02,0.000000e+00,0.000000e+00,160,1.907349e-06,0,0,0
3607,17,47813,1.274850e-05,3.852567e-03,1.000000e-02,0.000000e+00,0.000000e+00,172,1.625828e-04,0,0,0
3608,15,47828,2.713555e-05,4.110212e-03,1.287975e-02,0.000000e+00,0.000000e+00,184,3.697556e-04,0,0,0
3609,15,47843,7.548222e-05,3.879692e-03,1.130378e-02,0.000000e+00,0.000000e+00,186,5.399995e-05,0,0,0
3610,11,47854,9.600961e-06,4.014242e-03,1.231006e-02,0.000000e+00,0.000000e+00,179,4.882812e-04,0,0,0
3611,20,47874,3.366574e-05,4.187550e-03,1.255082e-02,0.000000e+00,0.000000e+00,178,4.882812e-04,0,0,0
3612,12,47886,1.541984e-05,3.783615e-03,1.326570e-02,0.000000e+00,0.000000e+00,185,9.006262e-05,0,0,0
3613,11,47897,1.215114e-06,3.979809e-03,1.115236e-02,0.000000e+00,0.000000e+00,173,4.882812e-04,0,0,0
3614,17,47914,1.230588e-05,4.036259e-03,1.318192e-02,0.000000e+00,0.000000e+00,169,4.882812e-04,0,0,0
3615,11,47925,1.563815e-05,3.744467e-03,1.101189e-02,0.000000e+00,0.000000e+00,189,5.484000e-04,0,0,0
3616,14,47939,2.617016e-06,3.978691e-03,1.333533e-02,0.000000e+00,0.000000e+00,178,4.882812e-04,0,0,0
3617,13,47952,1.051080e-04,3.887854e-03,1.023594e-02,0.000000e+00,0.000000e+00,194,4.882812e-04,0,0,0
3618,11,47963,9.764095e-07,3.714264e-03,1.031794e-02,0.000000e+00,0.000000e+00,183,2.441928e-06,0,1,0
3619,13,47976,7.912051e-05,3.816007e-03,1.086285e-02,0.000000e+00,0.000000e+00,194,4.882812e-04,0,0,0
3620,14,47990,8.708518e-06,4.037593e-03,1.226440e-02,0.000000e+00,0.000000e+00,169,4.882812e-04,0,0,0
3621,13,48003,7.978010e-06,3.772844e-03,1.044072e-02,0.000000e+00,0.000000e+00,174,3.646314e-05,0,0,0
3622,12,48015,5.802200e-05,3.789098e-03,1.223066e-02,0.000000e+00,0.000000e+00,185,6.889254e-04,0,0,0
3623,15,48030,1.930028e-06,3.994952e-03,1.172015e-02,0.000000e+00,0.000000e+00,178,4.882812e-04,0,0,0
3624,12,48042,2.756715e-05,3.751681e-03,1.275350e-02,0.000000e+00,0.000000e+00,174,4.882812e-04,0,0,0
3625,11,48053,8.732509e-06,3.833244e-03,1.122987e-02,0.000000e+00,0.000000e+00,178,4.882812e-04,0,0,0
3626,21,48074,2.024910e-05,3.977203e-03,1.101225e-02,0.000000e+00,0.000000e+00,185,4.882812e-04,0,0,0
3627,13,48087,2.477318e-05,4.058287e-03,1.203068e-02,0.000000e+00,0.000000e+00,189,4.882812e-04,0,0,0
3628,19,48106,1.985926e-05,3.733899e-03,1.287975e-02,0.000000e+00,0.000000e+00,184,4.882812e-04,0,0,0
3629,14,48120,2.339065e-06,3.993117e-03,1.220412e-02,0.000000e+00,0.000000e+00,160,4.882812e-04,0,0,0
3630,15,48135,5.739741e-05,4.043744e-03,1.090897e-02,0.000000e+00,0.000000e+00,181,4.882812e-04,0,0,0
3631,13,48148,3.979529e-05,3.960653e-03,1.065281e-02,0.000000e+00,0.000000e+00,200,4.212931e-04,0,0,0
3632,14,48162,9.673891e-05,4.075851e-03,1.246801e-02,0.000000e+00,0.000000e+00,176,4.882812e-04,0,0,0
3633,14,48176,2.614235e-05,3.775039e-03,1.198432e-02,0.000000e+00,0.000000e+00,201,4.882812e-04,0,0,0
3634,15,48191,1.155738e-05,4.024362e-03,1.199384e-02,0.000000e+00,0.000000e+00,175,4.553795e-05,0,0,0
3635,17,48208,1.992403e-06,3.720801e-03,1.000000e-02,0.000000e+00,0.000000e+00,200,4.875660e-05,0,0,0
3636,13,48221,2.328306e-07,3.883313e-03,1.439025e-02,0.000000e+00,0.000000e+00,187,4.882812e-04,0,1,0
3637,12,48233,8.722912e-06,3.845947e-03,1.068076e-02,0.000000e+00,0.000000e+00,185,1.756400e-04,0,0,0
3638,12,48245,5.655922e-05,4.016113e-03,1.408707e-02,0.000000e+00,0.000000e+00,185,4.882812e-04,0,0,0
3639,16,48261,2.960176e-05,4.020611e-03,1.181542e-02,0.000000e+00,0.000000e+00,186,4.882812e-04,0,0,0
3640,15,48276,2.591871e-05,3.802158e-03,1.648155e-02,0.000000e+00,0.000000e+00,175,8.660108e-04,0,0,0
3641,14,48290,1.667693e-05,4.143377e-03,1.244907e-02,0.000000e+00,0.000000e+00,165,4.882812e-04,0,0,0
3642,14,48304,2.005838e-05,4.095378e-03,1.664240e-02,0.000000e+00,0.000000e+00,181,2.068281e-05,0,0,0
3643,11,48315,5.191524e-06,4.161688e-03,1.290897e-02,0.000000e+00,0.000000e+00,182,4.882812e-04,0,0,0
3644,20,48335,2.965214e-05,3.832693e-03,1.263403e-02,0.000000e+00,0.000000e+00,203,9.015203e-06,0,0,0
3645,15,48350,8.013565e-05,3.805025e-03,1.092738e-02,0.000000e+00,0.000000e+00,194,4.882812e-04,0,0,0
3646,10,48360,3.970694e-05,4.021795e-03,1.165460e-02,0.000000e+00,0.000000e+00,157,4.882812e-04,0,0,0
3647,14,48374,9.310677e-06,4.186113e-03,1.215304e-02,0.000000e+00,0.000000e+00,187,4.882812e-04,0,0,0
HIST {'total_samples': 4216575, 'floor_samples': 47, 'floor_fraction': 1.1146487374231455e-05, 'saturation_depth': 4.6566128730773926e-08, 'boundaries': 3648, 'capped_boundaries': 0, 'unfinished_worlds': 0}
3648,13,48387,2.580168e-05,3.951690e-03,1.089392e-02,0.000000e+00,0.000000e+00,174,4.882812e-04,0,0,0
3649,13,48400,2.561137e-07,4.333733e-03,1.355056e-02,0.000000e+00,0.000000e+00,183,2.510399e-04,0,1,0
3650,15,48415,4.737985e-05,4.068093e-03,1.459002e-02,0.000000e+00,0.000000e+00,199,6.139278e-06,0,0,0
3651,12,48427,6.047982e-06,3.818638e-03,1.144469e-02,0.000000e+00,0.000000e+00,183,5.145464e-04,0,0,0
3652,21,48448,1.028049e-04,3.842529e-03,1.158047e-02,0.000000e+00,0.000000e+00,180,4.882812e-04,0,0,0
3653,15,48463,8.960417e-06,3.926381e-03,1.096371e-02,0.000000e+00,0.000000e+00,205,7.418403e-05,0,0,0
3654,12,48475,4.711716e-05,3.777856e-03,1.095010e-02,0.000000e+00,0.000000e+00,194,4.882812e-04,0,0,0
3655,12,48487,7.847324e-05,3.964548e-03,1.066163e-02,0.000000e+00,0.000000e+00,169,4.882812e-04,0,0,0
3656,12,48499,4.038425e-05,3.775495e-03,1.200714e-02,0.000000e+00,0.000000e+00,182,4.882812e-04,0,0,0
3657,13,48512,9.497802e-06,4.048483e-03,1.142496e-02,0.000000e+00,0.000000e+00,175,9.536743e-07,0,0,0
3658,14,48526,1.285166e-05,3.990740e-03,1.064699e-02,0.000000e+00,0.000000e+00,183,4.172325e-06,0,0,0
3659,10,48536,5.450381e-05,3.923113e-03,1.088601e-02,0.000000e+00,0.000000e+00,184,4.923344e-04,0,0,0
3660,12,48548,1.982807e-05,3.928938e-03,1.341717e-02,0.000000e+00,0.000000e+00,177,4.882812e-04,0,0,0
3661,13,48561,1.950060e-05,3.832408e-03,1.309419e-02,0.000000e+00,0.000000e+00,184,1.510978e-04,0,0,0
3662,13,48574,2.543103e-05,4.163572e-03,1.249077e-02,0.000000e+00,0.000000e+00,169,1.823902e-05,0,0,0
3663,11,48585,3.185123e-06,4.097062e-03,1.193604e-02,0.000000e+00,0.000000e+00,189,4.882812e-04,0,0,0
3664,13,48598,7.887686e-05,3.997970e-03,1.187532e-02,0.000000e+00,0.000000e+00,197,4.882812e-04,0,0,0
3665,14,48612,5.462616e-05,3.595684e-03,1.214096e-02,0.000000e+00,0.000000e+00,186,6.059259e-04,0,0,0
3666,13,48625,1.600160e-05,4.041084e-03,1.636224e-02,0.000000e+00,0.000000e+00,169,4.882812e-04,0,0,0
3667,12,48637,1.674052e-05,4.158777e-03,1.089000e-02,0.000000e+00,0.000000e+00,188,6.848760e-04,0,0,0
3668,11,48648,1.452863e-05,3.898994e-03,1.222903e-02,0.000000e+00,0.000000e+00,187,1.370907e-06,0,0,0
3669,13,48661,1.209322e-05,3.777138e-03,1.054477e-02,0.000000e+00,0.000000e+00,194,6.568432e-05,0,0,0
3670,19,48680,1.910836e-06,3.931788e-03,1.126202e-02,0.000000e+00,0.000000e+00,172,4.882812e-04,0,0,0
3671,13,48693,2.878252e-05,4.000573e-03,1.137346e-02,0.000000e+00,0.000000e+00,181,4.882812e-04,0,0,0
3672,10,48703,7.856858e-06,3.991541e-03,1.128736e-02,0.000000e+00,0.000000e+00,173,4.882812e-04,0,0,0
3673,14,48717,1.140024e-05,3.886602e-03,1.076921e-02,0.000000e+00,0.000000e+00,164,2.133846e-05,0,0,0
3674,12,48729,1.653098e-06,3.970135e-03,1.257111e-02,0.000000e+00,0.000000e+00,171,3.731810e-06,0,0,0
3675,16,48745,5.042064e-05,3.750224e-03,1.545263e-02,0.000000e+00,0.000000e+00,179,1.395643e-04,0,0,0
3676,13,48758,3.587405e-05,3.826457e-03,1.903141e-02,0.000000e+00,0.000000e+00,171,4.882812e-04,0,0,0
3677,12,48770,4.623671e-05,4.157236e-03,1.362254e-02,0.000000e+00,0.000000e+00,166,2.592020e-04,0,0,0
3678,16,48786,4.355698e-05,3.890519e-03,1.151180e-02,0.000000e+00,0.000000e+00,189,1.067279e-04,0,0,0
3679,11,48797,1.159097e-05,3.957792e-03,1.000000e-02,0.000000e+00,0.000000e+00,173,4.882812e-04,0,0,0
3680,13,48810,1.134147e-05,3.983989e-03,1.116296e-02,0.000000e+00,0.000000e+00,176,4.882812e-04,0,0,0
3681,12,48822,4.725271e-05,4.008144e-03,1.132388e-02,0.000000e+00,0.000000e+00,167,4.882812e-04,0,0,0
3682,13,48835,5.061736e-05,3.973573e-03,1.229539e-02,0.000000e+00,0.000000e+00,165,4.882812e-04,0,0,0
3683,12,48847,4.583367e-06,3.920638e-03,1.000000e-02,0.000000e+00,0.000000e+00,169,1.949556e-04,0,0,0
3684,13,48860,1.284686e-05,3.913620e-03,1.170956e-02,0.000000e+00,0.000000e+00,173,2.932698e-04,0,0,0
3685,14,48874,2.240944e-05,4.067563e-03,1.148678e-02,0.000000e+00,0.000000e+00,182,3.518313e-04,0,0,0
3686,16,48890,9.272293e-05,4.172347e-03,1.432835e-02,0.000000e+00,0.000000e+00,173,3.562048e-04,0,0,0
3687,12,48902,1.860696e-05,4.170681e-03,1.291381e-02,0.000000e+00,0.000000e+00,160,3.153086e-05,0,0,0
3688,12,48914,1.074281e-05,4.005076e-03,1.169842e-02,0.000000e+00,0.000000e+00,179,4.882812e-04,0,0,0
3689,12,48926,3.940065e-05,4.112669e-03,1.124103e-02,0.000000e+00,0.000000e+00,179,1.524389e-05,0,0,0
3690,11,48937,1.336242e-04,4.160280e-03,1.427907e-02,0.000000e+00,0.000000e+00,170,4.882812e-04,0,0,0
3691,12,48949,4.407038e-06,3.842791e-03,1.194009e-02,0.000000e+00,0.000000e+00,176,1.192093e-05,0,0,0
3692,13,48962,1.546985e-04,4.122568e-03,1.287975e-02,0.000000e+00,0.000000e+00,172,6.387755e-05,0,0,0
3693,20,48982,3.677489e-05,4.008429e-03,1.180809e-02,0.000000e+00,0.000000e+00,193,1.633093e-04,0,0,0
3694,16,48998,3.341264e-05,3.948064e-03,1.291847e-02,0.000000e+00,0.000000e+00,162,4.882812e-04,0,0,0
3695,16,49014,2.617593e-05,3.782866e-03,1.348332e-02,0.000000e+00,0.000000e+00,187,5.068704e-04,0,0,0
HIST {'total_samples': 4274521, 'floor_samples': 48, 'floor_fraction': 1.1229328385566476e-05, 'saturation_depth': 4.6566128730773926e-08, 'boundaries': 3696, 'capped_boundaries': 0, 'unfinished_worlds': 0}
3696,12,49026,5.169933e-06,4.135312e-03,1.368128e-02,0.000000e+00,0.000000e+00,151,3.410056e-04,0,0,0
3697,13,49039,6.681688e-05,4.004526e-03,1.098008e-02,0.000000e+00,0.000000e+00,169,6.318092e-06,0,0,0
3698,11,49050,1.514274e-05,4.301819e-03,1.449459e-02,0.000000e+00,0.000000e+00,168,4.882812e-04,0,0,0
3699,12,49062,2.180728e-06,4.306579e-03,1.180484e-02,0.000000e+00,0.000000e+00,181,4.882812e-04,0,0,0
3700,11,49073,6.723551e-05,4.258494e-03,1.249813e-02,0.000000e+00,0.000000e+00,169,4.882812e-04,0,0,0
3701,16,49089,1.895962e-05,4.184357e-03,1.131300e-02,0.000000e+00,0.000000e+00,184,6.638467e-05,0,0,0
3702,13,49102,5.024670e-05,4.054541e-03,1.319837e-02,0.000000e+00,0.000000e+00,181,9.864569e-05,0,0,0
3703,13,49115,9.248182e-05,4.238859e-03,1.215949e-02,0.000000e+00,0.000000e+00,164,4.882812e-04,0,0,0
3704,11,49126,8.545383e-05,4.065553e-03,1.679106e-02,0.000000e+00,0.000000e+00,177,1.966953e-06,0,0,0
3705,12,49138,2.269852e-05,4.164750e-03,1.289997e-02,0.000000e+00,0.000000e+00,177,4.882812e-04,0,0,0
3706,15,49153,7.787719e-05,3.980260e-03,1.255989e-02,0.000000e+00,0.000000e+00,173,1.315773e-05,0,0,0
3707,14,49167,9.346662e-06,3.682301e-03,1.373008e-02,0.000000e+00,0.000000e+00,191,5.154014e-04,0,0,0
3708,17,49184,6.678209e-05,4.271198e-03,1.376664e-02,0.000000e+00,0.000000e+00,164,9.536743e-07,0,0,0
3709,12,49196,2.896413e-06,4.122555e-03,1.210177e-02,0.000000e+00,0.000000e+00,182,6.878376e-05,0,0,0
3710,20,49216,2.877409e-05,3.959992e-03,1.353158e-02,0.000000e+00,0.000000e+00,198,1.496077e-05,0,0,0
3711,12,49228,1.710732e-04,3.976193e-03,1.301096e-02,0.000000e+00,0.000000e+00,196,4.882812e-04,0,0,0
3712,15,49243,1.323642e-04,4.037831e-03,1.207326e-02,0.000000e+00,0.000000e+00,191,4.882812e-04,0,0,0
3713,13,49256,9.119113e-05,3.855958e-03,1.107895e-02,0.000000e+00,0.000000e+00,192,4.882812e-04,0,0,0
3714,12,49268,2.178329e-05,4.015207e-03,1.283020e-02,0.000000e+00,0.000000e+00,165,4.882812e-04,0,0,0
3715,15,49283,8.661737e-06,3.766691e-03,1.089000e-02,0.000000e+00,0.000000e+00,184,5.247295e-04,0,0,0
3716,16,49299,2.177489e-05,4.110615e-03,1.229412e-02,0.000000e+00,0.000000e+00,179,2.992153e-05,0,0,0
3717,12,49311,2.578969e-05,3.781021e-03,1.160794e-02,0.000000e+00,0.000000e+00,190,2.920805e-04,0,0,0
3718,21,49332,1.230828e-05,3.928284e-03,1.197900e-02,0.000000e+00,0.000000e+00,187,8.352101e-05,0,0,0
3719,16,49348,1.189372e-04,4.130933e-03,1.568104e-02,0.000000e+00,0.000000e+00,191,8.410960e-05,0,0,0
3720,13,49361,1.571607e-05,3.910399e-03,1.314191e-02,0.000000e+00,0.000000e+00,197,4.882812e-04,0,0,0
3721,16,49377,6.299641e-05,3.914566e-03,1.276037e-02,0.000000e+00,0.000000e+00,179,4.882812e-04,0,0,0
3722,16,49393,1.481767e-05,3.834914e-03,1.143758e-02,0.000000e+00,0.000000e+00,191,5.741417e-05,0,0,0
3723,16,49409,1.525526e-04,3.929857e-03,1.092998e-02,0.000000e+00,0.000000e+00,177,1.763552e-05,0,0,0
3724,14,49423,7.825910e-05,4.340170e-03,1.232836e-02,0.000000e+00,0.000000e+00,161,8.556992e-06,0,0,0
3725,20,49443,1.670560e-04,3.937595e-03,1.257701e-02,0.000000e+00,0.000000e+00,177,4.882812e-04,0,0,0
3726,18,49461,9.735547e-05,4.038552e-03,1.287975e-02,0.000000e+00,0.000000e+00,177,3.436357e-04,0,0,0
3727,12,49473,1.654029e-05,4.123885e-03,1.287975e-02,0.000000e+00,0.000000e+00,188,5.277544e-04,0,0,0
3728,18,49491,5.064975e-05,3.948157e-03,1.393628e-02,0.000000e+00,0.000000e+00,197,5.232394e-04,0,0,0
3729,15,49506,2.919633e-05,4.056608e-03,1.299994e-02,0.000000e+00,0.000000e+00,180,4.237890e-05,0,0,0
3730,16,49522,1.844622e-05,4.018060e-03,1.287975e-02,0.000000e+00,0.000000e+00,166,9.536743e-07,0,0,0
3731,11,49533,6.283327e-05,3.949863e-03,1.287975e-02,0.000000e+00,0.000000e+00,182,4.882812e-04,0,0,0
3732,13,49546,4.984967e-05,3.977454e-03,1.801016e-02,0.000000e+00,0.000000e+00,180,4.882812e-04,0,0,0
3733,14,49560,9.110597e-05,3.878207e-03,1.091604e-02,0.000000e+00,0.000000e+00,162,4.882812e-04,0,0,0
3734,14,49574,5.046502e-05,3.996782e-03,1.150195e-02,0.000000e+00,0.000000e+00,177,4.882812e-04,0,0,0
3735,11,49585,2.282567e-05,3.832313e-03,1.175246e-02,0.000000e+00,0.000000e+00,169,5.357265e-04,0,0,0
3736,14,49599,4.831668e-06,4.002070e-03,1.317690e-02,0.000000e+00,0.000000e+00,170,7.449985e-04,0,0,0
3737,12,49611,1.474330e-05,3.950658e-03,1.033423e-02,0.000000e+00,0.000000e+00,184,4.882812e-04,0,0,0
3738,12,49623,1.809117e-05,4.165736e-03,1.648029e-02,0.000000e+00,0.000000e+00,169,6.139278e-06,0,0,0
3739,11,49634,9.872019e-07,3.984286e-03,1.164328e-02,0.000000e+00,0.000000e+00,179,6.437302e-06,0,1,0
3740,16,49650,5.358257e-06,4.228823e-03,1.452307e-02,0.000000e+00,0.000000e+00,163,4.882812e-04,0,0,0
3741,15,49665,3.530188e-05,4.165490e-03,1.065659e-02,0.000000e+00,0.000000e+00,192,1.117550e-04,0,0,0
3742,11,49676,1.142639e-04,3.977460e-03,1.303521e-02,0.000000e+00,0.000000e+00,173,4.882812e-04,0,0,0
3743,16,49692,3.276850e-05,3.987136e-03,1.082454e-02,0.000000e+00,0.000000e+00,165,4.882812e-04,0,0,0
HIST {'total_samples': 4332703, 'floor_samples': 49, 'floor_fraction': 1.1309337381306774e-05, 'saturation_depth': 4.6566128730773926e-08, 'boundaries': 3744, 'capped_boundaries': 0, 'unfinished_worlds': 0}
3744,13,49705,1.493403e-05,4.034411e-03,1.190463e-02,0.000000e+00,0.000000e+00,180,6.284490e-04,0,0,0
3745,18,49723,5.376490e-05,4.260277e-03,1.549856e-02,0.000000e+00,0.000000e+00,176,4.882812e-04,0,0,0
3746,14,49737,2.149061e-05,4.225581e-03,1.391744e-02,0.000000e+00,0.000000e+00,187,4.882812e-04,0,0,0
3747,11,49748,8.324671e-06,4.042444e-03,1.308839e-02,0.000000e+00,0.000000e+00,164,9.462237e-06,0,0,0
3748,11,49759,4.294283e-06,4.151804e-03,1.173855e-02,0.000000e+00,0.000000e+00,158,4.882812e-04,0,0,0
3749,13,49772,7.068773e-05,3.965235e-03,1.189715e-02,0.000000e+00,0.000000e+00,201,4.882812e-04,0,0,0
3750,12,49784,2.917473e-05,3.956543e-03,1.338663e-02,0.000000e+00,0.000000e+00,161,4.882812e-04,0,0,0
3751,10,49794,6.356378e-05,4.039714e-03,1.432432e-02,0.000000e+00,0.000000e+00,173,1.094863e-04,0,0,0
3752,17,49811,5.973851e-05,3.954052e-03,1.154224e-02,0.000000e+00,0.000000e+00,168,4.882812e-04,0,0,0
3753,13,49824,9.067174e-06,4.174916e-03,1.452073e-02,0.000000e+00,0.000000e+00,173,4.882812e-04,0,0,0
3754,16,49840,1.684127e-06,4.052567e-03,1.335573e-02,0.000000e+00,0.000000e+00,195,4.882812e-04,0,0,0
3755,14,49854,8.684887e-05,3.810934e-03,1.996298e-02,0.000000e+00,0.000000e+00,185,4.882812e-04,0,0,0
3756,13,49867,1.443550e-07,4.145477e-03,1.436038e-02,0.000000e+00,0.000000e+00,159,4.882812e-04,0,1,0
3757,11,49878,5.956578e-05,3.887219e-03,1.685008e-02,0.000000e+00,0.000000e+00,164,4.882812e-04,0,0,0
3758,9,49887,1.832867e-05,3.768289e-03,1.416910e-02,0.000000e+00,0.000000e+00,166,4.882812e-04,0,0,0
3759,11,49898,2.293243e-05,4.355706e-03,1.040710e-02,0.000000e+00,0.000000e+00,157,4.882812e-04,0,0,0
3760,16,49914,6.733928e-05,4.139588e-03,1.147191e-02,0.000000e+00,0.000000e+00,178,4.882812e-04,0,0,0
3761,14,49928,6.667804e-05,3.914801e-03,1.113405e-02,0.000000e+00,0.000000e+00,180,7.376075e-06,0,0,0
3762,12,49940,7.065055e-05,4.084743e-03,1.435751e-02,0.000000e+00,0.000000e+00,168,1.083314e-05,0,0,0
3763,15,49955,1.862135e-05,4.080582e-03,2.056385e-02,0.000000e+00,0.000000e+00,185,4.586726e-04,0,0,0
3764,11,49966,2.604879e-05,4.117177e-03,1.253994e-02,0.000000e+00,0.000000e+00,190,8.785725e-05,0,0,0
3765,12,49978,2.168853e-05,4.083808e-03,1.119230e-02,0.000000e+00,0.000000e+00,175,4.882812e-04,0,0,0
3766,16,49994,5.101560e-06,4.177301e-03,1.302201e-02,0.000000e+00,0.000000e+00,150,6.407499e-05,0,0,0
3767,13,50007,6.336706e-05,4.123239e-03,1.213269e-02,0.000000e+00,0.000000e+00,186,4.882812e-04,0,0,0
3768,14,50021,4.246302e-05,4.170639e-03,1.110245e-02,0.000000e+00,0.000000e+00,163,2.384186e-07,0,0,0
3769,14,50035,1.595242e-05,4.270770e-03,1.205872e-02,0.000000e+00,0.000000e+00,169,4.687607e-04,0,0,0
3770,12,50047,8.065455e-05,3.898713e-03,1.188246e-02,0.000000e+00,0.000000e+00,188,4.882812e-04,0,0,0
3771,15,50062,6.615835e-05,3.910043e-03,1.160129e-02,0.000000e+00,0.000000e+00,177,4.882812e-04,0,0,0
3772,12,50074,3.509677e-05,4.036471e-03,1.088616e-02,0.000000e+00,0.000000e+00,164,6.964616e-05,0,0,0
3773,15,50089,2.661720e-05,3.948081e-03,1.231705e-02,0.000000e+00,0.000000e+00,169,7.972121e-05,0,0,0
3774,14,50103,3.861263e-05,4.067293e-03,1.387294e-02,0.000000e+00,0.000000e+00,174,4.882812e-04,0,0,0
3775,13,50116,1.314282e-04,3.998587e-03,1.300814e-02,0.000000e+00,0.000000e+00,171,5.397201e-05,0,0,0
3776,12,50128,2.591871e-05,4.007312e-03,1.383448e-02,0.000000e+00,0.000000e+00,161,5.496535e-04,0,0,0
3777,12,50140,4.179609e-05,4.145049e-03,1.264720e-02,0.000000e+00,0.000000e+00,168,2.367590e-04,0,0,0
3778,11,50151,6.662016e-05,4.179725e-03,1.604524e-02,0.000000e+00,0.000000e+00,171,4.882812e-04,0,0,0
3779,12,50163,1.167973e-05,4.309165e-03,1.173406e-02,0.000000e+00,0.000000e+00,162,4.882812e-04,0,0,0
3780,13,50176,1.926670e-05,4.171590e-03,1.470868e-02,0.000000e+00,0.000000e+00,182,6.634295e-04,0,0,0
3781,11,50187,8.667734e-06,3.950644e-03,1.312031e-02,0.000000e+00,0.000000e+00,161,4.882812e-04,0,0,0
3782,14,50201,1.203839e-05,4.334827e-03,1.149918e-02,0.000000e+00,0.000000e+00,138,4.882812e-04,0,0,0
3783,12,50213,1.545582e-05,4.256503e-03,1.317690e-02,0.000000e+00,0.000000e+00,188,9.038895e-04,0,0,0
3784,13,50226,4.901240e-06,4.174764e-03,1.310322e-02,0.000000e+00,0.000000e+00,171,4.640967e-04,0,0,0
3785,15,50241,1.450940e-05,4.223701e-03,1.361803e-02,0.000000e+00,0.000000e+00,167,9.695068e-07,0,0,0
3786,14,50255,3.917393e-05,4.472421e-03,1.394889e-02,0.000000e+00,0.000000e+00,161,2.182424e-04,0,0,0
3787,15,50270,8.874052e-06,4.092399e-03,1.368908e-02,0.000000e+00,0.000000e+00,183,4.882812e-04,0,0,0
3788,16,50286,5.623351e-06,4.012206e-03,1.456281e-02,0.000000e+00,0.000000e+00,169,4.882812e-04,0,0,0
3789,16,50302,3.543743e-05,4.191788e-03,1.123365e-02,0.000000e+00,0.000000e+00,150,4.171571e-04,0,0,0
3790,11,50313,1.427252e-05,4.047490e-03,1.042285e-02,0.000000e+00,0.000000e+00,171,4.882812e-04,0,0,0
3791,12,50325,4.199401e-05,4.117919e-03,1.312494e-02,0.000000e+00,0.000000e+00,174,8.030683e-04,0,0,0
HIST {'total_samples': 4389500, 'floor_samples': 50, 'floor_fraction': 1.1390818999886092e-05, 'saturation_depth': 4.6566128730773926e-08, 'boundaries': 3792, 'capped_boundaries': 0, 'unfinished_worlds': 0}
3792,14,50339,7.794483e-06,4.059373e-03,1.316789e-02,0.000000e+00,0.000000e+00,182,4.882812e-04,0,0,0
3793,13,50352,1.798801e-05,4.184582e-03,1.078909e-02,0.000000e+00,0.000000e+00,169,4.882812e-04,0,0,0
3794,11,50363,2.512995e-05,4.117243e-03,1.664608e-02,0.000000e+00,0.000000e+00,177,4.882812e-04,0,0,0
3795,12,50375,4.506358e-05,3.991756e-03,1.099337e-02,0.000000e+00,0.000000e+00,166,3.856234e-05,0,0,0
3796,11,50386,1.540424e-05,4.254412e-03,1.092083e-02,0.000000e+00,0.000000e+00,161,4.882812e-04,0,0,0
3797,14,50400,5.607518e-05,3.996935e-03,1.131002e-02,0.000000e+00,0.000000e+00,189,4.882812e-04,0,0,0
3798,13,50413,2.590364e-05,4.403100e-03,1.251366e-02,0.000000e+00,0.000000e+00,163,2.983212e-05,0,0,0
3799,14,50427,1.287088e-05,4.071613e-03,1.170610e-02,0.000000e+00,0.000000e+00,193,4.882812e-04,0,0,0
3800,12,50439,3.624950e-05,4.285370e-03,1.110321e-02,0.000000e+00,0.000000e+00,172,5.026758e-04,0,0,0
3801,14,50453,1.022831e-04,4.149529e-03,1.086888e-02,0.000000e+00,0.000000e+00,181,9.536743e-07,0,0,0
3802,11,50464,1.305246e-04,4.268914e-03,1.510720e-02,0.000000e+00,0.000000e+00,162,4.882812e-04,0,0,0
3803,14,50478,7.668534e-06,3.995643e-03,1.109784e-02,0.000000e+00,0.000000e+00,178,4.882812e-04,0,0,0
3804,15,50493,1.554377e-05,4.013875e-03,1.186372e-02,0.000000e+00,0.000000e+00,160,2.466142e-06,0,0,0
3805,11,50504,1.601360e-06,4.118004e-03,1.088156e-02,0.000000e+00,0.000000e+00,159,4.882812e-04,0,0,0
3806,14,50518,7.314435e-05,4.007245e-03,1.165122e-02,0.000000e+00,0.000000e+00,157,5.775541e-04,0,0,0
3807,14,50532,2.592523e-05,4.217087e-03,1.150482e-02,0.000000e+00,0.000000e+00,163,2.729548e-04,0,0,0
3808,17,50549,1.230708e-06,4.273216e-03,1.357146e-02,0.000000e+00,0.000000e+00,170,7.813983e-05,0,0,0
3809,12,50561,4.657737e-06,3.974783e-03,1.110500e-02,0.000000e+00,0.000000e+00,170,1.907349e-06,0,0,0
3810,13,50574,5.762496e-06,4.118438e-03,1.151240e-02,0.000000e+00,0.000000e+00,168,8.281693e-05,0,0,0
3811,11,50585,7.973212e-06,4.200496e-03,1.026309e-02,0.000000e+00,0.000000e+00,178,4.882812e-04,0,0,0
3812,13,50598,1.470012e-05,4.228343e-03,1.660353e-02,0.000000e+00,0.000000e+00,176,3.543198e-04,0,0,0
3813,11,50609,3.109637e-05,4.334693e-03,1.390104e-02,0.000000e+00,0.000000e+00,152,4.882812e-04,0,0,0
3814,13,50622,2.641696e-05,4.095053e-03,1.242228e-02,0.000000e+00,0.000000e+00,181,4.882812e-04,0,0,0
3815,17,50639,2.155538e-05,4.154289e-03,1.422830e-02,0.000000e+00,0.000000e+00,170,1.882315e-04,0,0,0
3816,14,50653,4.836466e-05,3.975614e-03,1.287975e-02,0.000000e+00,0.000000e+00,165,4.882812e-04,0,0,0
3817,13,50666,1.193523e-06,4.219211e-03,1.196957e-02,0.000000e+00,0.000000e+00,174,2.861023e-06,0,0,0
3818,16,50682,2.848501e-05,3.833184e-03,1.124664e-02,0.000000e+00,0.000000e+00,186,4.882812e-04,0,0,0
3819,12,50694,6.402377e-05,4.049426e-03,1.054809e-02,0.000000e+00,0.000000e+00,157,3.221147e-04,0,0,0
3820,12,50706,1.729684e-04,3.988852e-03,1.187180e-02,0.000000e+00,0.000000e+00,179,4.882812e-04,0,0,0
3821,19,50725,1.591284e-05,4.058649e-03,1.260462e-02,0.000000e+00,0.000000e+00,177,6.898642e-04,0,0,0
3822,12,50737,4.314675e-06,4.084334e-03,1.287975e-02,0.000000e+00,0.000000e+00,170,6.592274e-05,0,0,0
3823,16,50753,1.024642e-04,4.144911e-03,1.472194e-02,0.000000e+00,0.000000e+00,163,4.882812e-04,0,0,0
3824,11,50764,5.931988e-05,4.206096e-03,1.528365e-02,0.000000e+00,0.000000e+00,183,4.882812e-04,0,0,0
3825,15,50779,1.191124e-06,3.850082e-03,1.060691e-02,0.000000e+00,0.000000e+00,178,4.882812e-04,0,0,0
3826,12,50791,7.271252e-05,4.065681e-03,1.172270e-02,0.000000e+00,0.000000e+00,162,4.882812e-04,0,0,0
3827,10,50801,2.257018e-05,4.031497e-03,1.072861e-02,0.000000e+00,0.000000e+00,177,4.882812e-04,0,0,0
3828,12,50813,2.812995e-05,4.160339e-03,1.571689e-02,0.000000e+00,0.000000e+00,178,6.408468e-04,0,0,0
3829,13,50826,1.192359e-04,4.262958e-03,1.378022e-02,0.000000e+00,0.000000e+00,173,3.538430e-04,0,0,0
3830,14,50840,4.967675e-05,4.503150e-03,1.287975e-02,0.000000e+00,0.000000e+00,183,7.300079e-05,0,0,0
3831,16,50856,1.511396e-06,4.051844e-03,1.287975e-02,0.000000e+00,0.000000e+00,183,4.882812e-04,0,0,0
3832,18,50874,1.116993e-05,4.094636e-03,1.287975e-02,0.000000e+00,0.000000e+00,157,1.263618e-05,0,0,0
3833,14,50888,8.181448e-05,3.867544e-03,1.074942e-02,0.000000e+00,0.000000e+00,149,3.825873e-04,0,0,0
3834,15,50903,3.817114e-05,4.064125e-03,1.133232e-02,0.000000e+00,0.000000e+00,160,2.980232e-07,0,0,0
3835,12,50915,3.138185e-05,3.979689e-03,1.273104e-02,0.000000e+00,0.000000e+00,173,2.784282e-05,0,0,0
3836,10,50925,2.587845e-05,4.257376e-03,1.168756e-02,0.000000e+00,0.000000e+00,147,4.882812e-04,0,0,0
3837,22,50947,3.732275e-05,4.165660e-03,1.204817e-02,0.000000e+00,0.000000e+00,177,4.023528e-04,0,0,0
3838,13,50960,4.792804e-05,4.016289e-03,1.204408e-02,0.000000e+00,0.000000e+00,169,4.882812e-04,0,0,0
3839,13,50973,1.876650e-05,4.253854e-03,1.237667e-02,0.000000e+00,0.000000e+00,168,4.882812e-04,0,0,0
HIST {'total_samples': 4445753, 'floor_samples': 50, 'floor_fraction': 1.1246688693681363e-05, 'saturation_depth': 4.6566128730773926e-08, 'boundaries': 3840, 'capped_boundaries': 0, 'unfinished_worlds': 0}
3840,14,50987,2.743676e-05,4.183366e-03,1.111239e-02,0.000000e+00,0.000000e+00,180,4.882812e-04,0,0,0
3841,12,50999,1.169052e-05,4.192277e-03,1.128254e-02,0.000000e+00,0.000000e+00,174,4.882812e-04,0,0,0
3842,13,51012,5.815275e-06,4.323997e-03,1.821789e-02,0.000000e+00,0.000000e+00,179,3.777393e-06,0,0,0
3843,17,51029,7.641502e-05,3.898232e-03,1.119034e-02,0.000000e+00,0.000000e+00,191,2.384186e-07,0,0,0
3844,15,51044,4.881688e-05,4.198652e-03,1.211426e-02,0.000000e+00,0.000000e+00,161,4.882812e-04,0,0,0
3845,12,51056,1.790404e-05,4.223632e-03,1.308263e-02,0.000000e+00,0.000000e+00,188,4.882812e-04,0,0,0
3846,14,51070,1.470012e-05,4.097239e-03,1.306282e-02,0.000000e+00,0.000000e+00,161,5.324893e-04,0,0,0
3847,13,51083,8.128070e-05,4.176517e-03,1.221970e-02,0.000000e+00,0.000000e+00,180,4.143417e-04,0,0,0
3848,17,51100,2.328306e-07,4.143211e-03,1.317690e-02,0.000000e+00,0.000000e+00,170,4.882812e-04,0,1,0
3849,14,51114,2.279089e-06,4.042123e-03,1.088196e-02,0.000000e+00,0.000000e+00,188,4.882812e-04,0,0,0
3850,13,51127,1.386621e-04,4.309739e-03,1.250983e-02,0.000000e+00,0.000000e+00,171,4.882812e-04,0,0,0
3851,11,51138,7.823110e-07,4.215208e-03,1.139308e-02,0.000000e+00,0.000000e+00,183,5.140454e-04,0,1,0
3852,14,51152,9.232666e-05,4.058727e-03,1.570744e-02,0.000000e+00,0.000000e+00,184,3.349595e-05,0,0,0
3853,12,51164,2.441744e-05,4.346361e-03,1.254953e-02,0.000000e+00,0.000000e+00,154,1.012385e-04,0,0,0
3854,17,51181,6.131709e-05,3.941180e-03,1.221915e-02,0.000000e+00,0.000000e+00,186,4.882812e-04,0,0,0
3855,14,51195,5.178929e-05,4.075171e-03,1.197900e-02,0.000000e+00,0.000000e+00,165,4.882812e-04,0,0,0
3856,13,51208,7.642144e-06,4.026234e-03,1.272087e-02,0.000000e+00,0.000000e+00,193,4.882812e-04,0,0,0
3857,12,51220,2.486606e-06,3.964162e-03,1.239642e-02,0.000000e+00,0.000000e+00,175,4.882812e-04,0,0,0
3858,14,51234,9.202840e-05,3.824641e-03,1.110461e-02,0.000000e+00,0.000000e+00,172,4.911423e-05,0,0,0
3859,19,51253,7.192324e-05,3.800380e-03,1.125547e-02,0.000000e+00,0.000000e+00,183,2.881736e-04,0,0,0
3860,12,51265,1.883367e-05,3.874308e-03,1.135992e-02,0.000000e+00,0.000000e+00,168,4.336238e-06,0,0,0
3861,15,51280,4.522671e-05,4.090186e-03,1.119487e-02,0.000000e+00,0.000000e+00,183,1.907349e-06,0,0,0
3862,12,51292,4.918033e-06,4.141849e-03,1.068531e-02,0.000000e+00,0.000000e+00,176,2.538972e-04,0,0,0
3863,13,51305,6.609131e-05,4.080614e-03,1.204230e-02,0.000000e+00,0.000000e+00,173,4.882812e-04,0,0,0
3864,14,51319,6.312970e-05,4.231617e-03,1.223922e-02,0.000000e+00,0.000000e+00,161,4.882812e-04,0,0,0
3865,12,51331,8.842864e-06,3.902755e-03,1.061789e-02,0.000000e+00,0.000000e+00,178,4.882812e-04,0,0,0
3866,13,51344,5.449634e-05,4.090098e-03,1.173533e-02,0.000000e+00,0.000000e+00,173,4.882812e-04,0,0,0
3867,11,51355,8.664136e-06,4.261461e-03,1.312431e-02,0.000000e+00,0.000000e+00,165,5.267859e-04,0,0,0
3868,15,51370,3.841584e-05,4.179403e-03,1.491018e-02,0.000000e+00,0.000000e+00,176,1.182258e-04,0,0,0
3869,12,51382,4.934827e-06,4.192234e-03,1.161732e-02,0.000000e+00,0.000000e+00,177,2.716482e-05,0,0,0
3870,14,51396,4.248701e-06,4.281765e-03,1.683832e-02,0.000000e+00,0.000000e+00,158,4.882812e-04,0,0,0
3871,15,51411,6.056738e-05,4.302944e-03,1.089000e-02,0.000000e+00,0.000000e+00,165,2.749562e-04,0,0,0
3872,11,51422,9.424871e-05,4.113694e-03,1.264760e-02,0.000000e+00,0.000000e+00,176,3.746450e-04,0,0,0
3873,21,51443,2.401881e-05,4.111858e-03,1.119759e-02,0.000000e+00,0.000000e+00,170,3.578365e-04,0,0,0
3874,15,51458,1.777689e-06,3.991866e-03,1.096810e-02,0.000000e+00,0.000000e+00,167,3.539957e-05,0,0,0
3875,13,51471,5.186246e-05,4.248333e-03,1.059792e-02,0.000000e+00,0.000000e+00,161,2.169646e-04,0,0,0
3876,17,51488,3.092963e-05,4.139170e-03,1.215334e-02,0.000000e+00,0.000000e+00,166,4.882812e-04,0,0,0
3877,13,51501,1.673331e-06,3.979639e-03,1.147493e-02,0.000000e+00,0.000000e+00,174,1.937347e-04,0,0,0
3878,13,51514,4.816794e-05,4.119769e-03,1.098470e-02,0.000000e+00,0.000000e+00,169,7.627532e-04,0,0,0
3879,11,51525,8.469934e-05,4.044457e-03,1.093130e-02,0.000000e+00,0.000000e+00,175,3.418699e-04,0,0,0
3880,15,51540,2.309680e-06,4.211353e-03,1.247252e-02,0.000000e+00,0.000000e+00,162,4.882812e-04,0,0,0
3881,14,51554,2.311403e-04,4.428575e-03,1.111006e-02,0.000000e+00,0.000000e+00,155,1.724437e-05,0,0,0
3882,14,51568,1.759456e-05,4.002775e-03,1.089000e-02,0.000000e+00,0.000000e+00,193,4.882812e-04,0,0,0
3883,11,51579,5.161536e-05,4.064900e-03,1.294910e-02,0.000000e+00,0.000000e+00,162,2.670288e-05,0,0,0
3884,13,51592,5.781208e-05,4.021248e-03,1.350468e-02,0.000000e+00,0.000000e+00,181,1.405180e-05,0,0,0
3885,14,51606,1.379661e-04,4.144344e-03,1.271626e-02,0.000000e+00,0.000000e+00,183,4.882812e-04,0,0,0
3886,17,51623,4.418193e-05,4.147094e-03,1.448826e-02,0.000000e+00,0.000000e+00,156,4.882812e-04,0,0,0
3887,15,51638,3.133627e-05,4.012199e-03,1.258495e-02,0.000000e+00,0.000000e+00,157,1.506805e-04,0,0,0
HIST {'total_samples': 4502156, 'floor_samples': 52, 'floor_fraction': 1.155002181177196e-05, 'saturation_depth': 4.6566128730773926e-08, 'boundaries': 3888, 'capped_boundaries': 0, 'unfinished_worlds': 0}
3888,15,51653,7.677769e-05,4.149883e-03,1.100401e-02,0.000000e+00,0.000000e+00,148,4.882812e-04,0,0,0
3889,13,51666,6.054939e-05,4.199691e-03,1.104786e-02,0.000000e+00,0.000000e+00,165,4.243106e-06,0,0,0
3890,15,51681,4.138105e-05,4.038656e-03,1.207771e-02,0.000000e+00,0.000000e+00,169,4.882812e-04,0,0,0
3891,11,51692,4.999601e-06,4.106196e-03,1.159953e-02,0.000000e+00,0.000000e+00,157,4.882812e-04,0,0,0
3892,12,51704,4.804559e-05,4.144727e-03,1.244241e-02,0.000000e+00,0.000000e+00,153,4.882812e-04,0,0,0
3893,11,51715,2.171252e-05,4.154073e-03,1.200355e-02,0.000000e+00,0.000000e+00,155,4.882812e-04,0,0,0
3894,15,51730,2.433227e-05,4.333334e-03,1.309675e-02,0.000000e+00,0.000000e+00,165,4.882812e-04,0,0,0
3895,12,51742,5.148821e-05,4.239712e-03,1.326553e-02,0.000000e+00,0.000000e+00,174,4.882812e-04,0,0,0
3896,16,51758,4.798561e-05,4.346821e-03,1.268370e-02,0.000000e+00,0.000000e+00,154,5.711503e-04,0,0,0
3897,13,51771,1.118673e-05,4.118176e-03,1.269103e-02,0.000000e+00,0.000000e+00,158,2.896190e-04,0,0,0
3898,14,51785,5.002000e-06,4.396580e-03,1.199770e-02,0.000000e+00,0.000000e+00,156,2.413988e-06,0,0,0
3899,10,51795,1.440756e-05,4.296260e-03,1.151418e-02,0.000000e+00,0.000000e+00,184,5.221367e-05,0,0,0
3900,11,51806,2.553221e-05,4.303512e-03,1.261756e-02,0.000000e+00,0.000000e+00,170,8.162856e-05,0,0,0
3901,20,51826,2.220312e-06,4.272801e-03,1.287975e-02,0.000000e+00,0.000000e+00,169,1.661479e-06,0,0,0
3902,15,51841,6.074851e-05,4.411003e-03,1.387985e-02,0.000000e+00,0.000000e+00,176,4.986860e-05,0,0,0
3903,15,51856,3.088525e-05,4.297822e-03,1.449049e-02,0.000000e+00,0.000000e+00,184,4.236698e-04,0,0,0
3904,15,51871,1.226606e-04,4.299716e-03,1.227820e-02,0.000000e+00,0.000000e+00,163,4.882812e-04,0,0,0
3905,12,51883,6.126240e-05,4.012147e-03,1.211688e-02,0.000000e+00,0.000000e+00,173,6.717909e-05,0,0,0
3906,15,51898,2.472931e-05,4.271263e-03,1.322273e-02,0.000000e+00,0.000000e+00,157,1.438856e-04,0,0,0
3907,14,51912,3.777290e-05,4.065815e-03,1.032397e-02,0.000000e+00,0.000000e+00,193,2.252609e-04,0,0,0
3908,13,51925,8.593363e-06,3.998238e-03,1.418866e-02,0.000000e+00,0.000000e+00,179,4.882812e-04,0,0,0
3909,13,51938,1.067761e-05,4.133780e-03,1.080024e-02,0.000000e+00,0.000000e+00,153,1.653954e-04,0,0,0
3910,13,51951,4.453099e-05,4.173879e-03,1.224625e-02,0.000000e+00,0.000000e+00,168,4.882812e-04,0,0,0
3911,12,51963,2.228655e-05,4.170300e-03,1.287975e-02,0.000000e+00,0.000000e+00,181,4.882812e-04,0,0,0
3912,11,51974,1.005174e-04,4.564134e-03,1.232363e-02,0.000000e+00,0.000000e+00,151,4.882812e-04,0,0,0
3913,12,51986,1.464854e-05,4.229112e-03,1.237579e-02,0.000000e+00,0.000000e+00,181,5.505830e-04,0,0,0
3914,12,51998,1.078937e-05,4.161575e-03,1.232350e-02,0.000000e+00,0.000000e+00,165,4.882812e-04,0,0,0
3915,11,52009,1.877009e-05,4.310072e-03,2.122153e-02,0.000000e+00,0.000000e+00,169,4.882812e-04,0,0,0
3916,14,52023,1.221112e-06,4.481895e-03,1.287975e-02,0.000000e+00,0.000000e+00,164,4.882812e-04,0,0,0
3917,12,52035,9.769574e-06,4.600726e-03,1.287975e-02,0.000000e+00,0.000000e+00,161,4.008263e-04,0,0,0
3918,15,52050,3.374851e-05,4.092258e-03,1.318238e-02,0.000000e+00,0.000000e+00,176,2.217293e-05,0,0,0
3919,15,52065,3.483887e-05,4.414084e-03,1.100801e-02,0.000000e+00,0.000000e+00,161,4.882812e-04,0,0,0
3920,15,52080,4.343583e-05,3.953947e-03,1.379009e-02,0.000000e+00,0.000000e+00,181,4.882812e-04,0,0,0
3921,13,52093,3.891066e-05,4.108062e-03,1.136923e-02,0.000000e+00,0.000000e+00,165,4.882812e-04,0,0,0
3922,20,52113,1.294222e-04,4.237671e-03,1.657042e-02,0.000000e+00,0.000000e+00,169,4.919767e-04,0,0,0
3923,11,52124,9.981448e-05,3.874381e-03,1.255523e-02,0.000000e+00,0.000000e+00,180,3.330410e-06,0,0,0
3924,12,52136,8.475035e-07,4.092783e-03,1.488157e-02,0.000000e+00,0.000000e+00,153,4.882812e-04,0,1,0
3925,15,52151,2.104678e-05,4.109813e-03,1.283246e-02,0.000000e+00,0.000000e+00,151,4.333258e-05,0,0,0
3926,13,52164,6.584451e-05,4.378679e-03,1.522236e-02,0.000000e+00,0.000000e+00,146,4.882812e-04,0,0,0
3927,11,52175,5.707797e-05,4.235848e-03,1.287975e-02,0.000000e+00,0.000000e+00,167,4.882812e-04,0,0,0
3928,15,52190,1.030340e-04,4.244378e-03,1.287975e-02,0.000000e+00,0.000000e+00,180,4.882812e-04,0,0,0
3929,11,52201,2.306420e-05,4.385161e-03,1.287975e-02,0.000000e+00,0.000000e+00,176,4.882812e-04,0,0,0
3930,19,52220,4.482607e-06,4.157674e-03,1.276614e-02,0.000000e+00,0.000000e+00,178,2.607703e-05,0,0,0
3931,17,52237,9.704120e-07,3.981931e-03,1.282106e-02,0.000000e+00,0.000000e+00,182,4.882812e-04,0,1,0
3932,13,52250,1.730428e-05,4.182423e-03,1.193082e-02,0.000000e+00,0.000000e+00,158,4.882812e-04,0,0,0
3933,13,52263,1.851100e-05,4.121296e-03,1.067283e-02,0.000000e+00,0.000000e+00,176,4.882812e-04,0,0,0
3934,12,52275,6.353020e-05,4.265570e-03,1.119914e-02,0.000000e+00,0.000000e+00,161,9.127688e-04,0,0,0
3935,15,52290,8.749301e-06,3.916996e-03,1.110114e-02,0.000000e+00,0.000000e+00,207,3.268868e-04,0,0,0
HIST {'total_samples': 4557416, 'floor_samples': 54, 'floor_fraction': 1.184881959426131e-05, 'saturation_depth': 4.6566128730773926e-08, 'boundaries': 3936, 'capped_boundaries': 0, 'unfinished_worlds': 0}
3936,15,52305,1.570172e-06,3.861503e-03,1.118746e-02,0.000000e+00,0.000000e+00,177,7.800534e-04,0,0,0
3937,14,52319,1.233107e-06,4.209601e-03,1.067019e-02,0.000000e+00,0.000000e+00,163,1.591742e-04,0,0,0
3938,14,52333,7.763296e-06,4.256676e-03,1.167167e-02,0.000000e+00,0.000000e+00,174,6.045103e-04,0,0,0
3939,10,52343,1.441584e-05,4.010268e-03,1.129286e-02,0.000000e+00,0.000000e+00,181,2.776980e-04,0,0,0
3940,14,52357,2.255663e-05,4.274815e-03,1.384636e-02,0.000000e+00,0.000000e+00,169,1.516193e-05,0,0,0
3941,14,52371,1.512835e-05,4.122152e-03,1.287975e-02,0.000000e+00,0.000000e+00,156,4.882812e-04,0,0,0
3942,14,52385,3.814115e-05,4.179006e-03,1.635767e-02,0.000000e+00,0.000000e+00,156,4.882812e-04,0,0,0
3943,12,52397,4.583367e-06,3.913547e-03,1.089000e-02,0.000000e+00,0.000000e+00,172,4.882812e-04,0,0,0
3944,13,52410,1.094682e-05,4.356144e-03,1.265437e-02,0.000000e+00,0.000000e+00,165,4.882812e-04,0,0,0
3945,14,52424,1.317073e-06,4.047449e-03,1.031345e-02,0.000000e+00,0.000000e+00,175,9.536743e-07,0,0,0
3946,17,52441,2.522953e-05,4.141232e-03,1.012845e-02,0.000000e+00,0.000000e+00,172,2.941489e-05,0,0,0
3947,16,52457,5.997961e-05,4.140194e-03,1.023008e-02,0.000000e+00,0.000000e+00,184,4.882812e-04,0,0,0
3948,13,52470,4.014795e-05,4.241939e-03,1.583518e-02,0.000000e+00,0.000000e+00,162,4.882812e-04,0,0,0
3949,15,52485,3.444063e-05,4.131651e-03,1.105926e-02,0.000000e+00,0.000000e+00,175,6.742477e-04,0,0,0
3950,12,52497,6.334856e-05,4.407377e-03,1.287975e-02,0.000000e+00,0.000000e+00,165,4.882812e-04,0,0,0
3951,10,52507,1.084043e-04,4.240477e-03,1.102262e-02,0.000000e+00,0.000000e+00,166,4.882812e-04,0,0,0
3952,11,52518,1.427718e-05,4.255364e-03,1.174335e-02,0.000000e+00,0.000000e+00,152,4.882812e-04,0,0,0
3953,13,52531,1.488365e-05,4.132728e-03,1.319942e-02,0.000000e+00,0.000000e+00,167,3.850758e-04,0,0,0
3954,13,52544,4.731388e-05,3.925040e-03,1.051735e-02,0.000000e+00,0.000000e+00,154,1.688208e-05,0,0,0
3955,14,52558,7.862856e-06,3.985358e-03,1.043977e-02,0.000000e+00,0.000000e+00,169,7.602200e-05,0,0,0
3956,12,52570,2.369053e-05,4.164589e-03,1.177560e-02,0.000000e+00,0.000000e+00,165,4.882812e-04,0,0,0
3957,11,52581,5.349861e-06,4.037305e-03,1.009984e-02,0.000000e+00,0.000000e+00,169,3.409386e-05,0,0,0
3958,16,52597,1.850740e-05,4.091687e-03,1.118858e-02,0.000000e+00,0.000000e+00,165,2.287030e-04,0,0,0
3959,13,52610,7.782488e-06,4.065758e-03,1.399484e-02,0.000000e+00,0.000000e+00,157,4.392862e-05,0,0,0
3960,14,52624,4.777690e-06,4.059311e-03,1.089000e-02,0.000000e+00,0.000000e+00,175,2.384186e-06,0,0,0
3961,12,52636,7.568974e-06,4.274429e-03,1.233583e-02,0.000000e+00,0.000000e+00,166,5.103648e-06,0,0,0
3962,17,52653,2.439584e-05,4.413725e-03,1.241381e-02,0.000000e+00,0.000000e+00,151,4.882812e-04,0,0,0
3963,12,52665,4.752619e-05,4.233709e-03,1.287975e-02,0.000000e+00,0.000000e+00,188,4.882812e-04,0,0,0
3964,15,52680,2.426561e-05,3.843701e-03,1.026545e-02,0.000000e+00,0.000000e+00,184,1.151860e-05,0,0,0
3965,15,52695,1.332723e-05,3.861329e-03,1.069106e-02,0.000000e+00,0.000000e+00,172,4.882812e-04,0,0,0
3966,11,52706,3.371132e-05,4.454670e-03,1.725038e-02,0.000000e+00,0.000000e+00,147,2.485663e-04,0,0,0
3967,19,52725,2.349980e-05,3.847088e-03,1.119893e-02,0.000000e+00,0.000000e+00,185,5.940795e-04,0,0,0
3968,12,52737,7.495284e-05,4.074574e-03,1.317690e-02,0.000000e+00,0.000000e+00,162,2.264977e-06,0,0,0
3969,12,52749,8.312197e-05,4.049370e-03,1.078608e-02,0.000000e+00,0.000000e+00,175,8.179992e-05,0,0,0
3970,18,52767,5.144743e-06,3.923444e-03,1.449459e-02,0.000000e+00,0.000000e+00,172,4.882812e-04,0,0,0
3971,17,52784,7.972252e-05,4.359897e-03,1.252915e-02,0.000000e+00,0.000000e+00,156,8.167326e-05,0,0,0
3972,12,52796,2.306678e-06,4.249874e-03,1.364445e-02,0.000000e+00,0.000000e+00,171,4.882812e-04,0,0,0
3973,11,52807,4.415434e-06,4.081591e-03,1.162285e-02,0.000000e+00,0.000000e+00,161,4.882812e-04,0,0,0
3974,11,52818,1.445662e-05,3.981951e-03,1.108409e-02,0.000000e+00,0.000000e+00,178,4.882812e-04,0,0,0
3975,18,52836,2.751700e-05,4.014295e-03,1.044271e-02,0.000000e+00,0.000000e+00,168,5.552173e-05,0,0,0
3976,15,52851,1.845342e-05,4.301388e-03,1.102212e-02,0.000000e+00,0.000000e+00,152,1.452863e-07,0,0,0
3977,15,52866,6.026750e-05,4.121138e-03,1.168715e-02,0.000000e+00,0.000000e+00,181,4.323199e-06,0,0,0
3978,18,52884,3.329029e-05,4.199847e-03,1.389337e-02,0.000000e+00,0.000000e+00,154,1.199134e-04,0,0,0
3979,13,52897,1.173466e-06,4.210342e-03,1.301579e-02,0.000000e+00,0.000000e+00,172,2.480072e-04,0,0,0
3980,13,52910,2.567191e-05,3.948228e-03,1.100685e-02,0.000000e+00,0.000000e+00,178,1.173466e-06,0,0,0
3981,12,52922,1.556977e-06,4.028127e-03,1.225472e-02,0.000000e+00,0.000000e+00,153,2.788007e-05,0,0,0
3982,14,52936,3.663335e-05,4.261091e-03,1.117156e-02,0.000000e+00,0.000000e+00,177,1.753308e-04,0,0,0
3983,13,52949,7.257937e-05,4.209567e-03,1.185003e-02,0.000000e+00,0.000000e+00,166,4.882812e-04,0,0,0
HIST {'total_samples': 4613044, 'floor_samples': 54, 'floor_fraction': 1.1705936470582114e-05, 'saturation_depth': 4.6566128730773926e-08, 'boundaries': 3984, 'capped_boundaries': 0, 'unfinished_worlds': 0}
3984,12,52961,4.898841e-06,4.035925e-03,1.255588e-02,0.000000e+00,0.000000e+00,162,1.758188e-04,0,0,0
3985,18,52979,4.085926e-05,3.882057e-03,1.213048e-02,0.000000e+00,0.000000e+00,196,4.882812e-04,0,0,0
3986,13,52992,4.812476e-06,4.072057e-03,1.159592e-02,0.000000e+00,0.000000e+00,160,4.882812e-04,0,0,0
3987,11,53003,3.390324e-05,3.968893e-03,1.283463e-02,0.000000e+00,0.000000e+00,162,4.882812e-04,0,0,0
3988,9,53012,1.490582e-05,4.225333e-03,1.242685e-02,0.000000e+00,0.000000e+00,154,4.882812e-04,0,0,0
3989,14,53026,4.971052e-05,3.982752e-03,1.271088e-02,0.000000e+00,0.000000e+00,160,4.882812e-04,0,0,0
3990,13,53039,3.388285e-05,3.990278e-03,1.204867e-02,0.000000e+00,0.000000e+00,170,4.882812e-04,0,0,0
3991,15,53054,9.736978e-06,3.937704e-03,1.166203e-02,0.000000e+00,0.000000e+00,176,4.882812e-04,0,0,0
3992,18,53072,1.809956e-05,4.153820e-03,1.277331e-02,0.000000e+00,0.000000e+00,156,4.882812e-04,0,0,0
3993,18,53090,1.009840e-04,4.269721e-03,1.197837e-02,0.000000e+00,0.000000e+00,176,2.194773e-04,0,0,0
3994,19,53109,1.381151e-05,4.005932e-03,1.280859e-02,0.000000e+00,0.000000e+00,168,4.882812e-04,0,0,0
3995,12,53121,2.358497e-05,4.232827e-03,1.271702e-02,0.000000e+00,0.000000e+00,171,4.882812e-04,0,0,0
3996,13,53134,1.688205e-05,4.148755e-03,1.496865e-02,0.000000e+00,0.000000e+00,178,4.882812e-04,0,0,0
3997,17,53151,2.106838e-05,4.174427e-03,1.282294e-02,0.000000e+00,0.000000e+00,164,4.882812e-04,0,0,0
3998,20,53171,1.393123e-05,4.089010e-03,1.386242e-02,0.000000e+00,0.000000e+00,181,5.292892e-04,0,0,0
3999,15,53186,1.547392e-05,4.118809e-03,1.252988e-02,0.000000e+00,0.000000e+00,143,8.311123e-05,0,0,0
4000,15,53201,1.112930e-05,4.046278e-03,1.001835e-02,0.000000e+00,0.000000e+00,181,4.375726e-05,0,0,0
4001,12,53213,8.043983e-06,3.979152e-03,1.026363e-02,0.000000e+00,0.000000e+00,170,4.882812e-04,0,0,0
4002,11,53224,1.544982e-06,4.209271e-03,1.222110e-02,0.000000e+00,0.000000e+00,170,4.882812e-04,0,0,0
4003,12,53236,3.631227e-05,4.422830e-03,1.267151e-02,0.000000e+00,0.000000e+00,164,4.882812e-04,0,0,0
4004,15,53251,1.237262e-05,4.299716e-03,1.533075e-02,0.000000e+00,0.000000e+00,182,1.408905e-04,0,0,0
4005,11,53262,1.829988e-05,4.081124e-03,1.057877e-02,0.000000e+00,0.000000e+00,164,4.882812e-04,0,0,0
4006,15,53277,3.011276e-05,4.133032e-03,1.242527e-02,0.000000e+00,0.000000e+00,156,8.047000e-05,0,0,0
4007,13,53290,1.485460e-06,4.209848e-03,1.096716e-02,0.000000e+00,0.000000e+00,169,4.882812e-04,0,0,0
4008,14,53304,1.771692e-05,4.363482e-03,1.449459e-02,0.000000e+00,0.000000e+00,161,6.183088e-04,0,0,0
4009,14,53318,3.321712e-05,4.293758e-03,1.203876e-02,0.000000e+00,0.000000e+00,163,6.868318e-05,0,0,0
4010,11,53329,5.138107e-05,4.330822e-03,1.522318e-02,0.000000e+00,0.000000e+00,162,1.859665e-05,0,0,0
4011,15,53344,2.094722e-05,4.098018e-03,1.192621e-02,0.000000e+00,0.000000e+00,160,4.882812e-04,0,0,0
4012,13,53357,5.329469e-06,4.539695e-03,1.294800e-02,0.000000e+00,0.000000e+00,147,4.882812e-04,0,0,0
4013,11,53368,1.301989e-05,4.045872e-03,1.258432e-02,0.000000e+00,0.000000e+00,184,4.882812e-04,0,0,0
4014,13,53381,1.290813e-05,4.229625e-03,1.191969e-02,0.000000e+00,0.000000e+00,147,1.812726e-05,0,0,0
4015,11,53392,8.174491e-05,4.216096e-03,1.095037e-02,0.000000e+00,0.000000e+00,172,4.882812e-04,0,0,0
4016,14,53406,2.660536e-05,4.441923e-03,1.566323e-02,0.000000e+00,0.000000e+00,172,1.939535e-04,0,0,0
4017,16,53422,1.341105e-05,3.884156e-03,1.317690e-02,0.000000e+00,0.000000e+00,189,7.518902e-04,0,0,0
4018,13,53435,1.761855e-05,4.239663e-03,1.359662e-02,0.000000e+00,0.000000e+00,172,5.364418e-06,0,0,0
4019,14,53449,3.692694e-05,4.259566e-03,1.356023e-02,0.000000e+00,0.000000e+00,170,4.882812e-04,0,0,0
4020,14,53463,1.401640e-05,4.166955e-03,1.301269e-02,0.000000e+00,0.000000e+00,151,2.685189e-04,0,0,0
4021,14,53477,1.412339e-04,4.244651e-03,1.149841e-02,0.000000e+00,0.000000e+00,167,4.882812e-04,0,0,0
4022,16,53493,5.856538e-05,4.348109e-03,1.287975e-02,0.000000e+00,0.000000e+00,186,4.882812e-04,0,0,0
4023,16,53509,6.917394e-05,3.892364e-03,2.105634e-02,0.000000e+00,0.000000e+00,181,4.882812e-04,0,0,0
4024,11,53520,1.358097e-05,4.311127e-03,1.130707e-02,0.000000e+00,0.000000e+00,152,7.289648e-05,0,0,0
4025,14,53534,3.264735e-05,4.051303e-03,1.207317e-02,0.000000e+00,0.000000e+00,176,4.882812e-04,0,0,0
4026,15,53549,4.975131e-05,4.269707e-03,1.338378e-02,0.000000e+00,0.000000e+00,146,7.306784e-05,0,0,0
4027,13,53562,3.566965e-05,3.942910e-03,1.096443e-02,0.000000e+00,0.000000e+00,206,5.017519e-04,0,0,0
4028,27,53589,2.399161e-05,3.850455e-03,1.365176e-02,0.000000e+00,0.000000e+00,160,4.882812e-04,0,0,0
4029,12,53601,6.554779e-05,4.289169e-03,1.287975e-02,0.000000e+00,0.000000e+00,183,4.882812e-04,0,0,0
4030,18,53619,3.309956e-05,4.081282e-03,1.248516e-02,0.000000e+00,0.000000e+00,181,1.952052e-05,0,0,0
4031,14,53633,3.090084e-05,4.141448e-03,1.262727e-02,0.000000e+00,0.000000e+00,178,7.510185e-06,0,0,0
HIST {'total_samples': 4668684, 'floor_samples': 54, 'floor_fraction': 1.156642856959263e-05, 'saturation_depth': 4.6566128730773926e-08, 'boundaries': 4032, 'capped_boundaries': 0, 'unfinished_worlds': 0}
4032,14,53647,1.059177e-05,4.144025e-03,1.230016e-02,0.000000e+00,0.000000e+00,164,1.606699e-04,0,0,0
4033,13,53660,3.437512e-05,4.329608e-03,1.258522e-02,0.000000e+00,0.000000e+00,164,4.882812e-04,0,0,0
4034,13,53673,4.883008e-05,4.219386e-03,1.287975e-02,0.000000e+00,0.000000e+00,160,2.941489e-05,0,0,0
4035,14,53687,2.328269e-06,4.327813e-03,1.287975e-02,0.000000e+00,0.000000e+00,158,2.775341e-06,0,0,0
4036,12,53699,9.023272e-05,4.246122e-03,1.000000e-02,0.000000e+00,0.000000e+00,184,4.882812e-04,0,0,0
4037,16,53715,1.102239e-05,4.274331e-03,1.375903e-02,0.000000e+00,0.000000e+00,173,4.882812e-04,0,0,0
4038,13,53728,5.895882e-05,4.163778e-03,1.287975e-02,0.000000e+00,0.000000e+00,197,4.882812e-04,0,0,0
4039,14,53742,4.215595e-05,3.941238e-03,1.265282e-02,0.000000e+00,0.000000e+00,181,4.882812e-04,0,0,0
4040,16,53758,5.791045e-05,4.591649e-03,1.187193e-02,0.000000e+00,0.000000e+00,126,4.899576e-04,0,0,0
4041,17,53775,1.406078e-05,4.091790e-03,1.149800e-02,0.000000e+00,0.000000e+00,193,4.882812e-04,0,0,0
4042,13,53788,8.173532e-06,4.192899e-03,1.072987e-02,0.000000e+00,0.000000e+00,156,4.882812e-04,0,0,0
4043,12,53800,8.076850e-05,4.141884e-03,1.024661e-02,0.000000e+00,0.000000e+00,159,4.571676e-05,0,0,0
4044,15,53815,4.679329e-06,4.105454e-03,1.277343e-02,0.000000e+00,0.000000e+00,172,1.610070e-05,0,0,0
4045,16,53831,7.868854e-06,4.421374e-03,1.043376e-02,0.000000e+00,0.000000e+00,183,7.507205e-04,0,0,0
4046,12,53843,1.160176e-05,4.079813e-03,1.181635e-02,0.000000e+00,0.000000e+00,170,4.882812e-04,0,0,0
4047,14,53857,2.751460e-05,4.353288e-03,1.156395e-02,0.000000e+00,0.000000e+00,173,2.670288e-05,0,0,0
4048,13,53870,3.573731e-05,4.155914e-03,1.178599e-02,0.000000e+00,0.000000e+00,170,4.882812e-04,0,0,0
4049,14,53884,2.397481e-05,4.157367e-03,1.199023e-02,0.000000e+00,0.000000e+00,174,4.882812e-04,0,0,0
4050,11,53895,1.815714e-05,4.225729e-03,1.260235e-02,0.000000e+00,0.000000e+00,154,4.882812e-04,0,0,0
4051,10,53905,5.611116e-05,4.201309e-03,1.310091e-02,0.000000e+00,0.000000e+00,163,4.882812e-04,0,0,0
4052,12,53917,1.037585e-05,4.065397e-03,1.599217e-02,0.000000e+00,0.000000e+00,178,4.991144e-05,0,0,0
4053,12,53929,4.248581e-05,4.095803e-03,1.395870e-02,0.000000e+00,0.000000e+00,160,9.851279e-04,0,0,0
4054,15,53944,7.330269e-06,4.335664e-03,1.287975e-02,0.000000e+00,0.000000e+00,149,5.817658e-05,0,0,0
4055,14,53958,9.017154e-05,4.011977e-03,1.515304e-02,0.000000e+00,0.000000e+00,170,4.882812e-04,0,0,0
4056,12,53970,2.072411e-05,4.298454e-03,1.377474e-02,0.000000e+00,0.000000e+00,151,5.960464e-07,0,0,0
4057,13,53983,2.624001e-05,4.181664e-03,1.105227e-02,0.000000e+00,0.000000e+00,173,4.882812e-04,0,0,0
4058,18,54001,2.745822e-05,4.201991e-03,1.184974e-02,0.000000e+00,0.000000e+00,175,4.882812e-04,0,0,0
4059,19,54020,1.076090e-05,4.070918e-03,1.214716e-02,0.000000e+00,0.000000e+00,189,4.882812e-04,0,0,0
4060,16,54036,1.139784e-05,3.987585e-03,1.147941e-02,0.000000e+00,0.000000e+00,162,4.882812e-04,0,0,0
4061,13,54049,5.072448e-05,3.938112e-03,1.076365e-02,0.000000e+00,0.000000e+00,176,4.882812e-04,0,0,0
4062,13,54062,1.404758e-05,4.307720e-03,1.269307e-02,0.000000e+00,0.000000e+00,182,4.882812e-04,0,0,0
4063,12,54074,8.580168e-06,4.063162e-03,1.210838e-02,0.000000e+00,0.000000e+00,174,2.242737e-04,0,0,0
4064,13,54087,1.466833e-04,4.190928e-03,1.425506e-02,0.000000e+00,0.000000e+00,168,1.836270e-04,0,0,0
4065,12,54099,1.206981e-04,4.141794e-03,1.505906e-02,0.000000e+00,0.000000e+00,175,2.134256e-04,0,0,0
4066,13,54112,1.145782e-05,3.916827e-03,1.287427e-02,0.000000e+00,0.000000e+00,169,1.792610e-05,0,0,0
4067,12,54124,1.026118e-04,4.230304e-03,1.062100e-02,0.000000e+00,0.000000e+00,153,4.882812e-04,0,0,0
4068,9,54133,1.752391e-04,4.494731e-03,1.465443e-02,0.000000e+00,0.000000e+00,147,4.882812e-04,0,0,0
4069,10,54143,1.016282e-04,4.045084e-03,1.203476e-02,0.000000e+00,0.000000e+00,182,5.491227e-04,0,0,0
4070,11,54154,4.591764e-06,4.309922e-03,1.740301e-02,0.000000e+00,0.000000e+00,157,4.882812e-04,0,0,0
4071,13,54167,8.402641e-06,4.089946e-03,1.449459e-02,0.000000e+00,0.000000e+00,180,2.644844e-04,0,0,0
4072,15,54182,6.165654e-05,3.769885e-03,1.070537e-02,0.000000e+00,0.000000e+00,167,1.032203e-04,0,0,0
4073,13,54195,4.578569e-06,3.809929e-03,1.000000e-02,0.000000e+00,0.000000e+00,156,4.882812e-04,0,0,0
4074,11,54206,3.856607e-05,4.098262e-03,1.000000e-02,0.000000e+00,0.000000e+00,163,4.882812e-04,0,0,0
4075,15,54221,2.219113e-06,3.858635e-03,1.124265e-02,0.000000e+00,0.000000e+00,199,3.544092e-04,0,0,0
4076,15,54236,8.195123e-06,3.951529e-03,1.040465e-02,0.000000e+00,0.000000e+00,175,1.519918e-06,0,0,0
4077,12,54248,1.172051e-04,3.968777e-03,1.165216e-02,0.000000e+00,0.000000e+00,183,6.625541e-04,0,0,0
4078,15,54263,4.313475e-06,3.932547e-03,1.250238e-02,0.000000e+00,0.000000e+00,183,3.254251e-05,0,0,0
4079,18,54281,8.038706e-05,3.701072e-03,1.336041e-02,0.000000e+00,0.000000e+00,193,5.134195e-05,0,0,0
HIST {'total_samples': 4724591, 'floor_samples': 54, 'floor_fraction': 1.1429560781028452e-05, 'saturation_depth': 4.6566128730773926e-08, 'boundaries': 4080, 'capped_boundaries': 0, 'unfinished_worlds': 0}
4080,12,54293,1.660136e-06,4.162343e-03,1.573891e-02,0.000000e+00,0.000000e+00,151,5.031824e-04,0,0,0
4081,14,54307,1.742159e-04,4.090696e-03,1.202857e-02,0.000000e+00,0.000000e+00,172,4.894733e-04,0,0,0
4082,12,54319,1.342263e-05,4.211412e-03,1.266214e-02,0.000000e+00,0.000000e+00,186,4.882812e-04,0,0,0
4083,14,54333,1.061708e-06,3.933072e-03,1.332603e-02,0.000000e+00,0.000000e+00,205,4.882812e-04,0,0,0
4084,17,54350,1.055998e-04,4.086372e-03,1.664964e-02,0.000000e+00,0.000000e+00,189,1.080036e-04,0,0,0
4085,11,54361,2.662456e-05,4.008310e-03,1.139187e-02,0.000000e+00,0.000000e+00,178,4.882812e-04,0,0,0
4086,18,54379,7.120892e-05,3.743318e-03,1.146200e-02,0.000000e+00,0.000000e+00,165,8.925796e-06,0,0,0
4087,141,54520,8.115545e-06,3.005595e-03,1.000000e-02,0.000000e+00,0.000000e+00,149,9.765625e-04,0,0,0
4088,256,54776,2.847984e-06,2.762956e-03,1.448155e-02,0.000000e+00,7.922420e-03,106,9.765625e-04,5,0,5
4089,256,55032,6.141141e-06,2.577462e-03,1.131771e-02,0.000000e+00,9.270916e-03,83,9.765625e-04,9,0,9
4090,256,55288,1.886860e-06,2.682218e-03,1.444516e-02,0.000000e+00,8.427868e-03,101,9.765625e-04,11,0,11
4091,256,55544,2.163462e-06,2.941047e-03,1.118497e-02,0.000000e+00,9.516964e-03,104,9.765625e-04,10,0,10
4092,256,55800,6.727874e-06,2.927968e-03,1.560018e-02,0.000000e+00,9.446153e-03,114,9.765625e-04,15,0,15
4093,256,56056,2.505258e-06,2.605354e-03,1.480158e-02,0.000000e+00,8.277664e-03,113,9.765625e-04,6,0,6
4094,256,56312,6.253831e-06,2.735164e-03,1.090917e-02,0.000000e+00,9.358654e-03,95,9.765625e-04,10,0,10
4095,256,56568,2.535060e-06,2.986345e-03,1.071074e-02,0.000000e+00,8.399019e-03,96,9.765625e-04,11,0,11
4096,256,56824,2.078526e-05,3.370399e-03,1.176776e-02,0.000000e+00,9.351024e-03,105,9.765625e-04,15,0,15
4097,256,57080,2.885237e-06,2.940622e-03,1.305278e-02,0.000000e+00,4.678974e-03,120,9.765625e-04,6,0,6
4098,256,57336,3.113411e-06,2.750020e-03,1.597000e-02,0.000000e+00,9.261379e-03,103,9.765625e-04,9,0,9
4099,256,57592,1.742877e-05,3.099007e-03,1.089000e-02,0.000000e+00,9.202966e-03,91,9.765625e-04,9,0,9
4100,256,57848,6.103888e-06,2.767182e-03,1.183910e-02,0.000000e+00,5.538234e-03,122,9.765625e-04,7,0,7
4101,256,58104,2.484769e-06,2.874363e-03,1.460384e-02,0.000000e+00,8.437404e-03,94,9.765625e-04,7,0,7
4102,256,58360,1.946464e-06,2.919478e-03,1.136857e-02,0.000000e+00,9.363899e-03,96,9.765625e-04,10,0,10
4103,256,58616,8.475035e-07,2.888893e-03,1.199827e-02,0.000000e+00,9.501705e-03,87,9.765625e-04,9,1,9
4104,256,58872,1.490116e-06,3.038326e-03,1.089000e-02,0.000000e+00,8.092174e-03,102,9.765625e-04,10,0,10
4105,256,59128,3.222376e-06,2.886501e-03,1.153933e-02,0.000000e+00,9.618530e-03,103,9.765625e-04,11,0,11
4106,256,59384,5.243346e-06,2.891283e-03,1.150895e-02,0.000000e+00,9.175071e-03,101,9.765625e-04,5,0,5
4107,256,59640,1.825392e-06,2.954778e-03,1.271367e-02,0.000000e+00,8.316288e-03,108,9.765625e-04,11,0,11
4108,256,59896,2.317131e-06,2.806907e-03,1.087110e-02,0.000000e+00,9.532699e-03,91,9.765625e-04,7,0,7
4109,256,60152,1.746230e-06,2.970109e-03,1.190071e-02,0.000000e+00,9.406814e-03,82,9.765625e-04,11,0,11
4110,256,60408,2.738088e-06,2.927436e-03,1.464516e-02,0.000000e+00,9.552965e-03,113,9.765625e-04,7,0,7
4111,256,60664,1.201406e-06,2.806738e-03,1.007209e-02,0.000000e+00,9.299049e-03,107,9.765625e-04,5,0,5
4112,256,60920,6.759539e-06,3.091965e-03,1.095475e-02,0.000000e+00,9.561310e-03,105,9.765625e-04,14,0,14
4113,256,61176,2.944842e-06,3.061510e-03,1.046570e-02,0.000000e+00,8.269558e-03,121,9.765625e-04,9,0,9
4114,256,61432,2.132729e-06,3.008991e-03,1.353301e-02,0.000000e+00,9.246120e-03,114,9.765625e-04,10,0,10
4115,256,61688,1.834705e-06,2.808124e-03,1.374657e-02,0.000000e+00,9.454021e-03,128,9.765625e-04,10,0,10
4116,256,61944,2.505258e-06,2.676838e-03,1.127717e-02,0.000000e+00,9.530315e-03,106,9.765625e-04,4,0,4
4117,256,62200,1.150928e-05,2.854600e-03,1.079382e-02,0.000000e+00,9.358654e-03,98,9.765625e-04,9,0,9
4118,256,62456,2.877787e-06,2.583890e-03,1.212307e-02,0.000000e+00,7.053623e-03,92,9.765625e-04,6,0,6
4119,256,62712,1.197495e-05,3.055058e-03,1.117195e-02,0.000000e+00,9.263286e-03,101,9.765625e-04,14,0,14
4120,256,62968,1.713634e-06,2.819021e-03,1.100363e-02,0.000000e+00,6.934414e-03,108,9.765625e-04,9,0,9
4121,256,63224,1.374632e-06,2.894077e-03,1.068740e-02,0.000000e+00,9.561310e-03,117,9.765625e-04,8,0,8
4122,256,63480,1.618639e-06,3.038473e-03,1.095707e-02,0.000000e+00,9.648094e-03,95,9.765625e-04,14,0,14
4123,256,63736,1.391396e-06,2.851079e-03,1.187830e-02,0.000000e+00,9.585628e-03,104,9.765625e-04,10,0,10
4124,256,63992,3.596768e-06,2.971453e-03,1.190953e-02,0.000000e+00,9.643802e-03,106,9.765625e-04,12,0,12
4125,256,64248,1.948327e-06,2.632966e-03,1.187230e-02,0.000000e+00,9.079227e-03,103,9.765625e-04,5,0,5
4126,256,64504,1.439825e-06,2.793938e-03,1.056714e-02,0.000000e+00,9.501228e-03,102,9.765625e-04,11,0,11
4127,256,64760,2.736226e-06,2.736360e-03,1.316826e-02,0.000000e+00,9.631405e-03,126,9.765625e-04,12,0,12
HIST {'total_samples': 5016430, 'floor_samples': 55, 'floor_fraction': 1.0963972386737182e-05, 'saturation_depth': 4.6566128730773926e-08, 'boundaries': 4128, 'capped_boundaries': 40, 'unfinished_worlds': 373}
4128,256,65016,4.656613e-08,2.679591e-03,1.271367e-02,0.000000e+00,9.299526e-03,97,9.765625e-04,7,1,7
4129,256,65272,8.119270e-06,2.766557e-03,1.219851e-02,0.000000e+00,9.340057e-03,104,9.765625e-04,6,0,6
4130,256,65528,2.849847e-06,2.816705e-03,1.167206e-02,0.000000e+00,7.921467e-03,102,9.765625e-04,5,0,5
4131,256,65784,1.601875e-06,2.864599e-03,1.305271e-02,0.000000e+00,9.270439e-03,110,9.765625e-04,6,0,6
4132,256,66040,2.419576e-06,2.653123e-03,1.242663e-02,0.000000e+00,9.589920e-03,108,9.765625e-04,5,0,5
4133,256,66296,1.752749e-06,2.529307e-03,1.197900e-02,0.000000e+00,9.380588e-03,102,9.765625e-04,9,0,9
4134,256,66552,9.592623e-07,2.756058e-03,1.341369e-02,0.000000e+00,9.551296e-03,97,9.765625e-04,7,1,7
4135,256,66808,1.870096e-06,2.937663e-03,1.250602e-02,0.000000e+00,8.156547e-03,105,9.765625e-04,10,0,10
4136,256,67064,1.668930e-06,2.774230e-03,1.636094e-02,0.000000e+00,9.521255e-03,100,9.765625e-04,7,0,7
4137,256,67320,1.460314e-06,2.812464e-03,1.368454e-02,0.000000e+00,9.572754e-03,120,9.765625e-04,8,0,8
4138,256,67576,1.596287e-06,2.694172e-03,1.223505e-02,0.000000e+00,9.626159e-03,108,9.765625e-04,8,0,8
4139,256,67832,1.506880e-06,2.558126e-03,1.212665e-02,0.000000e+00,9.591350e-03,97,9.765625e-04,6,0,6
4140,256,68088,2.309680e-06,2.884504e-03,1.207623e-02,0.000000e+00,9.614239e-03,92,9.765625e-04,7,0,7
4141,256,68344,2.587214e-06,2.892612e-03,1.031250e-02,0.000000e+00,9.408722e-03,104,9.765625e-04,10,0,10
4142,256,68600,3.324822e-06,3.067374e-03,1.487845e-02,0.000000e+00,9.337673e-03,104,9.765625e-04,10,0,10
4143,256,68856,2.002344e-07,2.792513e-03,1.058753e-02,0.000000e+00,9.148845e-03,114,9.765625e-04,11,2,11
4144,256,69112,3.382564e-06,2.982663e-03,1.395963e-02,0.000000e+00,8.407125e-03,111,9.765625e-04,8,0,8
4145,256,69368,2.002344e-07,2.846231e-03,1.606011e-02,0.000000e+00,9.134063e-03,97,9.765625e-04,7,1,7
4146,256,69624,2.726912e-06,2.581834e-03,1.241557e-02,0.000000e+00,9.158382e-03,101,9.765625e-04,10,0,10
4147,256,69880,1.320615e-06,2.693121e-03,1.099365e-02,0.000000e+00,9.301910e-03,91,9.765625e-04,9,0,9
4148,256,70136,1.320615e-06,3.138460e-03,1.330774e-02,0.000000e+00,9.661922e-03,98,9.765625e-04,9,0,9
4149,256,70392,7.098541e-06,2.902247e-03,1.059975e-02,0.000000e+00,9.661922e-03,120,9.765625e-04,14,0,14
4150,256,70648,1.308508e-06,2.549217e-03,1.197900e-02,0.000000e+00,8.182773e-03,89,9.765625e-04,6,0,6
4151,256,70904,2.903864e-06,2.619937e-03,1.092831e-02,0.000000e+00,9.665022e-03,91,9.765625e-04,8,0,8
4152,256,71160,7.729977e-07,2.942785e-03,1.124903e-02,0.000000e+00,9.256611e-03,101,9.765625e-04,9,1,9
4153,256,71416,1.717359e-06,2.957800e-03,1.157351e-02,0.000000e+00,9.230146e-03,98,9.765625e-04,11,0,11
4154,256,71672,1.079496e-05,2.856978e-03,1.252102e-02,0.000000e+00,9.560356e-03,103,9.765625e-04,11,0,11
4155,256,71928,3.257766e-06,2.510199e-03,1.172253e-02,0.000000e+00,7.236490e-03,105,9.765625e-04,8,0,8
4156,256,72184,2.810732e-06,2.426223e-03,1.000000e-02,0.000000e+00,9.166012e-03,76,9.765625e-04,8,0,8
4157,256,72440,1.262873e-06,2.962748e-03,1.225301e-02,0.000000e+00,9.280453e-03,85,9.765625e-04,16,0,16
4158,256,72696,2.291054e-06,2.843777e-03,1.254498e-02,0.000000e+00,9.676704e-03,109,9.765625e-04,9,0,9
4159,256,72952,4.190952e-07,3.141479e-03,1.269213e-02,0.000000e+00,9.413490e-03,113,9.765625e-04,13,1,13
4160,256,73208,1.320615e-06,2.843300e-03,1.290132e-02,0.000000e+00,4.745254e-03,111,9.765625e-04,6,0,6
4161,256,73464,1.576729e-06,2.816076e-03,1.315024e-02,0.000000e+00,9.661922e-03,98,9.765625e-04,7,0,7
4162,256,73720,2.462417e-06,2.853528e-03,1.360914e-02,0.000000e+00,9.596357e-03,92,9.765625e-04,8,0,8
4163,256,73976,5.587935e-07,3.333844e-03,1.082396e-02,0.000000e+00,9.369621e-03,102,9.765625e-04,16,1,16
4164,256,74232,1.898035e-06,3.163918e-03,1.850384e-02,0.000000e+00,9.285698e-03,121,9.765625e-04,8,0,8
4165,256,74488,1.395121e-06,3.079102e-03,1.027902e-02,0.000000e+00,9.514103e-03,97,9.765625e-04,8,0,8
4166,256,74744,1.767650e-06,2.920585e-03,1.156542e-02,0.000000e+00,9.642849e-03,125,9.765625e-04,12,0,12
4167,256,75000,2.235174e-06,2.478974e-03,1.185553e-02,0.000000e+00,9.547481e-03,114,9.765625e-04,7,0,7
4168,256,75256,1.226552e-06,3.065805e-03,1.342686e-02,0.000000e+00,9.427795e-03,91,9.765625e-04,13,0,13
4169,256,75512,2.378598e-06,2.940748e-03,1.210948e-02,0.000000e+00,9.686003e-03,103,9.765625e-04,10,0,10
4170,256,75768,1.395121e-06,2.594727e-03,1.194440e-02,0.000000e+00,9.391079e-03,102,9.765625e-04,10,0,10
4171,256,76024,2.356246e-06,2.623524e-03,1.146182e-02,0.000000e+00,9.642849e-03,87,9.765625e-04,10,0,10
4172,256,76280,8.285977e-06,2.734619e-03,1.244475e-02,0.000000e+00,9.396801e-03,98,9.765625e-04,13,0,13
4173,256,76536,2.251938e-06,2.774158e-03,1.194240e-02,0.000000e+00,7.878790e-03,96,9.765625e-04,7,0,7
4174,256,76792,1.395121e-06,2.700286e-03,1.094873e-02,0.000000e+00,9.423504e-03,107,9.765625e-04,8,0,8
4175,256,77048,6.394461e-06,2.655183e-03,1.179453e-02,0.000000e+00,9.642849e-03,99,9.765625e-04,13,0,13
HIST {'total_samples': 5361108, 'floor_samples': 63, 'floor_fraction': 1.175130215619607e-05, 'saturation_depth': 4.6566128730773926e-08, 'boundaries': 4176, 'capped_boundaries': 88, 'unfinished_worlds': 807}
4176,256,77304,6.053597e-07,2.479464e-03,1.252853e-02,0.000000e+00,8.363018e-03,93,9.765625e-04,10,1,10
4177,256,77560,1.806766e-06,2.645655e-03,1.089000e-02,0.000000e+00,9.453544e-03,90,9.765625e-04,15,0,15
4178,256,77816,2.149493e-06,2.866737e-03,1.393487e-02,0.000000e+00,9.537468e-03,81,9.765625e-04,12,0,12
4179,256,78072,1.320615e-06,2.708255e-03,1.127511e-02,0.000000e+00,9.449730e-03,113,9.765625e-04,6,0,6
4180,256,78328,2.266839e-06,2.977679e-03,1.404650e-02,0.000000e+00,9.661922e-03,100,9.765625e-04,11,0,11
4181,256,78584,6.213784e-06,2.889521e-03,1.089000e-02,0.000000e+00,9.419689e-03,107,9.765625e-04,11,0,11
4182,256,78840,1.730397e-06,2.757710e-03,1.160001e-02,0.000000e+00,8.409271e-03,108,9.765625e-04,7,0,7
4183,256,79096,3.334135e-06,2.764977e-03,1.447820e-02,0.000000e+00,9.557018e-03,91,9.765625e-04,10,0,10
4184,256,79352,1.905486e-06,2.653524e-03,1.454712e-02,0.000000e+00,9.146461e-03,101,9.765625e-04,9,0,9
4185,256,79608,1.314096e-06,2.607419e-03,1.222858e-02,0.000000e+00,9.512195e-03,91,9.765625e-04,11,0,11
4186,256,79864,1.257285e-06,2.603979e-03,1.001352e-02,0.000000e+00,9.663591e-03,86,9.765625e-04,10,0,10
4187,256,80120,6.319955e-06,2.746785e-03,1.261091e-02,0.000000e+00,9.678135e-03,108,9.765625e-04,14,0,14
4188,256,80376,2.305955e-06,2.758677e-03,1.502567e-02,0.000000e+00,8.382091e-03,84,9.765625e-04,9,0,9
4189,256,80632,1.218170e-06,2.791266e-03,1.081019e-02,0.000000e+00,9.409675e-03,97,9.765625e-04,12,0,12
4190,256,80888,1.261011e-06,2.825896e-03,1.087849e-02,0.000000e+00,9.688148e-03,87,9.765625e-04,10,0,10
4191,256,81144,4.041940e-06,2.934237e-03,1.298478e-02,0.000000e+00,9.677181e-03,89,9.765625e-04,13,0,13
4192,256,81400,2.132729e-06,3.124757e-03,1.026486e-02,0.000000e+00,7.932434e-03,96,9.765625e-04,9,0,9
4193,256,81656,2.145767e-06,2.967903e-03,1.303126e-02,0.000000e+00,9.454021e-03,109,9.765625e-04,11,0,11
4194,256,81912,3.028754e-05,3.078125e-03,1.198288e-02,0.000000e+00,9.450683e-03,103,9.765625e-04,11,0,11
4195,256,82168,1.118891e-05,2.822550e-03,1.269486e-02,0.000000e+00,2.246389e-03,108,9.765625e-04,4,0,4
4196,256,82424,1.564622e-06,2.995443e-03,1.167129e-02,0.000000e+00,7.135639e-03,75,9.765625e-04,7,0,7
4197,256,82680,8.847564e-07,2.847365e-03,1.197900e-02,0.000000e+00,9.599457e-03,96,9.765625e-04,6,1,6
4198,256,82936,1.648441e-06,2.889554e-03,1.233022e-02,0.000000e+00,9.695301e-03,102,9.765625e-04,13,0,13
4199,256,83192,2.235174e-07,2.743016e-03,1.452529e-02,0.000000e+00,9.577999e-03,103,9.765625e-04,9,1,9
4200,256,83448,2.670102e-06,3.160757e-03,1.314802e-02,0.000000e+00,9.608993e-03,96,9.765625e-04,10,0,10
4201,256,83704,1.227483e-06,2.931009e-03,1.254201e-02,0.000000e+00,9.316454e-03,120,9.765625e-04,7,0,7
4202,256,83960,2.317131e-06,3.114410e-03,1.401724e-02,0.000000e+00,9.685764e-03,103,9.765625e-04,10,0,10
4203,256,84216,2.305955e-06,2.922800e-03,1.449459e-02,0.000000e+00,9.406814e-03,115,9.765625e-04,8,0,8
4204,256,84472,2.447516e-06,2.688684e-03,1.337379e-02,0.000000e+00,9.409675e-03,96,9.765625e-04,5,0,5
4205,256,84728,1.015142e-06,2.721439e-03,1.240506e-02,0.000000e+00,9.373436e-03,115,9.765625e-04,9,0,9
4206,256,84984,1.801178e-06,2.869721e-03,1.483390e-02,0.000000e+00,9.506473e-03,104,9.765625e-04,11,0,11
4207,256,85240,2.887100e-06,2.930262e-03,1.239521e-02,0.000000e+00,9.538898e-03,101,9.765625e-04,9,0,9
4208,256,85496,1.244247e-06,3.153476e-03,1.326622e-02,0.000000e+00,9.260902e-03,111,9.765625e-04,7,0,7
4209,256,85752,3.471039e-06,2.578248e-03,1.197900e-02,0.000000e+00,9.681473e-03,107,9.765625e-04,3,0,3
4210,256,86008,1.462176e-06,2.844176e-03,1.278392e-02,0.000000e+00,9.111414e-03,80,9.765625e-04,7,0,7
4211,256,86264,2.204813e-05,3.086288e-03,1.088293e-02,0.000000e+00,9.625683e-03,99,9.765625e-04,11,0,11
4212,256,86520,1.182780e-06,2.901626e-03,1.266144e-02,0.000000e+00,4.355678e-03,123,9.765625e-04,6,0,6
4213,256,86776,1.881272e-06,2.783005e-03,1.516354e-02,0.000000e+00,9.697208e-03,95,9.765625e-04,8,0,8
4214,256,87032,1.491979e-06,3.247668e-03,1.147987e-02,0.000000e+00,9.518394e-03,83,9.765625e-04,8,0,8
4215,256,87288,1.722947e-06,2.745250e-03,1.005569e-02,0.000000e+00,9.618053e-03,127,9.765625e-04,7,0,7
4216,256,87544,6.530434e-06,2.957037e-03,1.103167e-02,0.000000e+00,9.558925e-03,104,9.765625e-04,9,0,9
4217,256,87800,1.229346e-06,2.801839e-03,1.323327e-02,0.000000e+00,8.328209e-03,100,9.765625e-04,10,0,10
4218,256,88056,1.588836e-06,2.802838e-03,1.065647e-02,0.000000e+00,9.685287e-03,103,9.765625e-04,12,0,12
4219,256,88312,1.909211e-06,3.000359e-03,1.238766e-02,0.000000e+00,9.593258e-03,101,9.765625e-04,15,0,15
4220,256,88568,2.017803e-05,3.320041e-03,1.281868e-02,0.000000e+00,9.511242e-03,116,9.765625e-04,18,0,18
4221,256,88824,4.628673e-06,2.721271e-03,1.068537e-02,0.000000e+00,4.834423e-03,111,9.765625e-04,3,0,3
4222,256,89080,1.206063e-06,3.048217e-03,1.449459e-02,0.000000e+00,7.094631e-03,96,9.765625e-04,7,0,7
4223,256,89336,2.132729e-06,2.989131e-03,1.035508e-02,0.000000e+00,9.691248e-03,103,9.765625e-04,9,0,9
HIST {'total_samples': 5711526, 'floor_samples': 66, 'floor_fraction': 1.1555580767731776e-05, 'saturation_depth': 4.6566128730773926e-08, 'boundaries': 4224, 'capped_boundaries': 136, 'unfinished_worlds': 1256}
4224,256,89592,1.994893e-06,3.148342e-03,1.332821e-02,0.000000e+00,9.454021e-03,101,9.765625e-04,12,0,12
4225,256,89848,8.847564e-07,2.901499e-03,1.169624e-02,0.000000e+00,9.489307e-03,126,9.765625e-04,11,1,11
4226,256,90104,2.298504e-06,3.076543e-03,1.134925e-02,0.000000e+00,9.404430e-03,92,9.765625e-04,11,0,11
4227,256,90360,1.491979e-06,2.901419e-03,1.211098e-02,0.000000e+00,9.411583e-03,107,9.765625e-04,9,0,9
4228,256,90616,9.220093e-07,3.050980e-03,1.401160e-02,0.000000e+00,9.618053e-03,102,9.765625e-04,7,1,7
4229,256,90872,8.288771e-07,2.925850e-03,1.132505e-02,0.000000e+00,9.206543e-03,115,9.765625e-04,10,1,10
4230,256,91128,2.587214e-06,3.073144e-03,1.145493e-02,0.000000e+00,9.115467e-03,105,9.765625e-04,13,0,13
4231,256,91384,1.506880e-06,2.937771e-03,1.113764e-02,0.000000e+00,9.337673e-03,110,9.765625e-04,6,0,6
4232,256,91640,1.178123e-05,3.242789e-03,1.191539e-02,0.000000e+00,9.614239e-03,90,9.765625e-04,15,0,15
4233,256,91896,1.806766e-06,3.284439e-03,1.184440e-02,0.000000e+00,6.984005e-03,113,9.765625e-04,10,0,10
4234,256,92152,2.758577e-06,2.788215e-03,1.314227e-02,0.000000e+00,9.537468e-03,102,9.765625e-04,3,0,3
4235,256,92408,5.494803e-07,2.978706e-03,1.226825e-02,0.000000e+00,9.293804e-03,92,9.765625e-04,12,1,12
4236,256,92664,1.164153e-06,3.059175e-03,1.223197e-02,0.000000e+00,9.358654e-03,97,9.765625e-04,10,0,10
4237,256,92920,3.493391e-06,2.607703e-03,1.114781e-02,0.000000e+00,8.377800e-03,104,9.765625e-04,9,0,9
4238,256,93176,4.181638e-06,2.985203e-03,1.315858e-02,0.000000e+00,9.105692e-03,91,9.765625e-04,6,0,6
4239,256,93432,1.145341e-05,3.069379e-03,1.666877e-02,0.000000e+00,8.235225e-03,101,9.765625e-04,11,0,11
4240,256,93688,1.464039e-06,2.862512e-03,1.131285e-02,0.000000e+00,7.067928e-03,106,9.765625e-04,6,0,6
4241,256,93944,1.425855e-06,3.119084e-03,1.390806e-02,0.000000e+00,9.625206e-03,111,9.765625e-04,16,0,16
4242,256,94200,3.498048e-06,2.929628e-03,1.079515e-02,0.000000e+00,9.634981e-03,106,9.765625e-04,11,0,11
4243,256,94456,4.004687e-06,3.037936e-03,1.281516e-02,0.000000e+00,9.104500e-03,102,9.765625e-04,12,0,12
4244,256,94712,1.222827e-06,3.161028e-03,1.108058e-02,0.000000e+00,7.093439e-03,123,9.765625e-04,12,0,12
4245,256,94968,2.691522e-06,2.772764e-03,1.331956e-02,0.000000e+00,9.686956e-03,114,9.765625e-04,4,0,4
4246,256,95224,2.775341e-06,3.169389e-03,1.344520e-02,0.000000e+00,9.310970e-03,103,9.765625e-04,13,0,13
4247,256,95480,7.916242e-08,2.811413e-03,1.083570e-02,0.000000e+00,9.289512e-03,119,9.765625e-04,10,1,10
4248,256,95736,1.283363e-06,2.890967e-03,1.251797e-02,0.000000e+00,9.545097e-03,104,9.765625e-04,12,0,12
4249,256,95992,1.946464e-06,2.666630e-03,1.000000e-02,0.000000e+00,9.671459e-03,99,9.765625e-04,9,0,9
4250,256,96248,2.694316e-06,2.872041e-03,1.016407e-02,0.000000e+00,9.501705e-03,101,9.765625e-04,6,0,6
4251,256,96504,1.735054e-06,2.901774e-03,1.122141e-02,0.000000e+00,9.310255e-03,105,9.765625e-04,14,0,14
4252,256,96760,1.618639e-06,2.877061e-03,1.165923e-02,0.000000e+00,9.555826e-03,99,9.765625e-04,10,0,10
4253,256,97016,2.400950e-06,3.055180e-03,1.292596e-02,0.000000e+00,9.585628e-03,109,9.765625e-04,12,0,12
4254,256,97272,1.618639e-06,2.860489e-03,1.492368e-02,0.000000e+00,9.385357e-03,111,9.765625e-04,10,0,10
4255,256,97528,1.713634e-06,2.872926e-03,1.277415e-02,0.000000e+00,9.585628e-03,97,9.765625e-04,7,0,7
4256,256,97784,1.609325e-06,3.002157e-03,1.601562e-02,0.000000e+00,9.561310e-03,84,9.765625e-04,7,0,7
4257,256,98040,6.387010e-06,2.820723e-03,1.220405e-02,0.000000e+00,9.588012e-03,105,9.765625e-04,12,0,12
4258,256,98296,3.948808e-06,2.839828e-03,1.170597e-02,0.000000e+00,8.364925e-03,101,9.765625e-04,11,0,11
4259,256,98552,1.320615e-06,2.763949e-03,1.256214e-02,0.000000e+00,8.422146e-03,115,9.765625e-04,11,0,11
4260,256,98808,7.281080e-06,2.822160e-03,1.393344e-02,0.000000e+00,9.661922e-03,105,9.765625e-04,6,0,6
4261,256,99064,4.041940e-06,3.069315e-03,1.174647e-02,0.000000e+00,8.136043e-03,106,9.765625e-04,13,0,13
4262,256,99320,3.483146e-06,2.683280e-03,1.089000e-02,0.000000e+00,5.872020e-03,119,9.765625e-04,9,0,9
4263,256,99576,3.958121e-07,2.535142e-03,1.000000e-02,0.000000e+00,9.108314e-03,94,9.765625e-04,5,1,5
4264,256,99832,1.480803e-06,2.779978e-03,1.203939e-02,0.000000e+00,9.530792e-03,101,9.765625e-04,12,0,12
4265,256,100088,6.524846e-06,2.896506e-03,1.343647e-02,0.000000e+00,9.620914e-03,94,9.765625e-04,8,0,8
4266,256,100344,1.685694e-06,2.958352e-03,1.245413e-02,0.000000e+00,8.329639e-03,106,9.765625e-04,6,0,6
4267,256,100600,2.138317e-06,2.668216e-03,1.524465e-02,0.000000e+00,9.568462e-03,112,9.765625e-04,5,0,5
4268,256,100856,3.194436e-06,2.955408e-03,1.502990e-02,0.000000e+00,9.452591e-03,86,9.765625e-04,10,0,10
4269,256,101112,6.559305e-06,2.828371e-03,1.216832e-02,0.000000e+00,9.182224e-03,104,9.765625e-04,8,0,8
