boundary,iters,cum_iters,ideal_min,ideal_mean,ideal_max,resid_min,resid_max
0,5,5,5.250340e-03,9.137712e-03,1.089000e-02,0.000000e+00,0.000000e+00
1,3,8,4.770271e-03,8.991282e-03,1.025696e-02,0.000000e+00,0.000000e+00
2,5,13,5.986728e-04,7.617440e-03,9.720834e-03,0.000000e+00,0.000000e+00
3,8,21,3.916956e-04,5.850345e-03,1.009469e-02,0.000000e+00,0.000000e+00
4,6,27,5.316921e-05,5.881911e-03,1.199953e-02,0.000000e+00,0.000000e+00
5,8,35,6.070361e-05,5.951368e-03,1.056951e-02,0.000000e+00,0.000000e+00
6,8,43,1.524948e-04,6.304285e-03,1.053639e-02,0.000000e+00,0.000000e+00
7,8,51,2.115965e-05,5.940405e-03,9.945141e-03,0.000000e+00,0.000000e+00
8,7,58,6.734394e-05,4.728135e-03,8.174256e-03,0.000000e+00,0.000000e+00
9,8,66,1.310371e-05,4.874991e-03,8.766979e-03,0.000000e+00,0.000000e+00
10,7,73,3.827643e-04,4.691943e-03,1.000000e-02,0.000000e+00,0.000000e+00
11,9,82,1.364108e-04,4.641360e-03,9.919781e-03,0.000000e+00,0.000000e+00
12,12,94,8.530915e-06,4.880107e-03,1.128462e-02,0.000000e+00,0.000000e+00
13,8,102,1.164386e-04,4.949561e-03,1.052752e-02,0.000000e+00,0.000000e+00
14,7,109,6.100163e-05,5.218070e-03,1.234769e-02,0.000000e+00,0.000000e+00
15,8,117,1.391862e-05,5.210059e-03,1.103263e-02,0.000000e+00,0.000000e+00
16,9,126,9.217300e-05,5.669799e-03,1.119890e-02,0.000000e+00,0.000000e+00
17,7,133,3.713649e-05,5.817033e-03,1.081784e-02,0.000000e+00,0.000000e+00
18,8,141,1.688628e-04,6.010954e-03,1.182697e-02,0.000000e+00,0.000000e+00
19,8,149,1.621433e-05,5.889134e-03,1.065435e-02,0.000000e+00,0.000000e+00
20,8,157,1.916476e-04,6.357950e-03,1.030069e-02,0.000000e+00,0.000000e+00
21,7,164,8.431729e-05,6.237605e-03,1.279465e-02,0.000000e+00,0.000000e+00
22,9,173,5.643815e-05,6.367243e-03,1.234400e-02,0.000000e+00,0.000000e+00
23,7,180,2.464699e-04,6.539071e-03,1.059755e-02,0.000000e+00,0.000000e+00
24,8,188,1.426879e-04,6.659952e-03,1.187779e-02,0.000000e+00,0.000000e+00
25,8,196,1.237588e-04,6.449997e-03,1.043629e-02,0.000000e+00,0.000000e+00
26,8,204,2.717599e-05,6.740016e-03,1.373659e-02,0.000000e+00,0.000000e+00
27,6,210,5.251355e-04,6.777680e-03,1.394474e-02,0.000000e+00,0.000000e+00
28,6,216,1.274236e-04,7.076126e-03,1.225934e-02,0.000000e+00,0.000000e+00
29,7,223,8.324906e-04,7.189101e-03,1.213927e-02,0.000000e+00,0.000000e+00
30,7,230,5.537085e-04,7.194820e-03,1.205652e-02,0.000000e+00,0.000000e+00
31,8,238,1.225853e-04,7.137728e-03,1.225381e-02,0.000000e+00,0.000000e+00
32,6,244,5.477574e-05,7.212709e-03,1.400296e-02,0.000000e+00,0.000000e+00
33,7,251,1.509674e-05,7.032819e-03,1.373288e-02,0.000000e+00,0.000000e+00
34,7,258,2.852315e-04,7.386833e-03,1.326010e-02,0.000000e+00,0.000000e+00
35,6,264,1.105336e-03,7.111490e-03,1.257427e-02,0.000000e+00,0.000000e+00
36,7,271,1.583109e-04,7.672570e-03,1.394534e-02,0.000000e+00,0.000000e+00
37,6,277,7.368857e-04,7.350719e-03,1.054820e-02,0.000000e+00,0.000000e+00
38,7,284,3.360119e-04,7.424127e-03,1.348566e-02,0.000000e+00,0.000000e+00
39,8,292,5.656853e-04,7.203165e-03,1.104621e-02,0.000000e+00,0.000000e+00
40,6,298,1.476426e-03,7.918535e-03,1.302877e-02,0.000000e+00,0.000000e+00
41,7,305,1.643412e-04,7.444161e-03,1.358854e-02,0.000000e+00,0.000000e+00
42,7,312,2.529938e-05,7.786430e-03,1.472558e-02,0.000000e+00,0.000000e+00
43,7,319,7.535098e-04,7.472529e-03,1.307245e-02,0.000000e+00,0.000000e+00
44,5,324,7.525086e-05,7.877667e-03,1.366417e-02,0.000000e+00,0.000000e+00
45,9,333,3.660889e-04,7.434478e-03,1.143888e-02,0.000000e+00,0.000000e+00
46,8,341,4.481291e-04,7.818714e-03,1.474521e-02,0.000000e+00,0.000000e+00
47,8,349,7.680105e-04,7.602980e-03,1.163362e-02,0.000000e+00,0.000000e+00
HIST {'total_samples': 35686, 'floor_samples': 0, 'floor_fraction': 0.0, 'saturation_depth': 0.0, 'boundaries': 48, 'capped_boundaries': 0, 'unfinished_worlds': 0}
48,8,357,2.818462e-04,7.661680e-03,1.288301e-02,0.000000e+00,0.000000e+00
49,8,365,4.383083e-04,7.357705e-03,1.197333e-02,0.000000e+00,0.000000e+00
50,13,378,1.180032e-04,7.559299e-03,1.216612e-02,0.000000e+00,0.000000e+00
51,9,387,7.786229e-04,7.098675e-03,1.191355e-02,0.000000e+00,0.000000e+00
52,15,402,4.842598e-04,7.443464e-03,1.496385e-02,0.000000e+00,0.000000e+00
53,12,414,7.938594e-05,7.002368e-03,1.105444e-02,0.000000e+00,0.000000e+00
54,12,426,4.698848e-04,7.169792e-03,1.694632e-02,0.000000e+00,0.000000e+00
55,12,438,3.410969e-05,6.907993e-03,1.446056e-02,0.000000e+00,0.000000e+00
56,12,450,1.519918e-05,7.225453e-03,1.301237e-02,0.000000e+00,0.000000e+00
57,11,461,8.106325e-04,7.005184e-03,1.102412e-02,0.000000e+00,0.000000e+00
58,9,470,7.065944e-05,6.661476e-03,1.221029e-02,0.000000e+00,0.000000e+00
59,12,482,3.119931e-06,6.686435e-03,1.357623e-02,0.000000e+00,0.000000e+00
60,13,495,1.335191e-04,6.786484e-03,1.459163e-02,0.000000e+00,0.000000e+00
61,14,509,2.473406e-04,6.465781e-03,1.313726e-02,0.000000e+00,0.000000e+00
62,14,523,1.341477e-04,6.451511e-03,1.127400e-02,0.000000e+00,0.000000e+00
63,15,538,1.206063e-06,6.241781e-03,1.353211e-02,0.000000e+00,0.000000e+00
64,12,550,5.202414e-04,6.337075e-03,1.429417e-02,0.000000e+00,0.000000e+00
65,13,563,1.157587e-04,6.226026e-03,1.231109e-02,0.000000e+00,0.000000e+00
66,12,575,2.296176e-05,6.355228e-03,1.293667e-02,0.000000e+00,0.000000e+00
67,18,593,2.402347e-05,6.253552e-03,1.401138e-02,0.000000e+00,0.000000e+00
68,14,607,3.517978e-04,6.509708e-03,1.265990e-02,0.000000e+00,0.000000e+00
69,12,619,4.283525e-04,6.079647e-03,1.297996e-02,0.000000e+00,0.000000e+00
70,12,631,3.518909e-04,6.308079e-03,1.630090e-02,0.000000e+00,0.000000e+00
71,12,643,1.440197e-04,5.852429e-03,1.223192e-02,0.000000e+00,0.000000e+00
72,13,656,1.798850e-05,6.397173e-03,1.571029e-02,0.000000e+00,0.000000e+00
73,13,669,3.510155e-05,5.945478e-03,1.817925e-02,0.000000e+00,0.000000e+00
74,11,680,1.194328e-04,6.080118e-03,1.263697e-02,0.000000e+00,0.000000e+00
75,12,692,1.484528e-04,5.746080e-03,1.443042e-02,0.000000e+00,0.000000e+00
76,14,706,2.747867e-05,5.985384e-03,1.317576e-02,0.000000e+00,0.000000e+00
77,11,717,8.645002e-05,5.643694e-03,1.345870e-02,0.000000e+00,0.000000e+00
78,14,731,1.068367e-04,5.784201e-03,1.244923e-02,0.000000e+00,0.000000e+00
79,15,746,5.111843e-04,5.765258e-03,1.284452e-02,0.000000e+00,0.000000e+00
80,13,759,7.851049e-06,5.846124e-03,1.371366e-02,0.000000e+00,0.000000e+00
81,12,771,1.142127e-04,5.917571e-03,1.292777e-02,0.000000e+00,0.000000e+00
82,12,783,6.345101e-05,6.028458e-03,1.387052e-02,0.000000e+00,0.000000e+00
83,11,794,4.050322e-05,5.549877e-03,1.284716e-02,0.000000e+00,0.000000e+00
84,15,809,5.510636e-05,5.518911e-03,1.380059e-02,0.000000e+00,0.000000e+00
85,15,824,6.684009e-04,5.510838e-03,1.343319e-02,0.000000e+00,0.000000e+00
86,19,843,8.419622e-05,5.877899e-03,1.493824e-02,0.000000e+00,0.000000e+00
87,16,859,5.370006e-05,5.448673e-03,1.286171e-02,0.000000e+00,0.000000e+00
88,18,877,1.310697e-04,5.719202e-03,1.322749e-02,0.000000e+00,0.000000e+00
89,14,891,2.485234e-04,5.239024e-03,1.236598e-02,0.000000e+00,0.000000e+00
90,14,905,5.997717e-06,5.518893e-03,1.369231e-02,0.000000e+00,0.000000e+00
91,13,918,9.062234e-05,5.450296e-03,1.248158e-02,0.000000e+00,0.000000e+00
92,23,941,1.480803e-06,5.445475e-03,1.399489e-02,0.000000e+00,0.000000e+00
93,19,960,1.190370e-04,5.302780e-03,1.183072e-02,0.000000e+00,0.000000e+00
94,12,972,1.983810e-04,5.483422e-03,1.198230e-02,0.000000e+00,0.000000e+00
95,14,986,2.490357e-05,5.404066e-03,1.066541e-02,0.000000e+00,0.000000e+00
HIST {'total_samples': 78025, 'floor_samples': 0, 'floor_fraction': 0.0, 'saturation_depth': 0.0, 'boundaries': 96, 'capped_boundaries': 0, 'unfinished_worlds': 0}
96,13,999,1.769513e-06,5.540165e-03,1.388094e-02,0.000000e+00,0.000000e+00
97,12,1011,2.230518e-06,5.358982e-03,1.353398e-02,0.000000e+00,0.000000e+00
98,11,1022,2.563465e-05,5.767528e-03,1.308862e-02,0.000000e+00,0.000000e+00
99,17,1039,3.353693e-05,5.359941e-03,1.131454e-02,0.000000e+00,0.000000e+00
100,12,1051,3.876910e-04,5.694034e-03,1.565354e-02,0.000000e+00,0.000000e+00
101,15,1066,1.495471e-04,5.427568e-03,1.514492e-02,0.000000e+00,0.000000e+00
102,15,1081,1.618639e-05,5.819247e-03,1.362161e-02,0.000000e+00,0.000000e+00
103,13,1094,5.748542e-04,5.493116e-03,1.327194e-02,0.000000e+00,0.000000e+00
104,19,1113,3.277464e-04,5.579905e-03,1.343310e-02,0.000000e+00,0.000000e+00
105,22,1135,8.945353e-06,5.428494e-03,1.175708e-02,0.000000e+00,0.000000e+00
106,16,1151,2.367841e-04,5.654602e-03,1.520634e-02,0.000000e+00,0.000000e+00
107,13,1164,1.569279e-06,5.365962e-03,1.592498e-02,0.000000e+00,0.000000e+00
108,16,1180,9.363517e-05,5.612600e-03,1.262680e-02,0.000000e+00,0.000000e+00
109,11,1191,2.603978e-05,5.389388e-03,1.123779e-02,0.000000e+00,0.000000e+00
110,13,1204,1.349021e-05,5.599025e-03,1.385382e-02,0.000000e+00,0.000000e+00
111,17,1221,9.949319e-05,5.427613e-03,1.238191e-02,0.000000e+00,0.000000e+00
112,16,1237,8.343253e-05,5.249935e-03,1.497374e-02,0.000000e+00,0.000000e+00
113,14,1251,2.836948e-04,5.171248e-03,1.443484e-02,0.000000e+00,0.000000e+00
114,14,1265,1.227483e-05,5.319875e-03,1.632990e-02,0.000000e+00,0.000000e+00
115,16,1281,1.106877e-04,5.407538e-03,1.266770e-02,0.000000e+00,0.000000e+00
116,14,1295,1.111533e-05,5.404379e-03,1.344684e-02,0.000000e+00,0.000000e+00
117,19,1314,7.796101e-05,4.997138e-03,1.218553e-02,0.000000e+00,0.000000e+00
118,20,1334,7.078052e-06,5.326541e-03,1.108114e-02,0.000000e+00,0.000000e+00
119,14,1348,3.288547e-04,5.257468e-03,1.248301e-02,0.000000e+00,0.000000e+00
120,19,1367,5.116547e-04,5.319787e-03,1.325640e-02,0.000000e+00,0.000000e+00
121,17,1384,1.230789e-04,5.188874e-03,1.301755e-02,0.000000e+00,0.000000e+00
122,14,1398,8.204486e-05,4.929032e-03,1.067476e-02,0.000000e+00,0.000000e+00
123,14,1412,1.632050e-04,5.036219e-03,1.197900e-02,0.000000e+00,0.000000e+00
124,15,1427,3.186055e-04,5.465508e-03,1.337944e-02,0.000000e+00,0.000000e+00
125,13,1440,2.548937e-04,5.210449e-03,1.100427e-02,0.000000e+00,0.000000e+00
126,11,1451,8.079223e-06,5.351716e-03,1.304948e-02,0.000000e+00,0.000000e+00
127,14,1465,8.506700e-05,5.332203e-03,1.274966e-02,0.000000e+00,0.000000e+00
128,13,1478,3.217719e-06,5.641525e-03,1.382813e-02,0.000000e+00,0.000000e+00
129,12,1490,9.974465e-06,5.473789e-03,1.117594e-02,0.000000e+00,0.000000e+00
130,12,1502,1.865206e-04,5.544947e-03,1.344417e-02,0.000000e+00,0.000000e+00
131,14,1516,5.913898e-06,5.637663e-03,1.145859e-02,0.000000e+00,0.000000e+00
132,13,1529,1.070509e-04,5.565125e-03,1.270417e-02,0.000000e+00,0.000000e+00
133,12,1541,6.419607e-05,5.761764e-03,1.208038e-02,0.000000e+00,0.000000e+00
134,12,1553,5.225651e-05,5.421827e-03,1.209818e-02,0.000000e+00,0.000000e+00
135,13,1566,1.654029e-05,5.266820e-03,1.255724e-02,0.000000e+00,0.000000e+00
136,12,1578,4.683156e-05,5.516002e-03,1.186821e-02,0.000000e+00,0.000000e+00
137,14,1592,2.792105e-05,5.389152e-03,1.148167e-02,0.000000e+00,0.000000e+00
138,12,1604,3.423542e-05,5.696137e-03,1.164062e-02,0.000000e+00,0.000000e+00
139,13,1617,4.372559e-06,5.592606e-03,1.177715e-02,0.000000e+00,0.000000e+00
140,11,1628,6.222539e-04,5.664311e-03,1.321676e-02,0.000000e+00,0.000000e+00
141,14,1642,1.151673e-04,5.484105e-03,1.301531e-02,0.000000e+00,0.000000e+00
142,13,1655,8.890405e-05,5.357357e-03,1.088532e-02,0.000000e+00,0.000000e+00
143,17,1672,4.811212e-05,5.239399e-03,1.119030e-02,0.000000e+00,0.000000e+00
HIST {'total_samples': 127989, 'floor_samples': 0, 'floor_fraction': 0.0, 'saturation_depth': 0.0, 'boundaries': 144, 'capped_boundaries': 0, 'unfinished_worlds': 0}
144,14,1686,1.052720e-04,5.209292e-03,1.159113e-02,0.000000e+00,0.000000e+00
145,21,1707,1.763925e-05,5.095511e-03,1.132523e-02,0.000000e+00,0.000000e+00
146,13,1720,3.543217e-05,5.179542e-03,1.243074e-02,0.000000e+00,0.000000e+00
147,16,1736,1.211418e-04,5.259855e-03,1.096449e-02,0.000000e+00,0.000000e+00
148,12,1748,3.410503e-05,5.403596e-03,1.370027e-02,0.000000e+00,0.000000e+00
149,16,1764,3.007241e-05,5.112294e-03,1.633888e-02,0.000000e+00,0.000000e+00
150,14,1778,7.916242e-05,5.134128e-03,1.219636e-02,0.000000e+00,0.000000e+00
151,30,1808,2.655201e-05,5.358601e-03,1.223934e-02,0.000000e+00,0.000000e+00
152,13,1821,1.360802e-04,5.369280e-03,1.231458e-02,0.000000e+00,0.000000e+00
153,14,1835,4.986161e-04,5.383143e-03,1.089000e-02,0.000000e+00,0.000000e+00
154,15,1850,1.378311e-04,5.533904e-03,1.558162e-02,0.000000e+00,0.000000e+00
155,15,1865,7.106923e-05,5.238966e-03,1.551220e-02,0.000000e+00,0.000000e+00
156,15,1880,1.096353e-04,5.376335e-03,1.252654e-02,0.000000e+00,0.000000e+00
157,15,1895,5.217269e-05,5.242843e-03,1.089000e-02,0.000000e+00,0.000000e+00
158,13,1908,2.495944e-06,5.289749e-03,1.357820e-02,0.000000e+00,0.000000e+00
159,12,1920,5.953945e-05,5.371938e-03,1.350230e-02,0.000000e+00,0.000000e+00
160,15,1935,7.543247e-05,5.379369e-03,1.456268e-02,0.000000e+00,0.000000e+00
161,15,1950,2.501532e-05,5.297398e-03,1.174434e-02,0.000000e+00,0.000000e+00
162,11,1961,3.460795e-05,5.334312e-03,1.244015e-02,0.000000e+00,0.000000e+00
163,15,1976,1.829909e-04,5.379656e-03,1.266883e-02,0.000000e+00,0.000000e+00
164,17,1993,1.160894e-05,5.495251e-03,1.234342e-02,0.000000e+00,0.000000e+00
165,15,2008,1.180870e-04,5.403235e-03,1.067641e-02,0.000000e+00,0.000000e+00
166,14,2022,1.245644e-05,5.480831e-03,1.437545e-02,0.000000e+00,0.000000e+00
167,13,2035,2.542557e-04,5.028130e-03,1.269806e-02,0.000000e+00,0.000000e+00
168,13,2048,5.731359e-05,5.445010e-03,1.385905e-02,0.000000e+00,0.000000e+00
169,15,2063,3.217254e-05,5.176306e-03,1.170851e-02,0.000000e+00,0.000000e+00
170,14,2077,1.076236e-04,5.415374e-03,1.089000e-02,0.000000e+00,0.000000e+00
171,13,2090,2.270937e-04,5.194904e-03,1.112355e-02,0.000000e+00,0.000000e+00
172,12,2102,2.300646e-04,5.293285e-03,1.103138e-02,0.000000e+00,0.000000e+00
173,13,2115,4.219823e-05,5.025547e-03,1.245943e-02,0.000000e+00,0.000000e+00
174,13,2128,1.513306e-04,5.437334e-03,1.375163e-02,0.000000e+00,0.000000e+00
175,13,2141,4.077889e-04,5.265879e-03,1.106403e-02,0.000000e+00,0.000000e+00
176,13,2154,2.121925e-04,5.464206e-03,1.298076e-02,0.000000e+00,0.000000e+00
177,12,2166,6.423797e-05,5.132532e-03,1.029187e-02,0.000000e+00,0.000000e+00
178,11,2177,3.430992e-05,5.565981e-03,1.783963e-02,0.000000e+00,0.000000e+00
179,11,2188,1.189997e-04,5.351740e-03,1.555014e-02,0.000000e+00,0.000000e+00
180,10,2198,6.435905e-05,5.418713e-03,1.240650e-02,0.000000e+00,0.000000e+00
181,15,2213,5.524140e-05,5.461070e-03,1.044210e-02,0.000000e+00,0.000000e+00
182,12,2225,2.421159e-04,5.495692e-03,1.321214e-02,0.000000e+00,0.000000e+00
183,14,2239,7.377006e-05,5.095222e-03,1.294489e-02,0.000000e+00,0.000000e+00
184,16,2255,1.410954e-06,5.314166e-03,1.191458e-02,0.000000e+00,0.000000e+00
185,14,2269,9.662006e-05,5.118076e-03,1.062936e-02,0.000000e+00,0.000000e+00
186,13,2282,2.210308e-04,5.470969e-03,1.264807e-02,0.000000e+00,0.000000e+00
187,14,2296,8.358154e-05,5.071246e-03,1.224024e-02,0.000000e+00,0.000000e+00
188,15,2311,8.980744e-05,5.310765e-03,1.308572e-02,0.000000e+00,0.000000e+00
189,14,2325,6.801449e-05,5.130591e-03,1.218311e-02,0.000000e+00,0.000000e+00
190,15,2340,1.091044e-04,5.492668e-03,1.324962e-02,0.000000e+00,0.000000e+00
191,14,2354,2.519088e-04,5.447443e-03,1.057678e-02,0.000000e+00,0.000000e+00
HIST {'total_samples': 179810, 'floor_samples': 0, 'floor_fraction': 0.0, 'saturation_depth': 0.0, 'boundaries': 192, 'capped_boundaries': 0, 'unfinished_worlds': 0}
192,10,2364,1.937617e-05,5.540646e-03,1.152187e-02,0.000000e+00,0.000000e+00
193,22,2386,6.658956e-05,5.477007e-03,1.348783e-02,0.000000e+00,0.000000e+00
194,13,2399,4.590489e-05,5.364133e-03,1.325115e-02,0.000000e+00,0.000000e+00
195,15,2414,3.300142e-05,5.364552e-03,1.520634e-02,0.000000e+00,0.000000e+00
196,14,2428,2.213893e-04,5.475157e-03,1.761732e-02,0.000000e+00,0.000000e+00
197,13,2441,3.413297e-05,5.186135e-03,1.219563e-02,0.000000e+00,0.000000e+00
198,14,2455,6.584916e-05,5.446293e-03,1.449459e-02,0.000000e+00,0.000000e+00
199,13,2468,9.579584e-05,5.270343e-03,1.347611e-02,0.000000e+00,0.000000e+00
200,12,2480,2.264977e-05,5.654922e-03,1.419790e-02,0.000000e+00,0.000000e+00
201,11,2491,2.998859e-06,5.419580e-03,1.356754e-02,0.000000e+00,0.000000e+00
202,11,2502,5.967915e-05,5.553424e-03,1.380181e-02,0.000000e+00,0.000000e+00
203,10,2512,8.385628e-05,5.256798e-03,1.164841e-02,0.000000e+00,0.000000e+00
204,12,2524,1.806719e-04,5.273441e-03,1.619281e-02,0.000000e+00,0.000000e+00
205,11,2535,4.197937e-05,5.407516e-03,1.297957e-02,0.000000e+00,0.000000e+00
206,11,2546,1.996756e-05,5.533967e-03,1.138943e-02,0.000000e+00,0.000000e+00
207,12,2558,6.851740e-05,5.316216e-03,1.166528e-02,0.000000e+00,0.000000e+00
208,15,2573,1.630327e-04,5.521410e-03,1.302258e-02,0.000000e+00,0.000000e+00
209,16,2589,6.791204e-05,4.934406e-03,1.265940e-02,0.000000e+00,0.000000e+00
210,16,2605,1.660548e-05,5.393423e-03,1.293036e-02,0.000000e+00,0.000000e+00
211,14,2619,2.869545e-04,5.220775e-03,1.044445e-02,0.000000e+00,0.000000e+00
212,13,2632,2.562813e-04,4.974994e-03,1.249394e-02,0.000000e+00,0.000000e+00
213,12,2644,2.152706e-04,5.226505e-03,1.089000e-02,0.000000e+00,0.000000e+00
214,11,2655,1.099613e-04,5.152839e-03,1.080155e-02,0.000000e+00,0.000000e+00
215,11,2666,4.097819e-07,5.007649e-03,1.089000e-02,0.000000e+00,0.000000e+00
216,16,2682,6.465707e-05,5.162040e-03,1.281992e-02,0.000000e+00,0.000000e+00
217,13,2695,1.518056e-05,4.991711e-03,1.158716e-02,0.000000e+00,0.000000e+00
218,18,2713,2.313126e-04,5.464519e-03,1.245147e-02,0.000000e+00,0.000000e+00
219,16,2729,1.073768e-04,5.174631e-03,1.111785e-02,0.000000e+00,0.000000e+00
220,10,2739,2.195127e-05,5.187503e-03,1.291292e-02,0.000000e+00,0.000000e+00
221,13,2752,6.824266e-05,5.144472e-03,1.062014e-02,0.000000e+00,0.000000e+00
222,12,2764,8.130446e-05,5.337296e-03,1.183023e-02,0.000000e+00,0.000000e+00
223,16,2780,2.626330e-06,5.134818e-03,1.134732e-02,0.000000e+00,0.000000e+00
224,16,2796,1.238659e-06,5.298934e-03,1.640607e-02,0.000000e+00,0.000000e+00
225,12,2808,3.570504e-04,5.254828e-03,1.242756e-02,0.000000e+00,0.000000e+00
226,13,2821,2.361368e-05,5.400563e-03,1.094248e-02,0.000000e+00,0.000000e+00
227,17,2838,1.408160e-05,5.082575e-03,1.079906e-02,0.000000e+00,0.000000e+00
228,14,2852,1.140218e-04,5.396933e-03,1.514557e-02,0.000000e+00,0.000000e+00
229,14,2866,1.139333e-04,5.008573e-03,1.128531e-02,0.000000e+00,0.000000e+00
230,11,2877,2.847519e-05,5.413293e-03,1.197900e-02,0.000000e+00,0.000000e+00
231,15,2892,5.492009e-05,4.962658e-03,1.447931e-02,0.000000e+00,0.000000e+00
232,14,2906,4.305039e-05,5.233054e-03,1.345724e-02,0.000000e+00,0.000000e+00
233,17,2923,1.520850e-04,5.080517e-03,1.018856e-02,0.000000e+00,0.000000e+00
234,13,2936,8.495525e-05,5.273235e-03,1.154712e-02,0.000000e+00,0.000000e+00
235,14,2950,9.706710e-05,5.096776e-03,1.197900e-02,0.000000e+00,0.000000e+00
236,14,2964,4.368834e-05,5.385390e-03,1.438497e-02,0.000000e+00,0.000000e+00
237,12,2976,2.671033e-05,5.308533e-03,1.362369e-02,0.000000e+00,0.000000e+00
238,12,2988,9.805895e-05,5.203003e-03,1.089000e-02,0.000000e+00,0.000000e+00
239,13,3001,3.713369e-04,5.236240e-03,1.232148e-02,0.000000e+00,0.000000e+00
HIST {'total_samples': 232869, 'floor_samples': 1, 'floor_fraction': 4.29425986284134e-06, 'saturation_depth': 4.0978193283081055e-07, 'boundaries': 240, 'capped_boundaries': 0, 'unfinished_worlds': 0}
240,12,3013,1.064688e-04,5.118496e-03,1.499478e-02,0.000000e+00,0.000000e+00
241,11,3024,2.604257e-04,5.047266e-03,1.329523e-02,0.000000e+00,0.000000e+00
242,14,3038,1.801969e-04,5.402206e-03,1.736147e-02,0.000000e+00,0.000000e+00
243,12,3050,7.207971e-05,5.129807e-03,1.593993e-02,0.000000e+00,0.000000e+00
244,13,3063,4.328322e-05,5.309511e-03,1.416485e-02,0.000000e+00,0.000000e+00
245,12,3075,8.080155e-05,5.316336e-03,1.305462e-02,0.000000e+00,0.000000e+00
246,11,3086,8.631963e-05,5.514345e-03,1.296310e-02,0.000000e+00,0.000000e+00
247,10,3096,7.656403e-05,5.206445e-03,1.285389e-02,0.000000e+00,0.000000e+00
248,11,3107,2.692640e-04,5.553007e-03,1.214578e-02,0.000000e+00,0.000000e+00
249,13,3120,2.088025e-05,5.265224e-03,1.195036e-02,0.000000e+00,0.000000e+00
250,13,3133,2.344418e-04,5.546064e-03,1.330058e-02,0.000000e+00,0.000000e+00
251,11,3144,7.142313e-05,5.151649e-03,1.025170e-02,0.000000e+00,0.000000e+00
252,14,3158,2.068281e-04,5.456458e-03,1.222905e-02,0.000000e+00,0.000000e+00
253,12,3170,1.003500e-04,5.343053e-03,1.314284e-02,0.000000e+00,0.000000e+00
254,13,3183,7.264316e-07,5.498690e-03,1.333325e-02,0.000000e+00,0.000000e+00
255,10,3193,8.241273e-05,5.503143e-03,1.329507e-02,0.000000e+00,0.000000e+00
256,10,3203,2.095336e-04,5.406103e-03,1.449459e-02,0.000000e+00,0.000000e+00
257,12,3215,4.004687e-07,5.336562e-03,1.089000e-02,0.000000e+00,0.000000e+00
258,10,3225,2.161600e-05,5.513757e-03,1.226841e-02,0.000000e+00,0.000000e+00
259,10,3235,1.421710e-04,5.188676e-03,1.301330e-02,0.000000e+00,0.000000e+00
260,14,3249,1.190323e-04,5.382264e-03,1.652511e-02,0.000000e+00,0.000000e+00
261,12,3261,1.497986e-04,5.188595e-03,1.083793e-02,0.000000e+00,0.000000e+00
262,16,3277,1.313025e-04,5.500555e-03,1.292482e-02,0.000000e+00,0.000000e+00
263,13,3290,8.220319e-05,5.452028e-03,1.156071e-02,0.000000e+00,0.000000e+00
264,14,3304,4.677102e-05,5.549181e-03,1.560997e-02,0.000000e+00,0.000000e+00
265,13,3317,3.309920e-05,5.212556e-03,1.058813e-02,0.000000e+00,0.000000e+00
266,12,3329,8.204952e-05,5.502782e-03,1.547051e-02,0.000000e+00,0.000000e+00
267,18,3347,1.011230e-04,5.442366e-03,1.300740e-02,0.000000e+00,0.000000e+00
268,9,3356,2.255198e-04,5.713428e-03,1.768443e-02,0.000000e+00,0.000000e+00
269,12,3368,8.332543e-05,5.444289e-03,1.182837e-02,0.000000e+00,0.000000e+00
270,12,3380,8.275732e-05,5.551586e-03,1.327323e-02,0.000000e+00,0.000000e+00
271,12,3392,4.735310e-05,5.521573e-03,1.351388e-02,0.000000e+00,0.000000e+00
272,14,3406,2.270378e-04,5.686890e-03,1.250581e-02,0.000000e+00,0.000000e+00
273,13,3419,1.611840e-04,5.435137e-03,1.163275e-02,0.000000e+00,0.000000e+00
274,17,3436,2.169982e-06,5.488674e-03,1.145548e-02,0.000000e+00,0.000000e+00
275,14,3450,1.749443e-04,5.120651e-03,1.475157e-02,0.000000e+00,0.000000e+00
276,18,3468,4.414469e-05,5.437450e-03,1.557788e-02,0.000000e+00,0.000000e+00
277,12,3480,3.245659e-05,5.494727e-03,1.384118e-02,0.000000e+00,0.000000e+00
278,13,3493,6.526709e-05,5.562907e-03,1.484424e-02,0.000000e+00,0.000000e+00
279,15,3508,9.402633e-05,5.280729e-03,1.040393e-02,0.000000e+00,0.000000e+00
280,11,3519,1.081824e-04,5.349104e-03,1.258852e-02,0.000000e+00,0.000000e+00
281,11,3530,7.792376e-05,5.174249e-03,1.111538e-02,0.000000e+00,0.000000e+00
282,15,3545,3.254367e-04,5.553034e-03,1.216280e-02,0.000000e+00,0.000000e+00
283,13,3558,3.493484e-04,5.524038e-03,1.066342e-02,0.000000e+00,0.000000e+00
284,14,3572,4.588114e-04,5.533660e-03,1.418673e-02,0.000000e+00,0.000000e+00
285,12,3584,1.160335e-04,5.128363e-03,1.136873e-02,0.000000e+00,0.000000e+00
286,12,3596,3.680121e-05,5.201133e-03,1.340860e-02,0.000000e+00,0.000000e+00
287,12,3608,9.566545e-05,5.075216e-03,1.167026e-02,0.000000e+00,0.000000e+00
HIST {'total_samples': 285369, 'floor_samples': 3, 'floor_fraction': 1.0512704603513346e-05, 'saturation_depth': 4.0046870708465576e-07, 'boundaries': 288, 'capped_boundaries': 0, 'unfinished_worlds': 0}
288,11,3619,3.424473e-05,5.230686e-03,1.405434e-02,0.000000e+00,0.000000e+00
289,12,3631,1.709396e-04,5.126931e-03,1.197900e-02,0.000000e+00,0.000000e+00
290,12,3643,1.853053e-04,5.501614e-03,1.089004e-02,0.000000e+00,0.000000e+00
291,12,3655,7.552095e-05,5.251299e-03,1.248404e-02,0.000000e+00,0.000000e+00
292,12,3667,3.031921e-05,5.425242e-03,1.387376e-02,0.000000e+00,0.000000e+00
293,12,3679,2.595596e-05,5.144306e-03,1.105972e-02,0.000000e+00,0.000000e+00
294,26,3705,2.358109e-05,5.003836e-03,1.029054e-02,0.000000e+00,0.000000e+00
295,19,3724,4.246924e-04,5.315335e-03,1.255647e-02,0.000000e+00,0.000000e+00
296,16,3740,1.904555e-05,5.261412e-03,1.347791e-02,0.000000e+00,0.000000e+00
297,10,3750,1.792563e-04,5.400050e-03,1.287009e-02,0.000000e+00,0.000000e+00
298,13,3763,2.668425e-04,5.322120e-03,1.214532e-02,0.000000e+00,0.000000e+00
299,16,3779,1.206342e-04,5.223987e-03,1.220957e-02,0.000000e+00,0.000000e+00
300,12,3791,2.125418e-04,5.469643e-03,1.711929e-02,0.000000e+00,0.000000e+00
301,11,3802,9.713229e-05,5.475544e-03,1.284296e-02,0.000000e+00,0.000000e+00
302,11,3813,8.253381e-05,5.600867e-03,1.099221e-02,0.000000e+00,0.000000e+00
303,16,3829,8.847564e-07,5.306518e-03,1.488182e-02,0.000000e+00,0.000000e+00
304,13,3842,5.299225e-04,5.882430e-03,1.332895e-02,0.000000e+00,0.000000e+00
305,14,3856,1.618639e-05,5.464171e-03,1.080460e-02,0.000000e+00,0.000000e+00
306,12,3868,2.677552e-05,5.334885e-03,1.228390e-02,0.000000e+00,0.000000e+00
307,12,3880,2.109446e-05,5.254465e-03,1.208582e-02,0.000000e+00,0.000000e+00
308,11,3891,8.768868e-05,5.364984e-03,1.298970e-02,0.000000e+00,0.000000e+00
309,11,3902,5.776528e-05,5.428739e-03,1.180563e-02,0.000000e+00,0.000000e+00
310,14,3916,4.955102e-05,5.167934e-03,1.263114e-02,0.000000e+00,0.000000e+00
311,20,3936,3.681518e-05,5.021419e-03,1.036296e-02,0.000000e+00,0.000000e+00
312,12,3948,6.281771e-05,5.349309e-03,1.289669e-02,0.000000e+00,0.000000e+00
313,18,3966,2.302043e-04,5.259236e-03,1.166274e-02,0.000000e+00,0.000000e+00
314,16,3982,2.153357e-04,5.261680e-03,1.210110e-02,0.000000e+00,0.000000e+00
315,17,3999,1.780223e-04,5.293637e-03,1.461545e-02,0.000000e+00,0.000000e+00
316,11,4010,5.662441e-05,5.169157e-03,1.106467e-02,0.000000e+00,0.000000e+00
317,11,4021,2.657529e-05,5.340707e-03,1.197900e-02,0.000000e+00,0.000000e+00
318,13,4034,8.893199e-05,5.577977e-03,1.256344e-02,0.000000e+00,0.000000e+00
319,11,4045,2.048910e-05,5.188775e-03,1.222069e-02,0.000000e+00,0.000000e+00
320,10,4055,2.516294e-04,5.439637e-03,1.594405e-02,0.000000e+00,0.000000e+00
321,13,4068,8.996576e-06,5.246445e-03,1.072703e-02,0.000000e+00,0.000000e+00
322,10,4078,1.315959e-05,5.316801e-03,1.517134e-02,0.000000e+00,0.000000e+00
323,12,4090,3.436580e-06,5.423076e-03,1.526788e-02,0.000000e+00,0.000000e+00
324,16,4106,4.761852e-05,5.538533e-03,1.247821e-02,0.000000e+00,0.000000e+00
325,13,4119,2.820976e-05,5.307949e-03,1.074471e-02,0.000000e+00,0.000000e+00
326,14,4133,5.332287e-05,5.610091e-03,1.176495e-02,0.000000e+00,0.000000e+00
327,20,4153,8.087605e-05,5.300361e-03,1.209156e-02,0.000000e+00,0.000000e+00
328,10,4163,5.548820e-05,5.500898e-03,1.079297e-02,0.000000e+00,0.000000e+00
329,9,4172,2.776273e-05,5.264986e-03,1.107829e-02,0.000000e+00,0.000000e+00
330,13,4185,5.891547e-05,5.452693e-03,1.172224e-02,0.000000e+00,0.000000e+00
331,13,4198,1.836848e-04,5.440191e-03,1.205324e-02,0.000000e+00,0.000000e+00
332,9,4207,5.141832e-05,5.581281e-03,1.220786e-02,0.000000e+00,0.000000e+00
333,12,4219,1.480896e-04,5.583966e-03,1.571050e-02,0.000000e+00,0.000000e+00
334,18,4237,2.964865e-05,5.418625e-03,1.252858e-02,0.000000e+00,0.000000e+00
335,12,4249,1.927372e-05,5.369031e-03,1.197900e-02,0.000000e+00,0.000000e+00
HIST {'total_samples': 337975, 'floor_samples': 4, 'floor_fraction': 1.1835194910866189e-05, 'saturation_depth': 4.0046870708465576e-07, 'boundaries': 336, 'capped_boundaries': 0, 'unfinished_worlds': 0}
336,14,4263,8.399598e-05,5.406522e-03,1.333502e-02,0.000000e+00,0.000000e+00
337,33,4296,1.296028e-04,5.503078e-03,1.063617e-02,0.000000e+00,0.000000e+00
338,11,4307,8.335337e-05,5.332575e-03,1.237893e-02,0.000000e+00,0.000000e+00
339,12,4319,6.873161e-06,5.143538e-03,1.069502e-02,0.000000e+00,0.000000e+00
340,13,4332,3.342982e-05,5.463622e-03,1.367143e-02,0.000000e+00,0.000000e+00
341,12,4344,1.368113e-04,5.248257e-03,1.086151e-02,0.000000e+00,0.000000e+00
342,11,4355,9.978190e-05,5.628160e-03,1.510460e-02,0.000000e+00,0.000000e+00
343,14,4369,1.525134e-04,5.423016e-03,1.251524e-02,0.000000e+00,0.000000e+00
344,14,4383,1.304084e-04,5.191239e-03,1.078369e-02,0.000000e+00,0.000000e+00
345,14,4397,3.234949e-05,5.171735e-03,1.143171e-02,0.000000e+00,0.000000e+00
346,13,4410,2.055429e-05,5.017873e-03,1.125017e-02,0.000000e+00,0.000000e+00
347,12,4422,9.926036e-05,5.189231e-03,1.173162e-02,0.000000e+00,0.000000e+00
348,13,4435,6.572343e-05,5.298734e-03,1.159626e-02,0.000000e+00,0.000000e+00
349,14,4449,1.575053e-04,5.130200e-03,1.244880e-02,0.000000e+00,0.000000e+00
350,13,4462,3.873371e-05,5.167136e-03,1.217980e-02,0.000000e+00,0.000000e+00
351,10,4472,1.369696e-04,5.201641e-03,1.398386e-02,0.000000e+00,0.000000e+00
352,12,4484,1.307437e-04,5.274478e-03,1.265391e-02,0.000000e+00,0.000000e+00
353,12,4496,1.115259e-05,5.101514e-03,1.256754e-02,0.000000e+00,0.000000e+00
354,14,4510,6.614253e-05,5.414371e-03,1.536187e-02,0.000000e+00,0.000000e+00
355,14,4524,3.447756e-05,5.209674e-03,1.566343e-02,0.000000e+00,0.000000e+00
356,12,4536,3.285240e-05,5.367935e-03,1.331984e-02,0.000000e+00,0.000000e+00
357,13,4549,3.886828e-04,5.266446e-03,1.264963e-02,0.000000e+00,0.000000e+00
358,12,4561,2.497714e-04,5.485930e-03,1.638481e-02,0.000000e+00,0.000000e+00
359,13,4574,1.697941e-04,5.248431e-03,1.364386e-02,0.000000e+00,0.000000e+00
360,12,4586,3.918074e-05,5.412163e-03,1.821472e-02,0.000000e+00,0.000000e+00
361,12,4598,1.347065e-04,5.144092e-03,1.221744e-02,0.000000e+00,0.000000e+00
362,10,4608,1.293980e-04,5.457615e-03,1.346915e-02,0.000000e+00,0.000000e+00
363,12,4620,2.053473e-04,5.037055e-03,1.104949e-02,0.000000e+00,0.000000e+00
364,26,4646,2.441462e-05,5.350927e-03,1.080083e-02,0.000000e+00,0.000000e+00
365,15,4661,3.180467e-05,5.161984e-03,1.255948e-02,0.000000e+00,0.000000e+00
366,12,4673,1.546461e-05,5.281358e-03,1.293030e-02,0.000000e+00,0.000000e+00
367,14,4687,6.094575e-05,5.154758e-03,1.252674e-02,0.000000e+00,0.000000e+00
368,17,4704,3.584195e-05,5.306524e-03,1.089634e-02,0.000000e+00,0.000000e+00
369,19,4723,9.244774e-05,5.188303e-03,1.168862e-02,0.000000e+00,0.000000e+00
370,11,4734,2.562953e-04,5.394601e-03,1.284109e-02,0.000000e+00,0.000000e+00
371,13,4747,1.078006e-05,5.029927e-03,1.180215e-02,0.000000e+00,0.000000e+00
372,13,4760,9.885989e-06,5.182438e-03,1.226369e-02,0.000000e+00,0.000000e+00
373,14,4774,7.400755e-05,5.044086e-03,1.089000e-02,0.000000e+00,0.000000e+00
374,11,4785,1.462596e-04,5.304028e-03,1.106917e-02,0.000000e+00,0.000000e+00
375,10,4795,1.114700e-04,5.205730e-03,1.089000e-02,0.000000e+00,0.000000e+00
376,11,4806,8.400530e-05,5.388976e-03,1.218835e-02,0.000000e+00,0.000000e+00
377,14,4820,3.323890e-05,5.083128e-03,1.330653e-02,0.000000e+00,0.000000e+00
378,11,4831,2.461486e-05,5.440165e-03,1.357440e-02,0.000000e+00,0.000000e+00
379,13,4844,1.488253e-05,4.893648e-03,1.243911e-02,0.000000e+00,0.000000e+00
380,11,4855,7.985160e-05,5.045616e-03,1.146809e-02,0.000000e+00,0.000000e+00
381,11,4866,2.319925e-05,5.210691e-03,1.116609e-02,0.000000e+00,0.000000e+00
382,15,4881,4.503410e-05,5.251268e-03,1.119758e-02,0.000000e+00,0.000000e+00
383,19,4900,4.898710e-04,5.160270e-03,1.225739e-02,0.000000e+00,0.000000e+00
HIST {'total_samples': 391721, 'floor_samples': 4, 'floor_fraction': 1.0211349404295404e-05, 'saturation_depth': 4.0046870708465576e-07, 'boundaries': 384, 'capped_boundaries': 0, 'unfinished_worlds': 0}
384,18,4918,1.308648e-04,5.276976e-03,1.430385e-02,0.000000e+00,0.000000e+00
385,12,4930,1.906417e-04,5.074130e-03,1.450030e-02,0.000000e+00,0.000000e+00
386,13,4943,5.582813e-05,5.338394e-03,1.297835e-02,0.000000e+00,0.000000e+00
387,14,4957,8.412171e-05,5.296742e-03,1.267710e-02,0.000000e+00,0.000000e+00
388,12,4969,1.399033e-04,5.432662e-03,1.083090e-02,0.000000e+00,0.000000e+00
389,20,4989,1.844577e-04,5.189048e-03,1.312878e-02,0.000000e+00,0.000000e+00
390,12,5001,1.128949e-04,5.450919e-03,1.463652e-02,0.000000e+00,0.000000e+00
391,16,5017,2.861349e-04,5.255218e-03,1.140523e-02,0.000000e+00,0.000000e+00
392,12,5029,3.596302e-05,5.432117e-03,1.688240e-02,0.000000e+00,0.000000e+00
393,20,5049,1.259148e-05,5.060183e-03,1.198732e-02,0.000000e+00,0.000000e+00
394,16,5065,2.002390e-04,5.499131e-03,1.247157e-02,0.000000e+00,0.000000e+00
395,11,5076,1.464877e-04,5.263460e-03,1.089000e-02,0.000000e+00,0.000000e+00
396,12,5088,1.667161e-04,5.359115e-03,1.320112e-02,0.000000e+00,0.000000e+00
397,12,5100,3.042165e-05,5.586990e-03,1.203484e-02,0.000000e+00,0.000000e+00
398,10,5110,1.021475e-04,5.648007e-03,1.228742e-02,0.000000e+00,0.000000e+00
399,14,5124,1.323596e-04,5.292488e-03,1.342363e-02,0.000000e+00,0.000000e+00
400,12,5136,1.568766e-04,5.494344e-03,1.378566e-02,0.000000e+00,0.000000e+00
401,13,5149,1.503713e-04,5.410539e-03,1.166767e-02,0.000000e+00,0.000000e+00
402,15,5164,1.625530e-04,5.448466e-03,1.376903e-02,0.000000e+00,0.000000e+00
403,11,5175,1.012348e-05,5.532627e-03,1.193728e-02,0.000000e+00,0.000000e+00
404,13,5188,1.040660e-04,5.423891e-03,1.129148e-02,0.000000e+00,0.000000e+00
405,15,5203,4.097819e-07,5.228768e-03,1.114884e-02,0.000000e+00,0.000000e+00
406,13,5216,1.320150e-04,5.349026e-03,1.248143e-02,0.000000e+00,0.000000e+00
407,16,5232,1.364341e-04,5.561385e-03,1.077275e-02,0.000000e+00,0.000000e+00
408,13,5245,9.285286e-06,5.681001e-03,1.418686e-02,0.000000e+00,0.000000e+00
409,14,5259,7.761177e-05,5.367023e-03,1.249232e-02,0.000000e+00,0.000000e+00
410,12,5271,7.812865e-05,5.296111e-03,1.271007e-02,0.000000e+00,0.000000e+00
411,13,5284,1.815148e-04,5.300218e-03,1.316882e-02,0.000000e+00,0.000000e+00
412,13,5297,2.981629e-05,5.460374e-03,1.188705e-02,0.000000e+00,0.000000e+00
413,15,5312,4.073139e-05,5.248507e-03,1.215260e-02,0.000000e+00,0.000000e+00
414,13,5325,2.028234e-04,5.575152e-03,1.317690e-02,0.000000e+00,0.000000e+00
415,14,5339,1.957361e-04,5.355848e-03,1.123747e-02,0.000000e+00,0.000000e+00
416,20,5359,2.982095e-05,5.436611e-03,1.168258e-02,0.000000e+00,0.000000e+00
417,12,5371,9.184703e-05,5.333890e-03,1.197900e-02,0.000000e+00,0.000000e+00
418,13,5384,6.124843e-05,5.579362e-03,1.441567e-02,0.000000e+00,0.000000e+00
419,15,5399,6.802939e-04,5.205035e-03,1.156408e-02,0.000000e+00,0.000000e+00
420,15,5414,1.289882e-06,5.234144e-03,1.473260e-02,0.000000e+00,0.000000e+00
421,12,5426,5.198643e-05,5.063868e-03,1.522116e-02,0.000000e+00,0.000000e+00
422,16,5442,1.215655e-04,5.133714e-03,1.290859e-02,0.000000e+00,0.000000e+00
423,17,5459,6.379560e-06,4.930741e-03,1.101188e-02,0.000000e+00,0.000000e+00
424,16,5475,7.778406e-05,5.098494e-03,1.548707e-02,0.000000e+00,0.000000e+00
425,14,5489,7.734634e-06,4.723704e-03,1.053267e-02,0.000000e+00,0.000000e+00
426,13,5502,8.427538e-05,5.206640e-03,1.468280e-02,0.000000e+00,0.000000e+00
427,12,5514,6.668270e-05,5.064930e-03,1.166468e-02,0.000000e+00,0.000000e+00
428,13,5527,6.353017e-05,5.160193e-03,1.149463e-02,0.000000e+00,0.000000e+00
429,16,5543,1.024455e-06,5.137171e-03,1.255288e-02,0.000000e+00,0.000000e+00
430,12,5555,3.127381e-05,5.358387e-03,1.222963e-02,0.000000e+00,0.000000e+00
431,12,5567,3.830530e-05,5.108971e-03,1.006197e-02,0.000000e+00,0.000000e+00
HIST {'total_samples': 445981, 'floor_samples': 5, 'floor_fraction': 1.1211239940714963e-05, 'saturation_depth': 4.0046870708465576e-07, 'boundaries': 432, 'capped_boundaries': 0, 'unfinished_worlds': 0}
432,11,5578,1.683831e-05,5.223545e-03,1.136811e-02,0.000000e+00,0.000000e+00
433,11,5589,1.607370e-04,5.405407e-03,1.024125e-02,0.000000e+00,0.000000e+00
434,12,5601,2.142973e-05,5.194332e-03,1.201885e-02,0.000000e+00,0.000000e+00
435,13,5614,6.572809e-05,4.985472e-03,1.131371e-02,0.000000e+00,0.000000e+00
436,10,5624,1.530629e-05,5.196228e-03,1.109250e-02,0.000000e+00,0.000000e+00
437,14,5638,1.680292e-04,4.975129e-03,1.089000e-02,0.000000e+00,0.000000e+00
438,25,5663,1.412723e-04,5.037648e-03,1.487772e-02,0.000000e+00,0.000000e+00
439,14,5677,8.829869e-05,5.211440e-03,1.075517e-02,0.000000e+00,0.000000e+00
440,11,5688,1.081731e-05,5.150495e-03,1.142053e-02,0.000000e+00,0.000000e+00
441,12,5700,4.168600e-05,5.160741e-03,1.064179e-02,0.000000e+00,0.000000e+00
442,11,5711,1.371000e-04,5.139930e-03,1.166252e-02,0.000000e+00,0.000000e+00
443,12,5723,4.298054e-05,5.068385e-03,1.175688e-02,0.000000e+00,0.000000e+00
444,11,5734,2.751127e-05,5.374162e-03,1.297521e-02,0.000000e+00,0.000000e+00
445,12,5746,1.153070e-04,5.355802e-03,1.219880e-02,0.000000e+00,0.000000e+00
446,10,5756,1.074746e-05,5.305123e-03,1.317690e-02,0.000000e+00,0.000000e+00
447,10,5766,2.109818e-04,5.280196e-03,1.289415e-02,0.000000e+00,0.000000e+00
448,12,5778,1.103152e-05,5.405828e-03,1.185366e-02,0.000000e+00,0.000000e+00
449,11,5789,3.200024e-05,5.060458e-03,1.379997e-02,0.000000e+00,0.000000e+00
450,13,5802,3.608875e-05,5.362731e-03,1.520763e-02,0.000000e+00,0.000000e+00
451,12,5814,3.921799e-05,4.903061e-03,1.099177e-02,0.000000e+00,0.000000e+00
452,17,5831,3.255904e-05,4.996031e-03,1.171650e-02,0.000000e+00,0.000000e+00
453,16,5847,3.057532e-05,4.909397e-03,1.245144e-02,0.000000e+00,0.000000e+00
454,13,5860,8.260831e-05,5.262311e-03,1.425623e-02,0.000000e+00,0.000000e+00
455,12,5872,9.164680e-05,5.255453e-03,1.089000e-02,0.000000e+00,0.000000e+00
456,12,5884,1.842761e-04,5.618594e-03,1.210261e-02,0.000000e+00,0.000000e+00
457,11,5895,4.465692e-05,5.355350e-03,1.256228e-02,0.000000e+00,0.000000e+00
458,13,5908,4.154630e-05,5.486027e-03,1.248731e-02,0.000000e+00,0.000000e+00
459,11,5919,5.255919e-05,5.327453e-03,1.042701e-02,0.000000e+00,0.000000e+00
460,12,5931,3.222376e-06,5.294886e-03,1.187959e-02,0.000000e+00,0.000000e+00
461,17,5948,1.082011e-04,5.069629e-03,1.274312e-02,0.000000e+00,0.000000e+00
462,14,5962,4.141917e-04,5.363850e-03,1.452194e-02,0.000000e+00,0.000000e+00
463,12,5974,1.033768e-05,5.121539e-03,1.102326e-02,0.000000e+00,0.000000e+00
464,11,5985,5.400740e-05,5.326651e-03,1.235839e-02,0.000000e+00,0.000000e+00
465,11,5996,4.106900e-04,5.211376e-03,1.204442e-02,0.000000e+00,0.000000e+00
466,11,6007,2.084766e-05,5.320824e-03,1.324023e-02,0.000000e+00,0.000000e+00
467,11,6018,2.155360e-04,5.166154e-03,1.249924e-02,0.000000e+00,0.000000e+00
468,13,6031,4.609581e-05,5.339508e-03,1.381875e-02,0.000000e+00,0.000000e+00
469,14,6045,1.427066e-04,4.994314e-03,1.274514e-02,0.000000e+00,0.000000e+00
470,25,6070,8.008908e-05,5.229776e-03,1.236953e-02,0.000000e+00,0.000000e+00
471,18,6088,5.194917e-05,5.020984e-03,1.089000e-02,0.000000e+00,0.000000e+00
472,12,6100,1.776032e-05,5.230098e-03,1.197900e-02,0.000000e+00,0.000000e+00
473,16,6116,2.564443e-04,4.991249e-03,1.089000e-02,0.000000e+00,0.000000e+00
474,12,6128,1.197541e-04,4.997494e-03,1.218287e-02,0.000000e+00,0.000000e+00
475,20,6148,2.514105e-04,5.192382e-03,1.138033e-02,0.000000e+00,0.000000e+00
476,12,6160,1.602946e-04,5.549388e-03,1.413436e-02,0.000000e+00,0.000000e+00
477,12,6172,2.170447e-05,5.412573e-03,1.517153e-02,0.000000e+00,0.000000e+00
478,11,6183,1.484808e-04,5.682731e-03,1.565919e-02,0.000000e+00,0.000000e+00
479,13,6196,6.311107e-05,5.299503e-03,1.211049e-02,0.000000e+00,0.000000e+00
HIST {'total_samples': 500743, 'floor_samples': 5, 'floor_fraction': 9.985162049194896e-06, 'saturation_depth': 4.0046870708465576e-07, 'boundaries': 480, 'capped_boundaries': 0, 'unfinished_worlds': 0}
480,12,6208,5.860347e-05,5.397131e-03,1.218790e-02,0.000000e+00,0.000000e+00
481,12,6220,3.038906e-05,5.237732e-03,1.202642e-02,0.000000e+00,0.000000e+00
482,11,6231,6.426126e-06,5.261482e-03,1.124362e-02,0.000000e+00,0.000000e+00
483,16,6247,1.682248e-04,5.246523e-03,1.060961e-02,0.000000e+00,0.000000e+00
484,10,6257,3.642868e-05,5.276330e-03,1.201222e-02,0.000000e+00,0.000000e+00
485,13,6270,1.678057e-04,5.194639e-03,1.167402e-02,0.000000e+00,0.000000e+00
486,14,6284,7.813796e-06,5.321290e-03,1.138069e-02,0.000000e+00,0.000000e+00
487,13,6297,2.797693e-05,4.986393e-03,1.262591e-02,0.000000e+00,0.000000e+00
488,13,6310,1.444574e-04,5.347411e-03,1.240682e-02,0.000000e+00,0.000000e+00
489,15,6325,1.212582e-05,4.999076e-03,1.287271e-02,0.000000e+00,0.000000e+00
490,17,6342,3.414229e-05,5.226512e-03,1.243807e-02,0.000000e+00,0.000000e+00
491,12,6354,2.416316e-05,5.142146e-03,1.185257e-02,0.000000e+00,0.000000e+00
492,13,6367,3.129244e-05,5.430021e-03,1.317690e-02,0.000000e+00,0.000000e+00
493,9,6376,3.818423e-06,5.226689e-03,1.051128e-02,0.000000e+00,0.000000e+00
494,11,6387,1.106784e-04,5.398337e-03,1.737585e-02,0.000000e+00,0.000000e+00
495,11,6398,1.324341e-04,5.258351e-03,1.218519e-02,0.000000e+00,0.000000e+00
496,14,6412,1.254026e-04,5.388818e-03,1.298730e-02,0.000000e+00,0.000000e+00
497,18,6430,7.777009e-05,5.058524e-03,1.209729e-02,0.000000e+00,0.000000e+00
498,13,6443,2.195593e-05,5.221485e-03,1.120178e-02,0.000000e+00,0.000000e+00
499,12,6455,2.246816e-05,5.178930e-03,1.126806e-02,0.000000e+00,0.000000e+00
500,16,6471,6.550783e-04,5.349736e-03,1.032360e-02,0.000000e+00,0.000000e+00
501,14,6485,2.192799e-05,5.160384e-03,1.077730e-02,0.000000e+00,0.000000e+00
502,16,6501,4.706904e-05,5.101351e-03,1.197827e-02,0.000000e+00,0.000000e+00
503,12,6513,4.449859e-05,4.801231e-03,1.089000e-02,0.000000e+00,0.000000e+00
504,11,6524,9.493437e-05,5.220140e-03,1.131784e-02,0.000000e+00,0.000000e+00
505,12,6536,1.146924e-04,4.939051e-03,1.279503e-02,0.000000e+00,0.000000e+00
506,13,6549,1.743250e-04,5.301938e-03,1.316992e-02,0.000000e+00,0.000000e+00
507,13,6562,3.431924e-06,4.979507e-03,1.279734e-02,0.000000e+00,0.000000e+00
508,13,6575,3.844965e-05,5.206620e-03,1.285889e-02,0.000000e+00,0.000000e+00
509,11,6586,1.993263e-04,4.821450e-03,1.055114e-02,0.000000e+00,0.000000e+00
510,12,6598,3.369525e-05,5.208516e-03,1.821472e-02,0.000000e+00,0.000000e+00
511,11,6609,1.010019e-05,5.098059e-03,1.258178e-02,0.000000e+00,0.000000e+00
512,12,6621,2.651010e-05,5.307622e-03,1.237005e-02,0.000000e+00,0.000000e+00
513,14,6635,8.786097e-05,5.162607e-03,1.197900e-02,0.000000e+00,0.000000e+00
514,22,6657,3.192574e-05,5.236211e-03,1.205299e-02,0.000000e+00,0.000000e+00
515,19,6676,1.538265e-04,5.091308e-03,1.256585e-02,0.000000e+00,0.000000e+00
516,18,6694,5.346723e-05,5.394806e-03,1.236204e-02,0.000000e+00,0.000000e+00
517,19,6713,1.749536e-04,5.081051e-03,1.046543e-02,0.000000e+00,0.000000e+00
518,17,6730,1.287460e-04,5.150179e-03,1.295987e-02,0.000000e+00,0.000000e+00
519,12,6742,1.868699e-05,5.029965e-03,1.093517e-02,0.000000e+00,0.000000e+00
520,11,6753,2.441462e-05,5.234668e-03,1.370655e-02,0.000000e+00,0.000000e+00
521,14,6767,5.309004e-05,5.157807e-03,1.086924e-02,0.000000e+00,0.000000e+00
522,13,6780,1.844484e-05,5.215145e-03,1.173429e-02,0.000000e+00,0.000000e+00
523,12,6792,3.133900e-05,5.227392e-03,1.145641e-02,0.000000e+00,0.000000e+00
524,12,6804,2.439134e-05,5.309401e-03,1.276346e-02,0.000000e+00,0.000000e+00
525,11,6815,5.670823e-05,5.250889e-03,1.220957e-02,0.000000e+00,0.000000e+00
526,12,6827,4.828908e-05,5.162225e-03,1.160552e-02,0.000000e+00,0.000000e+00
527,11,6838,6.759074e-05,5.151096e-03,1.163190e-02,0.000000e+00,0.000000e+00
HIST {'total_samples': 555919, 'floor_samples': 5, 'floor_fraction': 8.994116049280561e-06, 'saturation_depth': 4.0046870708465576e-07, 'boundaries': 528, 'capped_boundaries': 0, 'unfinished_worlds': 0}
528,15,6853,2.478203e-04,5.349946e-03,1.169240e-02,0.000000e+00,0.000000e+00
529,15,6868,5.918555e-05,5.043846e-03,1.144830e-02,0.000000e+00,0.000000e+00
530,10,6878,1.948420e-04,5.154174e-03,1.219049e-02,0.000000e+00,0.000000e+00
531,13,6891,1.768023e-04,5.161898e-03,1.115795e-02,0.000000e+00,0.000000e+00
532,12,6903,2.761837e-05,5.218120e-03,1.330439e-02,0.000000e+00,0.000000e+00
533,14,6917,1.318101e-04,5.006715e-03,1.174419e-02,0.000000e+00,0.000000e+00
534,14,6931,1.217704e-05,5.155236e-03,1.428934e-02,0.000000e+00,0.000000e+00
535,13,6944,1.977570e-04,5.213316e-03,1.256808e-02,0.000000e+00,0.000000e+00
536,12,6956,4.960690e-05,5.083608e-03,1.311313e-02,0.000000e+00,0.000000e+00
537,13,6969,2.730638e-05,5.150403e-03,1.265166e-02,0.000000e+00,0.000000e+00
538,12,6981,5.450565e-05,5.384358e-03,1.391683e-02,0.000000e+00,0.000000e+00
539,17,6998,1.405273e-04,5.049014e-03,1.181939e-02,0.000000e+00,0.000000e+00
540,12,7010,3.735069e-05,5.335636e-03,1.594405e-02,0.000000e+00,0.000000e+00
541,15,7025,1.795636e-04,5.376819e-03,1.197900e-02,0.000000e+00,0.000000e+00
542,12,7037,1.288066e-04,5.360168e-03,1.173771e-02,0.000000e+00,0.000000e+00
543,12,7049,2.247142e-04,5.167607e-03,1.487796e-02,0.000000e+00,0.000000e+00
544,12,7061,1.190230e-05,5.377165e-03,1.304875e-02,0.000000e+00,0.000000e+00
545,13,7074,2.205931e-04,5.083714e-03,1.076479e-02,0.000000e+00,0.000000e+00
546,14,7088,2.152286e-05,5.185429e-03,1.156060e-02,0.000000e+00,0.000000e+00
547,13,7101,6.486196e-05,4.992321e-03,1.089000e-02,0.000000e+00,0.000000e+00
548,11,7112,1.614494e-04,5.287231e-03,1.361281e-02,0.000000e+00,0.000000e+00
549,19,7131,1.217518e-04,5.346579e-03,1.089000e-02,0.000000e+00,0.000000e+00
550,13,7144,4.442409e-05,5.056590e-03,1.181161e-02,0.000000e+00,0.000000e+00
551,26,7170,4.936010e-07,5.271450e-03,1.096769e-02,0.000000e+00,0.000000e+00
552,13,7183,3.619865e-04,5.494959e-03,1.294940e-02,0.000000e+00,0.000000e+00
553,14,7197,1.029670e-04,5.139782e-03,1.245009e-02,0.000000e+00,0.000000e+00
554,11,7208,5.272683e-05,5.246248e-03,1.594405e-02,0.000000e+00,0.000000e+00
555,10,7218,1.144921e-04,5.257599e-03,1.318910e-02,0.000000e+00,0.000000e+00
556,13,7231,4.739035e-05,5.298314e-03,1.233866e-02,0.000000e+00,0.000000e+00
557,19,7250,1.593493e-05,5.418641e-03,1.130344e-02,0.000000e+00,0.000000e+00
558,15,7265,7.566996e-05,5.390056e-03,1.223518e-02,0.000000e+00,0.000000e+00
559,15,7280,1.317309e-04,5.357648e-03,1.089000e-02,0.000000e+00,0.000000e+00
560,19,7299,4.808418e-05,5.379575e-03,1.334654e-02,0.000000e+00,0.000000e+00
561,11,7310,1.450069e-05,5.407556e-03,1.365240e-02,0.000000e+00,0.000000e+00
562,14,7324,5.010515e-06,5.718222e-03,1.333633e-02,0.000000e+00,0.000000e+00
563,11,7335,1.301710e-04,5.435919e-03,1.089000e-02,0.000000e+00,0.000000e+00
564,11,7346,3.963709e-05,5.559941e-03,1.234571e-02,0.000000e+00,0.000000e+00
565,14,7360,6.677583e-06,5.343988e-03,1.176433e-02,0.000000e+00,0.000000e+00
566,14,7374,1.237215e-04,5.228628e-03,1.306640e-02,0.000000e+00,0.000000e+00
567,13,7387,1.071021e-06,5.363625e-03,1.179425e-02,0.000000e+00,0.000000e+00
568,15,7402,1.971982e-04,5.273079e-03,1.203820e-02,0.000000e+00,0.000000e+00
569,18,7420,4.218891e-05,5.298094e-03,1.103875e-02,0.000000e+00,0.000000e+00
570,12,7432,1.061149e-04,5.532182e-03,1.641951e-02,0.000000e+00,0.000000e+00
571,12,7444,2.254732e-05,5.325044e-03,1.197900e-02,0.000000e+00,0.000000e+00
572,11,7455,2.685608e-04,5.310273e-03,1.248040e-02,0.000000e+00,0.000000e+00
573,14,7469,4.481198e-04,5.387041e-03,1.220849e-02,0.000000e+00,0.000000e+00
574,12,7481,1.933426e-04,5.583807e-03,1.199949e-02,0.000000e+00,0.000000e+00
575,14,7495,2.167933e-04,5.489480e-03,1.242242e-02,0.000000e+00,0.000000e+00
HIST {'total_samples': 610084, 'floor_samples': 6, 'floor_fraction': 9.834711285659023e-06, 'saturation_depth': 4.0046870708465576e-07, 'boundaries': 576, 'capped_boundaries': 0, 'unfinished_worlds': 0}
576,15,7510,1.546834e-04,5.517370e-03,1.190573e-02,0.000000e+00,0.000000e+00
577,11,7521,8.444302e-05,5.144521e-03,1.089000e-02,0.000000e+00,0.000000e+00
578,12,7533,4.447065e-06,5.662146e-03,1.380243e-02,0.000000e+00,0.000000e+00
579,14,7547,1.398055e-04,5.256973e-03,1.193506e-02,0.000000e+00,0.000000e+00
580,10,7557,4.214235e-05,5.417971e-03,1.269388e-02,0.000000e+00,0.000000e+00
581,12,7569,2.956949e-05,5.264588e-03,1.113832e-02,0.000000e+00,0.000000e+00
582,13,7582,3.098696e-04,5.233977e-03,1.345332e-02,0.000000e+00,0.000000e+00
583,13,7595,1.607463e-05,5.140589e-03,1.204726e-02,0.000000e+00,0.000000e+00
584,11,7606,1.304876e-04,5.397594e-03,1.243657e-02,0.000000e+00,0.000000e+00
585,12,7618,2.425909e-04,5.243269e-03,1.130957e-02,0.000000e+00,0.000000e+00
586,11,7629,3.463589e-05,5.371059e-03,1.226138e-02,0.000000e+00,0.000000e+00
587,13,7642,5.249400e-05,5.257781e-03,1.440797e-02,0.000000e+00,0.000000e+00
588,13,7655,9.571668e-05,5.502366e-03,1.409569e-02,0.000000e+00,0.000000e+00
589,12,7667,6.457791e-05,5.527281e-03,1.187394e-02,0.000000e+00,0.000000e+00
590,12,7679,5.695969e-05,5.550067e-03,1.185169e-02,0.000000e+00,0.000000e+00
591,13,7692,8.942559e-05,5.159324e-03,1.226920e-02,0.000000e+00,0.000000e+00
592,14,7706,1.986511e-05,5.322543e-03,1.185835e-02,0.000000e+00,0.000000e+00
593,12,7718,1.114886e-04,5.249728e-03,1.138913e-02,0.000000e+00,0.000000e+00
594,12,7730,2.180040e-04,5.232809e-03,1.181417e-02,0.000000e+00,0.000000e+00
595,14,7744,4.299916e-05,5.287274e-03,1.110930e-02,0.000000e+00,0.000000e+00
596,14,7758,1.044199e-04,5.240955e-03,1.131908e-02,0.000000e+00,0.000000e+00
597,13,7771,4.898757e-06,5.108375e-03,1.408435e-02,0.000000e+00,0.000000e+00
598,15,7786,1.923181e-05,5.378639e-03,1.545148e-02,0.000000e+00,0.000000e+00
599,18,7804,9.587966e-05,5.112297e-03,1.160046e-02,0.000000e+00,0.000000e+00
600,12,7816,1.471490e-06,5.394509e-03,1.271881e-02,0.000000e+00,0.000000e+00
601,15,7831,2.697110e-04,5.323091e-03,1.218753e-02,0.000000e+00,0.000000e+00
602,17,7848,2.272287e-04,5.418621e-03,1.446370e-02,0.000000e+00,0.000000e+00
603,15,7863,1.200940e-04,5.189618e-03,1.557788e-02,0.000000e+00,0.000000e+00
604,16,7879,3.622379e-05,5.185561e-03,1.821472e-02,0.000000e+00,0.000000e+00
605,15,7894,1.514889e-04,5.129361e-03,1.742536e-02,0.000000e+00,0.000000e+00
606,14,7908,1.738779e-05,5.311420e-03,1.663734e-02,0.000000e+00,0.000000e+00
607,12,7920,1.285225e-06,5.296297e-03,1.089000e-02,0.000000e+00,0.000000e+00
608,12,7932,4.380010e-05,5.241659e-03,1.379916e-02,0.000000e+00,0.000000e+00
609,14,7946,5.383044e-06,5.130837e-03,1.193751e-02,0.000000e+00,0.000000e+00
610,13,7959,2.544839e-04,5.457555e-03,1.197900e-02,0.000000e+00,0.000000e+00
611,13,7972,1.945999e-05,5.204880e-03,1.197900e-02,0.000000e+00,0.000000e+00
612,18,7990,3.792578e-04,5.540048e-03,1.043219e-02,0.000000e+00,0.000000e+00
613,15,8005,2.647424e-04,5.201287e-03,1.250661e-02,0.000000e+00,0.000000e+00
614,13,8018,8.940697e-05,5.195647e-03,1.282185e-02,0.000000e+00,0.000000e+00
615,18,8036,1.245691e-04,5.260077e-03,1.089000e-02,0.000000e+00,0.000000e+00
616,17,8053,1.056213e-04,5.180283e-03,1.305654e-02,0.000000e+00,0.000000e+00
617,15,8068,8.367002e-05,5.291482e-03,1.108106e-02,0.000000e+00,0.000000e+00
618,24,8092,3.051013e-05,5.281395e-03,1.412765e-02,0.000000e+00,0.000000e+00
619,15,8107,8.278526e-05,5.287657e-03,1.369283e-02,0.000000e+00,0.000000e+00
620,17,8124,1.209695e-04,5.072995e-03,1.454227e-02,0.000000e+00,0.000000e+00
621,14,8138,7.147901e-05,5.196098e-03,1.130580e-02,0.000000e+00,0.000000e+00
622,16,8154,2.993736e-05,5.228304e-03,1.436994e-02,0.000000e+00,0.000000e+00
623,16,8170,4.081614e-04,5.176901e-03,1.157983e-02,0.000000e+00,0.000000e+00
HIST {'total_samples': 665142, 'floor_samples': 6, 'floor_fraction': 9.020630181224461e-06, 'saturation_depth': 4.0046870708465576e-07, 'boundaries': 624, 'capped_boundaries': 0, 'unfinished_worlds': 0}
624,13,8183,9.942334e-05,5.138299e-03,1.496510e-02,0.000000e+00,0.000000e+00
625,14,8197,6.421003e-05,5.236426e-03,1.193283e-02,0.000000e+00,0.000000e+00
626,13,8210,5.526468e-05,4.992893e-03,1.283362e-02,0.000000e+00,0.000000e+00
627,12,8222,1.810025e-05,5.045382e-03,1.058246e-02,0.000000e+00,0.000000e+00
628,14,8236,4.897360e-05,5.395019e-03,1.384789e-02,0.000000e+00,0.000000e+00
629,20,8256,4.283153e-05,5.259383e-03,1.226185e-02,0.000000e+00,0.000000e+00
630,18,8274,4.592817e-05,5.390842e-03,1.395838e-02,0.000000e+00,0.000000e+00
631,13,8287,3.187638e-04,5.340276e-03,1.138192e-02,0.000000e+00,0.000000e+00
632,12,8299,1.258310e-04,5.512108e-03,1.313643e-02,0.000000e+00,0.000000e+00
633,15,8314,1.693796e-04,5.098689e-03,1.164980e-02,0.000000e+00,0.000000e+00
634,12,8326,4.437752e-06,5.405025e-03,1.428094e-02,0.000000e+00,0.000000e+00
635,13,8339,8.621253e-05,5.116349e-03,1.008757e-02,0.000000e+00,0.000000e+00
636,13,8352,2.393033e-05,5.452546e-03,1.373109e-02,0.000000e+00,0.000000e+00
637,18,8370,3.844360e-04,5.182905e-03,1.129845e-02,0.000000e+00,0.000000e+00
638,15,8385,5.285256e-05,5.169034e-03,1.144333e-02,0.000000e+00,0.000000e+00
639,23,8408,2.135523e-04,5.160447e-03,1.089000e-02,0.000000e+00,0.000000e+00
640,15,8423,2.073962e-04,5.417354e-03,1.156357e-02,0.000000e+00,0.000000e+00
641,11,8434,5.261973e-06,5.118074e-03,1.422030e-02,0.000000e+00,0.000000e+00
642,12,8446,1.345016e-04,5.313584e-03,1.452710e-02,0.000000e+00,0.000000e+00
643,16,8462,2.574455e-04,5.238540e-03,1.079935e-02,0.000000e+00,0.000000e+00
644,13,8475,4.516914e-06,5.132905e-03,1.371438e-02,0.000000e+00,0.000000e+00
645,12,8487,1.953170e-04,5.130374e-03,1.165475e-02,0.000000e+00,0.000000e+00
646,15,8502,1.252349e-04,5.379629e-03,1.357020e-02,0.000000e+00,0.000000e+00
647,12,8514,1.438893e-06,5.328375e-03,1.114055e-02,0.000000e+00,0.000000e+00
648,11,8525,1.167879e-04,5.353656e-03,1.280281e-02,0.000000e+00,0.000000e+00
649,13,8538,2.041413e-04,5.319986e-03,1.089000e-02,0.000000e+00,0.000000e+00
650,14,8552,9.090174e-05,5.495545e-03,1.216760e-02,0.000000e+00,0.000000e+00
651,11,8563,5.912967e-05,5.207731e-03,1.114674e-02,0.000000e+00,0.000000e+00
652,13,8576,1.349021e-05,5.442558e-03,1.197900e-02,0.000000e+00,0.000000e+00
653,10,8586,1.174677e-04,5.246441e-03,1.347987e-02,0.000000e+00,0.000000e+00
654,17,8603,9.863637e-05,5.362807e-03,1.213957e-02,0.000000e+00,0.000000e+00
655,11,8614,3.403984e-06,5.522140e-03,1.181207e-02,0.000000e+00,0.000000e+00
656,11,8625,5.229516e-04,5.562561e-03,1.149591e-02,0.000000e+00,0.000000e+00
657,11,8636,4.782341e-06,5.433877e-03,1.111548e-02,0.000000e+00,0.000000e+00
658,13,8649,6.819144e-05,5.768479e-03,1.545555e-02,0.000000e+00,0.000000e+00
659,11,8660,4.125759e-05,5.315546e-03,1.138963e-02,0.000000e+00,0.000000e+00
660,11,8671,3.187917e-05,5.248123e-03,1.298309e-02,0.000000e+00,0.000000e+00
661,11,8682,9.553507e-05,5.147362e-03,1.197900e-02,0.000000e+00,0.000000e+00
662,13,8695,1.892447e-05,5.412828e-03,1.314728e-02,0.000000e+00,0.000000e+00
663,12,8707,7.328577e-05,5.265121e-03,1.129770e-02,0.000000e+00,0.000000e+00
664,13,8720,5.892944e-05,5.162271e-03,1.153354e-02,0.000000e+00,0.000000e+00
665,11,8731,1.301989e-04,5.149069e-03,1.443458e-02,0.000000e+00,0.000000e+00
666,23,8754,9.402167e-05,5.506784e-03,1.226712e-02,0.000000e+00,0.000000e+00
667,12,8766,2.290588e-05,5.121193e-03,1.105452e-02,0.000000e+00,0.000000e+00
668,14,8780,1.382083e-04,5.317783e-03,1.271490e-02,0.000000e+00,0.000000e+00
669,13,8793,3.881752e-05,5.313771e-03,1.203396e-02,0.000000e+00,0.000000e+00
670,13,8806,7.499009e-05,5.547782e-03,1.538503e-02,0.000000e+00,0.000000e+00
671,12,8818,6.417744e-05,5.285577e-03,1.180395e-02,0.000000e+00,0.000000e+00
HIST {'total_samples': 720473, 'floor_samples': 6, 'floor_fraction': 8.327862390401861e-06, 'saturation_depth': 4.0046870708465576e-07, 'boundaries': 672, 'capped_boundaries': 0, 'unfinished_worlds': 0}
672,12,8830,1.556054e-04,5.419125e-03,1.320197e-02,0.000000e+00,0.000000e+00
673,11,8841,1.414446e-04,5.428975e-03,1.338392e-02,0.000000e+00,0.000000e+00
674,12,8853,5.737878e-05,5.446948e-03,1.821472e-02,0.000000e+00,0.000000e+00
675,12,8865,3.195368e-04,5.590833e-03,1.125754e-02,0.000000e+00,0.000000e+00
676,12,8877,1.069624e-05,5.630883e-03,1.317690e-02,0.000000e+00,0.000000e+00
677,9,8886,2.364628e-05,5.316075e-03,1.089000e-02,0.000000e+00,0.000000e+00
678,12,8898,2.298225e-04,5.162848e-03,1.096420e-02,0.000000e+00,0.000000e+00
679,15,8913,1.696870e-04,5.292626e-03,1.197900e-02,0.000000e+00,0.000000e+00
680,12,8925,5.764887e-06,5.501492e-03,1.179229e-02,0.000000e+00,0.000000e+00
681,11,8936,5.438924e-06,5.194616e-03,1.242685e-02,0.000000e+00,0.000000e+00
682,13,8949,1.219660e-04,5.479933e-03,1.197900e-02,0.000000e+00,0.000000e+00
683,13,8962,1.250859e-04,5.306349e-03,1.118884e-02,0.000000e+00,0.000000e+00
684,14,8976,2.037501e-04,5.320521e-03,1.099391e-02,0.000000e+00,0.000000e+00
685,13,8989,1.821667e-05,5.410478e-03,1.197900e-02,0.000000e+00,0.000000e+00
686,11,9000,1.338590e-04,5.259252e-03,1.197900e-02,0.000000e+00,0.000000e+00
687,12,9012,2.921745e-04,5.474341e-03,1.279387e-02,0.000000e+00,0.000000e+00
688,15,9027,6.319024e-06,5.289566e-03,1.174795e-02,0.000000e+00,0.000000e+00
689,15,9042,2.353778e-04,5.188351e-03,1.247243e-02,0.000000e+00,0.000000e+00
690,13,9055,6.300397e-06,5.493513e-03,1.317690e-02,0.000000e+00,0.000000e+00
691,16,9071,1.262221e-04,5.292121e-03,1.122380e-02,0.000000e+00,0.000000e+00
692,14,9085,1.142593e-04,5.438913e-03,1.236574e-02,0.000000e+00,0.000000e+00
693,10,9095,1.347531e-04,5.468073e-03,1.100702e-02,0.000000e+00,0.000000e+00
694,11,9106,2.183206e-04,5.497475e-03,1.188537e-02,0.000000e+00,0.000000e+00
695,14,9120,1.701061e-04,5.276994e-03,1.163045e-02,0.000000e+00,0.000000e+00
696,12,9132,3.599422e-04,5.440582e-03,1.089000e-02,0.000000e+00,0.000000e+00
697,12,9144,1.430092e-04,5.397120e-03,1.108826e-02,0.000000e+00,0.000000e+00
698,15,9159,1.225621e-05,5.198859e-03,1.317690e-02,0.000000e+00,0.000000e+00
699,14,9173,5.155802e-05,5.432767e-03,1.272496e-02,0.000000e+00,0.000000e+00
700,12,9185,1.187902e-05,5.464537e-03,1.263339e-02,0.000000e+00,0.000000e+00
701,13,9198,8.440111e-05,5.203161e-03,1.246590e-02,0.000000e+00,0.000000e+00
702,12,9210,4.347414e-05,5.084091e-03,1.631566e-02,0.000000e+00,0.000000e+00
703,10,9220,5.641952e-05,5.336431e-03,1.382151e-02,0.000000e+00,0.000000e+00
704,13,9233,1.234142e-04,5.452660e-03,1.532893e-02,0.000000e+00,0.000000e+00
705,12,9245,4.594214e-05,5.122445e-03,1.406142e-02,0.000000e+00,0.000000e+00
706,11,9256,5.245209e-05,5.368996e-03,1.476150e-02,0.000000e+00,0.000000e+00
707,11,9267,1.171138e-05,5.267597e-03,1.089000e-02,0.000000e+00,0.000000e+00
708,10,9277,1.082523e-04,5.280856e-03,1.203324e-02,0.000000e+00,0.000000e+00
709,13,9290,2.535712e-04,5.129015e-03,1.117986e-02,0.000000e+00,0.000000e+00
710,12,9302,7.487833e-06,5.306164e-03,1.167634e-02,0.000000e+00,0.000000e+00
711,11,9313,5.531590e-05,5.241413e-03,1.126160e-02,0.000000e+00,0.000000e+00
712,11,9324,7.683411e-05,5.222481e-03,1.312925e-02,0.000000e+00,0.000000e+00
713,15,9339,1.889654e-05,5.046036e-03,1.131598e-02,0.000000e+00,0.000000e+00
714,17,9356,8.238945e-05,5.303922e-03,1.213919e-02,0.000000e+00,0.000000e+00
715,15,9371,5.804468e-05,5.100867e-03,1.089000e-02,0.000000e+00,0.000000e+00
716,12,9383,1.914799e-04,5.590120e-03,1.352853e-02,0.000000e+00,0.000000e+00
717,18,9401,1.385808e-05,5.095707e-03,1.367963e-02,0.000000e+00,0.000000e+00
718,18,9419,1.455192e-04,5.557103e-03,1.317690e-02,0.000000e+00,0.000000e+00
719,10,9429,1.498405e-04,5.345316e-03,1.163326e-02,0.000000e+00,0.000000e+00
HIST {'total_samples': 775266, 'floor_samples': 6, 'floor_fraction': 7.739279163538708e-06, 'saturation_depth': 4.0046870708465576e-07, 'boundaries': 720, 'capped_boundaries': 0, 'unfinished_worlds': 0}
720,18,9447,1.422502e-04,5.183627e-03,1.821472e-02,0.000000e+00,0.000000e+00
721,11,9458,1.043221e-04,5.274251e-03,1.182158e-02,0.000000e+00,0.000000e+00
722,13,9471,1.225946e-04,5.295327e-03,1.086419e-02,0.000000e+00,0.000000e+00
723,10,9481,7.010996e-05,5.016037e-03,1.136370e-02,0.000000e+00,0.000000e+00
724,13,9494,1.411280e-04,5.133945e-03,1.486863e-02,0.000000e+00,0.000000e+00
725,16,9510,2.014358e-04,4.926561e-03,1.082516e-02,0.000000e+00,0.000000e+00
726,11,9521,5.480833e-05,5.258218e-03,1.118025e-02,0.000000e+00,0.000000e+00
727,11,9532,1.278706e-05,5.008552e-03,1.343947e-02,0.000000e+00,0.000000e+00
728,11,9543,3.498979e-05,5.170719e-03,1.249448e-02,0.000000e+00,0.000000e+00
729,11,9554,1.735054e-05,5.113315e-03,1.131045e-02,0.000000e+00,0.000000e+00
730,16,9570,6.142072e-05,5.081941e-03,1.615472e-02,0.000000e+00,0.000000e+00
731,12,9582,1.679640e-05,5.038409e-03,1.137882e-02,0.000000e+00,0.000000e+00
732,11,9593,7.245690e-05,5.256045e-03,1.466980e-02,0.000000e+00,0.000000e+00
733,12,9605,2.891757e-04,5.364116e-03,1.377376e-02,0.000000e+00,0.000000e+00
734,14,9619,1.351815e-05,5.499098e-03,1.118401e-02,0.000000e+00,0.000000e+00
735,12,9631,8.367933e-05,5.437699e-03,1.348363e-02,0.000000e+00,0.000000e+00
736,12,9643,4.966278e-05,5.484898e-03,1.089000e-02,0.000000e+00,0.000000e+00
737,12,9655,1.472794e-04,5.403488e-03,1.112960e-02,0.000000e+00,0.000000e+00
738,13,9668,1.535891e-04,5.353429e-03,1.258357e-02,0.000000e+00,0.000000e+00
739,15,9683,3.389083e-05,5.490451e-03,1.148550e-02,0.000000e+00,0.000000e+00
740,13,9696,1.616776e-05,5.325137e-03,1.131767e-02,0.000000e+00,0.000000e+00
741,13,9709,7.641967e-05,5.489015e-03,1.256345e-02,0.000000e+00,0.000000e+00
742,11,9720,1.312234e-05,5.359610e-03,1.164990e-02,0.000000e+00,0.000000e+00
743,13,9733,1.670839e-04,5.209916e-03,1.194110e-02,0.000000e+00,0.000000e+00
744,13,9746,5.038455e-06,5.429305e-03,1.587692e-02,0.000000e+00,0.000000e+00
745,15,9761,1.462735e-04,5.336682e-03,1.306060e-02,0.000000e+00,0.000000e+00
746,14,9775,1.182081e-04,5.545804e-03,1.275427e-02,0.000000e+00,0.000000e+00
747,14,9789,6.016809e-05,5.209323e-03,1.346966e-02,0.000000e+00,0.000000e+00
748,13,9802,1.350977e-04,5.663197e-03,1.317690e-02,0.000000e+00,0.000000e+00
749,12,9814,8.652452e-05,5.215054e-03,1.125540e-02,0.000000e+00,0.000000e+00
750,15,9829,1.337146e-04,5.415174e-03,1.151361e-02,0.000000e+00,0.000000e+00
751,20,9849,2.197921e-06,5.357871e-03,1.089000e-02,0.000000e+00,0.000000e+00
752,18,9867,4.153186e-04,5.483865e-03,1.124397e-02,0.000000e+00,0.000000e+00
753,12,9879,2.227724e-05,5.348625e-03,1.373363e-02,0.000000e+00,0.000000e+00
754,12,9891,7.085782e-04,5.560498e-03,1.374747e-02,0.000000e+00,0.000000e+00
755,12,9903,6.688293e-05,5.177612e-03,1.286010e-02,0.000000e+00,0.000000e+00
756,11,9914,6.547198e-05,5.595482e-03,1.108290e-02,0.000000e+00,0.000000e+00
757,11,9925,4.985370e-05,5.410232e-03,1.145914e-02,0.000000e+00,0.000000e+00
758,11,9936,4.159287e-05,5.399875e-03,1.300344e-02,0.000000e+00,0.000000e+00
759,17,9953,3.322959e-05,5.284787e-03,1.165752e-02,0.000000e+00,0.000000e+00
760,13,9966,5.411915e-05,5.427116e-03,1.384066e-02,0.000000e+00,0.000000e+00
761,14,9980,6.239861e-06,5.487038e-03,1.353241e-02,0.000000e+00,0.000000e+00
762,12,9992,2.074987e-05,5.747012e-03,1.252214e-02,0.000000e+00,0.000000e+00
763,12,10004,1.047738e-05,5.372407e-03,1.089000e-02,0.000000e+00,0.000000e+00
764,16,10020,8.802861e-05,5.439455e-03,1.194812e-02,0.000000e+00,0.000000e+00
765,12,10032,3.240071e-05,5.357660e-03,1.399689e-02,0.000000e+00,0.000000e+00
766,13,10045,2.057105e-04,5.452960e-03,1.272755e-02,0.000000e+00,0.000000e+00
767,16,10061,2.256827e-04,5.298138e-03,1.173764e-02,0.000000e+00,0.000000e+00
HIST {'total_samples': 830428, 'floor_samples': 6, 'floor_fraction': 7.225189902074593e-06, 'saturation_depth': 4.0046870708465576e-07, 'boundaries': 768, 'capped_boundaries': 0, 'unfinished_worlds': 0}
768,11,10072,4.451256e-05,5.502339e-03,1.158446e-02,0.000000e+00,0.000000e+00
769,12,10084,1.195818e-05,5.564372e-03,1.331021e-02,0.000000e+00,0.000000e+00
770,9,10093,4.620291e-05,5.534002e-03,1.485534e-02,0.000000e+00,0.000000e+00
771,11,10104,3.237696e-04,5.754319e-03,1.350519e-02,0.000000e+00,0.000000e+00
772,14,10118,9.620097e-05,5.614424e-03,1.302340e-02,0.000000e+00,0.000000e+00
773,12,10130,3.168220e-04,5.601146e-03,1.317690e-02,0.000000e+00,0.000000e+00
774,12,10142,1.329370e-04,5.544378e-03,1.268076e-02,0.000000e+00,0.000000e+00
775,13,10155,5.258247e-05,5.448874e-03,1.089000e-02,0.000000e+00,0.000000e+00
776,14,10169,2.888963e-05,5.012334e-03,1.125086e-02,0.000000e+00,0.000000e+00
777,13,10182,1.533795e-04,5.392356e-03,1.232254e-02,0.000000e+00,0.000000e+00
778,17,10199,5.392358e-06,5.265272e-03,1.084810e-02,0.000000e+00,0.000000e+00
779,12,10211,9.941868e-06,5.296984e-03,1.089000e-02,0.000000e+00,0.000000e+00
780,13,10224,1.247972e-06,5.454022e-03,1.363519e-02,0.000000e+00,0.000000e+00
781,11,10235,1.827721e-04,5.433257e-03,1.210409e-02,0.000000e+00,0.000000e+00
782,13,10248,6.495509e-05,5.462540e-03,1.297930e-02,0.000000e+00,0.000000e+00
783,10,10258,1.885928e-06,5.220486e-03,1.292406e-02,0.000000e+00,0.000000e+00
784,10,10268,1.251278e-04,5.614461e-03,1.594405e-02,0.000000e+00,0.000000e+00
785,10,10278,2.556015e-05,5.556124e-03,1.189847e-02,0.000000e+00,0.000000e+00
786,15,10293,5.611219e-05,5.598994e-03,1.423794e-02,0.000000e+00,0.000000e+00
787,43,10336,4.335772e-05,5.407259e-03,1.174987e-02,0.000000e+00,0.000000e+00
788,19,10355,6.377697e-05,5.481085e-03,1.256322e-02,0.000000e+00,0.000000e+00
789,15,10370,1.022127e-05,5.134394e-03,1.154955e-02,0.000000e+00,0.000000e+00
790,15,10385,2.960674e-05,5.448130e-03,1.449459e-02,0.000000e+00,0.000000e+00
791,22,10407,1.286995e-04,5.397364e-03,1.296611e-02,0.000000e+00,0.000000e+00
792,13,10420,1.174025e-04,5.280200e-03,1.202346e-02,0.000000e+00,0.000000e+00
793,10,10430,3.761426e-04,5.267852e-03,1.214707e-02,0.000000e+00,0.000000e+00
794,12,10442,7.460825e-05,5.344186e-03,1.113010e-02,0.000000e+00,0.000000e+00
795,11,10453,2.430985e-04,5.310461e-03,1.282579e-02,0.000000e+00,0.000000e+00
796,12,10465,6.650109e-05,5.573572e-03,1.666769e-02,0.000000e+00,0.000000e+00
797,12,10477,2.190471e-05,5.199482e-03,1.336077e-02,0.000000e+00,0.000000e+00
798,16,10493,2.279039e-04,5.312363e-03,1.667647e-02,0.000000e+00,0.000000e+00
799,11,10504,2.291519e-04,5.303503e-03,1.089000e-02,0.000000e+00,0.000000e+00
800,13,10517,6.836839e-05,5.269590e-03,1.307673e-02,0.000000e+00,0.000000e+00
801,17,10534,8.213334e-05,5.239622e-03,1.102714e-02,0.000000e+00,0.000000e+00
802,14,10548,9.467825e-05,5.360167e-03,1.373715e-02,0.000000e+00,0.000000e+00
803,12,10560,1.198286e-04,5.124161e-03,1.118822e-02,0.000000e+00,0.000000e+00
804,12,10572,9.093434e-05,5.172444e-03,1.208179e-02,0.000000e+00,0.000000e+00
805,13,10585,1.690350e-04,5.168707e-03,1.197900e-02,0.000000e+00,0.000000e+00
806,12,10597,2.668239e-06,5.180294e-03,1.317690e-02,0.000000e+00,0.000000e+00
807,15,10612,1.208112e-04,5.210262e-03,1.370608e-02,0.000000e+00,0.000000e+00
808,12,10624,1.613982e-05,5.165285e-03,1.148939e-02,0.000000e+00,0.000000e+00
809,13,10637,1.591630e-05,5.020317e-03,1.140900e-02,0.000000e+00,0.000000e+00
810,11,10648,5.825888e-05,5.295395e-03,1.351238e-02,0.000000e+00,0.000000e+00
811,16,10664,2.232194e-04,5.356381e-03,1.276800e-02,0.000000e+00,0.000000e+00
812,14,10678,3.809109e-06,5.240391e-03,1.198716e-02,0.000000e+00,0.000000e+00
813,14,10692,5.830079e-05,5.275118e-03,1.230527e-02,0.000000e+00,0.000000e+00
814,23,10715,1.126435e-05,5.251264e-03,1.232011e-02,0.000000e+00,0.000000e+00
815,12,10727,8.179806e-05,5.021045e-03,1.089000e-02,0.000000e+00,0.000000e+00
HIST {'total_samples': 885821, 'floor_samples': 6, 'floor_fraction': 6.7733774656505096e-06, 'saturation_depth': 4.0046870708465576e-07, 'boundaries': 816, 'capped_boundaries': 0, 'unfinished_worlds': 0}
816,10,10737,1.027854e-04,5.323996e-03,1.228240e-02,0.000000e+00,0.000000e+00
817,10,10747,2.511870e-04,5.483120e-03,1.380471e-02,0.000000e+00,0.000000e+00
818,12,10759,1.902785e-04,5.530211e-03,1.382508e-02,0.000000e+00,0.000000e+00
819,13,10772,1.357403e-04,5.108473e-03,1.282847e-02,0.000000e+00,0.000000e+00
820,29,10801,1.131091e-04,5.311703e-03,1.317690e-02,0.000000e+00,0.000000e+00
821,13,10814,1.877174e-04,5.400850e-03,1.269169e-02,0.000000e+00,0.000000e+00
822,13,10827,6.584451e-05,5.261385e-03,1.304808e-02,0.000000e+00,0.000000e+00
823,11,10838,1.248810e-04,5.376928e-03,1.098426e-02,0.000000e+00,0.000000e+00
824,12,10850,6.716233e-05,5.327129e-03,1.109437e-02,0.000000e+00,0.000000e+00
825,11,10861,3.358815e-05,5.491826e-03,1.203732e-02,0.000000e+00,0.000000e+00
826,11,10872,1.404434e-05,5.150243e-03,1.208921e-02,0.000000e+00,0.000000e+00
827,12,10884,9.602867e-05,5.311932e-03,1.245500e-02,0.000000e+00,0.000000e+00
828,11,10895,3.717840e-05,5.497587e-03,1.240685e-02,0.000000e+00,0.000000e+00
829,19,10914,2.840534e-06,5.073010e-03,1.105298e-02,0.000000e+00,0.000000e+00
830,11,10925,1.018867e-04,5.287768e-03,1.194870e-02,0.000000e+00,0.000000e+00
831,12,10937,1.239870e-04,5.151506e-03,1.354421e-02,0.000000e+00,0.000000e+00
832,11,10948,7.907860e-05,5.298567e-03,1.280863e-02,0.000000e+00,0.000000e+00
833,19,10967,4.842877e-06,4.875842e-03,1.137938e-02,0.000000e+00,0.000000e+00
834,12,10979,1.001544e-04,5.057313e-03,1.112174e-02,0.000000e+00,0.000000e+00
835,16,10995,2.808869e-05,4.965850e-03,1.089000e-02,0.000000e+00,0.000000e+00
836,15,11010,8.515082e-05,4.941029e-03,1.156870e-02,0.000000e+00,0.000000e+00
837,14,11024,2.668239e-06,4.955025e-03,1.089000e-02,0.000000e+00,0.000000e+00
838,15,11039,8.827541e-05,4.968556e-03,1.433782e-02,0.000000e+00,0.000000e+00
839,14,11053,2.442393e-05,5.097553e-03,1.209849e-02,0.000000e+00,0.000000e+00
840,14,11067,2.604909e-05,5.060412e-03,1.332932e-02,0.000000e+00,0.000000e+00
841,19,11086,1.155585e-04,5.174383e-03,1.208924e-02,0.000000e+00,0.000000e+00
842,16,11102,1.145434e-04,5.103464e-03,1.312007e-02,0.000000e+00,0.000000e+00
843,14,11116,1.549721e-05,5.124686e-03,1.082522e-02,0.000000e+00,0.000000e+00
844,27,11143,7.487833e-06,5.370733e-03,1.089000e-02,0.000000e+00,0.000000e+00
845,22,11165,4.179776e-05,5.199756e-03,1.031016e-02,0.000000e+00,0.000000e+00
846,17,11182,1.440709e-04,5.398453e-03,1.281121e-02,0.000000e+00,0.000000e+00
847,14,11196,1.105759e-04,5.156864e-03,1.188457e-02,0.000000e+00,0.000000e+00
848,11,11207,3.192574e-05,5.223263e-03,1.268763e-02,0.000000e+00,0.000000e+00
849,15,11222,5.339272e-05,5.205729e-03,1.293036e-02,0.000000e+00,0.000000e+00
850,12,11234,2.182368e-04,5.322500e-03,1.105337e-02,0.000000e+00,0.000000e+00
851,12,11246,7.984228e-05,5.094718e-03,1.072119e-02,0.000000e+00,0.000000e+00
852,14,11260,3.607944e-05,5.283319e-03,1.216163e-02,0.000000e+00,0.000000e+00
853,14,11274,2.271077e-04,4.994151e-03,1.095187e-02,0.000000e+00,0.000000e+00
854,10,11284,7.271301e-05,5.200641e-03,1.115860e-02,0.000000e+00,0.000000e+00
855,12,11296,7.849187e-05,5.058946e-03,1.089000e-02,0.000000e+00,0.000000e+00
856,14,11310,2.115965e-04,5.023168e-03,1.253693e-02,0.000000e+00,0.000000e+00
857,13,11323,2.553686e-05,5.036272e-03,1.342211e-02,0.000000e+00,0.000000e+00
858,15,11338,1.771934e-04,5.372734e-03,1.187654e-02,0.000000e+00,0.000000e+00
859,12,11350,1.120847e-04,5.033799e-03,1.284140e-02,0.000000e+00,0.000000e+00
860,15,11365,2.466142e-05,5.235904e-03,1.439346e-02,0.000000e+00,0.000000e+00
861,14,11379,7.081777e-05,5.061011e-03,1.089000e-02,0.000000e+00,0.000000e+00
862,13,11392,7.302966e-05,5.214413e-03,1.273522e-02,0.000000e+00,0.000000e+00
863,12,11404,2.761837e-05,5.078622e-03,1.199863e-02,0.000000e+00,0.000000e+00
HIST {'total_samples': 942947, 'floor_samples': 6, 'floor_fraction': 6.363029947600448e-06, 'saturation_depth': 4.0046870708465576e-07, 'boundaries': 864, 'capped_boundaries': 0, 'unfinished_worlds': 0}
864,12,11416,1.653098e-04,5.200726e-03,1.382969e-02,0.000000e+00,0.000000e+00
865,15,11431,2.934597e-04,5.076685e-03,1.118280e-02,0.000000e+00,0.000000e+00
866,11,11442,2.232846e-05,5.265622e-03,1.123641e-02,0.000000e+00,0.000000e+00
867,11,11453,1.065433e-05,4.976128e-03,1.093717e-02,0.000000e+00,0.000000e+00
868,10,11463,1.683459e-04,5.400329e-03,1.216271e-02,0.000000e+00,0.000000e+00
869,12,11475,3.110152e-05,4.984503e-03,1.242794e-02,0.000000e+00,0.000000e+00
870,12,11487,9.538140e-05,5.247041e-03,1.254772e-02,0.000000e+00,0.000000e+00
871,12,11499,4.388997e-04,5.203945e-03,1.386787e-02,0.000000e+00,0.000000e+00
872,10,11509,5.122274e-07,5.156938e-03,1.218954e-02,0.000000e+00,0.000000e+00
873,16,11525,1.163268e-04,5.020478e-03,1.089000e-02,0.000000e+00,0.000000e+00
874,14,11539,1.376029e-05,5.041679e-03,1.527229e-02,0.000000e+00,0.000000e+00
875,11,11550,3.317837e-05,4.814941e-03,1.089000e-02,0.000000e+00,0.000000e+00
876,16,11566,7.392652e-04,5.194378e-03,1.293664e-02,0.000000e+00,0.000000e+00
877,14,11580,1.066085e-04,4.978988e-03,1.147036e-02,0.000000e+00,0.000000e+00
878,13,11593,1.741480e-04,5.388242e-03,1.089000e-02,0.000000e+00,0.000000e+00
879,10,11603,1.065759e-04,5.140793e-03,1.282708e-02,0.000000e+00,0.000000e+00
880,13,11616,1.100264e-04,5.209448e-03,1.379755e-02,0.000000e+00,0.000000e+00
881,12,11628,3.771856e-06,5.009268e-03,1.130842e-02,0.000000e+00,0.000000e+00
882,13,11641,1.798756e-04,5.222823e-03,1.305120e-02,0.000000e+00,0.000000e+00
883,13,11654,5.858019e-06,5.172275e-03,1.368207e-02,0.000000e+00,0.000000e+00
884,16,11670,8.794479e-05,5.151484e-03,1.364679e-02,0.000000e+00,0.000000e+00
885,12,11682,1.185853e-04,4.977307e-03,1.098340e-02,0.000000e+00,0.000000e+00
886,18,11700,7.877126e-05,5.270595e-03,1.407873e-02,0.000000e+00,0.000000e+00
887,16,11716,3.282167e-04,5.501623e-03,1.226621e-02,0.000000e+00,0.000000e+00
888,10,11726,2.399553e-05,5.385736e-03,1.107971e-02,0.000000e+00,0.000000e+00
889,11,11737,1.401920e-04,5.283847e-03,1.089000e-02,0.000000e+00,0.000000e+00
890,10,11747,1.662411e-06,5.184239e-03,1.197900e-02,0.000000e+00,0.000000e+00
891,14,11761,1.591491e-04,5.207198e-03,1.219153e-02,0.000000e+00,0.000000e+00
892,15,11776,4.237052e-05,5.385247e-03,1.726072e-02,0.000000e+00,0.000000e+00
893,13,11789,1.616776e-05,5.366300e-03,1.200753e-02,0.000000e+00,0.000000e+00
894,12,11801,1.019146e-04,5.211455e-03,1.212043e-02,0.000000e+00,0.000000e+00
895,14,11815,2.512941e-04,5.288881e-03,1.163351e-02,0.000000e+00,0.000000e+00
896,12,11827,1.352560e-04,5.373562e-03,1.317690e-02,0.000000e+00,0.000000e+00
897,12,11839,2.037920e-04,5.260938e-03,1.196999e-02,0.000000e+00,0.000000e+00
898,12,11851,5.690381e-04,5.489244e-03,1.317690e-02,0.000000e+00,0.000000e+00
899,12,11863,9.030104e-05,5.404398e-03,1.196632e-02,0.000000e+00,0.000000e+00
900,11,11874,7.150229e-05,5.422319e-03,1.308090e-02,0.000000e+00,0.000000e+00
901,14,11888,1.139520e-04,5.036448e-03,1.068055e-02,0.000000e+00,0.000000e+00
902,14,11902,3.227033e-06,5.191906e-03,1.724991e-02,0.000000e+00,0.000000e+00
903,14,11916,2.203509e-05,5.215355e-03,1.118622e-02,0.000000e+00,0.000000e+00
904,10,11926,1.269206e-04,5.446274e-03,1.590799e-02,0.000000e+00,0.000000e+00
905,12,11938,6.668270e-06,5.172586e-03,1.097319e-02,0.000000e+00,0.000000e+00
906,12,11950,6.250571e-05,4.990372e-03,1.169281e-02,0.000000e+00,0.000000e+00
907,14,11964,5.423091e-05,5.209242e-03,1.197900e-02,0.000000e+00,0.000000e+00
908,14,11978,1.014397e-04,5.282436e-03,1.089000e-02,0.000000e+00,0.000000e+00
909,14,11992,1.563691e-05,5.035142e-03,1.114866e-02,0.000000e+00,0.000000e+00
910,12,12004,3.725290e-07,5.143171e-03,1.193677e-02,0.000000e+00,0.000000e+00
911,17,12021,5.629845e-05,4.725097e-03,1.089000e-02,0.000000e+00,0.000000e+00
HIST {'total_samples': 1000221, 'floor_samples': 8, 'floor_fraction': 7.998232390641668e-06, 'saturation_depth': 3.725290298461914e-07, 'boundaries': 912, 'capped_boundaries': 0, 'unfinished_worlds': 0}
912,13,12034,1.444295e-04,5.307147e-03,1.243266e-02,0.000000e+00,0.000000e+00
913,14,12048,1.950748e-04,5.190575e-03,1.089000e-02,0.000000e+00,0.000000e+00
914,14,12062,1.034886e-04,5.311043e-03,1.196397e-02,0.000000e+00,0.000000e+00
915,14,12076,3.729202e-04,5.087085e-03,1.289068e-02,0.000000e+00,0.000000e+00
916,18,12094,1.668697e-04,5.146829e-03,1.164384e-02,0.000000e+00,0.000000e+00
917,13,12107,1.357682e-04,5.218244e-03,1.117603e-02,0.000000e+00,0.000000e+00
918,12,12119,3.026798e-06,5.014377e-03,1.132502e-02,0.000000e+00,0.000000e+00
919,14,12133,9.329058e-05,5.198292e-03,1.231322e-02,0.000000e+00,0.000000e+00
920,12,12145,6.174669e-06,5.291286e-03,1.216296e-02,0.000000e+00,0.000000e+00
921,11,12156,1.016865e-04,4.893578e-03,1.133493e-02,0.000000e+00,0.000000e+00
922,11,12167,6.744638e-05,5.289146e-03,1.219774e-02,0.000000e+00,0.000000e+00
923,13,12180,7.519498e-05,5.124745e-03,1.089000e-02,0.000000e+00,0.000000e+00
924,13,12193,9.661540e-05,5.194374e-03,1.099779e-02,0.000000e+00,0.000000e+00
925,10,12203,1.164991e-04,5.319450e-03,1.210540e-02,0.000000e+00,0.000000e+00
926,12,12215,1.587905e-06,5.318016e-03,1.224081e-02,0.000000e+00,0.000000e+00
927,12,12227,1.858873e-04,5.153025e-03,1.135147e-02,0.000000e+00,0.000000e+00
928,13,12240,1.610210e-04,5.233023e-03,1.227671e-02,0.000000e+00,0.000000e+00
929,12,12252,9.629875e-06,5.057178e-03,1.197900e-02,0.000000e+00,0.000000e+00
930,14,12266,2.447516e-05,5.404991e-03,1.286700e-02,0.000000e+00,0.000000e+00
931,12,12278,1.195306e-04,5.199151e-03,1.205881e-02,0.000000e+00,0.000000e+00
932,12,12290,9.015203e-06,5.303706e-03,1.133943e-02,0.000000e+00,0.000000e+00
933,11,12301,2.376735e-05,5.116471e-03,1.112810e-02,0.000000e+00,0.000000e+00
934,10,12311,3.699213e-05,5.315254e-03,1.267681e-02,0.000000e+00,0.000000e+00
935,12,12323,2.457621e-04,5.483977e-03,1.114761e-02,0.000000e+00,0.000000e+00
936,17,12340,2.437178e-04,5.341665e-03,1.259389e-02,0.000000e+00,0.000000e+00
937,15,12355,8.526258e-05,5.270840e-03,1.198621e-02,0.000000e+00,0.000000e+00
938,18,12373,8.628704e-06,5.437942e-03,1.304318e-02,0.000000e+00,0.000000e+00
939,11,12384,6.007031e-05,5.390306e-03,1.324210e-02,0.000000e+00,0.000000e+00
940,14,12398,7.143244e-06,5.376761e-03,1.160194e-02,0.000000e+00,0.000000e+00
941,14,12412,1.438707e-04,5.106132e-03,1.089000e-02,0.000000e+00,0.000000e+00
942,11,12423,7.331604e-04,5.212229e-03,2.029251e-02,0.000000e+00,0.000000e+00
943,15,12438,1.288950e-05,5.077246e-03,1.116848e-02,0.000000e+00,0.000000e+00
944,12,12450,2.628146e-04,5.372251e-03,1.245169e-02,0.000000e+00,0.000000e+00
945,15,12465,1.048436e-04,5.111079e-03,1.186911e-02,0.000000e+00,0.000000e+00
946,17,12482,5.890615e-06,5.173270e-03,1.095026e-02,0.000000e+00,0.000000e+00
947,17,12499,1.926441e-05,5.038778e-03,1.393210e-02,0.000000e+00,0.000000e+00
948,15,12514,3.561378e-05,5.419856e-03,1.289973e-02,0.000000e+00,0.000000e+00
949,13,12527,4.419126e-06,5.264200e-03,1.449459e-02,0.000000e+00,0.000000e+00
950,12,12539,1.220172e-04,5.423736e-03,1.494716e-02,0.000000e+00,0.000000e+00
951,13,12552,1.923181e-05,5.331938e-03,1.089000e-02,0.000000e+00,0.000000e+00
952,11,12563,5.033333e-05,5.204047e-03,1.284506e-02,0.000000e+00,0.000000e+00
953,15,12578,3.085937e-05,5.168493e-03,1.442567e-02,0.000000e+00,0.000000e+00
954,14,12592,8.467585e-05,5.215585e-03,1.374413e-02,0.000000e+00,0.000000e+00
955,13,12605,1.375331e-04,5.114004e-03,1.089000e-02,0.000000e+00,0.000000e+00
956,19,12624,4.004687e-07,5.286440e-03,1.929230e-02,0.000000e+00,0.000000e+00
957,14,12638,7.543713e-06,4.993791e-03,1.118715e-02,0.000000e+00,0.000000e+00
958,13,12651,7.073395e-06,5.122569e-03,1.278961e-02,0.000000e+00,0.000000e+00
959,12,12663,1.900829e-05,4.987510e-03,1.126227e-02,0.000000e+00,0.000000e+00
HIST {'total_samples': 1057013, 'floor_samples': 9, 'floor_fraction': 8.514559423583248e-06, 'saturation_depth': 3.725290298461914e-07, 'boundaries': 960, 'capped_boundaries': 0, 'unfinished_worlds': 0}
960,10,12673,8.343719e-05,5.075071e-03,1.285602e-02,0.000000e+00,0.000000e+00
961,13,12686,9.466894e-05,5.209455e-03,1.188568e-02,0.000000e+00,0.000000e+00
962,10,12696,9.681098e-06,5.208005e-03,1.143266e-02,0.000000e+00,0.000000e+00
963,23,12719,3.797933e-05,5.194523e-03,1.089000e-02,0.000000e+00,0.000000e+00
964,13,12732,1.474377e-04,5.429497e-03,1.106304e-02,0.000000e+00,0.000000e+00
965,12,12744,3.757887e-05,5.014989e-03,1.020552e-02,0.000000e+00,0.000000e+00
966,12,12756,3.244728e-05,5.025002e-03,1.168659e-02,0.000000e+00,0.000000e+00
967,17,12773,3.632158e-06,5.058383e-03,1.006022e-02,0.000000e+00,0.000000e+00
968,14,12787,2.231263e-04,4.958124e-03,1.317690e-02,0.000000e+00,0.000000e+00
969,14,12801,3.797002e-05,4.890620e-03,1.089000e-02,0.000000e+00,0.000000e+00
970,13,12814,8.782372e-06,5.132307e-03,1.454951e-02,0.000000e+00,0.000000e+00
971,10,12824,1.015887e-04,5.213407e-03,1.225232e-02,0.000000e+00,0.000000e+00
972,12,12836,4.549976e-05,5.365995e-03,1.040538e-02,0.000000e+00,0.000000e+00
973,14,12850,1.490116e-05,5.180302e-03,1.114692e-02,0.000000e+00,0.000000e+00
974,13,12863,4.499685e-05,4.949899e-03,1.295324e-02,0.000000e+00,0.000000e+00
975,12,12875,5.547423e-05,4.954968e-03,1.157429e-02,0.000000e+00,0.000000e+00
976,11,12886,1.623202e-04,5.460164e-03,1.232473e-02,0.000000e+00,0.000000e+00
977,14,12900,2.130494e-04,5.268748e-03,1.095379e-02,0.000000e+00,0.000000e+00
978,14,12914,9.424053e-05,5.275005e-03,1.106509e-02,0.000000e+00,0.000000e+00
979,10,12924,1.776218e-04,5.121015e-03,1.277469e-02,0.000000e+00,0.000000e+00
980,13,12937,2.766028e-05,4.974959e-03,1.231203e-02,0.000000e+00,0.000000e+00
981,18,12955,2.804212e-05,5.018205e-03,1.331748e-02,0.000000e+00,0.000000e+00
982,14,12969,6.970018e-05,5.255921e-03,1.197900e-02,0.000000e+00,0.000000e+00
983,15,12984,8.111820e-06,5.201944e-03,1.270739e-02,0.000000e+00,0.000000e+00
984,10,12994,4.468951e-05,5.248484e-03,1.165550e-02,0.000000e+00,0.000000e+00
985,23,13017,7.688068e-06,4.981255e-03,1.150432e-02,0.000000e+00,0.000000e+00
986,13,13030,3.911555e-05,5.066386e-03,1.138984e-02,0.000000e+00,0.000000e+00
987,11,13041,2.691057e-05,5.076605e-03,1.186462e-02,0.000000e+00,0.000000e+00
988,13,13054,2.285559e-04,5.148667e-03,1.089000e-02,0.000000e+00,0.000000e+00
989,13,13067,3.468478e-04,5.055046e-03,1.116705e-02,0.000000e+00,0.000000e+00
990,13,13080,3.855675e-05,5.196626e-03,1.343735e-02,0.000000e+00,0.000000e+00
991,24,13104,6.152783e-05,5.208263e-03,1.091641e-02,0.000000e+00,0.000000e+00
992,13,13117,7.409602e-05,5.296391e-03,1.594405e-02,0.000000e+00,0.000000e+00
993,13,13130,8.212402e-05,4.884718e-03,1.403607e-02,0.000000e+00,0.000000e+00
994,15,13145,1.574261e-04,5.161570e-03,1.170103e-02,0.000000e+00,0.000000e+00
995,16,13161,7.725786e-05,5.223296e-03,1.089000e-02,0.000000e+00,0.000000e+00
996,17,13178,2.727658e-04,5.299419e-03,1.467002e-02,0.000000e+00,0.000000e+00
997,15,13193,6.537884e-06,5.131834e-03,1.138143e-02,0.000000e+00,0.000000e+00
998,18,13211,9.108800e-05,4.925632e-03,1.089000e-02,0.000000e+00,0.000000e+00
999,21,13232,8.923002e-05,4.940999e-03,1.107723e-02,0.000000e+00,0.000000e+00
1000,22,13254,1.080427e-04,5.429404e-03,1.318497e-02,0.000000e+00,0.000000e+00
1001,22,13276,7.450581e-07,5.092211e-03,1.180429e-02,0.000000e+00,0.000000e+00
1002,25,13301,4.260088e-04,5.458131e-03,1.216710e-02,0.000000e+00,0.000000e+00
1003,24,13325,3.928319e-05,5.030172e-03,1.089000e-02,0.000000e+00,0.000000e+00
1004,19,13344,4.221685e-05,5.361005e-03,1.262852e-02,0.000000e+00,0.000000e+00
1005,14,13358,2.989545e-06,5.295093e-03,1.211492e-02,0.000000e+00,0.000000e+00
1006,18,13376,4.934613e-05,5.205369e-03,1.269927e-02,0.000000e+00,0.000000e+00
1007,15,13391,6.156042e-06,4.929570e-03,1.115963e-02,0.000000e+00,0.000000e+00
HIST {'total_samples': 1114470, 'floor_samples': 10, 'floor_fraction': 8.972874998878391e-06, 'saturation_depth': 3.725290298461914e-07, 'boundaries': 1008, 'capped_boundaries': 0, 'unfinished_worlds': 0}
1008,16,13407,1.775799e-04,5.351132e-03,1.239835e-02,0.000000e+00,0.000000e+00
1009,13,13420,1.203734e-04,5.044205e-03,1.060761e-02,0.000000e+00,0.000000e+00
1010,13,13433,2.796762e-05,5.332607e-03,1.182839e-02,0.000000e+00,0.000000e+00
1011,12,13445,3.180001e-05,5.229651e-03,1.089000e-02,0.000000e+00,0.000000e+00
1012,12,13457,9.278767e-05,4.902102e-03,1.089000e-02,0.000000e+00,0.000000e+00
1013,12,13469,1.202058e-04,4.870713e-03,1.200263e-02,0.000000e+00,0.000000e+00
1014,13,13482,1.106970e-04,5.225096e-03,1.098340e-02,0.000000e+00,0.000000e+00
1015,15,13497,1.237169e-04,5.192541e-03,1.166312e-02,0.000000e+00,0.000000e+00
1016,13,13510,1.512934e-04,5.266507e-03,1.219762e-02,0.000000e+00,0.000000e+00
1017,13,13523,9.914860e-05,5.011492e-03,1.196232e-02,0.000000e+00,0.000000e+00
1018,12,13535,1.871027e-05,5.147169e-03,1.178390e-02,0.000000e+00,0.000000e+00
1019,13,13548,4.741363e-05,5.099040e-03,1.089000e-02,0.000000e+00,0.000000e+00
1020,16,13564,9.941868e-05,5.154837e-03,1.310598e-02,0.000000e+00,0.000000e+00
1021,12,13576,6.027520e-05,5.122581e-03,1.089000e-02,0.000000e+00,0.000000e+00
1022,15,13591,2.846183e-05,5.154194e-03,1.271848e-02,0.000000e+00,0.000000e+00
1023,16,13607,1.584756e-05,5.133212e-03,1.345268e-02,0.000000e+00,0.000000e+00
1024,11,13618,9.838492e-05,5.162667e-03,1.488402e-02,0.000000e+00,0.000000e+00
1025,18,13636,2.335573e-05,4.960198e-03,1.399620e-02,0.000000e+00,0.000000e+00
1026,13,13649,6.817281e-06,5.246086e-03,1.247586e-02,0.000000e+00,0.000000e+00
1027,12,13661,6.244518e-06,4.869488e-03,1.134476e-02,0.000000e+00,0.000000e+00
1028,14,13675,5.426817e-05,4.996371e-03,1.277665e-02,0.000000e+00,0.000000e+00
1029,13,13688,2.773917e-05,4.827920e-03,1.164561e-02,0.000000e+00,0.000000e+00
1030,12,13700,8.149400e-05,4.965599e-03,1.150739e-02,0.000000e+00,0.000000e+00
1031,13,13713,1.135216e-05,4.772698e-03,1.178934e-02,0.000000e+00,0.000000e+00
1032,12,13725,5.404465e-05,4.890495e-03,1.276309e-02,0.000000e+00,0.000000e+00
1033,12,13737,1.055486e-05,4.834459e-03,1.011756e-02,0.000000e+00,0.000000e+00
1034,16,13753,7.697824e-05,5.061273e-03,1.421531e-02,0.000000e+00,0.000000e+00
1035,17,13770,8.449319e-05,4.875451e-03,1.299805e-02,0.000000e+00,0.000000e+00
1036,11,13781,2.023033e-04,4.973080e-03,1.222786e-02,0.000000e+00,0.000000e+00
1037,11,13792,1.855753e-04,4.773181e-03,1.187244e-02,0.000000e+00,0.000000e+00
1038,12,13804,6.541610e-05,4.955329e-03,1.472206e-02,0.000000e+00,0.000000e+00
1039,14,13818,3.233273e-04,4.968097e-03,1.097166e-02,0.000000e+00,0.000000e+00
1040,12,13830,1.979945e-04,5.031732e-03,1.206307e-02,0.000000e+00,0.000000e+00
1041,12,13842,1.105190e-04,4.933825e-03,1.089000e-02,0.000000e+00,0.000000e+00
1042,14,13856,3.587500e-05,5.253624e-03,1.300562e-02,0.000000e+00,0.000000e+00
1043,13,13869,1.011584e-04,4.968208e-03,1.197900e-02,0.000000e+00,0.000000e+00
1044,13,13882,5.815184e-06,5.124157e-03,1.259221e-02,0.000000e+00,0.000000e+00
1045,13,13895,4.258472e-05,5.030086e-03,1.197900e-02,0.000000e+00,0.000000e+00
1046,12,13907,5.475711e-05,5.184356e-03,1.204321e-02,0.000000e+00,0.000000e+00
1047,16,13923,7.371418e-06,5.369212e-03,1.448646e-02,0.000000e+00,0.000000e+00
1048,13,13936,7.111216e-06,5.280425e-03,1.317690e-02,0.000000e+00,0.000000e+00
1049,13,13949,1.722388e-04,4.980801e-03,1.240028e-02,0.000000e+00,0.000000e+00
1050,13,13962,1.840502e-04,5.201454e-03,1.342775e-02,0.000000e+00,0.000000e+00
1051,16,13978,1.362432e-04,5.220455e-03,1.311042e-02,0.000000e+00,0.000000e+00
1052,12,13990,5.312730e-05,5.280896e-03,1.366975e-02,0.000000e+00,0.000000e+00
1053,11,14001,4.842820e-05,5.183532e-03,1.394906e-02,0.000000e+00,0.000000e+00
1054,13,14014,1.505027e-05,5.304742e-03,1.196192e-02,0.000000e+00,0.000000e+00
1055,11,14025,3.617764e-04,5.362402e-03,1.292832e-02,0.000000e+00,0.000000e+00
HIST {'total_samples': 1171941, 'floor_samples': 10, 'floor_fraction': 8.532852763065717e-06, 'saturation_depth': 3.725290298461914e-07, 'boundaries': 1056, 'capped_boundaries': 0, 'unfinished_worlds': 0}
1056,11,14036,7.257105e-06,5.344659e-03,1.168257e-02,0.000000e+00,0.000000e+00
1057,12,14048,2.054870e-04,5.041386e-03,9.871765e-03,0.000000e+00,0.000000e+00
1058,12,14060,1.006631e-05,5.146160e-03,1.061722e-02,0.000000e+00,0.000000e+00
1059,10,14070,4.816356e-05,5.160258e-03,1.231026e-02,0.000000e+00,0.000000e+00
1060,15,14085,4.065223e-05,5.114418e-03,1.121335e-02,0.000000e+00,0.000000e+00
1061,16,14101,1.308416e-04,5.150900e-03,1.311645e-02,0.000000e+00,0.000000e+00
1062,12,14113,8.746186e-05,5.312772e-03,1.197900e-02,0.000000e+00,0.000000e+00
1063,14,14127,2.089938e-06,5.282854e-03,1.390987e-02,0.000000e+00,0.000000e+00
1064,13,14140,6.553251e-05,5.243265e-03,1.449461e-02,0.000000e+00,0.000000e+00
1065,13,14153,7.627532e-05,4.936637e-03,1.141124e-02,0.000000e+00,0.000000e+00
1066,12,14165,1.598429e-04,5.093975e-03,1.133836e-02,0.000000e+00,0.000000e+00
1067,15,14180,6.538519e-05,4.744899e-03,1.052896e-02,0.000000e+00,0.000000e+00
1068,10,14190,3.434252e-05,5.222423e-03,1.287682e-02,0.000000e+00,0.000000e+00
1069,10,14200,3.561037e-05,5.037714e-03,1.089000e-02,0.000000e+00,0.000000e+00
1070,17,14217,7.962808e-07,5.205104e-03,1.400828e-02,0.000000e+00,0.000000e+00
1071,14,14231,1.985102e-05,5.045433e-03,1.180067e-02,0.000000e+00,0.000000e+00
1072,13,14244,7.291033e-05,5.095362e-03,1.353580e-02,0.000000e+00,0.000000e+00
1073,11,14255,5.667599e-05,5.041065e-03,1.188008e-02,0.000000e+00,0.000000e+00
1074,24,14279,1.460242e-05,5.504688e-03,1.205646e-02,0.000000e+00,0.000000e+00
1075,14,14293,2.445653e-05,5.024299e-03,1.173656e-02,0.000000e+00,0.000000e+00
1076,30,14323,1.874158e-05,5.258721e-03,1.094637e-02,0.000000e+00,0.000000e+00
1077,16,14339,1.114656e-04,5.099868e-03,1.053475e-02,0.000000e+00,0.000000e+00
1078,12,14351,9.965152e-07,4.896073e-03,1.489956e-02,0.000000e+00,0.000000e+00
1079,13,14364,3.322028e-05,5.073929e-03,1.196464e-02,0.000000e+00,0.000000e+00
1080,15,14379,4.476868e-05,5.088633e-03,1.195091e-02,0.000000e+00,0.000000e+00
1081,12,14391,1.234590e-04,4.789943e-03,1.183901e-02,0.000000e+00,0.000000e+00
1082,10,14401,3.375998e-04,5.025179e-03,1.252300e-02,0.000000e+00,0.000000e+00
1083,17,14418,3.820413e-04,5.435519e-03,1.236936e-02,0.000000e+00,0.000000e+00
1084,17,14435,9.126961e-07,5.296623e-03,1.189165e-02,0.000000e+00,0.000000e+00
1085,11,14446,1.190742e-04,5.233037e-03,1.089000e-02,0.000000e+00,0.000000e+00
1086,11,14457,1.488063e-04,5.311115e-03,1.299741e-02,0.000000e+00,0.000000e+00
1087,14,14471,5.613547e-05,5.030082e-03,1.089000e-02,0.000000e+00,0.000000e+00
1088,15,14486,1.225090e-04,5.264097e-03,1.332887e-02,0.000000e+00,0.000000e+00
1089,14,14500,1.027714e-05,5.170492e-03,1.127258e-02,0.000000e+00,0.000000e+00
1090,11,14511,1.821667e-04,5.336376e-03,1.289401e-02,0.000000e+00,0.000000e+00
1091,12,14523,1.538638e-04,5.284458e-03,1.261091e-02,0.000000e+00,0.000000e+00
1092,12,14535,2.801884e-05,5.199131e-03,1.102164e-02,0.000000e+00,0.000000e+00
1093,12,14547,3.486735e-05,5.168222e-03,1.149240e-02,0.000000e+00,0.000000e+00
1094,13,14560,1.013279e-04,5.082907e-03,1.207950e-02,0.000000e+00,0.000000e+00
1095,23,14583,1.052942e-04,5.210747e-03,1.197900e-02,0.000000e+00,0.000000e+00
1096,14,14597,8.836772e-05,5.171847e-03,1.317124e-02,0.000000e+00,0.000000e+00
1097,14,14611,5.935627e-05,4.976557e-03,1.279245e-02,0.000000e+00,0.000000e+00
1098,14,14625,3.369525e-05,5.293868e-03,1.252511e-02,0.000000e+00,0.000000e+00
1099,21,14646,1.127854e-04,5.082852e-03,1.167181e-02,0.000000e+00,0.000000e+00
1100,16,14662,1.886372e-06,5.005059e-03,1.198911e-02,0.000000e+00,0.000000e+00
1101,14,14676,1.082900e-04,4.872979e-03,1.089000e-02,0.000000e+00,0.000000e+00
1102,17,14693,1.351396e-04,5.218349e-03,1.286932e-02,0.000000e+00,0.000000e+00
1103,13,14706,5.117599e-04,5.228120e-03,1.281550e-02,0.000000e+00,0.000000e+00
HIST {'total_samples': 1228241, 'floor_samples': 13, 'floor_fraction': 1.058424201764963e-05, 'saturation_depth': 3.725290298461914e-07, 'boundaries': 1104, 'capped_boundaries': 0, 'unfinished_worlds': 0}
1104,15,14721,8.308520e-05,5.268520e-03,1.325829e-02,0.000000e+00,0.000000e+00
1105,16,14737,1.811888e-05,4.906794e-03,1.258739e-02,0.000000e+00,0.000000e+00
1106,11,14748,4.335307e-06,5.322482e-03,1.544460e-02,0.000000e+00,0.000000e+00
1107,15,14763,5.568530e-05,5.024906e-03,1.105862e-02,0.000000e+00,0.000000e+00
1108,12,14775,7.870176e-05,5.278932e-03,1.264630e-02,0.000000e+00,0.000000e+00
1109,22,14797,2.827961e-05,5.159504e-03,1.109215e-02,0.000000e+00,0.000000e+00
1110,14,14811,1.817839e-04,5.093170e-03,1.194243e-02,0.000000e+00,0.000000e+00
1111,14,14825,2.560671e-04,5.046012e-03,1.231333e-02,0.000000e+00,0.000000e+00
1112,13,14838,3.370025e-05,4.966898e-03,1.231055e-02,0.000000e+00,0.000000e+00
1113,14,14852,7.309951e-05,5.102767e-03,1.197900e-02,0.000000e+00,0.000000e+00
1114,13,14865,9.696497e-06,5.010183e-03,1.152879e-02,0.000000e+00,0.000000e+00
1115,16,14881,6.829388e-05,4.991161e-03,1.154146e-02,0.000000e+00,0.000000e+00
1116,13,14894,9.580050e-05,5.004915e-03,1.154677e-02,0.000000e+00,0.000000e+00
1117,13,14907,6.819440e-06,4.949185e-03,1.076966e-02,0.000000e+00,0.000000e+00
1118,14,14921,4.725770e-05,5.126563e-03,1.249220e-02,0.000000e+00,0.000000e+00
1119,13,14934,6.607734e-06,4.954335e-03,1.124214e-02,0.000000e+00,0.000000e+00
1120,12,14946,3.325753e-05,5.159808e-03,1.098854e-02,0.000000e+00,0.000000e+00
1121,14,14960,9.839423e-06,5.126980e-03,1.230018e-02,0.000000e+00,0.000000e+00
1122,12,14972,1.544688e-04,4.733273e-03,1.204359e-02,0.000000e+00,0.000000e+00
1123,13,14985,5.445374e-06,4.969030e-03,1.089000e-02,0.000000e+00,0.000000e+00
1124,13,14998,3.888737e-05,5.037922e-03,1.444466e-02,0.000000e+00,0.000000e+00
1125,11,15009,5.935966e-05,4.860090e-03,1.089000e-02,0.000000e+00,0.000000e+00
1126,10,15019,1.170905e-04,5.154024e-03,1.286661e-02,0.000000e+00,0.000000e+00
1127,13,15032,1.148109e-04,4.857247e-03,1.037805e-02,0.000000e+00,0.000000e+00
1128,11,15043,4.693866e-06,4.934249e-03,1.261926e-02,0.000000e+00,0.000000e+00
1129,11,15054,1.577462e-04,4.915292e-03,1.058404e-02,0.000000e+00,0.000000e+00
1130,14,15068,5.458266e-05,5.214956e-03,1.362115e-02,0.000000e+00,0.000000e+00
1131,16,15084,6.546323e-05,4.936939e-03,1.098187e-02,0.000000e+00,0.000000e+00
1132,13,15097,1.457935e-04,4.953627e-03,1.085346e-02,0.000000e+00,0.000000e+00
1133,11,15108,3.409042e-05,4.913297e-03,1.046705e-02,0.000000e+00,0.000000e+00
1134,14,15122,1.055079e-04,5.246580e-03,1.091922e-02,0.000000e+00,0.000000e+00
1135,13,15135,5.059876e-05,5.031241e-03,1.132702e-02,0.000000e+00,0.000000e+00
1136,18,15153,1.539056e-04,4.890701e-03,1.262465e-02,0.000000e+00,0.000000e+00
1137,17,15170,8.254312e-05,5.036316e-03,1.170792e-02,0.000000e+00,0.000000e+00
1138,16,15186,2.108514e-05,5.242356e-03,1.062771e-02,0.000000e+00,0.000000e+00
1139,12,15198,9.288546e-05,5.109671e-03,1.149934e-02,0.000000e+00,0.000000e+00
1140,15,15213,2.885982e-04,5.176238e-03,1.378009e-02,0.000000e+00,0.000000e+00
1141,12,15225,5.872920e-05,4.950913e-03,1.085220e-02,0.000000e+00,0.000000e+00
1142,10,15235,1.695699e-05,4.808162e-03,1.222087e-02,0.000000e+00,0.000000e+00
1143,13,15248,7.056165e-05,4.942316e-03,1.099488e-02,0.000000e+00,0.000000e+00
1144,13,15261,1.966136e-04,5.157696e-03,1.317690e-02,0.000000e+00,0.000000e+00
1145,15,15276,3.006321e-05,5.230747e-03,1.204240e-02,0.000000e+00,0.000000e+00
1146,14,15290,8.118339e-05,5.100834e-03,1.254153e-02,0.000000e+00,0.000000e+00
1147,15,15305,2.660599e-05,5.047241e-03,1.449459e-02,0.000000e+00,0.000000e+00
1148,14,15319,2.856701e-06,5.243135e-03,1.075359e-02,0.000000e+00,0.000000e+00
1149,11,15330,3.173482e-05,5.114916e-03,1.317690e-02,0.000000e+00,0.000000e+00
1150,11,15341,1.176959e-04,5.037347e-03,1.100315e-02,0.000000e+00,0.000000e+00
1151,11,15352,4.488323e-04,5.058690e-03,1.057485e-02,0.000000e+00,0.000000e+00
HIST {'total_samples': 1285359, 'floor_samples': 13, 'floor_fraction': 1.0113905920447128e-05, 'saturation_depth': 3.725290298461914e-07, 'boundaries': 1152, 'capped_boundaries': 0, 'unfinished_worlds': 0}
1152,11,15363,1.685182e-05,5.079168e-03,1.226521e-02,0.000000e+00,0.000000e+00
1153,13,15376,6.077105e-05,5.094231e-03,1.251389e-02,0.000000e+00,0.000000e+00
1154,11,15387,2.900807e-06,5.097391e-03,1.075258e-02,0.000000e+00,0.000000e+00
1155,14,15401,1.159497e-06,5.077763e-03,1.077084e-02,0.000000e+00,0.000000e+00
1156,10,15411,9.777923e-06,5.169276e-03,1.095244e-02,0.000000e+00,0.000000e+00
1157,16,15427,6.146729e-06,4.937332e-03,1.155796e-02,0.000000e+00,0.000000e+00
1158,13,15440,3.635418e-05,5.031523e-03,1.373624e-02,0.000000e+00,0.000000e+00
1159,13,15453,2.244394e-04,4.876568e-03,1.197900e-02,0.000000e+00,0.000000e+00
1160,14,15467,1.283735e-04,5.121110e-03,1.209913e-02,0.000000e+00,0.000000e+00
1161,13,15480,5.760900e-06,5.006768e-03,1.263517e-02,0.000000e+00,0.000000e+00
1162,16,15496,2.167188e-05,5.003414e-03,1.067539e-02,0.000000e+00,0.000000e+00
1163,14,15510,6.849635e-05,4.717224e-03,1.104318e-02,0.000000e+00,0.000000e+00
1164,24,15534,2.975108e-05,5.006487e-03,1.104919e-02,0.000000e+00,0.000000e+00
1165,9,15543,9.017946e-06,5.022749e-03,1.089000e-02,0.000000e+00,0.000000e+00
1166,15,15558,1.590699e-04,5.056330e-03,1.306128e-02,0.000000e+00,0.000000e+00
1167,11,15569,1.074689e-04,4.904020e-03,1.164599e-02,0.000000e+00,0.000000e+00
1168,13,15582,2.079692e-04,5.088177e-03,1.206731e-02,0.000000e+00,0.000000e+00
1169,11,15593,1.537986e-04,5.027051e-03,1.382958e-02,0.000000e+00,0.000000e+00
1170,13,15606,1.633540e-05,5.156956e-03,1.192676e-02,0.000000e+00,0.000000e+00
1171,12,15618,6.336650e-05,4.803532e-03,1.182865e-02,0.000000e+00,0.000000e+00
1172,14,15632,5.691009e-05,4.913499e-03,1.269062e-02,0.000000e+00,0.000000e+00
1173,15,15647,9.838653e-05,4.776501e-03,1.148239e-02,0.000000e+00,0.000000e+00
1174,14,15661,5.521710e-05,4.966537e-03,1.049384e-02,0.000000e+00,0.000000e+00
1175,9,15670,2.971715e-05,4.764743e-03,1.316315e-02,0.000000e+00,0.000000e+00
1176,19,15689,3.221445e-05,4.927122e-03,1.075223e-02,0.000000e+00,0.000000e+00
1177,20,15709,1.064362e-04,5.022046e-03,1.151505e-02,0.000000e+00,0.000000e+00
1178,16,15725,1.475340e-04,5.072782e-03,1.154142e-02,0.000000e+00,0.000000e+00
1179,16,15741,3.998702e-05,4.726178e-03,1.089115e-02,0.000000e+00,0.000000e+00
1180,15,15756,9.963755e-05,5.136832e-03,1.120532e-02,0.000000e+00,0.000000e+00
1181,10,15766,1.869578e-04,5.002057e-03,1.298300e-02,0.000000e+00,0.000000e+00
1182,11,15777,1.411233e-04,5.117565e-03,1.206184e-02,0.000000e+00,0.000000e+00
1183,12,15789,6.360933e-06,5.148380e-03,1.053810e-02,0.000000e+00,0.000000e+00
1184,12,15801,8.877832e-05,5.343664e-03,1.242818e-02,0.000000e+00,0.000000e+00
1185,17,15818,7.960945e-05,5.073798e-03,1.202371e-02,0.000000e+00,0.000000e+00
1186,15,15833,9.065445e-06,5.064622e-03,1.305135e-02,0.000000e+00,0.000000e+00
1187,18,15851,5.639158e-05,4.841471e-03,1.306678e-02,0.000000e+00,0.000000e+00
1188,17,15868,1.990702e-05,4.938332e-03,1.161064e-02,0.000000e+00,0.000000e+00
1189,23,15891,6.358025e-05,4.616830e-03,1.158264e-02,0.000000e+00,0.000000e+00
1190,21,15912,4.041451e-05,4.670514e-03,1.352799e-02,0.000000e+00,0.000000e+00
1191,17,15929,5.145557e-05,4.866193e-03,1.205767e-02,0.000000e+00,0.000000e+00
1192,13,15942,1.375423e-05,4.753456e-03,1.449459e-02,0.000000e+00,0.000000e+00
1193,10,15952,1.517497e-04,4.924010e-03,1.561978e-02,0.000000e+00,0.000000e+00
1194,10,15962,1.690576e-04,5.069413e-03,1.135291e-02,0.000000e+00,0.000000e+00
1195,11,15973,1.333353e-06,4.995581e-03,1.315936e-02,0.000000e+00,0.000000e+00
1196,12,15985,2.026092e-05,5.217782e-03,1.425794e-02,0.000000e+00,0.000000e+00
1197,13,15998,1.623095e-05,4.994675e-03,1.062256e-02,0.000000e+00,0.000000e+00
1198,13,16011,1.411280e-04,5.187479e-03,1.301064e-02,0.000000e+00,0.000000e+00
1199,19,16030,1.607827e-05,4.901372e-03,1.170778e-02,0.000000e+00,0.000000e+00
HIST {'total_samples': 1342880, 'floor_samples': 13, 'floor_fraction': 9.680686286190873e-06, 'saturation_depth': 3.725290298461914e-07, 'boundaries': 1200, 'capped_boundaries': 0, 'unfinished_worlds': 0}
1200,12,16042,1.228246e-04,5.135704e-03,1.097982e-02,0.000000e+00,0.000000e+00
1201,13,16055,5.016529e-05,5.018706e-03,1.227160e-02,0.000000e+00,0.000000e+00
1202,10,16065,1.364566e-05,5.277055e-03,1.821472e-02,0.000000e+00,0.000000e+00
1203,12,16077,1.076182e-04,5.227368e-03,1.348030e-02,0.000000e+00,0.000000e+00
1204,12,16089,4.449973e-04,5.182465e-03,1.290638e-02,0.000000e+00,0.000000e+00
1205,13,16102,7.044718e-05,5.129109e-03,1.353981e-02,0.000000e+00,0.000000e+00
1206,12,16114,3.098976e-05,5.188982e-03,1.276288e-02,0.000000e+00,0.000000e+00
1207,15,16129,6.175600e-05,4.908822e-03,1.753846e-02,0.000000e+00,0.000000e+00
1208,25,16154,6.590970e-05,4.908222e-03,1.043931e-02,0.000000e+00,0.000000e+00
1209,14,16168,6.889331e-05,4.840252e-03,1.253959e-02,0.000000e+00,0.000000e+00
1210,11,16179,4.866160e-06,4.954687e-03,1.027310e-02,0.000000e+00,0.000000e+00
1211,10,16189,9.535341e-05,4.957492e-03,1.391022e-02,0.000000e+00,0.000000e+00
1212,12,16201,1.023337e-04,5.063615e-03,1.069630e-02,0.000000e+00,0.000000e+00
1213,13,16214,1.032650e-04,4.899018e-03,1.044697e-02,0.000000e+00,0.000000e+00
1214,11,16225,2.881807e-05,4.893183e-03,1.317690e-02,0.000000e+00,0.000000e+00
1215,13,16238,8.760097e-06,4.971580e-03,1.221391e-02,0.000000e+00,0.000000e+00
1216,15,16253,4.997943e-05,4.837980e-03,1.145984e-02,0.000000e+00,0.000000e+00
1217,16,16269,3.559680e-05,4.728945e-03,1.098649e-02,0.000000e+00,0.000000e+00
1218,22,16291,4.615505e-05,5.023545e-03,1.040563e-02,0.000000e+00,0.000000e+00
1219,11,16302,1.024129e-04,4.875600e-03,1.266063e-02,0.000000e+00,0.000000e+00
1220,13,16315,2.072974e-05,5.014465e-03,1.267591e-02,0.000000e+00,0.000000e+00
1221,13,16328,9.355135e-06,4.864025e-03,1.197900e-02,0.000000e+00,0.000000e+00
1222,17,16345,9.825421e-06,4.760237e-03,1.465891e-02,0.000000e+00,0.000000e+00
1223,15,16360,4.711859e-05,4.863395e-03,9.924248e-03,0.000000e+00,0.000000e+00
1224,18,16378,4.453585e-05,4.957129e-03,1.282941e-02,0.000000e+00,0.000000e+00
1225,11,16389,1.154933e-04,4.898820e-03,1.096768e-02,0.000000e+00,0.000000e+00
1226,14,16403,9.406077e-05,5.076635e-03,1.315314e-02,0.000000e+00,0.000000e+00
1227,12,16415,1.341156e-05,4.951579e-03,1.076140e-02,0.000000e+00,0.000000e+00
1228,10,16425,8.745168e-05,4.819101e-03,1.331603e-02,0.000000e+00,0.000000e+00
1229,11,16436,3.563751e-05,4.913799e-03,1.206744e-02,0.000000e+00,0.000000e+00
1230,12,16448,4.288104e-05,5.040392e-03,1.216957e-02,0.000000e+00,0.000000e+00
1231,11,16459,1.225192e-04,5.124974e-03,1.000000e-02,0.000000e+00,0.000000e+00
1232,11,16470,9.513460e-06,4.961090e-03,1.465791e-02,0.000000e+00,0.000000e+00
1233,13,16483,2.780184e-04,5.106288e-03,1.199288e-02,0.000000e+00,0.000000e+00
1234,12,16495,7.599434e-05,5.028133e-03,1.264886e-02,0.000000e+00,0.000000e+00
1235,13,16508,8.558566e-05,4.947179e-03,1.136927e-02,0.000000e+00,0.000000e+00
1236,15,16523,1.640398e-05,4.863328e-03,1.252261e-02,0.000000e+00,0.000000e+00
1237,13,16536,1.656637e-04,4.741349e-03,1.147701e-02,0.000000e+00,0.000000e+00
1238,10,16546,8.156057e-05,4.925216e-03,1.274471e-02,0.000000e+00,0.000000e+00
1239,14,16560,2.769846e-05,4.960086e-03,1.065677e-02,0.000000e+00,0.000000e+00
1240,12,16572,9.954007e-05,5.047977e-03,1.262892e-02,0.000000e+00,0.000000e+00
1241,12,16584,4.507276e-05,4.799608e-03,1.048399e-02,0.000000e+00,0.000000e+00
1242,13,16597,3.986061e-06,5.108420e-03,1.222870e-02,0.000000e+00,0.000000e+00
1243,12,16609,2.559274e-05,5.056561e-03,1.321961e-02,0.000000e+00,0.000000e+00
1244,14,16623,9.159558e-06,4.936549e-03,1.454157e-02,0.000000e+00,0.000000e+00
1245,31,16654,1.703842e-05,4.986514e-03,1.245288e-02,0.000000e+00,0.000000e+00
1246,13,16667,1.910800e-04,5.029587e-03,1.358733e-02,0.000000e+00,0.000000e+00
1247,12,16679,1.748884e-04,5.071700e-03,1.200314e-02,0.000000e+00,0.000000e+00
HIST {'total_samples': 1400447, 'floor_samples': 13, 'floor_fraction': 9.282750436110756e-06, 'saturation_depth': 3.725290298461914e-07, 'boundaries': 1248, 'capped_boundaries': 0, 'unfinished_worlds': 0}
1248,13,16692,4.369300e-05,5.221068e-03,1.629174e-02,0.000000e+00,0.000000e+00
1249,16,16708,5.973969e-05,5.100878e-03,1.089000e-02,0.000000e+00,0.000000e+00
1250,15,16723,2.632779e-05,5.195162e-03,1.300497e-02,0.000000e+00,0.000000e+00
1251,16,16739,7.133609e-05,4.953330e-03,1.394556e-02,0.000000e+00,0.000000e+00
1252,13,16752,8.104616e-05,4.958654e-03,1.033324e-02,0.000000e+00,0.000000e+00
1253,17,16769,7.468135e-05,4.927455e-03,1.000000e-02,0.000000e+00,0.000000e+00
1254,13,16782,9.564857e-05,4.977424e-03,1.194791e-02,0.000000e+00,0.000000e+00
1255,16,16798,6.389917e-05,4.866390e-03,1.192086e-02,0.000000e+00,0.000000e+00
1256,11,16809,2.995133e-05,5.172653e-03,1.436954e-02,0.000000e+00,0.000000e+00
1257,15,16824,1.145760e-04,5.112217e-03,1.234572e-02,0.000000e+00,0.000000e+00
1258,11,16835,2.394946e-05,5.314960e-03,1.335267e-02,0.000000e+00,0.000000e+00
1259,13,16848,3.098265e-05,4.893937e-03,1.120455e-02,0.000000e+00,0.000000e+00
1260,12,16860,5.299485e-06,5.008528e-03,1.381731e-02,0.000000e+00,0.000000e+00
1261,16,16876,2.352537e-05,5.050190e-03,1.028831e-02,0.000000e+00,0.000000e+00
1262,14,16890,8.885628e-06,4.858864e-03,1.317690e-02,0.000000e+00,0.000000e+00
1263,18,16908,5.322974e-05,5.054106e-03,1.189655e-02,0.000000e+00,0.000000e+00
1264,16,16924,1.058099e-04,4.970594e-03,1.254139e-02,0.000000e+00,0.000000e+00
1265,17,16941,2.325395e-05,4.858500e-03,1.172793e-02,0.000000e+00,0.000000e+00
1266,16,16957,1.673680e-04,5.097974e-03,1.312227e-02,0.000000e+00,0.000000e+00
1267,13,16970,3.832858e-05,5.049399e-03,1.141518e-02,0.000000e+00,0.000000e+00
1268,14,16984,1.232588e-05,5.113571e-03,1.089000e-02,0.000000e+00,0.000000e+00
1269,12,16996,6.338116e-05,4.759911e-03,1.091910e-02,0.000000e+00,0.000000e+00
1270,15,17011,5.889485e-05,4.854890e-03,1.188168e-02,0.000000e+00,0.000000e+00
1271,16,17027,2.986798e-04,4.900634e-03,1.100539e-02,0.000000e+00,0.000000e+00
1272,16,17043,9.867491e-05,5.158129e-03,1.172710e-02,0.000000e+00,0.000000e+00
1273,15,17058,1.188109e-04,5.022839e-03,1.225469e-02,0.000000e+00,0.000000e+00
1274,13,17071,3.689961e-05,5.203480e-03,1.222634e-02,0.000000e+00,0.000000e+00
1275,16,17087,2.234469e-05,5.256370e-03,1.154082e-02,0.000000e+00,0.000000e+00
1276,13,17100,7.253034e-05,5.107638e-03,1.245093e-02,0.000000e+00,0.000000e+00
1277,14,17114,2.526678e-05,5.035851e-03,1.315197e-02,0.000000e+00,0.000000e+00
1278,10,17124,1.073841e-04,5.035476e-03,1.099142e-02,0.000000e+00,0.000000e+00
1279,14,17138,1.825676e-04,4.904742e-03,1.184756e-02,0.000000e+00,0.000000e+00
1280,13,17151,1.173894e-05,5.052124e-03,1.375833e-02,0.000000e+00,0.000000e+00
1281,12,17163,1.616682e-04,4.967735e-03,1.194111e-02,0.000000e+00,0.000000e+00
1282,19,17182,7.290354e-05,5.105164e-03,1.317690e-02,0.000000e+00,0.000000e+00
1283,11,17193,4.436821e-05,5.015964e-03,1.025379e-02,0.000000e+00,0.000000e+00
1284,17,17210,1.351302e-04,5.236593e-03,1.521540e-02,0.000000e+00,0.000000e+00
1285,14,17224,4.829373e-05,5.064387e-03,1.268673e-02,0.000000e+00,0.000000e+00
1286,13,17237,5.762257e-05,5.116395e-03,1.364711e-02,0.000000e+00,0.000000e+00
1287,11,17248,1.837453e-04,5.025547e-03,1.625997e-02,0.000000e+00,0.000000e+00
1288,16,17264,5.868111e-05,5.033352e-03,1.548620e-02,0.000000e+00,0.000000e+00
1289,11,17275,2.379529e-05,5.101183e-03,1.010037e-02,0.000000e+00,0.000000e+00
1290,15,17290,6.859474e-05,5.355427e-03,1.403106e-02,0.000000e+00,0.000000e+00
1291,12,17302,2.086002e-04,5.062264e-03,1.197900e-02,0.000000e+00,0.000000e+00
1292,12,17314,1.054676e-04,5.054348e-03,1.317690e-02,0.000000e+00,0.000000e+00
1293,12,17326,7.119359e-05,5.015317e-03,1.076260e-02,0.000000e+00,0.000000e+00
1294,13,17339,1.976111e-04,5.078021e-03,1.343945e-02,0.000000e+00,0.000000e+00
1295,13,17352,3.033395e-04,5.005046e-03,1.081382e-02,0.000000e+00,0.000000e+00
HIST {'total_samples': 1457314, 'floor_samples': 13, 'floor_fraction': 8.920520903525252e-06, 'saturation_depth': 3.725290298461914e-07, 'boundaries': 1296, 'capped_boundaries': 0, 'unfinished_worlds': 0}
1296,11,17363,1.336355e-04,5.236886e-03,1.177845e-02,0.000000e+00,0.000000e+00
1297,13,17376,6.648712e-05,5.242516e-03,1.212436e-02,0.000000e+00,0.000000e+00
1298,10,17386,1.592899e-05,5.403491e-03,1.371034e-02,0.000000e+00,0.000000e+00
1299,12,17398,7.552095e-05,5.259292e-03,1.060211e-02,0.000000e+00,0.000000e+00
1300,10,17408,7.136259e-05,5.345301e-03,1.078450e-02,0.000000e+00,0.000000e+00
1301,13,17421,1.838195e-05,4.880291e-03,1.106119e-02,0.000000e+00,0.000000e+00
1302,18,17439,4.959531e-05,4.973550e-03,1.152263e-02,0.000000e+00,0.000000e+00
1303,17,17456,1.188554e-04,5.115110e-03,1.338744e-02,0.000000e+00,0.000000e+00
1304,23,17479,1.063629e-04,5.164830e-03,1.151456e-02,0.000000e+00,0.000000e+00
1305,14,17493,1.829035e-05,4.964299e-03,1.236240e-02,0.000000e+00,0.000000e+00
1306,15,17508,9.123236e-05,4.988876e-03,1.298360e-02,0.000000e+00,0.000000e+00
1307,11,17519,2.493151e-05,4.945508e-03,1.320051e-02,0.000000e+00,0.000000e+00
1308,14,17533,1.791375e-06,5.138370e-03,1.120757e-02,0.000000e+00,0.000000e+00
1309,12,17545,3.203440e-05,5.156344e-03,1.121315e-02,0.000000e+00,0.000000e+00
1310,12,17557,1.486366e-05,4.943215e-03,1.110755e-02,0.000000e+00,0.000000e+00
1311,11,17568,2.618529e-05,4.994842e-03,1.134040e-02,0.000000e+00,0.000000e+00
1312,12,17580,1.511211e-04,5.296367e-03,1.259078e-02,0.000000e+00,0.000000e+00
1313,13,17593,8.130446e-05,5.085377e-03,1.059644e-02,0.000000e+00,0.000000e+00
1314,14,17607,2.942877e-05,5.162368e-03,1.281113e-02,0.000000e+00,0.000000e+00
1315,15,17622,7.981434e-05,5.072496e-03,1.426792e-02,0.000000e+00,0.000000e+00
1316,13,17635,1.047272e-05,5.095366e-03,1.243250e-02,0.000000e+00,0.000000e+00
1317,12,17647,5.577691e-06,5.154927e-03,1.177919e-02,0.000000e+00,0.000000e+00
1318,16,17663,1.846673e-04,5.081710e-03,1.362161e-02,0.000000e+00,0.000000e+00
1319,13,17676,2.022833e-04,5.013603e-03,1.088877e-02,0.000000e+00,0.000000e+00
1320,14,17690,1.837177e-05,5.352200e-03,1.170895e-02,0.000000e+00,0.000000e+00
1321,17,17707,1.011991e-04,5.146640e-03,1.295787e-02,0.000000e+00,0.000000e+00
1322,17,17724,3.189869e-05,5.148552e-03,1.299200e-02,0.000000e+00,0.000000e+00
1323,16,17740,9.069176e-05,5.099287e-03,1.089302e-02,0.000000e+00,0.000000e+00
1324,11,17751,7.292390e-05,4.935090e-03,1.317690e-02,0.000000e+00,0.000000e+00
1325,13,17764,1.827255e-05,5.175074e-03,1.405631e-02,0.000000e+00,0.000000e+00
1326,12,17776,7.356852e-05,5.333835e-03,1.409473e-02,0.000000e+00,0.000000e+00
1327,16,17792,4.595611e-05,5.408471e-03,1.319215e-02,0.000000e+00,0.000000e+00
1328,16,17808,6.307133e-05,5.089285e-03,1.483608e-02,0.000000e+00,0.000000e+00
1329,14,17822,1.905486e-05,4.860375e-03,1.173571e-02,0.000000e+00,0.000000e+00
1330,15,17837,1.498451e-04,5.178754e-03,1.229709e-02,0.000000e+00,0.000000e+00
1331,13,17850,1.714156e-04,4.979765e-03,1.101883e-02,0.000000e+00,0.000000e+00
1332,13,17863,4.628673e-05,5.071060e-03,1.169094e-02,0.000000e+00,0.000000e+00
1333,11,17874,1.384550e-04,4.967893e-03,1.211670e-02,0.000000e+00,0.000000e+00
1334,15,17889,3.108375e-04,5.152554e-03,1.113369e-02,0.000000e+00,0.000000e+00
1335,17,17906,1.721643e-04,5.144558e-03,1.304398e-02,0.000000e+00,0.000000e+00
1336,13,17919,2.731569e-05,5.124349e-03,1.089000e-02,0.000000e+00,0.000000e+00
1337,14,17933,7.881033e-05,5.086560e-03,1.163106e-02,0.000000e+00,0.000000e+00
1338,14,17947,2.591545e-04,5.451216e-03,1.199078e-02,0.000000e+00,0.000000e+00
1339,10,17957,1.669847e-04,5.266564e-03,1.135027e-02,0.000000e+00,0.000000e+00
1340,13,17970,6.924849e-05,5.463645e-03,1.558914e-02,0.000000e+00,0.000000e+00
1341,14,17984,3.751507e-04,5.203795e-03,1.061032e-02,0.000000e+00,0.000000e+00
1342,16,18000,1.877890e-05,5.213978e-03,1.284717e-02,0.000000e+00,0.000000e+00
1343,14,18014,3.217254e-05,5.080211e-03,1.165917e-02,0.000000e+00,0.000000e+00
HIST {'total_samples': 1513437, 'floor_samples': 13, 'floor_fraction': 8.589719955307026e-06, 'saturation_depth': 3.725290298461914e-07, 'boundaries': 1344, 'capped_boundaries': 0, 'unfinished_worlds': 0}
1344,11,18025,6.080139e-05,5.185287e-03,1.315247e-02,0.000000e+00,0.000000e+00
1345,14,18039,1.399778e-05,5.003172e-03,1.206326e-02,0.000000e+00,0.000000e+00
1346,13,18052,8.963662e-05,4.678466e-03,1.112829e-02,0.000000e+00,0.000000e+00
1347,15,18067,1.713960e-04,5.039334e-03,1.089000e-02,0.000000e+00,0.000000e+00
1348,12,18079,4.557828e-05,4.832167e-03,1.057385e-02,0.000000e+00,0.000000e+00
1349,19,18098,1.117370e-04,4.928362e-03,1.026769e-02,0.000000e+00,0.000000e+00
1350,15,18113,2.826505e-05,4.910278e-03,1.117314e-02,0.000000e+00,0.000000e+00
1351,15,18128,2.544567e-05,5.069348e-03,1.272020e-02,0.000000e+00,0.000000e+00
1352,21,18149,1.156658e-04,5.012574e-03,1.404462e-02,0.000000e+00,0.000000e+00
1353,15,18164,4.800968e-06,4.787114e-03,1.103305e-02,0.000000e+00,0.000000e+00
1354,12,18176,1.526062e-05,5.061078e-03,1.078209e-02,0.000000e+00,0.000000e+00
1355,11,18187,1.006853e-04,5.007891e-03,1.243676e-02,0.000000e+00,0.000000e+00
1356,14,18201,5.245201e-06,4.939928e-03,1.068304e-02,0.000000e+00,0.000000e+00
1357,11,18212,7.253713e-05,4.965201e-03,1.166279e-02,0.000000e+00,0.000000e+00
1358,13,18225,6.427916e-05,5.079667e-03,1.354698e-02,0.000000e+00,0.000000e+00
1359,16,18241,1.211892e-05,4.779121e-03,1.154371e-02,0.000000e+00,0.000000e+00
1360,13,18254,2.734456e-04,5.086930e-03,1.277753e-02,0.000000e+00,0.000000e+00
1361,19,18273,1.420639e-04,4.923238e-03,1.089000e-02,0.000000e+00,0.000000e+00
1362,14,18287,2.049666e-04,4.992287e-03,1.261533e-02,0.000000e+00,0.000000e+00
1363,11,18298,3.641006e-04,5.061368e-03,1.107462e-02,0.000000e+00,0.000000e+00
1364,11,18309,5.182774e-05,5.054203e-03,1.407618e-02,0.000000e+00,0.000000e+00
1365,14,18323,2.651010e-05,5.026748e-03,1.047001e-02,0.000000e+00,0.000000e+00
1366,12,18335,2.814630e-05,4.999071e-03,1.296470e-02,0.000000e+00,0.000000e+00
1367,13,18348,2.229787e-04,5.054370e-03,1.214488e-02,0.000000e+00,0.000000e+00
1368,16,18364,5.053849e-05,5.355556e-03,1.317690e-02,0.000000e+00,0.000000e+00
1369,16,18380,3.447040e-05,4.906573e-03,1.052110e-02,0.000000e+00,0.000000e+00
1370,12,18392,9.383006e-05,5.341724e-03,1.327357e-02,0.000000e+00,0.000000e+00
1371,17,18409,1.440849e-04,5.238021e-03,1.253072e-02,0.000000e+00,0.000000e+00
1372,15,18424,2.632202e-04,5.370736e-03,1.147719e-02,0.000000e+00,0.000000e+00
1373,11,18435,1.428350e-05,5.129170e-03,1.109998e-02,0.000000e+00,0.000000e+00
1374,11,18446,1.437986e-04,5.301609e-03,1.132779e-02,0.000000e+00,0.000000e+00
1375,11,18457,8.033123e-05,5.000535e-03,1.089000e-02,0.000000e+00,0.000000e+00
1376,12,18469,1.139457e-04,5.267204e-03,1.247626e-02,0.000000e+00,0.000000e+00
1377,12,18481,1.263898e-04,5.108517e-03,1.169171e-02,0.000000e+00,0.000000e+00
1378,13,18494,1.314236e-04,5.199474e-03,1.202911e-02,0.000000e+00,0.000000e+00
1379,12,18506,2.471283e-05,4.979337e-03,1.135619e-02,0.000000e+00,0.000000e+00
1380,13,18519,2.252869e-05,5.159933e-03,1.420335e-02,0.000000e+00,0.000000e+00
1381,11,18530,6.051659e-05,5.300946e-03,1.059198e-02,0.000000e+00,0.000000e+00
1382,12,18542,5.775597e-05,5.069202e-03,1.089000e-02,0.000000e+00,0.000000e+00
1383,12,18554,1.559345e-04,5.044717e-03,1.089000e-02,0.000000e+00,0.000000e+00
1384,12,18566,2.893749e-04,5.423591e-03,1.096573e-02,0.000000e+00,0.000000e+00
1385,12,18578,9.828247e-05,5.030188e-03,1.185681e-02,0.000000e+00,0.000000e+00
1386,12,18590,1.023803e-04,5.147886e-03,1.098410e-02,0.000000e+00,0.000000e+00
1387,10,18600,1.064341e-04,5.020071e-03,1.101589e-02,0.000000e+00,0.000000e+00
1388,16,18616,8.516014e-05,5.057883e-03,1.488560e-02,0.000000e+00,0.000000e+00
1389,11,18627,2.243090e-05,4.881723e-03,9.763089e-03,0.000000e+00,0.000000e+00
1390,17,18644,2.252869e-05,5.164053e-03,1.292981e-02,0.000000e+00,0.000000e+00
1391,13,18657,2.446516e-05,5.026112e-03,1.092606e-02,0.000000e+00,0.000000e+00
HIST {'total_samples': 1570350, 'floor_samples': 13, 'floor_fraction': 8.278409271818385e-06, 'saturation_depth': 3.725290298461914e-07, 'boundaries': 1392, 'capped_boundaries': 0, 'unfinished_worlds': 0}
1392,13,18670,5.321577e-05,5.068207e-03,1.089000e-02,0.000000e+00,0.000000e+00
1393,14,18684,2.986146e-04,5.249725e-03,1.137558e-02,0.000000e+00,0.000000e+00
1394,10,18694,1.469115e-04,5.390990e-03,1.093381e-02,0.000000e+00,0.000000e+00
1395,10,18704,4.147459e-04,5.483294e-03,1.180553e-02,0.000000e+00,0.000000e+00
1396,10,18714,2.359322e-05,5.222517e-03,1.088710e-02,0.000000e+00,0.000000e+00
1397,14,18728,5.362251e-05,5.458605e-03,1.093257e-02,0.000000e+00,0.000000e+00
1398,12,18740,6.612390e-05,5.189498e-03,1.230573e-02,0.000000e+00,0.000000e+00
1399,11,18751,5.428679e-05,5.025577e-03,1.091251e-02,0.000000e+00,0.000000e+00
1400,11,18762,1.907209e-04,5.085249e-03,1.161961e-02,0.000000e+00,0.000000e+00
1401,15,18777,1.120967e-04,5.113503e-03,1.108326e-02,0.000000e+00,0.000000e+00
1402,10,18787,8.692241e-06,5.142499e-03,1.139776e-02,0.000000e+00,0.000000e+00
1403,14,18801,1.814682e-05,4.961688e-03,1.333302e-02,0.000000e+00,0.000000e+00
1404,11,18812,7.966869e-05,5.437761e-03,1.523560e-02,0.000000e+00,0.000000e+00
1405,12,18824,1.272187e-05,5.220134e-03,1.097856e-02,0.000000e+00,0.000000e+00
1406,10,18834,1.136912e-05,5.159494e-03,1.277201e-02,0.000000e+00,0.000000e+00
1407,15,18849,9.704847e-05,5.086145e-03,1.299366e-02,0.000000e+00,0.000000e+00
1408,13,18862,1.403969e-05,5.158256e-03,1.345433e-02,0.000000e+00,0.000000e+00
1409,13,18875,1.184072e-05,4.948294e-03,1.248176e-02,0.000000e+00,0.000000e+00
1410,13,18888,1.842249e-04,5.124284e-03,1.465429e-02,0.000000e+00,0.000000e+00
1411,14,18902,1.780518e-05,5.107404e-03,1.197900e-02,0.000000e+00,0.000000e+00
1412,12,18914,4.776753e-05,5.045949e-03,1.262547e-02,0.000000e+00,0.000000e+00
1413,11,18925,7.433817e-05,5.206462e-03,1.140081e-02,0.000000e+00,0.000000e+00
1414,12,18937,9.274576e-05,4.995903e-03,1.100317e-02,0.000000e+00,0.000000e+00
1415,11,18948,1.297492e-04,5.226971e-03,1.141562e-02,0.000000e+00,0.000000e+00
1416,13,18961,2.445499e-04,5.380405e-03,1.415913e-02,0.000000e+00,0.000000e+00
1417,16,18977,2.146257e-05,4.990422e-03,1.079884e-02,0.000000e+00,0.000000e+00
1418,15,18992,7.191964e-05,5.157024e-03,1.252201e-02,0.000000e+00,0.000000e+00
1419,12,19004,4.566650e-06,5.164168e-03,1.056078e-02,0.000000e+00,0.000000e+00
1420,14,19018,1.674291e-04,5.332201e-03,1.290942e-02,0.000000e+00,0.000000e+00
1421,13,19031,1.057183e-05,5.358691e-03,1.249950e-02,0.000000e+00,0.000000e+00
1422,10,19041,6.132745e-05,5.261889e-03,1.342864e-02,0.000000e+00,0.000000e+00
1423,11,19052,1.432979e-04,5.015256e-03,1.309220e-02,0.000000e+00,0.000000e+00
1424,14,19066,3.282912e-06,5.336362e-03,1.124704e-02,0.000000e+00,0.000000e+00
1425,13,19079,2.875831e-04,5.175742e-03,1.174406e-02,0.000000e+00,0.000000e+00
1426,12,19091,2.433827e-04,5.371548e-03,1.317690e-02,0.000000e+00,0.000000e+00
1427,11,19102,2.956787e-05,5.200467e-03,1.317690e-02,0.000000e+00,0.000000e+00
1428,13,19115,3.392417e-05,5.170101e-03,1.197900e-02,0.000000e+00,0.000000e+00
1429,12,19127,1.380220e-05,5.197815e-03,1.035242e-02,0.000000e+00,0.000000e+00
1430,12,19139,7.723458e-05,5.264189e-03,1.256994e-02,0.000000e+00,0.000000e+00
1431,15,19154,1.947023e-04,5.165152e-03,1.131004e-02,0.000000e+00,0.000000e+00
1432,16,19170,2.140179e-05,4.972709e-03,1.449459e-02,0.000000e+00,0.000000e+00
1433,14,19184,1.347705e-04,5.165344e-03,1.090235e-02,0.000000e+00,0.000000e+00
1434,11,19195,4.378147e-05,5.312572e-03,1.294823e-02,0.000000e+00,0.000000e+00
1435,10,19205,2.926252e-05,5.297393e-03,1.197463e-02,0.000000e+00,0.000000e+00
1436,9,19214,8.166364e-06,5.190661e-03,1.558155e-02,0.000000e+00,0.000000e+00
1437,12,19226,2.372894e-05,4.989112e-03,1.058221e-02,0.000000e+00,0.000000e+00
1438,17,19243,2.102694e-04,5.338261e-03,1.402909e-02,0.000000e+00,0.000000e+00
1439,12,19255,1.729466e-05,5.044119e-03,1.250310e-02,0.000000e+00,0.000000e+00
HIST {'total_samples': 1625587, 'floor_samples': 13, 'floor_fraction': 7.99711119737055e-06, 'saturation_depth': 3.725290298461914e-07, 'boundaries': 1440, 'capped_boundaries': 0, 'unfinished_worlds': 0}
1440,11,19266,4.507601e-06,5.313202e-03,1.200476e-02,0.000000e+00,0.000000e+00
1441,13,19279,3.676768e-04,5.057088e-03,1.193726e-02,0.000000e+00,0.000000e+00
1442,12,19291,2.689268e-04,5.162050e-03,1.146146e-02,0.000000e+00,0.000000e+00
1443,14,19305,2.375574e-04,5.272471e-03,1.266471e-02,0.000000e+00,0.000000e+00
1444,12,19317,4.261176e-05,5.301293e-03,1.315095e-02,0.000000e+00,0.000000e+00
1445,12,19329,2.326782e-04,5.363465e-03,1.139402e-02,0.000000e+00,0.000000e+00
1446,11,19340,3.363937e-05,5.060883e-03,1.125287e-02,0.000000e+00,0.000000e+00
1447,14,19354,2.533387e-06,4.879454e-03,1.417954e-02,0.000000e+00,0.000000e+00
1448,12,19366,1.618393e-04,4.903048e-03,1.187789e-02,0.000000e+00,0.000000e+00
1449,18,19384,1.589124e-05,5.010128e-03,1.107489e-02,0.000000e+00,0.000000e+00
1450,13,19397,6.022397e-05,4.834702e-03,1.066470e-02,0.000000e+00,0.000000e+00
1451,13,19410,1.011509e-04,4.704321e-03,1.373048e-02,0.000000e+00,0.000000e+00
1452,11,19421,7.314675e-05,4.856385e-03,1.171386e-02,0.000000e+00,0.000000e+00
1453,13,19434,1.078129e-05,4.957255e-03,1.113657e-02,0.000000e+00,0.000000e+00
1454,22,19456,2.825350e-05,4.914230e-03,1.216043e-02,0.000000e+00,0.000000e+00
1455,17,19473,3.237505e-05,4.838023e-03,1.032324e-02,0.000000e+00,0.000000e+00
1456,13,19486,7.012859e-06,4.627584e-03,1.197900e-02,0.000000e+00,0.000000e+00
1457,14,19500,1.440864e-05,4.746936e-03,1.372004e-02,0.000000e+00,0.000000e+00
1458,10,19510,8.599367e-05,4.982584e-03,1.378811e-02,0.000000e+00,0.000000e+00
1459,18,19528,2.444958e-04,4.967889e-03,1.312189e-02,0.000000e+00,0.000000e+00
1460,12,19540,2.472661e-05,4.975308e-03,1.150841e-02,0.000000e+00,0.000000e+00
1461,12,19552,5.503639e-05,4.873171e-03,1.378172e-02,0.000000e+00,0.000000e+00
1462,9,19561,9.176787e-05,4.607988e-03,1.264655e-02,0.000000e+00,0.000000e+00
1463,11,19572,7.676931e-05,4.686242e-03,1.097465e-02,0.000000e+00,0.000000e+00
1464,13,19585,7.841736e-06,4.856497e-03,1.396536e-02,0.000000e+00,0.000000e+00
1465,14,19599,2.742745e-05,4.542879e-03,1.135068e-02,0.000000e+00,0.000000e+00
1466,18,19617,2.324191e-05,4.490507e-03,1.078681e-02,0.000000e+00,0.000000e+00
1467,13,19630,1.688925e-04,4.480101e-03,9.833603e-03,0.000000e+00,0.000000e+00
1468,12,19642,1.052395e-05,4.431594e-03,1.122933e-02,0.000000e+00,0.000000e+00
1469,12,19654,2.807357e-05,4.721986e-03,1.065823e-02,0.000000e+00,0.000000e+00
1470,13,19667,1.414402e-04,4.802137e-03,1.185254e-02,0.000000e+00,0.000000e+00
1471,10,19677,5.385846e-05,4.824983e-03,1.293162e-02,0.000000e+00,0.000000e+00
1472,13,19690,5.389925e-05,4.922682e-03,1.059326e-02,0.000000e+00,0.000000e+00
1473,13,19703,6.048940e-05,5.047025e-03,1.073184e-02,0.000000e+00,0.000000e+00
1474,9,19712,1.303852e-06,4.730072e-03,1.074453e-02,0.000000e+00,0.000000e+00
1475,12,19724,5.467414e-05,4.904344e-03,1.336408e-02,0.000000e+00,0.000000e+00
1476,19,19743,1.972731e-04,4.999354e-03,1.147707e-02,0.000000e+00,0.000000e+00
1477,13,19756,4.077796e-05,4.733011e-03,1.130369e-02,0.000000e+00,0.000000e+00
1478,10,19766,1.035165e-05,5.048989e-03,1.145068e-02,0.000000e+00,0.000000e+00
1479,11,19777,9.727664e-06,4.778953e-03,1.089000e-02,0.000000e+00,0.000000e+00
1480,12,19789,7.482128e-05,4.865068e-03,1.254983e-02,0.000000e+00,0.000000e+00
1481,13,19802,7.224471e-05,4.732663e-03,1.132344e-02,0.000000e+00,0.000000e+00
1482,14,19816,3.523193e-05,4.882582e-03,1.562539e-02,0.000000e+00,0.000000e+00
1483,14,19830,8.331146e-05,4.522805e-03,1.092003e-02,0.000000e+00,0.000000e+00
1484,11,19841,1.139784e-05,4.938228e-03,1.317690e-02,0.000000e+00,0.000000e+00
1485,12,19853,1.748092e-05,4.531189e-03,1.062040e-02,0.000000e+00,0.000000e+00
1486,13,19866,1.399264e-04,4.855094e-03,1.043962e-02,0.000000e+00,0.000000e+00
1487,11,19877,4.931468e-05,4.528126e-03,1.098727e-02,0.000000e+00,0.000000e+00
HIST {'total_samples': 1682510, 'floor_samples': 13, 'floor_fraction': 7.726551402369079e-06, 'saturation_depth': 3.725290298461914e-07, 'boundaries': 1488, 'capped_boundaries': 0, 'unfinished_worlds': 0}
1488,14,19891,1.912323e-04,4.938206e-03,1.177330e-02,0.000000e+00,0.000000e+00
1489,13,19904,3.323391e-05,4.738001e-03,1.187092e-02,0.000000e+00,0.000000e+00
1490,14,19918,2.775690e-05,4.761748e-03,1.130729e-02,0.000000e+00,0.000000e+00
1491,13,19931,5.631708e-05,4.802545e-03,1.146188e-02,0.000000e+00,0.000000e+00
1492,13,19944,1.000240e-05,4.728810e-03,1.150394e-02,0.000000e+00,0.000000e+00
1493,13,19957,9.764096e-06,4.577972e-03,1.089000e-02,0.000000e+00,0.000000e+00
1494,14,19971,1.147221e-05,4.655080e-03,1.415867e-02,0.000000e+00,0.000000e+00
1495,11,19982,4.106918e-05,4.748903e-03,1.160276e-02,0.000000e+00,0.000000e+00
1496,10,19992,7.007598e-06,4.928403e-03,1.132707e-02,0.000000e+00,0.000000e+00
1497,11,20003,1.954738e-05,4.721786e-03,1.257635e-02,0.000000e+00,0.000000e+00
1498,11,20014,2.883647e-06,4.857014e-03,1.296577e-02,0.000000e+00,0.000000e+00
1499,14,20028,2.005598e-06,4.849903e-03,1.206523e-02,0.000000e+00,0.000000e+00
1500,11,20039,7.544179e-05,4.858189e-03,1.102476e-02,0.000000e+00,0.000000e+00
1501,17,20056,2.867093e-05,4.549200e-03,1.146495e-02,0.000000e+00,0.000000e+00
1502,13,20069,1.259893e-04,4.795466e-03,1.317690e-02,0.000000e+00,0.000000e+00
1503,10,20079,7.268041e-05,4.812720e-03,1.133728e-02,0.000000e+00,0.000000e+00
1504,22,20101,2.137545e-06,4.813013e-03,1.243991e-02,0.000000e+00,0.000000e+00
1505,13,20114,1.350348e-04,4.639990e-03,1.364013e-02,0.000000e+00,0.000000e+00
1506,17,20131,1.009756e-05,4.779399e-03,1.317690e-02,0.000000e+00,0.000000e+00
1507,12,20143,2.322271e-06,4.672962e-03,1.220957e-02,0.000000e+00,0.000000e+00
1508,13,20156,6.453600e-05,4.864280e-03,1.149386e-02,0.000000e+00,0.000000e+00
1509,10,20166,1.218041e-04,4.862359e-03,1.226065e-02,0.000000e+00,0.000000e+00
1510,12,20178,1.713494e-04,4.965621e-03,1.045253e-02,0.000000e+00,0.000000e+00
1511,12,20190,6.954339e-05,4.909336e-03,1.102178e-02,0.000000e+00,0.000000e+00
1512,13,20203,3.219513e-05,4.604123e-03,1.413696e-02,0.000000e+00,0.000000e+00
1513,16,20219,3.196962e-05,4.604043e-03,1.170668e-02,0.000000e+00,0.000000e+00
1514,10,20229,5.010981e-05,4.896262e-03,1.117753e-02,0.000000e+00,0.000000e+00
1515,13,20242,1.094682e-05,4.687382e-03,1.230737e-02,0.000000e+00,0.000000e+00
1516,11,20253,6.971612e-05,4.804975e-03,1.355428e-02,0.000000e+00,0.000000e+00
1517,12,20265,1.136665e-05,4.753189e-03,1.205098e-02,0.000000e+00,0.000000e+00
1518,12,20277,2.112426e-04,4.890619e-03,1.169804e-02,0.000000e+00,0.000000e+00
1519,11,20288,1.374865e-04,4.651475e-03,1.255292e-02,0.000000e+00,0.000000e+00
1520,11,20299,1.448301e-05,5.148948e-03,1.104090e-02,0.000000e+00,0.000000e+00
1521,11,20310,1.571851e-04,4.699682e-03,1.270659e-02,0.000000e+00,0.000000e+00
1522,15,20325,3.242783e-05,4.591208e-03,1.317776e-02,0.000000e+00,0.000000e+00
1523,11,20336,4.265923e-05,4.471733e-03,1.089000e-02,0.000000e+00,0.000000e+00
1524,13,20349,1.870076e-04,4.806493e-03,1.335604e-02,0.000000e+00,0.000000e+00
1525,18,20367,1.449021e-06,4.674655e-03,1.187989e-02,0.000000e+00,0.000000e+00
1526,13,20380,7.021032e-05,5.044056e-03,1.223745e-02,0.000000e+00,0.000000e+00
1527,12,20392,5.995922e-05,4.719859e-03,1.160630e-02,0.000000e+00,0.000000e+00
1528,11,20403,1.874514e-04,4.873586e-03,1.258534e-02,0.000000e+00,0.000000e+00
1529,14,20417,2.780488e-05,4.873275e-03,1.197900e-02,0.000000e+00,0.000000e+00
1530,18,20435,1.316498e-04,5.015730e-03,1.223715e-02,0.000000e+00,0.000000e+00
1531,15,20450,1.494773e-06,4.882369e-03,1.292516e-02,0.000000e+00,0.000000e+00
1532,12,20462,1.778649e-05,4.831632e-03,1.317690e-02,0.000000e+00,0.000000e+00
1533,12,20474,3.234627e-05,4.635512e-03,1.274823e-02,0.000000e+00,0.000000e+00
1534,11,20485,4.057258e-05,4.647046e-03,1.152506e-02,0.000000e+00,0.000000e+00
1535,13,20498,1.807231e-05,4.778896e-03,1.135332e-02,0.000000e+00,0.000000e+00
HIST {'total_samples': 1740474, 'floor_samples': 13, 'floor_fraction': 7.469229646636491e-06, 'saturation_depth': 3.725290298461914e-07, 'boundaries': 1536, 'capped_boundaries': 0, 'unfinished_worlds': 0}
1536,16,20514,3.231748e-05,4.726844e-03,1.089000e-02,0.000000e+00,0.000000e+00
1537,14,20528,6.855259e-05,4.644157e-03,1.153379e-02,0.000000e+00,0.000000e+00
1538,11,20539,6.525391e-06,4.745071e-03,1.275788e-02,0.000000e+00,0.000000e+00
1539,17,20556,1.364853e-04,4.688033e-03,1.242144e-02,0.000000e+00,0.000000e+00
1540,13,20569,2.282208e-05,5.017118e-03,1.261386e-02,0.000000e+00,0.000000e+00
1541,12,20581,1.382735e-04,4.857562e-03,1.053159e-02,0.000000e+00,0.000000e+00
1542,14,20595,3.416091e-05,4.988693e-03,1.075852e-02,0.000000e+00,0.000000e+00
1543,11,20606,1.926430e-06,4.666023e-03,1.077096e-02,0.000000e+00,0.000000e+00
1544,12,20618,3.114808e-05,4.588095e-03,1.314782e-02,0.000000e+00,0.000000e+00
1545,13,20631,1.780808e-05,4.918581e-03,1.199115e-02,0.000000e+00,0.000000e+00
1546,15,20646,1.511036e-04,4.741790e-03,1.139183e-02,0.000000e+00,0.000000e+00
1547,14,20660,2.715234e-05,4.934515e-03,1.233481e-02,0.000000e+00,0.000000e+00
1548,11,20671,1.844143e-05,4.719036e-03,1.650921e-02,0.000000e+00,0.000000e+00
1549,17,20688,4.796642e-05,4.945104e-03,1.103374e-02,0.000000e+00,0.000000e+00
1550,12,20700,3.130029e-05,4.907155e-03,1.357175e-02,0.000000e+00,0.000000e+00
1551,12,20712,1.917793e-04,5.024689e-03,1.169145e-02,0.000000e+00,0.000000e+00
1552,16,20728,2.671572e-05,4.969271e-03,1.161977e-02,0.000000e+00,0.000000e+00
1553,12,20740,5.670823e-05,4.847347e-03,1.361674e-02,0.000000e+00,0.000000e+00
1554,15,20755,2.135146e-06,4.908069e-03,1.201881e-02,0.000000e+00,0.000000e+00
1555,11,20766,4.824951e-05,4.862400e-03,1.217770e-02,0.000000e+00,0.000000e+00
1556,15,20781,4.617497e-05,4.945995e-03,1.285086e-02,0.000000e+00,0.000000e+00
1557,13,20794,1.379688e-05,4.688858e-03,1.000000e-02,0.000000e+00,0.000000e+00
1558,14,20808,3.829589e-05,4.963331e-03,1.311521e-02,0.000000e+00,0.000000e+00
1559,12,20820,1.864534e-05,4.796628e-03,1.128923e-02,0.000000e+00,0.000000e+00
1560,16,20836,3.718489e-04,5.092266e-03,1.112793e-02,0.000000e+00,0.000000e+00
1561,15,20851,6.146342e-06,4.846152e-03,1.209667e-02,0.000000e+00,0.000000e+00
1562,12,20863,6.645343e-06,4.765413e-03,1.073718e-02,0.000000e+00,0.000000e+00
1563,13,20876,1.164158e-04,4.641172e-03,1.195547e-02,0.000000e+00,0.000000e+00
1564,13,20889,1.711771e-05,5.235035e-03,1.246229e-02,0.000000e+00,0.000000e+00
1565,11,20900,1.847501e-05,5.031288e-03,1.088379e-02,0.000000e+00,0.000000e+00
1566,12,20912,1.837220e-04,4.946343e-03,1.228425e-02,0.000000e+00,0.000000e+00
1567,11,20923,3.046494e-04,4.999535e-03,1.089000e-02,0.000000e+00,0.000000e+00
1568,13,20936,2.202578e-05,4.966205e-03,1.242411e-02,0.000000e+00,0.000000e+00
1569,11,20947,9.545064e-05,4.881700e-03,1.140091e-02,0.000000e+00,0.000000e+00
1570,10,20957,3.842637e-05,4.979540e-03,1.534801e-02,0.000000e+00,0.000000e+00
1571,10,20967,1.349221e-05,4.927514e-03,1.264999e-02,0.000000e+00,0.000000e+00
1572,15,20982,5.709939e-05,4.704713e-03,1.314268e-02,0.000000e+00,0.000000e+00
1573,14,20996,2.144742e-05,4.832956e-03,1.141147e-02,0.000000e+00,0.000000e+00
1574,13,21009,2.196562e-05,5.092010e-03,1.180638e-02,0.000000e+00,0.000000e+00
1575,12,21021,6.458218e-06,5.041244e-03,1.224464e-02,0.000000e+00,0.000000e+00
1576,13,21034,1.821620e-04,5.158539e-03,1.377909e-02,0.000000e+00,0.000000e+00
1577,13,21047,6.297002e-05,4.833666e-03,1.123920e-02,0.000000e+00,0.000000e+00
1578,12,21059,3.242400e-05,5.004420e-03,1.334392e-02,0.000000e+00,0.000000e+00
1579,13,21072,3.909477e-05,5.066901e-03,1.200967e-02,0.000000e+00,0.000000e+00
1580,14,21086,1.922591e-05,4.963695e-03,1.133366e-02,0.000000e+00,0.000000e+00
1581,11,21097,3.473088e-04,4.930296e-03,1.218814e-02,0.000000e+00,0.000000e+00
1582,13,21110,4.990484e-05,4.883119e-03,1.343059e-02,0.000000e+00,0.000000e+00
1583,13,21123,2.417713e-05,4.846976e-03,1.129940e-02,0.000000e+00,0.000000e+00
HIST {'total_samples': 1796869, 'floor_samples': 13, 'floor_fraction': 7.234806766659116e-06, 'saturation_depth': 3.725290298461914e-07, 'boundaries': 1584, 'capped_boundaries': 0, 'unfinished_worlds': 0}
1584,13,21136,1.184286e-04,5.022414e-03,1.317690e-02,0.000000e+00,0.000000e+00
1585,16,21152,1.513315e-05,4.933335e-03,1.025704e-02,0.000000e+00,0.000000e+00
1586,19,21171,1.108926e-04,5.088933e-03,1.213658e-02,0.000000e+00,0.000000e+00
1587,11,21182,9.257346e-06,4.782450e-03,1.000483e-02,0.000000e+00,0.000000e+00
1588,14,21196,9.027350e-05,4.746583e-03,1.263635e-02,0.000000e+00,0.000000e+00
1589,23,21219,1.859386e-04,4.756013e-03,1.147846e-02,0.000000e+00,0.000000e+00
1590,13,21232,2.629349e-05,4.743373e-03,1.093002e-02,0.000000e+00,0.000000e+00
1591,13,21245,6.998961e-05,4.799804e-03,1.267952e-02,0.000000e+00,0.000000e+00
1592,14,21259,1.780328e-05,4.755052e-03,1.400550e-02,0.000000e+00,0.000000e+00
1593,13,21272,4.795846e-05,4.893543e-03,1.239170e-02,0.000000e+00,0.000000e+00
1594,13,21285,1.404714e-04,5.003008e-03,1.242250e-02,0.000000e+00,0.000000e+00
1595,17,21302,1.559220e-04,4.987669e-03,1.225450e-02,0.000000e+00,0.000000e+00
1596,20,21322,1.223775e-04,5.037514e-03,1.195474e-02,0.000000e+00,0.000000e+00
1597,17,21339,2.199680e-05,4.670380e-03,1.051487e-02,0.000000e+00,0.000000e+00
1598,17,21356,7.473971e-05,4.785198e-03,1.318124e-02,0.000000e+00,0.000000e+00
1599,12,21368,9.596163e-06,4.639513e-03,1.143407e-02,0.000000e+00,0.000000e+00
1600,13,21381,2.297801e-05,4.819959e-03,1.505719e-02,0.000000e+00,0.000000e+00
1601,13,21394,3.452699e-05,4.697140e-03,1.088090e-02,0.000000e+00,0.000000e+00
1602,11,21405,8.922991e-05,4.760711e-03,1.235846e-02,0.000000e+00,0.000000e+00
1603,12,21417,1.538545e-05,4.609711e-03,1.188879e-02,0.000000e+00,0.000000e+00
1604,13,21430,8.218874e-05,5.050379e-03,1.198599e-02,0.000000e+00,0.000000e+00
1605,10,21440,2.944823e-05,4.749790e-03,1.012855e-02,0.000000e+00,0.000000e+00
1606,13,21453,3.026798e-05,4.814685e-03,1.152149e-02,0.000000e+00,0.000000e+00
1607,12,21465,1.763055e-05,4.691254e-03,1.089000e-02,0.000000e+00,0.000000e+00
1608,10,21475,2.211676e-05,4.721111e-03,1.138620e-02,0.000000e+00,0.000000e+00
1609,11,21486,6.218793e-05,4.829503e-03,1.187969e-02,0.000000e+00,0.000000e+00
1610,12,21498,9.000241e-05,5.035787e-03,1.254139e-02,0.000000e+00,0.000000e+00
1611,12,21510,5.337866e-06,5.003073e-03,1.268047e-02,0.000000e+00,0.000000e+00
1612,13,21523,2.234243e-05,4.740504e-03,1.283885e-02,0.000000e+00,0.000000e+00
1613,13,21536,3.451761e-04,4.859159e-03,1.259286e-02,0.000000e+00,0.000000e+00
1614,15,21551,2.434477e-05,4.665060e-03,1.309575e-02,0.000000e+00,0.000000e+00
1615,18,21569,2.297573e-05,4.846461e-03,1.402984e-02,0.000000e+00,0.000000e+00
1616,13,21582,2.578009e-05,4.766988e-03,1.408597e-02,0.000000e+00,0.000000e+00
1617,12,21594,9.159558e-06,4.641076e-03,1.128772e-02,0.000000e+00,0.000000e+00
1618,10,21604,2.933666e-05,4.629915e-03,1.045284e-02,0.000000e+00,0.000000e+00
1619,13,21617,2.104678e-05,4.303047e-03,1.029557e-02,0.000000e+00,0.000000e+00
1620,12,21629,8.647330e-06,4.560543e-03,1.201134e-02,0.000000e+00,0.000000e+00
1621,13,21642,7.014555e-05,4.624663e-03,1.197183e-02,0.000000e+00,0.000000e+00
1622,13,21655,6.343063e-06,4.818706e-03,1.199817e-02,0.000000e+00,0.000000e+00
1623,16,21671,9.279490e-05,4.481198e-03,1.115055e-02,0.000000e+00,0.000000e+00
1624,15,21686,1.216540e-04,4.738675e-03,1.583591e-02,0.000000e+00,0.000000e+00
1625,12,21698,3.049661e-05,4.548236e-03,1.261266e-02,0.000000e+00,0.000000e+00
1626,23,21721,1.510844e-04,5.109069e-03,1.113638e-02,0.000000e+00,0.000000e+00
1627,11,21732,8.387491e-05,4.783028e-03,1.000000e-02,0.000000e+00,0.000000e+00
1628,15,21747,1.758257e-04,4.971409e-03,1.086642e-02,0.000000e+00,0.000000e+00
1629,11,21758,1.351349e-05,4.766833e-03,1.000000e-02,0.000000e+00,0.000000e+00
1630,12,21770,1.319472e-06,4.771606e-03,1.317690e-02,0.000000e+00,0.000000e+00
1631,12,21782,8.926727e-06,4.624692e-03,1.374079e-02,0.000000e+00,0.000000e+00
HIST {'total_samples': 1854595, 'floor_samples': 13, 'floor_fraction': 7.009616654849172e-06, 'saturation_depth': 3.725290298461914e-07, 'boundaries': 1632, 'capped_boundaries': 0, 'unfinished_worlds': 0}
1632,13,21795,2.332032e-05,4.672248e-03,1.153650e-02,0.000000e+00,0.000000e+00
1633,14,21809,1.632643e-04,4.674271e-03,9.907619e-03,0.000000e+00,0.000000e+00
1634,14,21823,1.549972e-04,4.665513e-03,1.317690e-02,0.000000e+00,0.000000e+00
1635,13,21836,7.739291e-06,4.790148e-03,1.357627e-02,0.000000e+00,0.000000e+00
1636,14,21850,8.409377e-05,4.797439e-03,1.248229e-02,0.000000e+00,0.000000e+00
1637,13,21863,1.466462e-04,4.609959e-03,1.247443e-02,0.000000e+00,0.000000e+00
1638,11,21874,2.501000e-05,4.768900e-03,1.213525e-02,0.000000e+00,0.000000e+00
1639,14,21888,3.406878e-05,4.424205e-03,1.102700e-02,0.000000e+00,0.000000e+00
1640,14,21902,3.848225e-05,4.921401e-03,1.635751e-02,0.000000e+00,0.000000e+00
1641,11,21913,6.698122e-06,4.848382e-03,1.244809e-02,0.000000e+00,0.000000e+00
1642,13,21926,1.391444e-05,4.726012e-03,1.375872e-02,0.000000e+00,0.000000e+00
1643,17,21943,7.918754e-05,4.542651e-03,1.041011e-02,0.000000e+00,0.000000e+00
1644,11,21954,3.135763e-05,4.794724e-03,1.284686e-02,0.000000e+00,0.000000e+00
1645,12,21966,1.276290e-06,4.647987e-03,1.395648e-02,0.000000e+00,0.000000e+00
1646,15,21981,2.137065e-05,4.943363e-03,1.421309e-02,0.000000e+00,0.000000e+00
1647,11,21992,1.345854e-04,4.531984e-03,1.181040e-02,0.000000e+00,0.000000e+00
1648,11,22003,1.916834e-06,5.031669e-03,1.293985e-02,0.000000e+00,0.000000e+00
1649,12,22015,4.854219e-05,4.704915e-03,1.000000e-02,0.000000e+00,0.000000e+00
1650,14,22029,1.620501e-05,4.658417e-03,1.061010e-02,0.000000e+00,0.000000e+00
1651,13,22042,1.496263e-04,4.607071e-03,1.227035e-02,0.000000e+00,0.000000e+00
1652,14,22056,7.264316e-06,4.944963e-03,1.317690e-02,0.000000e+00,0.000000e+00
1653,14,22070,1.767853e-05,4.989174e-03,1.217755e-02,0.000000e+00,0.000000e+00
1654,12,22082,7.580500e-05,5.040176e-03,1.248395e-02,0.000000e+00,0.000000e+00
1655,12,22094,8.936040e-06,4.930613e-03,1.239442e-02,0.000000e+00,0.000000e+00
1656,13,22107,1.724526e-04,4.983090e-03,1.509707e-02,0.000000e+00,0.000000e+00
1657,12,22119,1.317821e-05,4.882872e-03,1.163191e-02,0.000000e+00,0.000000e+00
1658,12,22131,7.235507e-05,4.909241e-03,1.278499e-02,0.000000e+00,0.000000e+00
1659,9,22140,1.891050e-04,4.855742e-03,1.181243e-02,0.000000e+00,0.000000e+00
1660,11,22151,1.688469e-04,4.899349e-03,1.239870e-02,0.000000e+00,0.000000e+00
1661,14,22165,2.057705e-04,4.504604e-03,1.107867e-02,0.000000e+00,0.000000e+00
1662,11,22176,2.021168e-04,4.842708e-03,1.105091e-02,0.000000e+00,0.000000e+00
1663,12,22188,8.572732e-05,4.699204e-03,1.321857e-02,0.000000e+00,0.000000e+00
1664,11,22199,1.636146e-06,4.687405e-03,1.248353e-02,0.000000e+00,0.000000e+00
1665,13,22212,8.217525e-05,4.462628e-03,1.031607e-02,0.000000e+00,0.000000e+00
1666,13,22225,6.542541e-06,4.928131e-03,1.089000e-02,0.000000e+00,0.000000e+00
1667,12,22237,1.743143e-05,4.846567e-03,1.181946e-02,0.000000e+00,0.000000e+00
1668,15,22252,1.561362e-05,4.711283e-03,1.107166e-02,0.000000e+00,0.000000e+00
1669,14,22266,1.757537e-05,4.669467e-03,1.268214e-02,0.000000e+00,0.000000e+00
1670,13,22279,3.085472e-05,4.806573e-03,1.116631e-02,0.000000e+00,0.000000e+00
1671,16,22295,5.666534e-06,4.814337e-03,1.025071e-02,0.000000e+00,0.000000e+00
1672,12,22307,1.111161e-04,4.774644e-03,1.047256e-02,0.000000e+00,0.000000e+00
1673,12,22319,2.838206e-05,4.698319e-03,1.203354e-02,0.000000e+00,0.000000e+00
1674,12,22331,2.168301e-04,4.940302e-03,1.261534e-02,0.000000e+00,0.000000e+00
1675,12,22343,9.040785e-05,4.913572e-03,1.089000e-02,0.000000e+00,0.000000e+00
1676,14,22357,9.711317e-06,4.906279e-03,1.030444e-02,0.000000e+00,0.000000e+00
1677,15,22372,2.276210e-04,4.997043e-03,1.197645e-02,0.000000e+00,0.000000e+00
1678,15,22387,9.025447e-05,4.745518e-03,1.098741e-02,0.000000e+00,0.000000e+00
1679,14,22401,5.193055e-05,4.643275e-03,1.240369e-02,0.000000e+00,0.000000e+00
HIST {'total_samples': 1911329, 'floor_samples': 13, 'floor_fraction': 6.801550125593239e-06, 'saturation_depth': 3.725290298461914e-07, 'boundaries': 1680, 'capped_boundaries': 0, 'unfinished_worlds': 0}
1680,12,22413,8.631509e-05,4.881673e-03,1.390500e-02,0.000000e+00,0.000000e+00
1681,12,22425,1.078729e-04,4.740204e-03,1.226825e-02,0.000000e+00,0.000000e+00
1682,13,22438,4.283153e-05,4.906734e-03,1.134975e-02,0.000000e+00,0.000000e+00
1683,11,22449,1.208541e-04,4.647183e-03,1.089000e-02,0.000000e+00,0.000000e+00
1684,14,22463,3.936346e-05,4.829891e-03,1.302403e-02,0.000000e+00,0.000000e+00
1685,11,22474,1.305078e-05,4.745179e-03,1.208126e-02,0.000000e+00,0.000000e+00
1686,11,22485,1.583248e-07,4.785431e-03,1.325392e-02,0.000000e+00,0.000000e+00
1687,17,22502,5.973612e-06,4.636153e-03,1.027320e-02,0.000000e+00,0.000000e+00
1688,12,22514,3.972092e-05,4.716099e-03,1.317690e-02,0.000000e+00,0.000000e+00
1689,12,22526,6.731134e-05,4.645401e-03,1.181037e-02,0.000000e+00,0.000000e+00
1690,13,22539,3.544583e-05,4.639268e-03,1.095380e-02,0.000000e+00,0.000000e+00
1691,13,22552,4.421432e-05,4.827268e-03,1.094761e-02,0.000000e+00,0.000000e+00
1692,11,22563,1.324061e-04,5.011813e-03,1.430243e-02,0.000000e+00,0.000000e+00
1693,14,22577,1.621512e-05,4.512580e-03,1.228626e-02,0.000000e+00,0.000000e+00
1694,15,22592,1.263815e-05,4.815005e-03,1.279791e-02,0.000000e+00,0.000000e+00
1695,17,22609,2.331100e-04,4.909961e-03,1.120847e-02,0.000000e+00,0.000000e+00
1696,15,22624,3.548339e-05,4.956170e-03,1.185526e-02,0.000000e+00,0.000000e+00
1697,14,22638,6.895563e-05,4.875862e-03,1.203062e-02,0.000000e+00,0.000000e+00
1698,12,22650,3.294842e-05,4.894596e-03,1.373459e-02,0.000000e+00,0.000000e+00
1699,14,22664,2.377201e-05,4.866155e-03,1.010038e-02,0.000000e+00,0.000000e+00
1700,12,22676,6.535556e-05,4.790289e-03,1.260492e-02,0.000000e+00,0.000000e+00
1701,11,22687,2.810732e-05,4.764426e-03,1.111251e-02,0.000000e+00,0.000000e+00
1702,21,22708,1.731148e-05,4.868641e-03,1.225935e-02,0.000000e+00,0.000000e+00
1703,13,22721,3.522751e-05,5.040996e-03,1.157443e-02,0.000000e+00,0.000000e+00
1704,12,22733,3.637746e-05,4.954191e-03,1.498647e-02,0.000000e+00,0.000000e+00
1705,12,22745,2.084286e-05,4.760023e-03,1.290516e-02,0.000000e+00,0.000000e+00
1706,13,22758,4.930029e-06,4.652532e-03,1.044199e-02,0.000000e+00,0.000000e+00
1707,12,22770,1.102872e-04,4.866083e-03,1.048352e-02,0.000000e+00,0.000000e+00
1708,11,22781,2.073124e-05,4.720641e-03,1.160050e-02,0.000000e+00,0.000000e+00
1709,16,22797,1.394656e-05,4.683012e-03,1.087296e-02,0.000000e+00,0.000000e+00
1710,11,22808,1.348021e-05,4.694781e-03,1.220929e-02,0.000000e+00,0.000000e+00
1711,15,22823,4.684846e-05,4.866932e-03,1.264309e-02,0.000000e+00,0.000000e+00
1712,15,22838,1.309253e-04,4.765238e-03,1.317690e-02,0.000000e+00,0.000000e+00
1713,12,22850,2.141111e-05,4.804051e-03,1.165525e-02,0.000000e+00,0.000000e+00
1714,10,22860,1.295002e-05,5.052932e-03,1.317690e-02,0.000000e+00,0.000000e+00
1715,14,22874,5.381048e-05,4.548225e-03,1.282806e-02,0.000000e+00,0.000000e+00
1716,12,22886,1.767613e-05,4.916804e-03,1.486114e-02,0.000000e+00,0.000000e+00
1717,18,22904,1.804079e-06,4.681494e-03,1.100078e-02,0.000000e+00,0.000000e+00
1718,11,22915,2.105860e-04,4.672657e-03,1.497436e-02,0.000000e+00,0.000000e+00
1719,11,22926,4.238449e-05,4.776332e-03,1.099476e-02,0.000000e+00,0.000000e+00
1720,12,22938,8.055940e-06,4.909923e-03,1.417378e-02,0.000000e+00,0.000000e+00
1721,12,22950,5.803071e-05,4.705930e-03,1.142456e-02,0.000000e+00,0.000000e+00
1722,14,22964,4.703319e-05,4.741333e-03,1.085861e-02,0.000000e+00,0.000000e+00
1723,12,22976,5.124351e-06,4.854678e-03,1.262994e-02,0.000000e+00,0.000000e+00
1724,17,22993,3.528509e-05,4.903737e-03,1.084850e-02,0.000000e+00,0.000000e+00
1725,13,23006,2.121712e-05,4.523287e-03,1.135211e-02,0.000000e+00,0.000000e+00
1726,11,23017,6.511807e-05,4.949439e-03,1.308252e-02,0.000000e+00,0.000000e+00
1727,15,23032,8.590965e-06,4.826818e-03,1.000000e-02,0.000000e+00,0.000000e+00
HIST {'total_samples': 1968342, 'floor_samples': 14, 'floor_fraction': 7.112585109701465e-06, 'saturation_depth': 1.5832483768463135e-07, 'boundaries': 1728, 'capped_boundaries': 0, 'unfinished_worlds': 0}
1728,16,23048,3.500440e-05,4.869707e-03,1.409623e-02,0.000000e+00,0.000000e+00
1729,14,23062,1.269860e-04,4.784478e-03,1.000000e-02,0.000000e+00,0.000000e+00
1730,13,23075,4.272908e-05,4.730831e-03,1.070302e-02,0.000000e+00,0.000000e+00
1731,13,23088,7.144103e-05,4.471906e-03,1.041754e-02,0.000000e+00,0.000000e+00
1732,12,23100,2.491164e-05,4.800946e-03,1.713215e-02,0.000000e+00,0.000000e+00
1733,12,23112,4.929069e-05,4.592305e-03,1.071933e-02,0.000000e+00,0.000000e+00
1734,12,23124,3.589317e-05,4.797504e-03,1.683656e-02,0.000000e+00,0.000000e+00
1735,12,23136,1.600478e-05,4.818445e-03,1.093553e-02,0.000000e+00,0.000000e+00
1736,11,23147,1.941544e-05,4.743591e-03,1.506609e-02,0.000000e+00,0.000000e+00
1737,15,23162,1.243111e-04,4.872136e-03,1.342752e-02,0.000000e+00,0.000000e+00
1738,11,23173,1.709556e-05,4.640624e-03,1.013621e-02,0.000000e+00,0.000000e+00
1739,11,23184,6.904679e-05,4.768328e-03,1.196204e-02,0.000000e+00,0.000000e+00
1740,13,23197,1.593227e-04,4.998852e-03,1.435384e-02,0.000000e+00,0.000000e+00
1741,14,23211,6.154259e-05,4.634248e-03,1.229370e-02,0.000000e+00,0.000000e+00
1742,15,23226,1.189204e-04,4.736756e-03,1.031021e-02,0.000000e+00,0.000000e+00
1743,13,23239,1.199520e-05,4.792816e-03,1.075563e-02,0.000000e+00,0.000000e+00
1744,13,23252,1.609756e-06,4.661122e-03,1.472016e-02,0.000000e+00,0.000000e+00
1745,12,23264,5.689565e-05,4.827655e-03,1.354598e-02,0.000000e+00,0.000000e+00
1746,15,23279,1.136446e-04,4.714943e-03,1.009237e-02,0.000000e+00,0.000000e+00
1747,13,23292,1.296298e-04,4.660931e-03,1.460130e-02,0.000000e+00,0.000000e+00
1748,14,23306,5.578622e-05,4.793802e-03,1.202077e-02,0.000000e+00,0.000000e+00
1749,13,23319,3.551540e-05,4.876742e-03,1.197900e-02,0.000000e+00,0.000000e+00
1750,13,23332,5.508197e-06,4.604151e-03,1.494131e-02,0.000000e+00,0.000000e+00
1751,13,23345,9.659497e-05,4.596862e-03,1.012161e-02,0.000000e+00,0.000000e+00
1752,12,23357,3.559937e-05,4.869623e-03,1.109388e-02,0.000000e+00,0.000000e+00
1753,11,23368,1.132023e-04,4.639565e-03,1.089000e-02,0.000000e+00,0.000000e+00
1754,12,23380,6.807998e-05,4.892946e-03,1.112183e-02,0.000000e+00,0.000000e+00
1755,12,23392,5.666534e-06,4.685010e-03,1.261802e-02,0.000000e+00,0.000000e+00
1756,13,23405,7.530589e-05,4.834778e-03,1.174326e-02,0.000000e+00,0.000000e+00
1757,15,23420,1.954858e-04,4.705938e-03,1.125818e-02,0.000000e+00,0.000000e+00
1758,11,23431,1.280569e-05,4.931567e-03,1.526030e-02,0.000000e+00,0.000000e+00
1759,14,23445,5.299721e-05,4.697565e-03,1.150279e-02,0.000000e+00,0.000000e+00
1760,12,23457,1.576729e-05,4.842114e-03,1.255402e-02,0.000000e+00,0.000000e+00
1761,12,23469,2.055258e-05,4.536261e-03,1.236946e-02,0.000000e+00,0.000000e+00
1762,14,23483,4.179776e-05,4.794105e-03,1.164493e-02,0.000000e+00,0.000000e+00
1763,16,23499,2.622151e-06,4.791263e-03,1.057686e-02,0.000000e+00,0.000000e+00
1764,12,23511,6.055178e-06,4.857933e-03,1.131758e-02,0.000000e+00,0.000000e+00
1765,11,23522,8.834227e-05,4.923185e-03,1.248936e-02,0.000000e+00,0.000000e+00
1766,12,23534,3.864989e-07,4.882015e-03,1.522026e-02,0.000000e+00,0.000000e+00
1767,14,23548,3.135882e-04,4.770692e-03,1.077035e-02,0.000000e+00,0.000000e+00
1768,15,23563,1.042243e-04,4.835186e-03,1.389246e-02,0.000000e+00,0.000000e+00
1769,12,23575,4.231908e-05,4.639881e-03,1.192810e-02,0.000000e+00,0.000000e+00
1770,11,23586,1.550980e-05,4.848653e-03,1.187447e-02,0.000000e+00,0.000000e+00
1771,11,23597,9.865814e-05,4.652715e-03,1.378592e-02,0.000000e+00,0.000000e+00
1772,13,23610,2.143439e-05,5.027835e-03,1.218754e-02,0.000000e+00,0.000000e+00
1773,12,23622,2.250804e-04,4.653179e-03,1.112608e-02,0.000000e+00,0.000000e+00
1774,9,23631,5.671812e-05,4.613915e-03,1.298801e-02,0.000000e+00,0.000000e+00
1775,10,23641,3.344742e-05,4.466444e-03,1.188569e-02,0.000000e+00,0.000000e+00
HIST {'total_samples': 2025827, 'floor_samples': 15, 'floor_fraction': 7.404383493753415e-06, 'saturation_depth': 1.5832483768463135e-07, 'boundaries': 1776, 'capped_boundaries': 0, 'unfinished_worlds': 0}
1776,13,23654,5.322509e-06,4.711927e-03,1.321469e-02,0.000000e+00,0.000000e+00
1777,14,23668,1.999360e-05,4.716433e-03,1.089000e-02,0.000000e+00,0.000000e+00
1778,11,23679,1.055098e-04,5.063815e-03,1.097100e-02,0.000000e+00,0.000000e+00
1779,12,23691,1.429828e-06,4.905451e-03,1.197900e-02,0.000000e+00,0.000000e+00
1780,12,23703,1.243735e-04,4.645922e-03,1.303969e-02,0.000000e+00,0.000000e+00
1781,13,23716,1.326436e-04,4.748325e-03,1.147361e-02,0.000000e+00,0.000000e+00
1782,10,23726,1.774043e-04,4.804729e-03,1.241673e-02,0.000000e+00,0.000000e+00
1783,14,23740,6.227910e-06,4.690906e-03,1.200839e-02,0.000000e+00,0.000000e+00
1784,15,23755,7.273891e-05,4.743557e-03,1.056552e-02,0.000000e+00,0.000000e+00
1785,11,23766,4.898841e-06,4.594864e-03,1.312844e-02,0.000000e+00,0.000000e+00
1786,14,23780,3.486766e-05,5.050350e-03,1.028419e-02,0.000000e+00,0.000000e+00
1787,10,23790,1.018321e-04,4.750559e-03,1.243058e-02,0.000000e+00,0.000000e+00
1788,16,23806,8.065575e-05,4.872688e-03,1.249502e-02,0.000000e+00,0.000000e+00
1789,12,23818,1.188965e-05,4.691593e-03,1.200943e-02,0.000000e+00,0.000000e+00
1790,13,23831,9.058777e-06,4.667955e-03,1.250299e-02,0.000000e+00,0.000000e+00
1791,16,23847,1.389068e-05,4.605000e-03,1.179737e-02,0.000000e+00,0.000000e+00
1792,12,23859,1.775962e-04,4.623006e-03,1.317690e-02,0.000000e+00,0.000000e+00
1793,12,23871,1.260696e-05,4.643471e-03,1.231880e-02,0.000000e+00,0.000000e+00
1794,17,23888,1.325738e-04,4.758621e-03,1.355068e-02,0.000000e+00,0.000000e+00
1795,13,23901,2.613757e-05,4.572595e-03,1.000000e-02,0.000000e+00,0.000000e+00
1796,13,23914,2.969150e-04,4.827326e-03,1.605669e-02,0.000000e+00,0.000000e+00
1797,11,23925,1.900040e-05,4.751163e-03,1.094818e-02,0.000000e+00,0.000000e+00
1798,14,23939,1.788558e-04,5.079512e-03,1.277376e-02,0.000000e+00,0.000000e+00
1799,10,23949,1.305668e-04,5.012245e-03,1.263162e-02,0.000000e+00,0.000000e+00
1800,12,23961,7.358337e-05,4.996021e-03,1.476358e-02,0.000000e+00,0.000000e+00
1801,15,23976,1.263911e-04,4.740995e-03,1.269020e-02,0.000000e+00,0.000000e+00
1802,12,23988,6.909238e-05,4.912466e-03,1.320995e-02,0.000000e+00,0.000000e+00
1803,16,24004,1.644063e-05,4.607427e-03,1.097370e-02,0.000000e+00,0.000000e+00
1804,11,24015,8.740425e-05,4.839131e-03,1.100561e-02,0.000000e+00,0.000000e+00
1805,12,24027,4.267786e-05,4.795785e-03,1.165364e-02,0.000000e+00,0.000000e+00
1806,9,24036,6.906838e-05,4.832508e-03,1.157111e-02,0.000000e+00,0.000000e+00
1807,11,24047,6.553219e-05,4.847108e-03,1.198431e-02,0.000000e+00,0.000000e+00
1808,10,24057,1.552179e-05,4.944986e-03,1.154549e-02,0.000000e+00,0.000000e+00
1809,14,24071,6.221235e-06,4.725597e-03,1.061314e-02,0.000000e+00,0.000000e+00
1810,9,24080,8.578970e-06,4.742789e-03,1.165682e-02,0.000000e+00,0.000000e+00
1811,12,24092,1.324510e-05,4.683158e-03,1.092643e-02,0.000000e+00,0.000000e+00
1812,14,24106,6.525870e-05,4.739934e-03,1.476909e-02,0.000000e+00,0.000000e+00
1813,18,24124,1.892447e-05,4.957478e-03,1.105105e-02,0.000000e+00,0.000000e+00
1814,14,24138,1.164107e-04,4.770298e-03,1.304318e-02,0.000000e+00,0.000000e+00
1815,13,24151,1.609972e-04,4.680158e-03,1.078277e-02,0.000000e+00,0.000000e+00
1816,14,24165,1.153939e-05,4.723160e-03,1.280494e-02,0.000000e+00,0.000000e+00
1817,14,24179,1.238385e-05,4.785055e-03,1.223105e-02,0.000000e+00,0.000000e+00
1818,16,24195,8.094363e-06,5.013469e-03,1.313485e-02,0.000000e+00,0.000000e+00
1819,13,24208,7.306226e-06,4.496860e-03,1.169615e-02,0.000000e+00,0.000000e+00
1820,13,24221,2.872199e-05,4.961635e-03,1.317690e-02,0.000000e+00,0.000000e+00
1821,18,24239,7.623432e-05,4.666155e-03,1.036698e-02,0.000000e+00,0.000000e+00
1822,19,24258,1.099939e-04,4.745754e-03,1.089000e-02,0.000000e+00,0.000000e+00
1823,15,24273,8.653340e-05,4.720259e-03,1.089000e-02,0.000000e+00,0.000000e+00
HIST {'total_samples': 2082516, 'floor_samples': 15, 'floor_fraction': 7.202825812622808e-06, 'saturation_depth': 1.5832483768463135e-07, 'boundaries': 1824, 'capped_boundaries': 0, 'unfinished_worlds': 0}
1824,12,24285,1.106126e-04,4.718405e-03,1.252809e-02,0.000000e+00,0.000000e+00
1825,14,24299,6.691087e-05,4.594299e-03,1.155403e-02,0.000000e+00,0.000000e+00
1826,15,24314,9.373051e-06,4.772865e-03,1.317690e-02,0.000000e+00,0.000000e+00
1827,12,24326,2.340504e-05,4.603092e-03,1.360269e-02,0.000000e+00,0.000000e+00
1828,14,24340,1.176969e-05,4.606857e-03,1.179958e-02,0.000000e+00,0.000000e+00
1829,14,24354,1.179848e-05,4.671117e-03,1.089000e-02,0.000000e+00,0.000000e+00
1830,13,24367,8.984647e-05,4.709905e-03,1.265520e-02,0.000000e+00,0.000000e+00
1831,20,24387,9.212316e-07,4.713384e-03,1.284413e-02,0.000000e+00,0.000000e+00
1832,15,24402,1.625350e-05,4.881031e-03,1.199629e-02,0.000000e+00,0.000000e+00
1833,14,24416,1.573051e-05,4.672085e-03,1.168647e-02,0.000000e+00,0.000000e+00
1834,16,24432,3.005758e-05,4.544857e-03,1.317690e-02,0.000000e+00,0.000000e+00
1835,17,24449,1.224596e-04,4.679360e-03,1.197900e-02,0.000000e+00,0.000000e+00
1836,21,24470,8.584248e-05,4.759939e-03,1.391488e-02,0.000000e+00,0.000000e+00
1837,18,24488,3.313075e-05,4.849527e-03,1.121714e-02,0.000000e+00,0.000000e+00
1838,13,24501,1.517249e-04,5.018583e-03,1.276876e-02,0.000000e+00,0.000000e+00
1839,14,24515,8.592404e-05,4.808209e-03,1.289413e-02,0.000000e+00,0.000000e+00
1840,11,24526,3.489200e-05,4.999437e-03,1.368222e-02,0.000000e+00,0.000000e+00
1841,14,24540,1.524590e-05,4.557164e-03,1.078845e-02,0.000000e+00,0.000000e+00
1842,11,24551,2.631676e-04,5.051823e-03,1.202750e-02,0.000000e+00,0.000000e+00
1843,15,24566,8.151940e-06,4.901250e-03,1.120383e-02,0.000000e+00,0.000000e+00
1844,11,24577,8.493564e-05,4.812864e-03,1.204167e-02,0.000000e+00,0.000000e+00
1845,14,24591,2.915794e-05,4.709099e-03,1.127360e-02,0.000000e+00,0.000000e+00
1846,14,24605,3.907364e-05,4.630553e-03,1.021558e-02,0.000000e+00,0.000000e+00
1847,15,24620,6.714836e-05,4.928837e-03,1.170014e-02,0.000000e+00,0.000000e+00
1848,14,24634,1.739990e-04,4.683462e-03,1.083154e-02,0.000000e+00,0.000000e+00
1849,12,24646,3.596402e-05,4.568126e-03,1.090769e-02,0.000000e+00,0.000000e+00
1850,13,24659,8.082949e-05,4.703559e-03,1.205138e-02,0.000000e+00,0.000000e+00
1851,14,24673,1.683191e-04,4.693943e-03,1.121752e-02,0.000000e+00,0.000000e+00
1852,12,24685,8.451821e-06,4.760926e-03,1.167380e-02,0.000000e+00,0.000000e+00
1853,12,24697,1.706918e-04,5.078298e-03,1.340610e-02,0.000000e+00,0.000000e+00
1854,10,24707,1.222575e-04,4.993002e-03,1.268460e-02,0.000000e+00,0.000000e+00
1855,14,24721,1.185894e-04,4.714775e-03,1.142019e-02,0.000000e+00,0.000000e+00
1856,13,24734,8.893244e-06,4.861933e-03,1.223553e-02,0.000000e+00,0.000000e+00
1857,13,24747,7.375851e-05,4.631666e-03,1.089000e-02,0.000000e+00,0.000000e+00
1858,15,24762,1.204798e-05,4.520977e-03,1.140143e-02,0.000000e+00,0.000000e+00
1859,14,24776,1.629524e-04,4.775582e-03,1.408145e-02,0.000000e+00,0.000000e+00
1860,11,24787,5.321072e-06,5.006171e-03,1.265028e-02,0.000000e+00,0.000000e+00
1861,12,24799,5.736947e-06,4.779986e-03,1.305913e-02,0.000000e+00,0.000000e+00
1862,13,24812,5.458016e-05,4.848689e-03,1.544062e-02,0.000000e+00,0.000000e+00
1863,15,24827,4.265974e-05,4.692003e-03,1.072337e-02,0.000000e+00,0.000000e+00
1864,13,24840,9.029989e-06,4.779536e-03,1.152895e-02,0.000000e+00,0.000000e+00
1865,13,24853,8.573756e-05,4.570982e-03,1.058497e-02,0.000000e+00,0.000000e+00
1866,12,24865,7.974450e-05,4.764997e-03,1.231846e-02,0.000000e+00,0.000000e+00
1867,12,24877,1.015142e-04,4.726769e-03,1.186852e-02,0.000000e+00,0.000000e+00
1868,13,24890,1.116154e-04,4.886184e-03,1.265318e-02,0.000000e+00,0.000000e+00
1869,13,24903,2.814457e-05,4.940888e-03,1.060522e-02,0.000000e+00,0.000000e+00
1870,18,24921,4.003290e-05,4.961282e-03,1.158271e-02,0.000000e+00,0.000000e+00
1871,15,24936,1.154179e-05,4.468815e-03,1.108501e-02,0.000000e+00,0.000000e+00
HIST {'total_samples': 2139615, 'floor_samples': 16, 'floor_fraction': 7.477980851695281e-06, 'saturation_depth': 1.5832483768463135e-07, 'boundaries': 1872, 'capped_boundaries': 0, 'unfinished_worlds': 0}
1872,18,24954,6.286427e-06,4.781679e-03,1.199899e-02,0.000000e+00,0.000000e+00
1873,10,24964,1.200960e-05,4.718910e-03,1.234475e-02,0.000000e+00,0.000000e+00
1874,11,24975,2.582591e-04,5.070725e-03,1.496004e-02,0.000000e+00,0.000000e+00
1875,12,24987,5.234227e-05,4.759221e-03,1.134298e-02,0.000000e+00,0.000000e+00
1876,15,25002,3.274996e-05,4.929174e-03,1.219560e-02,0.000000e+00,0.000000e+00
1877,14,25016,2.569612e-05,4.646769e-03,1.066565e-02,0.000000e+00,0.000000e+00
1878,11,25027,7.322832e-05,4.735824e-03,1.181002e-02,0.000000e+00,0.000000e+00
1879,13,25040,2.057385e-04,4.762279e-03,1.236233e-02,0.000000e+00,0.000000e+00
1880,10,25050,1.486806e-04,4.695381e-03,1.370255e-02,0.000000e+00,0.000000e+00
1881,14,25064,2.896602e-05,4.763037e-03,1.190784e-02,0.000000e+00,0.000000e+00
1882,13,25077,1.081967e-06,4.842385e-03,1.647784e-02,0.000000e+00,0.000000e+00
1883,14,25091,4.295003e-05,5.152686e-03,1.140193e-02,0.000000e+00,0.000000e+00
1884,15,25106,3.988885e-05,4.954046e-03,1.241796e-02,0.000000e+00,0.000000e+00
1885,16,25122,6.245662e-05,4.875857e-03,1.071761e-02,0.000000e+00,0.000000e+00
1886,14,25136,4.235507e-05,4.736163e-03,1.029905e-02,0.000000e+00,0.000000e+00
1887,15,25151,1.122031e-05,4.681185e-03,1.340272e-02,0.000000e+00,0.000000e+00
1888,21,25172,9.614875e-05,4.698584e-03,1.222685e-02,0.000000e+00,0.000000e+00
1889,19,25191,5.323471e-06,4.574195e-03,1.132047e-02,0.000000e+00,0.000000e+00
1890,18,25209,7.322524e-05,4.914525e-03,1.197900e-02,0.000000e+00,0.000000e+00
1891,23,25232,1.459576e-05,4.490208e-03,1.075147e-02,0.000000e+00,0.000000e+00
1892,14,25246,4.997202e-06,4.629699e-03,1.317690e-02,0.000000e+00,0.000000e+00
1893,11,25257,8.581368e-06,4.535029e-03,1.301064e-02,0.000000e+00,0.000000e+00
1894,13,25270,1.133019e-04,4.950553e-03,1.261334e-02,0.000000e+00,0.000000e+00
1895,10,25280,7.266695e-05,4.922468e-03,1.198512e-02,0.000000e+00,0.000000e+00
1896,12,25292,3.305729e-05,4.899871e-03,1.235542e-02,0.000000e+00,0.000000e+00
1897,16,25308,2.298132e-04,5.010812e-03,1.038465e-02,0.000000e+00,0.000000e+00
1898,14,25322,5.584967e-05,4.766722e-03,1.168798e-02,0.000000e+00,0.000000e+00
1899,17,25339,5.564652e-06,4.699232e-03,1.249239e-02,0.000000e+00,0.000000e+00
1900,19,25358,3.976747e-05,4.609541e-03,1.204451e-02,0.000000e+00,0.000000e+00
1901,11,25369,1.068389e-04,4.850595e-03,1.139572e-02,0.000000e+00,0.000000e+00
1902,14,25383,2.437425e-06,4.723395e-03,1.207792e-02,0.000000e+00,0.000000e+00
1903,17,25400,8.594323e-05,4.882640e-03,1.076657e-02,0.000000e+00,0.000000e+00
1904,15,25415,8.004718e-06,4.767723e-03,1.383897e-02,0.000000e+00,0.000000e+00
1905,16,25431,8.343864e-06,4.463375e-03,1.089000e-02,0.000000e+00,0.000000e+00
1906,13,25444,8.889405e-05,4.696438e-03,1.197900e-02,0.000000e+00,0.000000e+00
1907,16,25460,5.078502e-05,4.519904e-03,1.086232e-02,0.000000e+00,0.000000e+00
1908,13,25473,1.119310e-04,4.892716e-03,1.233975e-02,0.000000e+00,0.000000e+00
1909,22,25495,2.743211e-05,4.717288e-03,1.051438e-02,0.000000e+00,0.000000e+00
1910,14,25509,1.926550e-04,4.872038e-03,1.205777e-02,0.000000e+00,0.000000e+00
1911,12,25521,1.252779e-04,4.807363e-03,1.228034e-02,0.000000e+00,0.000000e+00
1912,12,25533,3.781368e-05,4.815885e-03,1.243090e-02,0.000000e+00,0.000000e+00
1913,15,25548,2.499081e-05,4.674654e-03,1.188541e-02,0.000000e+00,0.000000e+00
1914,11,25559,1.583248e-07,4.738604e-03,1.132502e-02,0.000000e+00,0.000000e+00
1915,15,25574,2.491643e-05,4.652468e-03,1.089000e-02,0.000000e+00,0.000000e+00
1916,13,25587,1.089860e-04,4.816005e-03,1.317690e-02,0.000000e+00,0.000000e+00
1917,11,25598,3.110836e-05,4.758433e-03,1.291686e-02,0.000000e+00,0.000000e+00
1918,10,25608,6.031620e-04,5.010311e-03,1.315230e-02,0.000000e+00,0.000000e+00
1919,14,25622,3.252332e-04,4.978309e-03,1.203533e-02,0.000000e+00,0.000000e+00
HIST {'total_samples': 2196637, 'floor_samples': 17, 'floor_fraction': 7.739103001542813e-06, 'saturation_depth': 1.5832483768463135e-07, 'boundaries': 1920, 'capped_boundaries': 0, 'unfinished_worlds': 0}
1920,12,25634,1.085566e-05,4.977728e-03,1.148452e-02,0.000000e+00,0.000000e+00
1921,10,25644,5.201120e-06,4.735619e-03,1.369789e-02,0.000000e+00,0.000000e+00
1922,14,25658,3.862195e-05,4.847508e-03,1.340022e-02,0.000000e+00,0.000000e+00
1923,12,25670,1.481827e-04,4.982063e-03,1.028071e-02,0.000000e+00,0.000000e+00
1924,9,25679,1.815613e-05,5.170742e-03,1.119925e-02,0.000000e+00,0.000000e+00
1925,12,25691,1.939014e-05,4.844471e-03,1.303494e-02,0.000000e+00,0.000000e+00
1926,16,25707,7.543064e-05,4.930432e-03,1.411389e-02,0.000000e+00,0.000000e+00
1927,14,25721,6.134347e-05,4.863874e-03,1.167859e-02,0.000000e+00,0.000000e+00
1928,12,25733,2.215274e-05,4.834186e-03,1.339744e-02,0.000000e+00,0.000000e+00
1929,10,25743,6.530434e-05,4.684986e-03,1.076761e-02,0.000000e+00,0.000000e+00
1930,15,25758,1.417161e-04,4.917283e-03,1.244391e-02,0.000000e+00,0.000000e+00
1931,12,25770,5.401440e-05,4.645829e-03,1.042057e-02,0.000000e+00,0.000000e+00
1932,12,25782,2.435746e-05,4.902001e-03,1.523424e-02,0.000000e+00,0.000000e+00
1933,13,25795,2.473593e-05,4.841477e-03,1.475256e-02,0.000000e+00,0.000000e+00
1934,15,25810,1.103919e-04,4.733191e-03,1.146367e-02,0.000000e+00,0.000000e+00
1935,11,25821,8.593363e-06,4.779799e-03,1.089000e-02,0.000000e+00,0.000000e+00
1936,19,25840,2.065574e-06,5.016882e-03,1.159423e-02,0.000000e+00,0.000000e+00
1937,13,25853,1.439424e-05,4.833030e-03,1.061223e-02,0.000000e+00,0.000000e+00
1938,17,25870,6.129309e-05,4.997914e-03,1.317690e-02,0.000000e+00,0.000000e+00
1939,13,25883,1.981854e-05,4.833752e-03,1.114211e-02,0.000000e+00,0.000000e+00
1940,15,25898,6.171533e-05,5.154033e-03,1.342140e-02,0.000000e+00,0.000000e+00
1941,13,25911,6.735786e-05,4.803680e-03,1.045693e-02,0.000000e+00,0.000000e+00
1942,15,25926,4.736906e-05,4.758901e-03,1.264735e-02,0.000000e+00,0.000000e+00
1943,12,25938,6.757378e-05,4.626336e-03,1.080141e-02,0.000000e+00,0.000000e+00
1944,11,25949,1.144342e-04,4.784634e-03,1.185930e-02,0.000000e+00,0.000000e+00
1945,12,25961,5.087815e-05,4.776960e-03,1.088201e-02,0.000000e+00,0.000000e+00
1946,13,25974,6.297138e-05,5.184984e-03,1.278644e-02,0.000000e+00,0.000000e+00
1947,13,25987,1.986909e-04,4.997688e-03,1.056618e-02,0.000000e+00,0.000000e+00
1948,14,26001,5.474611e-05,5.039910e-03,1.472441e-02,0.000000e+00,0.000000e+00
1949,15,26016,1.016725e-04,4.581526e-03,1.070116e-02,0.000000e+00,0.000000e+00
1950,13,26029,5.713664e-06,4.934249e-03,1.317690e-02,0.000000e+00,0.000000e+00
1951,13,26042,2.389445e-05,4.825756e-03,1.105472e-02,0.000000e+00,0.000000e+00
1952,12,26054,3.480048e-05,4.919544e-03,1.366928e-02,0.000000e+00,0.000000e+00
1953,11,26065,5.076174e-05,4.728119e-03,1.197900e-02,0.000000e+00,0.000000e+00
1954,16,26081,5.061738e-06,4.615754e-03,1.224319e-02,0.000000e+00,0.000000e+00
1955,23,26104,1.099240e-05,4.665500e-03,1.089000e-02,0.000000e+00,0.000000e+00
1956,17,26121,1.332763e-04,4.877618e-03,1.317690e-02,0.000000e+00,0.000000e+00
1957,13,26134,1.398707e-04,4.754086e-03,1.260206e-02,0.000000e+00,0.000000e+00
1958,19,26153,1.348648e-04,4.764848e-03,1.236469e-02,0.000000e+00,0.000000e+00
1959,13,26166,1.252275e-04,4.694158e-03,1.238365e-02,0.000000e+00,0.000000e+00
1960,14,26180,1.176490e-05,5.003375e-03,1.317690e-02,0.000000e+00,0.000000e+00
1961,12,26192,1.219381e-04,4.735747e-03,1.225807e-02,0.000000e+00,0.000000e+00
1962,13,26205,1.134458e-04,4.755970e-03,1.242865e-02,0.000000e+00,0.000000e+00
1963,14,26219,1.184910e-04,4.651859e-03,1.089000e-02,0.000000e+00,0.000000e+00
1964,12,26231,1.411116e-05,4.843500e-03,1.204294e-02,0.000000e+00,0.000000e+00
1965,15,26246,3.670533e-05,4.667287e-03,1.205533e-02,0.000000e+00,0.000000e+00
1966,12,26258,6.655179e-05,4.516981e-03,1.166330e-02,0.000000e+00,0.000000e+00
1967,11,26269,2.088125e-05,4.628656e-03,1.174097e-02,0.000000e+00,0.000000e+00
HIST {'total_samples': 2254173, 'floor_samples': 17, 'floor_fraction': 7.54156845991856e-06, 'saturation_depth': 1.5832483768463135e-07, 'boundaries': 1968, 'capped_boundaries': 0, 'unfinished_worlds': 0}
1968,12,26281,2.066054e-05,4.724146e-03,1.108543e-02,0.000000e+00,0.000000e+00
1969,13,26294,2.517365e-05,4.797160e-03,1.168965e-02,0.000000e+00,0.000000e+00
1970,11,26305,1.023710e-04,4.695374e-03,1.209330e-02,0.000000e+00,0.000000e+00
1971,12,26317,3.803987e-05,4.581199e-03,1.315244e-02,0.000000e+00,0.000000e+00
1972,15,26332,2.040144e-05,4.656640e-03,1.178507e-02,0.000000e+00,0.000000e+00
1973,14,26346,2.788885e-05,4.545930e-03,1.074571e-02,0.000000e+00,0.000000e+00
1974,16,26362,1.828186e-05,4.616128e-03,1.361253e-02,0.000000e+00,0.000000e+00
1975,11,26373,1.640897e-04,4.750059e-03,1.094832e-02,0.000000e+00,0.000000e+00
1976,14,26387,9.253820e-05,4.663076e-03,1.123866e-02,0.000000e+00,0.000000e+00
1977,22,26409,1.866550e-04,4.515269e-03,1.317690e-02,0.000000e+00,0.000000e+00
1978,11,26420,3.391764e-05,4.686771e-03,1.097050e-02,0.000000e+00,0.000000e+00
1979,11,26431,2.464055e-05,4.667069e-03,1.115226e-02,0.000000e+00,0.000000e+00
1980,19,26450,3.735306e-05,4.513714e-03,1.088388e-02,0.000000e+00,0.000000e+00
1981,14,26464,4.429109e-05,4.446273e-03,1.024459e-02,0.000000e+00,0.000000e+00
1982,12,26476,7.995523e-05,4.700756e-03,1.272207e-02,0.000000e+00,0.000000e+00
1983,13,26489,3.143679e-05,4.499278e-03,1.093698e-02,0.000000e+00,0.000000e+00
1984,18,26507,1.093483e-05,4.720852e-03,1.130453e-02,0.000000e+00,0.000000e+00
1985,15,26522,8.444623e-07,4.481687e-03,1.138209e-02,0.000000e+00,0.000000e+00
1986,14,26536,7.548582e-05,4.570022e-03,1.186879e-02,0.000000e+00,0.000000e+00
1987,14,26550,4.100920e-05,4.533197e-03,1.089000e-02,0.000000e+00,0.000000e+00
1988,11,26561,6.649181e-05,4.641728e-03,1.213575e-02,0.000000e+00,0.000000e+00
1989,12,26573,9.766975e-05,4.533241e-03,1.146627e-02,0.000000e+00,0.000000e+00
1990,12,26585,4.345143e-05,4.904947e-03,1.340046e-02,0.000000e+00,0.000000e+00
1991,12,26597,1.261057e-04,4.754318e-03,1.184442e-02,0.000000e+00,0.000000e+00
1992,12,26609,6.010077e-05,4.719005e-03,1.267543e-02,0.000000e+00,0.000000e+00
1993,13,26622,1.725822e-04,4.733615e-03,1.173609e-02,0.000000e+00,0.000000e+00
1994,13,26635,3.726687e-05,4.646386e-03,1.410435e-02,0.000000e+00,0.000000e+00
1995,15,26650,2.731068e-05,4.579795e-03,1.137859e-02,0.000000e+00,0.000000e+00
1996,12,26662,1.506598e-06,4.800488e-03,1.076675e-02,0.000000e+00,0.000000e+00
1997,12,26674,4.966743e-05,4.766034e-03,1.157564e-02,0.000000e+00,0.000000e+00
1998,11,26685,3.344263e-05,4.668982e-03,1.089000e-02,0.000000e+00,0.000000e+00
1999,11,26696,5.995682e-05,4.505724e-03,1.016901e-02,0.000000e+00,0.000000e+00
2000,12,26708,4.698041e-05,4.795608e-03,1.251675e-02,0.000000e+00,0.000000e+00
2001,12,26720,6.877090e-05,4.474060e-03,1.153710e-02,0.000000e+00,0.000000e+00
2002,14,26734,8.129049e-05,4.794004e-03,1.188982e-02,0.000000e+00,0.000000e+00
2003,13,26747,8.578970e-06,4.671658e-03,1.239867e-02,0.000000e+00,0.000000e+00
2004,12,26759,9.034068e-05,4.689625e-03,1.317690e-02,0.000000e+00,0.000000e+00
2005,18,26777,6.435439e-06,4.728355e-03,1.207843e-02,0.000000e+00,0.000000e+00
2006,14,26791,6.189525e-05,4.685526e-03,1.077675e-02,0.000000e+00,0.000000e+00
2007,12,26803,7.508997e-06,4.499765e-03,1.075222e-02,0.000000e+00,0.000000e+00
2008,11,26814,2.392803e-05,4.497311e-03,1.188406e-02,0.000000e+00,0.000000e+00
2009,15,26829,2.295570e-04,4.793464e-03,1.100925e-02,0.000000e+00,0.000000e+00
2010,13,26842,2.600718e-05,4.465721e-03,1.113072e-02,0.000000e+00,0.000000e+00
2011,17,26859,1.578257e-04,4.674892e-03,1.189914e-02,0.000000e+00,0.000000e+00
2012,12,26871,6.673858e-05,4.597508e-03,1.043366e-02,0.000000e+00,0.000000e+00
2013,13,26884,1.538697e-04,4.776700e-03,1.155416e-02,0.000000e+00,0.000000e+00
2014,12,26896,5.949141e-05,4.732523e-03,1.039410e-02,0.000000e+00,0.000000e+00
2015,14,26910,8.684528e-06,4.615504e-03,1.197900e-02,0.000000e+00,0.000000e+00
HIST {'total_samples': 2312637, 'floor_samples': 18, 'floor_fraction': 7.783322674505337e-06, 'saturation_depth': 1.5832483768463135e-07, 'boundaries': 2016, 'capped_boundaries': 0, 'unfinished_worlds': 0}
2016,11,26921,5.822472e-05,4.763543e-03,1.258167e-02,0.000000e+00,0.000000e+00
2017,14,26935,6.534747e-05,4.686071e-03,1.089000e-02,0.000000e+00,0.000000e+00
2018,15,26950,1.683407e-05,4.796039e-03,1.121627e-02,0.000000e+00,0.000000e+00
2019,11,26961,2.015194e-05,4.616110e-03,1.024192e-02,0.000000e+00,0.000000e+00
2020,14,26975,3.795139e-05,4.712627e-03,1.254092e-02,0.000000e+00,0.000000e+00
2021,10,26985,1.033675e-04,4.725519e-03,1.265659e-02,0.000000e+00,0.000000e+00
2022,16,27001,6.506198e-05,4.655650e-03,1.085783e-02,0.000000e+00,0.000000e+00
2023,18,27019,2.426462e-04,4.517538e-03,1.104305e-02,0.000000e+00,0.000000e+00
2024,12,27031,4.843809e-05,4.472704e-03,1.406179e-02,0.000000e+00,0.000000e+00
2025,13,27044,9.040066e-05,4.660287e-03,1.251190e-02,0.000000e+00,0.000000e+00
2026,16,27060,1.286063e-04,4.806332e-03,1.199462e-02,0.000000e+00,0.000000e+00
2027,15,27075,5.899721e-05,4.738243e-03,1.124652e-02,0.000000e+00,0.000000e+00
2028,13,27088,3.011996e-05,4.750716e-03,1.116728e-02,0.000000e+00,0.000000e+00
2029,12,27100,4.539464e-05,4.714949e-03,1.164841e-02,0.000000e+00,0.000000e+00
2030,18,27118,4.223751e-05,4.465543e-03,1.089000e-02,0.000000e+00,0.000000e+00
2031,16,27134,4.199799e-05,4.666230e-03,1.138174e-02,0.000000e+00,0.000000e+00
2032,12,27146,6.519258e-07,4.720754e-03,1.503964e-02,0.000000e+00,0.000000e+00
2033,29,27175,1.014794e-06,4.709114e-03,1.426050e-02,0.000000e+00,0.000000e+00
2034,13,27188,6.751140e-05,4.712132e-03,1.316308e-02,0.000000e+00,0.000000e+00
2035,13,27201,2.965454e-05,4.748293e-03,1.046856e-02,0.000000e+00,0.000000e+00
2036,14,27215,4.706918e-06,4.917211e-03,1.664157e-02,0.000000e+00,0.000000e+00
2037,11,27226,1.552179e-06,4.760048e-03,1.075159e-02,0.000000e+00,0.000000e+00
2038,16,27242,4.862855e-06,4.847590e-03,1.102593e-02,0.000000e+00,0.000000e+00
2039,15,27257,3.944743e-05,4.682411e-03,1.229676e-02,0.000000e+00,0.000000e+00
2040,14,27271,6.105079e-05,4.794159e-03,1.241416e-02,0.000000e+00,0.000000e+00
2041,15,27286,2.336714e-04,4.753844e-03,1.105367e-02,0.000000e+00,0.000000e+00
2042,11,27297,7.618633e-05,4.836224e-03,1.303198e-02,0.000000e+00,0.000000e+00
2043,11,27308,2.441928e-05,4.383667e-03,1.035419e-02,0.000000e+00,0.000000e+00
2044,11,27319,2.860602e-05,4.352300e-03,1.112612e-02,0.000000e+00,0.000000e+00
2045,11,27330,3.090801e-06,4.397158e-03,1.078115e-02,0.000000e+00,0.000000e+00
2046,19,27349,4.819594e-05,4.358789e-03,1.154626e-02,0.000000e+00,0.000000e+00
2047,16,27365,6.768888e-05,4.347210e-03,1.122910e-02,0.000000e+00,0.000000e+00
2048,14,27379,1.544892e-05,4.398286e-03,1.148864e-02,0.000000e+00,0.000000e+00
2049,11,27390,1.447299e-04,4.183760e-03,1.097029e-02,0.000000e+00,0.000000e+00
2050,11,27401,7.502735e-05,4.352097e-03,1.524869e-02,0.000000e+00,0.000000e+00
2051,12,27413,6.363623e-05,4.314925e-03,1.274159e-02,0.000000e+00,0.000000e+00
2052,12,27425,5.608226e-06,4.274287e-03,1.079303e-02,0.000000e+00,0.000000e+00
2053,13,27438,3.371721e-05,4.385274e-03,1.109134e-02,0.000000e+00,0.000000e+00
2054,17,27455,8.934653e-05,4.332765e-03,1.085676e-02,0.000000e+00,0.000000e+00
2055,11,27466,4.127458e-05,4.393200e-03,1.148069e-02,0.000000e+00,0.000000e+00
2056,10,27476,3.647043e-05,4.529097e-03,1.103134e-02,0.000000e+00,0.000000e+00
2057,17,27493,2.091804e-05,4.211213e-03,1.195347e-02,0.000000e+00,0.000000e+00
2058,17,27510,1.119101e-05,4.519628e-03,1.101890e-02,0.000000e+00,0.000000e+00
2059,11,27521,3.263492e-05,4.210582e-03,1.072553e-02,0.000000e+00,0.000000e+00
2060,16,27537,7.438939e-05,4.563787e-03,1.188911e-02,0.000000e+00,0.000000e+00
2061,20,27557,9.387732e-06,4.259925e-03,1.000000e-02,0.000000e+00,0.000000e+00
2062,13,27570,8.425675e-05,4.448844e-03,1.317690e-02,0.000000e+00,0.000000e+00
2063,13,27583,2.173484e-04,4.470413e-03,1.183433e-02,0.000000e+00,0.000000e+00
HIST {'total_samples': 2370450, 'floor_samples': 19, 'floor_fraction': 8.015355734143306e-06, 'saturation_depth': 1.5832483768463135e-07, 'boundaries': 2064, 'capped_boundaries': 0, 'unfinished_worlds': 0}
2064,14,27597,3.637746e-05,4.643710e-03,1.444250e-02,0.000000e+00,0.000000e+00
2065,11,27608,1.108583e-05,4.408728e-03,1.089000e-02,0.000000e+00,0.000000e+00
2066,11,27619,3.783262e-05,4.492574e-03,1.512451e-02,0.000000e+00,0.000000e+00
2067,12,27631,9.011160e-05,4.542124e-03,1.066200e-02,0.000000e+00,0.000000e+00
2068,13,27644,1.919961e-05,4.385287e-03,1.401261e-02,0.000000e+00,0.000000e+00
2069,11,27655,1.939130e-05,4.395750e-03,1.058545e-02,0.000000e+00,0.000000e+00
2070,13,27668,7.138359e-06,4.490277e-03,1.089000e-02,0.000000e+00,0.000000e+00
2071,13,27681,1.483131e-05,4.397491e-03,9.377433e-03,0.000000e+00,0.000000e+00
2072,12,27693,1.626317e-05,4.550898e-03,1.209131e-02,0.000000e+00,0.000000e+00
2073,11,27704,1.091510e-04,4.307548e-03,1.058652e-02,0.000000e+00,0.000000e+00
2074,12,27716,2.423394e-04,4.520285e-03,1.821472e-02,0.000000e+00,0.000000e+00
2075,11,27727,5.795155e-05,4.634212e-03,1.089000e-02,0.000000e+00,0.000000e+00
2076,11,27738,1.856720e-04,4.575920e-03,1.066577e-02,0.000000e+00,0.000000e+00
2077,11,27749,1.598158e-05,4.477165e-03,1.168264e-02,0.000000e+00,0.000000e+00
2078,10,27759,9.427778e-05,4.544894e-03,1.263199e-02,0.000000e+00,0.000000e+00
2079,13,27772,3.664346e-05,4.399488e-03,1.044582e-02,0.000000e+00,0.000000e+00
2080,11,27783,2.059742e-05,4.307562e-03,1.789641e-02,0.000000e+00,0.000000e+00
2081,14,27797,6.266760e-05,4.550956e-03,1.089000e-02,0.000000e+00,0.000000e+00
2082,11,27808,1.118405e-04,4.590482e-03,1.436186e-02,0.000000e+00,0.000000e+00
2083,12,27820,2.117080e-06,4.376090e-03,1.154884e-02,0.000000e+00,0.000000e+00
2084,14,27834,2.015976e-05,4.508675e-03,1.365069e-02,0.000000e+00,0.000000e+00
2085,12,27846,1.202478e-04,4.233722e-03,1.000000e-02,0.000000e+00,0.000000e+00
2086,11,27857,4.532747e-05,4.518867e-03,1.611833e-02,0.000000e+00,0.000000e+00
2087,14,27871,1.518258e-06,4.442894e-03,1.127706e-02,0.000000e+00,0.000000e+00
2088,13,27884,3.496185e-05,4.610456e-03,1.244637e-02,0.000000e+00,0.000000e+00
2089,15,27899,2.430062e-05,4.667480e-03,1.223872e-02,0.000000e+00,0.000000e+00
2090,12,27911,4.125252e-05,4.545718e-03,1.476097e-02,0.000000e+00,0.000000e+00
2091,11,27922,8.082054e-05,4.472710e-03,1.235007e-02,0.000000e+00,0.000000e+00
2092,14,27936,3.641784e-05,4.475716e-03,1.362830e-02,0.000000e+00,0.000000e+00
2093,13,27949,2.179295e-05,4.876483e-03,1.505436e-02,0.000000e+00,0.000000e+00
2094,12,27961,1.023934e-05,4.638184e-03,1.284267e-02,0.000000e+00,0.000000e+00
2095,13,27974,1.977977e-05,4.453132e-03,1.179032e-02,0.000000e+00,0.000000e+00
2096,11,27985,1.577767e-04,4.443749e-03,1.184644e-02,0.000000e+00,0.000000e+00
2097,12,27997,2.132729e-06,4.418127e-03,1.228985e-02,0.000000e+00,0.000000e+00
2098,11,28008,1.638701e-06,4.395804e-03,1.212405e-02,0.000000e+00,0.000000e+00
2099,12,28020,1.086360e-05,4.420350e-03,1.197900e-02,0.000000e+00,0.000000e+00
2100,13,28033,5.701526e-06,4.553795e-03,1.314979e-02,0.000000e+00,0.000000e+00
2101,15,28048,4.600916e-05,4.333267e-03,1.212999e-02,0.000000e+00,0.000000e+00
2102,11,28059,1.172302e-04,4.539563e-03,1.363998e-02,0.000000e+00,0.000000e+00
2103,10,28069,4.928148e-05,4.688675e-03,1.304318e-02,0.000000e+00,0.000000e+00
2104,11,28080,4.520508e-05,4.619944e-03,1.238051e-02,0.000000e+00,0.000000e+00
2105,14,28094,5.769381e-06,4.724795e-03,1.161847e-02,0.000000e+00,0.000000e+00
2106,14,28108,2.365559e-06,4.269300e-03,1.339373e-02,0.000000e+00,0.000000e+00
2107,13,28121,1.028646e-05,4.344878e-03,1.089000e-02,0.000000e+00,0.000000e+00
2108,14,28135,1.964745e-05,4.392197e-03,1.407678e-02,0.000000e+00,0.000000e+00
2109,17,28152,1.265396e-04,4.541844e-03,1.214512e-02,0.000000e+00,0.000000e+00
2110,10,28162,2.811916e-05,4.487056e-03,1.203235e-02,0.000000e+00,0.000000e+00
2111,12,28174,6.045891e-06,4.353710e-03,1.089000e-02,0.000000e+00,0.000000e+00
HIST {'total_samples': 2427651, 'floor_samples': 19, 'floor_fraction': 7.826495653617427e-06, 'saturation_depth': 1.5832483768463135e-07, 'boundaries': 2112, 'capped_boundaries': 0, 'unfinished_worlds': 0}
2112,12,28186,2.463814e-05,4.489813e-03,1.302437e-02,0.000000e+00,0.000000e+00
2113,11,28197,2.506189e-05,4.458018e-03,1.162934e-02,0.000000e+00,0.000000e+00
2114,12,28209,2.361867e-05,4.634813e-03,1.170819e-02,0.000000e+00,0.000000e+00
2115,11,28220,2.137385e-06,4.520319e-03,1.006794e-02,0.000000e+00,0.000000e+00
2116,11,28231,1.501973e-05,4.659929e-03,1.277112e-02,0.000000e+00,0.000000e+00
2117,20,28251,1.236796e-05,4.189384e-03,9.975777e-03,0.000000e+00,0.000000e+00
2118,11,28262,4.712492e-05,4.565092e-03,1.258857e-02,0.000000e+00,0.000000e+00
2119,13,28275,6.503913e-06,4.434466e-03,1.105501e-02,0.000000e+00,0.000000e+00
2120,14,28289,3.401190e-05,4.364369e-03,1.265618e-02,0.000000e+00,0.000000e+00
2121,13,28302,1.167108e-06,4.127774e-03,1.083102e-02,0.000000e+00,0.000000e+00
2122,13,28315,2.258558e-05,4.526943e-03,1.160916e-02,0.000000e+00,0.000000e+00
2123,12,28327,5.760230e-05,4.428349e-03,1.000000e-02,0.000000e+00,0.000000e+00
2124,16,28343,3.224815e-05,4.455342e-03,1.287975e-02,0.000000e+00,0.000000e+00
2125,15,28358,1.440903e-05,4.241984e-03,1.098637e-02,0.000000e+00,0.000000e+00
2126,12,28370,1.836838e-05,4.388727e-03,1.218556e-02,0.000000e+00,0.000000e+00
2127,14,28384,7.910041e-05,4.761848e-03,1.114650e-02,0.000000e+00,0.000000e+00
2128,14,28398,7.228266e-06,4.154863e-03,1.062935e-02,0.000000e+00,0.000000e+00
2129,15,28413,8.401142e-05,4.372741e-03,1.222401e-02,0.000000e+00,0.000000e+00
2130,19,28432,2.115034e-05,4.225873e-03,1.263302e-02,0.000000e+00,0.000000e+00
2131,14,28446,2.494548e-05,4.327423e-03,1.248802e-02,0.000000e+00,0.000000e+00
2132,22,28468,3.630927e-05,4.216417e-03,1.329002e-02,0.000000e+00,0.000000e+00
2133,16,28484,1.901300e-05,4.001577e-03,1.365172e-02,0.000000e+00,0.000000e+00
2134,15,28499,5.236380e-05,4.349554e-03,1.141856e-02,0.000000e+00,0.000000e+00
2135,13,28512,5.335448e-05,4.196072e-03,1.186793e-02,0.000000e+00,0.000000e+00
2136,12,28524,6.618928e-05,4.195007e-03,1.149660e-02,0.000000e+00,0.000000e+00
2137,14,28538,9.653158e-06,4.180581e-03,1.284998e-02,0.000000e+00,0.000000e+00
2138,11,28549,1.748915e-04,4.321214e-03,1.185433e-02,0.000000e+00,0.000000e+00
2139,11,28560,5.750917e-05,4.136368e-03,1.172704e-02,0.000000e+00,0.000000e+00
2140,20,28580,1.020357e-04,4.386322e-03,1.507643e-02,0.000000e+00,0.000000e+00
2141,15,28595,1.206990e-04,4.409296e-03,1.094325e-02,0.000000e+00,0.000000e+00
2142,11,28606,7.891720e-05,4.445339e-03,1.332368e-02,0.000000e+00,0.000000e+00
2143,13,28619,1.120288e-05,4.475278e-03,1.066455e-02,0.000000e+00,0.000000e+00
2144,14,28633,9.597428e-05,4.512676e-03,1.583444e-02,0.000000e+00,0.000000e+00
2145,11,28644,1.064502e-05,4.328722e-03,1.017060e-02,0.000000e+00,0.000000e+00
2146,11,28655,1.029905e-04,4.576401e-03,1.086149e-02,0.000000e+00,0.000000e+00
2147,10,28665,4.374888e-05,4.444783e-03,1.143176e-02,0.000000e+00,0.000000e+00
2148,11,28676,9.414898e-05,4.254146e-03,1.160125e-02,0.000000e+00,0.000000e+00
2149,11,28687,5.763105e-05,4.346841e-03,1.051639e-02,0.000000e+00,0.000000e+00
2150,14,28701,1.191061e-04,4.523923e-03,1.084695e-02,0.000000e+00,0.000000e+00
2151,15,28716,9.973007e-06,4.216652e-03,1.000000e-02,0.000000e+00,0.000000e+00
2152,14,28730,7.295782e-05,4.613532e-03,1.260378e-02,0.000000e+00,0.000000e+00
2153,11,28741,1.368468e-05,4.459234e-03,1.515673e-02,0.000000e+00,0.000000e+00
2154,13,28754,2.863486e-06,4.345985e-03,1.160714e-02,0.000000e+00,0.000000e+00
2155,11,28765,1.235744e-04,4.471128e-03,1.187537e-02,0.000000e+00,0.000000e+00
2156,13,28778,7.705458e-05,4.376815e-03,1.224236e-02,0.000000e+00,0.000000e+00
2157,11,28789,8.544486e-05,4.272705e-03,1.122930e-02,0.000000e+00,0.000000e+00
2158,10,28799,7.769412e-05,4.417608e-03,1.337814e-02,0.000000e+00,0.000000e+00
2159,14,28813,2.770864e-05,4.346860e-03,1.122252e-02,0.000000e+00,0.000000e+00
HIST {'total_samples': 2486618, 'floor_samples': 19, 'floor_fraction': 7.640900210647555e-06, 'saturation_depth': 1.5832483768463135e-07, 'boundaries': 2160, 'capped_boundaries': 0, 'unfinished_worlds': 0}
2160,13,28826,1.603077e-06,4.584756e-03,1.674512e-02,0.000000e+00,0.000000e+00
2161,13,28839,2.266839e-05,4.333706e-03,1.197900e-02,0.000000e+00,0.000000e+00
2162,11,28850,6.466085e-05,4.505679e-03,1.353910e-02,0.000000e+00,0.000000e+00
2163,19,28869,1.432761e-05,4.362069e-03,1.256512e-02,0.000000e+00,0.000000e+00
2164,11,28880,1.201406e-05,4.283177e-03,1.127928e-02,0.000000e+00,0.000000e+00
2165,14,28894,6.827243e-05,4.378671e-03,1.128664e-02,0.000000e+00,0.000000e+00
2166,11,28905,1.214607e-06,4.333896e-03,1.096674e-02,0.000000e+00,0.000000e+00
2167,11,28916,1.376611e-05,4.271958e-03,1.221924e-02,0.000000e+00,0.000000e+00
2168,11,28927,1.134707e-05,4.516757e-03,1.284708e-02,0.000000e+00,0.000000e+00
2169,14,28941,1.410029e-05,4.512257e-03,1.102835e-02,0.000000e+00,0.000000e+00
2170,12,28953,7.084571e-05,4.693180e-03,1.052453e-02,0.000000e+00,0.000000e+00
2171,13,28966,1.787304e-05,4.492933e-03,1.003726e-02,0.000000e+00,0.000000e+00
2172,11,28977,4.771166e-05,4.308319e-03,1.252997e-02,0.000000e+00,0.000000e+00
2173,15,28992,1.086021e-05,4.410655e-03,1.039594e-02,0.000000e+00,0.000000e+00
2174,19,29011,9.596411e-06,4.503731e-03,1.101334e-02,0.000000e+00,0.000000e+00
2175,12,29023,1.087718e-05,4.513545e-03,1.197900e-02,0.000000e+00,0.000000e+00
2176,13,29036,1.795446e-05,4.591133e-03,1.762235e-02,0.000000e+00,0.000000e+00
2177,13,29049,6.093389e-06,4.342290e-03,1.259711e-02,0.000000e+00,0.000000e+00
2178,15,29064,2.902503e-06,4.346372e-03,1.090664e-02,0.000000e+00,0.000000e+00
2179,12,29076,2.280441e-05,4.565996e-03,1.413649e-02,0.000000e+00,0.000000e+00
2180,14,29090,3.864688e-05,4.391781e-03,1.216149e-02,0.000000e+00,0.000000e+00
2181,22,29112,7.330219e-05,4.261720e-03,1.055441e-02,0.000000e+00,0.000000e+00
2182,24,29136,2.782738e-05,4.553332e-03,1.675290e-02,0.000000e+00,0.000000e+00
2183,12,29148,2.134654e-04,4.215344e-03,1.104750e-02,0.000000e+00,0.000000e+00
2184,11,29159,2.746606e-05,4.556503e-03,1.188699e-02,0.000000e+00,0.000000e+00
2185,16,29175,9.966221e-06,4.193863e-03,1.175640e-02,0.000000e+00,0.000000e+00
2186,11,29186,4.395315e-05,4.627469e-03,1.113768e-02,0.000000e+00,0.000000e+00
2187,14,29200,2.288244e-05,4.402229e-03,1.000000e-02,0.000000e+00,0.000000e+00
2188,11,29211,1.587020e-04,4.677694e-03,1.317690e-02,0.000000e+00,0.000000e+00
2189,15,29226,1.373701e-05,4.655579e-03,1.184042e-02,0.000000e+00,0.000000e+00
2190,16,29242,1.208857e-05,4.437769e-03,1.188250e-02,0.000000e+00,0.000000e+00
2191,15,29257,2.241693e-05,4.175188e-03,1.208104e-02,0.000000e+00,0.000000e+00
2192,12,29269,1.066364e-05,4.477316e-03,1.084902e-02,0.000000e+00,0.000000e+00
2193,12,29281,5.127133e-05,4.648926e-03,1.110171e-02,0.000000e+00,0.000000e+00
2194,14,29295,1.387764e-04,4.573368e-03,1.277970e-02,0.000000e+00,0.000000e+00
2195,10,29305,4.280824e-05,4.492734e-03,1.089000e-02,0.000000e+00,0.000000e+00
2196,13,29318,7.146841e-06,4.561803e-03,1.239331e-02,0.000000e+00,0.000000e+00
2197,10,29328,8.405892e-05,4.611291e-03,1.145881e-02,0.000000e+00,0.000000e+00
2198,11,29339,1.470420e-05,4.319947e-03,1.233766e-02,0.000000e+00,0.000000e+00
2199,19,29358,1.230603e-04,4.559340e-03,1.338157e-02,0.000000e+00,0.000000e+00
2200,12,29370,3.904214e-05,4.708406e-03,1.157759e-02,0.000000e+00,0.000000e+00
2201,12,29382,1.598429e-04,4.557791e-03,1.089000e-02,0.000000e+00,0.000000e+00
2202,11,29393,6.065400e-05,4.857177e-03,1.430177e-02,0.000000e+00,0.000000e+00
2203,10,29403,7.956289e-05,4.595027e-03,1.197900e-02,0.000000e+00,0.000000e+00
2204,12,29415,3.495557e-05,4.684271e-03,1.093904e-02,0.000000e+00,0.000000e+00
2205,11,29426,9.237323e-05,4.446338e-03,1.089000e-02,0.000000e+00,0.000000e+00
2206,11,29437,2.361358e-06,4.813164e-03,1.186898e-02,0.000000e+00,0.000000e+00
2207,13,29450,1.865439e-04,4.691612e-03,1.261017e-02,0.000000e+00,0.000000e+00
HIST {'total_samples': 2544244, 'floor_samples': 19, 'floor_fraction': 7.467837204293299e-06, 'saturation_depth': 1.5832483768463135e-07, 'boundaries': 2208, 'capped_boundaries': 0, 'unfinished_worlds': 0}
2208,20,29470,9.896669e-06,4.664328e-03,1.296871e-02,0.000000e+00,0.000000e+00
2209,16,29486,3.005642e-05,4.547728e-03,1.257248e-02,0.000000e+00,0.000000e+00
2210,11,29497,3.830930e-05,4.547671e-03,1.456594e-02,0.000000e+00,0.000000e+00
2211,12,29509,1.013077e-05,4.287418e-03,1.446106e-02,0.000000e+00,0.000000e+00
2212,11,29520,1.002831e-04,4.415645e-03,1.317690e-02,0.000000e+00,0.000000e+00
2213,11,29531,1.008483e-04,4.396677e-03,1.228733e-02,0.000000e+00,0.000000e+00
2214,12,29543,6.565824e-05,4.563345e-03,1.574465e-02,0.000000e+00,0.000000e+00
2215,16,29559,9.611677e-06,4.430923e-03,1.283284e-02,0.000000e+00,0.000000e+00
2216,11,29570,7.881712e-05,4.705230e-03,1.363091e-02,0.000000e+00,0.000000e+00
2217,10,29580,3.080453e-05,4.286692e-03,1.045738e-02,0.000000e+00,0.000000e+00
2218,11,29591,5.567513e-05,4.471424e-03,1.266088e-02,0.000000e+00,0.000000e+00
2219,12,29603,6.770754e-05,4.616882e-03,1.139523e-02,0.000000e+00,0.000000e+00
2220,12,29615,3.531110e-05,4.373926e-03,1.166178e-02,0.000000e+00,0.000000e+00
2221,13,29628,1.029023e-05,4.426097e-03,1.320844e-02,0.000000e+00,0.000000e+00
2222,13,29641,3.807860e-05,4.499564e-03,1.153479e-02,0.000000e+00,0.000000e+00
2223,12,29653,4.750537e-05,4.510451e-03,1.135019e-02,0.000000e+00,0.000000e+00
2224,12,29665,1.218636e-05,4.688175e-03,1.529372e-02,0.000000e+00,0.000000e+00
2225,12,29677,2.156012e-06,4.460574e-03,1.207574e-02,0.000000e+00,0.000000e+00
2226,10,29687,6.134103e-06,4.431198e-03,1.309586e-02,0.000000e+00,0.000000e+00
2227,12,29699,7.119698e-06,4.676340e-03,1.331228e-02,0.000000e+00,0.000000e+00
2228,13,29712,6.461504e-06,4.532783e-03,1.283482e-02,0.000000e+00,0.000000e+00
2229,10,29722,8.668831e-05,4.570965e-03,1.097802e-02,0.000000e+00,0.000000e+00
2230,11,29733,1.029243e-04,4.663750e-03,1.365287e-02,0.000000e+00,0.000000e+00
2231,23,29756,1.233436e-04,4.674380e-03,1.089000e-02,0.000000e+00,0.000000e+00
2232,14,29770,5.547156e-05,4.328234e-03,1.317690e-02,0.000000e+00,0.000000e+00
2233,13,29783,1.452100e-05,4.207358e-03,1.024285e-02,0.000000e+00,0.000000e+00
2234,16,29799,2.162034e-05,4.343615e-03,1.244157e-02,0.000000e+00,0.000000e+00
2235,12,29811,2.454966e-05,4.639338e-03,1.339943e-02,0.000000e+00,0.000000e+00
2236,11,29822,9.069685e-05,4.646394e-03,1.259518e-02,0.000000e+00,0.000000e+00
2237,13,29835,4.523434e-05,4.151247e-03,1.356526e-02,0.000000e+00,0.000000e+00
2238,11,29846,3.376471e-05,4.466957e-03,1.317690e-02,0.000000e+00,0.000000e+00
2239,12,29858,4.287935e-05,4.309786e-03,1.172826e-02,0.000000e+00,0.000000e+00
2240,12,29870,2.108598e-06,4.395282e-03,1.311439e-02,0.000000e+00,0.000000e+00
2241,17,29887,1.473694e-04,4.424145e-03,1.123547e-02,0.000000e+00,0.000000e+00
2242,14,29901,7.476447e-05,4.512130e-03,1.488674e-02,0.000000e+00,0.000000e+00
2243,11,29912,4.200571e-05,4.506367e-03,1.029389e-02,0.000000e+00,0.000000e+00
2244,13,29925,1.129741e-04,4.563572e-03,1.244034e-02,0.000000e+00,0.000000e+00
2245,14,29939,5.472515e-05,4.436962e-03,1.197900e-02,0.000000e+00,0.000000e+00
2246,15,29954,5.522728e-05,4.528729e-03,1.054957e-02,0.000000e+00,0.000000e+00
2247,12,29966,3.409720e-05,4.375288e-03,1.160453e-02,0.000000e+00,0.000000e+00
2248,10,29976,2.689268e-05,4.525143e-03,1.272361e-02,0.000000e+00,0.000000e+00
2249,12,29988,9.093434e-05,4.406699e-03,1.095124e-02,0.000000e+00,0.000000e+00
2250,12,30000,4.461966e-05,4.321776e-03,1.078573e-02,0.000000e+00,0.000000e+00
2251,12,30012,5.339272e-05,4.286561e-03,1.197900e-02,0.000000e+00,0.000000e+00
2252,12,30024,4.842877e-07,4.547019e-03,1.515565e-02,0.000000e+00,0.000000e+00
2253,11,30035,6.324097e-06,4.693556e-03,1.028494e-02,0.000000e+00,0.000000e+00
2254,13,30048,2.610217e-05,4.323835e-03,1.167400e-02,0.000000e+00,0.000000e+00
2255,13,30061,1.059490e-04,4.626703e-03,1.268381e-02,0.000000e+00,0.000000e+00
HIST {'total_samples': 2601746, 'floor_samples': 20, 'floor_fraction': 7.687145478459465e-06, 'saturation_depth': 1.5832483768463135e-07, 'boundaries': 2256, 'capped_boundaries': 0, 'unfinished_worlds': 0}
2256,12,30073,1.849222e-05,4.539114e-03,1.305771e-02,0.000000e+00,0.000000e+00
2257,18,30091,2.989018e-05,4.383402e-03,1.091231e-02,0.000000e+00,0.000000e+00
2258,18,30109,1.109857e-04,4.315224e-03,1.310224e-02,0.000000e+00,0.000000e+00
2259,12,30121,5.185828e-06,4.426427e-03,1.304030e-02,0.000000e+00,0.000000e+00
2260,10,30131,1.254492e-05,4.508082e-03,1.089000e-02,0.000000e+00,0.000000e+00
2261,14,30145,1.797453e-06,4.493600e-03,1.116219e-02,0.000000e+00,0.000000e+00
2262,20,30165,2.974259e-05,4.331387e-03,1.214687e-02,0.000000e+00,0.000000e+00
2263,14,30179,1.350418e-07,4.392599e-03,1.000000e-02,0.000000e+00,0.000000e+00
2264,18,30197,1.777804e-05,4.931795e-03,1.372411e-02,0.000000e+00,0.000000e+00
2265,16,30213,1.440197e-04,4.648578e-03,1.095808e-02,0.000000e+00,0.000000e+00
2266,13,30226,6.565824e-05,4.369572e-03,1.231677e-02,0.000000e+00,0.000000e+00
2267,12,30238,1.009740e-04,4.377564e-03,1.146098e-02,0.000000e+00,0.000000e+00
2268,13,30251,4.222617e-05,4.488908e-03,1.118831e-02,0.000000e+00,0.000000e+00
2269,11,30262,4.527294e-05,4.409751e-03,1.037485e-02,0.000000e+00,0.000000e+00
2270,12,30274,1.813767e-05,4.229219e-03,1.167896e-02,0.000000e+00,0.000000e+00
2271,12,30286,3.040588e-05,4.279844e-03,1.256506e-02,0.000000e+00,0.000000e+00
2272,15,30301,1.064257e-04,4.525787e-03,1.438433e-02,0.000000e+00,0.000000e+00
2273,11,30312,6.420791e-06,4.452114e-03,1.099867e-02,0.000000e+00,0.000000e+00
2274,11,30323,5.076581e-05,4.438118e-03,1.381358e-02,0.000000e+00,0.000000e+00
2275,11,30334,2.129395e-04,4.445545e-03,1.134313e-02,0.000000e+00,0.000000e+00
2276,10,30344,2.405141e-05,4.415892e-03,1.282964e-02,0.000000e+00,0.000000e+00
2277,9,30353,4.195991e-05,4.483538e-03,1.264368e-02,0.000000e+00,0.000000e+00
2278,11,30364,2.400018e-05,4.579066e-03,1.265868e-02,0.000000e+00,0.000000e+00
2279,12,30376,2.613440e-05,4.544955e-03,1.082273e-02,0.000000e+00,0.000000e+00
2280,11,30387,2.580191e-05,4.585732e-03,1.339098e-02,0.000000e+00,0.000000e+00
2281,13,30400,2.554236e-05,4.525321e-03,1.043185e-02,0.000000e+00,0.000000e+00
2282,15,30415,9.313226e-07,4.249417e-03,9.986300e-03,0.000000e+00,0.000000e+00
2283,14,30429,2.495372e-05,4.247745e-03,1.175668e-02,0.000000e+00,0.000000e+00
2284,12,30441,1.297559e-05,4.627772e-03,1.287115e-02,0.000000e+00,0.000000e+00
2285,13,30454,2.074009e-04,4.494483e-03,1.163948e-02,0.000000e+00,0.000000e+00
2286,13,30467,1.525485e-04,4.461306e-03,1.276000e-02,0.000000e+00,0.000000e+00
2287,11,30478,8.425231e-05,4.281913e-03,1.197900e-02,0.000000e+00,0.000000e+00
2288,21,30499,1.050499e-04,4.317281e-03,1.230476e-02,0.000000e+00,0.000000e+00
2289,14,30513,1.365924e-05,4.521581e-03,1.069339e-02,0.000000e+00,0.000000e+00
2290,18,30531,4.544389e-05,4.628074e-03,1.278798e-02,0.000000e+00,0.000000e+00
2291,12,30543,2.476881e-05,4.373423e-03,1.076738e-02,0.000000e+00,0.000000e+00
2292,13,30556,1.048107e-04,4.552351e-03,1.252130e-02,0.000000e+00,0.000000e+00
2293,11,30567,2.632779e-06,4.436700e-03,1.575587e-02,0.000000e+00,0.000000e+00
2294,11,30578,1.275446e-05,4.553045e-03,1.503446e-02,0.000000e+00,0.000000e+00
2295,13,30591,4.844856e-05,4.441740e-03,1.068831e-02,0.000000e+00,0.000000e+00
2296,13,30604,1.363888e-06,4.520138e-03,1.348911e-02,0.000000e+00,0.000000e+00
2297,16,30620,2.154149e-05,4.156800e-03,1.070585e-02,0.000000e+00,0.000000e+00
2298,14,30634,1.005828e-06,4.716092e-03,1.083899e-02,0.000000e+00,0.000000e+00
2299,13,30647,1.935567e-06,4.165128e-03,9.734927e-03,0.000000e+00,0.000000e+00
2300,15,30662,2.592405e-05,4.674787e-03,1.406131e-02,0.000000e+00,0.000000e+00
2301,12,30674,2.144222e-05,4.377708e-03,1.089000e-02,0.000000e+00,0.000000e+00
2302,12,30686,9.471551e-06,4.385117e-03,1.556885e-02,0.000000e+00,0.000000e+00
2303,13,30699,6.968721e-05,4.323232e-03,1.081108e-02,0.000000e+00,0.000000e+00
HIST {'total_samples': 2659354, 'floor_samples': 22, 'floor_fraction': 8.272685772559802e-06, 'saturation_depth': 1.3504177331924438e-07, 'boundaries': 2304, 'capped_boundaries': 0, 'unfinished_worlds': 0}
2304,19,30718,3.748826e-05,4.291165e-03,1.384481e-02,0.000000e+00,0.000000e+00
2305,13,30731,1.024455e-05,4.770539e-03,1.181961e-02,0.000000e+00,0.000000e+00
2306,9,30740,7.243874e-05,4.557193e-03,1.295803e-02,0.000000e+00,0.000000e+00
2307,12,30752,3.693015e-05,4.803769e-03,1.132796e-02,0.000000e+00,0.000000e+00
2308,11,30763,5.613314e-06,4.419077e-03,1.133475e-02,0.000000e+00,0.000000e+00
2309,10,30773,3.227498e-05,4.418762e-03,1.166434e-02,0.000000e+00,0.000000e+00
2310,15,30788,3.777156e-05,4.399581e-03,1.197326e-02,0.000000e+00,0.000000e+00
2311,12,30800,8.041850e-05,4.259642e-03,1.103938e-02,0.000000e+00,0.000000e+00
2312,13,30813,1.062781e-05,4.318474e-03,1.768816e-02,0.000000e+00,0.000000e+00
2313,12,30825,9.814277e-05,4.611188e-03,1.095892e-02,0.000000e+00,0.000000e+00
2314,21,30846,8.459837e-05,4.414855e-03,1.073063e-02,0.000000e+00,0.000000e+00
2315,11,30857,1.156516e-04,4.422210e-03,1.309905e-02,0.000000e+00,0.000000e+00
2316,11,30868,1.315711e-04,4.652031e-03,1.246411e-02,0.000000e+00,0.000000e+00
2317,12,30880,6.404676e-05,4.458893e-03,1.240689e-02,0.000000e+00,0.000000e+00
2318,11,30891,3.265698e-05,4.598813e-03,1.068750e-02,0.000000e+00,0.000000e+00
2319,11,30902,3.345088e-05,4.608252e-03,1.000000e-02,0.000000e+00,0.000000e+00
2320,13,30915,1.839083e-04,4.657956e-03,1.291438e-02,0.000000e+00,0.000000e+00
2321,11,30926,5.362090e-05,4.482823e-03,1.265616e-02,0.000000e+00,0.000000e+00
2322,11,30937,1.043081e-05,4.509546e-03,1.224710e-02,0.000000e+00,0.000000e+00
2323,10,30947,1.066513e-04,4.483807e-03,1.114801e-02,0.000000e+00,0.000000e+00
2324,12,30959,1.151671e-04,4.578265e-03,1.602026e-02,0.000000e+00,0.000000e+00
2325,14,30973,8.943304e-06,4.371685e-03,1.139348e-02,0.000000e+00,0.000000e+00
2326,12,30985,1.029871e-04,4.389022e-03,1.144349e-02,0.000000e+00,0.000000e+00
2327,14,30999,2.506399e-05,4.476099e-03,1.113036e-02,0.000000e+00,0.000000e+00
2328,15,31014,2.476508e-04,4.555197e-03,1.323170e-02,0.000000e+00,0.000000e+00
2329,13,31027,3.302170e-05,4.308087e-03,1.000000e-02,0.000000e+00,0.000000e+00
2330,12,31039,2.112240e-05,4.445480e-03,1.201057e-02,0.000000e+00,0.000000e+00
2331,12,31051,6.615875e-06,4.408594e-03,1.459379e-02,0.000000e+00,0.000000e+00
2332,11,31062,1.444975e-05,4.544765e-03,1.114182e-02,0.000000e+00,0.000000e+00
2333,9,31071,3.614303e-05,4.398098e-03,1.183148e-02,0.000000e+00,0.000000e+00
2334,13,31084,2.969137e-04,4.644506e-03,1.430904e-02,0.000000e+00,0.000000e+00
2335,13,31097,3.311500e-05,4.695089e-03,1.216428e-02,0.000000e+00,0.000000e+00
2336,17,31114,6.848448e-05,4.510440e-03,1.175466e-02,0.000000e+00,0.000000e+00
2337,17,31131,5.306949e-05,4.077857e-03,1.236201e-02,0.000000e+00,0.000000e+00
2338,11,31142,1.263632e-05,4.573830e-03,1.294476e-02,0.000000e+00,0.000000e+00
2339,12,31154,1.213826e-04,4.798015e-03,1.079637e-02,0.000000e+00,0.000000e+00
2340,13,31167,1.300406e-04,4.725804e-03,1.211534e-02,0.000000e+00,0.000000e+00
2341,14,31181,4.892354e-05,4.377521e-03,1.056869e-02,0.000000e+00,0.000000e+00
2342,13,31194,1.217117e-04,4.507603e-03,1.495226e-02,0.000000e+00,0.000000e+00
2343,15,31209,1.773054e-05,4.406856e-03,1.089000e-02,0.000000e+00,0.000000e+00
2344,13,31222,1.221138e-04,4.403076e-03,1.287975e-02,0.000000e+00,0.000000e+00
2345,14,31236,5.612636e-05,4.377336e-03,1.095959e-02,0.000000e+00,0.000000e+00
2346,12,31248,1.664486e-05,4.526322e-03,1.278346e-02,0.000000e+00,0.000000e+00
2347,17,31265,6.305267e-05,4.398239e-03,1.000000e-02,0.000000e+00,0.000000e+00
2348,12,31277,3.713032e-05,4.501018e-03,1.211797e-02,0.000000e+00,0.000000e+00
2349,12,31289,1.819026e-05,4.425673e-03,1.146136e-02,0.000000e+00,0.000000e+00
2350,14,31303,1.064783e-04,4.842813e-03,1.383399e-02,0.000000e+00,0.000000e+00
2351,12,31315,1.015910e-04,4.670178e-03,1.272838e-02,0.000000e+00,0.000000e+00
HIST {'total_samples': 2716476, 'floor_samples': 22, 'floor_fraction': 8.098727910719623e-06, 'saturation_depth': 1.3504177331924438e-07, 'boundaries': 2352, 'capped_boundaries': 0, 'unfinished_worlds': 0}
2352,14,31329,1.256677e-04,4.325172e-03,1.105221e-02,0.000000e+00,0.000000e+00
2353,13,31342,6.309339e-05,4.202270e-03,1.000000e-02,0.000000e+00,0.000000e+00
2354,14,31356,6.712567e-06,4.278526e-03,1.262600e-02,0.000000e+00,0.000000e+00
2355,13,31369,5.978036e-06,4.312055e-03,1.148450e-02,0.000000e+00,0.000000e+00
2356,12,31381,2.558647e-05,4.597835e-03,1.496408e-02,0.000000e+00,0.000000e+00
2357,12,31393,9.365364e-05,4.387351e-03,1.276274e-02,0.000000e+00,0.000000e+00
2358,11,31404,3.270956e-05,4.524032e-03,1.456982e-02,0.000000e+00,0.000000e+00
2359,12,31416,2.093839e-05,4.519455e-03,1.168493e-02,0.000000e+00,0.000000e+00
2360,11,31427,1.211333e-04,4.252910e-03,1.216874e-02,0.000000e+00,0.000000e+00
2361,12,31439,5.084045e-06,4.330360e-03,1.085311e-02,0.000000e+00,0.000000e+00
2362,17,31456,1.069764e-04,4.536576e-03,1.700740e-02,0.000000e+00,0.000000e+00
2363,21,31477,9.518117e-06,4.304917e-03,1.120288e-02,0.000000e+00,0.000000e+00
2364,15,31492,3.230292e-05,4.762961e-03,1.177693e-02,0.000000e+00,0.000000e+00
2365,12,31504,4.092003e-05,4.437767e-03,1.000000e-02,0.000000e+00,0.000000e+00
2366,11,31515,2.320390e-05,4.483344e-03,1.224321e-02,0.000000e+00,0.000000e+00
2367,14,31529,7.063718e-05,4.293192e-03,1.325461e-02,0.000000e+00,0.000000e+00
2368,15,31544,6.610785e-06,4.554993e-03,1.437147e-02,0.000000e+00,0.000000e+00
2369,11,31555,1.720127e-05,4.410417e-03,1.291220e-02,0.000000e+00,0.000000e+00
2370,11,31566,8.159070e-05,4.689711e-03,1.247366e-02,0.000000e+00,0.000000e+00
2371,13,31579,3.159046e-05,4.748912e-03,1.076351e-02,0.000000e+00,0.000000e+00
2372,13,31592,6.696113e-05,4.694146e-03,1.278567e-02,0.000000e+00,0.000000e+00
2373,20,31612,1.368977e-06,4.233993e-03,1.089000e-02,0.000000e+00,0.000000e+00
2374,15,31627,1.236778e-04,4.495237e-03,1.084738e-02,0.000000e+00,0.000000e+00
2375,12,31639,8.187738e-05,4.412656e-03,1.000000e-02,0.000000e+00,0.000000e+00
2376,12,31651,1.255320e-06,4.408207e-03,1.555694e-02,0.000000e+00,0.000000e+00
2377,12,31663,1.904555e-05,4.319598e-03,1.692992e-02,0.000000e+00,0.000000e+00
2378,15,31678,3.595812e-05,4.811523e-03,1.254564e-02,0.000000e+00,0.000000e+00
2379,12,31690,1.047004e-05,4.480402e-03,1.100260e-02,0.000000e+00,0.000000e+00
2380,18,31708,6.263367e-05,4.401591e-03,1.310825e-02,0.000000e+00,0.000000e+00
2381,23,31731,1.797173e-04,4.366919e-03,1.132139e-02,0.000000e+00,0.000000e+00
2382,15,31746,2.309820e-04,4.552657e-03,1.048891e-02,0.000000e+00,0.000000e+00
2383,13,31759,2.547112e-05,4.129739e-03,1.109312e-02,0.000000e+00,0.000000e+00
2384,14,31773,7.379922e-05,4.471221e-03,1.190135e-02,0.000000e+00,0.000000e+00
2385,14,31787,5.718490e-06,4.156193e-03,1.267305e-02,0.000000e+00,0.000000e+00
2386,9,31796,2.165325e-06,4.640493e-03,1.387257e-02,0.000000e+00,0.000000e+00
2387,11,31807,1.844014e-04,4.817554e-03,1.379311e-02,0.000000e+00,0.000000e+00
2388,15,31822,3.915280e-05,4.573358e-03,1.210601e-02,0.000000e+00,0.000000e+00
2389,11,31833,2.895378e-05,4.461435e-03,1.017826e-02,0.000000e+00,0.000000e+00
2390,16,31849,2.020895e-05,4.491406e-03,1.318675e-02,0.000000e+00,0.000000e+00
2391,14,31863,9.227544e-05,4.376512e-03,1.197900e-02,0.000000e+00,0.000000e+00
2392,11,31874,1.825392e-06,4.228253e-03,1.151439e-02,0.000000e+00,0.000000e+00
2393,12,31886,1.232894e-04,4.478225e-03,1.294953e-02,0.000000e+00,0.000000e+00
2394,13,31899,1.769254e-04,4.447168e-03,1.223344e-02,0.000000e+00,0.000000e+00
2395,11,31910,4.298283e-05,4.304150e-03,1.110805e-02,0.000000e+00,0.000000e+00
2396,15,31925,4.812963e-05,4.580542e-03,1.011913e-02,0.000000e+00,0.000000e+00
2397,13,31938,5.475908e-05,4.433446e-03,1.103391e-02,0.000000e+00,0.000000e+00
2398,14,31952,1.141476e-04,4.409505e-03,1.508251e-02,0.000000e+00,0.000000e+00
2399,12,31964,2.217166e-06,4.381601e-03,1.240994e-02,0.000000e+00,0.000000e+00
HIST {'total_samples': 2774373, 'floor_samples': 22, 'floor_fraction': 7.929719615927634e-06, 'saturation_depth': 1.3504177331924438e-07, 'boundaries': 2400, 'capped_boundaries': 0, 'unfinished_worlds': 0}
2400,13,31977,8.782488e-05,4.293554e-03,1.239457e-02,0.000000e+00,0.000000e+00
2401,15,31992,2.776631e-05,4.201034e-03,1.810728e-02,0.000000e+00,0.000000e+00
2402,11,32003,9.923811e-06,4.533127e-03,1.821472e-02,0.000000e+00,0.000000e+00
2403,16,32019,2.482819e-05,4.290907e-03,1.821472e-02,0.000000e+00,0.000000e+00
2404,13,32032,2.768828e-05,4.488093e-03,1.821472e-02,0.000000e+00,0.000000e+00
2405,16,32048,1.623603e-05,4.434205e-03,1.231419e-02,0.000000e+00,0.000000e+00
2406,12,32060,1.969037e-04,4.647154e-03,1.226638e-02,0.000000e+00,0.000000e+00
2407,15,32075,2.396982e-06,4.201225e-03,1.047177e-02,0.000000e+00,0.000000e+00
2408,13,32088,8.950010e-06,4.489600e-03,1.242120e-02,0.000000e+00,0.000000e+00
2409,20,32108,1.068311e-04,4.387790e-03,1.221426e-02,0.000000e+00,0.000000e+00
2410,19,32127,5.517639e-05,4.533376e-03,1.205840e-02,0.000000e+00,0.000000e+00
2411,15,32142,6.290169e-06,4.226689e-03,1.130097e-02,0.000000e+00,0.000000e+00
2412,13,32155,4.355111e-05,4.671031e-03,1.232689e-02,0.000000e+00,0.000000e+00
2413,17,32172,1.231570e-06,4.403529e-03,1.187628e-02,0.000000e+00,0.000000e+00
2414,11,32183,1.181018e-04,4.594437e-03,1.311360e-02,0.000000e+00,0.000000e+00
2415,14,32197,3.044028e-05,4.242089e-03,1.202164e-02,0.000000e+00,0.000000e+00
2416,13,32210,9.173164e-05,4.351411e-03,1.272193e-02,0.000000e+00,0.000000e+00
2417,13,32223,2.822773e-05,4.534909e-03,1.167042e-02,0.000000e+00,0.000000e+00
2418,12,32235,1.108227e-04,4.424638e-03,1.176574e-02,0.000000e+00,0.000000e+00
2419,18,32253,1.226125e-04,4.376834e-03,1.000000e-02,0.000000e+00,0.000000e+00
2420,13,32266,2.011904e-06,4.282821e-03,1.269787e-02,0.000000e+00,0.000000e+00
2421,11,32277,1.705691e-04,4.202969e-03,1.096486e-02,0.000000e+00,0.000000e+00
2422,15,32292,3.909692e-05,4.388879e-03,1.224324e-02,0.000000e+00,0.000000e+00
2423,14,32306,5.332287e-05,4.102720e-03,1.033415e-02,0.000000e+00,0.000000e+00
2424,12,32318,5.076639e-05,4.474214e-03,1.108799e-02,0.000000e+00,0.000000e+00
2425,13,32331,2.292214e-04,4.433152e-03,1.089000e-02,0.000000e+00,0.000000e+00
2426,14,32345,6.903750e-05,4.586300e-03,1.222998e-02,0.000000e+00,0.000000e+00
2427,17,32362,9.220093e-06,4.240278e-03,1.280005e-02,0.000000e+00,0.000000e+00
2428,18,32380,8.709205e-06,4.377252e-03,1.115811e-02,0.000000e+00,0.000000e+00
2429,12,32392,1.346924e-06,4.189811e-03,1.057575e-02,0.000000e+00,0.000000e+00
2430,13,32405,3.834154e-05,4.600506e-03,1.296968e-02,0.000000e+00,0.000000e+00
2431,16,32421,1.028836e-04,4.338290e-03,1.178930e-02,0.000000e+00,0.000000e+00
2432,16,32437,2.361358e-05,4.338188e-03,1.317690e-02,0.000000e+00,0.000000e+00
2433,14,32451,7.264060e-05,4.268752e-03,1.091193e-02,0.000000e+00,0.000000e+00
2434,12,32463,1.122011e-04,4.223973e-03,1.334756e-02,0.000000e+00,0.000000e+00
2435,15,32478,2.903864e-05,4.015666e-03,1.110489e-02,0.000000e+00,0.000000e+00
2436,13,32491,9.788101e-05,4.514448e-03,1.369768e-02,0.000000e+00,0.000000e+00
2437,14,32505,1.812614e-04,4.368369e-03,1.162476e-02,0.000000e+00,0.000000e+00
2438,14,32519,1.203003e-04,4.563012e-03,1.274977e-02,0.000000e+00,0.000000e+00
2439,16,32535,1.692646e-05,4.303055e-03,1.156802e-02,0.000000e+00,0.000000e+00
2440,11,32546,1.274150e-05,4.443702e-03,1.533154e-02,0.000000e+00,0.000000e+00
2441,13,32559,1.255423e-05,4.252362e-03,1.110896e-02,0.000000e+00,0.000000e+00
2442,14,32573,1.945745e-06,4.389727e-03,1.127083e-02,0.000000e+00,0.000000e+00
2443,11,32584,1.233097e-05,4.200151e-03,1.132641e-02,0.000000e+00,0.000000e+00
2444,11,32595,2.285021e-06,4.551029e-03,1.272838e-02,0.000000e+00,0.000000e+00
2445,13,32608,2.580191e-06,4.462076e-03,1.283788e-02,0.000000e+00,0.000000e+00
2446,14,32622,3.501833e-05,4.413405e-03,1.130783e-02,0.000000e+00,0.000000e+00
2447,14,32636,4.648076e-06,4.404434e-03,1.275846e-02,0.000000e+00,0.000000e+00
HIST {'total_samples': 2833081, 'floor_samples': 22, 'floor_fraction': 7.765397459514924e-06, 'saturation_depth': 1.3504177331924438e-07, 'boundaries': 2448, 'capped_boundaries': 0, 'unfinished_worlds': 0}
2448,13,32649,1.358290e-05,4.447119e-03,1.339491e-02,0.000000e+00,0.000000e+00
2449,16,32665,1.679754e-05,4.186086e-03,1.139992e-02,0.000000e+00,0.000000e+00
2450,15,32680,1.247754e-04,4.399071e-03,1.084105e-02,0.000000e+00,0.000000e+00
2451,14,32694,1.405785e-04,4.204514e-03,1.000000e-02,0.000000e+00,0.000000e+00
2452,13,32707,2.489604e-05,4.430238e-03,1.355047e-02,0.000000e+00,0.000000e+00
2453,17,32724,1.996298e-05,4.685562e-03,1.094650e-02,0.000000e+00,0.000000e+00
2454,13,32737,1.443084e-04,4.558139e-03,1.155515e-02,0.000000e+00,0.000000e+00
2455,12,32749,2.737106e-05,4.140146e-03,1.264192e-02,0.000000e+00,0.000000e+00
2456,17,32766,4.121568e-05,4.381124e-03,1.287975e-02,0.000000e+00,0.000000e+00
2457,14,32780,1.075504e-06,4.431098e-03,1.287975e-02,0.000000e+00,0.000000e+00
2458,13,32793,3.115907e-05,4.254912e-03,1.287975e-02,0.000000e+00,0.000000e+00
2459,13,32806,3.065016e-05,4.452750e-03,1.287975e-02,0.000000e+00,0.000000e+00
2460,13,32819,2.902932e-05,4.472603e-03,1.017196e-02,0.000000e+00,0.000000e+00
2461,11,32830,1.610592e-04,4.184955e-03,1.023002e-02,0.000000e+00,0.000000e+00
2462,17,32847,1.955754e-05,4.282712e-03,1.143771e-02,0.000000e+00,0.000000e+00
2463,21,32868,1.597777e-04,4.379883e-03,1.125239e-02,0.000000e+00,0.000000e+00
2464,13,32881,1.676361e-05,4.690277e-03,1.528148e-02,0.000000e+00,0.000000e+00
2465,13,32894,8.696652e-05,4.370045e-03,1.127472e-02,0.000000e+00,0.000000e+00
2466,15,32909,1.709949e-06,4.238686e-03,1.158105e-02,0.000000e+00,0.000000e+00
2467,12,32921,2.745757e-05,4.183786e-03,1.334800e-02,0.000000e+00,0.000000e+00
2468,15,32936,2.441597e-05,4.467519e-03,1.272962e-02,0.000000e+00,0.000000e+00
2469,19,32955,3.798190e-05,4.229436e-03,1.109469e-02,0.000000e+00,0.000000e+00
2470,12,32967,7.129740e-05,4.526624e-03,1.264580e-02,0.000000e+00,0.000000e+00
2471,14,32981,8.522604e-06,4.190273e-03,1.114334e-02,0.000000e+00,0.000000e+00
2472,16,32997,5.696098e-05,4.349130e-03,1.171094e-02,0.000000e+00,0.000000e+00
2473,13,33010,3.568501e-05,4.361941e-03,1.129165e-02,0.000000e+00,0.000000e+00
2474,12,33022,3.190887e-05,4.526208e-03,1.284942e-02,0.000000e+00,0.000000e+00
2475,13,33035,2.660769e-05,4.515182e-03,1.058352e-02,0.000000e+00,0.000000e+00
2476,12,33047,3.828555e-05,4.347729e-03,1.205422e-02,0.000000e+00,0.000000e+00
2477,13,33060,1.076929e-04,4.579403e-03,1.144256e-02,0.000000e+00,0.000000e+00
2478,18,33078,2.062796e-05,4.509205e-03,1.320506e-02,0.000000e+00,0.000000e+00
2479,11,33089,4.222285e-05,4.207037e-03,1.401743e-02,0.000000e+00,0.000000e+00
2480,19,33108,5.274039e-06,4.399115e-03,1.259838e-02,0.000000e+00,0.000000e+00
2481,15,33123,1.041576e-04,4.306680e-03,1.035441e-02,0.000000e+00,0.000000e+00
2482,14,33137,1.681111e-06,4.592475e-03,1.182454e-02,0.000000e+00,0.000000e+00
2483,16,33153,6.278295e-06,4.303526e-03,1.197780e-02,0.000000e+00,0.000000e+00
2484,15,33168,8.777250e-05,4.405407e-03,1.321724e-02,0.000000e+00,0.000000e+00
2485,13,33181,3.249850e-05,4.042727e-03,1.093483e-02,0.000000e+00,0.000000e+00
2486,13,33194,3.797851e-05,4.646545e-03,1.427761e-02,0.000000e+00,0.000000e+00
2487,14,33208,1.326262e-04,4.469587e-03,1.222366e-02,0.000000e+00,0.000000e+00
2488,14,33222,3.047753e-05,4.376663e-03,1.160278e-02,0.000000e+00,0.000000e+00
2489,12,33234,5.733758e-05,4.763252e-03,1.557197e-02,0.000000e+00,0.000000e+00
2490,12,33246,7.771786e-05,4.581022e-03,1.197900e-02,0.000000e+00,0.000000e+00
2491,12,33258,2.004625e-04,4.355673e-03,1.000000e-02,0.000000e+00,0.000000e+00
2492,11,33269,6.077613e-05,4.538769e-03,1.197700e-02,0.000000e+00,0.000000e+00
2493,11,33280,4.894220e-05,4.329565e-03,1.145558e-02,0.000000e+00,0.000000e+00
2494,11,33291,4.241963e-05,4.444177e-03,1.349687e-02,0.000000e+00,0.000000e+00
2495,11,33302,2.360680e-05,4.507269e-03,1.033006e-02,0.000000e+00,0.000000e+00
HIST {'total_samples': 2891596, 'floor_samples': 22, 'floor_fraction': 7.608255095110105e-06, 'saturation_depth': 1.3504177331924438e-07, 'boundaries': 2496, 'capped_boundaries': 0, 'unfinished_worlds': 0}
2496,11,33313,3.056135e-05,4.260075e-03,1.476688e-02,0.000000e+00,0.000000e+00
2497,14,33327,1.647183e-06,4.411679e-03,1.119613e-02,0.000000e+00,0.000000e+00
2498,14,33341,1.065427e-04,4.330463e-03,1.165950e-02,0.000000e+00,0.000000e+00
2499,15,33356,5.298128e-05,4.657754e-03,1.199062e-02,0.000000e+00,0.000000e+00
2500,14,33370,2.915505e-05,4.423815e-03,1.468313e-02,0.000000e+00,0.000000e+00
2501,13,33383,3.758818e-05,4.135710e-03,1.222317e-02,0.000000e+00,0.000000e+00
2502,11,33394,8.865271e-06,4.322270e-03,1.244590e-02,0.000000e+00,0.000000e+00
2503,12,33406,3.497932e-05,4.342549e-03,1.148469e-02,0.000000e+00,0.000000e+00
2504,13,33419,4.179776e-05,4.529380e-03,1.233621e-02,0.000000e+00,0.000000e+00
2505,13,33432,4.160876e-05,4.282580e-03,1.178851e-02,0.000000e+00,0.000000e+00
2506,16,33448,1.925898e-05,4.771972e-03,1.197273e-02,0.000000e+00,0.000000e+00
2507,14,33462,3.021249e-05,4.483942e-03,1.000000e-02,0.000000e+00,0.000000e+00
2508,16,33478,9.699725e-06,4.272660e-03,1.034568e-02,0.000000e+00,0.000000e+00
2509,16,33494,4.899140e-06,4.291969e-03,1.123565e-02,0.000000e+00,0.000000e+00
2510,11,33505,4.113208e-05,4.441968e-03,1.227818e-02,0.000000e+00,0.000000e+00
2511,17,33522,1.175437e-04,4.278025e-03,1.031259e-02,0.000000e+00,0.000000e+00
2512,13,33535,1.392828e-04,4.754054e-03,1.408871e-02,0.000000e+00,0.000000e+00
2513,11,33546,3.119300e-05,4.605969e-03,1.062940e-02,0.000000e+00,0.000000e+00
2514,16,33562,4.853846e-05,4.693622e-03,1.166674e-02,0.000000e+00,0.000000e+00
2515,12,33574,5.357162e-06,4.562377e-03,1.251012e-02,0.000000e+00,0.000000e+00
2516,11,33585,5.694572e-05,4.478338e-03,1.151543e-02,0.000000e+00,0.000000e+00
2517,11,33596,1.792330e-05,4.230447e-03,1.135677e-02,0.000000e+00,0.000000e+00
2518,23,33619,9.021338e-06,4.491893e-03,1.449459e-02,0.000000e+00,0.000000e+00
2519,15,33634,1.196284e-05,4.495638e-03,1.115675e-02,0.000000e+00,0.000000e+00
2520,15,33649,2.993736e-05,4.617065e-03,1.335805e-02,0.000000e+00,0.000000e+00
2521,13,33662,9.455612e-06,4.404145e-03,1.143670e-02,0.000000e+00,0.000000e+00
2522,11,33673,1.867302e-06,4.302859e-03,1.269018e-02,0.000000e+00,0.000000e+00
2523,13,33686,1.174572e-05,4.406158e-03,1.120135e-02,0.000000e+00,0.000000e+00
2524,13,33699,7.383655e-05,4.393739e-03,1.270191e-02,0.000000e+00,0.000000e+00
2525,14,33713,1.864508e-05,4.303569e-03,1.077083e-02,0.000000e+00,0.000000e+00
2526,12,33725,7.711226e-05,4.557801e-03,2.006696e-02,0.000000e+00,0.000000e+00
2527,20,33745,5.840799e-05,4.094186e-03,1.236170e-02,0.000000e+00,0.000000e+00
2528,18,33763,5.626546e-05,4.486130e-03,1.426608e-02,0.000000e+00,0.000000e+00
2529,13,33776,4.187509e-05,4.516032e-03,1.215482e-02,0.000000e+00,0.000000e+00
2530,14,33790,1.064986e-04,4.457423e-03,1.188406e-02,0.000000e+00,0.000000e+00
2531,13,33803,9.834766e-06,4.382072e-03,1.307247e-02,0.000000e+00,0.000000e+00
2532,14,33817,7.262703e-05,4.482957e-03,1.390690e-02,0.000000e+00,0.000000e+00
2533,14,33831,9.851885e-05,4.397936e-03,1.143359e-02,0.000000e+00,0.000000e+00
2534,12,33843,6.713439e-05,4.437138e-03,1.252776e-02,0.000000e+00,0.000000e+00
2535,11,33854,1.245650e-05,4.445305e-03,1.544668e-02,0.000000e+00,0.000000e+00
2536,12,33866,2.101812e-06,4.636290e-03,1.455949e-02,0.000000e+00,0.000000e+00
2537,11,33877,1.310961e-04,4.443998e-03,1.099409e-02,0.000000e+00,0.000000e+00
2538,13,33890,8.377733e-05,4.456257e-03,1.250741e-02,0.000000e+00,0.000000e+00
2539,12,33902,1.617666e-05,4.527683e-03,1.046178e-02,0.000000e+00,0.000000e+00
2540,14,33916,1.888917e-05,4.631453e-03,1.223035e-02,0.000000e+00,0.000000e+00
2541,12,33928,4.168679e-05,4.396986e-03,1.343376e-02,0.000000e+00,0.000000e+00
2542,12,33940,7.373477e-05,4.476833e-03,1.637862e-02,0.000000e+00,0.000000e+00
2543,13,33953,3.725290e-05,4.384542e-03,1.094072e-02,0.000000e+00,0.000000e+00
HIST {'total_samples': 2948953, 'floor_samples': 22, 'floor_fraction': 7.460274884001203e-06, 'saturation_depth': 1.3504177331924438e-07, 'boundaries': 2544, 'capped_boundaries': 0, 'unfinished_worlds': 0}
2544,14,33967,7.681549e-05,4.591786e-03,1.425458e-02,0.000000e+00,0.000000e+00
2545,16,33983,5.833844e-05,4.219634e-03,1.021263e-02,0.000000e+00,0.000000e+00
2546,14,33997,8.038965e-05,4.404079e-03,1.267742e-02,0.000000e+00,0.000000e+00
2547,12,34009,1.895702e-05,4.444995e-03,1.000000e-02,0.000000e+00,0.000000e+00
2548,14,34023,4.850794e-05,4.595084e-03,1.183191e-02,0.000000e+00,0.000000e+00
2549,15,34038,8.786097e-05,4.222903e-03,1.034202e-02,0.000000e+00,0.000000e+00
2550,13,34051,5.223487e-05,4.574695e-03,1.113247e-02,0.000000e+00,0.000000e+00
2551,11,34062,7.360584e-05,4.307374e-03,1.120983e-02,0.000000e+00,0.000000e+00
2552,11,34073,2.997669e-05,4.457061e-03,1.109834e-02,0.000000e+00,0.000000e+00
2553,12,34085,1.160323e-06,4.133654e-03,1.159394e-02,0.000000e+00,0.000000e+00
2554,12,34097,3.770200e-05,4.436349e-03,1.266020e-02,0.000000e+00,0.000000e+00
2555,13,34110,1.239374e-05,4.431691e-03,1.033915e-02,0.000000e+00,0.000000e+00
2556,15,34125,5.708312e-06,4.584334e-03,1.258003e-02,0.000000e+00,0.000000e+00
2557,15,34140,1.078370e-04,4.450397e-03,1.089000e-02,0.000000e+00,0.000000e+00
2558,15,34155,1.300070e-04,4.483082e-03,1.378593e-02,0.000000e+00,0.000000e+00
2559,12,34167,5.966161e-06,3.947547e-03,1.195574e-02,0.000000e+00,0.000000e+00
2560,11,34178,2.606315e-05,4.496141e-03,1.183622e-02,0.000000e+00,0.000000e+00
2561,13,34191,1.035741e-04,4.535080e-03,1.229189e-02,0.000000e+00,0.000000e+00
2562,11,34202,1.107192e-04,4.441899e-03,1.287975e-02,0.000000e+00,0.000000e+00
2563,12,34214,1.909104e-05,4.430095e-03,1.123367e-02,0.000000e+00,0.000000e+00
2564,15,34229,8.671884e-06,4.670150e-03,1.342536e-02,0.000000e+00,0.000000e+00
2565,16,34245,1.471133e-04,4.617623e-03,1.022453e-02,0.000000e+00,0.000000e+00
2566,18,34263,4.732895e-06,4.646292e-03,1.287975e-02,0.000000e+00,0.000000e+00
2567,13,34276,5.843174e-05,4.442467e-03,1.013108e-02,0.000000e+00,0.000000e+00
2568,15,34291,1.876615e-06,4.484305e-03,1.443514e-02,0.000000e+00,0.000000e+00
2569,12,34303,8.596107e-06,4.609159e-03,1.069169e-02,0.000000e+00,0.000000e+00
2570,13,34316,1.012992e-04,4.615953e-03,1.225050e-02,0.000000e+00,0.000000e+00
2571,12,34328,1.010515e-04,4.501399e-03,1.078777e-02,0.000000e+00,0.000000e+00
2572,13,34341,4.323219e-05,4.648515e-03,1.112338e-02,0.000000e+00,0.000000e+00
2573,14,34355,4.731368e-05,4.509644e-03,1.175452e-02,0.000000e+00,0.000000e+00
2574,13,34368,2.934225e-05,4.417050e-03,1.287975e-02,0.000000e+00,0.000000e+00
2575,12,34380,1.886712e-05,4.540603e-03,1.116565e-02,0.000000e+00,0.000000e+00
2576,17,34397,1.780689e-05,4.461371e-03,1.346270e-02,0.000000e+00,0.000000e+00
2577,14,34411,4.760037e-05,4.275716e-03,1.098605e-02,0.000000e+00,0.000000e+00
2578,14,34425,2.707250e-05,4.651893e-03,1.376438e-02,0.000000e+00,0.000000e+00
2579,12,34437,7.911907e-05,4.638829e-03,1.067449e-02,0.000000e+00,0.000000e+00
2580,13,34450,7.159055e-05,4.459774e-03,1.391813e-02,0.000000e+00,0.000000e+00
2581,11,34461,9.587966e-06,4.273397e-03,1.012562e-02,0.000000e+00,0.000000e+00
2582,10,34471,1.619871e-05,4.445265e-03,1.277618e-02,0.000000e+00,0.000000e+00
2583,13,34484,2.839603e-05,4.572845e-03,1.170764e-02,0.000000e+00,0.000000e+00
2584,12,34496,1.752749e-05,4.679119e-03,1.317690e-02,0.000000e+00,0.000000e+00
2585,17,34513,6.080836e-05,4.717838e-03,1.066637e-02,0.000000e+00,0.000000e+00
2586,14,34527,9.211502e-05,4.258264e-03,1.131322e-02,0.000000e+00,0.000000e+00
2587,9,34536,1.346551e-04,4.549294e-03,1.302713e-02,0.000000e+00,0.000000e+00
2588,14,34550,6.099836e-05,4.808429e-03,1.267410e-02,0.000000e+00,0.000000e+00
2589,23,34573,4.618429e-05,4.517851e-03,1.340407e-02,0.000000e+00,0.000000e+00
2590,15,34588,3.040249e-05,4.614169e-03,1.293724e-02,0.000000e+00,0.000000e+00
2591,10,34598,9.266660e-06,4.720174e-03,1.189830e-02,0.000000e+00,0.000000e+00
HIST {'total_samples': 3005472, 'floor_samples': 22, 'floor_fraction': 7.319981686736726e-06, 'saturation_depth': 1.3504177331924438e-07, 'boundaries': 2592, 'capped_boundaries': 0, 'unfinished_worlds': 0}
2592,11,34609,1.596478e-04,4.738736e-03,1.318591e-02,0.000000e+00,0.000000e+00
2593,14,34623,1.067482e-04,4.628181e-03,1.121720e-02,0.000000e+00,0.000000e+00
2594,11,34634,1.036422e-04,4.468256e-03,1.317690e-02,0.000000e+00,0.000000e+00
2595,16,34650,2.581378e-05,4.369187e-03,1.093535e-02,0.000000e+00,0.000000e+00
2596,14,34664,1.903574e-04,4.577725e-03,1.007123e-02,0.000000e+00,0.000000e+00
2597,14,34678,4.031103e-05,4.422209e-03,1.255265e-02,0.000000e+00,0.000000e+00
2598,10,34688,2.701821e-05,4.520523e-03,1.047683e-02,0.000000e+00,0.000000e+00
2599,18,34706,2.814922e-05,4.632284e-03,1.149018e-02,0.000000e+00,0.000000e+00
2600,16,34722,8.709205e-06,4.419294e-03,1.187771e-02,0.000000e+00,0.000000e+00
2601,11,34733,1.207482e-05,4.387924e-03,1.141718e-02,0.000000e+00,0.000000e+00
2602,14,34747,8.859504e-05,4.623625e-03,1.139643e-02,0.000000e+00,0.000000e+00
2603,12,34759,5.513229e-06,4.530045e-03,1.201323e-02,0.000000e+00,0.000000e+00
2604,16,34775,1.527928e-05,4.521940e-03,1.357203e-02,0.000000e+00,0.000000e+00
2605,12,34787,2.264665e-06,4.419344e-03,1.151548e-02,0.000000e+00,0.000000e+00
2606,12,34799,5.639158e-05,4.573004e-03,1.318250e-02,0.000000e+00,0.000000e+00
2607,10,34809,1.197982e-05,4.519513e-03,1.093391e-02,0.000000e+00,0.000000e+00
2608,12,34821,2.268906e-05,4.634348e-03,1.277240e-02,0.000000e+00,0.000000e+00
2609,13,34834,8.533629e-05,4.509680e-03,1.077108e-02,0.000000e+00,0.000000e+00
2610,13,34847,4.665040e-05,4.483186e-03,1.224608e-02,0.000000e+00,0.000000e+00
2611,14,34861,6.412818e-05,4.305803e-03,1.000000e-02,0.000000e+00,0.000000e+00
2612,14,34875,1.099779e-04,4.582237e-03,1.158586e-02,0.000000e+00,0.000000e+00
2613,13,34888,2.175520e-04,4.528122e-03,1.092707e-02,0.000000e+00,0.000000e+00
2614,14,34902,3.872439e-05,4.485416e-03,1.221072e-02,0.000000e+00,0.000000e+00
2615,13,34915,8.254576e-06,4.431273e-03,1.370511e-02,0.000000e+00,0.000000e+00
2616,14,34929,5.054528e-05,4.610180e-03,1.384847e-02,0.000000e+00,0.000000e+00
2617,13,34942,4.795661e-06,4.360045e-03,1.042426e-02,0.000000e+00,0.000000e+00
2618,13,34955,1.866836e-05,4.475438e-03,1.084424e-02,0.000000e+00,0.000000e+00
2619,14,34969,9.496323e-06,4.618627e-03,1.202432e-02,0.000000e+00,0.000000e+00
2620,11,34980,8.079848e-06,4.616951e-03,1.371177e-02,0.000000e+00,0.000000e+00
2621,12,34992,2.214791e-05,4.491862e-03,1.144467e-02,0.000000e+00,0.000000e+00
2622,14,35006,1.628930e-04,4.671261e-03,1.332171e-02,0.000000e+00,0.000000e+00
2623,17,35023,3.311669e-05,4.442639e-03,1.029855e-02,0.000000e+00,0.000000e+00
2624,11,35034,1.889426e-05,4.608565e-03,1.258251e-02,0.000000e+00,0.000000e+00
2625,13,35047,1.977477e-04,4.668395e-03,1.476022e-02,0.000000e+00,0.000000e+00
2626,16,35063,2.116896e-05,4.630723e-03,1.241434e-02,0.000000e+00,0.000000e+00
2627,15,35078,3.924061e-05,4.562657e-03,1.390426e-02,0.000000e+00,0.000000e+00
2628,10,35088,3.229564e-05,4.458128e-03,1.062716e-02,0.000000e+00,0.000000e+00
2629,15,35103,1.432933e-04,4.332313e-03,1.060346e-02,0.000000e+00,0.000000e+00
2630,11,35114,2.556950e-05,4.504946e-03,1.504465e-02,0.000000e+00,0.000000e+00
2631,17,35131,8.164667e-06,4.226375e-03,1.261124e-02,0.000000e+00,0.000000e+00
2632,15,35146,3.718305e-05,4.522382e-03,1.229571e-02,0.000000e+00,0.000000e+00
2633,12,35158,3.991917e-05,4.402627e-03,1.234063e-02,0.000000e+00,0.000000e+00
2634,23,35181,2.550335e-05,4.702548e-03,1.357470e-02,0.000000e+00,0.000000e+00
2635,11,35192,2.898262e-05,4.444671e-03,1.089000e-02,0.000000e+00,0.000000e+00
2636,12,35204,6.703916e-05,4.490992e-03,1.406398e-02,0.000000e+00,0.000000e+00
2637,12,35216,6.374480e-05,4.510903e-03,1.490017e-02,0.000000e+00,0.000000e+00
2638,10,35226,1.036096e-05,4.613997e-03,1.197900e-02,0.000000e+00,0.000000e+00
2639,11,35237,8.749776e-06,4.582884e-03,1.509206e-02,0.000000e+00,0.000000e+00
HIST {'total_samples': 3062148, 'floor_samples': 22, 'floor_fraction': 7.184499246933852e-06, 'saturation_depth': 1.3504177331924438e-07, 'boundaries': 2640, 'capped_boundaries': 0, 'unfinished_worlds': 0}
2640,11,35248,6.628223e-05,4.616235e-03,1.236719e-02,0.000000e+00,0.000000e+00
2641,12,35260,1.546588e-05,4.227203e-03,1.258628e-02,0.000000e+00,0.000000e+00
2642,14,35274,5.323234e-06,4.425829e-03,1.246373e-02,0.000000e+00,0.000000e+00
2643,12,35286,5.646609e-05,4.536719e-03,1.152739e-02,0.000000e+00,0.000000e+00
2644,13,35299,3.618374e-05,4.670973e-03,1.141900e-02,0.000000e+00,0.000000e+00
2645,11,35310,2.785758e-04,4.554302e-03,1.305987e-02,0.000000e+00,0.000000e+00
2646,11,35321,5.954287e-06,4.519559e-03,1.258918e-02,0.000000e+00,0.000000e+00
2647,14,35335,4.876871e-05,4.526322e-03,1.317690e-02,0.000000e+00,0.000000e+00
2648,15,35350,1.139525e-04,4.582555e-03,1.439070e-02,0.000000e+00,0.000000e+00
2649,12,35362,1.950655e-05,4.395911e-03,1.247700e-02,0.000000e+00,0.000000e+00
2650,10,35372,8.715990e-05,4.577892e-03,1.232421e-02,0.000000e+00,0.000000e+00
2651,12,35384,2.731569e-05,4.444703e-03,1.311604e-02,0.000000e+00,0.000000e+00
2652,17,35401,2.237183e-05,4.537450e-03,1.243816e-02,0.000000e+00,0.000000e+00
2653,13,35414,8.587065e-06,4.389565e-03,1.102163e-02,0.000000e+00,0.000000e+00
2654,13,35427,1.725741e-05,4.187713e-03,1.624668e-02,0.000000e+00,0.000000e+00
2655,14,35441,2.779067e-05,4.383086e-03,1.219306e-02,0.000000e+00,0.000000e+00
2656,13,35454,1.894345e-05,4.408709e-03,1.232614e-02,0.000000e+00,0.000000e+00
2657,12,35466,3.965792e-05,4.253058e-03,1.092722e-02,0.000000e+00,0.000000e+00
2658,11,35477,1.506384e-05,4.145523e-03,1.117051e-02,0.000000e+00,0.000000e+00
2659,16,35493,9.391658e-05,4.147376e-03,1.089000e-02,0.000000e+00,0.000000e+00
2660,11,35504,2.324038e-06,4.202696e-03,1.901896e-02,0.000000e+00,0.000000e+00
2661,12,35516,5.600974e-05,4.350856e-03,1.048072e-02,0.000000e+00,0.000000e+00
2662,14,35530,5.768612e-05,4.148649e-03,1.254350e-02,0.000000e+00,0.000000e+00
2663,13,35543,1.131484e-06,4.210101e-03,1.122764e-02,0.000000e+00,0.000000e+00
2664,11,35554,1.116386e-05,4.176111e-03,1.276633e-02,0.000000e+00,0.000000e+00
2665,20,35574,8.644743e-06,4.251950e-03,1.030644e-02,0.000000e+00,0.000000e+00
2666,13,35587,2.887744e-05,4.380352e-03,1.000000e-02,0.000000e+00,0.000000e+00
2667,11,35598,1.451591e-05,4.240368e-03,1.321117e-02,0.000000e+00,0.000000e+00
2668,12,35610,1.414440e-04,4.308130e-03,1.420393e-02,0.000000e+00,0.000000e+00
2669,13,35623,6.601680e-05,4.331434e-03,1.060279e-02,0.000000e+00,0.000000e+00
2670,15,35638,3.194280e-05,4.681316e-03,1.152996e-02,0.000000e+00,0.000000e+00
2671,11,35649,9.331266e-05,4.491259e-03,1.129589e-02,0.000000e+00,0.000000e+00
2672,13,35662,5.285914e-06,4.166291e-03,1.262569e-02,0.000000e+00,0.000000e+00
2673,14,35676,3.903536e-05,4.370544e-03,1.322542e-02,0.000000e+00,0.000000e+00
2674,10,35686,1.821571e-05,4.349424e-03,1.000000e-02,0.000000e+00,0.000000e+00
2675,12,35698,2.119285e-04,4.485224e-03,1.137339e-02,0.000000e+00,0.000000e+00
2676,10,35708,1.942692e-05,4.651978e-03,1.271967e-02,0.000000e+00,0.000000e+00
2677,11,35719,5.278789e-05,4.545263e-03,1.139039e-02,0.000000e+00,0.000000e+00
2678,12,35731,2.597459e-05,4.282149e-03,1.241416e-02,0.000000e+00,0.000000e+00
2679,15,35746,5.645376e-05,4.287846e-03,1.103169e-02,0.000000e+00,0.000000e+00
2680,15,35761,9.001660e-05,4.278762e-03,1.233698e-02,0.000000e+00,0.000000e+00
2681,12,35773,5.348680e-06,4.357547e-03,1.230093e-02,0.000000e+00,0.000000e+00
2682,13,35786,8.359551e-05,4.210887e-03,1.226804e-02,0.000000e+00,0.000000e+00
2683,11,35797,4.911014e-06,4.402836e-03,1.171850e-02,0.000000e+00,0.000000e+00
2684,16,35813,1.341156e-04,4.535554e-03,1.287975e-02,0.000000e+00,0.000000e+00
2685,19,35832,3.833475e-05,4.451338e-03,1.187438e-02,0.000000e+00,0.000000e+00
2686,17,35849,1.502906e-04,4.571017e-03,1.205255e-02,0.000000e+00,0.000000e+00
2687,13,35862,3.497582e-05,4.354161e-03,1.181470e-02,0.000000e+00,0.000000e+00
HIST {'total_samples': 3119896, 'floor_samples': 22, 'floor_fraction': 7.051517101852113e-06, 'saturation_depth': 1.3504177331924438e-07, 'boundaries': 2688, 'capped_boundaries': 0, 'unfinished_worlds': 0}
2688,14,35876,7.394701e-06,4.464848e-03,1.583416e-02,0.000000e+00,0.000000e+00
2689,20,35896,8.640331e-05,4.384138e-03,1.204270e-02,0.000000e+00,0.000000e+00
2690,11,35907,7.298327e-05,4.742895e-03,1.553346e-02,0.000000e+00,0.000000e+00
2691,12,35919,2.015382e-05,4.657051e-03,1.044599e-02,0.000000e+00,0.000000e+00
2692,12,35931,8.594529e-05,4.799202e-03,1.203428e-02,0.000000e+00,0.000000e+00
2693,12,35943,3.786758e-05,4.580821e-03,1.000000e-02,0.000000e+00,0.000000e+00
2694,14,35957,3.854278e-05,4.760526e-03,1.141606e-02,0.000000e+00,0.000000e+00
2695,11,35968,1.594714e-04,4.470268e-03,1.148273e-02,0.000000e+00,0.000000e+00
2696,13,35981,8.927868e-05,4.527975e-03,1.110032e-02,0.000000e+00,0.000000e+00
2697,14,35995,1.328467e-04,4.629349e-03,1.212555e-02,0.000000e+00,0.000000e+00
2698,13,36008,1.014210e-05,4.526403e-03,1.157266e-02,0.000000e+00,0.000000e+00
2699,13,36021,7.729977e-07,4.464830e-03,1.188318e-02,0.000000e+00,0.000000e+00
2700,14,36035,6.842510e-05,4.412453e-03,1.208997e-02,0.000000e+00,0.000000e+00
2701,12,36047,1.840061e-05,4.354408e-03,1.026615e-02,0.000000e+00,0.000000e+00
2702,15,36062,2.126579e-05,4.545762e-03,1.384214e-02,0.000000e+00,0.000000e+00
2703,14,36076,4.855034e-06,4.795909e-03,1.465374e-02,0.000000e+00,0.000000e+00
2704,10,36086,1.418817e-04,4.635420e-03,1.353594e-02,0.000000e+00,0.000000e+00
2705,13,36099,3.469177e-05,4.439738e-03,1.302442e-02,0.000000e+00,0.000000e+00
2706,10,36109,1.108074e-05,4.705318e-03,1.317690e-02,0.000000e+00,0.000000e+00
2707,12,36121,2.498425e-05,4.545169e-03,1.211746e-02,0.000000e+00,0.000000e+00
2708,17,36138,8.051284e-06,4.575339e-03,1.221586e-02,0.000000e+00,0.000000e+00
2709,19,36157,3.918803e-05,4.437541e-03,1.221304e-02,0.000000e+00,0.000000e+00
2710,17,36174,1.305575e-04,4.684662e-03,1.301875e-02,0.000000e+00,0.000000e+00
2711,15,36189,2.281628e-06,4.575543e-03,1.320034e-02,0.000000e+00,0.000000e+00
2712,15,36204,6.234273e-05,4.574588e-03,1.183923e-02,0.000000e+00,0.000000e+00
2713,13,36217,4.373263e-06,4.438072e-03,1.064136e-02,0.000000e+00,0.000000e+00
2714,15,36232,4.229070e-05,4.619088e-03,1.651771e-02,0.000000e+00,0.000000e+00
2715,16,36248,3.915580e-05,4.497862e-03,1.152332e-02,0.000000e+00,0.000000e+00
2716,15,36263,6.096783e-05,4.445670e-03,1.209827e-02,0.000000e+00,0.000000e+00
2717,13,36276,6.431987e-05,4.374925e-03,1.247133e-02,0.000000e+00,0.000000e+00
2718,15,36291,7.528526e-06,4.797563e-03,1.329470e-02,0.000000e+00,0.000000e+00
2719,14,36305,7.957709e-06,4.671678e-03,1.118121e-02,0.000000e+00,0.000000e+00
2720,11,36316,3.098604e-05,4.719514e-03,1.378925e-02,0.000000e+00,0.000000e+00
2721,14,36330,9.499490e-07,4.607637e-03,1.163720e-02,0.000000e+00,0.000000e+00
2722,23,36353,4.170376e-05,4.503213e-03,1.135120e-02,0.000000e+00,0.000000e+00
2723,14,36367,8.106142e-05,4.575721e-03,1.068466e-02,0.000000e+00,0.000000e+00
2724,11,36378,1.431743e-05,4.559088e-03,1.119632e-02,0.000000e+00,0.000000e+00
2725,12,36390,3.769994e-05,4.709843e-03,1.260387e-02,0.000000e+00,0.000000e+00
2726,11,36401,3.470450e-05,4.645510e-03,1.248467e-02,0.000000e+00,0.000000e+00
2727,12,36413,1.076609e-05,4.406609e-03,1.036428e-02,0.000000e+00,0.000000e+00
2728,22,36435,3.574882e-05,4.228133e-03,1.204868e-02,0.000000e+00,0.000000e+00
2729,17,36452,7.462367e-05,4.383096e-03,1.236369e-02,0.000000e+00,0.000000e+00
2730,16,36468,2.427856e-05,4.434229e-03,1.030989e-02,0.000000e+00,0.000000e+00
2731,13,36481,3.132532e-05,4.544540e-03,1.068095e-02,0.000000e+00,0.000000e+00
2732,15,36496,4.997530e-06,4.378016e-03,1.182174e-02,0.000000e+00,0.000000e+00
2733,14,36510,2.450927e-05,4.417048e-03,1.429259e-02,0.000000e+00,0.000000e+00
2734,19,36529,3.229734e-05,4.476358e-03,1.318423e-02,0.000000e+00,0.000000e+00
2735,15,36544,7.501384e-05,4.781518e-03,1.136739e-02,0.000000e+00,0.000000e+00
HIST {'total_samples': 3175832, 'floor_samples': 24, 'floor_fraction': 7.557074807483519e-06, 'saturation_depth': 1.3504177331924438e-07, 'boundaries': 2736, 'capped_boundaries': 0, 'unfinished_worlds': 0}
2736,10,36554,5.443580e-05,4.490860e-03,1.101628e-02,0.000000e+00,0.000000e+00
2737,12,36566,8.075964e-05,4.736390e-03,1.014181e-02,0.000000e+00,0.000000e+00
2738,18,36584,1.657754e-05,4.791233e-03,1.071419e-02,0.000000e+00,0.000000e+00
2739,18,36602,1.564535e-04,4.797837e-03,1.152799e-02,0.000000e+00,0.000000e+00
2740,12,36614,5.116276e-05,4.599501e-03,1.187659e-02,0.000000e+00,0.000000e+00
2741,12,36626,6.128103e-05,4.645762e-03,1.203525e-02,0.000000e+00,0.000000e+00
2742,13,36639,8.062460e-05,4.728694e-03,1.234297e-02,0.000000e+00,0.000000e+00
2743,13,36652,7.871194e-06,4.528400e-03,1.170884e-02,0.000000e+00,0.000000e+00
2744,14,36666,3.161540e-05,4.873960e-03,1.235691e-02,0.000000e+00,0.000000e+00
2745,15,36681,1.645487e-06,4.483582e-03,1.044849e-02,0.000000e+00,0.000000e+00
2746,17,36698,7.723609e-06,4.800435e-03,1.179205e-02,0.000000e+00,0.000000e+00
2747,14,36712,1.967419e-05,4.497797e-03,1.116887e-02,0.000000e+00,0.000000e+00
2748,18,36730,4.806857e-05,4.587344e-03,1.260316e-02,0.000000e+00,0.000000e+00
2749,14,36744,3.784895e-05,4.682473e-03,1.119247e-02,0.000000e+00,0.000000e+00
2750,9,36753,8.044224e-06,4.565090e-03,1.478456e-02,0.000000e+00,0.000000e+00
2751,11,36764,6.065060e-05,4.484651e-03,1.234748e-02,0.000000e+00,0.000000e+00
2752,13,36777,6.705523e-07,4.709794e-03,1.279467e-02,0.000000e+00,0.000000e+00
2753,11,36788,2.898276e-05,4.686785e-03,1.059651e-02,0.000000e+00,0.000000e+00
2754,14,36802,5.801273e-05,4.850120e-03,1.355973e-02,0.000000e+00,0.000000e+00
2755,12,36814,7.464550e-06,4.567108e-03,1.101292e-02,0.000000e+00,0.000000e+00
2756,11,36825,2.212755e-05,4.775114e-03,1.235076e-02,0.000000e+00,0.000000e+00
2757,12,36837,1.830443e-04,4.831583e-03,1.123502e-02,0.000000e+00,0.000000e+00
2758,10,36847,1.209857e-05,4.446765e-03,1.071831e-02,0.000000e+00,0.000000e+00
2759,14,36861,4.701512e-05,4.360804e-03,1.011874e-02,0.000000e+00,0.000000e+00
2760,13,36874,1.949274e-04,4.685152e-03,1.381197e-02,0.000000e+00,0.000000e+00
2761,14,36888,2.149141e-05,4.552973e-03,1.405606e-02,0.000000e+00,0.000000e+00
2762,17,36905,1.071021e-07,4.561428e-03,1.088083e-02,0.000000e+00,0.000000e+00
2763,14,36919,5.112374e-05,4.526255e-03,1.124642e-02,0.000000e+00,0.000000e+00
2764,12,36931,3.703872e-05,4.628558e-03,1.148386e-02,0.000000e+00,0.000000e+00
2765,15,36946,1.136573e-05,4.371898e-03,1.247079e-02,0.000000e+00,0.000000e+00
2766,10,36956,1.072111e-05,4.598183e-03,1.306446e-02,0.000000e+00,0.000000e+00
2767,13,36969,3.145255e-05,4.555731e-03,1.101771e-02,0.000000e+00,0.000000e+00
2768,17,36986,8.397920e-05,4.539797e-03,1.172880e-02,0.000000e+00,0.000000e+00
2769,11,36997,5.382608e-05,4.411525e-03,1.106715e-02,0.000000e+00,0.000000e+00
2770,13,37010,1.438529e-05,4.459064e-03,1.236518e-02,0.000000e+00,0.000000e+00
2771,15,37025,5.464070e-05,4.724745e-03,1.094279e-02,0.000000e+00,0.000000e+00
2772,14,37039,3.089613e-05,4.615247e-03,1.292288e-02,0.000000e+00,0.000000e+00
2773,14,37053,4.357193e-05,4.557203e-03,1.052691e-02,0.000000e+00,0.000000e+00
2774,13,37066,1.426993e-04,4.595670e-03,1.226272e-02,0.000000e+00,0.000000e+00
2775,12,37078,4.511327e-05,4.777410e-03,1.089000e-02,0.000000e+00,0.000000e+00
2776,16,37094,1.438698e-05,4.696256e-03,1.163182e-02,0.000000e+00,0.000000e+00
2777,12,37106,5.221451e-06,4.660377e-03,1.253613e-02,0.000000e+00,0.000000e+00
2778,17,37123,1.255099e-04,4.564303e-03,1.200457e-02,0.000000e+00,0.000000e+00
2779,17,37140,2.768489e-05,4.576797e-03,1.234252e-02,0.000000e+00,0.000000e+00
2780,14,37154,7.391119e-05,4.569463e-03,1.427882e-02,0.000000e+00,0.000000e+00
2781,18,37172,2.701651e-05,4.600873e-03,1.097656e-02,0.000000e+00,0.000000e+00
2782,11,37183,2.166275e-05,4.663576e-03,1.178035e-02,0.000000e+00,0.000000e+00
2783,13,37196,6.049962e-05,4.639517e-03,1.379157e-02,0.000000e+00,0.000000e+00
HIST {'total_samples': 3231069, 'floor_samples': 26, 'floor_fraction': 8.046872412814459e-06, 'saturation_depth': 1.0710209608078003e-07, 'boundaries': 2784, 'capped_boundaries': 0, 'unfinished_worlds': 0}
2784,15,37211,3.402256e-05,4.325214e-03,1.089000e-02,0.000000e+00,0.000000e+00
2785,12,37223,5.696946e-05,4.547196e-03,1.209159e-02,0.000000e+00,0.000000e+00
2786,16,37239,9.778887e-07,4.514470e-03,1.256270e-02,0.000000e+00,0.000000e+00
2787,15,37254,7.902238e-05,4.381669e-03,1.163547e-02,0.000000e+00,0.000000e+00
2788,12,37266,1.653098e-05,4.527664e-03,1.253516e-02,0.000000e+00,0.000000e+00
2789,10,37276,8.574173e-05,4.751839e-03,1.355641e-02,0.000000e+00,0.000000e+00
2790,15,37291,1.648441e-05,4.464469e-03,1.117408e-02,0.000000e+00,0.000000e+00
2791,14,37305,8.323788e-05,4.465702e-03,1.122499e-02,0.000000e+00,0.000000e+00
2792,12,37317,1.092790e-04,4.703131e-03,1.297832e-02,0.000000e+00,0.000000e+00
2793,12,37329,1.445785e-04,4.573213e-03,1.227024e-02,0.000000e+00,0.000000e+00
2794,14,37343,1.813767e-05,4.283796e-03,1.287975e-02,0.000000e+00,0.000000e+00
2795,10,37353,2.142525e-05,4.422118e-03,1.197900e-02,0.000000e+00,0.000000e+00
2796,10,37363,6.957911e-05,4.562002e-03,1.175251e-02,0.000000e+00,0.000000e+00
2797,12,37375,1.954075e-04,4.537342e-03,1.024973e-02,0.000000e+00,0.000000e+00
2798,15,37390,2.364751e-05,4.436063e-03,1.107972e-02,0.000000e+00,0.000000e+00
2799,15,37405,1.642853e-05,4.176207e-03,1.160209e-02,0.000000e+00,0.000000e+00
2800,17,37422,1.451421e-05,4.537246e-03,1.200136e-02,0.000000e+00,0.000000e+00
2801,16,37438,7.327166e-05,4.510552e-03,1.176138e-02,0.000000e+00,0.000000e+00
2802,13,37451,2.146936e-05,4.604594e-03,1.580724e-02,0.000000e+00,0.000000e+00
2803,13,37464,2.668403e-05,4.689327e-03,1.297163e-02,0.000000e+00,0.000000e+00
2804,15,37479,6.606714e-05,4.695092e-03,1.313015e-02,0.000000e+00,0.000000e+00
2805,12,37491,6.320421e-05,4.648231e-03,1.134476e-02,0.000000e+00,0.000000e+00
2806,13,37504,7.024871e-05,4.969369e-03,1.489605e-02,0.000000e+00,0.000000e+00
2807,13,37517,7.338531e-06,4.428601e-03,1.084445e-02,0.000000e+00,0.000000e+00
2808,13,37530,2.895751e-04,4.571225e-03,1.189352e-02,0.000000e+00,0.000000e+00
2809,27,37557,2.757293e-05,4.578762e-03,1.221427e-02,0.000000e+00,0.000000e+00
2810,13,37570,4.330184e-05,4.730391e-03,1.264424e-02,0.000000e+00,0.000000e+00
2811,13,37583,5.035867e-05,4.399651e-03,1.182343e-02,0.000000e+00,0.000000e+00
2812,15,37598,5.019752e-05,4.413201e-03,1.217598e-02,0.000000e+00,0.000000e+00
2813,11,37609,3.751540e-05,4.619063e-03,1.188189e-02,0.000000e+00,0.000000e+00
2814,10,37619,1.132163e-05,4.577598e-03,1.266920e-02,0.000000e+00,0.000000e+00
2815,13,37632,5.484559e-05,4.462163e-03,1.089000e-02,0.000000e+00,0.000000e+00
2816,10,37642,2.393929e-05,4.703102e-03,1.342116e-02,0.000000e+00,0.000000e+00
2817,12,37654,1.243920e-04,4.561013e-03,1.343241e-02,0.000000e+00,0.000000e+00
2818,10,37664,9.757001e-05,4.763205e-03,1.305152e-02,0.000000e+00,0.000000e+00
2819,12,37676,3.376471e-05,4.659475e-03,1.131669e-02,0.000000e+00,0.000000e+00
2820,15,37691,4.498288e-05,4.525506e-03,1.291917e-02,0.000000e+00,0.000000e+00
2821,14,37705,2.137606e-05,4.591216e-03,1.182506e-02,0.000000e+00,0.000000e+00
2822,15,37720,1.691654e-04,4.731602e-03,1.685767e-02,0.000000e+00,0.000000e+00
2823,17,37737,1.742044e-04,4.533979e-03,1.198482e-02,0.000000e+00,0.000000e+00
2824,14,37751,2.441257e-05,4.600099e-03,1.224995e-02,0.000000e+00,0.000000e+00
2825,13,37764,6.969569e-05,4.667043e-03,1.112058e-02,0.000000e+00,0.000000e+00
2826,15,37779,1.198237e-04,4.548995e-03,1.134446e-02,0.000000e+00,0.000000e+00
2827,12,37791,1.227995e-04,4.764686e-03,1.083717e-02,0.000000e+00,0.000000e+00
2828,12,37803,4.327121e-05,4.382058e-03,1.222567e-02,0.000000e+00,0.000000e+00
2829,12,37815,2.064322e-05,4.383730e-03,1.051517e-02,0.000000e+00,0.000000e+00
2830,12,37827,2.431928e-05,4.383361e-03,1.044824e-02,0.000000e+00,0.000000e+00
2831,12,37839,6.285496e-05,4.548366e-03,1.129101e-02,0.000000e+00,0.000000e+00
HIST {'total_samples': 3286874, 'floor_samples': 27, 'floor_fraction': 8.214491945842767e-06, 'saturation_depth': 1.0710209608078003e-07, 'boundaries': 2832, 'capped_boundaries': 0, 'unfinished_worlds': 0}
2832,11,37850,3.293348e-05,4.584892e-03,1.488923e-02,0.000000e+00,0.000000e+00
2833,16,37866,1.133513e-04,4.580665e-03,1.197362e-02,0.000000e+00,0.000000e+00
2834,12,37878,7.219276e-05,4.703348e-03,1.315733e-02,0.000000e+00,0.000000e+00
2835,10,37888,1.488232e-05,4.600694e-03,1.089000e-02,0.000000e+00,0.000000e+00
2836,14,37902,7.260328e-05,4.701099e-03,1.204619e-02,0.000000e+00,0.000000e+00
2837,18,37920,8.270144e-06,4.332283e-03,1.025382e-02,0.000000e+00,0.000000e+00
2838,17,37937,1.396984e-07,4.680663e-03,1.357592e-02,0.000000e+00,0.000000e+00
2839,13,37950,1.084325e-05,4.631752e-03,1.062682e-02,0.000000e+00,0.000000e+00
2840,14,37964,1.116386e-05,4.346887e-03,1.205525e-02,0.000000e+00,0.000000e+00
2841,12,37976,3.737121e-05,4.708727e-03,1.300899e-02,0.000000e+00,0.000000e+00
2842,17,37993,2.378373e-04,4.570477e-03,1.349203e-02,0.000000e+00,0.000000e+00
2843,11,38004,1.638905e-04,4.549865e-03,1.097006e-02,0.000000e+00,0.000000e+00
2844,9,38013,9.164214e-06,4.743066e-03,1.311107e-02,0.000000e+00,0.000000e+00
2845,20,38033,4.559290e-05,4.805697e-03,1.173132e-02,0.000000e+00,0.000000e+00
2846,16,38049,1.122151e-04,4.777912e-03,1.222110e-02,0.000000e+00,0.000000e+00
2847,11,38060,5.958189e-05,4.617242e-03,1.151302e-02,0.000000e+00,0.000000e+00
2848,13,38073,5.172087e-05,4.874446e-03,1.321520e-02,0.000000e+00,0.000000e+00
2849,12,38085,8.402499e-05,4.498210e-03,1.069151e-02,0.000000e+00,0.000000e+00
2850,11,38096,3.335758e-05,4.439780e-03,1.210133e-02,0.000000e+00,0.000000e+00
2851,11,38107,3.281049e-05,4.865288e-03,1.155905e-02,0.000000e+00,0.000000e+00
2852,15,38122,2.358474e-05,4.530183e-03,1.317690e-02,0.000000e+00,0.000000e+00
2853,13,38135,1.293081e-04,4.350014e-03,1.000000e-02,0.000000e+00,0.000000e+00
2854,12,38147,9.720585e-05,4.512403e-03,1.306671e-02,0.000000e+00,0.000000e+00
2855,21,38168,2.694866e-05,4.550594e-03,1.087018e-02,0.000000e+00,0.000000e+00
2856,15,38183,7.939049e-06,4.936406e-03,1.184408e-02,0.000000e+00,0.000000e+00
2857,11,38194,2.018181e-05,4.713934e-03,1.259149e-02,0.000000e+00,0.000000e+00
2858,14,38208,7.404351e-05,4.706377e-03,1.264997e-02,0.000000e+00,0.000000e+00
2859,13,38221,4.653165e-05,4.444918e-03,1.296550e-02,0.000000e+00,0.000000e+00
2860,15,38236,3.509223e-05,4.490970e-03,1.450837e-02,0.000000e+00,0.000000e+00
2861,13,38249,2.803747e-05,4.506882e-03,1.392011e-02,0.000000e+00,0.000000e+00
2862,17,38266,6.949063e-05,4.499414e-03,1.203267e-02,0.000000e+00,0.000000e+00
2863,11,38277,4.309139e-05,4.657601e-03,1.241870e-02,0.000000e+00,0.000000e+00
2864,15,38292,1.256982e-04,4.408593e-03,1.283553e-02,0.000000e+00,0.000000e+00
2865,14,38306,5.494803e-07,4.449519e-03,1.050701e-02,0.000000e+00,0.000000e+00
2866,13,38319,1.843725e-04,4.660711e-03,1.485775e-02,0.000000e+00,0.000000e+00
2867,11,38330,1.781367e-05,4.415946e-03,1.298304e-02,0.000000e+00,0.000000e+00
2868,12,38342,8.755516e-05,4.449243e-03,1.135146e-02,0.000000e+00,0.000000e+00
2869,12,38354,3.278081e-05,4.555390e-03,1.342582e-02,0.000000e+00,0.000000e+00
2870,13,38367,4.622630e-05,4.764318e-03,1.176267e-02,0.000000e+00,0.000000e+00
2871,16,38383,3.297929e-05,4.417536e-03,1.138677e-02,0.000000e+00,0.000000e+00
2872,15,38398,1.456171e-05,4.640601e-03,1.302303e-02,0.000000e+00,0.000000e+00
2873,26,38424,1.030719e-05,4.639854e-03,1.318929e-02,0.000000e+00,0.000000e+00
2874,23,38447,7.461010e-05,4.783981e-03,1.317690e-02,0.000000e+00,0.000000e+00
2875,20,38467,2.545305e-05,4.574860e-03,1.123113e-02,0.000000e+00,0.000000e+00
2876,18,38485,5.931593e-05,4.326705e-03,1.117065e-02,0.000000e+00,0.000000e+00
2877,21,38506,8.735806e-05,4.647053e-03,1.198588e-02,0.000000e+00,0.000000e+00
2878,12,38518,4.926451e-05,4.815414e-03,1.204918e-02,0.000000e+00,0.000000e+00
2879,14,38532,2.733374e-05,4.579507e-03,1.076612e-02,0.000000e+00,0.000000e+00
HIST {'total_samples': 3342892, 'floor_samples': 29, 'floor_fraction': 8.675123216663895e-06, 'saturation_depth': 1.0710209608078003e-07, 'boundaries': 2880, 'capped_boundaries': 0, 'unfinished_worlds': 0}
2880,14,38546,8.173149e-06,4.598765e-03,1.087558e-02,0.000000e+00,0.000000e+00
2881,13,38559,9.583309e-05,4.492495e-03,1.154663e-02,0.000000e+00,0.000000e+00
2882,12,38571,2.968322e-05,4.483969e-03,1.091513e-02,0.000000e+00,0.000000e+00
2883,17,38588,1.805286e-05,4.137157e-03,1.257496e-02,0.000000e+00,0.000000e+00
2884,17,38605,3.638391e-05,4.334729e-03,1.210710e-02,0.000000e+00,0.000000e+00
2885,22,38627,2.679927e-04,4.281138e-03,1.040389e-02,0.000000e+00,0.000000e+00
2886,15,38642,2.264665e-06,4.533123e-03,1.200271e-02,0.000000e+00,0.000000e+00
2887,15,38657,2.387652e-05,4.202616e-03,1.409015e-02,0.000000e+00,0.000000e+00
2888,15,38672,1.266041e-04,4.240146e-03,1.126076e-02,0.000000e+00,0.000000e+00
2889,14,38686,2.920592e-05,4.002838e-03,1.191788e-02,0.000000e+00,0.000000e+00
2890,12,38698,1.208037e-05,3.745055e-03,1.016147e-02,0.000000e+00,0.000000e+00
2891,12,38710,4.586846e-05,3.813765e-03,1.195628e-02,0.000000e+00,0.000000e+00
2892,11,38721,8.181669e-05,3.998180e-03,1.185749e-02,0.000000e+00,0.000000e+00
2893,16,38737,2.778089e-05,4.064278e-03,1.123496e-02,0.000000e+00,0.000000e+00
2894,15,38752,1.438225e-06,4.031363e-03,1.459144e-02,0.000000e+00,0.000000e+00
2895,16,38768,5.071812e-05,3.988610e-03,1.339033e-02,0.000000e+00,0.000000e+00
2896,13,38781,1.069852e-05,3.936143e-03,1.331429e-02,0.000000e+00,0.000000e+00
2897,16,38797,4.100200e-05,3.787947e-03,1.000000e-02,0.000000e+00,0.000000e+00
2898,16,38813,5.492844e-05,3.848518e-03,1.168493e-02,0.000000e+00,0.000000e+00
2899,14,38827,3.818313e-05,3.946604e-03,1.263830e-02,0.000000e+00,0.000000e+00
2900,12,38839,1.965091e-05,4.076548e-03,1.188185e-02,0.000000e+00,0.000000e+00
2901,22,38861,2.056218e-05,4.192860e-03,1.155901e-02,0.000000e+00,0.000000e+00
2902,13,38874,6.350740e-05,4.229555e-03,1.112900e-02,0.000000e+00,0.000000e+00
2903,14,38888,3.131948e-06,4.091932e-03,1.340431e-02,0.000000e+00,0.000000e+00
2904,15,38903,2.404559e-05,4.196283e-03,1.387829e-02,0.000000e+00,0.000000e+00
2905,12,38915,4.706558e-05,3.974792e-03,1.346906e-02,0.000000e+00,0.000000e+00
2906,15,38930,5.024951e-05,4.166964e-03,1.348947e-02,0.000000e+00,0.000000e+00
2907,13,38943,2.376250e-05,3.948128e-03,1.327519e-02,0.000000e+00,0.000000e+00
2908,12,38955,6.418633e-06,3.765206e-03,1.112078e-02,0.000000e+00,0.000000e+00
2909,15,38970,1.496042e-05,4.077160e-03,1.177087e-02,0.000000e+00,0.000000e+00
2910,15,38985,1.607357e-06,3.968895e-03,1.171146e-02,0.000000e+00,0.000000e+00
2911,17,39002,3.410956e-05,3.688922e-03,1.283531e-02,0.000000e+00,0.000000e+00
2912,12,39014,4.662536e-05,4.058407e-03,1.234095e-02,0.000000e+00,0.000000e+00
2913,14,39028,1.619712e-05,4.402546e-03,1.411078e-02,0.000000e+00,0.000000e+00
2914,15,39043,3.777290e-05,4.048848e-03,1.169671e-02,0.000000e+00,0.000000e+00
2915,11,39054,1.529388e-05,3.998164e-03,1.318977e-02,0.000000e+00,0.000000e+00
2916,10,39064,2.849101e-05,4.003321e-03,1.211227e-02,0.000000e+00,0.000000e+00
2917,11,39075,8.777715e-05,3.975478e-03,1.026564e-02,0.000000e+00,0.000000e+00
2918,11,39086,8.477970e-05,4.035074e-03,1.260776e-02,0.000000e+00,0.000000e+00
2919,15,39101,3.152340e-06,4.044371e-03,1.345876e-02,0.000000e+00,0.000000e+00
2920,32,39133,4.550021e-05,4.161696e-03,1.089282e-02,0.000000e+00,0.000000e+00
2921,16,39149,1.888645e-05,3.850806e-03,1.136096e-02,0.000000e+00,0.000000e+00
2922,10,39159,5.434547e-05,4.227716e-03,1.273137e-02,0.000000e+00,0.000000e+00
2923,12,39171,1.029668e-05,4.049263e-03,1.275082e-02,0.000000e+00,0.000000e+00
2924,11,39182,1.923311e-05,3.917563e-03,1.030276e-02,0.000000e+00,0.000000e+00
2925,14,39196,3.143214e-06,3.975614e-03,1.049940e-02,0.000000e+00,0.000000e+00
2926,13,39209,3.336826e-05,4.141986e-03,1.213582e-02,0.000000e+00,0.000000e+00
2927,12,39221,1.144222e-05,4.106898e-03,1.233952e-02,0.000000e+00,0.000000e+00
HIST {'total_samples': 3401363, 'floor_samples': 29, 'floor_fraction': 8.525993844232445e-06, 'saturation_depth': 1.0710209608078003e-07, 'boundaries': 2928, 'capped_boundaries': 0, 'unfinished_worlds': 0}
2928,15,39236,1.630148e-05,3.904258e-03,1.274968e-02,0.000000e+00,0.000000e+00
2929,13,39249,2.858217e-05,4.168805e-03,1.086249e-02,0.000000e+00,0.000000e+00
2930,12,39261,2.818873e-06,4.127877e-03,1.127879e-02,0.000000e+00,0.000000e+00
2931,14,39275,7.570413e-05,4.044318e-03,1.105356e-02,0.000000e+00,0.000000e+00
2932,12,39287,6.542184e-06,4.063409e-03,1.336585e-02,0.000000e+00,0.000000e+00
2933,14,39301,2.102926e-05,4.090141e-03,1.353536e-02,0.000000e+00,0.000000e+00
2934,15,39316,2.806158e-05,3.802633e-03,1.225788e-02,0.000000e+00,0.000000e+00
2935,13,39329,6.827190e-05,4.206447e-03,1.596550e-02,0.000000e+00,0.000000e+00
2936,11,39340,8.431789e-05,4.132238e-03,1.081267e-02,0.000000e+00,0.000000e+00
2937,10,39350,1.500216e-04,3.912533e-03,1.075443e-02,0.000000e+00,0.000000e+00
2938,11,39361,5.933307e-05,4.260082e-03,1.639049e-02,0.000000e+00,0.000000e+00
2939,12,39373,3.366454e-05,4.172847e-03,1.287975e-02,0.000000e+00,0.000000e+00
2940,20,39393,5.355378e-05,4.125359e-03,1.235746e-02,0.000000e+00,0.000000e+00
2941,18,39411,1.069013e-05,4.085089e-03,1.299188e-02,0.000000e+00,0.000000e+00
2942,14,39425,6.850461e-06,3.820406e-03,1.381927e-02,0.000000e+00,0.000000e+00
2943,14,39439,2.323711e-05,4.001086e-03,1.401438e-02,0.000000e+00,0.000000e+00
2944,14,39453,4.475890e-05,4.449584e-03,1.201529e-02,0.000000e+00,0.000000e+00
2945,16,39469,1.625830e-05,3.885698e-03,1.096848e-02,0.000000e+00,0.000000e+00
2946,17,39486,3.229109e-06,4.220694e-03,1.359683e-02,0.000000e+00,0.000000e+00
2947,13,39499,2.494882e-05,3.982537e-03,1.349821e-02,0.000000e+00,0.000000e+00
2948,14,39513,2.043263e-05,3.965810e-03,1.284999e-02,0.000000e+00,0.000000e+00
2949,15,39528,2.579764e-06,4.066684e-03,1.089000e-02,0.000000e+00,0.000000e+00
2950,11,39539,1.122751e-06,4.076522e-03,1.116881e-02,0.000000e+00,0.000000e+00
2951,13,39552,1.862375e-05,4.037029e-03,1.121434e-02,0.000000e+00,0.000000e+00
2952,11,39563,2.055738e-05,4.334704e-03,1.617355e-02,0.000000e+00,0.000000e+00
2953,12,39575,1.454538e-05,4.061150e-03,1.122770e-02,0.000000e+00,0.000000e+00
2954,15,39590,1.075250e-05,4.199563e-03,1.317690e-02,0.000000e+00,0.000000e+00
2955,12,39602,6.353017e-05,4.392210e-03,1.192519e-02,0.000000e+00,0.000000e+00
2956,11,39613,4.072852e-05,3.916054e-03,1.329893e-02,0.000000e+00,0.000000e+00
2957,13,39626,1.493403e-06,4.125859e-03,1.183222e-02,0.000000e+00,0.000000e+00
2958,14,39640,1.539824e-05,4.066015e-03,1.319075e-02,0.000000e+00,0.000000e+00
2959,10,39650,3.675330e-05,4.290391e-03,1.231485e-02,0.000000e+00,0.000000e+00
2960,11,39661,6.454531e-05,4.133043e-03,1.178907e-02,0.000000e+00,0.000000e+00
2961,13,39674,2.828709e-05,4.135568e-03,1.372731e-02,0.000000e+00,0.000000e+00
2962,22,39696,9.962823e-05,4.101322e-03,1.320225e-02,0.000000e+00,0.000000e+00
2963,16,39712,1.455138e-05,3.996577e-03,1.132188e-02,0.000000e+00,0.000000e+00
2964,13,39725,1.314650e-04,4.186579e-03,1.146684e-02,0.000000e+00,0.000000e+00
2965,12,39737,1.430788e-05,4.201495e-03,1.268723e-02,0.000000e+00,0.000000e+00
2966,13,39750,1.595821e-05,3.948315e-03,1.165220e-02,0.000000e+00,0.000000e+00
2967,12,39762,6.200800e-05,3.913300e-03,1.313338e-02,0.000000e+00,0.000000e+00
2968,11,39773,9.223472e-05,4.302772e-03,1.294894e-02,0.000000e+00,0.000000e+00
2969,12,39785,1.845102e-05,4.077246e-03,1.251910e-02,0.000000e+00,0.000000e+00
2970,16,39801,4.549301e-05,4.168511e-03,1.466535e-02,0.000000e+00,0.000000e+00
2971,12,39813,2.895642e-06,4.124846e-03,1.113840e-02,0.000000e+00,0.000000e+00
2972,14,39827,1.144822e-05,4.224577e-03,1.335529e-02,0.000000e+00,0.000000e+00
2973,12,39839,5.721712e-06,3.960059e-03,1.114533e-02,0.000000e+00,0.000000e+00
2974,12,39851,4.142903e-05,4.049903e-03,1.378125e-02,0.000000e+00,0.000000e+00
2975,16,39867,6.342824e-05,4.078153e-03,1.250003e-02,0.000000e+00,0.000000e+00
HIST {'total_samples': 3458883, 'floor_samples': 29, 'floor_fraction': 8.384209584423641e-06, 'saturation_depth': 1.0710209608078003e-07, 'boundaries': 2976, 'capped_boundaries': 0, 'unfinished_worlds': 0}
2976,13,39880,8.845263e-05,4.083350e-03,1.351608e-02,0.000000e+00,0.000000e+00
2977,14,39894,4.085566e-05,4.078446e-03,1.393749e-02,0.000000e+00,0.000000e+00
2978,12,39906,8.425910e-05,3.995470e-03,1.443291e-02,0.000000e+00,0.000000e+00
2979,12,39918,4.989525e-05,4.000571e-03,1.289072e-02,0.000000e+00,0.000000e+00
2980,13,39931,1.145542e-05,4.001725e-03,1.339183e-02,0.000000e+00,0.000000e+00
2981,14,39945,2.798481e-05,3.950193e-03,1.430752e-02,0.000000e+00,0.000000e+00
2982,12,39957,1.579049e-05,4.070172e-03,1.427942e-02,0.000000e+00,0.000000e+00
2983,20,39977,4.009037e-05,3.970819e-03,1.436959e-02,0.000000e+00,0.000000e+00
2984,13,39990,3.582008e-05,3.861125e-03,1.249089e-02,0.000000e+00,0.000000e+00
2985,12,40002,3.689365e-05,4.234072e-03,1.093312e-02,0.000000e+00,0.000000e+00
2986,14,40016,3.992963e-05,4.117869e-03,1.418710e-02,0.000000e+00,0.000000e+00
2987,13,40029,1.782487e-06,4.167143e-03,1.177626e-02,0.000000e+00,0.000000e+00
2988,15,40044,9.591485e-05,4.245686e-03,1.380630e-02,0.000000e+00,0.000000e+00
2989,11,40055,4.622620e-05,4.382384e-03,1.240948e-02,0.000000e+00,0.000000e+00
2990,14,40069,7.007598e-06,4.019078e-03,1.530164e-02,0.000000e+00,0.000000e+00
2991,23,40092,1.863815e-05,4.027687e-03,1.222671e-02,0.000000e+00,0.000000e+00
2992,16,40108,2.286397e-06,3.911943e-03,1.129062e-02,0.000000e+00,0.000000e+00
2993,13,40121,5.819353e-05,3.964639e-03,1.048569e-02,0.000000e+00,0.000000e+00
2994,10,40131,1.979808e-05,4.165374e-03,1.062056e-02,0.000000e+00,0.000000e+00
2995,13,40144,7.284687e-06,3.766995e-03,1.223155e-02,0.000000e+00,0.000000e+00
2996,12,40156,1.136857e-04,4.136074e-03,1.495023e-02,0.000000e+00,0.000000e+00
2997,14,40170,1.992403e-06,4.085395e-03,1.641542e-02,0.000000e+00,0.000000e+00
2998,13,40183,1.978249e-05,4.115607e-03,1.243013e-02,0.000000e+00,0.000000e+00
2999,14,40197,1.889654e-05,3.967099e-03,1.386021e-02,0.000000e+00,0.000000e+00
3000,12,40209,1.313863e-04,4.091119e-03,1.150847e-02,0.000000e+00,0.000000e+00
3001,12,40221,8.726750e-05,4.076336e-03,1.300042e-02,0.000000e+00,0.000000e+00
3002,12,40233,4.507078e-05,4.398850e-03,1.289912e-02,0.000000e+00,0.000000e+00
3003,11,40244,8.377210e-05,4.030522e-03,1.165531e-02,0.000000e+00,0.000000e+00
3004,12,40256,2.023831e-05,4.052761e-03,1.196160e-02,0.000000e+00,0.000000e+00
3005,11,40267,3.284527e-05,3.984683e-03,1.135242e-02,0.000000e+00,0.000000e+00
3006,10,40277,6.932268e-05,4.152814e-03,1.221695e-02,0.000000e+00,0.000000e+00
3007,13,40290,1.864055e-06,3.771131e-03,1.070935e-02,0.000000e+00,0.000000e+00
3008,14,40304,7.885407e-05,3.985866e-03,1.271088e-02,0.000000e+00,0.000000e+00
3009,14,40318,1.350036e-04,4.067061e-03,1.376014e-02,0.000000e+00,0.000000e+00
3010,10,40328,3.003515e-05,4.261629e-03,1.238684e-02,0.000000e+00,0.000000e+00
3011,14,40342,6.283087e-06,4.163894e-03,1.168433e-02,0.000000e+00,0.000000e+00
3012,14,40356,4.099121e-05,4.264780e-03,1.243182e-02,0.000000e+00,0.000000e+00
3013,13,40369,2.393763e-05,4.129617e-03,1.157066e-02,0.000000e+00,0.000000e+00
3014,11,40380,3.195522e-05,4.086288e-03,1.544334e-02,0.000000e+00,0.000000e+00
3015,11,40391,4.567534e-05,4.048903e-03,1.133753e-02,0.000000e+00,0.000000e+00
3016,12,40403,8.026138e-05,4.143105e-03,1.324999e-02,0.000000e+00,0.000000e+00
3017,11,40414,1.883127e-05,4.069724e-03,1.250381e-02,0.000000e+00,0.000000e+00
3018,12,40426,2.358737e-05,4.221603e-03,1.507082e-02,0.000000e+00,0.000000e+00
3019,11,40437,2.102831e-04,3.984171e-03,1.024441e-02,0.000000e+00,0.000000e+00
3020,13,40450,1.943943e-05,4.139279e-03,1.176424e-02,0.000000e+00,0.000000e+00
3021,14,40464,3.578289e-05,3.882325e-03,1.089000e-02,0.000000e+00,0.000000e+00
3022,11,40475,1.586845e-05,4.416367e-03,1.582903e-02,0.000000e+00,0.000000e+00
3023,14,40489,3.701960e-05,4.041737e-03,1.247229e-02,0.000000e+00,0.000000e+00
HIST {'total_samples': 3516546, 'floor_samples': 29, 'floor_fraction': 8.246728465943571e-06, 'saturation_depth': 1.0710209608078003e-07, 'boundaries': 3024, 'capped_boundaries': 0, 'unfinished_worlds': 0}
3024,12,40501,1.334466e-04,4.200589e-03,1.141731e-02,0.000000e+00,0.000000e+00
3025,13,40514,6.651940e-05,4.239102e-03,1.311055e-02,0.000000e+00,0.000000e+00
3026,12,40526,2.658926e-06,4.089621e-03,1.175505e-02,0.000000e+00,0.000000e+00
3027,13,40539,1.425030e-06,3.965665e-03,1.101448e-02,0.000000e+00,0.000000e+00
3028,12,40551,8.772932e-05,4.207008e-03,1.461876e-02,0.000000e+00,0.000000e+00
3029,12,40563,2.419792e-05,3.858052e-03,1.022959e-02,0.000000e+00,0.000000e+00
3030,15,40578,3.251300e-05,4.215642e-03,1.174327e-02,0.000000e+00,0.000000e+00
3031,14,40592,5.310037e-05,4.003348e-03,1.213237e-02,0.000000e+00,0.000000e+00
3032,14,40606,7.825904e-05,4.348768e-03,1.079257e-02,0.000000e+00,0.000000e+00
3033,11,40617,2.752539e-05,4.121283e-03,1.237437e-02,0.000000e+00,0.000000e+00
3034,11,40628,3.219033e-05,4.026367e-03,1.176856e-02,0.000000e+00,0.000000e+00
3035,13,40641,3.210269e-05,4.052575e-03,1.291926e-02,0.000000e+00,0.000000e+00
3036,12,40653,1.156458e-05,3.917794e-03,1.190222e-02,0.000000e+00,0.000000e+00
3037,14,40667,2.652139e-05,3.977533e-03,1.139369e-02,0.000000e+00,0.000000e+00
3038,13,40680,1.033279e-04,4.345387e-03,1.361389e-02,0.000000e+00,0.000000e+00
3039,11,40691,1.164734e-06,4.118331e-03,1.332667e-02,0.000000e+00,0.000000e+00
3040,13,40704,1.092523e-05,3.988878e-03,1.307702e-02,0.000000e+00,0.000000e+00
3041,13,40717,6.121152e-06,3.855982e-03,1.384029e-02,0.000000e+00,0.000000e+00
3042,11,40728,1.239584e-04,4.196090e-03,1.287975e-02,0.000000e+00,0.000000e+00
3043,10,40738,1.843087e-05,4.057913e-03,1.040526e-02,0.000000e+00,0.000000e+00
3044,16,40754,1.986166e-05,4.134696e-03,1.369586e-02,0.000000e+00,0.000000e+00
3045,15,40769,9.938027e-06,3.821210e-03,1.099681e-02,0.000000e+00,0.000000e+00
3046,17,40786,9.789045e-05,3.939887e-03,1.265324e-02,0.000000e+00,0.000000e+00
3047,15,40801,2.221152e-05,3.826721e-03,1.179422e-02,0.000000e+00,0.000000e+00
3048,12,40813,5.498602e-06,3.960737e-03,1.068611e-02,0.000000e+00,0.000000e+00
3049,14,40827,3.197230e-05,3.927617e-03,1.104561e-02,0.000000e+00,0.000000e+00
3050,11,40838,1.952879e-04,4.012882e-03,1.287975e-02,0.000000e+00,0.000000e+00
3051,12,40850,3.209197e-05,4.217302e-03,1.512872e-02,0.000000e+00,0.000000e+00
3052,17,40867,2.263615e-05,4.126325e-03,1.176555e-02,0.000000e+00,0.000000e+00
3053,18,40885,3.567493e-05,3.882706e-03,1.007485e-02,0.000000e+00,0.000000e+00
3054,11,40896,1.429580e-06,4.142815e-03,1.287975e-02,0.000000e+00,0.000000e+00
3055,15,40911,5.966414e-06,4.218739e-03,1.613213e-02,0.000000e+00,0.000000e+00
3056,15,40926,2.103959e-06,4.038400e-03,1.000000e-02,0.000000e+00,0.000000e+00
3057,15,40941,3.136746e-05,3.982808e-03,1.169112e-02,0.000000e+00,0.000000e+00
3058,16,40957,4.487166e-05,4.086354e-03,1.128293e-02,0.000000e+00,0.000000e+00
3059,12,40969,1.049580e-05,4.099413e-03,1.073572e-02,0.000000e+00,0.000000e+00
3060,13,40982,6.515998e-05,4.188148e-03,1.111029e-02,0.000000e+00,0.000000e+00
3061,12,40994,6.918114e-05,4.282462e-03,1.197021e-02,0.000000e+00,0.000000e+00
3062,12,41006,1.113875e-05,4.244333e-03,1.311270e-02,0.000000e+00,0.000000e+00
3063,12,41018,1.407037e-06,4.166484e-03,1.248907e-02,0.000000e+00,0.000000e+00
3064,11,41029,1.385206e-05,4.096041e-03,1.216673e-02,0.000000e+00,0.000000e+00
3065,15,41044,9.365375e-05,3.981405e-03,1.236889e-02,0.000000e+00,0.000000e+00
3066,11,41055,1.342036e-05,3.946701e-03,1.207139e-02,0.000000e+00,0.000000e+00
3067,14,41069,1.656357e-05,3.981292e-03,1.093841e-02,0.000000e+00,0.000000e+00
3068,11,41080,6.516874e-05,4.071119e-03,1.420271e-02,0.000000e+00,0.000000e+00
3069,14,41094,5.255099e-06,4.151832e-03,1.025735e-02,0.000000e+00,0.000000e+00
3070,12,41106,3.539665e-05,4.207243e-03,1.683227e-02,0.000000e+00,0.000000e+00
3071,11,41117,7.181528e-06,4.160453e-03,1.320219e-02,0.000000e+00,0.000000e+00
HIST {'total_samples': 3573523, 'floor_samples': 29, 'floor_fraction': 8.115240898127702e-06, 'saturation_depth': 1.0710209608078003e-07, 'boundaries': 3072, 'capped_boundaries': 0, 'unfinished_worlds': 0}
3072,13,41130,2.841465e-05,4.155347e-03,1.205195e-02,0.000000e+00,0.000000e+00
3073,11,41141,2.385486e-05,3.824999e-03,1.032021e-02,0.000000e+00,0.000000e+00
3074,13,41154,2.610156e-06,4.237044e-03,1.360992e-02,0.000000e+00,0.000000e+00
3075,11,41165,3.068242e-05,4.309289e-03,1.098914e-02,0.000000e+00,0.000000e+00
3076,10,41175,3.837049e-06,4.080375e-03,1.352588e-02,0.000000e+00,0.000000e+00
3077,15,41190,5.255099e-06,4.041389e-03,1.078395e-02,0.000000e+00,0.000000e+00
3078,14,41204,7.271492e-06,3.990560e-03,1.196159e-02,0.000000e+00,0.000000e+00
3079,16,41220,1.076450e-05,4.294125e-03,1.150697e-02,0.000000e+00,0.000000e+00
3080,15,41235,2.684287e-05,4.131503e-03,1.266619e-02,0.000000e+00,0.000000e+00
3081,20,41255,3.877929e-05,4.248236e-03,1.227552e-02,0.000000e+00,0.000000e+00
3082,12,41267,5.668813e-05,4.300032e-03,1.339636e-02,0.000000e+00,0.000000e+00
3083,12,41279,6.890765e-05,4.120563e-03,1.089000e-02,0.000000e+00,0.000000e+00
3084,13,41292,1.740642e-05,4.276358e-03,1.371000e-02,0.000000e+00,0.000000e+00
3085,12,41304,6.041024e-05,4.041625e-03,1.313302e-02,0.000000e+00,0.000000e+00
3086,13,41317,2.616514e-05,3.934221e-03,1.181934e-02,0.000000e+00,0.000000e+00
3087,17,41334,5.920832e-06,4.064964e-03,1.125370e-02,0.000000e+00,0.000000e+00
3088,14,41348,2.868474e-05,4.223302e-03,1.395344e-02,0.000000e+00,0.000000e+00
3089,12,41360,2.664974e-05,4.209226e-03,1.278696e-02,0.000000e+00,0.000000e+00
3090,12,41372,4.824231e-05,4.149092e-03,2.033305e-02,0.000000e+00,0.000000e+00
3091,11,41383,4.411116e-05,4.197662e-03,1.149093e-02,0.000000e+00,0.000000e+00
3092,12,41395,2.242503e-05,4.257690e-03,1.347708e-02,0.000000e+00,0.000000e+00
3093,16,41411,1.175734e-04,4.489194e-03,1.222366e-02,0.000000e+00,0.000000e+00
3094,15,41426,1.917919e-04,4.334487e-03,1.124330e-02,0.000000e+00,0.000000e+00
3095,15,41441,8.465495e-05,4.241901e-03,1.102302e-02,0.000000e+00,0.000000e+00
3096,12,41453,1.187153e-04,4.475717e-03,1.344261e-02,0.000000e+00,0.000000e+00
3097,13,41466,1.008197e-05,4.158396e-03,1.308523e-02,0.000000e+00,0.000000e+00
3098,14,41480,2.300680e-06,4.407226e-03,1.310241e-02,0.000000e+00,0.000000e+00
3099,15,41495,6.945223e-06,4.292520e-03,1.113752e-02,0.000000e+00,0.000000e+00
3100,17,41512,9.313226e-07,4.351689e-03,1.535600e-02,0.000000e+00,0.000000e+00
3101,16,41528,1.544862e-05,4.249294e-03,1.245374e-02,0.000000e+00,0.000000e+00
3102,13,41541,3.137705e-05,4.276338e-03,1.422400e-02,0.000000e+00,0.000000e+00
3103,14,41555,1.051500e-05,4.119342e-03,1.274836e-02,0.000000e+00,0.000000e+00
3104,14,41569,6.427150e-05,4.393441e-03,1.206717e-02,0.000000e+00,0.000000e+00
3105,15,41584,2.261816e-05,4.460805e-03,1.309693e-02,0.000000e+00,0.000000e+00
3106,13,41597,1.312699e-05,4.164187e-03,1.265504e-02,0.000000e+00,0.000000e+00
3107,13,41610,8.844903e-05,4.205118e-03,1.456373e-02,0.000000e+00,0.000000e+00
3108,11,41621,1.041424e-05,4.377154e-03,1.263675e-02,0.000000e+00,0.000000e+00
3109,12,41633,1.539344e-05,4.063882e-03,1.098944e-02,0.000000e+00,0.000000e+00
3110,13,41646,6.533694e-05,4.237871e-03,1.149030e-02,0.000000e+00,0.000000e+00
3111,12,41658,5.220312e-06,4.157286e-03,1.241176e-02,0.000000e+00,0.000000e+00
3112,16,41674,1.461136e-05,4.161643e-03,1.217013e-02,0.000000e+00,0.000000e+00
3113,10,41684,2.236745e-05,4.058185e-03,1.090935e-02,0.000000e+00,0.000000e+00
3114,10,41694,4.699961e-05,4.300087e-03,1.364153e-02,0.000000e+00,0.000000e+00
3115,10,41704,1.090220e-04,4.233981e-03,1.191165e-02,0.000000e+00,0.000000e+00
3116,14,41718,4.288045e-05,4.089968e-03,1.154715e-02,0.000000e+00,0.000000e+00
3117,14,41732,2.881512e-05,3.995968e-03,1.195652e-02,0.000000e+00,0.000000e+00
3118,12,41744,2.590244e-05,3.984775e-03,1.251008e-02,0.000000e+00,0.000000e+00
3119,12,41756,1.850380e-05,4.227013e-03,1.346069e-02,0.000000e+00,0.000000e+00
HIST {'total_samples': 3628928, 'floor_samples': 30, 'floor_fraction': 8.266904165637896e-06, 'saturation_depth': 1.0710209608078003e-07, 'boundaries': 3120, 'capped_boundaries': 0, 'unfinished_worlds': 0}
3120,17,41773,7.205638e-05,4.164423e-03,1.297167e-02,0.000000e+00,0.000000e+00
3121,15,41788,1.914914e-05,4.148915e-03,1.203011e-02,0.000000e+00,0.000000e+00
3122,12,41800,2.033223e-04,4.350599e-03,1.434929e-02,0.000000e+00,0.000000e+00
3123,15,41815,1.249900e-06,4.118741e-03,1.390757e-02,0.000000e+00,0.000000e+00
3124,11,41826,7.662922e-05,4.118295e-03,1.354216e-02,0.000000e+00,0.000000e+00
3125,17,41843,3.807038e-05,4.274251e-03,1.461552e-02,0.000000e+00,0.000000e+00
3126,12,41855,1.126710e-05,4.193441e-03,1.204376e-02,0.000000e+00,0.000000e+00
3127,15,41870,3.411916e-05,3.962117e-03,1.067434e-02,0.000000e+00,0.000000e+00
3128,13,41883,1.457777e-05,4.435264e-03,1.487420e-02,0.000000e+00,0.000000e+00
3129,14,41897,1.927149e-05,3.888846e-03,1.252909e-02,0.000000e+00,0.000000e+00
3130,11,41908,8.417874e-05,4.119424e-03,1.410298e-02,0.000000e+00,0.000000e+00
3131,13,41921,5.505799e-05,3.978926e-03,1.354275e-02,0.000000e+00,0.000000e+00
3132,11,41932,3.535826e-05,4.126822e-03,1.263793e-02,0.000000e+00,0.000000e+00
3133,13,41945,1.489804e-05,3.955121e-03,1.155348e-02,0.000000e+00,0.000000e+00
3134,18,41963,5.492124e-05,3.948866e-03,1.138007e-02,0.000000e+00,0.000000e+00
3135,15,41978,6.355811e-05,3.857932e-03,1.283047e-02,0.000000e+00,0.000000e+00
3136,19,41997,9.624951e-06,3.784453e-03,1.008852e-02,0.000000e+00,0.000000e+00
3137,14,42011,2.579209e-05,4.099673e-03,1.369375e-02,0.000000e+00,0.000000e+00
3138,10,42021,1.844484e-05,4.125503e-03,1.141657e-02,0.000000e+00,0.000000e+00
3139,13,42034,1.936506e-05,3.857210e-03,1.089000e-02,0.000000e+00,0.000000e+00
3140,11,42045,6.776930e-05,4.406056e-03,1.172435e-02,0.000000e+00,0.000000e+00
3141,24,42069,8.713316e-05,4.173462e-03,1.032136e-02,0.000000e+00,0.000000e+00
3142,16,42085,1.617242e-05,3.956814e-03,1.288558e-02,0.000000e+00,0.000000e+00
3143,17,42102,5.895163e-05,3.960248e-03,1.089000e-02,0.000000e+00,0.000000e+00
3144,12,42114,4.656613e-09,4.269805e-03,1.860258e-02,0.000000e+00,0.000000e+00
3145,13,42127,1.879648e-06,4.180164e-03,1.077370e-02,0.000000e+00,0.000000e+00
3146,14,42141,9.629750e-05,4.136353e-03,1.223477e-02,0.000000e+00,0.000000e+00
3147,11,42152,3.506678e-05,4.014037e-03,1.243523e-02,0.000000e+00,0.000000e+00
3148,14,42166,9.341864e-06,4.077098e-03,1.321532e-02,0.000000e+00,0.000000e+00
3149,16,42182,8.000081e-05,4.208047e-03,1.181749e-02,0.000000e+00,0.000000e+00
3150,13,42195,1.909636e-05,4.133661e-03,1.238750e-02,0.000000e+00,0.000000e+00
3151,13,42208,3.148501e-05,4.047112e-03,1.220540e-02,0.000000e+00,0.000000e+00
3152,12,42220,6.618953e-06,4.130934e-03,1.287975e-02,0.000000e+00,0.000000e+00
3153,13,42233,3.014035e-05,4.107796e-03,1.574994e-02,0.000000e+00,0.000000e+00
3154,12,42245,5.300680e-06,4.013917e-03,1.287975e-02,0.000000e+00,0.000000e+00
3155,14,42259,6.510996e-06,3.980140e-03,1.000000e-02,0.000000e+00,0.000000e+00
3156,10,42269,9.359792e-07,4.211592e-03,1.292635e-02,0.000000e+00,0.000000e+00
3157,15,42284,1.934823e-05,3.999736e-03,1.355388e-02,0.000000e+00,0.000000e+00
3158,16,42300,6.344264e-06,4.084193e-03,1.426379e-02,0.000000e+00,0.000000e+00
3159,14,42314,1.667999e-05,4.234417e-03,1.095468e-02,0.000000e+00,0.000000e+00
3160,13,42327,1.090604e-05,4.237213e-03,1.101943e-02,0.000000e+00,0.000000e+00
3161,11,42338,3.443343e-05,4.241257e-03,1.042181e-02,0.000000e+00,0.000000e+00
3162,12,42350,5.795362e-05,4.068942e-03,1.192309e-02,0.000000e+00,0.000000e+00
3163,15,42365,3.365334e-05,3.842975e-03,1.228391e-02,0.000000e+00,0.000000e+00
3164,12,42377,5.714515e-06,4.273020e-03,1.371117e-02,0.000000e+00,0.000000e+00
3165,12,42389,1.461735e-05,4.280167e-03,1.219431e-02,0.000000e+00,0.000000e+00
3166,14,42403,9.113955e-06,4.123585e-03,1.332973e-02,0.000000e+00,0.000000e+00
3167,16,42419,1.696404e-05,3.634809e-03,1.000000e-02,0.000000e+00,0.000000e+00
HIST {'total_samples': 3686184, 'floor_samples': 32, 'floor_fraction': 8.681064211661708e-06, 'saturation_depth': 4.6566128730773926e-09, 'boundaries': 3168, 'capped_boundaries': 0, 'unfinished_worlds': 0}
3168,15,42434,1.362175e-05,3.998969e-03,1.404064e-02,0.000000e+00,0.000000e+00
3169,13,42447,4.317314e-05,4.056152e-03,1.156995e-02,0.000000e+00,0.000000e+00
3170,14,42461,1.005918e-05,4.278613e-03,1.287975e-02,0.000000e+00,0.000000e+00
3171,12,42473,1.505878e-05,4.295637e-03,1.037968e-02,0.000000e+00,0.000000e+00
3172,11,42484,1.026238e-04,4.314321e-03,1.537256e-02,0.000000e+00,0.000000e+00
3173,11,42495,6.546982e-06,4.186232e-03,1.334348e-02,0.000000e+00,0.000000e+00
3174,12,42507,1.656357e-05,4.346553e-03,1.212327e-02,0.000000e+00,0.000000e+00
3175,13,42520,1.441222e-05,4.296036e-03,1.087103e-02,0.000000e+00,0.000000e+00
3176,13,42533,6.219273e-05,4.454297e-03,1.248741e-02,0.000000e+00,0.000000e+00
3177,17,42550,1.110720e-04,3.881619e-03,1.029695e-02,0.000000e+00,0.000000e+00
3178,13,42563,2.279568e-05,4.064747e-03,1.522159e-02,0.000000e+00,0.000000e+00
3179,17,42580,1.427189e-05,3.900822e-03,1.374924e-02,0.000000e+00,0.000000e+00
3180,17,42597,2.673251e-05,4.149897e-03,1.244258e-02,0.000000e+00,0.000000e+00
3181,14,42611,9.100401e-05,4.334572e-03,1.121670e-02,0.000000e+00,0.000000e+00
3182,14,42625,1.365054e-06,4.134128e-03,1.129232e-02,0.000000e+00,0.000000e+00
3183,18,42643,1.369132e-05,4.225336e-03,1.111230e-02,0.000000e+00,0.000000e+00
3184,13,42656,1.155282e-04,4.093451e-03,1.177169e-02,0.000000e+00,0.000000e+00
3185,15,42671,2.412235e-06,3.872467e-03,1.063421e-02,0.000000e+00,0.000000e+00
3186,12,42683,4.997943e-05,4.359761e-03,1.440461e-02,0.000000e+00,0.000000e+00
3187,12,42695,2.971212e-05,4.380330e-03,1.267016e-02,0.000000e+00,0.000000e+00
3188,11,42706,3.110617e-05,4.269165e-03,1.260702e-02,0.000000e+00,0.000000e+00
3189,19,42725,2.829358e-05,4.160798e-03,1.018827e-02,0.000000e+00,0.000000e+00
3190,11,42736,4.292244e-05,4.281119e-03,1.306924e-02,0.000000e+00,0.000000e+00
3191,12,42748,2.632707e-05,4.065334e-03,1.065769e-02,0.000000e+00,0.000000e+00
3192,14,42762,7.392404e-05,4.271447e-03,1.251819e-02,0.000000e+00,0.000000e+00
3193,12,42774,2.659337e-05,4.069609e-03,1.058367e-02,0.000000e+00,0.000000e+00
3194,13,42787,4.174331e-05,4.094490e-03,1.163854e-02,0.000000e+00,0.000000e+00
3195,12,42799,2.512755e-05,4.022823e-03,1.159070e-02,0.000000e+00,0.000000e+00
3196,13,42812,2.692923e-06,4.484688e-03,1.190844e-02,0.000000e+00,0.000000e+00
3197,10,42822,1.665498e-04,4.357090e-03,1.437819e-02,0.000000e+00,0.000000e+00
3198,11,42833,1.198321e-06,4.288667e-03,1.565081e-02,0.000000e+00,0.000000e+00
3199,12,42845,3.849021e-05,4.026148e-03,1.196727e-02,0.000000e+00,0.000000e+00
3200,13,42858,1.334227e-05,4.342914e-03,1.367669e-02,0.000000e+00,0.000000e+00
3201,13,42871,2.291324e-05,4.004569e-03,1.037732e-02,0.000000e+00,0.000000e+00
3202,12,42883,3.794203e-05,3.928047e-03,1.449459e-02,0.000000e+00,0.000000e+00
3203,12,42895,1.817942e-05,4.038597e-03,1.300809e-02,0.000000e+00,0.000000e+00
3204,12,42907,1.067453e-05,4.221427e-03,1.204836e-02,0.000000e+00,0.000000e+00
3205,15,42922,1.058937e-05,4.133836e-03,1.144560e-02,0.000000e+00,0.000000e+00
3206,15,42937,1.346342e-05,4.085039e-03,1.242320e-02,0.000000e+00,0.000000e+00
3207,12,42949,1.131796e-04,4.163889e-03,1.222653e-02,0.000000e+00,0.000000e+00
3208,16,42965,3.352761e-06,4.076827e-03,1.216627e-02,0.000000e+00,0.000000e+00
3209,11,42976,1.619149e-04,4.007231e-03,1.100973e-02,0.000000e+00,0.000000e+00
3210,11,42987,1.723951e-05,4.254513e-03,1.255532e-02,0.000000e+00,0.000000e+00
3211,11,42998,2.223431e-05,4.117820e-03,1.089055e-02,0.000000e+00,0.000000e+00
3212,15,43013,3.000721e-05,3.835911e-03,1.144209e-02,0.000000e+00,0.000000e+00
3213,16,43029,4.892484e-05,4.016127e-03,1.158201e-02,0.000000e+00,0.000000e+00
3214,18,43047,5.002000e-06,4.175929e-03,1.168821e-02,0.000000e+00,0.000000e+00
3215,13,43060,4.502479e-05,3.973040e-03,1.460119e-02,0.000000e+00,0.000000e+00
HIST {'total_samples': 3742975, 'floor_samples': 32, 'floor_fraction': 8.549349114006906e-06, 'saturation_depth': 4.6566128730773926e-09, 'boundaries': 3216, 'capped_boundaries': 0, 'unfinished_worlds': 0}
3216,12,43072,2.523884e-06,4.123793e-03,1.137056e-02,0.000000e+00,0.000000e+00
3217,11,43083,4.939735e-05,4.034963e-03,1.094891e-02,0.000000e+00,0.000000e+00
3218,16,43099,4.408415e-05,4.188561e-03,1.244400e-02,0.000000e+00,0.000000e+00
3219,15,43114,2.875458e-05,4.305723e-03,1.110077e-02,0.000000e+00,0.000000e+00
3220,15,43129,6.055178e-06,4.165348e-03,1.169315e-02,0.000000e+00,0.000000e+00
3221,17,43146,1.061204e-04,4.078385e-03,1.408999e-02,0.000000e+00,0.000000e+00
3222,14,43160,2.601640e-05,4.045344e-03,1.307946e-02,0.000000e+00,0.000000e+00
3223,15,43175,2.978889e-05,4.171791e-03,1.059116e-02,0.000000e+00,0.000000e+00
3224,19,43194,2.964255e-05,3.944172e-03,1.079869e-02,0.000000e+00,0.000000e+00
3225,20,43214,3.376410e-05,3.944180e-03,1.247086e-02,0.000000e+00,0.000000e+00
3226,16,43230,1.507346e-05,4.032400e-03,1.469543e-02,0.000000e+00,0.000000e+00
3227,12,43242,3.341624e-05,3.857736e-03,1.315900e-02,0.000000e+00,0.000000e+00
3228,17,43259,1.021811e-04,4.194287e-03,1.482860e-02,0.000000e+00,0.000000e+00
3229,11,43270,2.013995e-06,4.208137e-03,1.054806e-02,0.000000e+00,0.000000e+00
3230,14,43284,2.205438e-05,3.992657e-03,1.262974e-02,0.000000e+00,0.000000e+00
3231,10,43294,5.992804e-06,4.014269e-03,1.087644e-02,0.000000e+00,0.000000e+00
3232,14,43308,1.607357e-06,4.323171e-03,1.070255e-02,0.000000e+00,0.000000e+00
3233,16,43324,2.222951e-05,4.117453e-03,1.140196e-02,0.000000e+00,0.000000e+00
3234,11,43335,7.300161e-05,4.268144e-03,1.391373e-02,0.000000e+00,0.000000e+00
3235,13,43348,9.749102e-05,4.167340e-03,1.390378e-02,0.000000e+00,0.000000e+00
3236,12,43360,1.397717e-04,4.414307e-03,1.202371e-02,0.000000e+00,0.000000e+00
3237,13,43373,1.782487e-05,4.117344e-03,1.262813e-02,0.000000e+00,0.000000e+00
3238,12,43385,1.241624e-04,4.193355e-03,1.169612e-02,0.000000e+00,0.000000e+00
3239,12,43397,1.718290e-06,4.206235e-03,1.183655e-02,0.000000e+00,0.000000e+00
3240,14,43411,3.001680e-05,4.101676e-03,1.091560e-02,0.000000e+00,0.000000e+00
3241,18,43429,4.153699e-05,4.107631e-03,1.114653e-02,0.000000e+00,0.000000e+00
3242,12,43441,3.839904e-05,4.034135e-03,1.087511e-02,0.000000e+00,0.000000e+00
3243,14,43455,1.732827e-05,3.919946e-03,1.089000e-02,0.000000e+00,0.000000e+00
3244,13,43468,4.729256e-05,4.316205e-03,1.136263e-02,0.000000e+00,0.000000e+00
3245,11,43479,1.084306e-04,3.984632e-03,1.154607e-02,0.000000e+00,0.000000e+00
3246,15,43494,1.425030e-06,4.261693e-03,1.287975e-02,0.000000e+00,0.000000e+00
3247,14,43508,1.462575e-05,4.324945e-03,1.259418e-02,0.000000e+00,0.000000e+00
3248,14,43522,1.033147e-05,4.253865e-03,1.357250e-02,0.000000e+00,0.000000e+00
3249,12,43534,4.490284e-05,3.979722e-03,1.138559e-02,0.000000e+00,0.000000e+00
3250,20,43554,1.037489e-04,4.208299e-03,1.202279e-02,0.000000e+00,0.000000e+00
3251,14,43568,2.129149e-06,4.053970e-03,1.146803e-02,0.000000e+00,0.000000e+00
3252,16,43584,4.843903e-05,4.057722e-03,1.072052e-02,0.000000e+00,0.000000e+00
3253,15,43599,2.130828e-05,3.768003e-03,1.273233e-02,0.000000e+00,0.000000e+00
3254,20,43619,8.949622e-06,4.200119e-03,1.418641e-02,0.000000e+00,0.000000e+00
3255,12,43631,1.423831e-05,4.306639e-03,1.266966e-02,0.000000e+00,0.000000e+00
3256,11,43642,1.141943e-06,4.378877e-03,1.224265e-02,0.000000e+00,0.000000e+00
3257,12,43654,6.825271e-06,4.201149e-03,1.046448e-02,0.000000e+00,0.000000e+00
3258,15,43669,3.133900e-06,4.107532e-03,1.197041e-02,0.000000e+00,0.000000e+00
3259,15,43684,4.484527e-05,3.940603e-03,1.059771e-02,0.000000e+00,0.000000e+00
3260,11,43695,5.214075e-05,4.211346e-03,1.297076e-02,0.000000e+00,0.000000e+00
3261,14,43709,2.544063e-05,4.079536e-03,1.336309e-02,0.000000e+00,0.000000e+00
3262,15,43724,1.364388e-05,4.260636e-03,1.412513e-02,0.000000e+00,0.000000e+00
3263,12,43736,5.316994e-05,4.284888e-03,1.420590e-02,0.000000e+00,0.000000e+00
HIST {'total_samples': 3800346, 'floor_samples': 32, 'floor_fraction': 8.420285942385246e-06, 'saturation_depth': 4.6566128730773926e-09, 'boundaries': 3264, 'capped_boundaries': 0, 'unfinished_worlds': 0}
3264,12,43748,4.135466e-05,3.845907e-03,1.223815e-02,0.000000e+00,0.000000e+00
3265,14,43762,1.711835e-05,3.968812e-03,1.178858e-02,0.000000e+00,0.000000e+00
3266,14,43776,1.029188e-06,3.990077e-03,1.287975e-02,0.000000e+00,0.000000e+00
3267,17,43793,1.707637e-05,3.890348e-03,1.357575e-02,0.000000e+00,0.000000e+00
3268,15,43808,2.972411e-05,3.964635e-03,1.214971e-02,0.000000e+00,0.000000e+00
3269,17,43825,9.604080e-05,3.854493e-03,1.279799e-02,0.000000e+00,0.000000e+00
3270,13,43838,3.657218e-05,3.884318e-03,1.287975e-02,0.000000e+00,0.000000e+00
3271,16,43854,4.037226e-05,4.155563e-03,1.469052e-02,0.000000e+00,0.000000e+00
3272,11,43865,1.034226e-05,4.160406e-03,1.285095e-02,0.000000e+00,0.000000e+00
3273,14,43879,6.556578e-06,3.767497e-03,1.040122e-02,0.000000e+00,0.000000e+00
3274,13,43892,9.531389e-06,4.041590e-03,1.031717e-02,0.000000e+00,0.000000e+00
3275,18,43910,3.339945e-05,3.984214e-03,1.097637e-02,0.000000e+00,0.000000e+00
3276,12,43922,1.675730e-06,3.991096e-03,1.127195e-02,0.000000e+00,0.000000e+00
3277,17,43939,8.984408e-06,4.040629e-03,1.238528e-02,0.000000e+00,0.000000e+00
3278,14,43953,2.197401e-05,4.256079e-03,1.287690e-02,0.000000e+00,0.000000e+00
3279,12,43965,1.432840e-05,4.072077e-03,1.188440e-02,0.000000e+00,0.000000e+00
3280,15,43980,1.788485e-05,3.949793e-03,1.058931e-02,0.000000e+00,0.000000e+00
3281,16,43996,2.925151e-05,4.014908e-03,1.056087e-02,0.000000e+00,0.000000e+00
3282,20,44016,2.674293e-05,4.272712e-03,1.651562e-02,0.000000e+00,0.000000e+00
3283,11,44027,1.724431e-05,3.993029e-03,1.061155e-02,0.000000e+00,0.000000e+00
3284,12,44039,1.187981e-04,4.151891e-03,1.119367e-02,0.000000e+00,0.000000e+00
3285,13,44052,1.624692e-05,3.955076e-03,1.393585e-02,0.000000e+00,0.000000e+00
3286,13,44065,2.062455e-05,4.309770e-03,1.188998e-02,0.000000e+00,0.000000e+00
3287,10,44075,6.490485e-05,4.361063e-03,1.187492e-02,0.000000e+00,0.000000e+00
3288,10,44085,2.644956e-06,4.265049e-03,1.128206e-02,0.000000e+00,0.000000e+00
3289,10,44095,2.180728e-06,4.069294e-03,1.287975e-02,0.000000e+00,0.000000e+00
3290,12,44107,1.708597e-05,4.184146e-03,1.154405e-02,0.000000e+00,0.000000e+00
3291,13,44120,2.533987e-05,3.883933e-03,1.021942e-02,0.000000e+00,0.000000e+00
3292,14,44134,5.223911e-06,4.179612e-03,1.287975e-02,0.000000e+00,0.000000e+00
3293,28,44162,1.494773e-06,3.853849e-03,1.000000e-02,0.000000e+00,0.000000e+00
3294,21,44183,1.313115e-05,4.129821e-03,1.225807e-02,0.000000e+00,0.000000e+00
3295,15,44198,3.234387e-05,3.901186e-03,1.147402e-02,0.000000e+00,0.000000e+00
3296,16,44214,2.830988e-05,4.176536e-03,1.545905e-02,0.000000e+00,0.000000e+00
3297,17,44231,3.771892e-05,4.068136e-03,1.089000e-02,0.000000e+00,0.000000e+00
3298,14,44245,1.833774e-05,3.874507e-03,1.148920e-02,0.000000e+00,0.000000e+00
3299,13,44258,2.528709e-05,3.901716e-03,1.042559e-02,0.000000e+00,0.000000e+00
3300,11,44269,6.474651e-05,4.133898e-03,1.323860e-02,0.000000e+00,0.000000e+00
3301,14,44283,2.112835e-05,4.468830e-03,1.086936e-02,0.000000e+00,0.000000e+00
3302,11,44294,4.414469e-05,4.301972e-03,1.551265e-02,0.000000e+00,0.000000e+00
3303,12,44306,4.048741e-05,4.215235e-03,1.099516e-02,0.000000e+00,0.000000e+00
3304,12,44318,1.675370e-05,4.082570e-03,1.275121e-02,0.000000e+00,0.000000e+00
3305,13,44331,1.772171e-05,3.999365e-03,1.397865e-02,0.000000e+00,0.000000e+00
3306,17,44348,3.322959e-05,3.981516e-03,1.218387e-02,0.000000e+00,0.000000e+00
3307,12,44360,2.507717e-05,4.008041e-03,1.064203e-02,0.000000e+00,0.000000e+00
3308,12,44372,7.201920e-05,4.183676e-03,1.316237e-02,0.000000e+00,0.000000e+00
3309,13,44385,4.381128e-05,4.181501e-03,1.089000e-02,0.000000e+00,0.000000e+00
3310,14,44399,1.441584e-05,4.230598e-03,1.449459e-02,0.000000e+00,0.000000e+00
3311,13,44412,3.997041e-05,3.960632e-03,1.275078e-02,0.000000e+00,0.000000e+00
HIST {'total_samples': 3857839, 'floor_samples': 32, 'floor_fraction': 8.294799238641116e-06, 'saturation_depth': 4.6566128730773926e-09, 'boundaries': 3312, 'capped_boundaries': 0, 'unfinished_worlds': 0}
3312,12,44424,6.059017e-05,4.176930e-03,1.070793e-02,0.000000e+00,0.000000e+00
3313,11,44435,4.413395e-05,4.112130e-03,1.089000e-02,0.000000e+00,0.000000e+00
3314,16,44451,1.265494e-05,4.295232e-03,1.136022e-02,0.000000e+00,0.000000e+00
3315,11,44462,2.442463e-05,3.995764e-03,1.237240e-02,0.000000e+00,0.000000e+00
3316,10,44472,1.301732e-04,4.428956e-03,1.411910e-02,0.000000e+00,0.000000e+00
3317,12,44484,6.465415e-06,4.075307e-03,1.217823e-02,0.000000e+00,0.000000e+00
3318,13,44497,2.420632e-05,4.241758e-03,1.234429e-02,0.000000e+00,0.000000e+00
3319,13,44510,4.024391e-05,3.914275e-03,1.157697e-02,0.000000e+00,0.000000e+00
3320,13,44523,2.028509e-05,4.154736e-03,1.558345e-02,0.000000e+00,0.000000e+00
3321,15,44538,1.310371e-05,4.089694e-03,1.268160e-02,0.000000e+00,0.000000e+00
3322,16,44554,1.059776e-05,4.404481e-03,1.694788e-02,0.000000e+00,0.000000e+00
3323,16,44570,1.257285e-06,4.010408e-03,1.264815e-02,0.000000e+00,0.000000e+00
3324,12,44582,4.057018e-05,4.267245e-03,1.357908e-02,0.000000e+00,0.000000e+00
3325,13,44595,1.223511e-06,4.036478e-03,1.120649e-02,0.000000e+00,0.000000e+00
3326,12,44607,2.923591e-05,4.106424e-03,1.463882e-02,0.000000e+00,0.000000e+00
3327,14,44621,8.268774e-05,4.038514e-03,1.164788e-02,0.000000e+00,0.000000e+00
3328,12,44633,3.313075e-05,3.913952e-03,1.211432e-02,0.000000e+00,0.000000e+00
3329,12,44645,1.679175e-05,4.015114e-03,1.272610e-02,0.000000e+00,0.000000e+00
3330,11,44656,7.909157e-05,4.136138e-03,1.420835e-02,0.000000e+00,0.000000e+00
3331,18,44674,3.306195e-05,4.163618e-03,1.203558e-02,0.000000e+00,0.000000e+00
3332,14,44688,2.491164e-05,4.064210e-03,1.118463e-02,0.000000e+00,0.000000e+00
3333,13,44701,4.020912e-05,4.449169e-03,1.203726e-02,0.000000e+00,0.000000e+00
3334,12,44713,8.757698e-06,4.293561e-03,1.449459e-02,0.000000e+00,0.000000e+00
3335,11,44724,1.428989e-05,4.382259e-03,1.165861e-02,0.000000e+00,0.000000e+00
3336,18,44742,1.704278e-05,4.267189e-03,1.221057e-02,0.000000e+00,0.000000e+00
3337,13,44755,4.713155e-05,4.045225e-03,1.132021e-02,0.000000e+00,0.000000e+00
3338,12,44767,6.654699e-05,3.744531e-03,1.421945e-02,0.000000e+00,0.000000e+00
3339,12,44779,6.632748e-05,4.149819e-03,1.022512e-02,0.000000e+00,0.000000e+00
3340,13,44792,1.712555e-05,4.107926e-03,1.216319e-02,0.000000e+00,0.000000e+00
3341,13,44805,7.340685e-05,4.097611e-03,1.005077e-02,0.000000e+00,0.000000e+00
3342,11,44816,6.525391e-06,4.237260e-03,1.273129e-02,0.000000e+00,0.000000e+00
3343,13,44829,4.337946e-05,4.076885e-03,1.040267e-02,0.000000e+00,0.000000e+00
3344,13,44842,1.803839e-05,3.950797e-03,1.044667e-02,0.000000e+00,0.000000e+00
3345,13,44855,3.683007e-05,4.214528e-03,1.227489e-02,0.000000e+00,0.000000e+00
3346,13,44868,1.412075e-05,4.015212e-03,1.363082e-02,0.000000e+00,0.000000e+00
3347,12,44880,4.329069e-05,4.255543e-03,1.195485e-02,0.000000e+00,0.000000e+00
3348,13,44893,5.197641e-05,4.094509e-03,1.133516e-02,0.000000e+00,0.000000e+00
3349,13,44906,5.906439e-06,4.354822e-03,1.380260e-02,0.000000e+00,0.000000e+00
3350,12,44918,2.379529e-06,3.975806e-03,1.156895e-02,0.000000e+00,0.000000e+00
3351,12,44930,1.394322e-05,4.042223e-03,1.219250e-02,0.000000e+00,0.000000e+00
3352,12,44942,4.835267e-05,4.420806e-03,1.411335e-02,0.000000e+00,0.000000e+00
3353,17,44959,1.532026e-06,3.829611e-03,1.211034e-02,0.000000e+00,0.000000e+00
3354,15,44974,3.679889e-05,4.127439e-03,1.261857e-02,0.000000e+00,0.000000e+00
3355,14,44988,3.115274e-06,3.961039e-03,1.132178e-02,0.000000e+00,0.000000e+00
3356,15,45003,1.182780e-06,3.907637e-03,1.248829e-02,0.000000e+00,0.000000e+00
3357,17,45020,1.359731e-06,4.181694e-03,1.122546e-02,0.000000e+00,0.000000e+00
3358,10,45030,3.120396e-05,4.295059e-03,1.416958e-02,0.000000e+00,0.000000e+00
3359,11,45041,3.996322e-05,4.306124e-03,1.182970e-02,0.000000e+00,0.000000e+00
HIST {'total_samples': 3914155, 'floor_samples': 32, 'floor_fraction': 8.175455494225446e-06, 'saturation_depth': 4.6566128730773926e-09, 'boundaries': 3360, 'capped_boundaries': 0, 'unfinished_worlds': 0}
3360,16,45057,9.338866e-05,3.994280e-03,1.247684e-02,0.000000e+00,0.000000e+00
3361,16,45073,8.686927e-06,4.132173e-03,1.287975e-02,0.000000e+00,0.000000e+00
3362,10,45083,2.439465e-05,4.259933e-03,1.656047e-02,0.000000e+00,0.000000e+00
3363,15,45098,3.013760e-05,3.924499e-03,1.016413e-02,0.000000e+00,0.000000e+00
3364,12,45110,2.859297e-05,3.978317e-03,1.142120e-02,0.000000e+00,0.000000e+00
3365,12,45122,2.017593e-06,3.702377e-03,1.274606e-02,0.000000e+00,0.000000e+00
3366,14,45136,1.168810e-05,3.904404e-03,1.256124e-02,0.000000e+00,0.000000e+00
3367,12,45148,7.450581e-08,3.735401e-03,1.082244e-02,0.000000e+00,0.000000e+00
3368,13,45161,7.751781e-05,3.994961e-03,1.317690e-02,0.000000e+00,0.000000e+00
3369,12,45173,4.818114e-05,4.045087e-03,1.510896e-02,0.000000e+00,0.000000e+00
3370,14,45187,1.654858e-05,4.229937e-03,1.102916e-02,0.000000e+00,0.000000e+00
3371,15,45202,9.804879e-06,4.097553e-03,1.115910e-02,0.000000e+00,0.000000e+00
3372,13,45215,9.981209e-06,3.723033e-03,1.081771e-02,0.000000e+00,0.000000e+00
3373,13,45228,2.190324e-06,3.957395e-03,1.025388e-02,0.000000e+00,0.000000e+00
3374,12,45240,1.331468e-06,4.108069e-03,1.311043e-02,0.000000e+00,0.000000e+00
3375,14,45254,8.184927e-05,4.072685e-03,1.514760e-02,0.000000e+00,0.000000e+00
3376,12,45266,3.006309e-05,4.474312e-03,1.333147e-02,0.000000e+00,0.000000e+00
3377,20,45286,1.023191e-06,3.993392e-03,1.089000e-02,0.000000e+00,0.000000e+00
3378,12,45298,1.127693e-04,4.081588e-03,1.280164e-02,0.000000e+00,0.000000e+00
3379,13,45311,6.178730e-06,3.976360e-03,1.157044e-02,0.000000e+00,0.000000e+00
3380,13,45324,4.747102e-05,3.978994e-03,1.153185e-02,0.000000e+00,0.000000e+00
3381,13,45337,4.286606e-05,4.070262e-03,1.121616e-02,0.000000e+00,0.000000e+00
3382,15,45352,8.211077e-05,3.936760e-03,1.143444e-02,0.000000e+00,0.000000e+00
3383,14,45366,1.702359e-05,3.875149e-03,1.173443e-02,0.000000e+00,0.000000e+00
3384,20,45386,1.478940e-05,4.025114e-03,1.153070e-02,0.000000e+00,0.000000e+00
3385,18,45404,8.754099e-06,4.063156e-03,1.228057e-02,0.000000e+00,0.000000e+00
3386,14,45418,2.447741e-05,3.827179e-03,1.365380e-02,0.000000e+00,0.000000e+00
3387,17,45435,1.281208e-05,3.752674e-03,1.208847e-02,0.000000e+00,0.000000e+00
3388,16,45451,2.334267e-06,3.725837e-03,1.553827e-02,0.000000e+00,0.000000e+00
3389,12,45463,2.792483e-06,3.911603e-03,1.128648e-02,0.000000e+00,0.000000e+00
3390,13,45476,3.932268e-05,3.820873e-03,1.033837e-02,0.000000e+00,0.000000e+00
3391,14,45490,8.102760e-05,3.913981e-03,1.259771e-02,0.000000e+00,0.000000e+00
3392,13,45503,3.183047e-05,4.185445e-03,1.695508e-02,0.000000e+00,0.000000e+00
3393,11,45514,2.773944e-05,3.953639e-03,1.152749e-02,0.000000e+00,0.000000e+00
3394,11,45525,5.444863e-05,3.994939e-03,1.307495e-02,0.000000e+00,0.000000e+00
3395,12,45537,5.886166e-05,4.345782e-03,1.198365e-02,0.000000e+00,0.000000e+00
3396,14,45551,2.824391e-05,4.147254e-03,1.177826e-02,0.000000e+00,0.000000e+00
3397,13,45564,4.565343e-05,4.135297e-03,1.223095e-02,0.000000e+00,0.000000e+00
3398,11,45575,6.256698e-06,4.168919e-03,1.211095e-02,0.000000e+00,0.000000e+00
3399,11,45586,8.420273e-05,4.091037e-03,1.260371e-02,0.000000e+00,0.000000e+00
3400,12,45598,1.331947e-05,3.947417e-03,1.115436e-02,0.000000e+00,0.000000e+00
3401,16,45614,1.281807e-05,4.133297e-03,1.287975e-02,0.000000e+00,0.000000e+00
3402,12,45626,1.296682e-05,4.010632e-03,1.145932e-02,0.000000e+00,0.000000e+00
3403,13,45639,1.402599e-05,3.601246e-03,1.249129e-02,0.000000e+00,0.000000e+00
3404,11,45650,2.031988e-06,3.854434e-03,1.090837e-02,0.000000e+00,0.000000e+00
3405,13,45663,3.559337e-05,4.080459e-03,1.246634e-02,0.000000e+00,0.000000e+00
3406,14,45677,7.385087e-05,3.914140e-03,1.260352e-02,0.000000e+00,0.000000e+00
3407,13,45690,9.133387e-05,3.797268e-03,1.164493e-02,0.000000e+00,0.000000e+00
HIST {'total_samples': 3972604, 'floor_samples': 33, 'floor_fraction': 8.306893916433654e-06, 'saturation_depth': 4.6566128730773926e-09, 'boundaries': 3408, 'capped_boundaries': 0, 'unfinished_worlds': 0}
3408,19,45709,8.475811e-05,3.751282e-03,1.018965e-02,0.000000e+00,0.000000e+00
3409,13,45722,5.172332e-06,3.609756e-03,1.469860e-02,0.000000e+00,0.000000e+00
3410,11,45733,8.473411e-06,3.999192e-03,1.253100e-02,0.000000e+00,0.000000e+00
3411,17,45750,1.891644e-06,4.133001e-03,1.193699e-02,0.000000e+00,0.000000e+00
3412,20,45770,4.645502e-05,4.020275e-03,1.236327e-02,0.000000e+00,0.000000e+00
3413,9,45779,3.045425e-05,3.929504e-03,1.102319e-02,0.000000e+00,0.000000e+00
3414,19,45798,5.753140e-05,4.300916e-03,1.512038e-02,0.000000e+00,0.000000e+00
3415,17,45815,2.082487e-05,4.104844e-03,1.118947e-02,0.000000e+00,0.000000e+00
3416,13,45828,9.499361e-05,3.936539e-03,1.162471e-02,0.000000e+00,0.000000e+00
3417,11,45839,6.191924e-05,4.089055e-03,1.321284e-02,0.000000e+00,0.000000e+00
3418,12,45851,2.412955e-05,3.866950e-03,1.078387e-02,0.000000e+00,0.000000e+00
3419,11,45862,6.844943e-05,3.963980e-03,1.271533e-02,0.000000e+00,0.000000e+00
3420,18,45880,3.941864e-05,4.093349e-03,1.398331e-02,0.000000e+00,0.000000e+00
3421,11,45891,8.054659e-05,3.799345e-03,1.073964e-02,0.000000e+00,0.000000e+00
3422,16,45907,1.664454e-04,4.205094e-03,1.359362e-02,0.000000e+00,0.000000e+00
3423,12,45919,2.741348e-05,3.971895e-03,1.197900e-02,0.000000e+00,0.000000e+00
3424,17,45936,5.913898e-05,4.122948e-03,1.116981e-02,0.000000e+00,0.000000e+00
3425,12,45948,7.003639e-05,3.840671e-03,1.152475e-02,0.000000e+00,0.000000e+00
3426,12,45960,4.958817e-05,4.124529e-03,1.367640e-02,0.000000e+00,0.000000e+00
3427,14,45974,4.423782e-07,4.208546e-03,1.173955e-02,0.000000e+00,0.000000e+00
3428,15,45989,8.123152e-05,4.387592e-03,1.282596e-02,0.000000e+00,0.000000e+00
3429,18,46007,6.193603e-05,3.964507e-03,1.042178e-02,0.000000e+00,0.000000e+00
3430,12,46019,5.561858e-05,4.087362e-03,1.445557e-02,0.000000e+00,0.000000e+00
3431,11,46030,5.102760e-06,3.834298e-03,1.143851e-02,0.000000e+00,0.000000e+00
3432,13,46043,1.876050e-06,4.139586e-03,1.340442e-02,0.000000e+00,0.000000e+00
3433,14,46057,1.703283e-04,4.115250e-03,1.000000e-02,0.000000e+00,0.000000e+00
3434,11,46068,3.495642e-05,4.101309e-03,1.333721e-02,0.000000e+00,0.000000e+00
3435,10,46078,5.105638e-05,3.972673e-03,1.142796e-02,0.000000e+00,0.000000e+00
3436,11,46089,1.916498e-04,4.152183e-03,1.341086e-02,0.000000e+00,0.000000e+00
3437,10,46099,4.774091e-06,3.616268e-03,1.084796e-02,0.000000e+00,0.000000e+00
3438,17,46116,1.149140e-06,4.153924e-03,1.648472e-02,0.000000e+00,0.000000e+00
3439,11,46127,1.578053e-04,4.058080e-03,1.132217e-02,0.000000e+00,0.000000e+00
3440,10,46137,6.265095e-06,4.078799e-03,1.231138e-02,0.000000e+00,0.000000e+00
3441,11,46148,4.966254e-05,3.888750e-03,1.257559e-02,0.000000e+00,0.000000e+00
3442,12,46160,5.226310e-06,4.042919e-03,1.243590e-02,0.000000e+00,0.000000e+00
3443,10,46170,8.335337e-07,4.123971e-03,1.156071e-02,0.000000e+00,0.000000e+00
3444,12,46182,1.345622e-05,4.199994e-03,1.332188e-02,0.000000e+00,0.000000e+00
3445,12,46194,8.976011e-06,4.092816e-03,1.187643e-02,0.000000e+00,0.000000e+00
3446,12,46206,9.071972e-06,3.888022e-03,1.347518e-02,0.000000e+00,0.000000e+00
3447,14,46220,9.130749e-06,4.111651e-03,1.052317e-02,0.000000e+00,0.000000e+00
3448,16,46236,4.652220e-05,4.146525e-03,1.215303e-02,0.000000e+00,0.000000e+00
3449,12,46248,1.586534e-04,4.063731e-03,1.070350e-02,0.000000e+00,0.000000e+00
3450,14,46262,4.524365e-05,4.088489e-03,1.317690e-02,0.000000e+00,0.000000e+00
3451,14,46276,4.558178e-05,4.199112e-03,1.206453e-02,0.000000e+00,0.000000e+00
3452,15,46291,9.437826e-06,4.178818e-03,1.057580e-02,0.000000e+00,0.000000e+00
3453,21,46312,1.018009e-04,4.084437e-03,1.089000e-02,0.000000e+00,0.000000e+00
3454,16,46328,4.009344e-05,3.797327e-03,1.089000e-02,0.000000e+00,0.000000e+00
3455,12,46340,1.289245e-05,3.768574e-03,1.089000e-02,0.000000e+00,0.000000e+00
HIST {'total_samples': 4030491, 'floor_samples': 35, 'floor_fraction': 8.68380552146128e-06, 'saturation_depth': 4.6566128730773926e-09, 'boundaries': 3456, 'capped_boundaries': 0, 'unfinished_worlds': 0}
3456,13,46353,1.621919e-04,4.253117e-03,1.049977e-02,0.000000e+00,0.000000e+00
3457,15,46368,2.355858e-06,4.121376e-03,1.259089e-02,0.000000e+00,0.000000e+00
3458,11,46379,3.804998e-05,4.267600e-03,1.335891e-02,0.000000e+00,0.000000e+00
3459,16,46395,7.916235e-05,4.206978e-03,1.165388e-02,0.000000e+00,0.000000e+00
3460,12,46407,9.059977e-06,4.347275e-03,1.258487e-02,0.000000e+00,0.000000e+00
3461,11,46418,1.463573e-05,3.940040e-03,1.010310e-02,0.000000e+00,0.000000e+00
3462,14,46432,3.965015e-05,4.097847e-03,1.278432e-02,0.000000e+00,0.000000e+00
3463,12,46444,1.950900e-05,4.301449e-03,1.137696e-02,0.000000e+00,0.000000e+00
3464,15,46459,4.713635e-05,4.072582e-03,1.258249e-02,0.000000e+00,0.000000e+00
3465,15,46474,2.700960e-05,3.874569e-03,1.053679e-02,0.000000e+00,0.000000e+00
3466,12,46486,1.090892e-04,4.002832e-03,1.301441e-02,0.000000e+00,0.000000e+00
3467,12,46498,3.105961e-05,4.298917e-03,1.179917e-02,0.000000e+00,0.000000e+00
3468,12,46510,4.646102e-05,4.173310e-03,1.215515e-02,0.000000e+00,0.000000e+00
3469,12,46522,1.711716e-06,4.186288e-03,1.188243e-02,0.000000e+00,0.000000e+00
3470,12,46534,5.010276e-05,4.141765e-03,1.317690e-02,0.000000e+00,0.000000e+00
3471,14,46548,4.319353e-05,3.969920e-03,1.110978e-02,0.000000e+00,0.000000e+00
3472,13,46561,1.711771e-05,4.276912e-03,1.324377e-02,0.000000e+00,0.000000e+00
3473,11,46572,1.450952e-04,4.020015e-03,1.032813e-02,0.000000e+00,0.000000e+00
3474,10,46582,4.314675e-05,4.154879e-03,1.343659e-02,0.000000e+00,0.000000e+00
3475,12,46594,2.214314e-06,4.125328e-03,1.068349e-02,0.000000e+00,0.000000e+00
3476,14,46608,4.572092e-05,3.739535e-03,1.200699e-02,0.000000e+00,0.000000e+00
3477,12,46620,9.020153e-05,4.305963e-03,1.633867e-02,0.000000e+00,0.000000e+00
3478,15,46635,8.697483e-05,3.928258e-03,1.399258e-02,0.000000e+00,0.000000e+00
3479,16,46651,1.989165e-05,3.887072e-03,1.000000e-02,0.000000e+00,0.000000e+00
3480,15,46666,8.484349e-05,4.114450e-03,1.253535e-02,0.000000e+00,0.000000e+00
3481,15,46681,5.354179e-05,4.056683e-03,1.137558e-02,0.000000e+00,0.000000e+00
3482,17,46698,1.132488e-05,4.043197e-03,1.225877e-02,0.000000e+00,0.000000e+00
3483,16,46714,9.148742e-06,4.059885e-03,1.192557e-02,0.000000e+00,0.000000e+00
3484,17,46731,2.091124e-05,4.087390e-03,1.098076e-02,0.000000e+00,0.000000e+00
3485,16,46747,2.062695e-05,4.052173e-03,1.233173e-02,0.000000e+00,0.000000e+00
3486,12,46759,5.851034e-05,4.325551e-03,1.287975e-02,0.000000e+00,0.000000e+00
3487,13,46772,4.599081e-05,4.293419e-03,1.109013e-02,0.000000e+00,0.000000e+00
3488,12,46784,1.345502e-05,4.124177e-03,1.287975e-02,0.000000e+00,0.000000e+00
3489,13,46797,1.631947e-05,4.146603e-03,1.217796e-02,0.000000e+00,0.000000e+00
3490,10,46807,1.386646e-06,4.171799e-03,1.034936e-02,0.000000e+00,0.000000e+00
3491,14,46821,7.869813e-05,4.261916e-03,1.198384e-02,0.000000e+00,0.000000e+00
3492,11,46832,1.405366e-05,4.371669e-03,1.524335e-02,0.000000e+00,0.000000e+00
3493,15,46847,1.205131e-05,4.334340e-03,1.222197e-02,0.000000e+00,0.000000e+00
3494,15,46862,7.357448e-07,4.047674e-03,1.472598e-02,0.000000e+00,0.000000e+00
3495,21,46883,2.035826e-05,4.021015e-03,1.000000e-02,0.000000e+00,0.000000e+00
3496,13,46896,1.507811e-05,4.120159e-03,1.382836e-02,0.000000e+00,0.000000e+00
3497,22,46918,9.010797e-06,4.159428e-03,1.384500e-02,0.000000e+00,0.000000e+00
3498,14,46932,2.346262e-05,4.370078e-03,1.287975e-02,0.000000e+00,0.000000e+00
3499,14,46946,3.141784e-05,4.043200e-03,1.287975e-02,0.000000e+00,0.000000e+00
3500,15,46961,4.856858e-06,4.225460e-03,1.107428e-02,0.000000e+00,0.000000e+00
3501,16,46977,1.944422e-06,4.066925e-03,1.309756e-02,0.000000e+00,0.000000e+00
3502,14,46991,1.561642e-04,4.429575e-03,1.183449e-02,0.000000e+00,0.000000e+00
3503,14,47005,1.077829e-04,4.114888e-03,1.151769e-02,0.000000e+00,0.000000e+00
HIST {'total_samples': 4087274, 'floor_samples': 36, 'floor_fraction': 8.80782643884408e-06, 'saturation_depth': 4.6566128730773926e-09, 'boundaries': 3504, 'capped_boundaries': 0, 'unfinished_worlds': 0}
3504,16,47021,3.529713e-06,4.074630e-03,1.196009e-02,0.000000e+00,0.000000e+00
3505,13,47034,3.532588e-05,4.123020e-03,1.127307e-02,0.000000e+00,0.000000e+00
3506,12,47046,5.125551e-06,4.251367e-03,1.511025e-02,0.000000e+00,0.000000e+00
3507,11,47057,1.116656e-05,4.176548e-03,1.149448e-02,0.000000e+00,0.000000e+00
3508,16,47073,4.234307e-05,3.948910e-03,1.296200e-02,0.000000e+00,0.000000e+00
3509,13,47086,1.933627e-06,4.235405e-03,1.484222e-02,0.000000e+00,0.000000e+00
3510,14,47100,4.905798e-05,4.485041e-03,1.238820e-02,0.000000e+00,0.000000e+00
3511,11,47111,1.689885e-05,4.141635e-03,1.186757e-02,0.000000e+00,0.000000e+00
3512,11,47122,4.870293e-05,4.375791e-03,1.556850e-02,0.000000e+00,0.000000e+00
3513,13,47135,8.978290e-05,4.196661e-03,1.000000e-02,0.000000e+00,0.000000e+00
3514,13,47148,2.599321e-05,3.865545e-03,1.053971e-02,0.000000e+00,0.000000e+00
3515,15,47163,7.476730e-05,4.248908e-03,1.046589e-02,0.000000e+00,0.000000e+00
3516,11,47174,4.279893e-05,4.489253e-03,1.334941e-02,0.000000e+00,0.000000e+00
3517,13,47187,9.440226e-06,4.244014e-03,1.004213e-02,0.000000e+00,0.000000e+00
3518,15,47202,9.689965e-05,4.465484e-03,1.480683e-02,0.000000e+00,0.000000e+00
3519,12,47214,5.687646e-05,3.918882e-03,1.170492e-02,0.000000e+00,0.000000e+00
3520,12,47226,4.464760e-05,4.196065e-03,1.162351e-02,0.000000e+00,0.000000e+00
3521,13,47239,1.194123e-05,3.901811e-03,1.170943e-02,0.000000e+00,0.000000e+00
3522,14,47253,7.071067e-05,3.994890e-03,1.203364e-02,0.000000e+00,0.000000e+00
3523,15,47268,6.043783e-05,3.851915e-03,9.897697e-03,0.000000e+00,0.000000e+00
3524,12,47280,8.445822e-06,3.963080e-03,1.167845e-02,0.000000e+00,0.000000e+00
3525,18,47298,9.592564e-06,3.880865e-03,1.325060e-02,0.000000e+00,0.000000e+00
3526,12,47310,8.943863e-05,3.948979e-03,1.189324e-02,0.000000e+00,0.000000e+00
3527,14,47324,4.499641e-05,4.064388e-03,1.092624e-02,0.000000e+00,0.000000e+00
3528,20,47344,8.611357e-05,4.336534e-03,1.342885e-02,0.000000e+00,0.000000e+00
3529,13,47357,2.337620e-06,4.210882e-03,1.122005e-02,0.000000e+00,0.000000e+00
3530,13,47370,2.088113e-04,4.300985e-03,1.382089e-02,0.000000e+00,0.000000e+00
3531,13,47383,1.580368e-05,4.065230e-03,1.397011e-02,0.000000e+00,0.000000e+00
3532,11,47394,2.026949e-05,4.345216e-03,1.511086e-02,0.000000e+00,0.000000e+00
3533,17,47411,2.301400e-05,4.227059e-03,1.146638e-02,0.000000e+00,0.000000e+00
3534,12,47423,6.227910e-06,4.409591e-03,1.178716e-02,0.000000e+00,0.000000e+00
3535,13,47436,5.680329e-05,4.272192e-03,1.528149e-02,0.000000e+00,0.000000e+00
3536,15,47451,1.905582e-04,4.314318e-03,1.455238e-02,0.000000e+00,0.000000e+00
3537,11,47462,1.078006e-05,4.275146e-03,1.413571e-02,0.000000e+00,0.000000e+00
3538,15,47477,2.768133e-05,4.476478e-03,1.099089e-02,0.000000e+00,0.000000e+00
3539,12,47489,4.140984e-05,4.044450e-03,1.254117e-02,0.000000e+00,0.000000e+00
3540,12,47501,1.257949e-04,3.973286e-03,1.262474e-02,0.000000e+00,0.000000e+00
3541,13,47514,6.366814e-05,4.111281e-03,1.343455e-02,0.000000e+00,0.000000e+00
3542,15,47529,2.630548e-05,4.393973e-03,1.268373e-02,0.000000e+00,0.000000e+00
3543,12,47541,1.619570e-05,4.050365e-03,1.317850e-02,0.000000e+00,0.000000e+00
3544,10,47551,2.438625e-05,4.001095e-03,1.449459e-02,0.000000e+00,0.000000e+00
3545,11,47562,4.084607e-05,4.137307e-03,1.095795e-02,0.000000e+00,0.000000e+00
3546,13,47575,3.497116e-06,4.093996e-03,1.234056e-02,0.000000e+00,0.000000e+00
3547,13,47588,2.737545e-05,4.184955e-03,1.214927e-02,0.000000e+00,0.000000e+00
3548,11,47599,3.903639e-05,4.123249e-03,1.277837e-02,0.000000e+00,0.000000e+00
3549,15,47614,5.936186e-05,4.021214e-03,1.078986e-02,0.000000e+00,0.000000e+00
3550,11,47625,1.620792e-05,4.120429e-03,1.090620e-02,0.000000e+00,0.000000e+00
3551,14,47639,3.037186e-05,4.304511e-03,1.124958e-02,0.000000e+00,0.000000e+00
HIST {'total_samples': 4143278, 'floor_samples': 36, 'floor_fraction': 8.688772512971614e-06, 'saturation_depth': 4.6566128730773926e-09, 'boundaries': 3552, 'capped_boundaries': 0, 'unfinished_worlds': 0}
3552,14,47653,5.929229e-06,4.005951e-03,1.234686e-02,0.000000e+00,0.000000e+00
3553,13,47666,2.343383e-05,3.927023e-03,1.570211e-02,0.000000e+00,0.000000e+00
3554,13,47679,6.367774e-05,4.426792e-03,1.252907e-02,0.000000e+00,0.000000e+00
3555,11,47690,2.366414e-05,4.072936e-03,1.190962e-02,0.000000e+00,0.000000e+00
3556,12,47702,8.427830e-06,4.367842e-03,1.088686e-02,0.000000e+00,0.000000e+00
3557,10,47712,1.585111e-05,4.334285e-03,1.287075e-02,0.000000e+00,0.000000e+00
3558,12,47724,2.016634e-05,3.957123e-03,1.209104e-02,0.000000e+00,0.000000e+00
3559,12,47736,9.491804e-06,4.167900e-03,1.034315e-02,0.000000e+00,0.000000e+00
3560,12,47748,4.084127e-05,4.119164e-03,1.227654e-02,0.000000e+00,0.000000e+00
3561,10,47758,1.895002e-05,4.071703e-03,1.086787e-02,0.000000e+00,0.000000e+00
3562,12,47770,9.507398e-06,4.118393e-03,1.407021e-02,0.000000e+00,0.000000e+00
3563,14,47784,5.604159e-06,4.076998e-03,1.093412e-02,0.000000e+00,0.000000e+00
3564,13,47797,3.370412e-05,4.110567e-03,1.546405e-02,0.000000e+00,0.000000e+00
3565,18,47815,8.412716e-05,3.959787e-03,1.441056e-02,0.000000e+00,0.000000e+00
3566,12,47827,2.738385e-05,3.941556e-03,1.365521e-02,0.000000e+00,0.000000e+00
3567,13,47840,5.979369e-05,4.278690e-03,1.171989e-02,0.000000e+00,0.000000e+00
3568,12,47852,6.969933e-05,4.239171e-03,1.141807e-02,0.000000e+00,0.000000e+00
3569,12,47864,8.065335e-05,4.213242e-03,1.083089e-02,0.000000e+00,0.000000e+00
3570,13,47877,9.837026e-05,4.096057e-03,1.411988e-02,0.000000e+00,0.000000e+00
3571,12,47889,1.550500e-05,4.164729e-03,1.287975e-02,0.000000e+00,0.000000e+00
3572,10,47899,3.824431e-05,4.394040e-03,1.264100e-02,0.000000e+00,0.000000e+00
3573,13,47912,2.375890e-05,4.157898e-03,1.221895e-02,0.000000e+00,0.000000e+00
3574,13,47925,4.437266e-05,4.335674e-03,1.112492e-02,0.000000e+00,0.000000e+00
3575,12,47937,2.616551e-05,4.238461e-03,1.064825e-02,0.000000e+00,0.000000e+00
3576,12,47949,2.650100e-05,4.121108e-03,1.272643e-02,0.000000e+00,0.000000e+00
3577,14,47963,8.400240e-06,4.023793e-03,1.249820e-02,0.000000e+00,0.000000e+00
3578,13,47976,8.556179e-06,4.380918e-03,1.195663e-02,0.000000e+00,0.000000e+00
3579,15,47991,2.734906e-05,4.094765e-03,1.322098e-02,0.000000e+00,0.000000e+00
3580,15,48006,1.381464e-04,4.460636e-03,1.315979e-02,0.000000e+00,0.000000e+00
3581,21,48027,4.130188e-05,4.051865e-03,1.286835e-02,0.000000e+00,0.000000e+00
3582,14,48041,5.121952e-05,4.241660e-03,1.171007e-02,0.000000e+00,0.000000e+00
3583,13,48054,2.000080e-05,4.006929e-03,1.158494e-02,0.000000e+00,0.000000e+00
3584,17,48071,3.017033e-05,4.294140e-03,1.886482e-02,0.000000e+00,0.000000e+00
3585,13,48084,1.949940e-05,4.467298e-03,1.534980e-02,0.000000e+00,0.000000e+00
3586,12,48096,5.253899e-05,4.188548e-03,1.317690e-02,0.000000e+00,0.000000e+00
3587,13,48109,3.337545e-05,3.979112e-03,1.026469e-02,0.000000e+00,0.000000e+00
3588,10,48119,3.457018e-05,4.311207e-03,1.255420e-02,0.000000e+00,0.000000e+00
3589,11,48130,5.451497e-05,4.080341e-03,1.399955e-02,0.000000e+00,0.000000e+00
3590,12,48142,1.572091e-05,4.539217e-03,1.168059e-02,0.000000e+00,0.000000e+00
3591,11,48153,5.235427e-05,4.190490e-03,1.370723e-02,0.000000e+00,0.000000e+00
3592,10,48163,4.316680e-05,4.288320e-03,1.556595e-02,0.000000e+00,0.000000e+00
3593,13,48176,6.777700e-05,4.101628e-03,1.237301e-02,0.000000e+00,0.000000e+00
3594,12,48188,1.369348e-04,4.344940e-03,1.331891e-02,0.000000e+00,0.000000e+00
3595,12,48200,3.110956e-05,4.290324e-03,1.551332e-02,0.000000e+00,0.000000e+00
3596,14,48214,3.075570e-05,4.410525e-03,1.403149e-02,0.000000e+00,0.000000e+00
3597,16,48230,3.958121e-07,4.210827e-03,1.366679e-02,0.000000e+00,0.000000e+00
3598,13,48243,5.572972e-06,4.257166e-03,1.192038e-02,0.000000e+00,0.000000e+00
3599,13,48256,3.770452e-05,4.130504e-03,1.092520e-02,0.000000e+00,0.000000e+00
HIST {'total_samples': 4199353, 'floor_samples': 37, 'floor_fraction': 8.810881104779712e-06, 'saturation_depth': 4.6566128730773926e-09, 'boundaries': 3600, 'capped_boundaries': 0, 'unfinished_worlds': 0}
3600,13,48269,4.513075e-05,4.257399e-03,1.317690e-02,0.000000e+00,0.000000e+00
3601,13,48282,5.607758e-06,4.251657e-03,1.306553e-02,0.000000e+00,0.000000e+00
3602,11,48293,3.088885e-05,4.186465e-03,1.352299e-02,0.000000e+00,0.000000e+00
3603,11,48304,4.362416e-05,4.125027e-03,1.051182e-02,0.000000e+00,0.000000e+00
3604,11,48315,3.297721e-05,4.288645e-03,1.289982e-02,0.000000e+00,0.000000e+00
3605,12,48327,1.441687e-05,4.068973e-03,1.355548e-02,0.000000e+00,0.000000e+00
3606,13,48340,3.708077e-05,4.405435e-03,1.317690e-02,0.000000e+00,0.000000e+00
3607,14,48354,4.063975e-05,4.050039e-03,1.223561e-02,0.000000e+00,0.000000e+00
3608,15,48369,1.273651e-05,4.010615e-03,1.803507e-02,0.000000e+00,0.000000e+00
3609,20,48389,2.067536e-06,3.864596e-03,1.096067e-02,0.000000e+00,0.000000e+00
3610,18,48407,1.075790e-04,3.893203e-03,1.317690e-02,0.000000e+00,0.000000e+00
3611,16,48423,2.379369e-05,4.167378e-03,1.272792e-02,0.000000e+00,0.000000e+00
3612,18,48441,2.515037e-05,4.091609e-03,1.287975e-02,0.000000e+00,0.000000e+00
3613,14,48455,1.772493e-04,4.229273e-03,1.129368e-02,0.000000e+00,0.000000e+00
3614,13,48468,4.843663e-06,3.704230e-03,1.000000e-02,0.000000e+00,0.000000e+00
3615,16,48484,3.022551e-05,4.096037e-03,1.338896e-02,0.000000e+00,0.000000e+00
3616,14,48498,1.288285e-06,4.275417e-03,1.089000e-02,0.000000e+00,0.000000e+00
3617,14,48512,7.607718e-05,3.923578e-03,9.532941e-03,0.000000e+00,0.000000e+00
3618,11,48523,7.604479e-05,4.125349e-03,1.183356e-02,0.000000e+00,0.000000e+00
3619,13,48536,8.598162e-06,4.114432e-03,1.089000e-02,0.000000e+00,0.000000e+00
3620,11,48547,1.909157e-05,4.334919e-03,1.151422e-02,0.000000e+00,0.000000e+00
3621,10,48557,6.487725e-05,4.131652e-03,1.156781e-02,0.000000e+00,0.000000e+00
3622,9,48566,1.643343e-05,4.216440e-03,1.264515e-02,0.000000e+00,0.000000e+00
3623,12,48578,4.835027e-05,3.832708e-03,1.162014e-02,0.000000e+00,0.000000e+00
3624,9,48587,2.235426e-05,3.986191e-03,1.287975e-02,0.000000e+00,0.000000e+00
3625,13,48600,8.337267e-05,4.081334e-03,1.212337e-02,0.000000e+00,0.000000e+00
3626,13,48613,2.211796e-05,4.293366e-03,1.342226e-02,0.000000e+00,0.000000e+00
3627,21,48634,1.239464e-05,3.932357e-03,1.269965e-02,0.000000e+00,0.000000e+00
3628,15,48649,4.333444e-05,4.214183e-03,1.185413e-02,0.000000e+00,0.000000e+00
3629,13,48662,8.295762e-05,4.054232e-03,1.178592e-02,0.000000e+00,0.000000e+00
3630,11,48673,3.772788e-05,4.114837e-03,1.073290e-02,0.000000e+00,0.000000e+00
3631,15,48688,1.590564e-06,4.266433e-03,1.063652e-02,0.000000e+00,0.000000e+00
3632,14,48702,2.323351e-05,4.214785e-03,1.265667e-02,0.000000e+00,0.000000e+00
3633,12,48714,2.666377e-05,4.223815e-03,1.083367e-02,0.000000e+00,0.000000e+00
3634,14,48728,1.540904e-05,4.232298e-03,1.317524e-02,0.000000e+00,0.000000e+00
3635,13,48741,9.025311e-05,4.135323e-03,1.450839e-02,0.000000e+00,0.000000e+00
3636,14,48755,2.623831e-05,3.819805e-03,1.127735e-02,0.000000e+00,0.000000e+00
3637,11,48766,1.374632e-05,3.938618e-03,1.324948e-02,0.000000e+00,0.000000e+00
3638,11,48777,1.939984e-05,4.057054e-03,1.381002e-02,0.000000e+00,0.000000e+00
3639,11,48788,9.308278e-06,4.243359e-03,1.067003e-02,0.000000e+00,0.000000e+00
3640,13,48801,9.764095e-07,4.135244e-03,1.275499e-02,0.000000e+00,0.000000e+00
3641,13,48814,1.898121e-05,4.037058e-03,1.277824e-02,0.000000e+00,0.000000e+00
3642,14,48828,1.568733e-05,4.177680e-03,1.219964e-02,0.000000e+00,0.000000e+00
3643,13,48841,2.295882e-05,4.253224e-03,1.221545e-02,0.000000e+00,0.000000e+00
3644,11,48852,4.286412e-05,4.382528e-03,1.264379e-02,0.000000e+00,0.000000e+00
3645,12,48864,8.378650e-06,4.119664e-03,1.399200e-02,0.000000e+00,0.000000e+00
3646,13,48877,4.202593e-05,4.236545e-03,1.265435e-02,0.000000e+00,0.000000e+00
3647,17,48894,2.895948e-05,4.141180e-03,1.055628e-02,0.000000e+00,0.000000e+00
HIST {'total_samples': 4256275, 'floor_samples': 38, 'floor_fraction': 8.927994549224381e-06, 'saturation_depth': 4.6566128730773926e-09, 'boundaries': 3648, 'capped_boundaries': 0, 'unfinished_worlds': 0}
3648,12,48906,1.401040e-06,4.160102e-03,1.211045e-02,0.000000e+00,0.000000e+00
3649,14,48920,4.807918e-05,4.115615e-03,1.089121e-02,0.000000e+00,0.000000e+00
3650,12,48932,6.488206e-05,4.297264e-03,1.311358e-02,0.000000e+00,0.000000e+00
3651,11,48943,5.127590e-05,4.295114e-03,1.226160e-02,0.000000e+00,0.000000e+00
3652,14,48957,2.694316e-05,4.335773e-03,1.320037e-02,0.000000e+00,0.000000e+00
3653,16,48973,5.443424e-06,4.182599e-03,1.204413e-02,0.000000e+00,0.000000e+00
3654,12,48985,4.397441e-06,4.255666e-03,1.289333e-02,0.000000e+00,0.000000e+00
3655,13,48998,1.227109e-05,4.089996e-03,1.317690e-02,0.000000e+00,0.000000e+00
3656,12,49010,4.375011e-05,4.287469e-03,1.263361e-02,0.000000e+00,0.000000e+00
3657,18,49028,8.162736e-05,4.219211e-03,1.095424e-02,0.000000e+00,0.000000e+00
3658,11,49039,1.963495e-05,4.090936e-03,1.292563e-02,0.000000e+00,0.000000e+00
3659,12,49051,7.112976e-05,4.036829e-03,1.263639e-02,0.000000e+00,0.000000e+00
3660,12,49063,2.663895e-05,4.161960e-03,1.089000e-02,0.000000e+00,0.000000e+00
3661,16,49079,6.184966e-05,4.076763e-03,1.089000e-02,0.000000e+00,0.000000e+00
3662,13,49092,6.408077e-05,4.085475e-03,1.091786e-02,0.000000e+00,0.000000e+00
3663,12,49104,7.136906e-05,3.986018e-03,1.038838e-02,0.000000e+00,0.000000e+00
3664,14,49118,6.833579e-05,4.284197e-03,1.449459e-02,0.000000e+00,0.000000e+00
3665,11,49129,9.631189e-05,4.252485e-03,1.180351e-02,0.000000e+00,0.000000e+00
3666,15,49144,7.935787e-05,4.277301e-03,1.489895e-02,0.000000e+00,0.000000e+00
3667,14,49158,8.985127e-05,3.879957e-03,1.010622e-02,0.000000e+00,0.000000e+00
3668,12,49170,5.097482e-05,4.087249e-03,1.317690e-02,0.000000e+00,0.000000e+00
3669,16,49186,1.578329e-05,4.188223e-03,1.120737e-02,0.000000e+00,0.000000e+00
3670,13,49199,4.099721e-05,4.190292e-03,1.485142e-02,0.000000e+00,0.000000e+00
3671,12,49211,2.212395e-05,4.008494e-03,1.365797e-02,0.000000e+00,0.000000e+00
3672,14,49225,5.060777e-05,4.333619e-03,1.165678e-02,0.000000e+00,0.000000e+00
3673,13,49238,5.711636e-05,3.994477e-03,1.119572e-02,0.000000e+00,0.000000e+00
3674,11,49249,1.173851e-05,4.156773e-03,1.284490e-02,0.000000e+00,0.000000e+00
3675,13,49262,2.241544e-05,3.972331e-03,1.068320e-02,0.000000e+00,0.000000e+00
3676,12,49274,1.521100e-04,3.968353e-03,1.583190e-02,0.000000e+00,0.000000e+00
3677,17,49291,1.152046e-05,3.992859e-03,1.000000e-02,0.000000e+00,0.000000e+00
3678,13,49304,1.107808e-05,4.401825e-03,1.328290e-02,0.000000e+00,0.000000e+00
3679,15,49319,4.445422e-06,4.242272e-03,1.111814e-02,0.000000e+00,0.000000e+00
3680,13,49332,1.529388e-05,3.997864e-03,1.180734e-02,0.000000e+00,0.000000e+00
3681,10,49342,1.201535e-04,3.967384e-03,1.149647e-02,0.000000e+00,0.000000e+00
3682,12,49354,5.380328e-05,4.475538e-03,1.301157e-02,0.000000e+00,0.000000e+00
3683,11,49365,4.098751e-05,4.056134e-03,1.233330e-02,0.000000e+00,0.000000e+00
3684,17,49382,1.086853e-05,4.157592e-03,1.324854e-02,0.000000e+00,0.000000e+00
3685,11,49393,4.658937e-06,4.131316e-03,1.281577e-02,0.000000e+00,0.000000e+00
3686,19,49412,2.607397e-05,4.317312e-03,1.477541e-02,0.000000e+00,0.000000e+00
3687,11,49423,1.292363e-05,4.070079e-03,1.180038e-02,0.000000e+00,0.000000e+00
3688,11,49434,1.277009e-05,4.313726e-03,1.257576e-02,0.000000e+00,0.000000e+00
3689,14,49448,6.694163e-05,4.043392e-03,1.084624e-02,0.000000e+00,0.000000e+00
3690,11,49459,1.174570e-05,3.755918e-03,1.164049e-02,0.000000e+00,0.000000e+00
3691,13,49472,5.580168e-06,4.003059e-03,1.057908e-02,0.000000e+00,0.000000e+00
3692,13,49485,1.832987e-05,4.217556e-03,1.312718e-02,0.000000e+00,0.000000e+00
3693,17,49502,2.547901e-05,4.294340e-03,1.541851e-02,0.000000e+00,0.000000e+00
3694,14,49516,6.929971e-05,4.079832e-03,1.252979e-02,0.000000e+00,0.000000e+00
3695,14,49530,1.154898e-05,4.076763e-03,1.055224e-02,0.000000e+00,0.000000e+00
HIST {'total_samples': 4313181, 'floor_samples': 38, 'floor_fraction': 8.81020295693596e-06, 'saturation_depth': 4.6566128730773926e-09, 'boundaries': 3696, 'capped_boundaries': 0, 'unfinished_worlds': 0}
3696,15,49545,8.394243e-06,4.034694e-03,1.159886e-02,0.000000e+00,0.000000e+00
3697,15,49560,1.149260e-05,4.279372e-03,1.100316e-02,0.000000e+00,0.000000e+00
3698,16,49576,1.100056e-04,4.271361e-03,1.480459e-02,0.000000e+00,0.000000e+00
3699,19,49595,6.427988e-05,4.471458e-03,1.276731e-02,0.000000e+00,0.000000e+00
3700,12,49607,3.357458e-05,3.932233e-03,1.445018e-02,0.000000e+00,0.000000e+00
3701,13,49620,6.794203e-05,3.995954e-03,1.420804e-02,0.000000e+00,0.000000e+00
3702,12,49632,3.862195e-05,4.380726e-03,1.342731e-02,0.000000e+00,0.000000e+00
3703,13,49645,2.355858e-06,4.357433e-03,1.171132e-02,0.000000e+00,0.000000e+00
3704,14,49659,7.041730e-05,4.048197e-03,1.287975e-02,0.000000e+00,0.000000e+00
3705,17,49676,1.122895e-04,3.986056e-03,1.079376e-02,0.000000e+00,0.000000e+00
3706,14,49690,1.607509e-04,3.991390e-03,1.197900e-02,0.000000e+00,0.000000e+00
3707,15,49705,3.720634e-05,3.920433e-03,1.226653e-02,0.000000e+00,0.000000e+00
3708,12,49717,5.448221e-06,4.308661e-03,1.116574e-02,0.000000e+00,0.000000e+00
3709,11,49728,1.012635e-04,4.064912e-03,1.178661e-02,0.000000e+00,0.000000e+00
3710,12,49740,2.243103e-06,3.750626e-03,1.178049e-02,0.000000e+00,0.000000e+00
3711,11,49751,1.593803e-05,4.153287e-03,1.105610e-02,0.000000e+00,0.000000e+00
3712,16,49767,1.589244e-05,4.099890e-03,1.316584e-02,0.000000e+00,0.000000e+00
3713,15,49782,8.169562e-05,4.192243e-03,1.396455e-02,0.000000e+00,0.000000e+00
3714,11,49793,3.364774e-05,4.328359e-03,1.412242e-02,0.000000e+00,0.000000e+00
3715,17,49810,4.601360e-06,4.228137e-03,1.398055e-02,0.000000e+00,0.000000e+00
3716,15,49825,2.125550e-06,3.869439e-03,1.207794e-02,0.000000e+00,0.000000e+00
3717,10,49835,1.563575e-05,3.854967e-03,9.978260e-03,0.000000e+00,0.000000e+00
3718,16,49851,1.319472e-06,3.990815e-03,1.144745e-02,0.000000e+00,0.000000e+00
3719,14,49865,2.872011e-05,3.831047e-03,1.000000e-02,0.000000e+00,0.000000e+00
3720,11,49876,3.699441e-05,4.056221e-03,1.143685e-02,0.000000e+00,0.000000e+00
3721,10,49886,2.760440e-05,4.285236e-03,1.128037e-02,0.000000e+00,0.000000e+00
3722,14,49900,3.273971e-05,4.073307e-03,1.287975e-02,0.000000e+00,0.000000e+00
3723,13,49913,3.913417e-05,4.200801e-03,1.279914e-02,0.000000e+00,0.000000e+00
3724,12,49925,2.575370e-06,3.952040e-03,1.299162e-02,0.000000e+00,0.000000e+00
3725,10,49935,1.251747e-04,4.030107e-03,1.265915e-02,0.000000e+00,0.000000e+00
3726,10,49945,6.397162e-05,4.243967e-03,1.251061e-02,0.000000e+00,0.000000e+00
3727,14,49959,8.862056e-06,4.217239e-03,1.114586e-02,0.000000e+00,0.000000e+00
3728,14,49973,3.799330e-05,4.055379e-03,1.116861e-02,0.000000e+00,0.000000e+00
3729,12,49985,1.433559e-04,3.932897e-03,1.245661e-02,0.000000e+00,0.000000e+00
3730,12,49997,4.700081e-05,4.219070e-03,1.232841e-02,0.000000e+00,0.000000e+00
3731,14,50011,1.148321e-05,3.949739e-03,1.574688e-02,0.000000e+00,0.000000e+00
3732,13,50024,1.082197e-05,4.008814e-03,1.078404e-02,0.000000e+00,0.000000e+00
3733,13,50037,4.292466e-05,3.954257e-03,1.056931e-02,0.000000e+00,0.000000e+00
3734,12,50049,2.570332e-05,3.844279e-03,1.338812e-02,0.000000e+00,0.000000e+00
3735,14,50063,2.928029e-05,3.916019e-03,1.184644e-02,0.000000e+00,0.000000e+00
3736,11,50074,2.687797e-05,3.713258e-03,1.218286e-02,0.000000e+00,0.000000e+00
3737,11,50085,2.204358e-05,3.696640e-03,1.040221e-02,0.000000e+00,0.000000e+00
3738,15,50100,1.084366e-06,4.005175e-03,1.246162e-02,0.000000e+00,0.000000e+00
3739,16,50116,1.687725e-06,3.996815e-03,1.262734e-02,0.000000e+00,0.000000e+00
3740,15,50131,4.973931e-05,3.822946e-03,1.145961e-02,0.000000e+00,0.000000e+00
3741,12,50143,6.314755e-05,3.889701e-03,1.000000e-02,0.000000e+00,0.000000e+00
3742,12,50155,4.342384e-05,3.974966e-03,1.160823e-02,0.000000e+00,0.000000e+00
3743,15,50170,8.635347e-06,3.913645e-03,1.036352e-02,0.000000e+00,0.000000e+00
HIST {'total_samples': 4371251, 'floor_samples': 38, 'floor_fraction': 8.693163581775561e-06, 'saturation_depth': 4.6566128730773926e-09, 'boundaries': 3744, 'capped_boundaries': 0, 'unfinished_worlds': 0}
3744,12,50182,4.896802e-05,4.111839e-03,1.127960e-02,0.000000e+00,0.000000e+00
3745,13,50195,6.901100e-05,4.190664e-03,1.112923e-02,0.000000e+00,0.000000e+00
3746,16,50211,2.774876e-05,4.293318e-03,1.150867e-02,0.000000e+00,0.000000e+00
3747,10,50221,8.350940e-05,4.060887e-03,1.059847e-02,0.000000e+00,0.000000e+00
3748,12,50233,2.586886e-05,3.862758e-03,1.156538e-02,0.000000e+00,0.000000e+00
3749,12,50245,3.239424e-05,4.073483e-03,1.039280e-02,0.000000e+00,0.000000e+00
3750,12,50257,1.117005e-04,4.077318e-03,1.261827e-02,0.000000e+00,0.000000e+00
3751,13,50270,4.238985e-05,3.925948e-03,1.072780e-02,0.000000e+00,0.000000e+00
3752,13,50283,7.712076e-05,3.845521e-03,1.227862e-02,0.000000e+00,0.000000e+00
3753,12,50295,8.996576e-05,3.782768e-03,1.000000e-02,0.000000e+00,0.000000e+00
3754,11,50306,7.005678e-05,3.856787e-03,1.333962e-02,0.000000e+00,0.000000e+00
3755,14,50320,2.421439e-06,3.925486e-03,1.130494e-02,0.000000e+00,0.000000e+00
3756,11,50331,1.518353e-05,4.286995e-03,1.196531e-02,0.000000e+00,0.000000e+00
3757,13,50344,1.431908e-05,3.977092e-03,1.060068e-02,0.000000e+00,0.000000e+00
3758,14,50358,1.171332e-05,4.108725e-03,1.248552e-02,0.000000e+00,0.000000e+00
3759,14,50372,4.579289e-05,3.797839e-03,1.000000e-02,0.000000e+00,0.000000e+00
3760,13,50385,1.235506e-06,3.899569e-03,1.182510e-02,0.000000e+00,0.000000e+00
3761,15,50400,1.278725e-04,4.093947e-03,1.153289e-02,0.000000e+00,0.000000e+00
3762,12,50412,1.216194e-05,3.835201e-03,1.118543e-02,0.000000e+00,0.000000e+00
3763,15,50427,6.252980e-05,4.115231e-03,1.181171e-02,0.000000e+00,0.000000e+00
3764,12,50439,1.045418e-04,4.098538e-03,1.128471e-02,0.000000e+00,0.000000e+00
3765,14,50453,8.953220e-05,3.974399e-03,1.050372e-02,0.000000e+00,0.000000e+00
3766,12,50465,4.922832e-06,4.010349e-03,1.386958e-02,0.000000e+00,0.000000e+00
3767,10,50475,2.024790e-06,3.938157e-03,1.285877e-02,0.000000e+00,0.000000e+00
3768,12,50487,3.493723e-05,4.061590e-03,1.131457e-02,0.000000e+00,0.000000e+00
3769,13,50500,1.858897e-05,3.698667e-03,1.000000e-02,0.000000e+00,0.000000e+00
3770,13,50513,5.542144e-05,4.306718e-03,1.288541e-02,0.000000e+00,0.000000e+00
3771,15,50528,1.403631e-04,3.964501e-03,1.087354e-02,0.000000e+00,0.000000e+00
3772,13,50541,4.423782e-07,3.746475e-03,1.187471e-02,0.000000e+00,0.000000e+00
3773,13,50554,1.587925e-05,3.846822e-03,1.100928e-02,0.000000e+00,0.000000e+00
3774,14,50568,8.823672e-06,3.846040e-03,1.085203e-02,0.000000e+00,0.000000e+00
3775,12,50580,1.108274e-06,3.645237e-03,1.170359e-02,0.000000e+00,0.000000e+00
3776,13,50593,3.248421e-05,3.901964e-03,1.200577e-02,0.000000e+00,0.000000e+00
3777,18,50611,1.557637e-05,3.765554e-03,1.272723e-02,0.000000e+00,0.000000e+00
3778,15,50626,1.202337e-05,4.012712e-03,1.244393e-02,0.000000e+00,0.000000e+00
3779,14,50640,1.283363e-05,3.718732e-03,1.025140e-02,0.000000e+00,0.000000e+00
3780,13,50653,1.117587e-05,3.829834e-03,1.163733e-02,0.000000e+00,0.000000e+00
3781,11,50664,1.456098e-05,3.825548e-03,1.069047e-02,0.000000e+00,0.000000e+00
3782,10,50674,7.604720e-05,4.032638e-03,1.319055e-02,0.000000e+00,0.000000e+00
3783,15,50689,1.444668e-04,4.091078e-03,1.008172e-02,0.000000e+00,0.000000e+00
3784,11,50700,5.040384e-06,3.923119e-03,1.117229e-02,0.000000e+00,0.000000e+00
3785,14,50714,6.971492e-05,3.958440e-03,1.161506e-02,0.000000e+00,0.000000e+00
3786,13,50727,2.548261e-05,3.897127e-03,1.423788e-02,0.000000e+00,0.000000e+00
3787,15,50742,1.420267e-05,3.965109e-03,1.000000e-02,0.000000e+00,0.000000e+00
3788,11,50753,1.035186e-06,3.810885e-03,1.210161e-02,0.000000e+00,0.000000e+00
3789,12,50765,3.215554e-05,3.967449e-03,1.000000e-02,0.000000e+00,0.000000e+00
3790,11,50776,1.836993e-04,4.075332e-03,1.682112e-02,0.000000e+00,0.000000e+00
3791,10,50786,9.884047e-07,3.973567e-03,1.043623e-02,0.000000e+00,0.000000e+00
HIST {'total_samples': 4430224, 'floor_samples': 39, 'floor_fraction': 8.803166611891408e-06, 'saturation_depth': 4.6566128730773926e-09, 'boundaries': 3792, 'capped_boundaries': 0, 'unfinished_worlds': 0}
3792,11,50797,4.514755e-05,4.066914e-03,1.132823e-02,0.000000e+00,0.000000e+00
3793,11,50808,8.623712e-05,4.063966e-03,1.109606e-02,0.000000e+00,0.000000e+00
3794,13,50821,2.876090e-05,4.105104e-03,1.082243e-02,0.000000e+00,0.000000e+00
3795,14,50835,3.604439e-05,3.948633e-03,1.027020e-02,0.000000e+00,0.000000e+00
3796,15,50850,5.239025e-05,4.161712e-03,1.189291e-02,0.000000e+00,0.000000e+00
3797,12,50862,2.498001e-05,3.886992e-03,1.057269e-02,0.000000e+00,0.000000e+00
3798,12,50874,3.478369e-05,4.107510e-03,1.161054e-02,0.000000e+00,0.000000e+00
3799,12,50886,5.575251e-05,4.062534e-03,1.267689e-02,0.000000e+00,0.000000e+00
3800,13,50899,4.764495e-06,4.175054e-03,1.219820e-02,0.000000e+00,0.000000e+00
3801,15,50914,3.901560e-05,3.952201e-03,1.237985e-02,0.000000e+00,0.000000e+00
3802,13,50927,3.882967e-05,4.312755e-03,1.218729e-02,0.000000e+00,0.000000e+00
3803,13,50940,7.634947e-06,3.943058e-03,1.287975e-02,0.000000e+00,0.000000e+00
3804,12,50952,5.323471e-06,4.044269e-03,1.303155e-02,0.000000e+00,0.000000e+00
3805,13,50965,1.234546e-05,3.938988e-03,1.130131e-02,0.000000e+00,0.000000e+00
3806,15,50980,4.142523e-05,4.281427e-03,1.172917e-02,0.000000e+00,0.000000e+00
3807,16,50996,2.095562e-06,3.977085e-03,1.089000e-02,0.000000e+00,0.000000e+00
3808,12,51008,2.471264e-05,3.812359e-03,1.188849e-02,0.000000e+00,0.000000e+00
3809,16,51024,1.551100e-05,4.167967e-03,1.089521e-02,0.000000e+00,0.000000e+00
3810,11,51035,1.921512e-05,3.970965e-03,1.268093e-02,0.000000e+00,0.000000e+00
3811,12,51047,1.237185e-05,4.098237e-03,1.191631e-02,0.000000e+00,0.000000e+00
3812,14,51061,6.178729e-05,3.787464e-03,1.634788e-02,0.000000e+00,0.000000e+00
3813,13,51074,8.815275e-06,4.080179e-03,1.271734e-02,0.000000e+00,0.000000e+00
3814,16,51090,7.712282e-05,4.111283e-03,1.093427e-02,0.000000e+00,0.000000e+00
3815,11,51101,7.739305e-06,4.025594e-03,1.022033e-02,0.000000e+00,0.000000e+00
3816,12,51113,3.986992e-05,3.850886e-03,1.337989e-02,0.000000e+00,0.000000e+00
3817,12,51125,6.198641e-05,4.002103e-03,1.277691e-02,0.000000e+00,0.000000e+00
3818,12,51137,3.149941e-05,3.839682e-03,1.287810e-02,0.000000e+00,0.000000e+00
3819,15,51152,5.072772e-06,3.610094e-03,1.000000e-02,0.000000e+00,0.000000e+00
3820,19,51171,5.867214e-05,3.976880e-03,1.128290e-02,0.000000e+00,0.000000e+00
3821,12,51183,1.820736e-06,3.793292e-03,1.114979e-02,0.000000e+00,0.000000e+00
3822,17,51200,1.127832e-05,3.930531e-03,1.114686e-02,0.000000e+00,0.000000e+00
3823,15,51215,7.187766e-05,4.186396e-03,1.239067e-02,0.000000e+00,0.000000e+00
3824,13,51228,2.444862e-05,4.056070e-03,1.255739e-02,0.000000e+00,0.000000e+00
3825,13,51241,1.294352e-04,4.257119e-03,1.167972e-02,0.000000e+00,0.000000e+00
3826,16,51257,2.715737e-05,4.039762e-03,1.103099e-02,0.000000e+00,0.000000e+00
3827,17,51274,2.493443e-05,3.821236e-03,1.163479e-02,0.000000e+00,0.000000e+00
3828,13,51287,5.529789e-06,4.068658e-03,1.231301e-02,0.000000e+00,0.000000e+00
3829,16,51303,3.068708e-06,4.041624e-03,1.071238e-02,0.000000e+00,0.000000e+00
3830,11,51314,1.120436e-04,4.324066e-03,1.277757e-02,0.000000e+00,0.000000e+00
3831,12,51326,1.206994e-05,3.848493e-03,1.024657e-02,0.000000e+00,0.000000e+00
3832,18,51344,1.209716e-05,4.203082e-03,1.072763e-02,0.000000e+00,0.000000e+00
3833,17,51361,2.511311e-05,3.886398e-03,1.048629e-02,0.000000e+00,0.000000e+00
3834,12,51373,1.569812e-05,3.978061e-03,1.481936e-02,0.000000e+00,0.000000e+00
3835,13,51386,3.840384e-05,4.162496e-03,1.310613e-02,0.000000e+00,0.000000e+00
3836,11,51397,1.178289e-05,4.292419e-03,1.142949e-02,0.000000e+00,0.000000e+00
3837,11,51408,1.453339e-05,4.205199e-03,1.287975e-02,0.000000e+00,0.000000e+00
3838,12,51420,7.971190e-05,4.117775e-03,1.196629e-02,0.000000e+00,0.000000e+00
3839,14,51434,8.777971e-05,4.190451e-03,1.089000e-02,0.000000e+00,0.000000e+00
HIST {'total_samples': 4488327, 'floor_samples': 40, 'floor_fraction': 8.912006634097738e-06, 'saturation_depth': 4.6566128730773926e-09, 'boundaries': 3840, 'capped_boundaries': 0, 'unfinished_worlds': 0}
3840,10,51444,2.560976e-05,4.005050e-03,1.439783e-02,0.000000e+00,0.000000e+00
3841,15,51459,4.898841e-06,4.133544e-03,1.234748e-02,0.000000e+00,0.000000e+00
3842,14,51473,1.517993e-05,4.359132e-03,1.176367e-02,0.000000e+00,0.000000e+00
3843,12,51485,7.559857e-05,4.138950e-03,1.180778e-02,0.000000e+00,0.000000e+00
3844,14,51499,2.279089e-06,4.263667e-03,1.366523e-02,0.000000e+00,0.000000e+00
3845,13,51512,9.979121e-06,4.173470e-03,1.093454e-02,0.000000e+00,0.000000e+00
3846,13,51525,2.589077e-06,4.095390e-03,1.449459e-02,0.000000e+00,0.000000e+00
3847,12,51537,4.513675e-05,3.970894e-03,1.013468e-02,0.000000e+00,0.000000e+00
3848,12,51549,1.185366e-05,4.306502e-03,1.358104e-02,0.000000e+00,0.000000e+00
3849,14,51563,5.782048e-05,3.770510e-03,1.089000e-02,0.000000e+00,0.000000e+00
3850,21,51584,2.871412e-05,3.921325e-03,1.167862e-02,0.000000e+00,0.000000e+00
3851,17,51601,1.603737e-05,3.905597e-03,1.057503e-02,0.000000e+00,0.000000e+00
3852,13,51614,1.278329e-04,3.911535e-03,1.314823e-02,0.000000e+00,0.000000e+00
3853,17,51631,1.425855e-05,4.072093e-03,1.479191e-02,0.000000e+00,0.000000e+00
3854,15,51646,2.440424e-05,4.225414e-03,1.104879e-02,0.000000e+00,0.000000e+00
3855,15,51661,1.877729e-05,4.207047e-03,1.104546e-02,0.000000e+00,0.000000e+00
3856,11,51672,1.897881e-05,4.263541e-03,1.294245e-02,0.000000e+00,0.000000e+00
3857,13,51685,1.165934e-05,4.091923e-03,1.020135e-02,0.000000e+00,0.000000e+00
3858,13,51698,6.431468e-05,4.096813e-03,1.225807e-02,0.000000e+00,0.000000e+00
3859,16,51714,3.448501e-05,4.027025e-03,1.000000e-02,0.000000e+00,0.000000e+00
3860,11,51725,1.415194e-05,4.108005e-03,1.278073e-02,0.000000e+00,0.000000e+00
3861,13,51738,2.097002e-05,3.895442e-03,1.168347e-02,0.000000e+00,0.000000e+00
3862,16,51754,2.717599e-05,3.802034e-03,1.154818e-02,0.000000e+00,0.000000e+00
3863,12,51766,1.748373e-04,4.084504e-03,1.067393e-02,0.000000e+00,0.000000e+00
3864,13,51779,2.747867e-05,3.990103e-03,1.047243e-02,0.000000e+00,0.000000e+00
3865,16,51795,1.542583e-06,3.950479e-03,1.178994e-02,0.000000e+00,0.000000e+00
3866,11,51806,1.077649e-04,3.882168e-03,1.297576e-02,0.000000e+00,0.000000e+00
3867,18,51824,1.118385e-04,3.903011e-03,1.019182e-02,0.000000e+00,0.000000e+00
3868,16,51840,2.440996e-05,4.065653e-03,1.119845e-02,0.000000e+00,0.000000e+00
3869,10,51850,5.464535e-05,3.691596e-03,1.227215e-02,0.000000e+00,0.000000e+00
3870,12,51862,1.544982e-05,4.315616e-03,1.433935e-02,0.000000e+00,0.000000e+00
3871,17,51879,5.773771e-05,4.230959e-03,1.655576e-02,0.000000e+00,0.000000e+00
3872,19,51898,5.115474e-05,4.022790e-03,1.263310e-02,0.000000e+00,0.000000e+00
3873,15,51913,1.200940e-05,4.258037e-03,1.229928e-02,0.000000e+00,0.000000e+00
3874,12,51925,8.417874e-05,4.170331e-03,1.225815e-02,0.000000e+00,0.000000e+00
3875,11,51936,4.423831e-06,4.043228e-03,1.000000e-02,0.000000e+00,0.000000e+00
3876,12,51948,3.709923e-05,4.360636e-03,1.390739e-02,0.000000e+00,0.000000e+00
3877,17,51965,5.101920e-05,3.979341e-03,1.007342e-02,0.000000e+00,0.000000e+00
3878,11,51976,1.676666e-04,4.025515e-03,1.305629e-02,0.000000e+00,0.000000e+00
3879,16,51992,1.064036e-05,3.955756e-03,1.133483e-02,0.000000e+00,0.000000e+00
3880,17,52009,5.835427e-05,4.189378e-03,1.681763e-02,0.000000e+00,0.000000e+00
3881,17,52026,4.750101e-06,4.070721e-03,1.057226e-02,0.000000e+00,0.000000e+00
3882,23,52049,3.135546e-05,4.182377e-03,1.488498e-02,0.000000e+00,0.000000e+00
3883,11,52060,5.063655e-05,3.849890e-03,1.383945e-02,0.000000e+00,0.000000e+00
3884,12,52072,4.074536e-05,3.909721e-03,1.249661e-02,0.000000e+00,0.000000e+00
3885,12,52084,1.270324e-05,3.921791e-03,1.221472e-02,0.000000e+00,0.000000e+00
3886,15,52099,4.530829e-05,3.940645e-03,1.361484e-02,0.000000e+00,0.000000e+00
3887,14,52113,4.039146e-05,4.025867e-03,1.058913e-02,0.000000e+00,0.000000e+00
HIST {'total_samples': 4546065, 'floor_samples': 40, 'floor_fraction': 8.7988183186998e-06, 'saturation_depth': 4.6566128730773926e-09, 'boundaries': 3888, 'capped_boundaries': 0, 'unfinished_worlds': 0}
3888,14,52127,4.153099e-05,4.128481e-03,1.204294e-02,0.000000e+00,0.000000e+00
3889,12,52139,2.145582e-05,4.263162e-03,1.286301e-02,0.000000e+00,0.000000e+00
3890,12,52151,1.220632e-05,4.198027e-03,1.176616e-02,0.000000e+00,0.000000e+00
3891,11,52162,2.810236e-05,4.105730e-03,1.433178e-02,0.000000e+00,0.000000e+00
3892,12,52174,1.762695e-05,4.314480e-03,1.317690e-02,0.000000e+00,0.000000e+00
3893,10,52184,8.467414e-06,4.180558e-03,1.407273e-02,0.000000e+00,0.000000e+00
3894,15,52199,3.898051e-05,4.027741e-03,1.257624e-02,0.000000e+00,0.000000e+00
3895,12,52211,1.732179e-04,4.039273e-03,1.089000e-02,0.000000e+00,0.000000e+00
3896,12,52223,4.041904e-05,4.329918e-03,1.140811e-02,0.000000e+00,0.000000e+00
3897,12,52235,2.101440e-05,4.096380e-03,1.143355e-02,0.000000e+00,0.000000e+00
3898,11,52246,3.753539e-05,4.022843e-03,1.255285e-02,0.000000e+00,0.000000e+00
3899,10,52256,1.144342e-06,4.123397e-03,1.174136e-02,0.000000e+00,0.000000e+00
3900,14,52270,2.328306e-07,3.974007e-03,1.545214e-02,0.000000e+00,0.000000e+00
3901,15,52285,2.457577e-05,4.245657e-03,1.387641e-02,0.000000e+00,0.000000e+00
3902,12,52297,8.658498e-05,4.173015e-03,1.230815e-02,0.000000e+00,0.000000e+00
3903,12,52309,2.442943e-05,4.099525e-03,1.038876e-02,0.000000e+00,0.000000e+00
3904,11,52320,5.581368e-06,4.151382e-03,1.500376e-02,0.000000e+00,0.000000e+00
3905,12,52332,1.032787e-06,3.810762e-03,1.089000e-02,0.000000e+00,0.000000e+00
3906,19,52351,1.087485e-05,4.140168e-03,1.291434e-02,0.000000e+00,0.000000e+00
3907,18,52369,5.037058e-05,4.009051e-03,1.289333e-02,0.000000e+00,0.000000e+00
3908,19,52388,2.134547e-05,4.001340e-03,1.108809e-02,0.000000e+00,0.000000e+00
3909,16,52404,2.860376e-05,4.056543e-03,1.200281e-02,0.000000e+00,0.000000e+00
3910,21,52425,3.785826e-05,3.996550e-03,1.474715e-02,0.000000e+00,0.000000e+00
3911,13,52438,2.795365e-05,3.748885e-03,1.089000e-02,0.000000e+00,0.000000e+00
3912,16,52454,2.101320e-05,3.899238e-03,1.235299e-02,0.000000e+00,0.000000e+00
3913,15,52469,2.202319e-06,3.899937e-03,1.167319e-02,0.000000e+00,0.000000e+00
3914,12,52481,1.474211e-05,4.007974e-03,1.071205e-02,0.000000e+00,0.000000e+00
3915,17,52498,3.107717e-05,4.243785e-03,1.029518e-02,0.000000e+00,0.000000e+00
3916,18,52516,4.807487e-05,3.987193e-03,1.000000e-02,0.000000e+00,0.000000e+00
3917,11,52527,5.786726e-05,3.796812e-03,1.099412e-02,0.000000e+00,0.000000e+00
3918,13,52540,4.488365e-05,4.014854e-03,1.233230e-02,0.000000e+00,0.000000e+00
3919,13,52553,4.034467e-05,3.934615e-03,9.691764e-03,0.000000e+00,0.000000e+00
3920,15,52568,1.261991e-04,4.121068e-03,1.138132e-02,0.000000e+00,0.000000e+00
3921,11,52579,3.100760e-05,4.017370e-03,1.087476e-02,0.000000e+00,0.000000e+00
3922,13,52592,5.036127e-05,4.015381e-03,1.129471e-02,0.000000e+00,0.000000e+00
3923,12,52604,1.430188e-05,4.142722e-03,1.197283e-02,0.000000e+00,0.000000e+00
3924,13,52617,1.444016e-05,4.221632e-03,1.273707e-02,0.000000e+00,0.000000e+00
3925,12,52629,4.108064e-05,3.959445e-03,1.000000e-02,0.000000e+00,0.000000e+00
3926,11,52640,4.353779e-05,3.966179e-03,1.206514e-02,0.000000e+00,0.000000e+00
3927,22,52662,1.846062e-06,4.120747e-03,1.287975e-02,0.000000e+00,0.000000e+00
3928,14,52676,8.168734e-06,3.913759e-03,1.332714e-02,0.000000e+00,0.000000e+00
3929,11,52687,4.788485e-05,4.124411e-03,1.266363e-02,0.000000e+00,0.000000e+00
3930,15,52702,2.478089e-05,4.078043e-03,1.304641e-02,0.000000e+00,0.000000e+00
3931,11,52713,1.094770e-05,3.812960e-03,1.287975e-02,0.000000e+00,0.000000e+00
3932,10,52723,4.151900e-05,4.223146e-03,1.281887e-02,0.000000e+00,0.000000e+00
3933,11,52734,2.307817e-05,4.160780e-03,1.303244e-02,0.000000e+00,0.000000e+00
3934,11,52745,4.097819e-07,4.130126e-03,1.164030e-02,0.000000e+00,0.000000e+00
3935,11,52756,2.518393e-05,3.840686e-03,1.179647e-02,0.000000e+00,0.000000e+00
HIST {'total_samples': 4603830, 'floor_samples': 42, 'floor_fraction': 9.122839027505359e-06, 'saturation_depth': 4.6566128730773926e-09, 'boundaries': 3936, 'capped_boundaries': 0, 'unfinished_worlds': 0}
3936,13,52769,1.501799e-05,3.993389e-03,1.523315e-02,0.000000e+00,0.000000e+00
3937,12,52781,8.700241e-05,4.274100e-03,1.487819e-02,0.000000e+00,0.000000e+00
3938,10,52791,7.290685e-05,4.104615e-03,1.460478e-02,0.000000e+00,0.000000e+00
3939,10,52801,5.036546e-05,4.316931e-03,1.371328e-02,0.000000e+00,0.000000e+00
3940,11,52812,1.259496e-06,4.009889e-03,1.146832e-02,0.000000e+00,0.000000e+00
3941,13,52825,3.072931e-05,4.095645e-03,1.242530e-02,0.000000e+00,0.000000e+00
3942,10,52835,4.781048e-05,4.054303e-03,1.188186e-02,0.000000e+00,0.000000e+00
3943,11,52846,4.704519e-06,3.974338e-03,1.089000e-02,0.000000e+00,0.000000e+00
3944,12,52858,3.729428e-05,4.134089e-03,1.188107e-02,0.000000e+00,0.000000e+00
3945,10,52868,2.147261e-05,4.273350e-03,1.314441e-02,0.000000e+00,0.000000e+00
3946,11,52879,3.705267e-05,4.146013e-03,1.309014e-02,0.000000e+00,0.000000e+00
3947,11,52890,9.899028e-05,4.337077e-03,1.287975e-02,0.000000e+00,0.000000e+00
3948,12,52902,2.700835e-07,4.242023e-03,1.359852e-02,0.000000e+00,0.000000e+00
3949,14,52916,6.061979e-05,3.916965e-03,1.078870e-02,0.000000e+00,0.000000e+00
3950,12,52928,5.095563e-05,3.890889e-03,1.284212e-02,0.000000e+00,0.000000e+00
3951,17,52945,3.980008e-05,4.116903e-03,1.263013e-02,0.000000e+00,0.000000e+00
3952,12,52957,5.080569e-05,4.130010e-03,1.197957e-02,0.000000e+00,0.000000e+00
3953,12,52969,3.362136e-05,4.092943e-03,2.151605e-02,0.000000e+00,0.000000e+00
3954,15,52984,1.171604e-05,4.209736e-03,1.401299e-02,0.000000e+00,0.000000e+00
3955,14,52998,3.896654e-05,4.189820e-03,1.089000e-02,0.000000e+00,0.000000e+00
3956,14,53012,9.634532e-06,4.141515e-03,1.122770e-02,0.000000e+00,0.000000e+00
3957,14,53026,6.182119e-05,4.222093e-03,1.255732e-02,0.000000e+00,0.000000e+00
3958,9,53035,1.472387e-04,4.138481e-03,1.215043e-02,0.000000e+00,0.000000e+00
3959,11,53046,8.285087e-06,4.073957e-03,1.020153e-02,0.000000e+00,0.000000e+00
3960,18,53064,1.146382e-05,3.850776e-03,1.147792e-02,0.000000e+00,0.000000e+00
3961,14,53078,8.174731e-05,4.259582e-03,1.402291e-02,0.000000e+00,0.000000e+00
3962,13,53091,1.504086e-06,4.089153e-03,1.373102e-02,0.000000e+00,0.000000e+00
3963,15,53106,1.536682e-06,4.269020e-03,1.089000e-02,0.000000e+00,0.000000e+00
3964,15,53121,1.421432e-05,4.305626e-03,1.615602e-02,0.000000e+00,0.000000e+00
3965,14,53135,5.031005e-05,4.456971e-03,1.089000e-02,0.000000e+00,0.000000e+00
3966,13,53148,7.926191e-05,4.071697e-03,1.261312e-02,0.000000e+00,0.000000e+00
3967,12,53160,4.831668e-06,4.134515e-03,1.444889e-02,0.000000e+00,0.000000e+00
3968,12,53172,9.844080e-06,4.137762e-03,1.362678e-02,0.000000e+00,0.000000e+00
3969,17,53189,8.540105e-05,4.196386e-03,1.228254e-02,0.000000e+00,0.000000e+00
3970,12,53201,5.227510e-06,4.330773e-03,1.502241e-02,0.000000e+00,0.000000e+00
3971,18,53219,3.355298e-05,4.308744e-03,1.398614e-02,0.000000e+00,0.000000e+00
3972,15,53234,5.117154e-06,4.314909e-03,1.261500e-02,0.000000e+00,0.000000e+00
3973,11,53245,7.290924e-05,4.148254e-03,1.199137e-02,0.000000e+00,0.000000e+00
3974,12,53257,5.303079e-06,3.900957e-03,1.250843e-02,0.000000e+00,0.000000e+00
3975,15,53272,1.104998e-05,4.187435e-03,1.089000e-02,0.000000e+00,0.000000e+00
3976,15,53287,4.737638e-05,4.019176e-03,1.121307e-02,0.000000e+00,0.000000e+00
3977,12,53299,5.222391e-05,4.266214e-03,1.297776e-02,0.000000e+00,0.000000e+00
3978,10,53309,1.052195e-04,4.389296e-03,1.438994e-02,0.000000e+00,0.000000e+00
3979,11,53320,3.734587e-05,4.055722e-03,1.067594e-02,0.000000e+00,0.000000e+00
3980,13,53333,3.319073e-05,4.190421e-03,1.449459e-02,0.000000e+00,0.000000e+00
3981,12,53345,3.750660e-05,4.036968e-03,1.086120e-02,0.000000e+00,0.000000e+00
3982,15,53360,2.234243e-05,4.108712e-03,1.177259e-02,0.000000e+00,0.000000e+00
3983,12,53372,7.566455e-05,4.332350e-03,1.235164e-02,0.000000e+00,0.000000e+00
HIST {'total_samples': 4659819, 'floor_samples': 43, 'floor_fraction': 9.227826231018844e-06, 'saturation_depth': 4.6566128730773926e-09, 'boundaries': 3984, 'capped_boundaries': 0, 'unfinished_worlds': 0}
3984,14,53386,2.363775e-05,4.106298e-03,1.278256e-02,0.000000e+00,0.000000e+00
3985,12,53398,7.249415e-05,3.988679e-03,1.000000e-02,0.000000e+00,0.000000e+00
3986,15,53413,4.365894e-05,4.320624e-03,1.405631e-02,0.000000e+00,0.000000e+00
3987,12,53425,8.147143e-06,4.301398e-03,1.159242e-02,0.000000e+00,0.000000e+00
3988,12,53437,7.550141e-05,4.204531e-03,1.070613e-02,0.000000e+00,0.000000e+00
3989,10,53447,1.817873e-05,4.209826e-03,1.114784e-02,0.000000e+00,0.000000e+00
3990,11,53458,1.558537e-04,4.164887e-03,1.416703e-02,0.000000e+00,0.000000e+00
3991,12,53470,6.271332e-05,4.396727e-03,1.269814e-02,0.000000e+00,0.000000e+00
3992,15,53485,1.482367e-05,4.206334e-03,1.206426e-02,0.000000e+00,0.000000e+00
3993,13,53498,4.666134e-06,4.295439e-03,1.175489e-02,0.000000e+00,0.000000e+00
3994,14,53512,4.689165e-05,4.218246e-03,1.317690e-02,0.000000e+00,0.000000e+00
3995,14,53526,4.593923e-05,4.147182e-03,1.183151e-02,0.000000e+00,0.000000e+00
3996,20,53546,1.498201e-06,4.092531e-03,1.351588e-02,0.000000e+00,0.000000e+00
3997,11,53557,1.097681e-05,4.225515e-03,1.181062e-02,0.000000e+00,0.000000e+00
3998,14,53571,1.176490e-05,4.227179e-03,1.366748e-02,0.000000e+00,0.000000e+00
3999,15,53586,4.225910e-06,3.892048e-03,1.406991e-02,0.000000e+00,0.000000e+00
4000,14,53600,1.324341e-05,4.163404e-03,1.255057e-02,0.000000e+00,0.000000e+00
4001,12,53612,1.041016e-04,4.088189e-03,1.089000e-02,0.000000e+00,0.000000e+00
4002,13,53625,1.126829e-05,4.126617e-03,1.114570e-02,0.000000e+00,0.000000e+00
4003,11,53636,9.200561e-05,4.200468e-03,1.449459e-02,0.000000e+00,0.000000e+00
4004,13,53649,1.106917e-05,4.293312e-03,1.148385e-02,0.000000e+00,0.000000e+00
4005,13,53662,1.282431e-05,4.055595e-03,1.284721e-02,0.000000e+00,0.000000e+00
4006,13,53675,1.172411e-05,4.590918e-03,1.386220e-02,0.000000e+00,0.000000e+00
4007,12,53687,2.291084e-06,4.341771e-03,1.524842e-02,0.000000e+00,0.000000e+00
4008,15,53702,8.924432e-07,4.344796e-03,1.352682e-02,0.000000e+00,0.000000e+00
4009,17,53719,3.641264e-05,4.046384e-03,1.197900e-02,0.000000e+00,0.000000e+00
4010,17,53736,1.100200e-05,4.365438e-03,1.435385e-02,0.000000e+00,0.000000e+00
4011,12,53748,2.342276e-05,4.108020e-03,1.010885e-02,0.000000e+00,0.000000e+00
4012,13,53761,6.273011e-05,4.283229e-03,1.317690e-02,0.000000e+00,0.000000e+00
4013,21,53782,5.290964e-05,4.179381e-03,1.139250e-02,0.000000e+00,0.000000e+00
4014,15,53797,4.657977e-05,4.295603e-03,1.257649e-02,0.000000e+00,0.000000e+00
4015,15,53812,8.775691e-06,4.171371e-03,1.305117e-02,0.000000e+00,0.000000e+00
4016,15,53827,1.451420e-05,4.204765e-03,1.243321e-02,0.000000e+00,0.000000e+00
4017,16,53843,5.414635e-06,4.075306e-03,1.144252e-02,0.000000e+00,0.000000e+00
4018,19,53862,7.417354e-05,4.156300e-03,1.287975e-02,0.000000e+00,0.000000e+00
4019,15,53877,2.317233e-05,4.064628e-03,1.168685e-02,0.000000e+00,0.000000e+00
4020,12,53889,2.264977e-05,4.248973e-03,1.089000e-02,0.000000e+00,0.000000e+00
4021,11,53900,2.331868e-06,4.309277e-03,1.237946e-02,0.000000e+00,0.000000e+00
4022,16,53916,8.947216e-05,4.299115e-03,1.254666e-02,0.000000e+00,0.000000e+00
4023,15,53931,7.218953e-05,4.290278e-03,1.136830e-02,0.000000e+00,0.000000e+00
4024,15,53946,4.234307e-06,4.290096e-03,1.471239e-02,0.000000e+00,0.000000e+00
4025,13,53959,2.565794e-06,4.136318e-03,1.264813e-02,0.000000e+00,0.000000e+00
4026,13,53972,2.394722e-05,4.223886e-03,1.287975e-02,0.000000e+00,0.000000e+00
4027,12,53984,2.983687e-05,4.140416e-03,1.093647e-02,0.000000e+00,0.000000e+00
4028,16,54000,9.932555e-06,4.308133e-03,1.397416e-02,0.000000e+00,0.000000e+00
4029,13,54013,4.045263e-05,4.275661e-03,1.226273e-02,0.000000e+00,0.000000e+00
4030,11,54024,3.659737e-05,4.241209e-03,1.569610e-02,0.000000e+00,0.000000e+00
4031,12,54036,8.801601e-05,4.214259e-03,1.214578e-02,0.000000e+00,0.000000e+00
HIST {'total_samples': 4715690, 'floor_samples': 44, 'floor_fraction': 9.33055395922972e-06, 'saturation_depth': 4.6566128730773926e-09, 'boundaries': 4032, 'capped_boundaries': 0, 'unfinished_worlds': 0}
4032,14,54050,8.089325e-05,4.349633e-03,1.227539e-02,0.000000e+00,0.000000e+00
4033,11,54061,5.100360e-06,4.030624e-03,1.176632e-02,0.000000e+00,0.000000e+00
4034,15,54076,1.480904e-04,4.487902e-03,1.287975e-02,0.000000e+00,0.000000e+00
4035,16,54092,4.675971e-05,4.248296e-03,1.211263e-02,0.000000e+00,0.000000e+00
4036,15,54107,7.743504e-05,4.309387e-03,1.338682e-02,0.000000e+00,0.000000e+00
4037,17,54124,7.687137e-05,4.524729e-03,1.316533e-02,0.000000e+00,0.000000e+00
4038,11,54135,8.614955e-06,4.054720e-03,1.500337e-02,0.000000e+00,0.000000e+00
4039,16,54151,2.439345e-05,4.276087e-03,1.140870e-02,0.000000e+00,0.000000e+00
4040,17,54168,2.109237e-05,4.370493e-03,1.392428e-02,0.000000e+00,0.000000e+00
4041,21,54189,1.409796e-05,4.314180e-03,1.287975e-02,0.000000e+00,0.000000e+00
4042,13,54202,1.093483e-05,4.471419e-03,1.373889e-02,0.000000e+00,0.000000e+00
4043,15,54217,3.391764e-05,4.425914e-03,1.171118e-02,0.000000e+00,0.000000e+00
4044,15,54232,2.189539e-05,4.306589e-03,1.105403e-02,0.000000e+00,0.000000e+00
4045,14,54246,2.318062e-05,4.261826e-03,1.322414e-02,0.000000e+00,0.000000e+00
4046,15,54261,4.525070e-05,4.501153e-03,1.593484e-02,0.000000e+00,0.000000e+00
4047,13,54274,4.199041e-05,4.057001e-03,1.029070e-02,0.000000e+00,0.000000e+00
4048,15,54289,2.013515e-05,4.058110e-03,1.342639e-02,0.000000e+00,0.000000e+00
4049,16,54305,1.202803e-05,4.176880e-03,1.120044e-02,0.000000e+00,0.000000e+00
4050,13,54318,3.697641e-05,3.890514e-03,1.052722e-02,0.000000e+00,0.000000e+00
4051,12,54330,7.691325e-06,4.000633e-03,1.231653e-02,0.000000e+00,0.000000e+00
4052,13,54343,1.994562e-05,3.996633e-03,1.201648e-02,0.000000e+00,0.000000e+00
4053,12,54355,3.390945e-05,3.943207e-03,1.176271e-02,0.000000e+00,0.000000e+00
4054,12,54367,7.435587e-05,4.335002e-03,1.349851e-02,0.000000e+00,0.000000e+00
4055,14,54381,1.224350e-04,4.172590e-03,1.125184e-02,0.000000e+00,0.000000e+00
4056,11,54392,1.721624e-04,4.462920e-03,1.248593e-02,0.000000e+00,0.000000e+00
4057,10,54402,2.447381e-05,4.171798e-03,1.065710e-02,0.000000e+00,0.000000e+00
4058,13,54415,2.693883e-05,4.462247e-03,1.203393e-02,0.000000e+00,0.000000e+00
4059,15,54430,1.139473e-05,4.082542e-03,1.186915e-02,0.000000e+00,0.000000e+00
4060,15,54445,2.470799e-05,4.156096e-03,1.163798e-02,0.000000e+00,0.000000e+00
4061,12,54457,4.892703e-05,4.021385e-03,1.256598e-02,0.000000e+00,0.000000e+00
4062,12,54469,7.112676e-05,4.209335e-03,1.169356e-02,0.000000e+00,0.000000e+00
4063,13,54482,1.130188e-05,4.325072e-03,1.215506e-02,0.000000e+00,0.000000e+00
4064,12,54494,1.725870e-05,3.941861e-03,1.481579e-02,0.000000e+00,0.000000e+00
4065,14,54508,5.790085e-05,4.137353e-03,1.011019e-02,0.000000e+00,0.000000e+00
4066,14,54522,1.224549e-04,4.135427e-03,1.147915e-02,0.000000e+00,0.000000e+00
4067,12,54534,2.460554e-05,4.070579e-03,1.559360e-02,0.000000e+00,0.000000e+00
4068,11,54545,1.434237e-05,4.315502e-03,1.371105e-02,0.000000e+00,0.000000e+00
4069,15,54560,1.340704e-05,4.182319e-03,1.276726e-02,0.000000e+00,0.000000e+00
4070,13,54573,1.247705e-04,4.203611e-03,1.473645e-02,0.000000e+00,0.000000e+00
4071,16,54589,1.793763e-05,4.117047e-03,1.197900e-02,0.000000e+00,0.000000e+00
4072,12,54601,4.408238e-06,4.122691e-03,1.473095e-02,0.000000e+00,0.000000e+00
4073,11,54612,1.050540e-05,4.028154e-03,1.178817e-02,0.000000e+00,0.000000e+00
4074,14,54626,6.735307e-05,4.220012e-03,1.193492e-02,0.000000e+00,0.000000e+00
4075,13,54639,2.286886e-05,4.116271e-03,1.130773e-02,0.000000e+00,0.000000e+00
4076,11,54650,1.663015e-05,4.308820e-03,1.501443e-02,0.000000e+00,0.000000e+00
4077,11,54661,8.324671e-07,4.150098e-03,1.011574e-02,0.000000e+00,0.000000e+00
4078,14,54675,1.125150e-06,4.167830e-03,1.326485e-02,0.000000e+00,0.000000e+00
4079,20,54695,1.764734e-05,4.227860e-03,1.294709e-02,0.000000e+00,0.000000e+00
HIST {'total_samples': 4771228, 'floor_samples': 45, 'floor_fraction': 9.431534187844304e-06, 'saturation_depth': 4.6566128730773926e-09, 'boundaries': 4080, 'capped_boundaries': 0, 'unfinished_worlds': 0}
4080,15,54710,1.215750e-04,4.510530e-03,1.179874e-02,0.000000e+00,0.000000e+00
4081,15,54725,2.630986e-05,3.977397e-03,1.143773e-02,0.000000e+00,0.000000e+00
4082,12,54737,1.294538e-06,4.091848e-03,1.333693e-02,0.000000e+00,0.000000e+00
4083,13,54750,3.861736e-05,4.057322e-03,1.278221e-02,0.000000e+00,0.000000e+00
4084,15,54765,2.647342e-05,4.239718e-03,1.307144e-02,0.000000e+00,0.000000e+00
4085,17,54782,3.225030e-05,4.102696e-03,1.096792e-02,0.000000e+00,0.000000e+00
4086,14,54796,8.936785e-05,3.938648e-03,1.253169e-02,0.000000e+00,0.000000e+00
4087,112,54908,2.928078e-06,3.072427e-03,1.123712e-02,0.000000e+00,0.000000e+00
4088,256,55164,2.928078e-06,3.039037e-03,1.506222e-02,0.000000e+00,9.250412e-03
4089,256,55420,2.928078e-06,2.877599e-03,1.183219e-02,0.000000e+00,1.850082e-02
4090,256,55676,2.928078e-06,2.743789e-03,1.396652e-02,0.000000e+00,2.775124e-02
4091,256,55932,2.928078e-06,2.492632e-03,1.199885e-02,0.000000e+00,3.700165e-02
4092,256,56188,3.539026e-07,2.482267e-03,1.000000e-02,0.000000e+00,4.625206e-02
4093,256,56444,2.773479e-06,2.326326e-03,1.194656e-02,0.000000e+00,5.550247e-02
4094,256,56700,2.773479e-06,2.336228e-03,1.197900e-02,0.000000e+00,6.475288e-02
4095,256,56956,2.773479e-06,1.798366e-03,1.115152e-02,0.000000e+00,7.400329e-02
4096,256,57212,1.911074e-06,1.879629e-03,1.482090e-02,0.000000e+00,8.325370e-02
4097,256,57468,1.911074e-06,1.867530e-03,1.069942e-02,0.000000e+00,9.250411e-02
4098,256,57724,1.911074e-06,1.808192e-03,1.589615e-02,0.000000e+00,1.017545e-01
4099,256,57980,1.911074e-06,1.585682e-03,1.083364e-02,0.000000e+00,1.110049e-01
4100,256,58236,1.911074e-06,1.598653e-03,1.129113e-02,0.000000e+00,1.202553e-01
4101,256,58492,1.911074e-06,1.552854e-03,1.084131e-02,0.000000e+00,1.295058e-01
4102,256,58748,8.381903e-08,1.589489e-03,1.088801e-02,0.000000e+00,1.387581e-01
4103,256,59004,1.601875e-06,1.639635e-03,1.000000e-02,0.000000e+00,1.480104e-01
4104,256,59260,1.601875e-06,1.768331e-03,1.158728e-02,0.000000e+00,1.572627e-01
4105,256,59516,9.313226e-09,1.406112e-03,1.186220e-02,0.000000e+00,1.665150e-01
4106,256,59772,1.601875e-06,1.381717e-03,1.173007e-02,0.000000e+00,1.757673e-01
4107,256,60028,1.601875e-06,1.323919e-03,1.089000e-02,0.000000e+00,1.850196e-01
4108,256,60284,6.798655e-07,1.409809e-03,1.033080e-02,0.000000e+00,1.942719e-01
4109,256,60540,1.601875e-06,1.265304e-03,1.780241e-02,0.000000e+00,2.035242e-01
4110,256,60796,1.601875e-06,1.250125e-03,1.197900e-02,0.000000e+00,2.127766e-01
4111,256,61052,1.601875e-06,1.290100e-03,1.197900e-02,0.000000e+00,2.220289e-01
4112,256,61308,1.601875e-06,1.015145e-03,1.000000e-02,0.000000e+00,2.312812e-01
4113,256,61564,1.601875e-06,1.186454e-03,1.164855e-02,0.000000e+00,2.405335e-01
4114,256,61820,1.601875e-06,1.027876e-03,1.000000e-02,0.000000e+00,2.497858e-01
4115,256,62076,1.601875e-06,1.005877e-03,1.262649e-02,0.000000e+00,2.590381e-01
4116,256,62332,1.601875e-06,9.153154e-04,1.194462e-02,0.000000e+00,2.682904e-01
4117,256,62588,1.601875e-06,9.165896e-04,1.029648e-02,0.000000e+00,2.775427e-01
4118,256,62844,1.601875e-06,1.002973e-03,1.174709e-02,0.000000e+00,2.867950e-01
4119,256,63100,1.601875e-06,1.006494e-03,1.356176e-02,0.000000e+00,2.960473e-01
4120,256,63356,1.601875e-06,8.243389e-04,1.000000e-02,0.000000e+00,3.052996e-01
4121,256,63612,1.247972e-06,8.878549e-04,1.331972e-02,0.000000e+00,3.145519e-01
4122,256,63868,1.247972e-06,8.102003e-04,1.000000e-02,0.000000e+00,3.238043e-01
4123,256,64124,1.247972e-06,7.363508e-04,8.571996e-03,0.000000e+00,3.330566e-01
4124,256,64380,1.247972e-06,7.631237e-04,9.367450e-03,0.000000e+00,3.423089e-01
4125,256,64636,1.247972e-06,7.758897e-04,1.032747e-02,0.000000e+00,3.515612e-01
4126,256,64892,1.247972e-06,8.239291e-04,1.295234e-02,0.000000e+00,3.608135e-01
4127,256,65148,8.475035e-07,7.326114e-04,8.075954e-03,0.000000e+00,3.700658e-01
HIST {'total_samples': 6123428, 'floor_samples': 50, 'floor_fraction': 8.165360971011663e-06, 'saturation_depth': 4.6566128730773926e-09, 'boundaries': 4128, 'capped_boundaries': 40, 'unfinished_worlds': 4828}
4128,256,65404,1.247972e-06,7.607408e-04,1.205933e-02,0.000000e+00,3.793181e-01
4129,256,65660,1.247972e-06,6.915990e-04,1.144647e-02,0.000000e+00,3.885704e-01
4130,256,65916,1.247972e-06,6.114184e-04,1.332385e-02,0.000000e+00,3.978227e-01
4131,256,66172,1.247972e-06,5.748859e-04,1.000000e-02,0.000000e+00,4.070750e-01
4132,256,66428,1.247972e-06,6.221855e-04,1.042717e-02,0.000000e+00,4.163274e-01
4133,256,66684,1.247972e-06,5.984119e-04,9.939635e-03,0.000000e+00,4.255797e-01
4134,256,66940,1.247972e-06,5.927748e-04,9.928016e-03,0.000000e+00,4.348320e-01
4135,256,67196,1.247972e-06,5.476779e-04,1.193000e-02,0.000000e+00,4.440843e-01
4136,256,67452,6.519258e-07,6.166679e-04,1.337796e-02,0.000000e+00,4.533366e-01
4137,256,67708,1.247972e-06,5.293841e-04,1.021503e-02,0.000000e+00,4.625889e-01
4138,256,67964,1.247972e-06,5.109902e-04,1.053868e-02,0.000000e+00,4.718412e-01
4139,256,68220,1.247972e-06,4.397409e-04,9.627914e-03,0.000000e+00,4.810935e-01
