boundary,iters,cum_iters,ideal_min,ideal_mean,ideal_max,resid_min,resid_max,rejects,err_max,n_debt,n_subfloor,n_guard
0,5,5,5.069628e-03,8.993485e-03,1.000000e-02,0.000000e+00,0.000000e+00,156,1.641512e-04,0,0,0
1,3,8,5.668586e-03,7.179572e-03,1.000000e-02,0.000000e+00,0.000000e+00,197,1.383172e-04,0,0,0
2,3,11,6.130532e-03,7.053431e-03,9.758762e-03,0.000000e+00,0.000000e+00,37,2.823938e-04,0,0,0
3,8,19,2.731782e-03,5.426232e-03,1.038447e-02,0.000000e+00,0.000000e+00,354,1.939386e-05,0,0,0
4,7,26,2.754110e-03,5.712276e-03,1.000000e-02,0.000000e+00,0.000000e+00,47,1.545995e-07,0,0,0
5,8,34,2.686024e-03,5.630210e-03,9.408563e-03,0.000000e+00,0.000000e+00,119,9.790063e-06,0,0,0
6,7,41,2.312068e-03,5.651566e-03,1.007293e-02,0.000000e+00,0.000000e+00,78,8.542428e-05,0,0,0
7,8,49,2.415308e-03,5.584487e-03,9.449909e-03,0.000000e+00,0.000000e+00,55,1.466274e-05,0,0,0
8,7,56,2.236338e-03,5.093601e-03,9.714982e-03,0.000000e+00,0.000000e+00,113,1.392420e-05,0,0,0
9,7,63,2.863108e-03,5.159975e-03,9.714982e-03,0.000000e+00,0.000000e+00,98,2.834422e-05,0,0,0
10,9,72,2.168369e-03,4.079529e-03,1.000000e-02,0.000000e+00,0.000000e+00,263,1.043081e-07,0,0,0
11,9,81,2.069276e-03,4.853066e-03,8.272617e-03,0.000000e+00,0.000000e+00,114,1.381263e-04,0,0,0
12,10,91,1.707328e-03,5.028771e-03,1.000000e-02,0.000000e+00,0.000000e+00,135,1.178123e-05,0,0,0
13,10,101,1.695296e-03,5.013196e-03,9.764144e-03,0.000000e+00,0.000000e+00,104,4.707985e-04,0,0,0
14,6,107,2.510047e-03,5.122866e-03,1.000000e-02,0.000000e+00,0.000000e+00,82,2.267759e-04,0,0,0
15,7,114,2.468514e-03,5.107971e-03,9.756307e-03,0.000000e+00,0.000000e+00,91,2.681659e-05,0,0,0
16,8,122,2.023801e-03,5.278556e-03,9.756307e-03,0.000000e+00,0.000000e+00,71,1.340359e-05,0,0,0
17,8,130,1.723110e-03,5.375777e-03,9.659280e-03,0.000000e+00,0.000000e+00,67,4.170416e-05,0,0,0
18,8,138,1.843310e-03,5.552331e-03,1.000000e-02,0.000000e+00,0.000000e+00,75,1.180172e-05,0,0,0
19,8,146,1.620590e-03,5.682138e-03,9.198079e-03,0.000000e+00,0.000000e+00,56,5.185604e-06,0,0,0
20,8,154,1.512325e-03,5.880178e-03,1.063129e-02,0.000000e+00,0.000000e+00,60,3.802776e-05,0,0,0
21,8,162,2.524375e-03,5.800334e-03,1.000000e-02,0.000000e+00,0.000000e+00,71,1.916289e-04,0,0,0
22,6,168,1.759336e-03,6.064944e-03,1.018371e-02,0.000000e+00,0.000000e+00,56,2.759993e-04,0,0,0
23,9,177,2.269759e-03,5.998757e-03,1.036574e-02,0.000000e+00,0.000000e+00,68,7.658824e-05,0,0,0
24,8,185,2.546158e-03,6.303510e-03,1.020528e-02,0.000000e+00,0.000000e+00,54,3.799796e-07,0,0,0
25,8,193,1.912566e-03,6.114714e-03,1.194856e-02,0.000000e+00,0.000000e+00,82,1.020730e-06,0,0,0
26,7,200,2.725543e-03,6.439052e-03,1.094533e-02,0.000000e+00,0.000000e+00,59,6.782496e-05,0,0,0
27,6,206,2.421736e-03,6.501571e-03,1.134102e-02,0.000000e+00,0.000000e+00,65,1.996756e-05,0,0,0
28,8,214,2.264146e-03,6.563880e-03,1.000000e-02,0.000000e+00,0.000000e+00,78,1.779422e-04,0,0,0
29,7,221,2.722994e-03,6.522065e-03,1.114791e-02,0.000000e+00,0.000000e+00,64,1.490116e-06,0,0,0
30,8,229,2.270797e-03,6.686216e-03,1.164406e-02,0.000000e+00,0.000000e+00,80,6.377697e-06,0,0,0
31,7,236,2.153399e-03,6.547169e-03,1.008822e-02,0.000000e+00,0.000000e+00,75,1.663808e-05,0,0,0
32,8,244,2.554718e-03,6.775829e-03,1.271883e-02,0.000000e+00,0.000000e+00,63,1.715760e-04,0,0,0
33,8,252,2.477714e-03,6.624175e-03,1.157923e-02,0.000000e+00,0.000000e+00,76,5.722046e-06,0,0,0
34,6,258,2.522985e-03,6.788616e-03,1.103379e-02,0.000000e+00,0.000000e+00,72,4.301267e-04,0,0,0
35,6,264,3.065828e-03,6.734675e-03,1.185646e-02,0.000000e+00,0.000000e+00,66,5.507469e-05,0,0,0
36,7,271,1.553093e-03,7.179600e-03,1.306714e-02,0.000000e+00,0.000000e+00,51,6.876886e-06,0,0,0
37,6,277,2.741119e-03,6.942868e-03,1.023812e-02,0.000000e+00,0.000000e+00,80,3.147125e-05,0,0,0
38,7,284,2.768421e-03,7.120580e-03,1.194514e-02,0.000000e+00,0.000000e+00,72,3.755093e-05,0,0,0
39,8,292,2.174540e-03,6.936586e-03,1.076056e-02,0.000000e+00,0.000000e+00,76,1.503713e-05,0,0,0
40,5,297,3.204907e-03,7.254752e-03,1.270795e-02,0.000000e+00,0.000000e+00,54,2.629757e-04,0,0,0
41,7,304,2.582732e-03,7.093033e-03,1.015905e-02,0.000000e+00,0.000000e+00,64,5.960464e-06,0,0,0
42,7,311,1.989945e-03,7.631345e-03,1.410133e-02,0.000000e+00,0.000000e+00,51,1.175776e-04,0,0,0
43,8,319,2.766712e-03,7.300357e-03,1.066593e-02,0.000000e+00,0.000000e+00,91,9.647012e-05,0,0,0
44,5,324,3.074548e-03,7.631667e-03,1.209172e-02,0.000000e+00,0.000000e+00,64,1.649261e-04,0,0,0
45,7,331,2.763841e-03,7.210553e-03,1.000000e-02,0.000000e+00,0.000000e+00,100,3.349193e-05,0,0,0
46,7,338,3.005248e-03,7.551729e-03,1.352271e-02,0.000000e+00,0.000000e+00,83,1.442432e-05,0,0,0
47,7,345,1.661333e-03,7.206364e-03,1.205346e-02,0.000000e+00,0.000000e+00,92,1.126379e-04,0,0,0
HIST {'total_samples': 32843, 'floor_samples': 0, 'floor_fraction': 0.0, 'saturation_depth': 0.0, 'boundaries': 48, 'capped_boundaries': 0, 'unfinished_worlds': 0}
48,8,353,2.939874e-03,7.385548e-03,1.317690e-02,0.000000e+00,0.000000e+00,68,7.748604e-07,0,0,0
49,11,364,2.110052e-03,7.054818e-03,1.089000e-02,0.000000e+00,0.000000e+00,90,6.022817e-05,0,0,0
50,8,372,2.387622e-03,7.401733e-03,1.329417e-02,0.000000e+00,0.000000e+00,64,7.903576e-05,0,0,0
51,11,383,1.470684e-03,6.955817e-03,1.229996e-02,0.000000e+00,0.000000e+00,115,4.536676e-04,0,0,0
52,12,395,1.010691e-03,7.212704e-03,1.411724e-02,0.000000e+00,0.000000e+00,79,6.390587e-05,0,0,0
53,10,405,1.248643e-03,6.816999e-03,1.074417e-02,0.000000e+00,0.000000e+00,108,2.592802e-06,0,0,0
54,14,419,1.411130e-03,6.957790e-03,1.302684e-02,0.000000e+00,0.000000e+00,93,1.248121e-04,0,0,0
55,9,428,1.659647e-03,6.660008e-03,1.018520e-02,0.000000e+00,0.000000e+00,111,2.630986e-05,0,0,0
56,9,437,1.392001e-03,6.915314e-03,1.262875e-02,0.000000e+00,0.000000e+00,81,8.205650e-05,0,0,0
57,10,447,1.087109e-03,6.661619e-03,1.222433e-02,0.000000e+00,0.000000e+00,102,2.346362e-05,0,0,0
58,9,456,1.544142e-03,6.979392e-03,1.255707e-02,0.000000e+00,0.000000e+00,86,4.470348e-07,0,0,0
59,10,466,1.865819e-03,6.578687e-03,1.166450e-02,0.000000e+00,0.000000e+00,124,1.227856e-05,0,0,0
60,12,478,1.305243e-03,6.632903e-03,1.248946e-02,0.000000e+00,0.000000e+00,104,2.661347e-05,0,0,0
61,11,489,9.601215e-04,6.283240e-03,1.047684e-02,0.000000e+00,0.000000e+00,130,1.459420e-04,0,0,0
62,14,503,1.010200e-03,6.382538e-03,1.348152e-02,0.000000e+00,0.000000e+00,114,4.891753e-04,0,0,0
63,11,514,1.360352e-03,6.066962e-03,1.197900e-02,0.000000e+00,0.000000e+00,133,2.347548e-04,0,0,0
64,10,524,1.008351e-03,6.100741e-03,1.168669e-02,0.000000e+00,0.000000e+00,113,6.792843e-04,0,0,0
65,14,538,1.038779e-03,5.911058e-03,1.068119e-02,0.000000e+00,0.000000e+00,140,1.977198e-06,0,0,0
66,15,553,9.838763e-04,6.066788e-03,1.227725e-02,0.000000e+00,0.000000e+00,121,4.376769e-04,0,0,0
67,14,567,1.063237e-03,5.903473e-03,1.073085e-02,0.000000e+00,0.000000e+00,126,3.811717e-04,0,0,0
68,14,581,1.082539e-03,6.021860e-03,1.121188e-02,0.000000e+00,0.000000e+00,121,2.899021e-04,0,0,0
69,15,596,9.033479e-04,5.763725e-03,1.271286e-02,0.000000e+00,0.000000e+00,150,6.707758e-05,0,0,0
70,18,614,8.930985e-04,5.949316e-03,1.251246e-02,0.000000e+00,0.000000e+00,120,9.202957e-05,0,0,0
71,13,627,9.239014e-04,5.670148e-03,1.112336e-02,0.000000e+00,0.000000e+00,155,3.667045e-04,0,0,0
72,11,638,1.305011e-03,5.879621e-03,1.167593e-02,0.000000e+00,0.000000e+00,121,1.670420e-04,0,0,0
73,15,653,1.017652e-03,5.702087e-03,1.357903e-02,0.000000e+00,0.000000e+00,135,6.655790e-05,0,0,0
74,12,665,1.005971e-03,5.801550e-03,1.122184e-02,0.000000e+00,0.000000e+00,139,7.152557e-06,0,0,0
75,13,678,9.862186e-04,5.593846e-03,1.065741e-02,0.000000e+00,0.000000e+00,152,2.664537e-05,0,0,0
76,15,693,1.080678e-03,5.765947e-03,1.091718e-02,0.000000e+00,0.000000e+00,126,6.404985e-04,0,0,0
77,12,705,9.026274e-04,5.634091e-03,1.303339e-02,0.000000e+00,0.000000e+00,142,2.581701e-04,0,0,0
78,14,719,8.063277e-04,5.690705e-03,1.255602e-02,0.000000e+00,0.000000e+00,139,4.100949e-04,0,0,0
79,16,735,1.102781e-03,5.504584e-03,1.009873e-02,0.000000e+00,0.000000e+00,172,2.457947e-05,0,0,0
80,16,751,8.735372e-04,5.569506e-03,1.083353e-02,0.000000e+00,0.000000e+00,142,3.686436e-04,0,0,0
81,13,764,7.544527e-04,5.424493e-03,1.128974e-02,0.000000e+00,0.000000e+00,148,6.599398e-04,0,0,0
82,11,775,1.107670e-03,5.526274e-03,1.000000e-02,0.000000e+00,0.000000e+00,142,2.941489e-05,0,0,0
83,12,787,1.212630e-03,5.362506e-03,9.931439e-03,0.000000e+00,0.000000e+00,159,5.076081e-05,0,0,0
84,27,814,7.645281e-04,5.521723e-03,1.156041e-02,0.000000e+00,0.000000e+00,151,5.427003e-05,0,0,0
85,11,825,1.196471e-03,5.382136e-03,1.000000e-02,0.000000e+00,0.000000e+00,149,7.152557e-07,0,0,0
86,11,836,1.314879e-03,5.680239e-03,1.115802e-02,0.000000e+00,0.000000e+00,140,3.048987e-04,0,0,0
87,13,849,1.450801e-03,5.589896e-03,1.130144e-02,0.000000e+00,0.000000e+00,147,2.024174e-04,0,0,0
88,12,861,8.909648e-04,5.490609e-03,1.054961e-02,0.000000e+00,0.000000e+00,171,3.572367e-04,0,0,0
89,12,873,1.068191e-03,5.393225e-03,1.193181e-02,0.000000e+00,0.000000e+00,165,2.107518e-04,0,0,0
90,16,889,1.121626e-03,5.352540e-03,1.149759e-02,0.000000e+00,0.000000e+00,158,2.333522e-05,0,0,0
91,14,903,1.064441e-03,5.360431e-03,1.360827e-02,0.000000e+00,0.000000e+00,164,3.239512e-05,0,0,0
92,16,919,9.058352e-04,5.371856e-03,1.280024e-02,0.000000e+00,0.000000e+00,157,3.141612e-04,0,0,0
93,13,932,9.058352e-04,5.342636e-03,1.000000e-02,0.000000e+00,0.000000e+00,143,7.688999e-06,0,0,0
94,16,948,1.137787e-03,5.527901e-03,1.089000e-02,0.000000e+00,0.000000e+00,139,5.662441e-07,0,0,0
95,21,969,1.145738e-03,5.398247e-03,1.038618e-02,0.000000e+00,0.000000e+00,178,5.603433e-04,0,0,0
HIST {'total_samples': 72623, 'floor_samples': 0, 'floor_fraction': 0.0, 'saturation_depth': 0.0, 'boundaries': 96, 'capped_boundaries': 0, 'unfinished_worlds': 0}
96,13,982,1.007823e-03,5.446165e-03,1.237181e-02,0.000000e+00,0.000000e+00,153,3.504157e-04,0,0,0
97,12,994,9.587835e-04,5.317151e-03,1.133802e-02,0.000000e+00,0.000000e+00,178,4.580617e-05,0,0,0
98,17,1011,8.220757e-04,5.299675e-03,1.354068e-02,0.000000e+00,0.000000e+00,154,2.557784e-05,0,0,0
99,16,1027,1.021877e-03,5.226154e-03,1.028984e-02,0.000000e+00,0.000000e+00,162,6.154925e-05,0,0,0
100,12,1039,1.140302e-03,5.336734e-03,1.169562e-02,0.000000e+00,0.000000e+00,156,1.346469e-04,0,0,0
101,14,1053,1.110680e-03,5.088693e-03,1.000000e-02,0.000000e+00,0.000000e+00,176,5.085859e-05,0,0,0
102,12,1065,8.380607e-04,5.185585e-03,1.232634e-02,0.000000e+00,0.000000e+00,156,1.110137e-06,0,0,0
103,13,1078,9.374791e-04,5.131465e-03,1.000000e-02,0.000000e+00,0.000000e+00,180,2.086163e-07,0,0,0
104,14,1092,1.007469e-03,5.182403e-03,1.236929e-02,0.000000e+00,0.000000e+00,167,6.848574e-05,0,0,0
105,14,1106,1.169034e-03,4.994303e-03,1.000000e-02,0.000000e+00,0.000000e+00,175,5.616248e-05,0,0,0
106,12,1118,1.409027e-03,5.163093e-03,1.116994e-02,0.000000e+00,0.000000e+00,156,2.920628e-06,0,0,0
107,12,1130,1.121661e-03,5.099794e-03,1.214859e-02,0.000000e+00,0.000000e+00,169,3.357611e-04,0,0,0
108,15,1145,1.063398e-03,5.239150e-03,1.336345e-02,0.000000e+00,0.000000e+00,175,2.468824e-04,0,0,0
109,13,1158,8.582646e-04,5.029615e-03,1.469980e-02,0.000000e+00,0.000000e+00,175,1.100004e-04,0,0,0
110,12,1170,1.049171e-03,5.284395e-03,1.093640e-02,0.000000e+00,0.000000e+00,148,5.546957e-06,0,0,0
111,12,1182,1.170323e-03,5.263067e-03,1.072583e-02,0.000000e+00,0.000000e+00,163,1.275837e-04,0,0,0
112,16,1198,1.080535e-03,5.343863e-03,1.687887e-02,0.000000e+00,0.000000e+00,156,2.004206e-04,0,0,0
113,25,1223,4.129768e-04,5.229909e-03,1.321638e-02,0.000000e+00,0.000000e+00,172,2.311468e-04,0,0,0
114,20,1243,5.921753e-04,5.382709e-03,1.110150e-02,0.000000e+00,0.000000e+00,137,1.126528e-05,0,0,0
115,19,1262,9.645556e-04,5.305280e-03,1.097998e-02,0.000000e+00,0.000000e+00,167,3.215973e-09,0,0,0
116,17,1279,8.381354e-04,5.307486e-03,1.192057e-02,0.000000e+00,0.000000e+00,166,3.384911e-04,0,0,0
117,13,1292,1.085893e-03,5.297735e-03,1.272289e-02,0.000000e+00,0.000000e+00,154,3.773272e-04,0,0,0
118,20,1312,1.020367e-03,5.312428e-03,1.244241e-02,0.000000e+00,0.000000e+00,161,4.053116e-06,0,0,0
119,9,1321,1.312676e-03,5.279089e-03,1.055635e-02,0.000000e+00,0.000000e+00,169,6.490052e-04,0,0,0
120,12,1333,1.232090e-03,5.293599e-03,1.140699e-02,0.000000e+00,0.000000e+00,165,3.687944e-05,0,0,0
121,13,1346,1.106483e-03,5.192953e-03,1.184711e-02,0.000000e+00,0.000000e+00,169,7.677972e-04,0,0,0
122,12,1358,7.940755e-04,5.161665e-03,1.317690e-02,0.000000e+00,0.000000e+00,180,4.807785e-04,0,0,0
123,16,1374,1.059910e-03,4.951032e-03,1.214710e-02,0.000000e+00,0.000000e+00,196,1.388788e-05,0,0,0
124,16,1390,9.106834e-04,5.116829e-03,1.090698e-02,0.000000e+00,0.000000e+00,164,5.409867e-05,0,0,0
125,13,1403,1.044196e-03,5.142177e-03,1.044882e-02,0.000000e+00,0.000000e+00,165,5.338341e-04,0,0,0
126,13,1416,1.309572e-03,5.273545e-03,1.203414e-02,0.000000e+00,0.000000e+00,166,4.296377e-05,0,0,0
127,19,1435,1.071238e-03,5.328654e-03,1.093009e-02,0.000000e+00,0.000000e+00,158,8.344650e-07,0,0,0
128,11,1446,1.320918e-03,5.469228e-03,1.279635e-02,0.000000e+00,0.000000e+00,172,2.096593e-05,0,0,0
129,11,1457,1.032036e-03,5.303597e-03,1.221292e-02,0.000000e+00,0.000000e+00,167,1.684343e-05,0,0,0
130,15,1472,8.502232e-04,5.179282e-03,1.187106e-02,0.000000e+00,0.000000e+00,191,9.962171e-05,0,0,0
131,14,1486,9.274551e-04,5.159762e-03,1.007015e-02,0.000000e+00,0.000000e+00,178,2.816319e-04,0,0,0
132,13,1499,1.141465e-03,5.347629e-03,1.145358e-02,0.000000e+00,0.000000e+00,161,6.996095e-04,0,0,0
133,16,1515,7.850736e-04,5.261253e-03,1.004286e-02,0.000000e+00,0.000000e+00,178,5.536526e-05,0,0,0
134,15,1530,1.031307e-03,5.441686e-03,1.161028e-02,0.000000e+00,0.000000e+00,171,4.543341e-05,0,0,0
135,12,1542,1.133111e-03,5.164049e-03,1.014495e-02,0.000000e+00,0.000000e+00,204,3.894418e-05,0,0,0
136,13,1555,9.721543e-04,5.361180e-03,1.126765e-02,0.000000e+00,0.000000e+00,146,1.108646e-05,0,0,0
137,12,1567,1.169215e-03,5.280666e-03,1.000000e-02,0.000000e+00,0.000000e+00,176,7.847324e-06,0,0,0
138,11,1578,1.388691e-03,5.345084e-03,1.350293e-02,0.000000e+00,0.000000e+00,172,1.857542e-04,0,0,0
139,13,1591,8.978075e-04,5.253067e-03,1.178764e-02,0.000000e+00,0.000000e+00,158,2.660342e-04,0,0,0
140,14,1605,8.889466e-04,5.235495e-03,1.041570e-02,0.000000e+00,0.000000e+00,184,3.925003e-04,0,0,0
141,15,1620,1.130120e-03,5.123000e-03,1.145727e-02,0.000000e+00,0.000000e+00,182,1.316052e-04,0,0,0
142,11,1631,1.272167e-03,5.341657e-03,1.144189e-02,0.000000e+00,0.000000e+00,167,2.277344e-04,0,0,0
143,14,1645,1.412226e-03,5.239598e-03,1.038868e-02,0.000000e+00,0.000000e+00,172,1.204014e-05,0,0,0
HIST {'total_samples': 120461, 'floor_samples': 0, 'floor_fraction': 0.0, 'saturation_depth': 0.0, 'boundaries': 144, 'capped_boundaries': 0, 'unfinished_worlds': 0}
144,10,1655,1.136410e-03,5.375075e-03,1.266346e-02,0.000000e+00,0.000000e+00,168,4.270077e-04,0,0,0
145,14,1669,1.113261e-03,5.083149e-03,1.137946e-02,0.000000e+00,0.000000e+00,213,4.130974e-05,0,0,0
146,14,1683,7.979476e-04,5.179057e-03,1.240605e-02,0.000000e+00,0.000000e+00,167,2.533197e-07,0,0,0
147,15,1698,8.878781e-04,5.135152e-03,1.000000e-02,0.000000e+00,0.000000e+00,172,6.415695e-04,0,0,0
148,13,1711,1.108818e-03,5.239226e-03,1.058512e-02,0.000000e+00,0.000000e+00,165,4.546493e-04,0,0,0
149,14,1725,8.995833e-04,5.097763e-03,1.113066e-02,0.000000e+00,0.000000e+00,183,4.939688e-04,0,0,0
150,12,1737,1.185210e-03,5.179166e-03,1.000000e-02,0.000000e+00,0.000000e+00,182,7.863343e-05,0,0,0
151,11,1748,9.292524e-04,5.157011e-03,1.051704e-02,0.000000e+00,0.000000e+00,164,1.204014e-05,0,0,0
152,21,1769,8.512218e-04,5.304359e-03,1.081662e-02,0.000000e+00,0.000000e+00,163,1.586974e-05,0,0,0
153,17,1786,8.011380e-04,5.196705e-03,1.268721e-02,0.000000e+00,0.000000e+00,184,5.635247e-04,0,0,0
154,14,1800,8.175071e-04,5.234304e-03,1.107199e-02,0.000000e+00,0.000000e+00,175,6.444901e-04,0,0,0
155,23,1823,4.155645e-04,5.028990e-03,1.000000e-02,0.000000e+00,0.000000e+00,194,6.347895e-06,0,0,0
156,13,1836,1.010933e-03,5.184087e-03,1.225443e-02,0.000000e+00,0.000000e+00,153,2.026558e-06,0,0,0
157,15,1851,9.850390e-04,5.088416e-03,1.059935e-02,0.000000e+00,0.000000e+00,193,5.672872e-05,0,0,0
158,15,1866,1.035410e-03,5.195886e-03,1.482787e-02,0.000000e+00,0.000000e+00,170,1.680702e-04,0,0,0
159,15,1881,1.026690e-03,5.093740e-03,1.193731e-02,0.000000e+00,0.000000e+00,172,5.197525e-05,0,0,0
160,12,1893,1.213669e-03,5.152189e-03,1.017532e-02,0.000000e+00,0.000000e+00,163,4.020408e-04,0,0,0
161,9,1902,1.667231e-03,5.092728e-03,1.000000e-02,0.000000e+00,0.000000e+00,172,1.874268e-04,0,0,0
162,13,1915,1.258282e-03,5.098133e-03,1.000000e-02,0.000000e+00,0.000000e+00,168,4.064739e-04,0,0,0
163,11,1926,1.452785e-03,5.014746e-03,9.309745e-03,0.000000e+00,0.000000e+00,173,1.409054e-04,0,0,0
164,28,1954,5.744054e-04,5.199520e-03,1.201602e-02,0.000000e+00,0.000000e+00,158,2.584457e-04,0,0,0
165,20,1974,7.855085e-04,5.047407e-03,1.173642e-02,0.000000e+00,0.000000e+00,192,1.158863e-04,0,0,0
166,16,1990,1.086855e-03,5.130574e-03,1.000000e-02,0.000000e+00,0.000000e+00,157,4.068017e-05,0,0,0
167,12,2002,1.213009e-03,5.129463e-03,1.030937e-02,0.000000e+00,0.000000e+00,183,1.109838e-04,0,0,0
168,13,2015,1.016512e-03,5.329460e-03,1.062673e-02,0.000000e+00,0.000000e+00,161,2.574325e-04,0,0,0
169,12,2027,7.487949e-04,5.152605e-03,9.724065e-03,0.000000e+00,0.000000e+00,206,3.360608e-05,0,0,0
170,12,2039,1.384638e-03,5.114668e-03,1.112554e-02,0.000000e+00,0.000000e+00,188,1.121312e-05,0,0,0
171,14,2053,5.994162e-04,5.059980e-03,1.076280e-02,0.000000e+00,0.000000e+00,172,2.516741e-04,0,0,0
172,13,2066,9.095924e-04,5.138199e-03,1.160326e-02,0.000000e+00,0.000000e+00,175,4.351139e-06,0,0,0
173,11,2077,1.223645e-03,5.129148e-03,1.281654e-02,0.000000e+00,0.000000e+00,181,6.425381e-05,0,0,0
174,10,2087,1.778143e-03,5.305237e-03,1.317690e-02,0.000000e+00,0.000000e+00,170,6.988645e-06,0,0,0
175,11,2098,1.066136e-03,5.222170e-03,1.462651e-02,0.000000e+00,0.000000e+00,181,9.149686e-05,0,0,0
176,11,2109,1.406877e-03,5.386759e-03,1.218766e-02,0.000000e+00,0.000000e+00,137,4.237592e-04,0,0,0
177,14,2123,1.230581e-03,5.247202e-03,1.023671e-02,0.000000e+00,0.000000e+00,188,2.589077e-05,0,0,0
178,16,2139,9.492882e-04,5.409285e-03,1.162883e-02,0.000000e+00,0.000000e+00,155,7.241964e-06,0,0,0
179,14,2153,9.333733e-04,5.086210e-03,1.000000e-02,0.000000e+00,0.000000e+00,193,1.659654e-04,0,0,0
180,12,2165,1.422574e-03,5.282028e-03,1.089000e-02,0.000000e+00,0.000000e+00,175,3.163666e-04,0,0,0
181,11,2176,1.106729e-03,5.187498e-03,1.000000e-02,0.000000e+00,0.000000e+00,184,6.478559e-05,0,0,0
182,11,2187,1.090824e-03,5.227629e-03,1.132019e-02,0.000000e+00,0.000000e+00,166,1.261383e-05,0,0,0
183,11,2198,1.545444e-03,5.192511e-03,1.451355e-02,0.000000e+00,0.000000e+00,178,4.887581e-05,0,0,0
184,13,2211,9.498671e-04,5.317484e-03,1.340454e-02,0.000000e+00,0.000000e+00,171,4.551113e-04,0,0,0
185,14,2225,8.967161e-04,5.198386e-03,1.000000e-02,0.000000e+00,0.000000e+00,181,2.145767e-06,0,0,0
186,23,2248,8.566724e-04,5.328146e-03,1.144608e-02,0.000000e+00,0.000000e+00,166,4.503131e-04,0,0,0
187,15,2263,1.162397e-03,5.269735e-03,1.000000e-02,0.000000e+00,0.000000e+00,178,1.667738e-04,0,0,0
188,11,2274,1.392295e-03,5.407787e-03,1.111067e-02,0.000000e+00,0.000000e+00,164,4.121196e-04,0,0,0
189,15,2289,8.833386e-04,5.286826e-03,1.000000e-02,0.000000e+00,0.000000e+00,180,2.367496e-04,0,0,0
190,19,2308,6.547488e-04,5.469472e-03,1.194158e-02,0.000000e+00,0.000000e+00,173,6.157756e-04,0,0,0
191,16,2324,9.646521e-04,5.258409e-03,1.221761e-02,0.000000e+00,0.000000e+00,207,2.304316e-04,0,0,0
HIST {'total_samples': 169532, 'floor_samples': 0, 'floor_fraction': 0.0, 'saturation_depth': 0.0, 'boundaries': 192, 'capped_boundaries': 0, 'unfinished_worlds': 0}
192,24,2348,9.845868e-04,5.384542e-03,1.346712e-02,0.000000e+00,0.000000e+00,174,8.344650e-07,0,0,0
193,23,2371,7.155072e-04,5.291228e-03,9.538261e-03,0.000000e+00,0.000000e+00,172,4.705787e-05,0,0,0
194,19,2390,7.251333e-04,5.365290e-03,1.036798e-02,0.000000e+00,0.000000e+00,163,5.846918e-04,0,0,0
195,13,2403,1.011013e-03,5.334137e-03,1.103484e-02,0.000000e+00,0.000000e+00,160,7.427037e-04,0,0,0
196,10,2413,1.519090e-03,5.346875e-03,1.128319e-02,0.000000e+00,0.000000e+00,168,2.026558e-06,0,0,0
197,10,2423,1.550805e-03,5.297916e-03,1.000000e-02,0.000000e+00,0.000000e+00,171,3.067255e-04,0,0,0
198,12,2435,1.254420e-03,5.478728e-03,1.110773e-02,0.000000e+00,0.000000e+00,172,4.541874e-05,0,0,0
199,12,2447,1.196624e-03,5.372637e-03,1.180270e-02,0.000000e+00,0.000000e+00,180,8.082464e-04,0,0,0
200,13,2460,8.579001e-04,5.230763e-03,1.053494e-02,0.000000e+00,0.000000e+00,199,3.859736e-04,0,0,0
201,13,2473,1.175785e-03,5.207554e-03,1.198906e-02,0.000000e+00,0.000000e+00,171,7.025301e-04,0,0,0
202,14,2487,9.863947e-04,5.284315e-03,1.000000e-02,0.000000e+00,0.000000e+00,173,2.129935e-04,0,0,0
203,10,2497,1.754420e-03,5.319856e-03,1.195623e-02,0.000000e+00,0.000000e+00,167,1.345575e-04,0,0,0
204,11,2508,1.352227e-03,5.497042e-03,1.595744e-02,0.000000e+00,0.000000e+00,162,1.568869e-04,0,0,0
205,13,2521,9.262687e-04,5.218972e-03,1.000000e-02,0.000000e+00,0.000000e+00,212,2.954602e-04,0,0,0
206,13,2534,8.707068e-04,5.363318e-03,1.252220e-02,0.000000e+00,0.000000e+00,164,1.668930e-06,0,0,0
207,12,2546,8.853005e-04,5.230027e-03,1.011384e-02,0.000000e+00,0.000000e+00,178,1.497343e-04,0,0,0
208,15,2561,1.016856e-03,5.259179e-03,1.089000e-02,0.000000e+00,0.000000e+00,182,1.062527e-04,0,0,0
209,13,2574,8.266627e-04,5.184391e-03,1.000000e-02,0.000000e+00,0.000000e+00,187,3.502937e-05,0,0,0
210,20,2594,9.675146e-04,5.365971e-03,1.317690e-02,0.000000e+00,0.000000e+00,161,1.972914e-05,0,0,0
211,20,2614,7.005953e-04,5.163200e-03,1.000000e-02,0.000000e+00,0.000000e+00,200,1.263618e-05,0,0,0
212,14,2628,1.453547e-03,5.363246e-03,1.188528e-02,0.000000e+00,0.000000e+00,147,4.205108e-04,0,0,0
213,10,2638,1.744129e-03,5.302873e-03,1.000000e-02,0.000000e+00,0.000000e+00,189,9.738505e-04,0,0,0
214,18,2656,7.394815e-04,5.399023e-03,1.236619e-02,0.000000e+00,0.000000e+00,182,1.162291e-06,0,0,0
215,15,2671,1.222003e-03,5.227220e-03,1.059187e-02,0.000000e+00,0.000000e+00,183,4.217960e-04,0,0,0
216,14,2685,7.805571e-04,5.472654e-03,1.005571e-02,0.000000e+00,0.000000e+00,161,1.003742e-04,0,0,0
217,14,2699,9.420987e-04,5.385499e-03,1.000000e-02,0.000000e+00,0.000000e+00,181,8.203089e-06,0,0,0
218,11,2710,1.686881e-03,5.394247e-03,1.125337e-02,0.000000e+00,0.000000e+00,190,4.818221e-05,0,0,0
219,14,2724,1.041477e-03,5.209581e-03,1.085716e-02,0.000000e+00,0.000000e+00,206,2.328306e-09,0,0,0
220,15,2739,1.226642e-03,5.322373e-03,1.436236e-02,0.000000e+00,0.000000e+00,174,1.204014e-05,0,0,0
221,13,2752,1.041770e-03,5.231025e-03,1.283440e-02,0.000000e+00,0.000000e+00,190,4.370064e-04,0,0,0
222,11,2763,8.592183e-04,5.400658e-03,1.097179e-02,0.000000e+00,0.000000e+00,166,3.159046e-05,0,0,0
223,17,2780,6.748777e-04,5.181950e-03,1.000000e-02,0.000000e+00,0.000000e+00,201,3.918493e-05,0,0,0
224,16,2796,4.858442e-04,5.143000e-03,1.227097e-02,0.000000e+00,0.000000e+00,188,1.331046e-04,0,0,0
225,13,2809,1.247499e-03,5.175212e-03,1.000000e-02,0.000000e+00,0.000000e+00,178,4.970208e-04,0,0,0
226,13,2822,1.467924e-03,5.391362e-03,1.057410e-02,0.000000e+00,0.000000e+00,147,1.400709e-06,0,0,0
227,11,2833,1.450273e-03,5.329403e-03,1.113234e-02,0.000000e+00,0.000000e+00,173,3.546476e-06,0,0,0
228,14,2847,1.077939e-03,5.471366e-03,1.356127e-02,0.000000e+00,0.000000e+00,167,4.321337e-06,0,0,0
229,14,2861,9.889976e-04,5.361646e-03,1.000000e-02,0.000000e+00,0.000000e+00,181,5.111098e-06,0,0,0
230,14,2875,8.394597e-04,5.283738e-03,1.373456e-02,0.000000e+00,0.000000e+00,196,1.505762e-05,0,0,0
231,15,2890,1.200545e-03,5.156040e-03,1.510801e-02,0.000000e+00,0.000000e+00,188,1.931787e-04,0,0,0
232,15,2905,1.157232e-03,5.339404e-03,1.391211e-02,0.000000e+00,0.000000e+00,184,4.768372e-07,0,0,0
233,11,2916,1.273287e-03,5.119852e-03,1.236379e-02,0.000000e+00,0.000000e+00,198,2.235174e-07,0,0,0
234,10,2926,1.277417e-03,5.248927e-03,1.117536e-02,0.000000e+00,0.000000e+00,163,4.865825e-04,0,0,0
235,13,2939,1.315587e-03,5.100217e-03,1.014355e-02,0.000000e+00,0.000000e+00,196,1.387969e-04,0,0,0
236,14,2953,9.109915e-04,5.270809e-03,1.053466e-02,0.000000e+00,0.000000e+00,165,3.282253e-21,0,0,0
237,17,2970,1.174020e-03,5.093136e-03,1.000000e-02,0.000000e+00,0.000000e+00,198,1.117587e-07,0,0,0
238,10,2980,1.517639e-03,5.205006e-03,1.003818e-02,0.000000e+00,0.000000e+00,158,1.552701e-05,0,0,0
239,10,2990,1.285123e-03,5.172584e-03,9.984665e-03,0.000000e+00,0.000000e+00,183,4.874691e-04,0,0,0
HIST {'total_samples': 218394, 'floor_samples': 0, 'floor_fraction': 0.0, 'saturation_depth': 0.0, 'boundaries': 240, 'capped_boundaries': 0, 'unfinished_worlds': 0}
240,15,3005,9.263268e-04,5.262222e-03,9.544699e-03,0.000000e+00,0.000000e+00,176,5.194545e-05,0,0,0
241,11,3016,1.422922e-03,5.182398e-03,9.544699e-03,0.000000e+00,0.000000e+00,195,6.281771e-05,0,0,0
242,13,3029,8.392783e-04,5.322018e-03,1.214733e-02,0.000000e+00,0.000000e+00,162,2.060607e-04,0,0,0
243,15,3044,9.079835e-04,5.376487e-03,1.024626e-02,0.000000e+00,0.000000e+00,183,7.626321e-05,0,0,0
244,13,3057,8.814170e-04,5.382240e-03,1.099532e-02,0.000000e+00,0.000000e+00,196,2.651662e-05,0,0,0
245,10,3067,1.369322e-03,5.161316e-03,1.000000e-02,0.000000e+00,0.000000e+00,205,6.161630e-06,0,0,0
246,11,3078,1.352618e-03,5.170110e-03,1.089000e-02,0.000000e+00,0.000000e+00,198,2.398342e-05,0,0,0
247,13,3091,1.261371e-03,5.156881e-03,1.022618e-02,0.000000e+00,0.000000e+00,188,2.503395e-06,0,0,0
248,17,3108,9.454480e-04,5.168227e-03,1.124880e-02,0.000000e+00,0.000000e+00,184,5.358458e-05,0,0,0
249,15,3123,8.877121e-04,5.062107e-03,1.000000e-02,0.000000e+00,0.000000e+00,207,6.059557e-05,0,0,0
250,13,3136,9.930311e-04,5.252001e-03,1.317690e-02,0.000000e+00,0.000000e+00,175,1.329929e-05,0,0,0
251,11,3147,8.903820e-04,5.221711e-03,1.000000e-02,0.000000e+00,0.000000e+00,188,3.546476e-04,0,0,0
252,18,3165,6.116780e-04,5.182751e-03,1.000000e-02,0.000000e+00,0.000000e+00,177,9.536743e-06,0,0,0
253,12,3177,9.471487e-04,5.091541e-03,1.034469e-02,0.000000e+00,0.000000e+00,198,2.451465e-04,0,0,0
254,11,3188,1.124417e-03,5.188234e-03,1.156746e-02,0.000000e+00,0.000000e+00,181,8.065440e-05,0,0,0
255,14,3202,1.186430e-03,5.170927e-03,1.000000e-02,0.000000e+00,0.000000e+00,189,2.270099e-07,0,0,0
256,12,3214,1.201341e-03,5.255981e-03,1.089000e-02,0.000000e+00,0.000000e+00,181,1.445264e-04,0,0,0
257,15,3229,7.828058e-04,5.145008e-03,1.071193e-02,0.000000e+00,0.000000e+00,212,1.893938e-04,0,0,0
258,12,3241,1.158102e-03,5.024401e-03,1.302130e-02,0.000000e+00,0.000000e+00,210,1.160800e-05,0,0,0
259,12,3253,1.156951e-03,4.865794e-03,1.017682e-02,0.000000e+00,0.000000e+00,203,2.733320e-04,0,0,0
260,16,3269,1.021355e-03,5.042545e-03,1.032465e-02,0.000000e+00,0.000000e+00,191,1.244924e-05,0,0,0
261,13,3282,1.011082e-03,4.934160e-03,1.102778e-02,0.000000e+00,0.000000e+00,219,6.540632e-05,0,0,0
262,14,3296,8.571506e-04,5.083632e-03,1.331047e-02,0.000000e+00,0.000000e+00,208,1.281500e-05,0,0,0
263,18,3314,9.088618e-04,4.965479e-03,1.000000e-02,0.000000e+00,0.000000e+00,202,2.266280e-04,0,0,0
264,15,3329,9.137707e-04,5.071945e-03,1.313592e-02,0.000000e+00,0.000000e+00,185,2.463162e-04,0,0,0
265,13,3342,8.256544e-04,4.865567e-03,1.000000e-02,0.000000e+00,0.000000e+00,231,3.487319e-04,0,0,0
266,13,3355,1.407397e-03,4.939936e-03,1.089000e-02,0.000000e+00,0.000000e+00,190,1.743436e-06,0,0,0
267,10,3365,1.697474e-03,5.097060e-03,1.010305e-02,0.000000e+00,0.000000e+00,161,8.434057e-05,0,0,0
268,13,3378,9.617567e-04,5.178838e-03,1.178846e-02,0.000000e+00,0.000000e+00,201,1.103804e-05,0,0,0
269,12,3390,1.415823e-03,5.131331e-03,1.000000e-02,0.000000e+00,0.000000e+00,193,4.869699e-05,0,0,0
270,10,3400,1.357446e-03,5.131644e-03,1.050155e-02,0.000000e+00,0.000000e+00,194,1.311302e-05,0,0,0
271,12,3412,8.210682e-04,5.071211e-03,1.043070e-02,0.000000e+00,0.000000e+00,187,1.149252e-06,0,0,0
272,11,3423,1.441245e-03,5.165875e-03,1.144372e-02,0.000000e+00,0.000000e+00,176,1.103580e-04,0,0,0
273,12,3435,1.284172e-03,5.070812e-03,1.258224e-02,0.000000e+00,0.000000e+00,211,2.422743e-05,0,0,0
274,10,3445,1.630253e-03,5.194616e-03,1.089131e-02,0.000000e+00,0.000000e+00,182,5.703382e-04,0,0,0
275,13,3458,9.708597e-04,5.181407e-03,1.000000e-02,0.000000e+00,0.000000e+00,185,1.038057e-04,0,0,0
276,11,3469,1.635359e-03,5.262299e-03,1.278772e-02,0.000000e+00,0.000000e+00,182,6.705523e-07,0,0,0
277,9,3478,9.858611e-04,5.052077e-03,1.218021e-02,0.000000e+00,0.000000e+00,217,3.047734e-04,0,0,0
278,12,3490,1.069042e-03,5.138237e-03,1.317690e-02,0.000000e+00,0.000000e+00,183,3.717840e-05,0,0,0
279,16,3506,8.708482e-04,5.032565e-03,1.360675e-02,0.000000e+00,0.000000e+00,210,3.589690e-05,0,0,0
280,12,3518,1.211652e-03,5.074460e-03,1.594405e-02,0.000000e+00,0.000000e+00,188,3.236234e-04,0,0,0
281,12,3530,1.219741e-03,5.003333e-03,1.464057e-02,0.000000e+00,0.000000e+00,200,1.072884e-05,0,0,0
282,14,3544,8.353048e-04,5.136868e-03,1.000000e-02,0.000000e+00,0.000000e+00,161,6.619245e-04,0,0,0
283,11,3555,1.073173e-03,5.091346e-03,1.045162e-02,0.000000e+00,0.000000e+00,195,1.370907e-05,0,0,0
284,14,3569,8.475586e-04,5.273673e-03,1.149678e-02,0.000000e+00,0.000000e+00,167,4.662871e-04,0,0,0
285,13,3582,1.025958e-03,5.109333e-03,1.000000e-02,0.000000e+00,0.000000e+00,206,1.268405e-04,0,0,0
286,12,3594,1.273907e-03,5.173320e-03,1.307818e-02,0.000000e+00,0.000000e+00,188,8.791685e-06,0,0,0
287,9,3603,1.036203e-03,5.133262e-03,1.407987e-02,0.000000e+00,0.000000e+00,181,6.941445e-04,0,0,0
HIST {'total_samples': 269923, 'floor_samples': 0, 'floor_fraction': 0.0, 'saturation_depth': 0.0, 'boundaries': 288, 'capped_boundaries': 0, 'unfinished_worlds': 0}
288,11,3614,1.333431e-03,5.237656e-03,1.581986e-02,0.000000e+00,0.000000e+00,165,4.015928e-04,0,0,0
289,19,3633,6.667211e-04,5.171754e-03,1.238120e-02,0.000000e+00,0.000000e+00,181,2.373457e-04,0,0,0
290,12,3645,1.468246e-03,5.259563e-03,1.089000e-02,0.000000e+00,0.000000e+00,165,4.932471e-05,0,0,0
291,11,3656,1.323319e-03,5.160033e-03,1.034675e-02,0.000000e+00,0.000000e+00,202,4.978776e-04,0,0,0
292,14,3670,1.357034e-03,5.094104e-03,1.109086e-02,0.000000e+00,0.000000e+00,205,4.635891e-06,0,0,0
293,17,3687,8.391297e-04,5.043434e-03,1.131861e-02,0.000000e+00,0.000000e+00,180,3.680587e-05,0,0,0
294,14,3701,1.294793e-03,5.183487e-03,1.192176e-02,0.000000e+00,0.000000e+00,190,1.050113e-05,0,0,0
295,12,3713,1.399780e-03,4.903409e-03,1.000000e-02,0.000000e+00,0.000000e+00,206,3.431737e-05,0,0,0
296,14,3727,9.887054e-04,5.058516e-03,1.210642e-02,0.000000e+00,0.000000e+00,184,1.192093e-07,0,0,0
297,18,3745,7.153701e-04,4.960954e-03,1.000000e-02,0.000000e+00,0.000000e+00,206,5.941838e-04,0,0,0
298,12,3757,1.191310e-03,5.102198e-03,1.098771e-02,0.000000e+00,0.000000e+00,183,2.028793e-05,0,0,0
299,10,3767,1.545271e-03,5.066828e-03,1.069335e-02,0.000000e+00,0.000000e+00,195,4.513860e-04,0,0,0
300,16,3783,9.064050e-04,5.182146e-03,1.080232e-02,0.000000e+00,0.000000e+00,185,2.391636e-06,0,0,0
301,16,3799,9.605811e-04,5.096898e-03,1.039289e-02,0.000000e+00,0.000000e+00,203,2.857745e-04,0,0,0
302,14,3813,1.083031e-03,4.998430e-03,9.736484e-03,0.000000e+00,0.000000e+00,187,1.344830e-05,0,0,0
303,12,3825,1.097864e-03,4.951484e-03,1.005200e-02,0.000000e+00,0.000000e+00,208,2.427758e-04,0,0,0
304,13,3838,1.313834e-03,5.234599e-03,1.191941e-02,0.000000e+00,0.000000e+00,192,9.443983e-05,0,0,0
305,13,3851,9.713507e-04,5.188835e-03,9.693709e-03,0.000000e+00,0.000000e+00,177,1.343386e-04,0,0,0
306,12,3863,1.376877e-03,5.238622e-03,1.325534e-02,0.000000e+00,0.000000e+00,186,1.781881e-04,0,0,0
307,12,3875,1.148455e-03,5.269364e-03,1.304313e-02,0.000000e+00,0.000000e+00,195,1.274166e-06,0,0,0
308,11,3886,1.051086e-03,5.250076e-03,1.055645e-02,0.000000e+00,0.000000e+00,204,2.243742e-04,0,0,0
309,15,3901,1.328631e-03,5.055125e-03,9.387849e-03,0.000000e+00,0.000000e+00,218,5.006790e-06,0,0,0
310,13,3914,9.155401e-04,5.100214e-03,1.042663e-02,0.000000e+00,0.000000e+00,185,2.133846e-05,0,0,0
311,13,3927,9.927071e-04,4.983058e-03,1.133381e-02,0.000000e+00,0.000000e+00,201,2.448238e-05,0,0,0
312,13,3940,1.237099e-03,5.128641e-03,1.086912e-02,0.000000e+00,0.000000e+00,178,7.711351e-07,0,0,0
313,14,3954,7.401136e-04,5.003762e-03,1.034989e-02,0.000000e+00,0.000000e+00,193,1.198053e-05,0,0,0
314,19,3973,8.888564e-04,4.986404e-03,1.080466e-02,0.000000e+00,0.000000e+00,191,9.873882e-06,0,0,0
315,12,3985,1.140572e-03,5.115771e-03,1.021424e-02,0.000000e+00,0.000000e+00,178,8.224472e-04,0,0,0
316,13,3998,1.200267e-03,5.340286e-03,1.203457e-02,0.000000e+00,0.000000e+00,171,2.824115e-04,0,0,0
317,15,4013,8.482035e-04,5.123156e-03,1.197900e-02,0.000000e+00,0.000000e+00,203,2.610683e-05,0,0,0
318,15,4028,9.128994e-04,5.055427e-03,1.050264e-02,0.000000e+00,0.000000e+00,222,2.080761e-05,0,0,0
319,11,4039,1.247304e-03,5.083776e-03,1.059101e-02,0.000000e+00,0.000000e+00,188,8.761045e-05,0,0,0
320,16,4055,8.802092e-04,5.061715e-03,1.085792e-02,0.000000e+00,0.000000e+00,204,3.676713e-04,0,0,0
321,12,4067,1.407244e-03,5.069085e-03,1.113378e-02,0.000000e+00,0.000000e+00,198,5.784631e-05,0,0,0
322,14,4081,1.257945e-03,5.228588e-03,1.221300e-02,0.000000e+00,0.000000e+00,164,6.765872e-05,0,0,0
323,14,4095,8.877206e-04,5.072200e-03,1.278798e-02,0.000000e+00,0.000000e+00,222,7.226598e-06,0,0,0
324,10,4105,1.439385e-03,5.224719e-03,1.264133e-02,0.000000e+00,0.000000e+00,185,5.744062e-04,0,0,0
325,12,4117,1.437510e-03,5.088409e-03,1.076266e-02,0.000000e+00,0.000000e+00,195,5.248338e-04,0,0,0
326,14,4131,1.379408e-03,5.179743e-03,1.228851e-02,0.000000e+00,0.000000e+00,204,7.361174e-06,0,0,0
327,15,4146,1.252959e-03,5.111167e-03,1.004060e-02,0.000000e+00,0.000000e+00,208,5.165860e-04,0,0,0
328,13,4159,1.372559e-03,5.239225e-03,1.085367e-02,0.000000e+00,0.000000e+00,194,2.513081e-05,0,0,0
329,12,4171,9.838046e-04,5.195871e-03,1.008631e-02,0.000000e+00,0.000000e+00,194,4.023127e-05,0,0,0
330,16,4187,1.236782e-03,5.198901e-03,1.173736e-02,0.000000e+00,0.000000e+00,201,7.390976e-06,0,0,0
331,13,4200,1.020511e-03,5.045441e-03,1.000000e-02,0.000000e+00,0.000000e+00,216,2.559274e-05,0,0,0
332,14,4214,8.966866e-04,5.117149e-03,1.420221e-02,0.000000e+00,0.000000e+00,179,1.290441e-04,0,0,0
333,12,4226,1.268494e-03,5.085522e-03,1.000000e-02,0.000000e+00,0.000000e+00,211,6.318092e-06,0,0,0
334,12,4238,1.066150e-03,5.109396e-03,1.089000e-02,0.000000e+00,0.000000e+00,190,2.797544e-04,0,0,0
335,17,4255,1.238755e-03,5.048687e-03,1.000000e-02,0.000000e+00,0.000000e+00,190,2.644956e-06,0,0,0
HIST {'total_samples': 321959, 'floor_samples': 0, 'floor_fraction': 0.0, 'saturation_depth': 0.0, 'boundaries': 336, 'capped_boundaries': 0, 'unfinished_worlds': 0}
336,14,4269,1.109364e-03,5.103337e-03,1.000000e-02,0.000000e+00,0.000000e+00,186,8.895248e-05,0,0,0
337,17,4286,9.899928e-04,4.904778e-03,9.856905e-03,0.000000e+00,0.000000e+00,237,2.307668e-04,0,0,0
338,17,4303,9.056650e-04,5.016143e-03,1.032613e-02,0.000000e+00,0.000000e+00,183,4.141927e-04,0,0,0
339,15,4318,6.866531e-04,4.980444e-03,1.000000e-02,0.000000e+00,0.000000e+00,211,2.276152e-05,0,0,0
340,19,4337,7.378103e-04,5.026530e-03,1.106513e-02,0.000000e+00,0.000000e+00,196,1.043081e-06,0,0,0
341,13,4350,1.193264e-03,5.007642e-03,1.000000e-02,0.000000e+00,0.000000e+00,198,7.033348e-06,0,0,0
342,14,4364,9.073023e-04,4.889994e-03,1.000000e-02,0.000000e+00,0.000000e+00,208,7.716715e-04,0,0,0
343,16,4380,8.537842e-04,4.906709e-03,1.050984e-02,0.000000e+00,0.000000e+00,203,1.409054e-04,0,0,0
344,16,4396,8.985271e-04,5.068541e-03,1.000000e-02,0.000000e+00,0.000000e+00,188,4.115701e-05,0,0,0
345,16,4412,8.208033e-04,4.951988e-03,1.000526e-02,0.000000e+00,0.000000e+00,202,2.272576e-04,0,0,0
346,11,4423,1.012434e-03,4.999832e-03,1.061280e-02,0.000000e+00,0.000000e+00,200,7.000938e-05,0,0,0
347,13,4436,9.105930e-04,5.020023e-03,9.661579e-03,0.000000e+00,0.000000e+00,214,5.244687e-04,0,0,0
348,11,4447,1.413327e-03,5.213743e-03,1.191808e-02,0.000000e+00,0.000000e+00,177,2.092123e-05,0,0,0
349,11,4458,1.450205e-03,5.147267e-03,1.174461e-02,0.000000e+00,0.000000e+00,202,1.622438e-04,0,0,0
350,11,4469,1.421416e-03,5.053604e-03,1.000000e-02,0.000000e+00,0.000000e+00,202,8.005649e-05,0,0,0
351,12,4481,1.225379e-03,5.074661e-03,1.000000e-02,0.000000e+00,0.000000e+00,193,7.256866e-06,0,0,0
352,11,4492,1.535868e-03,5.105975e-03,1.227588e-02,0.000000e+00,0.000000e+00,194,3.248453e-06,0,0,0
353,11,4503,1.033553e-03,5.247647e-03,1.270719e-02,0.000000e+00,0.000000e+00,182,2.954155e-06,0,0,0
354,9,4512,1.742118e-03,5.337840e-03,1.174142e-02,0.000000e+00,0.000000e+00,182,2.457909e-04,0,0,0
355,10,4522,1.003494e-03,5.195560e-03,1.223847e-02,0.000000e+00,0.000000e+00,206,2.202182e-04,0,0,0
356,13,4535,9.512441e-04,5.163997e-03,1.071288e-02,0.000000e+00,0.000000e+00,215,2.380693e-04,0,0,0
357,13,4548,1.333000e-03,4.994712e-03,9.068032e-03,0.000000e+00,0.000000e+00,211,7.595122e-05,0,0,0
358,13,4561,1.126121e-03,5.012712e-03,1.069592e-02,0.000000e+00,0.000000e+00,199,4.380941e-06,0,0,0
359,10,4571,1.480135e-03,5.028907e-03,1.083349e-02,0.000000e+00,0.000000e+00,203,4.938170e-04,0,0,0
360,14,4585,8.755332e-04,5.143417e-03,1.155746e-02,0.000000e+00,0.000000e+00,179,1.071393e-05,0,0,0
361,13,4598,9.807246e-04,5.039560e-03,1.236657e-02,0.000000e+00,0.000000e+00,201,5.999506e-04,0,0,0
362,11,4609,1.196785e-03,4.956814e-03,1.149401e-02,0.000000e+00,0.000000e+00,214,9.685755e-08,0,0,0
363,13,4622,1.317105e-03,4.991063e-03,1.000000e-02,0.000000e+00,0.000000e+00,195,2.432466e-04,0,0,0
364,15,4637,8.816991e-04,5.123452e-03,1.207368e-02,0.000000e+00,0.000000e+00,197,4.359260e-04,0,0,0
365,16,4653,7.754489e-04,4.994681e-03,1.000000e-02,0.000000e+00,0.000000e+00,220,1.224130e-05,0,0,0
366,17,4670,9.763483e-04,5.100091e-03,1.107675e-02,0.000000e+00,0.000000e+00,196,6.490946e-05,0,0,0
367,11,4681,1.266335e-03,5.118185e-03,1.046174e-02,0.000000e+00,0.000000e+00,205,5.509853e-04,0,0,0
368,15,4696,7.981747e-04,5.119871e-03,1.089000e-02,0.000000e+00,0.000000e+00,218,3.911555e-07,0,0,0
369,15,4711,1.045139e-03,5.033690e-03,1.000000e-02,0.000000e+00,0.000000e+00,215,1.137853e-04,0,0,0
370,12,4723,1.149237e-03,5.075249e-03,1.000000e-02,0.000000e+00,0.000000e+00,199,3.755093e-06,0,0,0
371,12,4735,1.172312e-03,5.047904e-03,9.431547e-03,0.000000e+00,0.000000e+00,206,6.079674e-05,0,0,0
372,15,4750,1.038935e-03,5.068171e-03,1.064167e-02,0.000000e+00,0.000000e+00,204,8.374453e-06,0,0,0
373,12,4762,8.091941e-04,5.055838e-03,1.000000e-02,0.000000e+00,0.000000e+00,196,2.953410e-04,0,0,0
374,14,4776,9.693506e-04,5.091799e-03,1.027096e-02,0.000000e+00,0.000000e+00,186,3.075600e-04,0,0,0
375,10,4786,1.146047e-03,4.951311e-03,1.000000e-02,0.000000e+00,0.000000e+00,223,1.523495e-04,0,0,0
376,17,4803,1.138654e-03,5.080812e-03,1.083554e-02,0.000000e+00,0.000000e+00,186,1.394749e-05,0,0,0
377,17,4820,1.071057e-03,5.067195e-03,1.069827e-02,0.000000e+00,0.000000e+00,205,5.118549e-04,0,0,0
378,18,4838,8.428355e-04,5.126038e-03,1.311100e-02,0.000000e+00,0.000000e+00,202,4.054308e-04,0,0,0
379,15,4853,1.519149e-03,5.159221e-03,1.083057e-02,0.000000e+00,0.000000e+00,203,7.300079e-05,0,0,0
380,12,4865,1.127826e-03,5.179646e-03,1.260882e-02,0.000000e+00,0.000000e+00,202,9.381771e-05,0,0,0
381,12,4877,1.228352e-03,5.138011e-03,1.303339e-02,0.000000e+00,0.000000e+00,194,2.216995e-04,0,0,0
382,10,4887,1.287130e-03,5.117329e-03,1.085122e-02,0.000000e+00,0.000000e+00,202,2.675056e-04,0,0,0
383,11,4898,1.262425e-03,5.104578e-03,1.092167e-02,0.000000e+00,0.000000e+00,189,3.800541e-05,0,0,0
HIST {'total_samples': 374972, 'floor_samples': 0, 'floor_fraction': 0.0, 'saturation_depth': 0.0, 'boundaries': 384, 'capped_boundaries': 0, 'unfinished_worlds': 0}
384,13,4911,8.914275e-04,5.118071e-03,1.201383e-02,0.000000e+00,0.000000e+00,197,4.217476e-04,0,0,0
385,15,4926,7.548089e-04,5.070601e-03,1.243816e-02,0.000000e+00,0.000000e+00,217,6.502867e-04,0,0,0
386,13,4939,1.235550e-03,5.157131e-03,1.089000e-02,0.000000e+00,0.000000e+00,189,2.074987e-05,0,0,0
387,12,4951,1.144979e-03,5.120239e-03,1.230682e-02,0.000000e+00,0.000000e+00,197,3.539026e-07,0,0,0
388,11,4962,1.325668e-03,5.276194e-03,1.000000e-02,0.000000e+00,0.000000e+00,187,3.862381e-05,0,0,0
389,23,4985,1.354328e-03,5.130005e-03,1.086335e-02,0.000000e+00,0.000000e+00,216,4.374944e-04,0,0,0
390,11,4996,1.677745e-03,5.094224e-03,1.089000e-02,0.000000e+00,0.000000e+00,203,7.674098e-07,0,0,0
391,10,5006,9.549924e-04,5.076299e-03,1.197900e-02,0.000000e+00,0.000000e+00,198,1.759827e-04,0,0,0
392,11,5017,7.335891e-04,5.126332e-03,1.291944e-02,0.000000e+00,0.000000e+00,193,5.150735e-04,0,0,0
393,15,5032,7.729804e-04,5.108914e-03,1.050512e-02,0.000000e+00,0.000000e+00,206,4.324019e-04,0,0,0
394,14,5046,7.556083e-04,5.203316e-03,1.076191e-02,0.000000e+00,0.000000e+00,189,1.544356e-04,0,0,0
395,12,5058,1.249615e-03,5.056750e-03,1.000000e-02,0.000000e+00,0.000000e+00,198,2.003759e-04,0,0,0
396,14,5072,1.199056e-03,5.155124e-03,1.310071e-02,0.000000e+00,0.000000e+00,203,9.822543e-11,0,0,0
397,17,5089,7.539146e-04,4.983167e-03,1.038412e-02,0.000000e+00,0.000000e+00,226,5.531609e-04,0,0,0
398,13,5102,7.337288e-04,5.052483e-03,1.143393e-02,0.000000e+00,0.000000e+00,203,3.205240e-04,0,0,0
399,12,5114,9.918845e-04,4.918566e-03,1.000000e-02,0.000000e+00,0.000000e+00,210,1.050532e-06,0,0,0
400,11,5125,1.333047e-03,5.264198e-03,1.045158e-02,0.000000e+00,0.000000e+00,172,2.099387e-05,0,0,0
401,15,5140,1.239016e-03,5.097898e-03,9.923516e-03,0.000000e+00,0.000000e+00,212,1.602806e-05,0,0,0
402,13,5153,9.266568e-04,5.293331e-03,1.227839e-02,0.000000e+00,0.000000e+00,192,6.585345e-04,0,0,0
403,14,5167,1.130807e-03,5.299301e-03,1.047138e-02,0.000000e+00,0.000000e+00,197,5.429089e-04,0,0,0
404,12,5179,9.813075e-04,5.242706e-03,1.317690e-02,0.000000e+00,0.000000e+00,201,6.490946e-04,0,0,0
405,11,5190,1.282786e-03,5.167459e-03,1.439297e-02,0.000000e+00,0.000000e+00,197,6.232485e-04,0,0,0
406,14,5204,9.665947e-04,5.170425e-03,1.044573e-02,0.000000e+00,0.000000e+00,200,4.906952e-05,0,0,0
407,12,5216,1.088532e-03,5.085153e-03,1.000000e-02,0.000000e+00,0.000000e+00,201,5.451404e-05,0,0,0
408,10,5226,1.292014e-03,5.154110e-03,1.174177e-02,0.000000e+00,0.000000e+00,198,7.020235e-04,0,0,0
409,12,5238,1.292673e-03,5.181501e-03,1.000000e-02,0.000000e+00,0.000000e+00,195,3.569722e-04,0,0,0
410,12,5250,1.405414e-03,5.133923e-03,1.320624e-02,0.000000e+00,0.000000e+00,196,6.044507e-04,0,0,0
411,13,5263,1.214823e-03,5.097673e-03,1.010752e-02,0.000000e+00,0.000000e+00,224,2.492033e-05,0,0,0
412,20,5283,6.589501e-04,5.092932e-03,1.072657e-02,0.000000e+00,0.000000e+00,202,4.932284e-06,0,0,0
413,14,5297,1.022211e-03,5.065634e-03,1.319912e-02,0.000000e+00,0.000000e+00,203,2.887696e-04,0,0,0
414,15,5312,1.235404e-03,5.131162e-03,1.116124e-02,0.000000e+00,0.000000e+00,189,7.125735e-05,0,0,0
415,18,5330,5.495199e-04,5.027799e-03,1.068246e-02,0.000000e+00,0.000000e+00,217,2.844930e-04,0,0,0
416,16,5346,8.620500e-04,5.167525e-03,1.214351e-02,0.000000e+00,0.000000e+00,191,1.089796e-04,0,0,0
417,13,5359,1.205256e-03,5.149757e-03,1.000000e-02,0.000000e+00,0.000000e+00,195,2.058148e-04,0,0,0
418,10,5369,1.352313e-03,5.278028e-03,1.220421e-02,0.000000e+00,0.000000e+00,188,5.871058e-06,0,0,0
419,14,5383,1.031222e-03,5.218710e-03,1.032706e-02,0.000000e+00,0.000000e+00,191,2.950430e-06,0,0,0
420,11,5394,1.017908e-03,5.280527e-03,1.198974e-02,0.000000e+00,0.000000e+00,193,1.200438e-04,0,0,0
421,12,5406,1.482902e-03,5.192616e-03,1.012802e-02,0.000000e+00,0.000000e+00,205,5.156100e-04,0,0,0
422,13,5419,9.188839e-04,5.189002e-03,1.366083e-02,0.000000e+00,0.000000e+00,206,2.847388e-04,0,0,0
423,14,5433,1.289117e-03,5.160001e-03,1.517281e-02,0.000000e+00,0.000000e+00,192,1.178794e-04,0,0,0
424,17,5450,8.455847e-04,5.218604e-03,1.245377e-02,0.000000e+00,0.000000e+00,203,4.135966e-04,0,0,0
425,13,5463,8.139862e-04,5.051261e-03,1.000000e-02,0.000000e+00,0.000000e+00,214,9.472668e-05,0,0,0
426,13,5476,1.226800e-03,5.218451e-03,1.501094e-02,0.000000e+00,0.000000e+00,181,3.740191e-05,0,0,0
427,12,5488,1.305265e-03,4.973100e-03,1.000000e-02,0.000000e+00,0.000000e+00,209,3.642887e-04,0,0,0
428,15,5503,1.193265e-03,5.065090e-03,1.295786e-02,0.000000e+00,0.000000e+00,227,1.484938e-04,0,0,0
429,14,5517,1.454125e-03,5.043949e-03,1.197900e-02,0.000000e+00,0.000000e+00,203,3.494322e-05,0,0,0
430,21,5538,8.125186e-04,5.058189e-03,1.421531e-02,0.000000e+00,0.000000e+00,200,2.773851e-05,0,0,0
431,14,5552,9.410930e-04,5.022857e-03,1.000000e-02,0.000000e+00,0.000000e+00,201,1.301356e-04,0,0,0
HIST {'total_samples': 427671, 'floor_samples': 0, 'floor_fraction': 0.0, 'saturation_depth': 0.0, 'boundaries': 432, 'capped_boundaries': 0, 'unfinished_worlds': 0}
432,12,5564,1.144691e-03,5.134265e-03,1.150309e-02,0.000000e+00,0.000000e+00,190,7.958710e-05,0,0,0
433,12,5576,8.701874e-04,4.951911e-03,1.000000e-02,0.000000e+00,0.000000e+00,225,3.773719e-05,0,0,0
434,15,5591,9.501736e-04,5.121543e-03,1.152989e-02,0.000000e+00,0.000000e+00,190,6.117523e-04,0,0,0
435,14,5605,9.555308e-04,5.007278e-03,1.000000e-02,0.000000e+00,0.000000e+00,220,2.333224e-04,0,0,0
436,13,5618,1.164480e-03,5.226159e-03,1.270264e-02,0.000000e+00,0.000000e+00,205,1.440048e-04,0,0,0
437,12,5630,1.262975e-03,5.131055e-03,1.072382e-02,0.000000e+00,0.000000e+00,203,4.246831e-06,0,0,0
438,14,5644,1.377304e-03,5.141921e-03,1.188752e-02,0.000000e+00,0.000000e+00,192,1.282096e-04,0,0,0
439,15,5659,8.456578e-04,5.005322e-03,1.307627e-02,0.000000e+00,0.000000e+00,218,4.660487e-04,0,0,0
440,14,5673,1.538998e-03,5.249177e-03,1.395323e-02,0.000000e+00,0.000000e+00,176,3.230572e-05,0,0,0
441,14,5687,1.487847e-03,5.201779e-03,1.009667e-02,0.000000e+00,0.000000e+00,188,2.418458e-05,0,0,0
442,11,5698,1.241328e-03,5.157258e-03,1.252401e-02,0.000000e+00,0.000000e+00,208,1.308620e-04,0,0,0
443,11,5709,1.178550e-03,5.060815e-03,1.821472e-02,0.000000e+00,0.000000e+00,191,1.544133e-05,0,0,0
444,10,5719,9.558443e-04,5.139706e-03,1.494418e-02,0.000000e+00,0.000000e+00,188,9.804964e-06,0,0,0
445,16,5735,1.407586e-03,5.126298e-03,1.337110e-02,0.000000e+00,0.000000e+00,202,1.907349e-05,0,0,0
446,9,5744,1.621887e-03,5.303311e-03,1.821472e-02,0.000000e+00,0.000000e+00,183,7.421747e-04,0,0,0
447,14,5758,1.644223e-03,5.359043e-03,1.821472e-02,0.000000e+00,0.000000e+00,165,4.184991e-05,0,0,0
448,15,5773,1.279128e-03,5.364811e-03,1.821472e-02,0.000000e+00,0.000000e+00,183,5.508773e-06,0,0,0
449,18,5791,7.268494e-04,4.977832e-03,1.557580e-02,0.000000e+00,0.000000e+00,228,2.208538e-05,0,0,0
450,15,5806,1.017552e-03,5.039029e-03,1.208254e-02,0.000000e+00,0.000000e+00,192,3.162937e-04,0,0,0
451,12,5818,1.181439e-03,5.083433e-03,1.000000e-02,0.000000e+00,0.000000e+00,190,4.019588e-06,0,0,0
452,12,5830,1.325299e-03,5.284846e-03,1.198449e-02,0.000000e+00,0.000000e+00,169,2.467632e-05,0,0,0
453,11,5841,1.314844e-03,5.147444e-03,1.215568e-02,0.000000e+00,0.000000e+00,196,1.342576e-04,0,0,0
454,10,5851,1.377174e-03,5.329006e-03,1.182278e-02,0.000000e+00,0.000000e+00,176,3.248453e-06,0,0,0
455,10,5861,1.488723e-03,5.297478e-03,1.000000e-02,0.000000e+00,0.000000e+00,179,3.052838e-04,0,0,0
456,13,5874,1.269308e-03,5.293141e-03,1.089000e-02,0.000000e+00,0.000000e+00,178,5.674362e-05,0,0,0
457,16,5890,1.170663e-03,5.113371e-03,1.197900e-02,0.000000e+00,0.000000e+00,214,4.853830e-04,0,0,0
458,10,5900,1.318098e-03,5.267363e-03,1.066608e-02,0.000000e+00,0.000000e+00,180,2.016127e-04,0,0,0
459,10,5910,1.439023e-03,5.186537e-03,1.000000e-02,0.000000e+00,0.000000e+00,183,5.917251e-05,0,0,0
460,12,5922,1.080505e-03,5.262200e-03,1.086182e-02,0.000000e+00,0.000000e+00,194,2.425909e-05,0,0,0
461,13,5935,1.069851e-03,5.174370e-03,1.194800e-02,0.000000e+00,0.000000e+00,192,2.409816e-04,0,0,0
462,12,5947,8.358637e-04,5.164355e-03,1.117928e-02,0.000000e+00,0.000000e+00,196,1.877025e-04,0,0,0
463,16,5963,9.121607e-04,5.075087e-03,1.000000e-02,0.000000e+00,0.000000e+00,210,1.892447e-04,0,0,0
464,12,5975,9.522148e-04,5.283120e-03,1.065317e-02,0.000000e+00,0.000000e+00,176,2.457350e-04,0,0,0
465,15,5990,1.157577e-03,5.249246e-03,1.071538e-02,0.000000e+00,0.000000e+00,202,3.188848e-04,0,0,0
466,11,6001,1.354400e-03,5.226396e-03,1.102349e-02,0.000000e+00,0.000000e+00,208,3.011450e-04,0,0,0
467,13,6014,9.122572e-04,5.131496e-03,1.000000e-02,0.000000e+00,0.000000e+00,207,9.837747e-05,0,0,0
468,12,6026,9.741826e-04,5.149903e-03,1.098858e-02,0.000000e+00,0.000000e+00,194,3.464520e-07,0,0,0
469,13,6039,1.243443e-03,5.088463e-03,1.000000e-02,0.000000e+00,0.000000e+00,206,4.828796e-04,0,0,0
470,12,6051,7.980627e-04,5.182752e-03,1.367230e-02,0.000000e+00,0.000000e+00,210,8.367002e-05,0,0,0
471,11,6062,1.585905e-03,5.251839e-03,1.000000e-02,0.000000e+00,0.000000e+00,185,1.387596e-04,0,0,0
472,10,6072,1.173703e-03,5.325405e-03,1.136235e-02,0.000000e+00,0.000000e+00,196,1.624674e-04,0,0,0
473,13,6085,1.257375e-03,5.163609e-03,1.038448e-02,0.000000e+00,0.000000e+00,202,2.033785e-04,0,0,0
474,12,6097,1.359719e-03,5.280333e-03,1.113984e-02,0.000000e+00,0.000000e+00,190,3.905892e-04,0,0,0
475,10,6107,1.131229e-03,5.190349e-03,1.049396e-02,0.000000e+00,0.000000e+00,203,5.032346e-04,0,0,0
476,13,6120,9.372603e-04,5.392061e-03,1.164466e-02,0.000000e+00,0.000000e+00,178,4.620850e-05,0,0,0
477,14,6134,8.914448e-04,5.218594e-03,1.399540e-02,0.000000e+00,0.000000e+00,201,1.501590e-04,0,0,0
478,13,6147,1.348289e-03,5.353516e-03,1.200482e-02,0.000000e+00,0.000000e+00,187,3.725290e-06,0,0,0
479,16,6163,7.185949e-04,5.246529e-03,1.000000e-02,0.000000e+00,0.000000e+00,199,1.439089e-04,0,0,0
HIST {'total_samples': 479402, 'floor_samples': 0, 'floor_fraction': 0.0, 'saturation_depth': 0.0, 'boundaries': 480, 'capped_boundaries': 0, 'unfinished_worlds': 0}
480,14,6177,1.146167e-03,5.358725e-03,1.462213e-02,0.000000e+00,0.000000e+00,189,5.438179e-05,0,0,0
481,12,6189,1.011662e-03,5.237531e-03,1.112792e-02,0.000000e+00,0.000000e+00,199,6.623566e-06,0,0,0
482,12,6201,1.400050e-03,5.255789e-03,1.149844e-02,0.000000e+00,0.000000e+00,189,2.587587e-05,0,0,0
483,14,6215,1.030863e-03,5.115324e-03,1.000000e-02,0.000000e+00,0.000000e+00,218,9.424537e-04,0,0,0
484,10,6225,1.438225e-03,5.374059e-03,1.120088e-02,0.000000e+00,0.000000e+00,161,2.826825e-04,0,0,0
485,11,6236,1.073287e-03,5.301622e-03,1.027154e-02,0.000000e+00,0.000000e+00,192,1.409650e-05,0,0,0
486,10,6246,1.456518e-03,5.286916e-03,1.226154e-02,0.000000e+00,0.000000e+00,191,1.431257e-04,0,0,0
487,16,6262,1.307577e-03,5.306918e-03,1.000000e-02,0.000000e+00,0.000000e+00,187,1.191348e-04,0,0,0
488,13,6275,7.325647e-04,5.411083e-03,1.531437e-02,0.000000e+00,0.000000e+00,177,1.883507e-05,0,0,0
489,16,6291,1.094771e-03,5.217878e-03,1.124130e-02,0.000000e+00,0.000000e+00,208,7.769465e-05,0,0,0
490,22,6313,9.685120e-04,5.308577e-03,1.279799e-02,0.000000e+00,0.000000e+00,192,1.789071e-04,0,0,0
491,15,6328,6.911023e-04,5.227610e-03,1.000000e-02,0.000000e+00,0.000000e+00,201,2.441928e-05,0,0,0
492,11,6339,1.183008e-03,5.339282e-03,1.223779e-02,0.000000e+00,0.000000e+00,199,2.000481e-04,0,0,0
493,13,6352,1.244195e-03,5.279800e-03,1.000000e-02,0.000000e+00,0.000000e+00,201,1.358874e-04,0,0,0
494,12,6364,8.770088e-04,5.309191e-03,1.137251e-02,0.000000e+00,0.000000e+00,206,1.347177e-04,0,0,0
495,13,6377,1.069749e-03,5.287936e-03,1.091124e-02,0.000000e+00,0.000000e+00,212,5.482491e-04,0,0,0
496,11,6388,1.152879e-03,5.249084e-03,1.205816e-02,0.000000e+00,0.000000e+00,200,2.130121e-05,0,0,0
497,11,6399,1.636259e-03,5.267224e-03,1.000000e-02,0.000000e+00,0.000000e+00,193,9.360909e-05,0,0,0
498,10,6409,1.323045e-03,5.426655e-03,1.054864e-02,0.000000e+00,0.000000e+00,169,1.611924e-04,0,0,0
499,13,6422,1.072423e-03,5.196309e-03,1.000000e-02,0.000000e+00,0.000000e+00,218,4.486274e-05,0,0,0
500,16,6438,1.094181e-03,5.307096e-03,1.185415e-02,0.000000e+00,0.000000e+00,192,1.954287e-04,0,0,0
501,13,6451,1.400669e-03,5.248500e-03,9.865448e-03,0.000000e+00,0.000000e+00,200,9.240210e-05,0,0,0
502,12,6463,1.241431e-03,5.278397e-03,1.164938e-02,0.000000e+00,0.000000e+00,200,2.928600e-04,0,0,0
503,12,6475,1.041164e-03,5.146357e-03,9.429008e-03,0.000000e+00,0.000000e+00,205,1.004711e-04,0,0,0
504,16,6491,6.407840e-04,5.209778e-03,1.074347e-02,0.000000e+00,0.000000e+00,201,3.523454e-04,0,0,0
505,14,6505,9.784769e-04,5.127231e-03,9.108313e-03,0.000000e+00,0.000000e+00,214,5.915761e-06,0,0,0
506,14,6519,1.188867e-03,5.097331e-03,1.088707e-02,0.000000e+00,0.000000e+00,210,4.145503e-05,0,0,0
507,15,6534,1.151882e-03,5.020879e-03,1.148716e-02,0.000000e+00,0.000000e+00,211,8.344650e-07,0,0,0
508,12,6546,1.380042e-03,4.946571e-03,1.166948e-02,0.000000e+00,0.000000e+00,205,5.820207e-05,0,0,0
509,10,6556,1.250325e-03,4.985766e-03,1.000000e-02,0.000000e+00,0.000000e+00,211,4.042387e-04,0,0,0
510,13,6569,8.413133e-04,4.966848e-03,1.453399e-02,0.000000e+00,0.000000e+00,192,3.927946e-05,0,0,0
511,10,6579,1.489945e-03,4.946667e-03,1.000000e-02,0.000000e+00,0.000000e+00,205,1.956550e-04,0,0,0
512,11,6590,1.398788e-03,5.141630e-03,1.158103e-02,0.000000e+00,0.000000e+00,191,1.951531e-04,0,0,0
513,11,6601,1.518299e-03,4.992549e-03,1.000000e-02,0.000000e+00,0.000000e+00,201,1.686811e-05,0,0,0
514,11,6612,1.486711e-03,5.131298e-03,1.010265e-02,0.000000e+00,0.000000e+00,190,9.758398e-04,0,0,0
515,12,6624,7.886146e-04,4.958719e-03,1.000000e-02,0.000000e+00,0.000000e+00,207,7.414073e-05,0,0,0
516,13,6637,1.247970e-03,5.158226e-03,1.032504e-02,0.000000e+00,0.000000e+00,163,3.210455e-05,0,0,0
517,13,6650,1.318356e-03,5.055042e-03,1.072148e-02,0.000000e+00,0.000000e+00,215,4.804339e-04,0,0,0
518,16,6666,6.482819e-04,5.067966e-03,1.124727e-02,0.000000e+00,0.000000e+00,198,2.932241e-04,0,0,0
519,15,6681,1.367387e-03,4.994209e-03,1.000000e-02,0.000000e+00,0.000000e+00,204,2.112985e-05,0,0,0
520,15,6696,1.127520e-03,5.091494e-03,1.097898e-02,0.000000e+00,0.000000e+00,199,2.872813e-04,0,0,0
521,11,6707,1.230346e-03,5.086935e-03,1.000000e-02,0.000000e+00,0.000000e+00,196,3.838539e-05,0,0,0
522,11,6718,1.379834e-03,5.178473e-03,1.449513e-02,0.000000e+00,0.000000e+00,185,8.713454e-06,0,0,0
523,12,6730,1.110499e-03,4.935171e-03,1.000000e-02,0.000000e+00,0.000000e+00,221,2.284534e-06,0,0,0
524,10,6740,1.585132e-03,5.116171e-03,1.553425e-02,0.000000e+00,0.000000e+00,184,6.943941e-06,0,0,0
525,12,6752,1.403715e-03,5.120823e-03,1.000000e-02,0.000000e+00,0.000000e+00,193,1.760144e-04,0,0,0
526,13,6765,1.220419e-03,5.091147e-03,1.013718e-02,0.000000e+00,0.000000e+00,201,1.400709e-06,0,0,0
527,13,6778,1.039654e-03,5.000567e-03,1.118517e-02,0.000000e+00,0.000000e+00,210,4.976019e-04,0,0,0
HIST {'total_samples': 531774, 'floor_samples': 0, 'floor_fraction': 0.0, 'saturation_depth': 0.0, 'boundaries': 528, 'capped_boundaries': 0, 'unfinished_worlds': 0}
528,12,6790,1.204085e-03,5.149963e-03,1.230369e-02,0.000000e+00,0.000000e+00,180,1.771972e-04,0,0,0
529,12,6802,9.952572e-04,5.102973e-03,9.802679e-03,0.000000e+00,0.000000e+00,208,4.642755e-04,0,0,0
530,16,6818,1.156957e-03,5.046945e-03,1.133846e-02,0.000000e+00,0.000000e+00,218,2.587810e-04,0,0,0
531,15,6833,1.058796e-03,4.921010e-03,9.806988e-03,0.000000e+00,0.000000e+00,220,4.280806e-04,0,0,0
532,12,6845,1.008988e-03,4.963359e-03,1.106234e-02,0.000000e+00,0.000000e+00,217,1.375861e-04,0,0,0
533,14,6859,8.009975e-04,4.879047e-03,1.000000e-02,0.000000e+00,0.000000e+00,212,7.718056e-05,0,0,0
534,15,6874,9.998258e-04,4.914391e-03,9.753177e-03,0.000000e+00,0.000000e+00,184,5.121827e-04,0,0,0
535,14,6888,1.181586e-03,4.905661e-03,9.753177e-03,0.000000e+00,0.000000e+00,204,2.259575e-05,0,0,0
536,12,6900,1.231671e-03,5.080387e-03,1.020235e-02,0.000000e+00,0.000000e+00,187,7.824972e-06,0,0,0
537,12,6912,1.090473e-03,5.122275e-03,1.190791e-02,0.000000e+00,0.000000e+00,189,4.231706e-04,0,0,0
538,12,6924,1.092836e-03,5.195231e-03,9.927073e-03,0.000000e+00,0.000000e+00,200,9.098053e-04,0,0,0
539,13,6937,9.831341e-04,5.141322e-03,1.154211e-02,0.000000e+00,0.000000e+00,195,6.462634e-05,0,0,0
540,14,6951,7.637861e-04,5.115808e-03,1.078856e-02,0.000000e+00,0.000000e+00,204,5.338341e-06,0,0,0
541,18,6969,9.489176e-04,5.084596e-03,9.915181e-03,0.000000e+00,0.000000e+00,200,4.371256e-05,0,0,0
542,15,6984,7.603448e-04,5.279517e-03,1.555051e-02,0.000000e+00,0.000000e+00,179,2.152920e-04,0,0,0
543,17,7001,6.462429e-04,5.086478e-03,1.017542e-02,0.000000e+00,0.000000e+00,205,1.984090e-04,0,0,0
544,14,7015,1.435147e-03,5.024593e-03,1.000000e-02,0.000000e+00,0.000000e+00,212,1.704954e-04,0,0,0
545,11,7026,1.062511e-03,4.915855e-03,9.915181e-03,0.000000e+00,0.000000e+00,204,1.214445e-04,0,0,0
546,12,7038,1.248933e-03,5.080070e-03,1.073631e-02,0.000000e+00,0.000000e+00,203,1.456104e-04,0,0,0
547,12,7050,1.100655e-03,5.044736e-03,1.048151e-02,0.000000e+00,0.000000e+00,208,1.831278e-04,0,0,0
548,13,7063,1.353048e-03,5.232917e-03,1.139445e-02,0.000000e+00,0.000000e+00,179,1.099706e-05,0,0,0
549,18,7081,1.377868e-03,5.065229e-03,1.027026e-02,0.000000e+00,0.000000e+00,208,1.728535e-06,0,0,0
550,10,7091,8.970969e-04,5.191321e-03,1.057668e-02,0.000000e+00,0.000000e+00,202,4.842058e-04,0,0,0
551,18,7109,7.146070e-04,5.067090e-03,1.000000e-02,0.000000e+00,0.000000e+00,203,1.708716e-04,0,0,0
552,14,7123,1.187727e-03,5.238852e-03,1.197900e-02,0.000000e+00,0.000000e+00,191,1.057982e-05,0,0,0
553,13,7136,1.257690e-03,5.100269e-03,1.091242e-02,0.000000e+00,0.000000e+00,208,1.889560e-04,0,0,0
554,14,7150,9.051401e-04,5.169883e-03,1.089000e-02,0.000000e+00,0.000000e+00,195,1.527667e-04,0,0,0
555,12,7162,1.330951e-03,4.988347e-03,1.000000e-02,0.000000e+00,0.000000e+00,223,1.843721e-04,0,0,0
556,14,7176,1.366203e-03,5.065174e-03,1.089000e-02,0.000000e+00,0.000000e+00,190,3.993511e-06,0,0,0
557,14,7190,7.181707e-04,4.926963e-03,1.106968e-02,0.000000e+00,0.000000e+00,231,1.115799e-04,0,0,0
558,12,7202,9.701050e-04,5.003542e-03,1.161961e-02,0.000000e+00,0.000000e+00,200,2.867617e-04,0,0,0
559,12,7214,1.029033e-03,4.919922e-03,1.000000e-02,0.000000e+00,0.000000e+00,213,5.676150e-04,0,0,0
560,11,7225,1.204117e-03,4.940749e-03,1.253105e-02,0.000000e+00,0.000000e+00,204,3.706943e-04,0,0,0
561,11,7236,1.147319e-03,4.871720e-03,1.053796e-02,0.000000e+00,0.000000e+00,200,7.033348e-06,0,0,0
562,12,7248,1.338042e-03,4.966412e-03,1.089000e-02,0.000000e+00,0.000000e+00,195,7.730705e-12,0,0,0
563,13,7261,1.435220e-03,4.907229e-03,1.066440e-02,0.000000e+00,0.000000e+00,206,1.872554e-04,0,0,0
564,12,7273,9.430725e-04,4.986564e-03,1.369419e-02,0.000000e+00,0.000000e+00,200,4.686639e-04,0,0,0
565,18,7291,7.703344e-04,4.920881e-03,1.073097e-02,0.000000e+00,0.000000e+00,210,6.096065e-05,0,0,0
566,11,7302,1.151043e-03,4.997650e-03,1.089000e-02,0.000000e+00,0.000000e+00,198,1.226366e-05,0,0,0
567,13,7315,9.165764e-04,4.889897e-03,1.119056e-02,0.000000e+00,0.000000e+00,217,1.601577e-04,0,0,0
568,12,7327,1.428956e-03,4.992333e-03,1.114103e-02,0.000000e+00,0.000000e+00,187,2.485327e-04,0,0,0
569,14,7341,7.843953e-04,4.970537e-03,1.000000e-02,0.000000e+00,0.000000e+00,187,2.326965e-04,0,0,0
570,13,7354,1.609101e-03,5.207141e-03,1.167660e-02,0.000000e+00,0.000000e+00,178,3.501773e-07,0,0,0
571,12,7366,1.415139e-03,5.124458e-03,9.504990e-03,0.000000e+00,0.000000e+00,212,1.176633e-05,0,0,0
572,12,7378,1.413294e-03,5.122573e-03,1.076873e-02,0.000000e+00,0.000000e+00,196,3.278255e-06,0,0,0
573,9,7387,1.809264e-03,5.112999e-03,1.000000e-02,0.000000e+00,0.000000e+00,187,2.726093e-04,0,0,0
574,13,7400,1.027142e-03,5.171462e-03,1.000000e-02,0.000000e+00,0.000000e+00,185,4.181219e-04,0,0,0
575,13,7413,1.084654e-03,5.175761e-03,1.000000e-02,0.000000e+00,0.000000e+00,193,2.067667e-04,0,0,0
HIST {'total_samples': 585082, 'floor_samples': 0, 'floor_fraction': 0.0, 'saturation_depth': 0.0, 'boundaries': 576, 'capped_boundaries': 0, 'unfinished_worlds': 0}
576,10,7423,1.048319e-03,5.194165e-03,1.304011e-02,0.000000e+00,0.000000e+00,192,1.528207e-04,0,0,0
577,17,7440,7.077083e-04,4.989299e-03,1.000000e-02,0.000000e+00,0.000000e+00,214,3.277734e-04,0,0,0
578,14,7454,7.500834e-04,5.144774e-03,1.139379e-02,0.000000e+00,0.000000e+00,192,8.940697e-05,0,0,0
579,10,7464,1.511098e-03,5.054098e-03,1.033032e-02,0.000000e+00,0.000000e+00,205,4.793704e-05,0,0,0
580,16,7480,8.640244e-04,5.227868e-03,1.217134e-02,0.000000e+00,0.000000e+00,171,1.069903e-04,0,0,0
581,21,7501,8.088415e-04,5.170443e-03,1.199320e-02,0.000000e+00,0.000000e+00,190,2.996475e-04,0,0,0
582,14,7515,1.014771e-03,5.344812e-03,1.101879e-02,0.000000e+00,0.000000e+00,186,2.616942e-04,0,0,0
583,12,7527,9.239888e-04,5.365461e-03,1.160154e-02,0.000000e+00,0.000000e+00,193,5.662441e-07,0,0,0
584,13,7540,1.010707e-03,5.422025e-03,1.280446e-02,0.000000e+00,0.000000e+00,199,6.005168e-06,0,0,0
585,11,7551,1.107720e-03,5.263100e-03,1.000000e-02,0.000000e+00,0.000000e+00,196,2.584532e-04,0,0,0
586,14,7565,7.453592e-04,5.300493e-03,1.180438e-02,0.000000e+00,0.000000e+00,204,1.198816e-19,0,0,0
587,13,7578,9.415455e-04,5.147160e-03,1.000000e-02,0.000000e+00,0.000000e+00,214,1.231655e-04,0,0,0
588,10,7588,1.529632e-03,5.237863e-03,1.083415e-02,0.000000e+00,0.000000e+00,187,3.229082e-05,0,0,0
589,14,7602,8.494510e-04,5.101572e-03,1.000000e-02,0.000000e+00,0.000000e+00,218,1.938865e-04,0,0,0
590,12,7614,1.160952e-03,5.205821e-03,1.089000e-02,0.000000e+00,0.000000e+00,180,1.770258e-05,0,0,0
591,13,7627,1.291809e-03,5.140192e-03,1.197900e-02,0.000000e+00,0.000000e+00,199,1.549721e-06,0,0,0
592,18,7645,8.767517e-04,5.215925e-03,1.296400e-02,0.000000e+00,0.000000e+00,185,2.791286e-04,0,0,0
593,12,7657,1.251196e-03,5.067105e-03,1.000000e-02,0.000000e+00,0.000000e+00,209,2.540648e-04,0,0,0
594,12,7669,1.444206e-03,5.119231e-03,1.003757e-02,0.000000e+00,0.000000e+00,199,2.443790e-06,0,0,0
595,11,7680,1.491413e-03,5.015005e-03,9.854634e-03,0.000000e+00,0.000000e+00,201,5.185604e-06,0,0,0
596,16,7696,8.694566e-04,5.098900e-03,1.000000e-02,0.000000e+00,0.000000e+00,193,1.192093e-07,0,0,0
597,12,7708,1.119215e-03,4.994330e-03,9.700618e-03,0.000000e+00,0.000000e+00,210,3.099442e-05,0,0,0
598,12,7720,1.116829e-03,5.084610e-03,1.021534e-02,0.000000e+00,0.000000e+00,200,1.118705e-04,0,0,0
599,11,7731,1.345173e-03,5.118513e-03,1.000000e-02,0.000000e+00,0.000000e+00,197,6.869473e-04,0,0,0
600,14,7745,1.214855e-03,5.212069e-03,1.000000e-02,0.000000e+00,0.000000e+00,191,9.924173e-05,0,0,0
601,12,7757,1.433361e-03,5.122330e-03,1.058036e-02,0.000000e+00,0.000000e+00,204,1.080483e-04,0,0,0
602,13,7770,1.121361e-03,5.257980e-03,1.028111e-02,0.000000e+00,0.000000e+00,178,1.229979e-04,0,0,0
603,10,7780,1.030624e-03,5.021652e-03,1.000000e-02,0.000000e+00,0.000000e+00,204,6.224033e-04,0,0,0
604,13,7793,9.294154e-04,5.091929e-03,1.197885e-02,0.000000e+00,0.000000e+00,194,2.683997e-04,0,0,0
605,15,7808,1.095541e-03,5.119561e-03,1.000000e-02,0.000000e+00,0.000000e+00,191,7.098913e-05,0,0,0
606,12,7820,1.148975e-03,5.202407e-03,1.174825e-02,0.000000e+00,0.000000e+00,180,1.609325e-06,0,0,0
607,16,7836,7.544445e-04,5.036668e-03,1.000000e-02,0.000000e+00,0.000000e+00,196,1.060218e-04,0,0,0
608,17,7853,1.058078e-03,5.203759e-03,1.106007e-02,0.000000e+00,0.000000e+00,180,4.701316e-05,0,0,0
609,16,7869,8.860294e-04,5.098556e-03,1.000000e-02,0.000000e+00,0.000000e+00,200,5.549192e-05,0,0,0
610,16,7885,8.259231e-04,5.100302e-03,1.308794e-02,0.000000e+00,0.000000e+00,199,5.066395e-06,0,0,0
611,13,7898,1.191479e-03,5.088177e-03,1.052359e-02,0.000000e+00,0.000000e+00,197,7.412732e-04,0,0,0
612,14,7912,1.489427e-03,5.138252e-03,1.103580e-02,0.000000e+00,0.000000e+00,191,6.714463e-05,0,0,0
613,16,7928,1.070850e-03,5.103135e-03,1.000000e-02,0.000000e+00,0.000000e+00,216,9.408221e-06,0,0,0
614,11,7939,1.375281e-03,5.214150e-03,1.144755e-02,0.000000e+00,0.000000e+00,185,3.573298e-05,0,0,0
615,10,7949,1.559410e-03,5.207574e-03,1.235545e-02,0.000000e+00,0.000000e+00,201,3.896505e-04,0,0,0
616,10,7959,1.257659e-03,5.085615e-03,1.121794e-02,0.000000e+00,0.000000e+00,202,6.326176e-04,0,0,0
617,11,7970,1.157328e-03,5.147181e-03,1.058766e-02,0.000000e+00,0.000000e+00,202,3.508180e-04,0,0,0
618,12,7982,1.520615e-03,5.359451e-03,1.204170e-02,0.000000e+00,0.000000e+00,183,6.838888e-05,0,0,0
619,11,7993,1.075514e-03,5.306818e-03,1.154699e-02,0.000000e+00,0.000000e+00,202,6.579310e-04,0,0,0
620,21,8014,5.307718e-04,5.209958e-03,1.211513e-02,0.000000e+00,0.000000e+00,198,5.960464e-06,0,0,0
621,16,8030,9.053391e-04,5.180619e-03,1.228954e-02,0.000000e+00,0.000000e+00,207,1.767278e-05,0,0,0
622,12,8042,1.310974e-03,5.012327e-03,1.000000e-02,0.000000e+00,0.000000e+00,206,1.172917e-04,0,0,0
623,13,8055,1.084981e-03,5.136213e-03,9.562708e-03,0.000000e+00,0.000000e+00,200,1.305342e-05,0,0,0
HIST {'total_samples': 637184, 'floor_samples': 0, 'floor_fraction': 0.0, 'saturation_depth': 0.0, 'boundaries': 624, 'capped_boundaries': 0, 'unfinished_worlds': 0}
624,10,8065,1.419168e-03,5.159997e-03,1.066498e-02,0.000000e+00,0.000000e+00,186,1.968294e-04,0,0,0
625,17,8082,1.203019e-03,5.010467e-03,1.000000e-02,0.000000e+00,0.000000e+00,211,1.339912e-04,0,0,0
626,12,8094,7.792659e-04,5.058572e-03,1.089000e-02,0.000000e+00,0.000000e+00,209,9.162724e-05,0,0,0
627,14,8108,9.837219e-04,4.961989e-03,1.197900e-02,0.000000e+00,0.000000e+00,200,2.625138e-04,0,0,0
628,14,8122,1.003796e-03,5.096387e-03,1.074536e-02,0.000000e+00,0.000000e+00,192,4.176931e-20,0,0,0
629,12,8134,9.772055e-04,4.932919e-03,1.000000e-02,0.000000e+00,0.000000e+00,222,2.041757e-04,0,0,0
630,17,8151,5.111222e-04,5.038048e-03,1.396635e-02,0.000000e+00,0.000000e+00,204,7.760525e-05,0,0,0
631,14,8165,1.052192e-03,5.043511e-03,1.002389e-02,0.000000e+00,0.000000e+00,191,1.737867e-04,0,0,0
632,14,8179,7.245655e-04,5.220655e-03,1.000000e-02,0.000000e+00,0.000000e+00,176,1.476556e-04,0,0,0
633,20,8199,8.807211e-04,5.142015e-03,1.000000e-02,0.000000e+00,0.000000e+00,201,2.673268e-05,0,0,0
634,17,8216,7.084045e-04,5.135984e-03,1.309595e-02,0.000000e+00,0.000000e+00,197,2.178829e-04,0,0,0
635,13,8229,9.844067e-04,5.181767e-03,1.403261e-02,0.000000e+00,0.000000e+00,181,6.957585e-05,0,0,0
636,15,8244,6.840112e-04,5.324585e-03,1.804372e-02,0.000000e+00,0.000000e+00,193,9.965152e-05,0,0,0
637,11,8255,9.669279e-04,5.240942e-03,1.007533e-02,0.000000e+00,0.000000e+00,200,9.597465e-05,0,0,0
638,19,8274,1.163217e-03,5.190377e-03,1.345076e-02,0.000000e+00,0.000000e+00,196,7.312074e-04,0,0,0
639,13,8287,1.124719e-03,5.262374e-03,1.105751e-02,0.000000e+00,0.000000e+00,185,5.738884e-04,0,0,0
640,13,8300,1.283261e-03,5.317507e-03,1.122083e-02,0.000000e+00,0.000000e+00,198,2.554804e-05,0,0,0
641,11,8311,1.501589e-03,5.139328e-03,1.000000e-02,0.000000e+00,0.000000e+00,194,1.094043e-04,0,0,0
642,11,8322,1.749435e-03,5.225541e-03,1.078906e-02,0.000000e+00,0.000000e+00,184,2.210960e-04,0,0,0
643,12,8334,1.043502e-03,5.097250e-03,1.000000e-02,0.000000e+00,0.000000e+00,201,5.364418e-05,0,0,0
644,12,8346,1.443582e-03,5.013244e-03,9.992719e-03,0.000000e+00,0.000000e+00,194,5.895058e-04,0,0,0
645,12,8358,1.592263e-03,4.883645e-03,1.059014e-02,0.000000e+00,0.000000e+00,211,4.909933e-05,0,0,0
646,12,8370,1.049824e-03,5.120200e-03,1.218863e-02,0.000000e+00,0.000000e+00,167,2.816916e-04,0,0,0
647,14,8384,9.647130e-04,5.038011e-03,1.000000e-02,0.000000e+00,0.000000e+00,206,6.083772e-05,0,0,0
648,16,8400,9.034936e-04,5.154844e-03,1.123899e-02,0.000000e+00,0.000000e+00,187,1.139939e-04,0,0,0
649,14,8414,1.160986e-03,5.048117e-03,9.901606e-03,0.000000e+00,0.000000e+00,212,8.675456e-05,0,0,0
650,13,8427,1.584083e-03,5.135980e-03,1.191193e-02,0.000000e+00,0.000000e+00,203,5.012751e-05,0,0,0
651,10,8437,1.369026e-03,5.000801e-03,1.000000e-02,0.000000e+00,0.000000e+00,202,8.197129e-05,0,0,0
652,19,8456,7.592392e-04,5.216765e-03,1.044051e-02,0.000000e+00,0.000000e+00,193,3.725290e-08,0,0,0
653,20,8476,8.341370e-04,5.082117e-03,1.000000e-02,0.000000e+00,0.000000e+00,203,3.632903e-05,0,0,0
654,14,8490,1.067717e-03,5.182248e-03,1.068255e-02,0.000000e+00,0.000000e+00,194,2.128482e-04,0,0,0
655,15,8505,9.604717e-04,5.194640e-03,1.114696e-02,0.000000e+00,0.000000e+00,188,5.081296e-05,0,0,0
656,12,8517,1.207680e-03,5.265782e-03,1.105986e-02,0.000000e+00,0.000000e+00,197,2.230331e-05,0,0,0
657,16,8533,8.398279e-04,5.253258e-03,1.197900e-02,0.000000e+00,0.000000e+00,193,1.831055e-04,0,0,0
658,10,8543,1.218125e-03,5.288097e-03,1.171822e-02,0.000000e+00,0.000000e+00,173,3.383700e-04,0,0,0
659,11,8554,1.468991e-03,5.109994e-03,1.000000e-02,0.000000e+00,0.000000e+00,213,5.662441e-07,0,0,0
660,12,8566,1.366576e-03,5.188535e-03,1.149124e-02,0.000000e+00,0.000000e+00,195,1.572296e-04,0,0,0
661,12,8578,1.299991e-03,5.222802e-03,1.161326e-02,0.000000e+00,0.000000e+00,195,7.748604e-07,0,0,0
662,12,8590,7.549917e-04,5.168770e-03,1.317690e-02,0.000000e+00,0.000000e+00,199,2.869964e-05,0,0,0
663,10,8600,1.475373e-03,5.092670e-03,1.000000e-02,0.000000e+00,0.000000e+00,192,6.964616e-05,0,0,0
664,15,8615,8.437741e-04,5.263993e-03,1.632827e-02,0.000000e+00,0.000000e+00,176,7.420778e-05,0,0,0
665,15,8630,1.017897e-03,5.199139e-03,1.171353e-02,0.000000e+00,0.000000e+00,207,2.595894e-04,0,0,0
666,11,8641,1.382808e-03,5.267859e-03,1.200067e-02,0.000000e+00,0.000000e+00,183,1.608431e-04,0,0,0
667,11,8652,1.051109e-03,5.065915e-03,1.089000e-02,0.000000e+00,0.000000e+00,196,5.213544e-05,0,0,0
668,12,8664,1.767316e-03,5.143248e-03,1.197900e-02,0.000000e+00,0.000000e+00,206,5.651899e-04,0,0,0
669,11,8675,9.893429e-04,5.163045e-03,1.241557e-02,0.000000e+00,0.000000e+00,195,2.583787e-04,0,0,0
670,20,8695,4.935661e-04,5.208230e-03,1.240406e-02,0.000000e+00,0.000000e+00,181,4.947186e-06,0,0,0
671,13,8708,1.119323e-03,5.055937e-03,1.000902e-02,0.000000e+00,0.000000e+00,189,1.299381e-05,0,0,0
HIST {'total_samples': 689318, 'floor_samples': 0, 'floor_fraction': 0.0, 'saturation_depth': 0.0, 'boundaries': 672, 'capped_boundaries': 0, 'unfinished_worlds': 0}
672,12,8720,9.078943e-04,5.119874e-03,1.053120e-02,0.000000e+00,0.000000e+00,204,4.609674e-05,0,0,0
673,12,8732,1.271304e-03,4.971966e-03,1.023123e-02,0.000000e+00,0.000000e+00,200,2.464280e-06,0,0,0
674,13,8745,9.914930e-04,5.047363e-03,1.089000e-02,0.000000e+00,0.000000e+00,205,1.205802e-04,0,0,0
675,14,8759,1.230137e-03,5.020908e-03,1.000000e-02,0.000000e+00,0.000000e+00,207,2.973750e-04,0,0,0
676,18,8777,1.227263e-03,5.235403e-03,1.197900e-02,0.000000e+00,0.000000e+00,188,4.596263e-05,0,0,0
677,13,8790,9.329690e-04,5.089796e-03,1.000000e-02,0.000000e+00,0.000000e+00,202,2.331138e-04,0,0,0
678,20,8810,6.425122e-04,5.207411e-03,1.206413e-02,0.000000e+00,0.000000e+00,189,6.409953e-05,0,0,0
679,14,8824,6.682706e-04,5.185551e-03,1.010708e-02,0.000000e+00,0.000000e+00,182,1.955125e-04,0,0,0
680,12,8836,1.216244e-03,5.196752e-03,1.089000e-02,0.000000e+00,0.000000e+00,203,3.244504e-04,0,0,0
681,16,8852,1.198578e-03,5.120120e-03,1.115882e-02,0.000000e+00,0.000000e+00,198,1.151860e-04,0,0,0
682,15,8867,8.831593e-04,5.205902e-03,1.317690e-02,0.000000e+00,0.000000e+00,180,4.500151e-06,0,0,0
683,17,8884,1.276010e-03,5.077871e-03,1.000000e-02,0.000000e+00,0.000000e+00,195,1.144409e-05,0,0,0
684,12,8896,1.218904e-03,5.203563e-03,1.295963e-02,0.000000e+00,0.000000e+00,189,1.338776e-08,0,0,0
685,14,8910,1.039844e-03,5.091303e-03,1.000000e-02,0.000000e+00,0.000000e+00,199,1.226068e-04,0,0,0
686,13,8923,1.078739e-03,5.299078e-03,1.151079e-02,0.000000e+00,0.000000e+00,176,3.116671e-04,0,0,0
687,14,8937,6.062831e-04,5.239954e-03,1.049920e-02,0.000000e+00,0.000000e+00,183,1.558829e-04,0,0,0
688,11,8948,1.184741e-03,5.488143e-03,1.310130e-02,0.000000e+00,0.000000e+00,173,5.150139e-04,0,0,0
689,11,8959,1.033842e-03,5.215196e-03,1.000000e-02,0.000000e+00,0.000000e+00,212,3.142953e-04,0,0,0
690,13,8972,1.260978e-03,5.236845e-03,1.130096e-02,0.000000e+00,0.000000e+00,190,1.658176e-05,0,0,0
691,12,8984,9.924407e-04,5.303257e-03,1.197900e-02,0.000000e+00,0.000000e+00,190,6.769150e-04,0,0,0
692,12,8996,1.146547e-03,5.302251e-03,1.089000e-02,0.000000e+00,0.000000e+00,205,6.188527e-04,0,0,0
693,13,9009,9.547235e-04,5.163082e-03,1.175564e-02,0.000000e+00,0.000000e+00,215,5.116016e-04,0,0,0
694,13,9022,1.084589e-03,5.177273e-03,1.293120e-02,0.000000e+00,0.000000e+00,203,1.437664e-04,0,0,0
695,17,9039,1.419224e-03,5.069002e-03,1.000000e-02,0.000000e+00,0.000000e+00,208,1.218244e-04,0,0,0
696,16,9055,7.760652e-04,5.239367e-03,1.089000e-02,0.000000e+00,0.000000e+00,181,2.674758e-06,0,0,0
697,14,9069,1.404426e-03,5.079095e-03,1.068996e-02,0.000000e+00,0.000000e+00,214,2.219900e-04,0,0,0
698,13,9082,9.912320e-04,5.188695e-03,1.263837e-02,0.000000e+00,0.000000e+00,198,1.017861e-04,0,0,0
699,14,9096,9.555032e-04,5.111391e-03,1.140853e-02,0.000000e+00,0.000000e+00,211,2.349615e-04,0,0,0
700,12,9108,1.507793e-03,5.326601e-03,1.366811e-02,0.000000e+00,0.000000e+00,184,3.822148e-05,0,0,0
701,11,9119,1.270175e-03,5.137118e-03,1.000000e-02,0.000000e+00,0.000000e+00,207,2.451241e-05,0,0,0
702,13,9132,1.283653e-03,5.203564e-03,1.123940e-02,0.000000e+00,0.000000e+00,203,1.216978e-04,0,0,0
703,12,9144,1.403579e-03,5.014608e-03,1.102859e-02,0.000000e+00,0.000000e+00,217,1.198053e-05,0,0,0
704,14,9158,1.376027e-03,5.194713e-03,1.188181e-02,0.000000e+00,0.000000e+00,179,6.176531e-06,0,0,0
705,13,9171,1.199989e-03,5.147952e-03,1.494725e-02,0.000000e+00,0.000000e+00,186,7.078052e-08,0,0,0
706,18,9189,6.692029e-04,5.296747e-03,1.148226e-02,0.000000e+00,0.000000e+00,178,2.211630e-04,0,0,0
707,22,9211,8.546021e-04,5.126711e-03,1.000000e-02,0.000000e+00,0.000000e+00,204,9.529121e-22,0,0,0
708,18,9229,7.304717e-04,5.221886e-03,1.089000e-02,0.000000e+00,0.000000e+00,196,2.599508e-05,0,0,0
709,13,9242,1.209107e-03,5.147120e-03,1.000000e-02,0.000000e+00,0.000000e+00,201,1.045465e-04,0,0,0
710,11,9253,1.037893e-03,5.161772e-03,1.206173e-02,0.000000e+00,0.000000e+00,195,5.780458e-04,0,0,0
711,10,9263,9.658509e-04,5.085618e-03,1.000000e-02,0.000000e+00,0.000000e+00,209,3.718026e-05,0,0,0
712,13,9276,1.177679e-03,5.009819e-03,1.223078e-02,0.000000e+00,0.000000e+00,206,3.436208e-04,0,0,0
713,13,9289,9.302332e-04,4.948245e-03,1.112455e-02,0.000000e+00,0.000000e+00,201,1.718104e-05,0,0,0
714,12,9301,1.038269e-03,4.903570e-03,1.223700e-02,0.000000e+00,0.000000e+00,209,1.894925e-04,0,0,0
715,11,9312,6.791722e-04,4.943096e-03,1.124168e-02,0.000000e+00,0.000000e+00,176,3.157482e-04,0,0,0
716,14,9326,1.101696e-03,5.016775e-03,1.259485e-02,0.000000e+00,0.000000e+00,192,7.748604e-06,0,0,0
717,26,9352,4.850143e-04,5.111479e-03,1.086968e-02,0.000000e+00,0.000000e+00,204,1.331419e-05,0,0,0
718,13,9365,1.324838e-03,5.015349e-03,1.195665e-02,0.000000e+00,0.000000e+00,189,1.396239e-05,0,0,0
719,13,9378,1.050715e-03,4.880673e-03,1.000000e-02,0.000000e+00,0.000000e+00,205,3.799796e-07,0,0,0
HIST {'total_samples': 742033, 'floor_samples': 0, 'floor_fraction': 0.0, 'saturation_depth': 0.0, 'boundaries': 720, 'capped_boundaries': 0, 'unfinished_worlds': 0}
720,17,9395,7.613784e-04,5.109716e-03,1.089000e-02,0.000000e+00,0.000000e+00,183,1.875162e-04,0,0,0
721,19,9414,7.460319e-04,5.223137e-03,1.068685e-02,0.000000e+00,0.000000e+00,173,7.510185e-06,0,0,0
722,16,9430,8.948410e-04,5.309788e-03,1.276066e-02,0.000000e+00,0.000000e+00,190,3.978014e-04,0,0,0
723,12,9442,1.156303e-03,5.119690e-03,1.000000e-02,0.000000e+00,0.000000e+00,206,4.924089e-04,0,0,0
724,16,9458,8.415200e-04,5.098767e-03,1.381974e-02,0.000000e+00,0.000000e+00,183,1.214445e-06,0,0,0
725,16,9474,8.509738e-04,4.956007e-03,1.000000e-02,0.000000e+00,0.000000e+00,215,2.835393e-04,0,0,0
726,11,9485,1.074363e-03,5.080814e-03,1.000000e-02,0.000000e+00,0.000000e+00,179,1.147389e-05,0,0,0
727,11,9496,1.198757e-03,5.140619e-03,1.083138e-02,0.000000e+00,0.000000e+00,191,6.407499e-05,0,0,0
728,18,9514,1.124771e-03,5.242725e-03,1.000000e-02,0.000000e+00,0.000000e+00,177,3.421679e-05,0,0,0
729,10,9524,1.249378e-03,5.163075e-03,1.000000e-02,0.000000e+00,0.000000e+00,189,1.101941e-05,0,0,0
730,10,9534,1.057175e-03,5.283431e-03,1.112822e-02,0.000000e+00,0.000000e+00,176,1.329780e-04,0,0,0
731,14,9548,1.079156e-03,5.195831e-03,1.009762e-02,0.000000e+00,0.000000e+00,201,1.792610e-04,0,0,0
732,11,9559,1.085743e-03,5.371588e-03,1.221661e-02,0.000000e+00,0.000000e+00,190,3.875494e-04,0,0,0
733,16,9575,1.013676e-03,5.078363e-03,1.064255e-02,0.000000e+00,0.000000e+00,211,3.113039e-04,0,0,0
734,13,9588,9.946097e-04,5.320140e-03,1.110757e-02,0.000000e+00,0.000000e+00,179,3.900416e-04,0,0,0
735,12,9600,1.073578e-03,5.169625e-03,1.010381e-02,0.000000e+00,0.000000e+00,192,5.096197e-05,0,0,0
736,13,9613,9.317088e-04,5.184203e-03,1.089000e-02,0.000000e+00,0.000000e+00,191,1.570396e-05,0,0,0
737,13,9626,8.638733e-04,5.118925e-03,1.000000e-02,0.000000e+00,0.000000e+00,185,7.804483e-06,0,0,0
738,16,9642,1.207512e-03,5.296161e-03,1.317690e-02,0.000000e+00,0.000000e+00,175,7.271767e-06,0,0,0
739,16,9658,8.404001e-04,5.118153e-03,1.117634e-02,0.000000e+00,0.000000e+00,201,6.932020e-05,0,0,0
740,12,9670,1.378274e-03,5.302883e-03,1.104740e-02,0.000000e+00,0.000000e+00,180,2.284348e-05,0,0,0
741,11,9681,1.266888e-03,5.138901e-03,1.047717e-02,0.000000e+00,0.000000e+00,193,4.803017e-05,0,0,0
742,14,9695,8.659678e-04,5.219202e-03,1.118813e-02,0.000000e+00,0.000000e+00,197,3.992766e-05,0,0,0
743,13,9708,8.573080e-04,5.199175e-03,1.016822e-02,0.000000e+00,0.000000e+00,186,4.938841e-04,0,0,0
744,13,9721,1.065138e-03,5.332322e-03,1.130109e-02,0.000000e+00,0.000000e+00,186,1.899898e-07,0,0,0
745,11,9732,1.391912e-03,5.261441e-03,1.019801e-02,0.000000e+00,0.000000e+00,196,3.360212e-04,0,0,0
746,11,9743,1.140060e-03,5.429037e-03,1.175493e-02,0.000000e+00,0.000000e+00,175,1.329184e-04,0,0,0
747,10,9753,1.408511e-03,5.349692e-03,1.213393e-02,0.000000e+00,0.000000e+00,192,2.431571e-04,0,0,0
748,12,9765,1.412722e-03,5.548693e-03,1.487785e-02,0.000000e+00,0.000000e+00,170,8.769333e-06,0,0,0
749,10,9775,1.114450e-03,5.554266e-03,1.293613e-02,0.000000e+00,0.000000e+00,174,6.362498e-04,0,0,0
750,13,9788,1.155952e-03,5.611917e-03,1.323767e-02,0.000000e+00,0.000000e+00,184,1.820624e-04,0,0,0
751,14,9802,8.867515e-04,5.420905e-03,1.082261e-02,0.000000e+00,0.000000e+00,196,1.027435e-04,0,0,0
752,17,9819,1.106859e-03,5.493142e-03,1.348016e-02,0.000000e+00,0.000000e+00,193,1.427531e-05,0,0,0
753,13,9832,1.099889e-03,5.302101e-03,1.014703e-02,0.000000e+00,0.000000e+00,197,4.523303e-04,0,0,0
754,11,9843,1.179475e-03,5.377660e-03,1.333982e-02,0.000000e+00,0.000000e+00,189,2.309456e-04,0,0,0
755,13,9856,8.287596e-04,5.186437e-03,1.000000e-02,0.000000e+00,0.000000e+00,208,5.058199e-05,0,0,0
756,11,9867,1.073239e-03,5.379001e-03,1.230168e-02,0.000000e+00,0.000000e+00,187,1.864731e-04,0,0,0
757,12,9879,1.658333e-03,5.268648e-03,1.120260e-02,0.000000e+00,0.000000e+00,203,1.132488e-05,0,0,0
758,15,9894,1.091097e-03,5.305070e-03,1.212636e-02,0.000000e+00,0.000000e+00,203,1.792032e-04,0,0,0
759,11,9905,8.443824e-04,5.269928e-03,1.000000e-02,0.000000e+00,0.000000e+00,184,8.050650e-04,0,0,0
760,12,9917,1.014649e-03,5.381987e-03,1.378443e-02,0.000000e+00,0.000000e+00,199,4.876405e-06,0,0,0
761,15,9932,8.939751e-04,5.214831e-03,1.102108e-02,0.000000e+00,0.000000e+00,203,3.440678e-05,0,0,0
762,14,9946,9.272991e-04,5.342727e-03,1.211306e-02,0.000000e+00,0.000000e+00,199,1.862645e-09,0,0,0
763,14,9960,8.906905e-04,5.110787e-03,1.000000e-02,0.000000e+00,0.000000e+00,211,3.807619e-05,0,0,0
764,12,9972,8.906905e-04,5.181818e-03,1.184421e-02,0.000000e+00,0.000000e+00,188,2.784282e-05,0,0,0
765,14,9986,1.148847e-03,4.946412e-03,1.004374e-02,0.000000e+00,0.000000e+00,220,1.141429e-05,0,0,0
766,11,9997,1.028608e-03,5.150187e-03,1.025818e-02,0.000000e+00,0.000000e+00,200,1.130998e-05,0,0,0
767,19,10016,9.241861e-04,5.119045e-03,1.000000e-02,0.000000e+00,0.000000e+00,212,3.818423e-06,0,0,0
HIST {'total_samples': 793951, 'floor_samples': 0, 'floor_fraction': 0.0, 'saturation_depth': 0.0, 'boundaries': 768, 'capped_boundaries': 0, 'unfinished_worlds': 0}
768,12,10028,1.451442e-03,5.164225e-03,1.089000e-02,0.000000e+00,0.000000e+00,200,1.602173e-04,0,0,0
769,12,10040,8.958170e-04,5.206826e-03,1.000000e-02,0.000000e+00,0.000000e+00,218,2.474040e-04,0,0,0
770,13,10053,1.273086e-03,5.296662e-03,1.022350e-02,0.000000e+00,0.000000e+00,186,1.673773e-05,0,0,0
771,13,10066,1.442012e-03,5.157661e-03,1.039388e-02,0.000000e+00,0.000000e+00,207,7.802248e-05,0,0,0
772,15,10081,1.000088e-03,5.307776e-03,1.089000e-02,0.000000e+00,0.000000e+00,200,1.033023e-05,0,0,0
773,11,10092,1.652340e-03,5.388590e-03,1.000000e-02,0.000000e+00,0.000000e+00,197,1.265481e-05,0,0,0
774,13,10105,1.143159e-03,5.380893e-03,1.228250e-02,0.000000e+00,0.000000e+00,223,2.245083e-04,0,0,0
775,12,10117,9.215459e-04,5.398973e-03,1.000000e-02,0.000000e+00,0.000000e+00,195,3.198981e-04,0,0,0
776,12,10129,9.705803e-04,5.351082e-03,1.389266e-02,0.000000e+00,0.000000e+00,197,3.229473e-04,0,0,0
777,11,10140,1.286302e-03,5.118397e-03,1.000000e-02,0.000000e+00,0.000000e+00,209,1.619160e-04,0,0,0
778,11,10151,1.372676e-03,5.329730e-03,1.071439e-02,0.000000e+00,0.000000e+00,176,8.717179e-07,0,0,0
779,11,10162,1.399401e-03,5.142800e-03,1.081011e-02,0.000000e+00,0.000000e+00,226,3.697053e-04,0,0,0
780,12,10174,1.003392e-03,5.233325e-03,1.360860e-02,0.000000e+00,0.000000e+00,184,2.403557e-05,0,0,0
781,15,10189,1.166870e-03,5.219260e-03,1.044758e-02,0.000000e+00,0.000000e+00,194,4.180567e-05,0,0,0
782,11,10200,1.730230e-03,5.380118e-03,1.209683e-02,0.000000e+00,0.000000e+00,192,1.986064e-04,0,0,0
783,11,10211,1.446691e-03,5.216412e-03,1.000000e-02,0.000000e+00,0.000000e+00,223,2.171472e-05,0,0,0
784,13,10224,6.260313e-04,5.126996e-03,1.145647e-02,0.000000e+00,0.000000e+00,204,1.076162e-04,0,0,0
785,11,10235,9.332811e-04,5.144731e-03,1.000000e-02,0.000000e+00,0.000000e+00,193,1.254119e-05,0,0,0
786,10,10245,1.194155e-03,5.176331e-03,1.033190e-02,0.000000e+00,0.000000e+00,209,9.857118e-06,0,0,0
787,11,10256,1.118505e-03,5.190080e-03,1.000000e-02,0.000000e+00,0.000000e+00,204,4.746020e-06,0,0,0
788,12,10268,1.284663e-03,5.220644e-03,1.150586e-02,0.000000e+00,0.000000e+00,193,4.254207e-04,0,0,0
789,13,10281,1.304333e-03,5.089042e-03,1.000000e-02,0.000000e+00,0.000000e+00,215,4.792213e-05,0,0,0
790,10,10291,7.782248e-04,5.105301e-03,1.392209e-02,0.000000e+00,0.000000e+00,199,9.784549e-04,0,0,0
791,16,10307,1.108841e-03,4.953803e-03,1.057850e-02,0.000000e+00,0.000000e+00,216,1.307428e-04,0,0,0
792,10,10317,1.439076e-03,5.077199e-03,1.075741e-02,0.000000e+00,0.000000e+00,182,3.313795e-04,0,0,0
793,15,10332,9.684770e-04,5.009281e-03,1.060545e-02,0.000000e+00,0.000000e+00,222,4.376471e-05,0,0,0
794,13,10345,9.164750e-04,4.992166e-03,1.150475e-02,0.000000e+00,0.000000e+00,218,7.808432e-04,0,0,0
795,12,10357,1.194568e-03,4.981516e-03,1.146269e-02,0.000000e+00,0.000000e+00,211,3.576577e-04,0,0,0
796,16,10373,9.342780e-04,5.016504e-03,1.025933e-02,0.000000e+00,0.000000e+00,216,1.370907e-05,0,0,0
797,17,10390,8.506482e-04,5.102040e-03,1.024376e-02,0.000000e+00,0.000000e+00,192,1.050606e-04,0,0,0
798,12,10402,9.308658e-04,5.063885e-03,1.075181e-02,0.000000e+00,0.000000e+00,216,1.341105e-07,0,0,0
799,14,10416,8.403136e-04,5.029874e-03,1.004790e-02,0.000000e+00,0.000000e+00,212,2.795458e-05,0,0,0
800,16,10432,7.924668e-04,5.023830e-03,1.229107e-02,0.000000e+00,0.000000e+00,210,2.972782e-04,0,0,0
801,13,10445,1.430025e-03,4.959789e-03,1.090203e-02,0.000000e+00,0.000000e+00,207,3.961027e-04,0,0,0
802,15,10460,9.041370e-04,5.028735e-03,1.000000e-02,0.000000e+00,0.000000e+00,214,5.364418e-06,0,0,0
803,13,10473,9.998078e-04,4.967167e-03,1.000000e-02,0.000000e+00,0.000000e+00,208,4.511774e-04,0,0,0
804,12,10485,8.110860e-04,4.985646e-03,1.087433e-02,0.000000e+00,0.000000e+00,205,5.143583e-04,0,0,0
805,13,10498,9.020632e-04,4.983503e-03,1.000000e-02,0.000000e+00,0.000000e+00,209,1.308471e-04,0,0,0
806,17,10515,7.922770e-04,5.031832e-03,1.207971e-02,0.000000e+00,0.000000e+00,212,9.274483e-05,0,0,0
807,14,10529,7.453677e-04,4.881965e-03,1.000000e-02,0.000000e+00,0.000000e+00,214,2.688169e-04,0,0,0
808,17,10546,8.499292e-04,5.155560e-03,1.314201e-02,0.000000e+00,0.000000e+00,188,6.057322e-06,0,0,0
809,15,10561,1.195817e-03,4.930134e-03,1.000000e-02,0.000000e+00,0.000000e+00,226,1.197457e-04,0,0,0
810,13,10574,1.278622e-03,4.990667e-03,1.000000e-02,0.000000e+00,0.000000e+00,193,8.355081e-05,0,0,0
811,13,10587,1.020265e-03,4.909383e-03,1.017641e-02,0.000000e+00,0.000000e+00,223,1.456905e-04,0,0,0
812,19,10606,8.157828e-04,4.991936e-03,1.041732e-02,0.000000e+00,0.000000e+00,194,8.437037e-05,0,0,0
813,11,10617,1.134414e-03,5.112631e-03,1.100534e-02,0.000000e+00,0.000000e+00,190,3.670305e-04,0,0,0
814,13,10630,1.198533e-03,5.218005e-03,1.210588e-02,0.000000e+00,0.000000e+00,189,1.898929e-04,0,0,0
815,11,10641,7.446227e-04,5.162439e-03,1.000000e-02,0.000000e+00,0.000000e+00,210,2.892555e-04,0,0,0
HIST {'total_samples': 847854, 'floor_samples': 0, 'floor_fraction': 0.0, 'saturation_depth': 0.0, 'boundaries': 816, 'capped_boundaries': 0, 'unfinished_worlds': 0}
816,10,10651,1.657597e-03,5.169298e-03,1.095989e-02,0.000000e+00,0.000000e+00,203,5.185604e-06,0,0,0
817,15,10666,8.109667e-04,5.071984e-03,1.205588e-02,0.000000e+00,0.000000e+00,212,9.747408e-05,0,0,0
818,11,10677,1.282113e-03,5.138736e-03,1.317690e-02,0.000000e+00,0.000000e+00,204,2.624103e-04,0,0,0
819,11,10688,9.939353e-04,5.209850e-03,1.317690e-02,0.000000e+00,0.000000e+00,188,8.992851e-05,0,0,0
820,11,10699,1.538908e-03,5.421783e-03,1.060357e-02,0.000000e+00,0.000000e+00,182,3.390908e-04,0,0,0
821,12,10711,1.079371e-03,5.241377e-03,1.166393e-02,0.000000e+00,0.000000e+00,202,1.401529e-04,0,0,0
822,11,10722,9.470582e-04,5.240386e-03,1.184592e-02,0.000000e+00,0.000000e+00,214,2.825260e-05,0,0,0
823,14,10736,1.240418e-03,5.165025e-03,1.317690e-02,0.000000e+00,0.000000e+00,199,1.451373e-05,0,0,0
824,11,10747,1.176680e-03,5.328298e-03,1.089000e-02,0.000000e+00,0.000000e+00,182,1.162291e-04,0,0,0
825,11,10758,1.668524e-03,5.170856e-03,1.000000e-02,0.000000e+00,0.000000e+00,214,3.293157e-06,0,0,0
826,12,10770,1.440067e-03,5.245445e-03,1.034513e-02,0.000000e+00,0.000000e+00,186,3.866851e-05,0,0,0
827,13,10783,9.339786e-04,5.266101e-03,1.218560e-02,0.000000e+00,0.000000e+00,196,1.289696e-04,0,0,0
828,12,10795,1.250937e-03,5.478459e-03,1.191513e-02,0.000000e+00,0.000000e+00,186,4.036725e-04,0,0,0
829,10,10805,1.578512e-03,5.248457e-03,1.202499e-02,0.000000e+00,0.000000e+00,214,1.140013e-04,0,0,0
830,12,10817,9.887017e-04,5.420921e-03,1.343131e-02,0.000000e+00,0.000000e+00,179,5.408674e-04,0,0,0
831,14,10831,9.823642e-04,5.207312e-03,1.000000e-02,0.000000e+00,0.000000e+00,203,3.129244e-07,0,0,0
832,17,10848,9.194299e-04,5.302491e-03,1.245899e-02,0.000000e+00,0.000000e+00,207,5.429313e-04,0,0,0
833,13,10861,9.581766e-04,5.042463e-03,1.000000e-02,0.000000e+00,0.000000e+00,222,7.301569e-06,0,0,0
834,21,10882,8.356404e-04,5.093131e-03,1.089000e-02,0.000000e+00,0.000000e+00,228,7.211976e-05,0,0,0
835,10,10892,1.219442e-03,5.074766e-03,1.014628e-02,0.000000e+00,0.000000e+00,195,3.163218e-04,0,0,0
836,14,10906,1.518489e-03,5.229801e-03,1.119838e-02,0.000000e+00,0.000000e+00,199,7.361174e-06,0,0,0
837,14,10920,1.024053e-03,5.117754e-03,1.000000e-02,0.000000e+00,0.000000e+00,207,2.324022e-05,0,0,0
838,11,10931,4.907708e-04,5.237654e-03,1.099130e-02,0.000000e+00,0.000000e+00,201,3.238320e-04,0,0,0
839,14,10945,1.080268e-03,5.110145e-03,9.900000e-03,0.000000e+00,0.000000e+00,206,3.507584e-04,0,0,0
840,11,10956,1.182171e-03,5.246516e-03,1.089000e-02,0.000000e+00,0.000000e+00,188,3.262982e-05,0,0,0
841,13,10969,8.934179e-04,5.108033e-03,1.123920e-02,0.000000e+00,0.000000e+00,219,6.780215e-05,0,0,0
842,19,10988,7.476825e-04,5.242581e-03,1.317690e-02,0.000000e+00,0.000000e+00,191,4.306436e-05,0,0,0
843,13,11001,1.348614e-03,5.104187e-03,9.235083e-03,0.000000e+00,0.000000e+00,218,9.292364e-05,0,0,0
844,14,11015,1.378599e-03,5.238130e-03,1.111185e-02,0.000000e+00,0.000000e+00,209,3.005676e-04,0,0,0
845,11,11026,1.557569e-03,5.094070e-03,1.391342e-02,0.000000e+00,0.000000e+00,213,3.311038e-05,0,0,0
846,10,11036,1.343286e-03,5.158030e-03,1.000000e-02,0.000000e+00,0.000000e+00,197,4.081428e-05,0,0,0
847,20,11056,8.766878e-04,4.942887e-03,1.108862e-02,0.000000e+00,0.000000e+00,241,5.117804e-04,0,0,0
848,13,11069,9.712972e-04,5.251922e-03,1.184966e-02,0.000000e+00,0.000000e+00,196,7.049665e-04,0,0,0
849,17,11086,9.527773e-04,4.995855e-03,1.207844e-02,0.000000e+00,0.000000e+00,231,5.862676e-06,0,0,0
850,13,11099,1.364275e-03,5.037019e-03,1.072275e-02,0.000000e+00,0.000000e+00,210,8.812547e-05,0,0,0
851,12,11111,1.010535e-03,5.030986e-03,1.018188e-02,0.000000e+00,0.000000e+00,207,3.001690e-04,0,0,0
852,13,11124,1.367230e-03,5.149349e-03,1.124450e-02,0.000000e+00,0.000000e+00,201,3.548712e-05,0,0,0
853,12,11136,9.012935e-04,5.073186e-03,1.197900e-02,0.000000e+00,0.000000e+00,216,2.939254e-05,0,0,0
854,11,11147,1.061455e-03,5.078805e-03,1.061822e-02,0.000000e+00,0.000000e+00,226,3.929362e-04,0,0,0
855,13,11160,1.260279e-03,5.032432e-03,1.000000e-02,0.000000e+00,0.000000e+00,215,2.796948e-05,0,0,0
856,12,11172,1.014004e-03,5.174082e-03,1.205047e-02,0.000000e+00,0.000000e+00,210,5.156696e-04,0,0,0
857,11,11183,1.218123e-03,4.940172e-03,9.706290e-03,0.000000e+00,0.000000e+00,222,7.025898e-05,0,0,0
858,12,11195,1.699344e-03,5.004018e-03,1.089000e-02,0.000000e+00,0.000000e+00,211,1.041219e-06,0,0,0
859,12,11207,1.716172e-03,5.024926e-03,1.374647e-02,0.000000e+00,0.000000e+00,204,3.641844e-05,0,0,0
860,11,11218,9.280164e-04,4.913311e-03,1.199369e-02,0.000000e+00,0.000000e+00,223,2.383590e-04,0,0,0
861,12,11230,9.586760e-04,4.929377e-03,1.000000e-02,0.000000e+00,0.000000e+00,210,5.091727e-05,0,0,0
862,14,11244,9.291862e-04,5.031785e-03,1.028512e-02,0.000000e+00,0.000000e+00,207,8.713827e-05,0,0,0
863,11,11255,1.490215e-03,4.964822e-03,9.318772e-03,0.000000e+00,0.000000e+00,218,5.805492e-05,0,0,0
HIST {'total_samples': 901725, 'floor_samples': 0, 'floor_fraction': 0.0, 'saturation_depth': 0.0, 'boundaries': 864, 'capped_boundaries': 0, 'unfinished_worlds': 0}
864,12,11267,1.350343e-03,5.041812e-03,1.329722e-02,0.000000e+00,0.000000e+00,215,2.455711e-05,0,0,0
865,13,11280,1.063000e-03,4.986782e-03,1.319774e-02,0.000000e+00,0.000000e+00,216,4.742593e-04,0,0,0
866,15,11295,1.040345e-03,5.059414e-03,1.383676e-02,0.000000e+00,0.000000e+00,215,8.583069e-06,0,0,0
867,12,11307,1.273288e-03,5.068006e-03,1.000000e-02,0.000000e+00,0.000000e+00,209,8.311123e-06,0,0,0
868,10,11317,1.212657e-03,4.983259e-03,1.150868e-02,0.000000e+00,0.000000e+00,212,2.479777e-04,0,0,0
869,11,11328,1.321459e-03,5.009272e-03,9.941196e-03,0.000000e+00,0.000000e+00,218,1.144409e-04,0,0,0
870,11,11339,1.530834e-03,5.045302e-03,1.089000e-02,0.000000e+00,0.000000e+00,217,5.505979e-06,0,0,0
871,13,11352,8.834731e-04,4.921664e-03,1.141298e-02,0.000000e+00,0.000000e+00,243,6.556511e-04,0,0,0
872,15,11367,1.111568e-03,4.935593e-03,1.008661e-02,0.000000e+00,0.000000e+00,203,3.606081e-06,0,0,0
873,13,11380,8.279164e-04,4.823803e-03,9.417673e-03,0.000000e+00,0.000000e+00,231,2.731085e-04,0,0,0
874,12,11392,1.072580e-03,4.956660e-03,1.193178e-02,0.000000e+00,0.000000e+00,214,1.862645e-05,0,0,0
875,11,11403,7.843073e-04,4.850444e-03,1.462097e-02,0.000000e+00,0.000000e+00,223,3.769435e-05,0,0,0
876,12,11415,1.086732e-03,4.974366e-03,1.272938e-02,0.000000e+00,0.000000e+00,204,2.704561e-06,0,0,0
877,11,11426,1.275244e-03,4.977347e-03,9.413653e-03,0.000000e+00,0.000000e+00,205,7.940084e-05,0,0,0
878,11,11437,1.361391e-03,5.139151e-03,1.063522e-02,0.000000e+00,0.000000e+00,202,2.112091e-04,0,0,0
879,13,11450,9.903086e-04,4.983776e-03,1.085691e-02,0.000000e+00,0.000000e+00,222,2.378002e-04,0,0,0
880,22,11472,9.323793e-04,5.068485e-03,1.391287e-02,0.000000e+00,0.000000e+00,203,4.363060e-05,0,0,0
881,17,11489,9.820302e-04,4.872426e-03,1.000000e-02,0.000000e+00,0.000000e+00,222,7.891655e-05,0,0,0
882,24,11513,6.054843e-04,5.078166e-03,1.121710e-02,0.000000e+00,0.000000e+00,203,1.103580e-04,0,0,0
883,14,11527,1.073494e-03,5.118789e-03,1.233881e-02,0.000000e+00,0.000000e+00,215,8.344650e-07,0,0,0
884,13,11540,8.255757e-04,5.156713e-03,1.693934e-02,0.000000e+00,0.000000e+00,209,1.767874e-04,0,0,0
885,14,11554,9.382377e-04,4.975263e-03,1.000000e-02,0.000000e+00,0.000000e+00,224,1.490116e-06,0,0,0
886,13,11567,1.233033e-03,5.105698e-03,1.246801e-02,0.000000e+00,0.000000e+00,198,4.905462e-05,0,0,0
887,15,11582,1.185564e-03,5.075951e-03,1.000000e-02,0.000000e+00,0.000000e+00,212,4.062802e-04,0,0,0
888,14,11596,9.082941e-04,5.105008e-03,1.097414e-02,0.000000e+00,0.000000e+00,210,7.764995e-05,0,0,0
889,14,11610,6.858686e-04,4.962147e-03,1.000990e-02,0.000000e+00,0.000000e+00,220,4.443526e-05,0,0,0
890,12,11622,1.476355e-03,5.081731e-03,1.292769e-02,0.000000e+00,0.000000e+00,180,1.188219e-04,0,0,0
891,11,11633,1.258268e-03,5.027694e-03,1.000000e-02,0.000000e+00,0.000000e+00,212,2.624243e-04,0,0,0
892,12,11645,1.507796e-03,5.115226e-03,1.208718e-02,0.000000e+00,0.000000e+00,209,1.279917e-05,0,0,0
893,12,11657,1.130227e-03,4.926404e-03,1.000000e-02,0.000000e+00,0.000000e+00,222,2.352595e-04,0,0,0
894,12,11669,8.263406e-04,5.082609e-03,1.000000e-02,0.000000e+00,0.000000e+00,198,5.288273e-04,0,0,0
895,11,11680,1.243319e-03,4.943348e-03,9.900344e-03,0.000000e+00,0.000000e+00,215,4.811585e-05,0,0,0
896,14,11694,8.884640e-04,4.980894e-03,1.000000e-02,0.000000e+00,0.000000e+00,203,1.106411e-06,0,0,0
897,13,11707,1.049137e-03,4.935944e-03,1.023190e-02,0.000000e+00,0.000000e+00,218,3.453810e-04,0,0,0
898,19,11726,1.139576e-03,4.965912e-03,1.056375e-02,0.000000e+00,0.000000e+00,215,1.438260e-04,0,0,0
899,15,11741,1.020481e-03,4.925878e-03,9.612605e-03,0.000000e+00,0.000000e+00,214,5.371869e-05,0,0,0
900,13,11754,1.278832e-03,5.216476e-03,1.168900e-02,0.000000e+00,0.000000e+00,198,3.933907e-06,0,0,0
901,13,11767,1.210832e-03,5.082798e-03,1.000000e-02,0.000000e+00,0.000000e+00,229,1.420677e-04,0,0,0
902,14,11781,1.315655e-03,5.066684e-03,1.291908e-02,0.000000e+00,0.000000e+00,216,2.101064e-05,0,0,0
903,12,11793,1.157055e-03,4.991862e-03,1.000000e-02,0.000000e+00,0.000000e+00,226,5.960464e-07,0,0,0
904,11,11804,1.318809e-03,5.057141e-03,1.132534e-02,0.000000e+00,0.000000e+00,200,1.336932e-04,0,0,0
905,16,11820,6.796580e-04,4.882017e-03,1.034932e-02,0.000000e+00,0.000000e+00,242,2.940977e-04,0,0,0
906,14,11834,1.060617e-03,4.959364e-03,1.227437e-02,0.000000e+00,0.000000e+00,204,1.550019e-04,0,0,0
907,15,11849,1.007228e-03,4.826084e-03,1.000000e-02,0.000000e+00,0.000000e+00,215,3.226772e-04,0,0,0
908,13,11862,1.041845e-03,4.959121e-03,1.000000e-02,0.000000e+00,0.000000e+00,215,3.232211e-04,0,0,0
909,16,11878,9.587031e-04,4.953387e-03,1.000000e-02,0.000000e+00,0.000000e+00,213,1.087785e-06,0,0,0
910,12,11890,1.175928e-03,5.088417e-03,1.155982e-02,0.000000e+00,0.000000e+00,201,5.403459e-04,0,0,0
911,12,11902,1.320478e-03,4.994496e-03,1.000000e-02,0.000000e+00,0.000000e+00,220,1.654029e-05,0,0,0
HIST {'total_samples': 957213, 'floor_samples': 0, 'floor_fraction': 0.0, 'saturation_depth': 0.0, 'boundaries': 912, 'capped_boundaries': 0, 'unfinished_worlds': 0}
912,10,11912,1.113005e-03,5.058431e-03,1.116979e-02,0.000000e+00,0.000000e+00,208,6.180257e-05,0,0,0
913,13,11925,1.247390e-03,5.017774e-03,1.070948e-02,0.000000e+00,0.000000e+00,219,2.356023e-04,0,0,0
914,13,11938,1.033903e-03,5.187577e-03,1.162405e-02,0.000000e+00,0.000000e+00,212,1.272373e-04,0,0,0
915,12,11950,1.130786e-03,5.046180e-03,1.000000e-02,0.000000e+00,0.000000e+00,221,2.518743e-04,0,0,0
916,18,11968,1.136877e-03,5.029591e-03,1.421425e-02,0.000000e+00,0.000000e+00,226,7.422864e-04,0,0,0
917,13,11981,1.302495e-03,5.116817e-03,1.024015e-02,0.000000e+00,0.000000e+00,197,1.496077e-05,0,0,0
918,14,11995,1.143226e-03,5.175105e-03,1.092426e-02,0.000000e+00,0.000000e+00,210,4.108995e-06,0,0,0
919,18,12013,9.843103e-04,5.009449e-03,1.000000e-02,0.000000e+00,0.000000e+00,214,6.258488e-06,0,0,0
920,13,12026,1.355027e-03,5.154470e-03,1.224184e-02,0.000000e+00,0.000000e+00,190,3.608782e-05,0,0,0
921,14,12040,1.392749e-03,5.132518e-03,1.000000e-02,0.000000e+00,0.000000e+00,211,1.718700e-04,0,0,0
922,11,12051,1.298697e-03,5.218518e-03,1.090807e-02,0.000000e+00,0.000000e+00,211,8.320808e-05,0,0,0
923,10,12061,9.978765e-04,5.146918e-03,1.114160e-02,0.000000e+00,0.000000e+00,210,2.247058e-04,0,0,0
924,13,12074,9.724903e-04,5.108612e-03,1.070919e-02,0.000000e+00,0.000000e+00,216,6.334484e-05,0,0,0
925,14,12088,1.060128e-03,4.961168e-03,1.000000e-02,0.000000e+00,0.000000e+00,224,3.063679e-05,0,0,0
926,12,12100,1.266001e-03,5.092819e-03,1.000000e-02,0.000000e+00,0.000000e+00,206,3.483444e-04,0,0,0
927,16,12116,9.404257e-04,5.008576e-03,9.779754e-03,0.000000e+00,0.000000e+00,226,9.265542e-05,0,0,0
928,12,12128,6.213304e-04,5.058683e-03,1.095184e-02,0.000000e+00,0.000000e+00,198,7.750094e-05,0,0,0
929,16,12144,7.329917e-04,4.943842e-03,9.924299e-03,0.000000e+00,0.000000e+00,222,8.612871e-05,0,0,0
930,13,12157,1.315118e-03,4.937341e-03,1.094989e-02,0.000000e+00,0.000000e+00,221,3.199652e-04,0,0,0
931,16,12173,9.501561e-04,4.925224e-03,1.000000e-02,0.000000e+00,0.000000e+00,213,1.844168e-04,0,0,0
932,16,12189,1.049993e-03,5.061536e-03,1.073137e-02,0.000000e+00,0.000000e+00,205,6.116927e-06,0,0,0
933,11,12200,1.487879e-03,5.010460e-03,1.124488e-02,0.000000e+00,0.000000e+00,215,3.833286e-04,0,0,0
934,12,12212,1.322639e-03,5.172535e-03,1.070233e-02,0.000000e+00,0.000000e+00,200,1.749396e-04,0,0,0
935,12,12224,8.495782e-04,5.124485e-03,1.087158e-02,0.000000e+00,0.000000e+00,208,2.627075e-05,0,0,0
936,12,12236,6.677651e-04,5.018803e-03,1.134217e-02,0.000000e+00,0.000000e+00,224,9.972975e-05,0,0,0
937,11,12247,1.257668e-03,4.918524e-03,1.000000e-02,0.000000e+00,0.000000e+00,224,1.026392e-04,0,0,0
938,10,12257,9.331879e-04,4.863306e-03,9.382630e-03,0.000000e+00,0.000000e+00,211,9.319186e-05,0,0,0
939,13,12270,1.523312e-03,4.823601e-03,8.932997e-03,0.000000e+00,0.000000e+00,212,2.980232e-06,0,0,0
940,11,12281,1.017436e-03,5.080835e-03,1.022096e-02,0.000000e+00,0.000000e+00,199,7.820129e-05,0,0,0
941,12,12293,1.469142e-03,5.021695e-03,1.116461e-02,0.000000e+00,0.000000e+00,219,1.955181e-04,0,0,0
942,19,12312,1.094213e-03,5.128979e-03,1.000000e-02,0.000000e+00,0.000000e+00,183,3.364906e-04,0,0,0
943,13,12325,9.763101e-04,5.009372e-03,1.229773e-02,0.000000e+00,0.000000e+00,240,5.820766e-11,0,0,0
944,11,12336,1.423320e-03,5.146850e-03,1.309848e-02,0.000000e+00,0.000000e+00,207,2.285838e-05,0,0,0
945,13,12349,1.080796e-03,5.037259e-03,1.000000e-02,0.000000e+00,0.000000e+00,212,1.138449e-04,0,0,0
946,11,12360,9.921869e-04,5.127353e-03,1.285467e-02,0.000000e+00,0.000000e+00,208,3.352240e-04,0,0,0
947,10,12370,1.442602e-03,5.074320e-03,1.358502e-02,0.000000e+00,0.000000e+00,214,1.343191e-04,0,0,0
948,15,12385,9.616384e-04,5.033027e-03,1.549979e-02,0.000000e+00,0.000000e+00,228,9.352341e-06,0,0,0
949,11,12396,1.026819e-03,5.106520e-03,1.053746e-02,0.000000e+00,0.000000e+00,205,4.951507e-04,0,0,0
950,12,12408,1.122342e-03,5.248426e-03,1.215188e-02,0.000000e+00,0.000000e+00,191,6.310642e-04,0,0,0
951,12,12420,1.121689e-03,5.098518e-03,1.010146e-02,0.000000e+00,0.000000e+00,219,2.446175e-04,0,0,0
952,11,12431,9.712165e-04,5.128399e-03,1.299205e-02,0.000000e+00,0.000000e+00,212,1.139939e-04,0,0,0
953,12,12443,1.005866e-03,5.081025e-03,1.166027e-02,0.000000e+00,0.000000e+00,197,4.524365e-05,0,0,0
954,12,12455,1.347383e-03,5.111834e-03,1.331342e-02,0.000000e+00,0.000000e+00,208,2.774596e-05,0,0,0
955,13,12468,1.276213e-03,5.126838e-03,1.590947e-02,0.000000e+00,0.000000e+00,232,5.245954e-05,0,0,0
956,14,12482,1.245791e-03,5.107412e-03,1.312768e-02,0.000000e+00,0.000000e+00,205,3.634840e-04,0,0,0
957,12,12494,1.230551e-03,5.002983e-03,1.000000e-02,0.000000e+00,0.000000e+00,215,4.410744e-05,0,0,0
958,13,12507,8.670831e-04,5.010301e-03,1.224995e-02,0.000000e+00,0.000000e+00,204,5.751252e-04,0,0,0
959,18,12525,8.838029e-04,4.993395e-03,1.265393e-02,0.000000e+00,0.000000e+00,230,6.186394e-04,0,0,0
HIST {'total_samples': 1011858, 'floor_samples': 0, 'floor_fraction': 0.0, 'saturation_depth': 0.0, 'boundaries': 960, 'capped_boundaries': 0, 'unfinished_worlds': 0}
960,11,12536,1.125174e-03,4.974845e-03,1.135131e-02,0.000000e+00,0.000000e+00,206,1.870096e-05,0,0,0
961,13,12549,1.252951e-03,4.976315e-03,1.000000e-02,0.000000e+00,0.000000e+00,204,1.041056e-04,0,0,0
962,14,12563,9.437640e-04,4.959989e-03,1.073989e-02,0.000000e+00,0.000000e+00,233,2.615154e-06,0,0,0
963,12,12575,1.046865e-03,4.848724e-03,1.016022e-02,0.000000e+00,0.000000e+00,238,4.264861e-04,0,0,0
964,14,12589,8.211717e-04,4.994552e-03,1.335693e-02,0.000000e+00,0.000000e+00,207,1.221895e-05,0,0,0
965,14,12603,1.110222e-03,4.939131e-03,1.230168e-02,0.000000e+00,0.000000e+00,209,8.940697e-08,0,0,0
966,16,12619,7.853663e-04,5.203463e-03,1.401359e-02,0.000000e+00,0.000000e+00,200,1.894832e-04,0,0,0
967,11,12630,9.454173e-04,5.218212e-03,1.613184e-02,0.000000e+00,0.000000e+00,201,6.756559e-05,0,0,0
968,14,12644,1.077035e-03,5.139335e-03,1.098461e-02,0.000000e+00,0.000000e+00,202,7.203817e-04,0,0,0
969,15,12659,1.095767e-03,5.165258e-03,1.250304e-02,0.000000e+00,0.000000e+00,214,1.337379e-04,0,0,0
970,11,12670,1.334707e-03,5.304643e-03,1.256376e-02,0.000000e+00,0.000000e+00,191,2.533346e-04,0,0,0
971,10,12680,1.224942e-03,5.132544e-03,1.000000e-02,0.000000e+00,0.000000e+00,213,6.109476e-07,0,0,0
972,12,12692,7.335464e-04,5.154554e-03,1.202562e-02,0.000000e+00,0.000000e+00,209,1.332760e-04,0,0,0
973,11,12703,1.490835e-03,5.165547e-03,1.000000e-02,0.000000e+00,0.000000e+00,200,1.313575e-04,0,0,0
974,11,12714,1.280416e-03,5.252035e-03,1.104441e-02,0.000000e+00,0.000000e+00,202,3.341138e-04,0,0,0
975,10,12724,1.638992e-03,5.197143e-03,1.110694e-02,0.000000e+00,0.000000e+00,204,3.169775e-04,0,0,0
976,14,12738,8.713808e-04,5.093260e-03,1.302328e-02,0.000000e+00,0.000000e+00,217,3.626719e-04,0,0,0
977,12,12750,9.286894e-04,5.201129e-03,1.068531e-02,0.000000e+00,0.000000e+00,185,2.792478e-05,0,0,0
978,12,12762,1.068247e-03,5.309591e-03,1.362748e-02,0.000000e+00,0.000000e+00,209,1.505017e-06,0,0,0
979,13,12775,8.660472e-04,5.260676e-03,1.334654e-02,0.000000e+00,0.000000e+00,201,1.111813e-05,0,0,0
980,12,12787,1.109705e-03,5.333626e-03,1.268570e-02,0.000000e+00,0.000000e+00,198,5.414560e-04,0,0,0
981,14,12801,1.380785e-03,5.169338e-03,1.000000e-02,0.000000e+00,0.000000e+00,219,3.635883e-05,0,0,0
982,13,12814,1.203819e-03,5.183354e-03,1.191588e-02,0.000000e+00,0.000000e+00,207,1.262724e-04,0,0,0
983,18,12832,1.066874e-03,5.092285e-03,1.125126e-02,0.000000e+00,0.000000e+00,214,2.622604e-06,0,0,0
984,14,12846,1.209685e-03,5.101976e-03,1.024339e-02,0.000000e+00,0.000000e+00,205,8.766465e-04,0,0,0
985,11,12857,1.545116e-03,4.988221e-03,1.264029e-02,0.000000e+00,0.000000e+00,226,3.350079e-04,0,0,0
986,11,12868,1.222350e-03,5.101968e-03,1.176379e-02,0.000000e+00,0.000000e+00,213,3.358535e-04,0,0,0
987,11,12879,8.147639e-04,5.051983e-03,1.000000e-02,0.000000e+00,0.000000e+00,212,1.591630e-04,0,0,0
988,10,12889,1.311232e-03,5.153179e-03,1.208558e-02,0.000000e+00,0.000000e+00,201,6.176159e-05,0,0,0
989,14,12903,9.658696e-04,5.037555e-03,1.032379e-02,0.000000e+00,0.000000e+00,229,1.246333e-04,0,0,0
990,13,12916,1.362856e-03,5.131216e-03,1.046799e-02,0.000000e+00,0.000000e+00,211,2.673268e-05,0,0,0
991,13,12929,9.819589e-04,5.012111e-03,1.067331e-02,0.000000e+00,0.000000e+00,223,1.202822e-04,0,0,0
992,14,12943,8.813576e-04,5.206482e-03,1.098666e-02,0.000000e+00,0.000000e+00,194,9.477139e-05,0,0,0
993,13,12956,9.602333e-04,5.023852e-03,1.006091e-02,0.000000e+00,0.000000e+00,226,4.449785e-04,0,0,0
994,18,12974,7.320839e-04,5.102728e-03,1.000000e-02,0.000000e+00,0.000000e+00,209,6.986260e-04,0,0,0
995,14,12988,7.924852e-04,5.081150e-03,1.206319e-02,0.000000e+00,0.000000e+00,220,6.147623e-04,0,0,0
996,12,13000,8.333687e-04,4.997805e-03,1.272914e-02,0.000000e+00,0.000000e+00,209,1.423806e-05,0,0,0
997,17,13017,8.341275e-04,5.036033e-03,1.000000e-02,0.000000e+00,0.000000e+00,217,3.282428e-04,0,0,0
998,14,13031,1.211903e-03,5.065184e-03,1.107076e-02,0.000000e+00,0.000000e+00,208,6.417558e-05,0,0,0
999,14,13045,8.607232e-04,4.984858e-03,1.270743e-02,0.000000e+00,0.000000e+00,235,6.229728e-04,0,0,0
1000,13,13058,8.545936e-04,5.114845e-03,1.029660e-02,0.000000e+00,0.000000e+00,216,3.252644e-05,0,0,0
1001,13,13071,8.003715e-04,4.993438e-03,1.141748e-02,0.000000e+00,0.000000e+00,232,1.740456e-04,0,0,0
1002,14,13085,1.173324e-03,5.083726e-03,1.246088e-02,0.000000e+00,0.000000e+00,206,3.553228e-05,0,0,0
1003,16,13101,9.137903e-04,4.986493e-03,1.000000e-02,0.000000e+00,0.000000e+00,225,0.000000e+00,0,0,0
1004,22,13123,7.614929e-04,4.874620e-03,1.116204e-02,0.000000e+00,0.000000e+00,231,1.388788e-05,0,0,0
1005,11,13134,1.409561e-03,4.843637e-03,1.098433e-02,0.000000e+00,0.000000e+00,224,7.505156e-05,0,0,0
1006,18,13152,7.589280e-04,5.043977e-03,1.244244e-02,0.000000e+00,0.000000e+00,190,2.635121e-04,0,0,0
1007,16,13168,1.069113e-03,4.932665e-03,1.243118e-02,0.000000e+00,0.000000e+00,239,1.168735e-04,0,0,0
HIST {'total_samples': 1066952, 'floor_samples': 0, 'floor_fraction': 0.0, 'saturation_depth': 0.0, 'boundaries': 1008, 'capped_boundaries': 0, 'unfinished_worlds': 0}
1008,14,13182,8.420334e-04,4.969429e-03,1.030333e-02,0.000000e+00,0.000000e+00,213,3.490597e-06,0,0,0
1009,22,13204,5.983287e-04,4.911304e-03,1.000000e-02,0.000000e+00,0.000000e+00,225,4.638694e-04,0,0,0
1010,14,13218,1.252158e-03,4.971389e-03,1.317846e-02,0.000000e+00,0.000000e+00,230,2.311878e-04,0,0,0
1011,12,13230,1.039637e-03,4.937048e-03,1.000000e-02,0.000000e+00,0.000000e+00,212,2.460182e-05,0,0,0
1012,19,13249,4.545484e-04,5.105970e-03,1.089000e-02,0.000000e+00,0.000000e+00,221,1.968630e-04,0,0,0
1013,13,13262,1.022524e-03,5.076706e-03,1.000000e-02,0.000000e+00,0.000000e+00,219,4.144013e-05,0,0,0
1014,16,13278,9.213223e-04,5.122133e-03,1.089000e-02,0.000000e+00,0.000000e+00,231,6.300211e-05,0,0,0
1015,12,13290,1.095341e-03,4.968741e-03,1.197900e-02,0.000000e+00,0.000000e+00,233,2.373755e-05,0,0,0
1016,13,13303,1.241009e-03,4.984584e-03,1.067113e-02,0.000000e+00,0.000000e+00,233,8.013844e-05,0,0,0
1017,12,13315,1.227096e-03,4.971240e-03,1.000000e-02,0.000000e+00,0.000000e+00,228,2.185851e-04,0,0,0
1018,15,13330,8.681055e-04,4.962651e-03,1.125914e-02,0.000000e+00,0.000000e+00,222,7.083043e-04,0,0,0
1019,12,13342,1.143590e-03,4.877061e-03,1.000000e-02,0.000000e+00,0.000000e+00,233,2.013147e-05,0,0,0
1020,15,13357,1.044648e-03,4.942009e-03,1.562360e-02,0.000000e+00,0.000000e+00,219,5.185604e-05,0,0,0
1021,15,13372,6.841079e-04,4.872152e-03,1.084625e-02,0.000000e+00,0.000000e+00,238,6.620884e-04,0,0,0
1022,13,13385,9.751792e-04,4.933575e-03,1.000000e-02,0.000000e+00,0.000000e+00,226,6.930232e-04,0,0,0
1023,11,13396,9.443942e-04,4.888406e-03,1.219820e-02,0.000000e+00,0.000000e+00,225,1.413524e-04,0,0,0
1024,12,13408,9.212267e-04,5.042848e-03,1.275540e-02,0.000000e+00,0.000000e+00,209,1.488079e-05,0,0,0
1025,13,13421,1.070110e-03,5.009679e-03,1.089000e-02,0.000000e+00,0.000000e+00,215,1.382083e-06,0,0,0
1026,13,13434,9.460157e-04,4.999937e-03,1.197900e-02,0.000000e+00,0.000000e+00,227,1.350194e-04,0,0,0
1027,12,13446,1.464489e-03,5.037261e-03,1.031988e-02,0.000000e+00,0.000000e+00,200,4.963316e-04,0,0,0
1028,14,13460,1.428809e-03,5.050670e-03,1.183990e-02,0.000000e+00,0.000000e+00,212,2.235174e-07,0,0,0
1029,15,13475,1.237813e-03,5.002720e-03,1.112729e-02,0.000000e+00,0.000000e+00,225,8.593798e-04,0,0,0
1030,12,13487,1.299844e-03,5.010076e-03,1.000000e-02,0.000000e+00,0.000000e+00,230,3.361702e-04,0,0,0
1031,13,13500,1.184458e-03,5.064597e-03,1.028020e-02,0.000000e+00,0.000000e+00,222,4.278421e-04,0,0,0
1032,14,13514,1.011883e-03,5.076664e-03,1.089000e-02,0.000000e+00,0.000000e+00,218,6.355494e-04,0,0,0
1033,11,13525,1.292894e-03,4.953070e-03,1.197900e-02,0.000000e+00,0.000000e+00,237,1.060776e-04,0,0,0
1034,10,13535,1.253273e-03,5.046142e-03,1.026885e-02,0.000000e+00,0.000000e+00,198,1.557767e-04,0,0,0
1035,13,13548,1.610460e-03,4.969379e-03,1.000000e-02,0.000000e+00,0.000000e+00,219,1.269579e-04,0,0,0
1036,11,13559,1.142908e-03,5.066104e-03,1.113968e-02,0.000000e+00,0.000000e+00,208,5.483925e-04,0,0,0
1037,10,13569,1.385697e-03,5.015440e-03,1.000000e-02,0.000000e+00,0.000000e+00,216,3.665686e-05,0,0,0
1038,14,13583,1.303846e-03,5.021340e-03,1.089000e-02,0.000000e+00,0.000000e+00,222,9.536743e-07,0,0,0
1039,12,13595,1.223327e-03,4.944642e-03,1.000000e-02,0.000000e+00,0.000000e+00,223,4.088879e-05,0,0,0
1040,12,13607,1.284397e-03,4.978385e-03,1.066141e-02,0.000000e+00,0.000000e+00,230,1.797676e-04,0,0,0
1041,10,13617,1.302838e-03,5.091516e-03,1.019399e-02,0.000000e+00,0.000000e+00,215,8.830428e-05,0,0,0
1042,16,13633,1.169528e-03,5.072654e-03,1.250982e-02,0.000000e+00,0.000000e+00,233,3.337860e-06,0,0,0
1043,14,13647,1.144795e-03,4.863393e-03,1.247908e-02,0.000000e+00,0.000000e+00,243,7.823110e-07,0,0,0
1044,13,13660,1.094314e-03,4.959695e-03,1.012088e-02,0.000000e+00,0.000000e+00,207,4.451275e-04,0,0,0
1045,14,13674,1.007676e-03,4.969385e-03,1.000000e-02,0.000000e+00,0.000000e+00,226,5.841255e-06,0,0,0
1046,10,13684,1.569786e-03,5.039616e-03,1.086753e-02,0.000000e+00,0.000000e+00,207,2.432764e-04,0,0,0
1047,16,13700,1.117827e-03,5.089783e-03,1.000000e-02,0.000000e+00,0.000000e+00,216,9.393692e-05,0,0,0
1048,12,13712,1.238376e-03,5.128626e-03,1.000000e-02,0.000000e+00,0.000000e+00,207,9.387732e-07,0,0,0
1049,13,13725,1.136984e-03,5.112467e-03,1.204714e-02,0.000000e+00,0.000000e+00,213,1.005828e-07,0,0,0
1050,14,13739,1.028463e-03,5.069656e-03,1.303339e-02,0.000000e+00,0.000000e+00,210,1.396239e-04,0,0,0
1051,13,13752,1.097875e-03,5.006451e-03,1.197900e-02,0.000000e+00,0.000000e+00,223,1.594424e-06,0,0,0
1052,12,13764,1.158835e-03,5.190291e-03,1.317690e-02,0.000000e+00,0.000000e+00,184,4.716590e-05,0,0,0
1053,11,13775,1.537092e-03,5.138732e-03,1.439517e-02,0.000000e+00,0.000000e+00,205,4.731119e-05,0,0,0
1054,10,13785,1.521809e-03,5.241022e-03,1.594405e-02,0.000000e+00,0.000000e+00,195,9.693205e-05,0,0,0
1055,13,13798,1.528452e-03,5.134943e-03,1.202786e-02,0.000000e+00,0.000000e+00,223,2.931021e-04,0,0,0
HIST {'total_samples': 1123130, 'floor_samples': 0, 'floor_fraction': 0.0, 'saturation_depth': 0.0, 'boundaries': 1056, 'capped_boundaries': 0, 'unfinished_worlds': 0}
1056,11,13809,1.401366e-03,5.264225e-03,1.335033e-02,0.000000e+00,0.000000e+00,203,1.999736e-05,0,0,0
1057,11,13820,1.174800e-03,5.130318e-03,1.000000e-02,0.000000e+00,0.000000e+00,217,7.688999e-06,0,0,0
1058,16,13836,1.002973e-03,5.229428e-03,9.984991e-03,0.000000e+00,0.000000e+00,213,6.365851e-04,0,0,0
1059,12,13848,1.440264e-03,5.175721e-03,1.051299e-02,0.000000e+00,0.000000e+00,222,7.221103e-05,0,0,0
1060,12,13860,1.562827e-03,5.186534e-03,1.116193e-02,0.000000e+00,0.000000e+00,218,5.044341e-04,0,0,0
1061,14,13874,9.620094e-04,5.099030e-03,1.000000e-02,0.000000e+00,0.000000e+00,223,7.957220e-05,0,0,0
1062,10,13884,1.084711e-03,5.110132e-03,1.051876e-02,0.000000e+00,0.000000e+00,204,2.372265e-05,0,0,0
1063,11,13895,1.390321e-03,4.984477e-03,9.900503e-03,0.000000e+00,0.000000e+00,220,3.163194e-04,0,0,0
1064,13,13908,9.460057e-04,5.047434e-03,1.089055e-02,0.000000e+00,0.000000e+00,217,4.064292e-05,0,0,0
1065,13,13921,1.179350e-03,5.102043e-03,1.000000e-02,0.000000e+00,0.000000e+00,209,5.699322e-05,0,0,0
1066,12,13933,1.321166e-03,5.311433e-03,1.034806e-02,0.000000e+00,0.000000e+00,197,6.222725e-05,0,0,0
1067,13,13946,1.245352e-03,5.273022e-03,1.148796e-02,0.000000e+00,0.000000e+00,209,1.209378e-04,0,0,0
1068,12,13958,1.198502e-03,5.195937e-03,1.069332e-02,0.000000e+00,0.000000e+00,214,1.133978e-05,0,0,0
1069,13,13971,1.015680e-03,5.015808e-03,1.000000e-02,0.000000e+00,0.000000e+00,237,8.046627e-06,0,0,0
1070,12,13983,1.134436e-03,5.159623e-03,1.463266e-02,0.000000e+00,0.000000e+00,201,9.275973e-05,0,0,0
1071,16,13999,1.044715e-03,5.170206e-03,1.135819e-02,0.000000e+00,0.000000e+00,210,1.729056e-04,0,0,0
1072,15,14014,1.232607e-03,5.194963e-03,1.112351e-02,0.000000e+00,0.000000e+00,224,7.852912e-05,0,0,0
1073,12,14026,1.277771e-03,5.110832e-03,1.214842e-02,0.000000e+00,0.000000e+00,215,1.517460e-04,0,0,0
1074,11,14037,1.433196e-03,5.122798e-03,1.415215e-02,0.000000e+00,0.000000e+00,212,1.530498e-04,0,0,0
1075,17,14054,6.417784e-04,4.991963e-03,1.000000e-02,0.000000e+00,0.000000e+00,222,4.004687e-05,0,0,0
1076,13,14067,9.770015e-04,4.970763e-03,1.000000e-02,0.000000e+00,0.000000e+00,206,2.078861e-04,0,0,0
1077,12,14079,8.486213e-04,4.959171e-03,1.000000e-02,0.000000e+00,0.000000e+00,226,2.638772e-04,0,0,0
1078,13,14092,1.099932e-03,4.999785e-03,1.112584e-02,0.000000e+00,0.000000e+00,217,1.130700e-04,0,0,0
1079,14,14106,1.176886e-03,4.998968e-03,1.000000e-02,0.000000e+00,0.000000e+00,214,3.203750e-07,0,0,0
1080,14,14120,1.094119e-03,5.213967e-03,1.402207e-02,0.000000e+00,0.000000e+00,196,2.108421e-05,0,0,0
1081,15,14135,1.375793e-03,4.913838e-03,1.000000e-02,0.000000e+00,0.000000e+00,252,7.010996e-06,0,0,0
1082,11,14146,1.119294e-03,5.031181e-03,1.240994e-02,0.000000e+00,0.000000e+00,199,2.267957e-05,0,0,0
1083,10,14156,1.577890e-03,5.116455e-03,1.000000e-02,0.000000e+00,0.000000e+00,217,1.147017e-04,0,0,0
1084,12,14168,1.214764e-03,5.225508e-03,1.093853e-02,0.000000e+00,0.000000e+00,202,4.378706e-05,0,0,0
1085,11,14179,1.112239e-03,5.087702e-03,9.244414e-03,0.000000e+00,0.000000e+00,216,2.025068e-05,0,0,0
1086,9,14188,1.069832e-03,5.310684e-03,1.061954e-02,0.000000e+00,0.000000e+00,180,4.348904e-04,0,0,0
1087,11,14199,1.706168e-03,5.208076e-03,1.098633e-02,0.000000e+00,0.000000e+00,217,3.266335e-05,0,0,0
1088,11,14210,8.352962e-04,5.123689e-03,1.284964e-02,0.000000e+00,0.000000e+00,216,2.065301e-04,0,0,0
1089,14,14224,1.353691e-03,5.035996e-03,1.000000e-02,0.000000e+00,0.000000e+00,234,1.728833e-04,0,0,0
1090,10,14234,1.844972e-03,5.171105e-03,1.089000e-02,0.000000e+00,0.000000e+00,196,5.486012e-04,0,0,0
1091,11,14245,1.324810e-03,5.188895e-03,1.000000e-02,0.000000e+00,0.000000e+00,205,2.603349e-04,0,0,0
1092,13,14258,1.683165e-03,5.220568e-03,1.192365e-02,0.000000e+00,0.000000e+00,194,1.342967e-06,0,0,0
1093,10,14268,1.190314e-03,5.248130e-03,1.000000e-02,0.000000e+00,0.000000e+00,198,1.877546e-04,0,0,0
1094,11,14279,7.464570e-04,5.314022e-03,1.175817e-02,0.000000e+00,0.000000e+00,218,4.161596e-04,0,0,0
1095,12,14291,1.308799e-03,5.159372e-03,1.034772e-02,0.000000e+00,0.000000e+00,213,4.662573e-05,0,0,0
1096,11,14302,1.040837e-03,5.063794e-03,1.095807e-02,0.000000e+00,0.000000e+00,221,3.303587e-05,0,0,0
1097,11,14313,1.275345e-03,5.080694e-03,1.074855e-02,0.000000e+00,0.000000e+00,215,3.112853e-05,0,0,0
1098,10,14323,1.212790e-03,5.090299e-03,1.142602e-02,0.000000e+00,0.000000e+00,212,8.009374e-07,0,0,0
1099,10,14333,1.159542e-03,5.066887e-03,1.000000e-02,0.000000e+00,0.000000e+00,218,4.290938e-04,0,0,0
1100,14,14347,1.220182e-03,5.020645e-03,1.011536e-02,0.000000e+00,0.000000e+00,210,2.084747e-04,0,0,0
1101,15,14362,9.948367e-04,4.957471e-03,8.965655e-03,0.000000e+00,0.000000e+00,212,2.136827e-05,0,0,0
1102,12,14374,9.740482e-04,5.022867e-03,1.036658e-02,0.000000e+00,0.000000e+00,217,3.009290e-05,0,0,0
1103,13,14387,6.231907e-04,5.007386e-03,1.000000e-02,0.000000e+00,0.000000e+00,204,3.792942e-04,0,0,0
HIST {'total_samples': 1177599, 'floor_samples': 0, 'floor_fraction': 0.0, 'saturation_depth': 0.0, 'boundaries': 1104, 'capped_boundaries': 0, 'unfinished_worlds': 0}
1104,11,14398,7.980633e-04,5.159603e-03,1.025032e-02,0.000000e+00,0.000000e+00,193,3.989786e-04,0,0,0
1105,14,14412,1.102458e-03,5.180526e-03,1.000000e-02,0.000000e+00,0.000000e+00,207,2.264977e-06,0,0,0
1106,13,14425,1.143721e-03,5.224180e-03,1.055372e-02,0.000000e+00,0.000000e+00,211,2.165139e-05,0,0,0
1107,10,14435,1.173683e-03,5.108647e-03,1.000000e-02,0.000000e+00,0.000000e+00,214,3.414955e-04,0,0,0
1108,12,14447,1.225607e-03,5.001760e-03,1.148112e-02,0.000000e+00,0.000000e+00,215,1.796782e-04,0,0,0
1109,11,14458,1.362359e-03,4.961886e-03,1.000000e-02,0.000000e+00,0.000000e+00,209,4.470348e-08,0,0,0
1110,13,14471,1.255450e-03,5.193537e-03,1.040193e-02,0.000000e+00,0.000000e+00,194,6.878749e-04,0,0,0
1111,11,14482,1.154342e-03,5.053308e-03,1.105699e-02,0.000000e+00,0.000000e+00,218,7.286901e-05,0,0,0
1112,14,14496,8.599852e-04,5.144479e-03,1.160367e-02,0.000000e+00,0.000000e+00,200,1.898538e-04,0,0,0
1113,16,14512,8.861308e-04,4.939124e-03,1.000000e-02,0.000000e+00,0.000000e+00,212,3.413856e-04,0,0,0
1114,13,14525,1.213958e-03,4.959104e-03,1.082384e-02,0.000000e+00,0.000000e+00,209,2.235174e-08,0,0,0
1115,10,14535,1.339422e-03,5.057774e-03,1.000000e-02,0.000000e+00,0.000000e+00,203,6.967112e-04,0,0,0
1116,39,14574,4.637312e-04,5.017444e-03,1.058852e-02,0.000000e+00,0.000000e+00,222,1.431350e-04,0,0,0
1117,14,14588,1.123174e-03,4.884711e-03,9.729377e-03,0.000000e+00,0.000000e+00,220,1.281500e-06,0,0,0
1118,19,14607,7.448947e-04,4.911270e-03,1.014484e-02,0.000000e+00,0.000000e+00,223,1.889467e-05,0,0,0
1119,11,14618,1.166360e-03,4.840099e-03,9.487144e-03,0.000000e+00,0.000000e+00,223,1.762956e-04,0,0,0
1120,12,14630,1.124910e-03,4.936237e-03,1.042707e-02,0.000000e+00,0.000000e+00,209,5.278364e-04,0,0,0
1121,15,14645,1.224104e-03,4.960601e-03,1.022993e-02,0.000000e+00,0.000000e+00,217,2.289992e-04,0,0,0
1122,11,14656,1.201201e-03,5.067705e-03,1.190690e-02,0.000000e+00,0.000000e+00,197,3.354233e-04,0,0,0
1123,17,14673,9.731835e-04,5.029140e-03,1.000000e-02,0.000000e+00,0.000000e+00,228,8.139759e-05,0,0,0
1124,16,14689,4.588391e-04,5.156051e-03,1.089000e-02,0.000000e+00,0.000000e+00,211,3.314018e-05,0,0,0
1125,13,14702,8.957894e-04,5.160906e-03,1.338967e-02,0.000000e+00,0.000000e+00,205,3.662668e-04,0,0,0
1126,19,14721,9.503983e-04,5.191594e-03,1.160175e-02,0.000000e+00,0.000000e+00,213,8.106232e-06,0,0,0
1127,15,14736,7.769667e-04,5.103244e-03,1.000000e-02,0.000000e+00,0.000000e+00,227,1.749992e-04,0,0,0
1128,13,14749,1.306350e-03,5.144306e-03,1.197900e-02,0.000000e+00,0.000000e+00,197,1.215935e-05,0,0,0
1129,17,14766,5.945990e-04,5.104392e-03,1.167363e-02,0.000000e+00,0.000000e+00,214,2.105981e-04,0,0,0
1130,13,14779,9.847269e-04,5.160560e-03,1.242968e-02,0.000000e+00,0.000000e+00,198,9.524822e-05,0,0,0
1131,17,14796,9.608547e-04,5.081133e-03,1.044969e-02,0.000000e+00,0.000000e+00,210,1.549721e-06,0,0,0
1132,12,14808,9.429152e-04,5.236297e-03,1.018065e-02,0.000000e+00,0.000000e+00,197,2.396107e-04,0,0,0
1133,13,14821,1.221040e-03,5.072423e-03,1.183592e-02,0.000000e+00,0.000000e+00,208,2.411157e-04,0,0,0
1134,15,14836,7.510372e-04,5.131076e-03,1.054106e-02,0.000000e+00,0.000000e+00,224,2.217740e-04,0,0,0
1135,12,14848,1.183395e-03,5.031605e-03,1.044379e-02,0.000000e+00,0.000000e+00,234,1.122057e-04,0,0,0
1136,13,14861,8.008438e-04,5.057491e-03,1.269997e-02,0.000000e+00,0.000000e+00,220,3.177114e-04,0,0,0
1137,12,14873,1.221756e-03,4.954599e-03,1.111959e-02,0.000000e+00,0.000000e+00,217,1.129508e-05,0,0,0
1138,11,14884,1.373961e-03,5.071528e-03,1.155581e-02,0.000000e+00,0.000000e+00,207,1.728535e-06,0,0,0
1139,12,14896,1.253558e-03,4.947687e-03,1.051011e-02,0.000000e+00,0.000000e+00,212,2.574325e-04,0,0,0
1140,11,14907,1.164052e-03,5.070796e-03,1.175967e-02,0.000000e+00,0.000000e+00,209,5.010358e-05,0,0,0
1141,12,14919,1.067010e-03,5.014703e-03,1.000000e-02,0.000000e+00,0.000000e+00,226,4.731119e-06,0,0,0
1142,11,14930,1.369082e-03,5.089873e-03,1.447450e-02,0.000000e+00,0.000000e+00,221,1.987815e-05,0,0,0
1143,13,14943,1.470820e-03,5.136500e-03,1.137433e-02,0.000000e+00,0.000000e+00,208,5.919486e-06,0,0,0
1144,10,14953,1.948228e-03,5.264078e-03,1.485003e-02,0.000000e+00,0.000000e+00,208,3.315508e-04,0,0,0
1145,9,14962,8.234171e-04,5.234987e-03,1.259838e-02,0.000000e+00,0.000000e+00,201,3.942847e-05,0,0,0
1146,17,14979,1.080543e-03,5.243988e-03,1.087173e-02,0.000000e+00,0.000000e+00,215,1.357533e-04,0,0,0
1147,10,14989,1.625247e-03,5.131854e-03,9.093449e-03,0.000000e+00,0.000000e+00,222,9.226697e-04,0,0,0
1148,11,15000,1.663926e-03,5.193078e-03,1.097163e-02,0.000000e+00,0.000000e+00,195,2.152324e-04,0,0,0
1149,10,15010,1.208528e-03,5.079559e-03,9.325548e-03,0.000000e+00,0.000000e+00,220,2.637133e-05,0,0,0
1150,12,15022,1.259110e-03,5.026471e-03,1.173303e-02,0.000000e+00,0.000000e+00,208,2.335533e-04,0,0,0
1151,11,15033,1.112462e-03,5.172716e-03,1.000000e-02,0.000000e+00,0.000000e+00,194,1.048446e-04,0,0,0
HIST {'total_samples': 1232380, 'floor_samples': 0, 'floor_fraction': 0.0, 'saturation_depth': 0.0, 'boundaries': 1152, 'capped_boundaries': 0, 'unfinished_worlds': 0}
1152,9,15042,1.476815e-03,5.346770e-03,1.213525e-02,0.000000e+00,0.000000e+00,185,3.314018e-05,0,0,0
1153,11,15053,9.046812e-04,5.240682e-03,1.310402e-02,0.000000e+00,0.000000e+00,219,4.395843e-06,0,0,0
1154,10,15063,1.150685e-03,5.295587e-03,1.062758e-02,0.000000e+00,0.000000e+00,207,2.412386e-04,0,0,0
1155,17,15080,8.534309e-04,5.077627e-03,1.111618e-02,0.000000e+00,0.000000e+00,230,7.784367e-05,0,0,0
1156,12,15092,1.334294e-03,5.112774e-03,1.124804e-02,0.000000e+00,0.000000e+00,207,4.345179e-04,0,0,0
1157,11,15103,9.998871e-04,4.984040e-03,1.053087e-02,0.000000e+00,0.000000e+00,219,9.772973e-05,0,0,0
1158,13,15116,1.087389e-03,5.094537e-03,1.182556e-02,0.000000e+00,0.000000e+00,205,1.519918e-06,0,0,0
1159,16,15132,1.027585e-03,5.012928e-03,1.048920e-02,0.000000e+00,0.000000e+00,206,7.420778e-06,0,0,0
1160,15,15147,1.166463e-03,5.073183e-03,1.179447e-02,0.000000e+00,0.000000e+00,201,1.435447e-05,0,0,0
1161,12,15159,1.403502e-03,5.166842e-03,1.000000e-02,0.000000e+00,0.000000e+00,212,8.605421e-05,0,0,0
1162,11,15170,7.564804e-04,5.234985e-03,1.079682e-02,0.000000e+00,0.000000e+00,207,6.496906e-05,0,0,0
1163,15,15185,1.159406e-03,5.212286e-03,1.000000e-02,0.000000e+00,0.000000e+00,210,9.596348e-06,0,0,0
1164,10,15195,1.182929e-03,5.317202e-03,1.217953e-02,0.000000e+00,0.000000e+00,193,5.190074e-05,0,0,0
1165,10,15205,1.301866e-03,5.284883e-03,1.045006e-02,0.000000e+00,0.000000e+00,206,4.615001e-04,0,0,0
1166,16,15221,7.229413e-04,5.384117e-03,1.149507e-02,0.000000e+00,0.000000e+00,205,2.607703e-06,0,0,0
1167,12,15233,1.241466e-03,5.132095e-03,1.000000e-02,0.000000e+00,0.000000e+00,234,1.761913e-04,0,0,0
1168,14,15247,1.159373e-03,5.274589e-03,1.317690e-02,0.000000e+00,0.000000e+00,202,6.984174e-04,0,0,0
1169,12,15259,8.103926e-04,5.089998e-03,1.000000e-02,0.000000e+00,0.000000e+00,217,7.998943e-05,0,0,0
1170,17,15276,1.278779e-03,5.236942e-03,1.343416e-02,0.000000e+00,0.000000e+00,214,5.703792e-05,0,0,0
1171,14,15290,1.042687e-03,5.088531e-03,1.000000e-02,0.000000e+00,0.000000e+00,231,2.001673e-04,0,0,0
1172,11,15301,1.525337e-03,5.255293e-03,1.481929e-02,0.000000e+00,0.000000e+00,194,3.262609e-04,0,0,0
1173,11,15312,1.170756e-03,5.105733e-03,1.000000e-02,0.000000e+00,0.000000e+00,217,2.361536e-04,0,0,0
1174,13,15325,1.150138e-03,5.183104e-03,1.276887e-02,0.000000e+00,0.000000e+00,220,3.922582e-04,0,0,0
1175,15,15340,1.370675e-03,5.154305e-03,1.547597e-02,0.000000e+00,0.000000e+00,217,8.194149e-05,0,0,0
1176,10,15350,8.772539e-04,5.240254e-03,1.140536e-02,0.000000e+00,0.000000e+00,189,1.542270e-05,0,0,0
1177,16,15366,1.118609e-03,5.165125e-03,1.000000e-02,0.000000e+00,0.000000e+00,221,3.188848e-06,0,0,0
1178,17,15383,1.187432e-03,5.129825e-03,1.000208e-02,0.000000e+00,0.000000e+00,220,5.383790e-05,0,0,0
1179,11,15394,1.299943e-03,5.098400e-03,1.023789e-02,0.000000e+00,0.000000e+00,210,5.960464e-05,0,0,0
1180,17,15411,1.147255e-03,5.190035e-03,1.181487e-02,0.000000e+00,0.000000e+00,222,3.337860e-05,0,0,0
1181,12,15423,1.379338e-03,5.125915e-03,1.299636e-02,0.000000e+00,0.000000e+00,200,2.798066e-05,0,0,0
1182,16,15439,6.697886e-04,4.963900e-03,1.021086e-02,0.000000e+00,0.000000e+00,225,2.510846e-04,0,0,0
1183,12,15451,9.686857e-04,5.016326e-03,1.000000e-02,0.000000e+00,0.000000e+00,189,1.233220e-04,0,0,0
1184,16,15467,1.135834e-03,5.289586e-03,1.068437e-02,0.000000e+00,0.000000e+00,192,8.192845e-05,0,0,0
1185,17,15484,1.002702e-03,5.330739e-03,1.005587e-02,0.000000e+00,0.000000e+00,203,1.778603e-04,0,0,0
1186,13,15497,1.044510e-03,5.333569e-03,1.194178e-02,0.000000e+00,0.000000e+00,215,3.925636e-04,0,0,0
1187,16,15513,7.480017e-04,5.177713e-03,1.000000e-02,0.000000e+00,0.000000e+00,204,2.524257e-04,0,0,0
1188,16,15529,1.133578e-03,5.257266e-03,1.474752e-02,0.000000e+00,0.000000e+00,191,3.352761e-07,0,0,0
1189,13,15542,9.363653e-04,5.138129e-03,1.233193e-02,0.000000e+00,0.000000e+00,215,5.164966e-04,0,0,0
1190,11,15553,1.327627e-03,5.227546e-03,1.288322e-02,0.000000e+00,0.000000e+00,205,4.703104e-04,0,0,0
1191,10,15563,1.553681e-03,5.071161e-03,1.009006e-02,0.000000e+00,0.000000e+00,206,7.614493e-05,0,0,0
1192,11,15574,8.601824e-04,5.153516e-03,1.252137e-02,0.000000e+00,0.000000e+00,202,5.045533e-05,0,0,0
1193,11,15585,1.248881e-03,5.063370e-03,1.030873e-02,0.000000e+00,0.000000e+00,200,4.766099e-04,0,0,0
1194,11,15596,1.424222e-03,5.242201e-03,1.317690e-02,0.000000e+00,0.000000e+00,195,8.935481e-05,0,0,0
1195,10,15606,1.269916e-03,5.070486e-03,1.056626e-02,0.000000e+00,0.000000e+00,223,5.399436e-05,0,0,0
1196,9,15615,1.229892e-03,5.339697e-03,1.073026e-02,0.000000e+00,0.000000e+00,173,7.058308e-05,0,0,0
1197,12,15627,1.066462e-03,5.157619e-03,1.235367e-02,0.000000e+00,0.000000e+00,212,2.592802e-06,0,0,0
1198,12,15639,1.303650e-03,5.407435e-03,1.128497e-02,0.000000e+00,0.000000e+00,190,2.960861e-04,0,0,0
1199,11,15650,1.222867e-03,5.307373e-03,1.051472e-02,0.000000e+00,0.000000e+00,206,2.916064e-04,0,0,0
HIST {'total_samples': 1285778, 'floor_samples': 0, 'floor_fraction': 0.0, 'saturation_depth': 0.0, 'boundaries': 1200, 'capped_boundaries': 0, 'unfinished_worlds': 0}
1200,9,15659,1.475160e-03,5.366897e-03,1.165924e-02,0.000000e+00,0.000000e+00,193,4.782528e-05,0,0,0
1201,11,15670,1.026743e-03,5.290845e-03,1.000000e-02,0.000000e+00,0.000000e+00,209,3.923364e-04,0,0,0
1202,13,15683,1.162143e-03,5.268735e-03,1.000000e-02,0.000000e+00,0.000000e+00,191,6.869435e-06,0,0,0
1203,13,15696,1.127517e-03,5.212613e-03,9.945055e-03,0.000000e+00,0.000000e+00,201,1.494586e-05,0,0,0
1204,13,15709,1.032097e-03,5.281463e-03,1.256172e-02,0.000000e+00,0.000000e+00,199,1.105666e-05,0,0,0
1205,12,15721,9.159508e-04,5.206202e-03,1.132576e-02,0.000000e+00,0.000000e+00,221,1.690350e-04,0,0,0
1206,12,15733,1.230806e-03,5.185457e-03,1.200584e-02,0.000000e+00,0.000000e+00,202,1.755357e-05,0,0,0
1207,14,15747,1.025517e-03,5.033338e-03,1.000000e-02,0.000000e+00,0.000000e+00,220,2.336279e-04,0,0,0
1208,12,15759,9.077259e-04,5.053227e-03,1.265766e-02,0.000000e+00,0.000000e+00,206,6.080139e-04,0,0,0
1209,12,15771,1.258598e-03,4.986834e-03,1.039510e-02,0.000000e+00,0.000000e+00,211,5.443394e-05,0,0,0
1210,12,15783,9.907874e-04,5.129573e-03,1.395029e-02,0.000000e+00,0.000000e+00,198,1.670849e-04,0,0,0
1211,11,15794,1.015173e-03,5.131293e-03,1.048883e-02,0.000000e+00,0.000000e+00,219,8.791685e-07,0,0,0
1212,11,15805,1.315609e-03,5.178428e-03,1.269952e-02,0.000000e+00,0.000000e+00,203,1.174062e-04,0,0,0
1213,10,15815,1.281044e-03,5.143983e-03,1.178101e-02,0.000000e+00,0.000000e+00,206,2.020597e-05,0,0,0
1214,9,15824,1.917301e-03,5.173491e-03,1.034852e-02,0.000000e+00,0.000000e+00,201,1.347065e-05,0,0,0
1215,10,15834,1.771020e-03,5.066376e-03,1.000000e-02,0.000000e+00,0.000000e+00,218,8.576922e-05,0,0,0
1216,10,15844,1.566767e-03,5.121368e-03,1.143583e-02,0.000000e+00,0.000000e+00,202,4.100800e-05,0,0,0
1217,12,15856,1.406527e-03,5.134729e-03,1.141109e-02,0.000000e+00,0.000000e+00,198,8.915365e-05,0,0,0
1218,14,15870,1.247239e-03,5.224826e-03,1.226221e-02,0.000000e+00,0.000000e+00,209,5.748868e-04,0,0,0
1219,12,15882,1.024316e-03,5.068900e-03,1.012409e-02,0.000000e+00,0.000000e+00,226,1.516342e-04,0,0,0
1220,12,15894,9.501433e-04,5.190085e-03,1.089000e-02,0.000000e+00,0.000000e+00,193,3.805635e-04,0,0,0
1221,12,15906,1.215311e-03,5.180782e-03,1.091894e-02,0.000000e+00,0.000000e+00,204,1.034513e-04,0,0,0
1222,12,15918,1.254440e-03,5.363153e-03,1.308254e-02,0.000000e+00,0.000000e+00,187,8.642673e-07,0,0,0
1223,12,15930,1.017645e-03,5.149690e-03,1.076857e-02,0.000000e+00,0.000000e+00,221,7.730722e-05,0,0,0
1224,11,15941,9.653195e-04,5.148804e-03,1.295589e-02,0.000000e+00,0.000000e+00,206,6.263554e-04,0,0,0
1225,12,15953,1.015453e-03,5.110301e-03,1.103749e-02,0.000000e+00,0.000000e+00,205,2.667308e-06,0,0,0
1226,12,15965,1.160099e-03,5.033748e-03,1.147509e-02,0.000000e+00,0.000000e+00,214,6.318092e-06,0,0,0
1227,12,15977,1.165701e-03,5.000768e-03,1.000000e-02,0.000000e+00,0.000000e+00,224,2.051890e-05,0,0,0
1228,14,15991,1.339250e-03,5.104514e-03,1.285438e-02,0.000000e+00,0.000000e+00,207,2.969652e-04,0,0,0
1229,14,16005,1.131537e-03,5.169377e-03,1.107838e-02,0.000000e+00,0.000000e+00,201,1.701266e-04,0,0,0
1230,12,16017,8.677387e-04,5.084661e-03,1.249195e-02,0.000000e+00,0.000000e+00,221,1.023198e-04,0,0,0
1231,10,16027,1.233464e-03,5.089183e-03,1.082139e-02,0.000000e+00,0.000000e+00,205,2.091229e-04,0,0,0
1232,14,16041,1.080317e-03,5.197604e-03,1.096155e-02,0.000000e+00,0.000000e+00,203,1.644790e-04,0,0,0
1233,16,16057,1.059190e-03,5.075077e-03,1.265150e-02,0.000000e+00,0.000000e+00,220,7.450581e-07,0,0,0
1234,16,16073,1.320604e-03,5.214018e-03,1.220137e-02,0.000000e+00,0.000000e+00,201,3.054645e-05,0,0,0
1235,19,16092,8.943877e-04,5.228280e-03,1.000000e-02,0.000000e+00,0.000000e+00,204,2.760068e-05,0,0,0
1236,11,16103,1.987632e-03,5.174567e-03,1.086422e-02,0.000000e+00,0.000000e+00,208,6.042421e-06,0,0,0
1237,11,16114,9.433596e-04,5.288787e-03,1.000000e-02,0.000000e+00,0.000000e+00,192,3.015697e-04,0,0,0
1238,14,16128,1.169027e-03,5.357530e-03,1.281469e-02,0.000000e+00,0.000000e+00,202,5.777776e-04,0,0,0
1239,13,16141,1.230547e-03,5.280999e-03,1.000000e-02,0.000000e+00,0.000000e+00,213,7.872283e-05,0,0,0
1240,13,16154,1.083206e-03,5.231087e-03,1.198948e-02,0.000000e+00,0.000000e+00,194,1.024455e-08,0,0,0
1241,10,16164,1.567937e-03,5.224705e-03,1.029748e-02,0.000000e+00,0.000000e+00,198,3.029741e-04,0,0,0
1242,13,16177,6.434372e-04,5.242528e-03,1.069717e-02,0.000000e+00,0.000000e+00,214,5.690902e-04,0,0,0
1243,14,16191,8.961722e-04,5.153227e-03,1.002959e-02,0.000000e+00,0.000000e+00,217,3.942102e-04,0,0,0
1244,13,16204,1.037841e-03,5.246958e-03,1.165297e-02,0.000000e+00,0.000000e+00,209,5.881786e-04,0,0,0
1245,10,16214,1.494140e-03,5.172524e-03,1.070347e-02,0.000000e+00,0.000000e+00,215,4.257262e-04,0,0,0
1246,10,16224,1.465890e-03,5.150031e-03,1.138327e-02,0.000000e+00,0.000000e+00,207,2.073050e-04,0,0,0
1247,13,16237,1.022988e-03,5.079094e-03,1.000000e-02,0.000000e+00,0.000000e+00,209,4.359558e-04,0,0,0
HIST {'total_samples': 1339144, 'floor_samples': 0, 'floor_fraction': 0.0, 'saturation_depth': 0.0, 'boundaries': 1248, 'capped_boundaries': 0, 'unfinished_worlds': 0}
1248,10,16247,1.687487e-03,5.176496e-03,1.248893e-02,0.000000e+00,0.000000e+00,199,1.594722e-04,0,0,0
1249,17,16264,1.141517e-03,5.177366e-03,1.087595e-02,0.000000e+00,0.000000e+00,200,5.474687e-05,0,0,0
1250,12,16276,1.060918e-03,5.367138e-03,1.301794e-02,0.000000e+00,0.000000e+00,192,5.716383e-04,0,0,0
1251,13,16289,1.300536e-03,5.160215e-03,1.000000e-02,0.000000e+00,0.000000e+00,218,2.279840e-04,0,0,0
1252,14,16303,1.043397e-03,5.290635e-03,1.433626e-02,0.000000e+00,0.000000e+00,199,6.292947e-06,0,0,0
1253,15,16318,8.615721e-04,5.242250e-03,1.343459e-02,0.000000e+00,0.000000e+00,217,1.389533e-05,0,0,0
1254,11,16329,1.146594e-03,5.309703e-03,1.063830e-02,0.000000e+00,0.000000e+00,191,5.638432e-04,0,0,0
1255,13,16342,1.181037e-03,5.257063e-03,9.627356e-03,0.000000e+00,0.000000e+00,206,1.581311e-04,0,0,0
1256,12,16354,1.442705e-03,5.395557e-03,1.249011e-02,0.000000e+00,0.000000e+00,193,2.463050e-04,0,0,0
1257,13,16367,1.124404e-03,5.112658e-03,1.000000e-02,0.000000e+00,0.000000e+00,232,5.832762e-04,0,0,0
1258,11,16378,1.345161e-03,5.321976e-03,1.365169e-02,0.000000e+00,0.000000e+00,189,1.332760e-04,0,0,0
1259,11,16389,8.973350e-04,5.288998e-03,1.000000e-02,0.000000e+00,0.000000e+00,207,4.875660e-05,0,0,0
1260,13,16402,8.372274e-04,5.242074e-03,1.213535e-02,0.000000e+00,0.000000e+00,223,1.335666e-04,0,0,0
1261,13,16415,8.930439e-04,5.184865e-03,1.000000e-02,0.000000e+00,0.000000e+00,224,3.661960e-05,0,0,0
1262,13,16428,7.351749e-04,5.175364e-03,1.249652e-02,0.000000e+00,0.000000e+00,212,9.648651e-04,0,0,0
1263,15,16443,1.237615e-03,5.122282e-03,1.000000e-02,0.000000e+00,0.000000e+00,211,4.680455e-04,0,0,0
1264,13,16456,1.285858e-03,5.237564e-03,1.154128e-02,0.000000e+00,0.000000e+00,204,9.462982e-05,0,0,0
1265,15,16471,1.112413e-03,5.283035e-03,1.140597e-02,0.000000e+00,0.000000e+00,206,3.349036e-05,0,0,0
1266,14,16485,5.698215e-04,5.135634e-03,1.281577e-02,0.000000e+00,0.000000e+00,240,2.900660e-04,0,0,0
1267,13,16498,1.237896e-03,5.056810e-03,1.172957e-02,0.000000e+00,0.000000e+00,210,6.973743e-05,0,0,0
1268,13,16511,1.183266e-03,4.943055e-03,1.103897e-02,0.000000e+00,0.000000e+00,210,2.540648e-05,0,0,0
1269,13,16524,1.144296e-03,4.988743e-03,1.000000e-02,0.000000e+00,0.000000e+00,215,1.001991e-04,0,0,0
1270,12,16536,1.108270e-03,5.080652e-03,1.152659e-02,0.000000e+00,0.000000e+00,201,4.424155e-05,0,0,0
1271,18,16554,7.893910e-04,5.013564e-03,1.000000e-02,0.000000e+00,0.000000e+00,225,6.558411e-04,0,0,0
1272,17,16571,9.696622e-04,5.056243e-03,1.060048e-02,0.000000e+00,0.000000e+00,205,7.100403e-05,0,0,0
1273,15,16586,9.965226e-04,5.132881e-03,1.000000e-02,0.000000e+00,0.000000e+00,199,1.761317e-05,0,0,0
1274,10,16596,1.361136e-03,5.243120e-03,1.069702e-02,0.000000e+00,0.000000e+00,203,3.244877e-04,0,0,0
1275,13,16609,1.137719e-03,5.153816e-03,1.072678e-02,0.000000e+00,0.000000e+00,217,4.766136e-05,0,0,0
1276,13,16622,1.289017e-03,5.253217e-03,1.089000e-02,0.000000e+00,0.000000e+00,209,4.797280e-04,0,0,0
1277,12,16634,1.184901e-03,5.079251e-03,1.040013e-02,0.000000e+00,0.000000e+00,211,8.870848e-05,0,0,0
1278,14,16648,1.160932e-03,5.217955e-03,1.310443e-02,0.000000e+00,0.000000e+00,202,6.005168e-06,0,0,0
1279,12,16660,1.184972e-03,5.235454e-03,1.030724e-02,0.000000e+00,0.000000e+00,221,2.958924e-04,0,0,0
1280,13,16673,1.080209e-03,5.159553e-03,1.089000e-02,0.000000e+00,0.000000e+00,204,2.024602e-05,0,0,0
1281,12,16685,1.134969e-03,5.034432e-03,1.173093e-02,0.000000e+00,0.000000e+00,222,4.099607e-04,0,0,0
1282,11,16696,8.991567e-04,5.150240e-03,1.075664e-02,0.000000e+00,0.000000e+00,223,1.538694e-04,0,0,0
1283,15,16711,1.080382e-03,5.145853e-03,1.000000e-02,0.000000e+00,0.000000e+00,227,1.208857e-04,0,0,0
1284,12,16723,9.016489e-04,5.148417e-03,1.197900e-02,0.000000e+00,0.000000e+00,220,5.394220e-06,0,0,0
1285,12,16735,8.346599e-04,5.178193e-03,1.066422e-02,0.000000e+00,0.000000e+00,217,2.399497e-04,0,0,0
1286,11,16746,1.299664e-03,5.217839e-03,1.262495e-02,0.000000e+00,0.000000e+00,204,1.292042e-04,0,0,0
1287,12,16758,1.111831e-03,5.044521e-03,1.000000e-02,0.000000e+00,0.000000e+00,220,4.727021e-05,0,0,0
1288,13,16771,1.291603e-03,5.268299e-03,1.036752e-02,0.000000e+00,0.000000e+00,183,2.551079e-04,0,0,0
1289,11,16782,1.116851e-03,5.139409e-03,1.186340e-02,0.000000e+00,0.000000e+00,211,4.522204e-04,0,0,0
1290,12,16794,1.117197e-03,5.322216e-03,1.149510e-02,0.000000e+00,0.000000e+00,197,2.421141e-04,0,0,0
1291,13,16807,1.241329e-03,5.227470e-03,1.155377e-02,0.000000e+00,0.000000e+00,210,8.808915e-05,0,0,0
1292,13,16820,1.351606e-03,5.158564e-03,1.402788e-02,0.000000e+00,0.000000e+00,214,1.387142e-04,0,0,0
1293,11,16831,1.086735e-03,5.121569e-03,1.000000e-02,0.000000e+00,0.000000e+00,215,5.122274e-04,0,0,0
1294,11,16842,1.025091e-03,5.335985e-03,1.506916e-02,0.000000e+00,0.000000e+00,202,1.017191e-05,0,0,0
1295,21,16863,6.778527e-04,5.247039e-03,1.000000e-02,0.000000e+00,0.000000e+00,217,2.574176e-05,0,0,0
HIST {'total_samples': 1393046, 'floor_samples': 0, 'floor_fraction': 0.0, 'saturation_depth': 0.0, 'boundaries': 1296, 'capped_boundaries': 0, 'unfinished_worlds': 0}
1296,18,16881,6.607466e-04,5.291415e-03,1.261242e-02,0.000000e+00,0.000000e+00,196,4.840642e-05,0,0,0
1297,23,16904,5.268384e-04,5.110134e-03,9.730197e-03,0.000000e+00,0.000000e+00,234,5.192161e-04,0,0,0
1298,13,16917,8.968739e-04,5.209002e-03,1.236084e-02,0.000000e+00,0.000000e+00,214,3.751346e-04,0,0,0
1299,11,16928,1.140086e-03,5.141085e-03,1.235615e-02,0.000000e+00,0.000000e+00,214,2.430491e-04,0,0,0
1300,14,16942,8.406624e-04,5.163355e-03,1.052586e-02,0.000000e+00,0.000000e+00,215,3.107555e-04,0,0,0
1301,14,16956,8.990095e-04,5.029516e-03,1.051364e-02,0.000000e+00,0.000000e+00,221,2.173483e-04,0,0,0
1302,12,16968,1.173520e-03,5.119496e-03,1.305615e-02,0.000000e+00,0.000000e+00,211,5.257343e-04,0,0,0
1303,15,16983,6.354723e-04,5.080649e-03,1.206978e-02,0.000000e+00,0.000000e+00,199,3.842637e-04,0,0,0
1304,14,16997,9.339803e-04,5.201376e-03,1.517717e-02,0.000000e+00,0.000000e+00,198,4.262477e-04,0,0,0
1305,12,17009,1.370349e-03,5.173232e-03,1.000000e-02,0.000000e+00,0.000000e+00,203,1.124665e-05,0,0,0
1306,18,17027,1.131295e-03,5.183792e-03,1.041668e-02,0.000000e+00,0.000000e+00,212,1.538545e-06,0,0,0
1307,16,17043,6.637578e-04,5.010013e-03,9.579044e-03,0.000000e+00,0.000000e+00,227,1.251400e-04,0,0,0
1308,15,17058,1.135115e-03,5.164817e-03,1.089069e-02,0.000000e+00,0.000000e+00,206,2.512634e-04,0,0,0
1309,12,17070,9.115908e-04,5.126096e-03,1.000000e-02,0.000000e+00,0.000000e+00,215,4.126281e-04,0,0,0
1310,10,17080,1.280478e-03,5.276478e-03,1.230579e-02,0.000000e+00,0.000000e+00,210,3.202409e-04,0,0,0
1311,12,17092,1.439335e-03,5.214057e-03,1.000000e-02,0.000000e+00,0.000000e+00,212,1.427531e-04,0,0,0
1312,10,17102,1.559734e-03,5.202059e-03,1.020082e-02,0.000000e+00,0.000000e+00,230,1.708083e-04,0,0,0
1313,12,17114,1.216050e-03,5.094397e-03,1.031445e-02,0.000000e+00,0.000000e+00,242,1.311251e-04,0,0,0
1314,12,17126,1.415387e-03,5.277566e-03,1.128764e-02,0.000000e+00,0.000000e+00,177,2.853870e-04,0,0,0
1315,11,17137,1.033218e-03,5.222933e-03,1.099648e-02,0.000000e+00,0.000000e+00,207,5.174428e-05,0,0,0
1316,18,17155,7.615291e-04,5.203506e-03,1.089000e-02,0.000000e+00,0.000000e+00,208,1.430362e-04,0,0,0
1317,13,17168,9.218910e-04,5.051360e-03,1.000000e-02,0.000000e+00,0.000000e+00,231,7.483363e-05,0,0,0
1318,13,17181,1.303269e-03,4.981370e-03,1.143712e-02,0.000000e+00,0.000000e+00,225,6.224215e-05,0,0,0
1319,16,17197,6.719414e-04,5.028031e-03,1.000000e-02,0.000000e+00,0.000000e+00,213,2.749264e-06,0,0,0
1320,14,17211,1.195682e-03,5.138412e-03,1.189933e-02,0.000000e+00,0.000000e+00,218,5.880487e-06,0,0,0
1321,14,17225,1.076602e-03,5.058613e-03,1.000000e-02,0.000000e+00,0.000000e+00,204,6.525218e-05,0,0,0
1322,14,17239,8.757282e-04,4.952949e-03,1.494787e-02,0.000000e+00,0.000000e+00,229,7.610321e-04,0,0,0
1323,11,17250,9.858676e-04,4.987075e-03,1.000000e-02,0.000000e+00,0.000000e+00,196,4.389286e-04,0,0,0
1324,15,17265,1.255828e-03,5.067040e-03,1.087743e-02,0.000000e+00,0.000000e+00,207,2.792976e-04,0,0,0
1325,12,17277,1.062106e-03,4.925708e-03,1.000000e-02,0.000000e+00,0.000000e+00,243,8.944124e-04,0,0,0
1326,16,17293,9.028324e-04,5.078412e-03,1.566726e-02,0.000000e+00,0.000000e+00,198,4.436672e-04,0,0,0
1327,14,17307,6.492521e-04,5.003569e-03,1.023077e-02,0.000000e+00,0.000000e+00,212,4.574656e-05,0,0,0
1328,12,17319,9.566215e-04,5.143628e-03,1.350624e-02,0.000000e+00,0.000000e+00,200,2.111420e-04,0,0,0
1329,13,17332,1.028380e-03,5.072893e-03,1.000000e-02,0.000000e+00,0.000000e+00,210,4.641712e-06,0,0,0
1330,18,17350,8.623250e-04,5.176847e-03,1.037108e-02,0.000000e+00,0.000000e+00,223,4.082918e-05,0,0,0
1331,11,17361,1.146940e-03,5.022111e-03,1.093124e-02,0.000000e+00,0.000000e+00,214,4.646182e-05,0,0,0
1332,12,17373,9.990312e-04,5.059754e-03,1.000997e-02,0.000000e+00,0.000000e+00,211,1.374409e-04,0,0,0
1333,12,17385,1.383296e-03,5.051724e-03,1.159544e-02,0.000000e+00,0.000000e+00,211,5.744249e-04,0,0,0
1334,13,17398,1.170306e-03,5.048528e-03,1.096238e-02,0.000000e+00,0.000000e+00,213,1.020171e-04,0,0,0
1335,15,17413,1.172126e-03,4.940260e-03,1.000000e-02,0.000000e+00,0.000000e+00,229,2.990440e-04,0,0,0
1336,14,17427,1.062799e-03,5.023470e-03,1.057377e-02,0.000000e+00,0.000000e+00,207,2.917945e-04,0,0,0
1337,16,17443,1.015509e-03,5.066090e-03,1.015261e-02,0.000000e+00,0.000000e+00,212,5.274359e-05,0,0,0
1338,12,17455,1.172717e-03,5.140633e-03,1.288828e-02,0.000000e+00,0.000000e+00,204,2.031326e-04,0,0,0
1339,11,17466,1.313183e-03,5.159753e-03,1.008721e-02,0.000000e+00,0.000000e+00,202,4.099831e-04,0,0,0
1340,10,17476,1.064687e-03,5.149674e-03,1.089000e-02,0.000000e+00,0.000000e+00,208,7.551312e-04,0,0,0
1341,11,17487,1.202549e-03,5.095657e-03,1.008238e-02,0.000000e+00,0.000000e+00,221,3.323499e-04,0,0,0
1342,11,17498,1.601840e-03,5.180377e-03,1.149008e-02,0.000000e+00,0.000000e+00,218,6.751530e-04,0,0,0
1343,12,17510,1.351311e-03,5.126557e-03,1.000000e-02,0.000000e+00,0.000000e+00,209,7.318705e-05,0,0,0
HIST {'total_samples': 1447690, 'floor_samples': 0, 'floor_fraction': 0.0, 'saturation_depth': 0.0, 'boundaries': 1344, 'capped_boundaries': 0, 'unfinished_worlds': 0}
1344,16,17526,1.080168e-03,5.116513e-03,1.053005e-02,0.000000e+00,0.000000e+00,210,8.430332e-06,0,0,0
1345,14,17540,1.261295e-03,5.062290e-03,1.201392e-02,0.000000e+00,0.000000e+00,215,1.614541e-05,0,0,0
1346,12,17552,9.453290e-04,5.078404e-03,1.069116e-02,0.000000e+00,0.000000e+00,215,2.145767e-06,0,0,0
1347,15,17567,9.647710e-04,4.959622e-03,1.204218e-02,0.000000e+00,0.000000e+00,231,9.311363e-05,0,0,0
1348,16,17583,8.579476e-04,5.150935e-03,1.191609e-02,0.000000e+00,0.000000e+00,207,1.626462e-05,0,0,0
1349,15,17598,8.732053e-04,5.200921e-03,1.000000e-02,0.000000e+00,0.000000e+00,223,2.351031e-05,0,0,0
1350,18,17616,7.365674e-04,5.085299e-03,1.232503e-02,0.000000e+00,0.000000e+00,213,7.081032e-05,0,0,0
1351,15,17631,1.323952e-03,5.143778e-03,9.940521e-03,0.000000e+00,0.000000e+00,213,1.011714e-04,0,0,0
1352,13,17644,1.279949e-03,5.109883e-03,1.229598e-02,0.000000e+00,0.000000e+00,231,1.773834e-04,0,0,0
1353,15,17659,1.208355e-03,5.065112e-03,9.657693e-03,0.000000e+00,0.000000e+00,226,1.400709e-06,0,0,0
1354,14,17673,1.539288e-03,5.017206e-03,1.000000e-02,0.000000e+00,0.000000e+00,223,1.389980e-04,0,0,0
1355,11,17684,1.623230e-03,5.040259e-03,9.695150e-03,0.000000e+00,0.000000e+00,219,4.011393e-05,0,0,0
1356,13,17697,8.570635e-04,5.220442e-03,1.607152e-02,0.000000e+00,0.000000e+00,212,4.244372e-04,0,0,0
1357,11,17708,8.979796e-04,5.108132e-03,1.251207e-02,0.000000e+00,0.000000e+00,231,4.877895e-05,0,0,0
1358,12,17720,1.103814e-03,5.161228e-03,1.140159e-02,0.000000e+00,0.000000e+00,216,6.563962e-06,0,0,0
1359,11,17731,1.073174e-03,5.110780e-03,1.089338e-02,0.000000e+00,0.000000e+00,222,7.471442e-05,0,0,0
1360,12,17743,1.345694e-03,5.199091e-03,1.155996e-02,0.000000e+00,0.000000e+00,200,3.612833e-05,0,0,0
1361,11,17754,1.502875e-03,5.044917e-03,1.000000e-02,0.000000e+00,0.000000e+00,227,5.411506e-04,0,0,0
1362,12,17766,1.040362e-03,5.119861e-03,1.281200e-02,0.000000e+00,0.000000e+00,201,2.533197e-05,0,0,0
1363,11,17777,1.017324e-03,5.069151e-03,1.163847e-02,0.000000e+00,0.000000e+00,232,1.797378e-04,0,0,0
1364,12,17789,1.264494e-03,5.106330e-03,1.103806e-02,0.000000e+00,0.000000e+00,216,1.327787e-05,0,0,0
1365,11,17800,1.524649e-03,5.020744e-03,1.128160e-02,0.000000e+00,0.000000e+00,234,2.103597e-04,0,0,0
1366,13,17813,9.524223e-04,5.004853e-03,1.174896e-02,0.000000e+00,0.000000e+00,213,2.832860e-04,0,0,0
1367,11,17824,1.077935e-03,5.015739e-03,1.000000e-02,0.000000e+00,0.000000e+00,218,9.336788e-04,0,0,0
1368,12,17836,1.102775e-03,5.111449e-03,1.072032e-02,0.000000e+00,0.000000e+00,204,2.771616e-06,0,0,0
1369,10,17846,9.886815e-04,5.069508e-03,1.071255e-02,0.000000e+00,0.000000e+00,222,2.104044e-05,0,0,0
1370,10,17856,1.618110e-03,5.187583e-03,1.197900e-02,0.000000e+00,0.000000e+00,202,6.083399e-05,0,0,0
1371,13,17869,1.212908e-03,5.104466e-03,1.000000e-02,0.000000e+00,0.000000e+00,236,2.273601e-04,0,0,0
1372,11,17880,1.435755e-03,5.214626e-03,1.199162e-02,0.000000e+00,0.000000e+00,203,1.240000e-04,0,0,0
1373,14,17894,1.537141e-03,5.139134e-03,9.930036e-03,0.000000e+00,0.000000e+00,221,5.476177e-06,0,0,0
1374,17,17911,6.948572e-04,5.207846e-03,1.079435e-02,0.000000e+00,0.000000e+00,212,5.955398e-04,0,0,0
1375,12,17923,9.808594e-04,5.047309e-03,1.150844e-02,0.000000e+00,0.000000e+00,236,5.219877e-04,0,0,0
1376,15,17938,1.265102e-03,5.276629e-03,1.265928e-02,0.000000e+00,0.000000e+00,195,2.279282e-04,0,0,0
1377,13,17951,1.384340e-03,5.322266e-03,1.071426e-02,0.000000e+00,0.000000e+00,216,2.938807e-04,0,0,0
1378,11,17962,1.057083e-03,5.313093e-03,1.118786e-02,0.000000e+00,0.000000e+00,200,8.279837e-04,0,0,0
1379,11,17973,1.377921e-03,5.191365e-03,1.245423e-02,0.000000e+00,0.000000e+00,227,9.718537e-05,0,0,0
1380,11,17984,1.196321e-03,5.200266e-03,1.140868e-02,0.000000e+00,0.000000e+00,201,2.932549e-05,0,0,0
1381,16,18000,7.751032e-04,5.153089e-03,1.045672e-02,0.000000e+00,0.000000e+00,235,2.072826e-04,0,0,0
1382,13,18013,1.083510e-03,5.124176e-03,1.000000e-02,0.000000e+00,0.000000e+00,229,1.856983e-04,0,0,0
1383,12,18025,1.175428e-03,5.240412e-03,9.773877e-03,0.000000e+00,0.000000e+00,218,2.973042e-04,0,0,0
1384,10,18035,1.000187e-03,5.210821e-03,1.042912e-02,0.000000e+00,0.000000e+00,218,4.259720e-04,0,0,0
1385,13,18048,1.127453e-03,5.130457e-03,1.121606e-02,0.000000e+00,0.000000e+00,219,1.542270e-05,0,0,0
1386,13,18061,1.006113e-03,5.191723e-03,1.169287e-02,0.000000e+00,0.000000e+00,214,1.999289e-04,0,0,0
1387,19,18080,9.189180e-04,5.124631e-03,1.000000e-02,0.000000e+00,0.000000e+00,245,1.575053e-04,0,0,0
1388,11,18091,1.274100e-03,5.160117e-03,1.197900e-02,0.000000e+00,0.000000e+00,205,3.768448e-04,0,0,0
1389,13,18104,1.516164e-03,5.104299e-03,1.000000e-02,0.000000e+00,0.000000e+00,211,2.979636e-04,0,0,0
1390,12,18116,1.106420e-03,5.142402e-03,1.119350e-02,0.000000e+00,0.000000e+00,223,6.300956e-05,0,0,0
1391,16,18132,1.050164e-03,5.104352e-03,1.074844e-02,0.000000e+00,0.000000e+00,236,2.514571e-04,0,0,0
HIST {'total_samples': 1502410, 'floor_samples': 0, 'floor_fraction': 0.0, 'saturation_depth': 0.0, 'boundaries': 1392, 'capped_boundaries': 0, 'unfinished_worlds': 0}
1392,10,18142,1.184618e-03,5.250949e-03,1.063876e-02,0.000000e+00,0.000000e+00,214,1.405478e-04,0,0,0
1393,11,18153,1.282245e-03,5.127968e-03,1.000000e-02,0.000000e+00,0.000000e+00,225,6.227680e-04,0,0,0
1394,13,18166,1.208634e-03,5.229826e-03,1.394374e-02,0.000000e+00,0.000000e+00,214,5.029142e-06,0,0,0
1395,11,18177,1.104046e-03,5.144504e-03,1.000000e-02,0.000000e+00,0.000000e+00,228,2.941489e-05,0,0,0
1396,11,18188,1.121370e-03,5.204684e-03,1.302074e-02,0.000000e+00,0.000000e+00,210,4.209951e-05,0,0,0
1397,11,18199,9.754580e-04,5.188115e-03,1.000000e-02,0.000000e+00,0.000000e+00,213,8.091331e-06,0,0,0
1398,16,18215,9.879459e-04,5.405950e-03,1.316236e-02,0.000000e+00,0.000000e+00,213,9.134412e-06,0,0,0
1399,11,18226,1.457619e-03,5.124837e-03,1.000000e-02,0.000000e+00,0.000000e+00,243,1.129135e-04,0,0,0
1400,15,18241,1.121900e-03,5.175548e-03,1.037595e-02,0.000000e+00,0.000000e+00,213,5.689263e-05,0,0,0
1401,12,18253,1.250193e-03,5.213700e-03,1.011864e-02,0.000000e+00,0.000000e+00,208,6.884336e-05,0,0,0
1402,13,18266,9.528359e-04,5.204895e-03,1.029827e-02,0.000000e+00,0.000000e+00,222,1.091394e-09,0,0,0
1403,11,18277,1.290681e-03,5.165691e-03,1.000000e-02,0.000000e+00,0.000000e+00,218,5.424023e-06,0,0,0
1404,10,18287,1.383093e-03,5.210095e-03,1.089000e-02,0.000000e+00,0.000000e+00,202,8.556247e-05,0,0,0
1405,10,18297,1.425192e-03,5.237329e-03,9.862414e-03,0.000000e+00,0.000000e+00,201,4.458502e-04,0,0,0
1406,11,18308,1.216479e-03,5.269112e-03,1.295093e-02,0.000000e+00,0.000000e+00,208,7.383525e-05,0,0,0
1407,11,18319,1.575481e-03,5.147856e-03,1.000000e-02,0.000000e+00,0.000000e+00,211,4.196400e-05,0,0,0
1408,17,18336,7.099174e-04,5.236033e-03,1.000000e-02,0.000000e+00,0.000000e+00,208,6.757677e-05,0,0,0
1409,10,18346,1.266699e-03,5.178041e-03,1.000000e-02,0.000000e+00,0.000000e+00,206,1.833588e-05,0,0,0
1410,11,18357,1.553258e-03,5.261481e-03,1.351045e-02,0.000000e+00,0.000000e+00,201,9.596348e-06,0,0,0
1411,10,18367,1.383633e-03,5.154325e-03,1.000000e-02,0.000000e+00,0.000000e+00,221,2.588352e-05,0,0,0
1412,15,18382,1.009565e-03,5.229477e-03,1.089000e-02,0.000000e+00,0.000000e+00,221,4.345179e-05,0,0,0
1413,14,18396,8.910802e-04,5.205268e-03,1.000000e-02,0.000000e+00,0.000000e+00,217,1.654476e-04,0,0,0
1414,13,18409,1.310984e-03,5.213021e-03,1.054341e-02,0.000000e+00,0.000000e+00,197,4.806141e-04,0,0,0
1415,18,18427,7.989383e-04,5.164201e-03,1.000000e-02,0.000000e+00,0.000000e+00,227,6.454252e-05,0,0,0
1416,10,18437,1.117636e-03,5.196687e-03,1.060112e-02,0.000000e+00,0.000000e+00,196,9.967475e-04,0,0,0
1417,10,18447,1.116896e-03,5.151760e-03,9.578040e-03,0.000000e+00,0.000000e+00,194,9.690225e-05,0,0,0
1418,13,18460,8.721399e-04,5.238641e-03,1.285345e-02,0.000000e+00,0.000000e+00,203,6.956980e-06,0,0,0
1419,13,18473,9.774799e-04,5.143636e-03,1.000000e-02,0.000000e+00,0.000000e+00,226,3.508329e-04,0,0,0
1420,11,18484,1.003003e-03,5.202793e-03,1.252106e-02,0.000000e+00,0.000000e+00,202,5.817413e-04,0,0,0
1421,11,18495,1.443598e-03,5.066818e-03,1.000000e-02,0.000000e+00,0.000000e+00,218,3.083795e-04,0,0,0
1422,22,18517,8.355496e-04,5.171760e-03,1.202119e-02,0.000000e+00,0.000000e+00,223,2.675690e-06,0,0,0
1423,11,18528,1.618838e-03,5.194160e-03,1.000000e-02,0.000000e+00,0.000000e+00,211,8.236915e-04,0,0,0
1424,10,18538,1.069555e-03,5.126561e-03,1.121979e-02,0.000000e+00,0.000000e+00,225,6.066859e-04,0,0,0
1425,16,18554,8.210395e-04,4.992427e-03,1.113029e-02,0.000000e+00,0.000000e+00,238,1.412779e-04,0,0,0
1426,16,18570,1.212162e-03,5.164235e-03,1.089000e-02,0.000000e+00,0.000000e+00,199,3.218651e-06,0,0,0
1427,13,18583,9.733423e-04,5.097595e-03,1.197900e-02,0.000000e+00,0.000000e+00,215,4.123449e-04,0,0,0
1428,13,18596,1.259785e-03,5.152745e-03,1.000000e-02,0.000000e+00,0.000000e+00,222,9.799749e-05,0,0,0
1429,19,18615,5.117497e-04,4.997250e-03,1.359698e-02,0.000000e+00,0.000000e+00,224,1.557171e-06,0,0,0
1430,13,18628,1.273409e-03,5.253537e-03,1.341728e-02,0.000000e+00,0.000000e+00,211,1.437357e-04,0,0,0
1431,17,18645,1.086238e-03,5.265164e-03,1.000000e-02,0.000000e+00,0.000000e+00,214,2.023876e-04,0,0,0
1432,12,18657,9.193159e-04,5.251691e-03,1.089000e-02,0.000000e+00,0.000000e+00,222,6.943718e-04,0,0,0
1433,12,18669,1.404839e-03,5.097368e-03,1.000000e-02,0.000000e+00,0.000000e+00,218,3.218856e-04,0,0,0
1434,11,18680,1.438693e-03,5.064475e-03,1.000000e-02,0.000000e+00,0.000000e+00,221,5.865097e-05,0,0,0
1435,13,18693,1.162703e-03,5.086971e-03,1.012326e-02,0.000000e+00,0.000000e+00,217,8.821487e-06,0,0,0
1436,12,18705,1.161027e-03,5.151401e-03,1.140309e-02,0.000000e+00,0.000000e+00,213,4.039109e-04,0,0,0
1437,11,18716,1.627723e-03,5.168371e-03,1.035587e-02,0.000000e+00,0.000000e+00,220,4.239380e-04,0,0,0
1438,14,18730,1.381937e-03,5.092606e-03,1.024638e-02,0.000000e+00,0.000000e+00,218,5.421042e-05,0,0,0
1439,17,18747,1.082351e-03,5.083161e-03,1.053506e-02,0.000000e+00,0.000000e+00,216,6.194413e-04,0,0,0
HIST {'total_samples': 1556870, 'floor_samples': 0, 'floor_fraction': 0.0, 'saturation_depth': 0.0, 'boundaries': 1440, 'capped_boundaries': 0, 'unfinished_worlds': 0}
1440,11,18758,1.431991e-03,5.295329e-03,1.171850e-02,0.000000e+00,0.000000e+00,193,3.182888e-05,0,0,0
1441,10,18768,1.250449e-03,5.181772e-03,1.000000e-02,0.000000e+00,0.000000e+00,230,3.408939e-04,0,0,0
1442,12,18780,1.533469e-03,5.290104e-03,1.084517e-02,0.000000e+00,0.000000e+00,202,6.222576e-04,0,0,0
1443,12,18792,8.833297e-04,5.165619e-03,1.163078e-02,0.000000e+00,0.000000e+00,224,2.556741e-04,0,0,0
1444,22,18814,4.993369e-04,5.164948e-03,1.275948e-02,0.000000e+00,0.000000e+00,232,9.477139e-06,0,0,0
1445,13,18827,9.923484e-04,5.173008e-03,1.000000e-02,0.000000e+00,0.000000e+00,217,4.186034e-04,0,0,0
1446,13,18840,8.902109e-04,5.343762e-03,1.317690e-02,0.000000e+00,0.000000e+00,206,1.735054e-05,0,0,0
1447,15,18855,6.880932e-04,5.209040e-03,1.000000e-02,0.000000e+00,0.000000e+00,217,9.083934e-05,0,0,0
1448,10,18865,1.738144e-03,5.391135e-03,1.157956e-02,0.000000e+00,0.000000e+00,207,1.534820e-05,0,0,0
1449,12,18877,1.587091e-03,5.300550e-03,1.000000e-02,0.000000e+00,0.000000e+00,233,1.182933e-04,0,0,0
1450,12,18889,1.443860e-03,5.309509e-03,1.236796e-02,0.000000e+00,0.000000e+00,214,8.419156e-07,0,0,0
1451,13,18902,1.216216e-03,5.220128e-03,1.146183e-02,0.000000e+00,0.000000e+00,234,4.984438e-05,0,0,0
1452,13,18915,1.086414e-03,5.340071e-03,1.232908e-02,0.000000e+00,0.000000e+00,207,1.433492e-04,0,0,0
1453,13,18928,1.082626e-03,5.175781e-03,1.080677e-02,0.000000e+00,0.000000e+00,228,4.380941e-06,0,0,0
1454,14,18942,8.434529e-04,5.215347e-03,1.451580e-02,0.000000e+00,0.000000e+00,218,1.538992e-04,0,0,0
1455,14,18956,1.177352e-03,5.119371e-03,1.000000e-02,0.000000e+00,0.000000e+00,229,3.528595e-05,0,0,0
1456,12,18968,1.556459e-03,5.168776e-03,1.357719e-02,0.000000e+00,0.000000e+00,227,2.390444e-04,0,0,0
1457,17,18985,1.052134e-03,5.052698e-03,1.000000e-02,0.000000e+00,0.000000e+00,242,3.332943e-04,0,0,0
1458,12,18997,1.280814e-03,5.100681e-03,1.304318e-02,0.000000e+00,0.000000e+00,208,1.159906e-04,0,0,0
1459,11,19008,9.035420e-04,5.145174e-03,1.050168e-02,0.000000e+00,0.000000e+00,200,4.768372e-07,0,0,0
1460,11,19019,1.212505e-03,5.209366e-03,1.146993e-02,0.000000e+00,0.000000e+00,203,8.705258e-05,0,0,0
1461,14,19033,1.165183e-03,5.031809e-03,1.000000e-02,0.000000e+00,0.000000e+00,225,1.962110e-05,0,0,0
1462,15,19048,1.004823e-03,5.081647e-03,1.196556e-02,0.000000e+00,0.000000e+00,217,1.418367e-04,0,0,0
1463,14,19062,8.227407e-04,5.074801e-03,1.094138e-02,0.000000e+00,0.000000e+00,226,7.558614e-05,0,0,0
1464,13,19075,1.094819e-03,5.104033e-03,1.000000e-02,0.000000e+00,0.000000e+00,218,8.174777e-05,0,0,0
1465,16,19091,1.018084e-03,5.044370e-03,1.011920e-02,0.000000e+00,0.000000e+00,232,2.718791e-04,0,0,0
1466,11,19102,1.076854e-03,5.200729e-03,1.314658e-02,0.000000e+00,0.000000e+00,211,2.202988e-04,0,0,0
1467,14,19116,1.311278e-03,5.189558e-03,1.082870e-02,0.000000e+00,0.000000e+00,214,4.798174e-06,0,0,0
1468,9,19125,1.537862e-03,5.238190e-03,1.089000e-02,0.000000e+00,0.000000e+00,211,6.814729e-04,0,0,0
1469,11,19136,8.656744e-04,5.248785e-03,1.221420e-02,0.000000e+00,0.000000e+00,225,5.146116e-04,0,0,0
1470,14,19150,1.090797e-03,5.187758e-03,1.426559e-02,0.000000e+00,0.000000e+00,226,1.688022e-09,0,0,0
1471,11,19161,1.164957e-03,4.974903e-03,1.233399e-02,0.000000e+00,0.000000e+00,234,2.431720e-04,0,0,0
1472,12,19173,1.199591e-03,5.178451e-03,1.000000e-02,0.000000e+00,0.000000e+00,203,1.727045e-05,0,0,0
1473,12,19185,9.168863e-04,5.205533e-03,1.085910e-02,0.000000e+00,0.000000e+00,213,2.239197e-04,0,0,0
1474,12,19197,1.240890e-03,5.115170e-03,1.080321e-02,0.000000e+00,0.000000e+00,230,7.182360e-06,0,0,0
1475,10,19207,1.193523e-03,5.176726e-03,1.000000e-02,0.000000e+00,0.000000e+00,211,4.779305e-04,0,0,0
1476,13,19220,1.012330e-03,5.176587e-03,1.064111e-02,0.000000e+00,0.000000e+00,214,5.394965e-04,0,0,0
1477,16,19236,9.506029e-04,5.036507e-03,1.000000e-02,0.000000e+00,0.000000e+00,236,9.844080e-05,0,0,0
1478,12,19248,1.388292e-03,5.246286e-03,1.265738e-02,0.000000e+00,0.000000e+00,208,2.729613e-05,0,0,0
1479,15,19263,1.067209e-03,5.272736e-03,1.024789e-02,0.000000e+00,0.000000e+00,206,7.599592e-07,0,0,0
1480,11,19274,8.407126e-04,5.299320e-03,1.227260e-02,0.000000e+00,0.000000e+00,205,2.844399e-05,0,0,0
1481,9,19283,1.329356e-03,5.240247e-03,1.000000e-02,0.000000e+00,0.000000e+00,204,1.193983e-04,0,0,0
1482,11,19294,8.300803e-04,5.244694e-03,1.405248e-02,0.000000e+00,0.000000e+00,219,2.171881e-04,0,0,0
1483,14,19308,1.264338e-03,5.334990e-03,1.000000e-02,0.000000e+00,0.000000e+00,212,4.309248e-04,0,0,0
1484,12,19320,1.164100e-03,5.380035e-03,1.287576e-02,0.000000e+00,0.000000e+00,201,3.394112e-05,0,0,0
1485,11,19331,1.069377e-03,5.206012e-03,1.000000e-02,0.000000e+00,0.000000e+00,219,2.890825e-06,0,0,0
1486,9,19340,1.467596e-03,5.203441e-03,9.957204e-03,0.000000e+00,0.000000e+00,211,1.226366e-04,0,0,0
1487,13,19353,9.384211e-04,5.039209e-03,9.562110e-03,0.000000e+00,0.000000e+00,245,5.371869e-06,0,0,0
HIST {'total_samples': 1611882, 'floor_samples': 0, 'floor_fraction': 0.0, 'saturation_depth': 0.0, 'boundaries': 1488, 'capped_boundaries': 0, 'unfinished_worlds': 0}
1488,12,19365,1.104114e-03,5.105504e-03,1.165415e-02,0.000000e+00,0.000000e+00,230,4.445836e-04,0,0,0
1489,13,19378,1.216694e-03,5.079931e-03,1.057287e-02,0.000000e+00,0.000000e+00,219,2.621263e-04,0,0,0
1490,10,19388,1.441969e-03,5.276258e-03,1.183793e-02,0.000000e+00,0.000000e+00,202,3.825724e-04,0,0,0
1491,9,19397,1.519513e-03,5.366729e-03,1.000000e-02,0.000000e+00,0.000000e+00,193,9.438396e-05,0,0,0
1492,11,19408,1.692698e-03,5.437659e-03,1.118585e-02,0.000000e+00,0.000000e+00,220,3.802776e-05,0,0,0
1493,15,19423,9.223440e-04,5.254835e-03,1.049804e-02,0.000000e+00,0.000000e+00,238,7.432699e-05,0,0,0
1494,11,19434,1.324731e-03,5.284294e-03,1.069352e-02,0.000000e+00,0.000000e+00,216,8.832291e-05,0,0,0
1495,11,19445,1.425583e-03,5.185296e-03,1.025171e-02,0.000000e+00,0.000000e+00,229,1.017228e-04,0,0,0
1496,13,19458,1.089644e-03,5.114891e-03,1.319467e-02,0.000000e+00,0.000000e+00,219,4.400685e-05,0,0,0
1497,12,19470,1.072686e-03,5.109087e-03,1.000000e-02,0.000000e+00,0.000000e+00,225,6.162524e-04,0,0,0
1498,12,19482,7.946233e-04,5.170617e-03,1.258370e-02,0.000000e+00,0.000000e+00,220,1.014583e-05,0,0,0
1499,13,19495,1.314440e-03,5.049403e-03,1.000000e-02,0.000000e+00,0.000000e+00,233,1.303665e-05,0,0,0
1500,17,19512,8.780708e-04,5.176596e-03,1.365504e-02,0.000000e+00,0.000000e+00,212,1.873076e-05,0,0,0
1501,15,19527,9.497394e-04,4.996913e-03,1.000000e-02,0.000000e+00,0.000000e+00,244,3.063679e-05,0,0,0
1502,28,19555,7.777287e-04,5.073297e-03,1.110907e-02,0.000000e+00,0.000000e+00,239,2.853572e-06,0,0,0
1503,20,19575,5.706873e-04,5.059833e-03,1.060498e-02,0.000000e+00,0.000000e+00,239,1.176298e-04,0,0,0
1504,24,19599,4.262142e-04,5.102986e-03,1.207682e-02,0.000000e+00,0.000000e+00,238,8.076429e-06,0,0,0
1505,13,19612,1.201273e-03,5.031742e-03,1.238013e-02,0.000000e+00,0.000000e+00,236,1.173764e-04,0,0,0
1506,15,19627,1.209770e-03,5.044426e-03,1.301090e-02,0.000000e+00,0.000000e+00,234,4.763901e-05,0,0,0
1507,15,19642,1.346384e-03,4.949921e-03,1.000000e-02,0.000000e+00,0.000000e+00,233,1.338311e-04,0,0,0
1508,11,19653,1.341592e-03,4.979888e-03,1.089000e-02,0.000000e+00,0.000000e+00,219,5.492677e-04,0,0,0
1509,24,19677,7.026605e-04,4.965453e-03,1.000000e-02,0.000000e+00,0.000000e+00,230,9.365380e-06,0,0,0
1510,13,19690,9.868901e-04,5.101699e-03,1.165361e-02,0.000000e+00,0.000000e+00,208,7.136911e-05,0,0,0
1511,14,19704,8.070814e-04,5.088579e-03,1.008531e-02,0.000000e+00,0.000000e+00,226,8.788854e-04,0,0,0
1512,11,19715,1.422785e-03,5.350375e-03,1.056556e-02,0.000000e+00,0.000000e+00,199,2.542734e-04,0,0,0
1513,13,19728,1.117420e-03,5.140694e-03,1.000000e-02,0.000000e+00,0.000000e+00,227,5.614758e-05,0,0,0
1514,12,19740,1.106517e-03,5.138392e-03,1.089000e-02,0.000000e+00,0.000000e+00,229,9.536743e-07,0,0,0
1515,11,19751,9.367492e-04,5.153618e-03,1.197900e-02,0.000000e+00,0.000000e+00,226,4.162192e-04,0,0,0
1516,15,19766,8.926190e-04,5.054384e-03,1.063157e-02,0.000000e+00,0.000000e+00,231,4.545301e-04,0,0,0
1517,13,19779,1.116034e-03,4.978962e-03,1.172391e-02,0.000000e+00,0.000000e+00,233,1.657009e-04,0,0,0
1518,14,19793,9.439721e-04,4.955498e-03,1.089000e-02,0.000000e+00,0.000000e+00,227,3.668666e-05,0,0,0
1519,12,19805,1.040505e-03,4.983076e-03,1.197900e-02,0.000000e+00,0.000000e+00,215,4.917383e-07,0,0,0
1520,13,19818,1.074302e-03,5.004347e-03,1.000000e-02,0.000000e+00,0.000000e+00,214,4.066378e-04,0,0,0
1521,13,19831,9.609184e-04,4.970934e-03,9.981709e-03,0.000000e+00,0.000000e+00,236,1.858976e-04,0,0,0
1522,10,19841,1.529761e-03,4.937988e-03,1.185205e-02,0.000000e+00,0.000000e+00,228,3.799796e-07,0,0,0
1523,19,19860,5.847081e-04,4.841519e-03,1.267304e-02,0.000000e+00,0.000000e+00,245,5.863607e-06,0,0,0
1524,12,19872,7.552461e-04,4.982757e-03,1.221359e-02,0.000000e+00,0.000000e+00,223,4.030727e-04,0,0,0
1525,13,19885,1.104005e-03,4.985384e-03,1.114526e-02,0.000000e+00,0.000000e+00,231,1.670122e-04,0,0,0
1526,16,19901,5.776387e-04,5.000221e-03,1.286235e-02,0.000000e+00,0.000000e+00,226,3.211200e-06,0,0,0
1527,18,19919,5.953597e-04,4.921475e-03,1.239030e-02,0.000000e+00,0.000000e+00,249,1.072884e-05,0,0,0
1528,17,19936,1.040649e-03,4.973824e-03,1.090113e-02,0.000000e+00,0.000000e+00,238,3.431961e-04,0,0,0
1529,11,19947,1.080707e-03,4.990260e-03,1.000000e-02,0.000000e+00,0.000000e+00,224,3.933907e-06,0,0,0
1530,11,19958,1.281953e-03,4.952580e-03,1.000000e-02,0.000000e+00,0.000000e+00,230,6.205142e-04,0,0,0
1531,11,19969,1.774341e-03,4.887727e-03,9.595371e-03,0.000000e+00,0.000000e+00,224,1.205653e-04,0,0,0
1532,10,19979,1.078208e-03,5.040034e-03,1.047601e-02,0.000000e+00,0.000000e+00,216,1.082569e-04,0,0,0
1533,13,19992,1.326846e-03,4.883154e-03,1.000000e-02,0.000000e+00,0.000000e+00,237,2.977736e-04,0,0,0
1534,12,20004,1.765123e-03,4.975150e-03,1.047312e-02,0.000000e+00,0.000000e+00,214,1.788139e-06,0,0,0
1535,11,20015,1.304671e-03,5.027297e-03,1.000000e-02,0.000000e+00,0.000000e+00,212,1.593754e-04,0,0,0
HIST {'total_samples': 1668780, 'floor_samples': 0, 'floor_fraction': 0.0, 'saturation_depth': 0.0, 'boundaries': 1536, 'capped_boundaries': 0, 'unfinished_worlds': 0}
1536,11,20026,1.719951e-03,4.999998e-03,1.217689e-02,0.000000e+00,0.000000e+00,227,2.564862e-04,0,0,0
1537,12,20038,1.339621e-03,5.057532e-03,1.000000e-02,0.000000e+00,0.000000e+00,233,2.104044e-05,0,0,0
1538,10,20048,1.093151e-03,5.180017e-03,1.265545e-02,0.000000e+00,0.000000e+00,216,1.311302e-06,0,0,0
1539,20,20068,5.427749e-04,5.046201e-03,1.000000e-02,0.000000e+00,0.000000e+00,241,9.775162e-06,0,0,0
1540,13,20081,9.266496e-04,5.088945e-03,1.237435e-02,0.000000e+00,0.000000e+00,215,1.460612e-04,0,0,0
1541,12,20093,1.085934e-03,5.133959e-03,1.209729e-02,0.000000e+00,0.000000e+00,214,6.884336e-06,0,0,0
1542,18,20111,8.774761e-04,5.146252e-03,1.141901e-02,0.000000e+00,0.000000e+00,224,4.341453e-05,0,0,0
1543,11,20122,1.001005e-03,5.088214e-03,1.000000e-02,0.000000e+00,0.000000e+00,236,2.717972e-05,0,0,0
1544,11,20133,1.064205e-03,5.032850e-03,1.198042e-02,0.000000e+00,0.000000e+00,226,4.923344e-05,0,0,0
1545,10,20143,1.649092e-03,5.031962e-03,1.000000e-02,0.000000e+00,0.000000e+00,218,2.840161e-05,0,0,0
1546,16,20159,6.880822e-04,5.168807e-03,1.776121e-02,0.000000e+00,0.000000e+00,207,2.741814e-06,0,0,0
1547,12,20171,1.079338e-03,5.169166e-03,1.024637e-02,0.000000e+00,0.000000e+00,212,1.341105e-07,0,0,0
1548,13,20184,8.950090e-04,5.168777e-03,1.594366e-02,0.000000e+00,0.000000e+00,220,2.234280e-04,0,0,0
1549,12,20196,1.409571e-03,4.969537e-03,1.000000e-02,0.000000e+00,0.000000e+00,246,6.697178e-04,0,0,0
1550,13,20209,1.189748e-03,5.174463e-03,1.070441e-02,0.000000e+00,0.000000e+00,210,3.996789e-04,0,0,0
1551,13,20222,1.325766e-03,5.132704e-03,1.000000e-02,0.000000e+00,0.000000e+00,216,4.825520e-05,0,0,0
1552,15,20237,7.687648e-04,5.271054e-03,1.084056e-02,0.000000e+00,0.000000e+00,205,2.600420e-04,0,0,0
1553,12,20249,8.679667e-04,5.231634e-03,1.089000e-02,0.000000e+00,0.000000e+00,227,4.956722e-04,0,0,0
1554,13,20262,1.164321e-03,5.292620e-03,1.095200e-02,0.000000e+00,0.000000e+00,213,3.153086e-05,0,0,0
1555,10,20272,1.063287e-03,5.199587e-03,1.000000e-02,0.000000e+00,0.000000e+00,222,9.901822e-05,0,0,0
1556,17,20289,9.157967e-04,5.203221e-03,1.209338e-02,0.000000e+00,0.000000e+00,215,1.364201e-05,0,0,0
1557,11,20300,1.170488e-03,5.117254e-03,1.000000e-02,0.000000e+00,0.000000e+00,220,2.086833e-04,0,0,0
1558,10,20310,1.000773e-03,5.183727e-03,1.212359e-02,0.000000e+00,0.000000e+00,215,1.035035e-04,0,0,0
1559,12,20322,1.180038e-03,5.131998e-03,1.056294e-02,0.000000e+00,0.000000e+00,226,1.609325e-05,0,0,0
1560,10,20332,1.594184e-03,5.273953e-03,1.089000e-02,0.000000e+00,0.000000e+00,195,1.806915e-04,0,0,0
1561,13,20345,1.527212e-03,5.209368e-03,1.047333e-02,0.000000e+00,0.000000e+00,225,2.546585e-10,0,0,0
1562,13,20358,1.064015e-03,5.269215e-03,1.114308e-02,0.000000e+00,0.000000e+00,202,2.320521e-04,0,0,0
1563,12,20370,1.321176e-03,5.280615e-03,1.000000e-02,0.000000e+00,0.000000e+00,200,6.894022e-05,0,0,0
1564,10,20380,1.467265e-03,5.608319e-03,1.284218e-02,0.000000e+00,0.000000e+00,191,6.450433e-05,0,0,0
1565,11,20391,1.247295e-03,5.325709e-03,1.000000e-02,0.000000e+00,0.000000e+00,245,2.552569e-05,0,0,0
1566,14,20405,9.777484e-04,5.446807e-03,1.236096e-02,0.000000e+00,0.000000e+00,199,4.124492e-04,0,0,0
1567,12,20417,1.265123e-03,5.380457e-03,1.019695e-02,0.000000e+00,0.000000e+00,203,4.005805e-05,0,0,0
1568,18,20435,1.230408e-03,5.358271e-03,1.212179e-02,0.000000e+00,0.000000e+00,208,2.212040e-04,0,0,0
1569,14,20449,1.048550e-03,5.308680e-03,1.000000e-02,0.000000e+00,0.000000e+00,206,2.736896e-04,0,0,0
1570,12,20461,1.000466e-03,5.366338e-03,1.089000e-02,0.000000e+00,0.000000e+00,195,2.010632e-05,0,0,0
1571,14,20475,1.123498e-03,5.279749e-03,1.000000e-02,0.000000e+00,0.000000e+00,212,1.378357e-04,0,0,0
1572,14,20489,1.217832e-03,5.248575e-03,1.367152e-02,0.000000e+00,0.000000e+00,220,2.279878e-05,0,0,0
1573,11,20500,1.103927e-03,5.110055e-03,1.226893e-02,0.000000e+00,0.000000e+00,221,1.384318e-05,0,0,0
1574,14,20514,8.380521e-04,5.176201e-03,1.140666e-02,0.000000e+00,0.000000e+00,213,3.280416e-04,0,0,0
1575,13,20527,1.041951e-03,5.033335e-03,1.228936e-02,0.000000e+00,0.000000e+00,230,4.662983e-04,0,0,0
1576,12,20539,9.105816e-04,5.199774e-03,1.319098e-02,0.000000e+00,0.000000e+00,208,5.025305e-04,0,0,0
1577,12,20551,1.171873e-03,5.173145e-03,1.197900e-02,0.000000e+00,0.000000e+00,232,2.861023e-05,0,0,0
1578,12,20563,1.393618e-03,5.128049e-03,1.741667e-02,0.000000e+00,0.000000e+00,206,1.242831e-04,0,0,0
1579,11,20574,1.518289e-03,5.021379e-03,1.126730e-02,0.000000e+00,0.000000e+00,211,2.400577e-05,0,0,0
1580,10,20584,1.432010e-03,5.090526e-03,1.036142e-02,0.000000e+00,0.000000e+00,186,2.178848e-04,0,0,0
1581,12,20596,1.093698e-03,5.052893e-03,1.000000e-02,0.000000e+00,0.000000e+00,222,5.193697e-04,0,0,0
1582,13,20609,1.135537e-03,5.300812e-03,1.243668e-02,0.000000e+00,0.000000e+00,184,1.086295e-05,0,0,0
1583,12,20621,8.897666e-04,5.255989e-03,1.000000e-02,0.000000e+00,0.000000e+00,228,5.953014e-06,0,0,0
HIST {'total_samples': 1723210, 'floor_samples': 0, 'floor_fraction': 0.0, 'saturation_depth': 0.0, 'boundaries': 1584, 'capped_boundaries': 0, 'unfinished_worlds': 0}
1584,12,20633,9.994516e-04,5.085931e-03,1.358271e-02,0.000000e+00,0.000000e+00,216,1.071617e-04,0,0,0
1585,18,20651,8.897447e-04,5.024798e-03,1.000000e-02,0.000000e+00,0.000000e+00,216,8.407235e-05,0,0,0
1586,18,20669,8.318279e-04,5.194610e-03,1.226120e-02,0.000000e+00,0.000000e+00,220,4.241578e-04,0,0,0
1587,14,20683,1.168175e-03,5.213332e-03,1.279024e-02,0.000000e+00,0.000000e+00,214,7.895678e-04,0,0,0
1588,14,20697,7.455134e-04,5.389206e-03,1.118464e-02,0.000000e+00,0.000000e+00,200,4.670024e-05,0,0,0
1589,14,20711,7.959629e-04,5.172622e-03,1.068139e-02,0.000000e+00,0.000000e+00,222,1.274422e-05,0,0,0
1590,12,20723,1.153675e-03,5.235520e-03,1.089000e-02,0.000000e+00,0.000000e+00,198,2.480522e-04,0,0,0
1591,10,20733,9.437695e-04,5.096679e-03,1.000000e-02,0.000000e+00,0.000000e+00,219,3.139079e-04,0,0,0
1592,11,20744,1.537036e-03,5.267804e-03,1.367492e-02,0.000000e+00,0.000000e+00,197,2.222508e-04,0,0,0
1593,11,20755,9.665616e-04,5.255291e-03,1.000000e-02,0.000000e+00,0.000000e+00,210,2.198964e-04,0,0,0
1594,13,20768,1.128680e-03,5.287384e-03,1.030270e-02,0.000000e+00,0.000000e+00,216,2.355874e-04,0,0,0
1595,11,20779,1.348245e-03,5.198506e-03,9.795103e-03,0.000000e+00,0.000000e+00,218,1.719128e-05,0,0,0
1596,11,20790,1.426084e-03,5.167783e-03,1.111820e-02,0.000000e+00,0.000000e+00,220,5.352050e-04,0,0,0
1597,22,20812,7.410905e-04,5.201965e-03,1.000000e-02,0.000000e+00,0.000000e+00,213,9.000301e-06,0,0,0
1598,19,20831,8.852837e-04,5.329772e-03,1.089000e-02,0.000000e+00,0.000000e+00,213,1.137704e-04,0,0,0
1599,19,20850,8.856015e-04,5.143086e-03,1.014351e-02,0.000000e+00,0.000000e+00,228,1.487136e-05,0,0,0
1600,13,20863,1.157048e-03,5.178737e-03,1.091519e-02,0.000000e+00,0.000000e+00,210,1.797378e-04,0,0,0
1601,11,20874,1.298272e-03,5.101290e-03,1.000000e-02,0.000000e+00,0.000000e+00,227,6.172061e-05,0,0,0
1602,14,20888,8.546567e-04,5.063274e-03,1.266177e-02,0.000000e+00,0.000000e+00,217,5.175173e-05,0,0,0
1603,13,20901,1.311325e-03,5.060200e-03,1.000000e-02,0.000000e+00,0.000000e+00,223,1.105946e-09,0,0,0
1604,12,20913,1.340616e-03,5.225446e-03,1.397649e-02,0.000000e+00,0.000000e+00,202,5.735084e-06,0,0,0
1605,10,20923,1.218622e-03,5.217983e-03,1.000000e-02,0.000000e+00,0.000000e+00,198,9.487942e-05,0,0,0
1606,12,20935,1.434338e-03,5.314953e-03,1.112890e-02,0.000000e+00,0.000000e+00,216,5.215406e-06,0,0,0
1607,14,20949,8.749391e-04,5.192399e-03,1.000000e-02,0.000000e+00,0.000000e+00,220,1.937859e-04,0,0,0
1608,13,20962,1.414636e-03,5.102960e-03,1.216687e-02,0.000000e+00,0.000000e+00,211,3.078431e-04,0,0,0
1609,12,20974,1.205535e-03,5.105006e-03,1.121888e-02,0.000000e+00,0.000000e+00,220,4.083291e-05,0,0,0
1610,12,20986,1.050620e-03,5.228058e-03,1.089000e-02,0.000000e+00,0.000000e+00,206,6.369501e-05,0,0,0
1611,13,20999,1.424052e-03,5.268340e-03,1.009124e-02,0.000000e+00,0.000000e+00,194,2.090111e-04,0,0,0
1612,16,21015,9.265331e-04,5.407259e-03,1.250813e-02,0.000000e+00,0.000000e+00,200,2.518296e-04,0,0,0
1613,11,21026,1.221370e-03,5.321064e-03,1.024646e-02,0.000000e+00,0.000000e+00,217,1.924708e-04,0,0,0
1614,14,21040,1.178809e-03,5.304809e-03,1.082529e-02,0.000000e+00,0.000000e+00,215,5.566981e-06,0,0,0
1615,15,21055,1.053325e-03,5.201516e-03,1.068131e-02,0.000000e+00,0.000000e+00,218,2.482086e-04,0,0,0
1616,19,21074,7.198411e-04,5.351700e-03,1.106825e-02,0.000000e+00,0.000000e+00,188,9.536743e-07,0,0,0
1617,12,21086,1.226542e-03,5.386096e-03,1.000000e-02,0.000000e+00,0.000000e+00,195,6.961823e-05,0,0,0
1618,11,21097,1.312914e-03,5.343618e-03,1.098102e-02,0.000000e+00,0.000000e+00,219,3.039837e-05,0,0,0
1619,10,21107,1.255426e-03,5.166314e-03,1.189706e-02,0.000000e+00,0.000000e+00,221,8.950089e-04,0,0,0
1620,19,21126,7.735706e-04,5.282250e-03,1.184447e-02,0.000000e+00,0.000000e+00,206,3.825277e-04,0,0,0
1621,14,21140,1.340451e-03,5.216274e-03,1.254456e-02,0.000000e+00,0.000000e+00,218,3.039837e-06,0,0,0
1622,10,21150,1.268009e-03,5.280551e-03,1.329523e-02,0.000000e+00,0.000000e+00,199,5.036592e-06,0,0,0
1623,16,21166,8.462853e-04,5.209152e-03,1.000000e-02,0.000000e+00,0.000000e+00,207,6.444752e-04,0,0,0
1624,11,21177,1.082897e-03,5.409859e-03,1.227299e-02,0.000000e+00,0.000000e+00,192,4.172325e-07,0,0,0
1625,15,21192,1.057967e-03,5.193576e-03,1.000000e-02,0.000000e+00,0.000000e+00,197,9.648874e-05,0,0,0
1626,12,21204,1.124951e-03,5.176106e-03,1.317690e-02,0.000000e+00,0.000000e+00,220,4.800260e-04,0,0,0
1627,14,21218,8.934644e-04,5.065523e-03,1.000000e-02,0.000000e+00,0.000000e+00,220,3.120378e-04,0,0,0
1628,17,21235,9.231811e-04,5.142850e-03,1.131346e-02,0.000000e+00,0.000000e+00,211,2.781004e-04,0,0,0
1629,13,21248,1.039865e-03,5.056729e-03,1.000000e-02,0.000000e+00,0.000000e+00,219,1.476705e-05,0,0,0
1630,12,21260,1.096381e-03,5.146695e-03,1.243556e-02,0.000000e+00,0.000000e+00,204,1.062453e-04,0,0,0
1631,15,21275,1.052444e-03,5.088837e-03,1.000000e-02,0.000000e+00,0.000000e+00,214,7.244674e-04,0,0,0
HIST {'total_samples': 1777077, 'floor_samples': 0, 'floor_fraction': 0.0, 'saturation_depth': 0.0, 'boundaries': 1632, 'capped_boundaries': 0, 'unfinished_worlds': 0}
1632,19,21294,8.340346e-04,5.286388e-03,1.129713e-02,0.000000e+00,0.000000e+00,213,1.182705e-04,0,0,0
1633,11,21305,1.051659e-03,5.101181e-03,1.000000e-02,0.000000e+00,0.000000e+00,229,6.004572e-04,0,0,0
1634,17,21322,8.611431e-04,5.151008e-03,1.262597e-02,0.000000e+00,0.000000e+00,226,2.726912e-06,0,0,0
1635,11,21333,1.238144e-03,5.150572e-03,1.000000e-02,0.000000e+00,0.000000e+00,218,1.706183e-06,0,0,0
1636,16,21349,8.603651e-04,5.138095e-03,1.086950e-02,0.000000e+00,0.000000e+00,232,3.986806e-05,0,0,0
1637,11,21360,9.700037e-04,5.064314e-03,9.676942e-03,0.000000e+00,0.000000e+00,236,5.364418e-06,0,0,0
1638,13,21373,6.788915e-04,5.205473e-03,1.222057e-02,0.000000e+00,0.000000e+00,221,2.439618e-04,0,0,0
1639,15,21388,1.203682e-03,5.136164e-03,1.000000e-02,0.000000e+00,0.000000e+00,228,2.353787e-04,0,0,0
1640,11,21399,1.409461e-03,5.191271e-03,1.126760e-02,0.000000e+00,0.000000e+00,217,4.859269e-05,0,0,0
1641,11,21410,1.068811e-03,5.136710e-03,1.000000e-02,0.000000e+00,0.000000e+00,222,3.840923e-04,0,0,0
1642,12,21422,1.054048e-03,5.288258e-03,1.390154e-02,0.000000e+00,0.000000e+00,217,5.147830e-04,0,0,0
1643,12,21434,1.018017e-03,5.129170e-03,1.000000e-02,0.000000e+00,0.000000e+00,220,4.256170e-04,0,0,0
1644,10,21444,1.238878e-03,5.249340e-03,1.443927e-02,0.000000e+00,0.000000e+00,217,8.839369e-05,0,0,0
1645,11,21455,1.361548e-03,5.146204e-03,1.000000e-02,0.000000e+00,0.000000e+00,218,2.427027e-05,0,0,0
1646,12,21467,1.446575e-03,5.277712e-03,1.532073e-02,0.000000e+00,0.000000e+00,226,2.388507e-04,0,0,0
1647,12,21479,1.144272e-03,5.218127e-03,1.000000e-02,0.000000e+00,0.000000e+00,221,1.068264e-04,0,0,0
1648,14,21493,9.788668e-04,5.265498e-03,1.317690e-02,0.000000e+00,0.000000e+00,207,1.123175e-06,0,0,0
1649,14,21507,1.149267e-03,5.212241e-03,1.070799e-02,0.000000e+00,0.000000e+00,222,1.385808e-05,0,0,0
1650,15,21522,1.289750e-03,5.201712e-03,1.249091e-02,0.000000e+00,0.000000e+00,224,8.755457e-04,0,0,0
1651,12,21534,1.102030e-03,5.191646e-03,1.000000e-02,0.000000e+00,0.000000e+00,212,2.061501e-04,0,0,0
1652,19,21553,1.139189e-03,5.273974e-03,1.089000e-02,0.000000e+00,0.000000e+00,228,5.193241e-05,0,0,0
1653,20,21573,9.521669e-04,5.176086e-03,1.000000e-02,0.000000e+00,0.000000e+00,230,2.173055e-04,0,0,0
1654,10,21583,1.366551e-03,5.295498e-03,1.024683e-02,0.000000e+00,0.000000e+00,190,7.396340e-04,0,0,0
1655,20,21603,7.886467e-04,5.242373e-03,1.130186e-02,0.000000e+00,0.000000e+00,226,2.161600e-05,0,0,0
1656,11,21614,1.515733e-03,5.251614e-03,1.241903e-02,0.000000e+00,0.000000e+00,213,6.539561e-05,0,0,0
1657,12,21626,1.450559e-03,5.177182e-03,1.000000e-02,0.000000e+00,0.000000e+00,211,8.317828e-05,0,0,0
1658,11,21637,1.327865e-03,5.055545e-03,1.044946e-02,0.000000e+00,0.000000e+00,241,2.085865e-04,0,0,0
1659,12,21649,9.127332e-04,5.107241e-03,1.282920e-02,0.000000e+00,0.000000e+00,220,3.775023e-04,0,0,0
1660,17,21666,7.522149e-04,5.200891e-03,1.000000e-02,0.000000e+00,0.000000e+00,203,1.865644e-04,0,0,0
1661,16,21682,1.049658e-03,5.037107e-03,9.902359e-03,0.000000e+00,0.000000e+00,237,4.879236e-04,0,0,0
1662,16,21698,6.520535e-04,5.015666e-03,1.171115e-02,0.000000e+00,0.000000e+00,230,3.181398e-04,0,0,0
1663,12,21710,1.252962e-03,5.058289e-03,1.000000e-02,0.000000e+00,0.000000e+00,218,4.619360e-06,0,0,0
1664,19,21729,7.929897e-04,5.118223e-03,1.078368e-02,0.000000e+00,0.000000e+00,217,6.343871e-04,0,0,0
1665,11,21740,1.407947e-03,5.014978e-03,1.000000e-02,0.000000e+00,0.000000e+00,239,1.314282e-05,0,0,0
1666,14,21754,9.590558e-04,5.187719e-03,1.186937e-02,0.000000e+00,0.000000e+00,204,1.111731e-20,0,0,0
1667,13,21767,8.852575e-04,5.004875e-03,1.197900e-02,0.000000e+00,0.000000e+00,229,1.273155e-04,0,0,0
1668,15,21782,1.108721e-03,5.143182e-03,1.210596e-02,0.000000e+00,0.000000e+00,222,9.261072e-05,0,0,0
1669,11,21793,8.080202e-04,5.031788e-03,9.644089e-03,0.000000e+00,0.000000e+00,222,3.580451e-04,0,0,0
1670,12,21805,9.232350e-04,5.204085e-03,1.110287e-02,0.000000e+00,0.000000e+00,211,2.964139e-04,0,0,0
1671,11,21816,1.578210e-03,5.052923e-03,1.197900e-02,0.000000e+00,0.000000e+00,219,1.590848e-04,0,0,0
1672,17,21833,9.372721e-04,5.081847e-03,1.146915e-02,0.000000e+00,0.000000e+00,201,1.042187e-04,0,0,0
1673,14,21847,1.215401e-03,5.087918e-03,1.000000e-02,0.000000e+00,0.000000e+00,213,1.728907e-05,0,0,0
1674,11,21858,1.199502e-03,5.153295e-03,1.243250e-02,0.000000e+00,0.000000e+00,217,6.809831e-05,0,0,0
1675,15,21873,9.198252e-04,5.106729e-03,1.000000e-02,0.000000e+00,0.000000e+00,212,6.160140e-05,0,0,0
1676,12,21885,1.304846e-03,5.243661e-03,1.317690e-02,0.000000e+00,0.000000e+00,202,1.072884e-06,0,0,0
1677,13,21898,1.082817e-03,5.148496e-03,1.000000e-02,0.000000e+00,0.000000e+00,216,6.651133e-05,0,0,0
1678,12,21910,9.014250e-04,5.251092e-03,1.100576e-02,0.000000e+00,0.000000e+00,211,4.630238e-04,0,0,0
1679,15,21925,9.086560e-04,5.172989e-03,1.000000e-02,0.000000e+00,0.000000e+00,219,6.061792e-05,0,0,0
HIST {'total_samples': 1832264, 'floor_samples': 0, 'floor_fraction': 0.0, 'saturation_depth': 0.0, 'boundaries': 1680, 'capped_boundaries': 0, 'unfinished_worlds': 0}
1680,11,21936,1.252514e-03,5.275979e-03,1.080907e-02,0.000000e+00,0.000000e+00,208,3.904104e-05,0,0,0
1681,10,21946,1.280786e-03,5.251572e-03,1.085242e-02,0.000000e+00,0.000000e+00,219,4.993901e-04,0,0,0
1682,10,21956,1.273778e-03,5.326997e-03,1.212146e-02,0.000000e+00,0.000000e+00,204,1.132488e-05,0,0,0
1683,11,21967,1.112544e-03,5.182652e-03,1.000000e-02,0.000000e+00,0.000000e+00,220,5.297437e-04,0,0,0
1684,12,21979,7.165868e-04,5.266709e-03,1.247597e-02,0.000000e+00,0.000000e+00,205,5.871058e-05,0,0,0
1685,12,21991,1.213143e-03,5.238741e-03,1.123783e-02,0.000000e+00,0.000000e+00,213,7.036515e-05,0,0,0
1686,13,22004,1.166126e-03,5.344107e-03,1.044981e-02,0.000000e+00,0.000000e+00,205,3.557578e-04,0,0,0
1687,12,22016,1.184584e-03,5.246239e-03,1.032132e-02,0.000000e+00,0.000000e+00,221,1.511872e-04,0,0,0
1688,12,22028,1.399176e-03,5.266660e-03,1.298699e-02,0.000000e+00,0.000000e+00,216,2.325140e-04,0,0,0
1689,14,22042,1.022639e-03,5.216021e-03,1.041149e-02,0.000000e+00,0.000000e+00,226,1.694560e-04,0,0,0
1690,12,22054,1.397726e-03,5.171170e-03,1.018302e-02,0.000000e+00,0.000000e+00,226,1.652092e-04,0,0,0
1691,14,22068,9.962434e-04,5.173176e-03,1.120366e-02,0.000000e+00,0.000000e+00,217,5.386770e-05,0,0,0
1692,12,22080,7.180810e-04,5.207618e-03,1.202499e-02,0.000000e+00,0.000000e+00,214,1.404434e-06,0,0,0
1693,15,22095,8.230991e-04,5.222453e-03,1.000000e-02,0.000000e+00,0.000000e+00,201,1.497343e-04,0,0,0
1694,18,22113,1.121572e-03,5.202799e-03,1.180943e-02,0.000000e+00,0.000000e+00,211,2.976507e-06,0,0,0
1695,14,22127,1.369201e-03,5.222769e-03,1.097993e-02,0.000000e+00,0.000000e+00,199,3.945529e-04,0,0,0
1696,14,22141,9.501922e-04,5.293220e-03,1.140219e-02,0.000000e+00,0.000000e+00,211,2.950430e-05,0,0,0
1697,12,22153,1.166228e-03,5.321157e-03,1.000000e-02,0.000000e+00,0.000000e+00,204,6.830692e-05,0,0,0
1698,12,22165,1.376848e-03,5.387768e-03,1.096669e-02,0.000000e+00,0.000000e+00,220,3.337860e-06,0,0,0
1699,12,22177,8.842627e-04,5.354641e-03,1.000000e-02,0.000000e+00,0.000000e+00,197,1.497567e-05,0,0,0
1700,13,22190,1.117741e-03,5.330980e-03,1.295866e-02,0.000000e+00,0.000000e+00,213,3.156215e-04,0,0,0
1701,12,22202,1.499389e-03,5.210954e-03,9.822193e-03,0.000000e+00,0.000000e+00,223,3.849342e-04,0,0,0
1702,12,22214,1.283711e-03,5.268792e-03,1.252660e-02,0.000000e+00,0.000000e+00,182,6.787479e-06,0,0,0
1703,12,22226,7.079128e-04,5.174053e-03,1.037029e-02,0.000000e+00,0.000000e+00,220,1.540482e-04,0,0,0
1704,15,22241,1.105150e-03,5.205326e-03,1.279092e-02,0.000000e+00,0.000000e+00,208,1.592673e-04,0,0,0
1705,15,22256,9.527680e-04,5.139862e-03,1.000000e-02,0.000000e+00,0.000000e+00,203,1.339391e-04,0,0,0
1706,12,22268,1.538848e-03,5.378429e-03,1.372385e-02,0.000000e+00,0.000000e+00,209,6.049871e-04,0,0,0
1707,12,22280,1.302263e-03,5.193114e-03,1.115244e-02,0.000000e+00,0.000000e+00,236,5.832389e-04,0,0,0
1708,11,22291,1.201513e-03,5.157844e-03,1.025615e-02,0.000000e+00,0.000000e+00,212,1.197234e-04,0,0,0
1709,13,22304,9.946551e-04,5.152540e-03,1.078354e-02,0.000000e+00,0.000000e+00,227,4.453212e-05,0,0,0
1710,17,22321,7.559750e-04,5.291939e-03,1.066095e-02,0.000000e+00,0.000000e+00,209,3.650784e-04,0,0,0
1711,10,22331,1.249450e-03,5.181395e-03,1.000000e-02,0.000000e+00,0.000000e+00,223,1.263767e-04,0,0,0
1712,13,22344,8.287156e-04,5.200373e-03,1.138481e-02,0.000000e+00,0.000000e+00,208,4.714727e-05,0,0,0
1713,14,22358,8.497501e-04,5.133285e-03,1.000000e-02,0.000000e+00,0.000000e+00,223,9.126961e-08,0,0,0
1714,13,22371,1.329284e-03,5.147761e-03,1.170319e-02,0.000000e+00,0.000000e+00,213,4.887581e-05,0,0,0
1715,12,22383,1.282471e-03,5.077248e-03,1.000000e-02,0.000000e+00,0.000000e+00,213,2.980232e-06,0,0,0
1716,10,22393,1.475414e-03,5.197712e-03,1.052639e-02,0.000000e+00,0.000000e+00,210,1.256578e-04,0,0,0
1717,12,22405,1.161306e-03,5.154216e-03,1.000000e-02,0.000000e+00,0.000000e+00,215,5.973969e-06,0,0,0
1718,12,22417,1.250526e-03,5.161105e-03,1.210615e-02,0.000000e+00,0.000000e+00,212,4.495680e-05,0,0,0
1719,13,22430,8.428247e-04,5.118595e-03,1.079496e-02,0.000000e+00,0.000000e+00,205,4.676878e-04,0,0,0
1720,17,22447,8.867778e-04,5.276946e-03,1.109614e-02,0.000000e+00,0.000000e+00,202,4.771948e-04,0,0,0
1721,15,22462,1.353911e-03,5.163652e-03,1.283312e-02,0.000000e+00,0.000000e+00,217,4.529953e-06,0,0,0
1722,15,22477,8.993624e-04,5.227359e-03,1.202389e-02,0.000000e+00,0.000000e+00,228,5.133599e-04,0,0,0
1723,13,22490,1.038661e-03,5.038734e-03,1.185568e-02,0.000000e+00,0.000000e+00,232,7.946789e-05,0,0,0
1724,12,22502,1.311751e-03,5.058552e-03,1.058987e-02,0.000000e+00,0.000000e+00,215,3.576279e-05,0,0,0
1725,12,22514,1.019486e-03,5.106767e-03,1.000000e-02,0.000000e+00,0.000000e+00,204,1.969188e-05,0,0,0
1726,12,22526,1.552598e-03,5.224316e-03,1.138840e-02,0.000000e+00,0.000000e+00,206,2.998114e-05,0,0,0
1727,11,22537,1.053697e-03,5.223711e-03,1.010351e-02,0.000000e+00,0.000000e+00,218,4.097819e-04,0,0,0
HIST {'total_samples': 1886479, 'floor_samples': 0, 'floor_fraction': 0.0, 'saturation_depth': 0.0, 'boundaries': 1728, 'capped_boundaries': 0, 'unfinished_worlds': 0}
1728,17,22554,1.179204e-03,5.233710e-03,1.052674e-02,0.000000e+00,0.000000e+00,211,6.180257e-05,0,0,0
1729,11,22565,9.067743e-04,5.214524e-03,1.197900e-02,0.000000e+00,0.000000e+00,204,5.571470e-04,0,0,0
1730,15,22580,1.235578e-03,5.242376e-03,1.317690e-02,0.000000e+00,0.000000e+00,189,4.161894e-05,0,0,0
1731,15,22595,1.142533e-03,5.205266e-03,1.271339e-02,0.000000e+00,0.000000e+00,208,5.361438e-05,0,0,0
1732,13,22608,6.158611e-04,5.292322e-03,1.090388e-02,0.000000e+00,0.000000e+00,202,1.118183e-04,0,0,0
1733,11,22619,1.453016e-03,5.178051e-03,1.000000e-02,0.000000e+00,0.000000e+00,222,9.536743e-07,0,0,0
1734,11,22630,8.607934e-04,5.325280e-03,1.192569e-02,0.000000e+00,0.000000e+00,184,4.673451e-04,0,0,0
1735,12,22642,8.989468e-04,5.238230e-03,1.142691e-02,0.000000e+00,0.000000e+00,206,6.272994e-05,0,0,0
1736,13,22655,1.263078e-03,5.274054e-03,1.199307e-02,0.000000e+00,0.000000e+00,210,7.063150e-06,0,0,0
1737,15,22670,6.913767e-04,5.138576e-03,1.003353e-02,0.000000e+00,0.000000e+00,219,1.036189e-05,0,0,0
1738,13,22683,9.322492e-04,5.143944e-03,1.359492e-02,0.000000e+00,0.000000e+00,215,2.944469e-05,0,0,0
1739,14,22697,1.090928e-03,5.088457e-03,1.266812e-02,0.000000e+00,0.000000e+00,216,9.020790e-06,0,0,0
1740,12,22709,9.510238e-04,5.134812e-03,1.278479e-02,0.000000e+00,0.000000e+00,200,3.606081e-06,0,0,0
1741,12,22721,1.300541e-03,5.003110e-03,1.079455e-02,0.000000e+00,0.000000e+00,234,3.789254e-04,0,0,0
1742,25,22746,6.619793e-04,5.142436e-03,1.252148e-02,0.000000e+00,0.000000e+00,195,1.490116e-07,0,0,0
1743,19,22765,1.011229e-03,5.215523e-03,1.211492e-02,0.000000e+00,0.000000e+00,195,1.752377e-05,0,0,0
1744,18,22783,7.030531e-04,5.299716e-03,1.189536e-02,0.000000e+00,0.000000e+00,203,2.199411e-05,0,0,0
1745,12,22795,9.429168e-04,5.129795e-03,1.000000e-02,0.000000e+00,0.000000e+00,214,1.030788e-05,0,0,0
1746,13,22808,1.213885e-03,5.143105e-03,1.627652e-02,0.000000e+00,0.000000e+00,210,1.083463e-04,0,0,0
1747,15,22823,7.274441e-04,5.068332e-03,1.000000e-02,0.000000e+00,0.000000e+00,217,2.229214e-05,0,0,0
1748,13,22836,9.561346e-04,5.300092e-03,1.089000e-02,0.000000e+00,0.000000e+00,195,1.350045e-05,0,0,0
1749,11,22847,1.169372e-03,5.183392e-03,1.000000e-02,0.000000e+00,0.000000e+00,210,1.043081e-07,0,0,0
1750,13,22860,1.085906e-03,5.345594e-03,1.281988e-02,0.000000e+00,0.000000e+00,201,2.712011e-06,0,0,0
1751,15,22875,1.297007e-03,5.299098e-03,1.000000e-02,0.000000e+00,0.000000e+00,210,6.034970e-07,0,0,0
1752,12,22887,1.274537e-03,5.114822e-03,1.357554e-02,0.000000e+00,0.000000e+00,221,1.102388e-04,0,0,0
1753,10,22897,1.175445e-03,5.161454e-03,1.208575e-02,0.000000e+00,0.000000e+00,210,3.823638e-05,0,0,0
1754,12,22909,1.123274e-03,5.169532e-03,1.165438e-02,0.000000e+00,0.000000e+00,211,2.192557e-04,0,0,0
1755,13,22922,1.265939e-03,5.105471e-03,1.000000e-02,0.000000e+00,0.000000e+00,223,7.443130e-05,0,0,0
1756,11,22933,9.887667e-04,5.110216e-03,1.105435e-02,0.000000e+00,0.000000e+00,204,6.094575e-05,0,0,0
1757,12,22945,9.314257e-04,5.132563e-03,1.000000e-02,0.000000e+00,0.000000e+00,195,1.584664e-04,0,0,0
1758,11,22956,1.259220e-03,5.228192e-03,1.048347e-02,0.000000e+00,0.000000e+00,211,9.305775e-06,0,0,0
1759,10,22966,1.460482e-03,5.183436e-03,1.018395e-02,0.000000e+00,0.000000e+00,199,1.136363e-04,0,0,0
1760,13,22979,1.236719e-03,5.249831e-03,1.210570e-02,0.000000e+00,0.000000e+00,196,4.971027e-05,0,0,0
1761,11,22990,1.690345e-03,5.177364e-03,1.000000e-02,0.000000e+00,0.000000e+00,223,1.162291e-06,0,0,0
1762,11,23001,1.442941e-03,5.427300e-03,1.172769e-02,0.000000e+00,0.000000e+00,191,8.718669e-05,0,0,0
1763,13,23014,8.989571e-04,5.334946e-03,1.000000e-02,0.000000e+00,0.000000e+00,218,3.746152e-04,0,0,0
1764,14,23028,1.035014e-03,5.402967e-03,1.144770e-02,0.000000e+00,0.000000e+00,191,3.602020e-04,0,0,0
1765,11,23039,9.001502e-04,5.285287e-03,1.079636e-02,0.000000e+00,0.000000e+00,204,3.589764e-04,0,0,0
1766,11,23050,9.468272e-04,5.417007e-03,1.447123e-02,0.000000e+00,0.000000e+00,192,6.305426e-04,0,0,0
1767,15,23065,9.757698e-04,5.304331e-03,1.002751e-02,0.000000e+00,0.000000e+00,216,3.813207e-05,0,0,0
1768,13,23078,1.267791e-03,5.174081e-03,1.089000e-02,0.000000e+00,0.000000e+00,221,2.175737e-04,0,0,0
1769,14,23092,1.111783e-03,5.113325e-03,1.033162e-02,0.000000e+00,0.000000e+00,225,6.191432e-06,0,0,0
1770,12,23104,1.311908e-03,5.286712e-03,1.129224e-02,0.000000e+00,0.000000e+00,200,3.162771e-05,0,0,0
1771,14,23118,8.441655e-04,5.081223e-03,1.000000e-02,0.000000e+00,0.000000e+00,221,2.261251e-05,0,0,0
1772,14,23132,7.964476e-04,5.144022e-03,1.161737e-02,0.000000e+00,0.000000e+00,224,2.549179e-04,0,0,0
1773,11,23143,1.118375e-03,5.128332e-03,9.724298e-03,0.000000e+00,0.000000e+00,228,3.731251e-05,0,0,0
1774,15,23158,1.480473e-03,5.117863e-03,1.000989e-02,0.000000e+00,0.000000e+00,216,2.898276e-06,0,0,0
1775,14,23172,1.237112e-03,5.130297e-03,1.056028e-02,0.000000e+00,0.000000e+00,211,5.373340e-04,0,0,0
HIST {'total_samples': 1940505, 'floor_samples': 0, 'floor_fraction': 0.0, 'saturation_depth': 0.0, 'boundaries': 1776, 'capped_boundaries': 0, 'unfinished_worlds': 0}
1776,13,23185,1.094624e-03,5.092038e-03,1.000000e-02,0.000000e+00,0.000000e+00,218,3.136843e-04,0,0,0
1777,13,23198,1.046868e-03,4.906341e-03,1.051195e-02,0.000000e+00,0.000000e+00,232,8.527935e-05,0,0,0
1778,14,23212,1.107917e-03,5.172488e-03,1.021020e-02,0.000000e+00,0.000000e+00,199,3.836304e-04,0,0,0
1779,11,23223,1.139566e-03,5.198243e-03,1.000000e-02,0.000000e+00,0.000000e+00,207,8.699391e-05,0,0,0
1780,13,23236,1.318562e-03,5.149687e-03,1.110581e-02,0.000000e+00,0.000000e+00,226,1.592934e-05,0,0,0
1781,12,23248,6.536882e-04,5.027879e-03,1.066858e-02,0.000000e+00,0.000000e+00,227,4.924834e-06,0,0,0
1782,14,23262,9.055586e-04,5.178166e-03,1.132760e-02,0.000000e+00,0.000000e+00,204,7.808208e-06,0,0,0
1783,13,23275,1.060052e-03,5.067248e-03,1.015264e-02,0.000000e+00,0.000000e+00,223,5.066395e-07,0,0,0
1784,12,23287,7.764049e-04,5.187858e-03,1.283751e-02,0.000000e+00,0.000000e+00,215,2.313033e-04,0,0,0
1785,11,23298,1.258284e-03,5.172621e-03,1.052901e-02,0.000000e+00,0.000000e+00,223,2.611876e-04,0,0,0
1786,21,23319,7.991385e-04,5.113380e-03,1.197900e-02,0.000000e+00,0.000000e+00,205,6.359145e-04,0,0,0
1787,12,23331,1.123957e-03,4.968714e-03,9.929502e-03,0.000000e+00,0.000000e+00,233,1.067221e-04,0,0,0
1788,13,23344,9.323240e-04,5.079624e-03,1.103153e-02,0.000000e+00,0.000000e+00,218,6.205440e-04,0,0,0
1789,13,23357,1.202056e-03,5.114959e-03,1.000000e-02,0.000000e+00,0.000000e+00,211,4.979223e-05,0,0,0
1790,13,23370,1.439476e-03,5.173082e-03,1.227641e-02,0.000000e+00,0.000000e+00,201,2.641976e-05,0,0,0
1791,11,23381,1.124896e-03,4.976214e-03,1.021242e-02,0.000000e+00,0.000000e+00,234,1.549721e-06,0,0,0
1792,24,23405,6.856825e-04,5.222448e-03,1.615126e-02,0.000000e+00,0.000000e+00,201,1.997501e-05,0,0,0
1793,13,23418,7.177415e-04,5.113940e-03,1.010590e-02,0.000000e+00,0.000000e+00,222,1.432002e-04,0,0,0
1794,15,23433,8.396892e-04,5.186382e-03,1.089000e-02,0.000000e+00,0.000000e+00,203,4.655123e-05,0,0,0
1795,14,23447,1.038055e-03,5.064797e-03,1.000000e-02,0.000000e+00,0.000000e+00,218,1.045838e-04,0,0,0
1796,13,23460,7.522073e-04,5.173077e-03,1.127798e-02,0.000000e+00,0.000000e+00,201,2.241135e-05,0,0,0
1797,20,23480,1.344867e-03,5.085160e-03,1.240578e-02,0.000000e+00,0.000000e+00,210,2.021939e-04,0,0,0
1798,20,23500,8.041513e-04,5.155573e-03,1.184989e-02,0.000000e+00,0.000000e+00,221,6.145239e-05,0,0,0
1799,18,23518,1.010245e-03,5.108716e-03,1.000000e-02,0.000000e+00,0.000000e+00,212,3.874302e-07,0,0,0
1800,13,23531,9.082562e-04,5.218530e-03,1.126914e-02,0.000000e+00,0.000000e+00,213,9.897351e-05,0,0,0
1801,14,23545,9.686974e-04,5.186483e-03,1.000000e-02,0.000000e+00,0.000000e+00,210,2.895743e-04,0,0,0
1802,16,23561,8.398078e-04,5.109749e-03,1.089821e-02,0.000000e+00,0.000000e+00,231,1.000017e-04,0,0,0
1803,10,23571,1.240640e-03,5.096179e-03,1.331777e-02,0.000000e+00,0.000000e+00,213,1.335144e-05,0,0,0
1804,13,23584,1.068594e-03,5.157055e-03,1.160417e-02,0.000000e+00,0.000000e+00,200,1.180172e-05,0,0,0
1805,14,23598,8.953271e-04,5.138882e-03,1.033336e-02,0.000000e+00,0.000000e+00,207,8.477569e-04,0,0,0
1806,12,23610,9.581670e-04,5.218982e-03,1.195386e-02,0.000000e+00,0.000000e+00,194,9.347498e-05,0,0,0
1807,13,23623,1.000058e-03,5.019401e-03,1.197900e-02,0.000000e+00,0.000000e+00,231,5.118549e-05,0,0,0
1808,11,23634,1.150663e-03,5.198793e-03,1.263088e-02,0.000000e+00,0.000000e+00,193,1.162291e-06,0,0,0
1809,13,23647,1.193944e-03,5.142679e-03,1.000000e-02,0.000000e+00,0.000000e+00,214,3.260018e-19,0,0,0
1810,16,23663,9.796697e-04,5.250048e-03,1.467677e-02,0.000000e+00,0.000000e+00,203,8.381903e-05,0,0,0
1811,14,23677,7.953739e-04,5.072011e-03,1.000000e-02,0.000000e+00,0.000000e+00,232,1.466274e-05,0,0,0
1812,11,23688,1.177899e-03,5.285825e-03,1.255628e-02,0.000000e+00,0.000000e+00,196,6.075017e-04,0,0,0
1813,11,23699,1.506150e-03,5.254982e-03,1.000000e-02,0.000000e+00,0.000000e+00,209,4.597008e-06,0,0,0
1814,11,23710,1.385721e-03,5.425027e-03,1.198277e-02,0.000000e+00,0.000000e+00,178,2.321973e-04,0,0,0
1815,11,23721,1.138393e-03,5.351767e-03,1.110246e-02,0.000000e+00,0.000000e+00,200,8.216128e-05,0,0,0
1816,11,23732,1.273861e-03,5.414018e-03,1.130855e-02,0.000000e+00,0.000000e+00,208,7.912517e-06,0,0,0
1817,14,23746,1.380841e-03,5.152578e-03,1.000000e-02,0.000000e+00,0.000000e+00,248,1.887679e-04,0,0,0
1818,12,23758,1.256812e-03,5.221164e-03,1.206736e-02,0.000000e+00,0.000000e+00,206,6.038845e-04,0,0,0
1819,15,23773,1.305922e-03,4.991230e-03,1.000000e-02,0.000000e+00,0.000000e+00,226,3.584176e-04,0,0,0
1820,13,23786,1.285061e-03,5.066327e-03,9.480773e-03,0.000000e+00,0.000000e+00,201,2.741814e-06,0,0,0
1821,11,23797,1.210666e-03,4.965586e-03,1.087276e-02,0.000000e+00,0.000000e+00,216,1.036376e-05,0,0,0
1822,10,23807,1.224186e-03,5.119019e-03,1.150854e-02,0.000000e+00,0.000000e+00,191,4.322287e-04,0,0,0
1823,15,23822,1.270715e-03,4.916232e-03,1.000000e-02,0.000000e+00,0.000000e+00,226,2.817931e-04,0,0,0
HIST {'total_samples': 1995188, 'floor_samples': 0, 'floor_fraction': 0.0, 'saturation_depth': 0.0, 'boundaries': 1824, 'capped_boundaries': 0, 'unfinished_worlds': 0}
1824,14,23836,1.013727e-03,5.063696e-03,1.424277e-02,0.000000e+00,0.000000e+00,204,2.610125e-05,0,0,0
1825,13,23849,1.363907e-03,4.947965e-03,1.344470e-02,0.000000e+00,0.000000e+00,223,2.355501e-05,0,0,0
1826,11,23860,1.285623e-03,5.170493e-03,1.308732e-02,0.000000e+00,0.000000e+00,220,1.598150e-05,0,0,0
1827,11,23871,1.449441e-03,5.045652e-03,1.004456e-02,0.000000e+00,0.000000e+00,220,2.424419e-05,0,0,0
1828,13,23884,1.271878e-03,5.035000e-03,1.044204e-02,0.000000e+00,0.000000e+00,226,9.392388e-05,0,0,0
1829,16,23900,6.594310e-04,4.988157e-03,1.000000e-02,0.000000e+00,0.000000e+00,225,2.384186e-07,0,0,0
1830,16,23916,1.261233e-03,5.159660e-03,1.140069e-02,0.000000e+00,0.000000e+00,202,3.661960e-04,0,0,0
1831,16,23932,1.065423e-03,5.042397e-03,1.000000e-02,0.000000e+00,0.000000e+00,238,4.321337e-07,0,0,0
1832,13,23945,9.578363e-04,5.259780e-03,1.149474e-02,0.000000e+00,0.000000e+00,198,2.857000e-04,0,0,0
1833,12,23957,1.439287e-03,5.218182e-03,1.080680e-02,0.000000e+00,0.000000e+00,207,1.887083e-04,0,0,0
1834,12,23969,1.363391e-03,5.288684e-03,1.335408e-02,0.000000e+00,0.000000e+00,209,1.717359e-04,0,0,0
1835,13,23982,1.130881e-03,5.188835e-03,1.000000e-02,0.000000e+00,0.000000e+00,213,5.662441e-06,0,0,0
1836,13,23995,8.108710e-04,5.221372e-03,1.157549e-02,0.000000e+00,0.000000e+00,229,1.946092e-05,0,0,0
1837,12,24007,1.289390e-03,5.066346e-03,1.000000e-02,0.000000e+00,0.000000e+00,225,6.914884e-05,0,0,0
1838,11,24018,1.171136e-03,5.177010e-03,1.156693e-02,0.000000e+00,0.000000e+00,203,2.950430e-06,0,0,0
1839,13,24031,1.066926e-03,5.121684e-03,1.000000e-02,0.000000e+00,0.000000e+00,206,3.725290e-05,0,0,0
1840,12,24043,1.461559e-03,5.229876e-03,1.248360e-02,0.000000e+00,0.000000e+00,207,5.865097e-05,0,0,0
1841,14,24057,9.798869e-04,5.103120e-03,1.200441e-02,0.000000e+00,0.000000e+00,226,3.904104e-06,0,0,0
1842,11,24068,1.040815e-03,5.106494e-03,1.185165e-02,0.000000e+00,0.000000e+00,214,1.066923e-05,0,0,0
1843,12,24080,1.221703e-03,5.048399e-03,1.063320e-02,0.000000e+00,0.000000e+00,233,2.166480e-04,0,0,0
1844,10,24090,1.343684e-03,5.241118e-03,1.034216e-02,0.000000e+00,0.000000e+00,197,6.201565e-04,0,0,0
1845,15,24105,1.069803e-03,5.113441e-03,1.089000e-02,0.000000e+00,0.000000e+00,214,1.337379e-05,0,0,0
1846,12,24117,1.394542e-03,5.377810e-03,1.185075e-02,0.000000e+00,0.000000e+00,195,2.043098e-04,0,0,0
1847,14,24131,1.371541e-03,5.206439e-03,1.415545e-02,0.000000e+00,0.000000e+00,207,1.968220e-04,0,0,0
1848,19,24150,1.236096e-03,5.273896e-03,1.389693e-02,0.000000e+00,0.000000e+00,214,3.237277e-06,0,0,0
1849,11,24161,1.066630e-03,5.164606e-03,1.000000e-02,0.000000e+00,0.000000e+00,198,3.930405e-04,0,0,0
1850,11,24172,1.403336e-03,5.311248e-03,1.412139e-02,0.000000e+00,0.000000e+00,209,9.090602e-04,0,0,0
1851,17,24189,8.163985e-04,5.055939e-03,1.000000e-02,0.000000e+00,0.000000e+00,243,5.671382e-05,0,0,0
1852,13,24202,9.872663e-04,5.295421e-03,1.198318e-02,0.000000e+00,0.000000e+00,214,8.678436e-05,0,0,0
1853,15,24217,1.018471e-03,5.181126e-03,1.000000e-02,0.000000e+00,0.000000e+00,232,5.159527e-05,0,0,0
1854,13,24230,1.178927e-03,5.295222e-03,1.289590e-02,0.000000e+00,0.000000e+00,219,1.563728e-04,0,0,0
1855,15,24245,9.315329e-04,5.200911e-03,1.023788e-02,0.000000e+00,0.000000e+00,216,1.623780e-04,0,0,0
1856,13,24258,1.272128e-03,5.294257e-03,1.731067e-02,0.000000e+00,0.000000e+00,198,4.460663e-04,0,0,0
1857,12,24270,1.112272e-03,5.207583e-03,1.000000e-02,0.000000e+00,0.000000e+00,223,7.130858e-05,0,0,0
1858,14,24284,1.137810e-03,5.229046e-03,1.158972e-02,0.000000e+00,0.000000e+00,217,3.207102e-05,0,0,0
1859,13,24297,8.395737e-04,5.030450e-03,1.000000e-02,0.000000e+00,0.000000e+00,238,3.402308e-04,0,0,0
1860,11,24308,1.356768e-03,5.191219e-03,1.003217e-02,0.000000e+00,0.000000e+00,214,1.405180e-05,0,0,0
1861,10,24318,1.286592e-03,4.977508e-03,1.000000e-02,0.000000e+00,0.000000e+00,241,2.948940e-05,0,0,0
1862,9,24327,8.701653e-04,5.160166e-03,1.265003e-02,0.000000e+00,0.000000e+00,212,1.699924e-04,0,0,0
1863,16,24343,1.097832e-03,5.099770e-03,1.100115e-02,0.000000e+00,0.000000e+00,220,1.877546e-05,0,0,0
1864,18,24361,1.113703e-03,5.118333e-03,1.055626e-02,0.000000e+00,0.000000e+00,230,6.899238e-06,0,0,0
1865,16,24377,9.379704e-04,4.985265e-03,1.094623e-02,0.000000e+00,0.000000e+00,254,7.972121e-05,0,0,0
1866,11,24388,1.111813e-03,5.117656e-03,1.067298e-02,0.000000e+00,0.000000e+00,223,1.324415e-04,0,0,0
1867,10,24398,1.316284e-03,5.000397e-03,1.000000e-02,0.000000e+00,0.000000e+00,233,6.473064e-05,0,0,0
1868,10,24408,1.223949e-03,5.126762e-03,1.169585e-02,0.000000e+00,0.000000e+00,196,3.129244e-07,0,0,0
1869,16,24424,9.637028e-04,5.072694e-03,1.000000e-02,0.000000e+00,0.000000e+00,225,2.071485e-04,0,0,0
1870,12,24436,9.646455e-04,5.006657e-03,1.196908e-02,0.000000e+00,0.000000e+00,225,6.981194e-05,0,0,0
1871,12,24448,1.302239e-03,4.988186e-03,1.000000e-02,0.000000e+00,0.000000e+00,222,2.250681e-04,0,0,0
HIST {'total_samples': 2050661, 'floor_samples': 0, 'floor_fraction': 0.0, 'saturation_depth': 0.0, 'boundaries': 1872, 'capped_boundaries': 0, 'unfinished_worlds': 0}
1872,9,24457,1.800637e-03,5.246351e-03,1.000000e-02,0.000000e+00,0.000000e+00,194,2.154810e-04,0,0,0
1873,11,24468,1.489570e-03,5.082431e-03,9.964706e-03,0.000000e+00,0.000000e+00,224,6.316975e-05,0,0,0
1874,14,24482,1.363690e-03,5.137832e-03,1.252274e-02,0.000000e+00,0.000000e+00,219,7.513911e-06,0,0,0
1875,11,24493,8.566445e-04,4.979013e-03,1.000000e-02,0.000000e+00,0.000000e+00,236,3.718585e-05,0,0,0
1876,16,24509,6.125485e-04,4.865187e-03,1.112967e-02,0.000000e+00,0.000000e+00,253,5.704165e-05,0,0,0
1877,13,24522,9.873337e-04,4.927781e-03,1.000000e-02,0.000000e+00,0.000000e+00,213,1.611561e-04,0,0,0
1878,12,24534,1.069724e-03,5.050511e-03,1.095328e-02,0.000000e+00,0.000000e+00,219,5.963296e-04,0,0,0
1879,12,24546,9.875676e-04,4.899382e-03,1.022382e-02,0.000000e+00,0.000000e+00,229,1.064464e-04,0,0,0
1880,12,24558,9.070744e-04,4.988108e-03,1.594405e-02,0.000000e+00,0.000000e+00,232,2.049655e-05,0,0,0
1881,15,24573,8.861903e-04,4.960773e-03,1.117740e-02,0.000000e+00,0.000000e+00,218,1.261905e-04,0,0,0
1882,13,24586,8.426789e-04,5.037919e-03,1.104247e-02,0.000000e+00,0.000000e+00,233,2.794713e-05,0,0,0
1883,14,24600,7.852337e-04,4.997004e-03,1.000000e-02,0.000000e+00,0.000000e+00,230,1.485087e-05,0,0,0
1884,12,24612,1.064301e-03,5.044783e-03,1.210685e-02,0.000000e+00,0.000000e+00,203,3.152564e-04,0,0,0
1885,14,24626,1.249040e-03,5.010235e-03,1.347341e-02,0.000000e+00,0.000000e+00,230,3.020614e-04,0,0,0
1886,13,24639,1.481826e-03,5.173701e-03,1.305097e-02,0.000000e+00,0.000000e+00,202,2.014637e-05,0,0,0
1887,12,24651,1.269263e-03,5.000412e-03,1.088795e-02,0.000000e+00,0.000000e+00,217,4.537776e-04,0,0,0
1888,14,24665,7.657885e-04,4.886063e-03,1.086846e-02,0.000000e+00,0.000000e+00,235,2.365261e-04,0,0,0
1889,11,24676,1.124484e-03,4.825588e-03,1.000000e-02,0.000000e+00,0.000000e+00,228,2.653152e-05,0,0,0
1890,14,24690,1.121114e-03,5.002401e-03,1.000000e-02,0.000000e+00,0.000000e+00,207,7.101893e-05,0,0,0
1891,12,24702,1.254804e-03,5.019975e-03,9.984508e-03,0.000000e+00,0.000000e+00,226,1.977989e-05,0,0,0
1892,18,24720,8.790605e-04,4.988218e-03,1.104662e-02,0.000000e+00,0.000000e+00,221,5.894899e-05,0,0,0
1893,12,24732,1.058933e-03,5.063820e-03,1.000000e-02,0.000000e+00,0.000000e+00,200,1.192093e-05,0,0,0
1894,15,24747,8.137467e-04,5.024015e-03,1.064822e-02,0.000000e+00,0.000000e+00,212,3.999472e-05,0,0,0
1895,14,24761,8.181600e-04,5.059507e-03,1.133354e-02,0.000000e+00,0.000000e+00,212,7.927418e-05,0,0,0
1896,13,24774,1.016836e-03,5.216365e-03,1.054735e-02,0.000000e+00,0.000000e+00,198,4.801303e-04,0,0,0
1897,12,24786,1.426194e-03,5.130788e-03,1.000000e-02,0.000000e+00,0.000000e+00,211,1.506507e-05,0,0,0
1898,10,24796,1.597460e-03,5.298369e-03,1.089000e-02,0.000000e+00,0.000000e+00,194,4.428625e-05,0,0,0
1899,11,24807,1.155213e-03,5.236305e-03,1.145080e-02,0.000000e+00,0.000000e+00,207,9.669438e-04,0,0,0
1900,15,24822,1.094648e-03,5.094431e-03,1.061802e-02,0.000000e+00,0.000000e+00,227,7.547438e-05,0,0,0
1901,12,24834,1.476594e-03,4.997010e-03,1.000000e-02,0.000000e+00,0.000000e+00,217,2.427995e-04,0,0,0
1902,12,24846,7.705734e-04,5.014402e-03,1.201852e-02,0.000000e+00,0.000000e+00,217,6.188452e-05,0,0,0
1903,12,24858,9.317466e-04,5.032674e-03,1.000000e-02,0.000000e+00,0.000000e+00,187,1.760870e-04,0,0,0
1904,11,24869,1.076478e-03,5.187313e-03,1.201566e-02,0.000000e+00,0.000000e+00,209,5.993824e-04,0,0,0
1905,14,24883,1.006522e-03,5.026106e-03,1.000000e-02,0.000000e+00,0.000000e+00,220,3.312705e-04,0,0,0
1906,19,24902,5.709262e-04,5.113499e-03,1.118267e-02,0.000000e+00,0.000000e+00,206,1.940802e-04,0,0,0
1907,20,24922,8.745809e-04,5.092193e-03,1.004357e-02,0.000000e+00,0.000000e+00,193,3.739074e-04,0,0,0
1908,12,24934,8.355362e-04,5.144685e-03,1.081505e-02,0.000000e+00,0.000000e+00,208,6.496161e-04,0,0,0
1909,12,24946,1.324608e-03,5.072793e-03,1.008756e-02,0.000000e+00,0.000000e+00,222,4.041195e-05,0,0,0
1910,13,24959,7.891638e-04,5.072754e-03,1.087073e-02,0.000000e+00,0.000000e+00,212,7.922649e-04,0,0,0
1911,12,24971,1.663845e-03,5.116851e-03,1.122265e-02,0.000000e+00,0.000000e+00,211,1.440123e-04,0,0,0
1912,15,24986,8.635278e-04,5.212151e-03,1.072553e-02,0.000000e+00,0.000000e+00,211,5.639344e-05,0,0,0
1913,15,25001,1.354968e-03,5.078253e-03,1.052573e-02,0.000000e+00,0.000000e+00,218,1.291037e-04,0,0,0
1914,11,25012,1.245044e-03,5.279110e-03,1.041473e-02,0.000000e+00,0.000000e+00,188,4.585758e-04,0,0,0
1915,13,25025,1.324501e-03,5.302024e-03,1.000000e-02,0.000000e+00,0.000000e+00,190,2.186000e-05,0,0,0
1916,14,25039,8.898164e-04,5.376127e-03,1.317690e-02,0.000000e+00,0.000000e+00,193,4.176330e-04,0,0,0
1917,21,25060,6.438026e-04,5.245887e-03,1.000000e-02,0.000000e+00,0.000000e+00,220,3.481284e-05,0,0,0
1918,12,25072,1.002752e-03,5.434771e-03,1.070676e-02,0.000000e+00,0.000000e+00,189,2.622604e-05,0,0,0
1919,16,25088,6.789097e-04,5.140431e-03,1.102684e-02,0.000000e+00,0.000000e+00,223,5.130470e-05,0,0,0
HIST {'total_samples': 2106149, 'floor_samples': 0, 'floor_fraction': 0.0, 'saturation_depth': 0.0, 'boundaries': 1920, 'capped_boundaries': 0, 'unfinished_worlds': 0}
1920,13,25101,1.355100e-03,5.426952e-03,1.338296e-02,0.000000e+00,0.000000e+00,192,5.830824e-05,0,0,0
1921,13,25114,9.394438e-04,5.225953e-03,1.000000e-02,0.000000e+00,0.000000e+00,212,3.124774e-05,0,0,0
1922,12,25126,1.052033e-03,5.305498e-03,1.345094e-02,0.000000e+00,0.000000e+00,204,6.917119e-05,0,0,0
1923,15,25141,1.062992e-03,5.304394e-03,1.000000e-02,0.000000e+00,0.000000e+00,209,3.994899e-04,0,0,0
1924,16,25157,9.583784e-04,5.247501e-03,1.147065e-02,0.000000e+00,0.000000e+00,221,0.000000e+00,0,0,0
1925,12,25169,1.053714e-03,5.222774e-03,1.040316e-02,0.000000e+00,0.000000e+00,212,6.708354e-04,0,0,0
1926,14,25183,8.641033e-04,5.318492e-03,1.028400e-02,0.000000e+00,0.000000e+00,201,3.313720e-04,0,0,0
1927,15,25198,8.624571e-04,5.284646e-03,1.000000e-02,0.000000e+00,0.000000e+00,194,9.238720e-05,0,0,0
1928,15,25213,6.279641e-04,5.466042e-03,1.175277e-02,0.000000e+00,0.000000e+00,195,3.216267e-04,0,0,0
1929,11,25224,1.303397e-03,5.365956e-03,1.105813e-02,0.000000e+00,0.000000e+00,204,2.906322e-04,0,0,0
1930,11,25235,1.190323e-03,5.435746e-03,1.729110e-02,0.000000e+00,0.000000e+00,206,2.361611e-04,0,0,0
1931,15,25250,7.876545e-04,5.235051e-03,1.232641e-02,0.000000e+00,0.000000e+00,214,7.611513e-05,0,0,0
1932,12,25262,8.639913e-04,5.472903e-03,1.320163e-02,0.000000e+00,0.000000e+00,181,6.839028e-05,0,0,0
1933,12,25274,1.283510e-03,5.334101e-03,1.153475e-02,0.000000e+00,0.000000e+00,210,8.642673e-06,0,0,0
1934,17,25291,7.799742e-04,5.353059e-03,1.268822e-02,0.000000e+00,0.000000e+00,199,1.530051e-04,0,0,0
1935,15,25306,7.851351e-04,5.398153e-03,1.046090e-02,0.000000e+00,0.000000e+00,197,7.227063e-07,0,0,0
1936,14,25320,9.467191e-04,5.519779e-03,1.228794e-02,0.000000e+00,0.000000e+00,203,4.943907e-04,0,0,0
1937,15,25335,1.193808e-03,5.263564e-03,1.000000e-02,0.000000e+00,0.000000e+00,219,2.831221e-07,0,0,0
1938,15,25350,1.004303e-03,5.418806e-03,1.371531e-02,0.000000e+00,0.000000e+00,184,4.466623e-06,0,0,0
1939,15,25365,6.011403e-04,5.231606e-03,1.028321e-02,0.000000e+00,0.000000e+00,218,8.308887e-05,0,0,0
1940,16,25381,1.399143e-03,5.436529e-03,1.255072e-02,0.000000e+00,0.000000e+00,199,1.025572e-04,0,0,0
1941,15,25396,1.078483e-03,5.277932e-03,1.000000e-02,0.000000e+00,0.000000e+00,201,1.879930e-04,0,0,0
1942,11,25407,1.033348e-03,5.390177e-03,1.317690e-02,0.000000e+00,0.000000e+00,192,9.837747e-05,0,0,0
1943,15,25422,1.193167e-03,5.339055e-03,1.048912e-02,0.000000e+00,0.000000e+00,194,6.784778e-05,0,0,0
1944,21,25443,7.392502e-04,5.348690e-03,1.376070e-02,0.000000e+00,0.000000e+00,198,2.127886e-05,0,0,0
1945,15,25458,7.477186e-04,5.317662e-03,1.000000e-02,0.000000e+00,0.000000e+00,207,5.245209e-04,0,0,0
1946,13,25471,1.330843e-03,5.451642e-03,1.161224e-02,0.000000e+00,0.000000e+00,197,5.709063e-04,0,0,0
1947,14,25485,1.153155e-03,5.357441e-03,1.224068e-02,0.000000e+00,0.000000e+00,196,2.115071e-04,0,0,0
1948,12,25497,1.175592e-03,5.535421e-03,1.260206e-02,0.000000e+00,0.000000e+00,193,1.011044e-05,0,0,0
1949,13,25510,1.326155e-03,5.290284e-03,1.005029e-02,0.000000e+00,0.000000e+00,218,1.040623e-04,0,0,0
1950,11,25521,8.093131e-04,5.465500e-03,1.298700e-02,0.000000e+00,0.000000e+00,193,1.236089e-04,0,0,0
1951,14,25535,8.370691e-04,5.377697e-03,1.003603e-02,0.000000e+00,0.000000e+00,201,1.246184e-04,0,0,0
1952,14,25549,9.473435e-04,5.429759e-03,1.619417e-02,0.000000e+00,0.000000e+00,206,5.967915e-06,0,0,0
1953,13,25562,1.346169e-03,5.372237e-03,1.000000e-02,0.000000e+00,0.000000e+00,199,8.746982e-05,0,0,0
1954,10,25572,1.026052e-03,5.378647e-03,1.354599e-02,0.000000e+00,0.000000e+00,200,1.943558e-04,0,0,0
1955,10,25582,1.619559e-03,5.393370e-03,1.107783e-02,0.000000e+00,0.000000e+00,176,3.980100e-05,0,0,0
1956,11,25593,1.394872e-03,5.318605e-03,1.483358e-02,0.000000e+00,0.000000e+00,207,7.110834e-05,0,0,0
1957,11,25604,1.381787e-03,5.300430e-03,1.234330e-02,0.000000e+00,0.000000e+00,192,2.282411e-04,0,0,0
1958,10,25614,1.148091e-03,5.447177e-03,1.317076e-02,0.000000e+00,0.000000e+00,186,7.176399e-05,0,0,0
1959,15,25629,8.212122e-04,5.348242e-03,1.000000e-02,0.000000e+00,0.000000e+00,209,1.105014e-06,0,0,0
1960,13,25642,1.189871e-03,5.229395e-03,1.038196e-02,0.000000e+00,0.000000e+00,209,1.370907e-06,0,0,0
1961,14,25656,1.171900e-03,5.112377e-03,1.000000e-02,0.000000e+00,0.000000e+00,221,1.476109e-04,0,0,0
1962,16,25672,9.026065e-04,5.241470e-03,1.317218e-02,0.000000e+00,0.000000e+00,206,4.965439e-05,0,0,0
1963,11,25683,1.029886e-03,5.141201e-03,1.000000e-02,0.000000e+00,0.000000e+00,202,7.298663e-04,0,0,0
1964,12,25695,8.246893e-04,5.290191e-03,1.175491e-02,0.000000e+00,0.000000e+00,195,1.206994e-06,0,0,0
1965,16,25711,1.345782e-03,5.231807e-03,1.000000e-02,0.000000e+00,0.000000e+00,211,2.792180e-04,0,0,0
1966,11,25722,1.220369e-03,5.368585e-03,1.167258e-02,0.000000e+00,0.000000e+00,182,1.933873e-04,0,0,0
1967,12,25734,1.689133e-03,5.375984e-03,1.000000e-02,0.000000e+00,0.000000e+00,202,7.135794e-05,0,0,0
HIST {'total_samples': 2159469, 'floor_samples': 0, 'floor_fraction': 0.0, 'saturation_depth': 0.0, 'boundaries': 1968, 'capped_boundaries': 0, 'unfinished_worlds': 0}
1968,14,25748,8.489394e-04,5.581853e-03,1.226582e-02,0.000000e+00,0.000000e+00,181,1.800731e-04,0,0,0
1969,12,25760,1.267628e-03,5.442578e-03,1.000000e-02,0.000000e+00,0.000000e+00,207,1.597404e-05,0,0,0
1970,13,25773,1.174800e-03,5.484079e-03,1.382071e-02,0.000000e+00,0.000000e+00,206,3.558695e-04,0,0,0
1971,12,25785,1.284378e-03,5.377976e-03,1.000000e-02,0.000000e+00,0.000000e+00,192,1.834147e-05,0,0,0
1972,10,25795,1.798564e-03,5.557113e-03,1.119191e-02,0.000000e+00,0.000000e+00,195,4.648417e-05,0,0,0
1973,10,25805,1.618979e-03,5.440595e-03,1.201257e-02,0.000000e+00,0.000000e+00,186,6.651878e-05,0,0,0
1974,11,25816,1.538440e-03,5.534150e-03,1.291325e-02,0.000000e+00,0.000000e+00,199,6.569177e-05,0,0,0
1975,11,25827,1.311632e-03,5.550630e-03,1.000000e-02,0.000000e+00,0.000000e+00,176,5.463436e-04,0,0,0
1976,15,25842,1.084009e-03,5.657793e-03,1.238968e-02,0.000000e+00,0.000000e+00,187,3.556907e-04,0,0,0
1977,13,25855,9.089821e-04,5.422834e-03,1.000000e-02,0.000000e+00,0.000000e+00,209,3.166497e-07,0,0,0
1978,13,25868,1.300717e-03,5.666846e-03,1.311230e-02,0.000000e+00,0.000000e+00,192,5.173385e-04,0,0,0
1979,13,25881,1.141152e-03,5.477711e-03,1.043905e-02,0.000000e+00,0.000000e+00,205,2.092123e-04,0,0,0
1980,14,25895,1.017189e-03,5.712288e-03,1.287347e-02,0.000000e+00,0.000000e+00,194,3.753603e-05,0,0,0
1981,26,25921,7.960391e-04,5.584585e-03,1.155918e-02,0.000000e+00,0.000000e+00,191,4.452318e-04,0,0,0
1982,19,25940,1.135640e-03,5.587856e-03,1.526358e-02,0.000000e+00,0.000000e+00,191,7.343292e-05,0,0,0
1983,16,25956,1.077813e-03,5.428294e-03,1.013086e-02,0.000000e+00,0.000000e+00,211,1.008399e-04,0,0,0
1984,11,25967,1.120852e-03,5.609057e-03,1.144917e-02,0.000000e+00,0.000000e+00,178,2.533644e-04,0,0,0
1985,17,25984,9.276259e-04,5.391638e-03,1.028586e-02,0.000000e+00,0.000000e+00,209,3.729761e-05,0,0,0
1986,19,26003,5.747881e-04,5.584335e-03,1.385350e-02,0.000000e+00,0.000000e+00,195,3.534555e-05,0,0,0
1987,19,26022,8.352505e-04,5.387995e-03,1.240218e-02,0.000000e+00,0.000000e+00,197,1.342595e-04,0,0,0
1988,17,26039,8.999227e-04,5.535561e-03,1.364240e-02,0.000000e+00,0.000000e+00,192,1.466274e-05,0,0,0
1989,15,26054,7.666049e-04,5.275334e-03,1.197900e-02,0.000000e+00,0.000000e+00,221,8.270144e-07,0,0,0
1990,11,26065,1.197302e-03,5.442895e-03,1.650731e-02,0.000000e+00,0.000000e+00,181,1.137108e-04,0,0,0
1991,18,26083,1.104299e-03,5.304468e-03,1.049805e-02,0.000000e+00,0.000000e+00,220,4.665032e-04,0,0,0
1992,16,26099,9.331154e-04,5.552453e-03,1.210198e-02,0.000000e+00,0.000000e+00,178,2.108216e-04,0,0,0
1993,13,26112,7.152913e-04,5.431957e-03,1.103385e-02,0.000000e+00,0.000000e+00,204,2.972782e-04,0,0,0
1994,17,26129,1.138664e-03,5.658561e-03,1.089000e-02,0.000000e+00,0.000000e+00,182,7.624179e-05,0,0,0
1995,12,26141,1.322378e-03,5.559598e-03,1.160627e-02,0.000000e+00,0.000000e+00,208,5.117431e-05,0,0,0
1996,12,26153,7.934917e-04,5.569355e-03,1.537356e-02,0.000000e+00,0.000000e+00,189,6.228685e-05,0,0,0
1997,12,26165,1.021917e-03,5.539539e-03,1.258810e-02,0.000000e+00,0.000000e+00,198,1.564622e-06,0,0,0
1998,13,26178,9.817129e-04,5.573392e-03,1.439871e-02,0.000000e+00,0.000000e+00,187,1.017526e-04,0,0,0
1999,11,26189,1.087505e-03,5.521803e-03,1.000000e-02,0.000000e+00,0.000000e+00,204,5.060136e-04,0,0,0
2000,10,26199,1.352227e-03,5.556504e-03,1.197900e-02,0.000000e+00,0.000000e+00,195,3.261715e-04,0,0,0
2001,16,26215,1.069769e-03,5.458829e-03,1.051895e-02,0.000000e+00,0.000000e+00,199,3.021583e-05,0,0,0
2002,12,26227,1.173648e-03,5.526842e-03,1.261078e-02,0.000000e+00,0.000000e+00,198,1.315027e-06,0,0,0
2003,12,26239,1.046678e-03,5.266642e-03,1.000000e-02,0.000000e+00,0.000000e+00,223,4.285574e-05,0,0,0
2004,10,26249,1.269561e-03,5.272087e-03,1.060641e-02,0.000000e+00,0.000000e+00,206,3.798474e-04,0,0,0
2005,12,26261,1.271481e-03,5.239624e-03,1.014300e-02,0.000000e+00,0.000000e+00,195,7.184148e-04,0,0,0
2006,12,26273,1.227363e-03,5.503500e-03,1.182270e-02,0.000000e+00,0.000000e+00,180,4.585478e-04,0,0,0
2007,14,26287,1.125544e-03,5.365528e-03,1.082866e-02,0.000000e+00,0.000000e+00,206,1.166277e-04,0,0,0
2008,15,26302,8.026308e-04,5.488873e-03,1.430547e-02,0.000000e+00,0.000000e+00,195,2.880991e-04,0,0,0
2009,14,26316,7.939485e-04,5.321453e-03,1.197869e-02,0.000000e+00,0.000000e+00,216,2.101064e-04,0,0,0
2010,10,26326,1.024507e-03,5.647250e-03,1.730962e-02,0.000000e+00,0.000000e+00,177,5.173385e-04,0,0,0
2011,16,26342,8.881236e-04,5.364079e-03,1.139684e-02,0.000000e+00,0.000000e+00,201,5.230010e-04,0,0,0
2012,15,26357,1.041256e-03,5.448038e-03,1.384945e-02,0.000000e+00,0.000000e+00,185,2.633780e-04,0,0,0
2013,17,26374,8.310015e-04,5.386140e-03,1.140279e-02,0.000000e+00,0.000000e+00,200,2.121925e-05,0,0,0
2014,15,26389,1.163174e-03,5.505357e-03,1.112718e-02,0.000000e+00,0.000000e+00,198,1.028776e-04,0,0,0
2015,12,26401,8.531713e-04,5.241737e-03,1.212492e-02,0.000000e+00,0.000000e+00,226,1.563281e-04,0,0,0
HIST {'total_samples': 2211970, 'floor_samples': 0, 'floor_fraction': 0.0, 'saturation_depth': 0.0, 'boundaries': 2016, 'capped_boundaries': 0, 'unfinished_worlds': 0}
2016,12,26413,8.308853e-04,5.403574e-03,1.288211e-02,0.000000e+00,0.000000e+00,197,5.952120e-04,0,0,0
2017,23,26436,8.554226e-04,5.299686e-03,1.000000e-02,0.000000e+00,0.000000e+00,218,3.620535e-04,0,0,0
2018,12,26448,1.049519e-03,5.424198e-03,1.151606e-02,0.000000e+00,0.000000e+00,199,4.258379e-05,0,0,0
2019,15,26463,1.197275e-03,5.335523e-03,1.041181e-02,0.000000e+00,0.000000e+00,215,2.458692e-07,0,0,0
2020,15,26478,8.766836e-04,5.394913e-03,1.317690e-02,0.000000e+00,0.000000e+00,212,1.439452e-05,0,0,0
2021,15,26493,7.791053e-04,5.179168e-03,1.000000e-02,0.000000e+00,0.000000e+00,218,4.984364e-04,0,0,0
2022,15,26508,8.836961e-04,5.259943e-03,1.219865e-02,0.000000e+00,0.000000e+00,215,9.760261e-06,0,0,0
2023,21,26529,7.233355e-04,5.184480e-03,1.000000e-02,0.000000e+00,0.000000e+00,210,4.885346e-04,0,0,0
2024,14,26543,7.969608e-04,5.275510e-03,1.138696e-02,0.000000e+00,0.000000e+00,191,1.946986e-04,0,0,0
2025,21,26564,9.247300e-04,5.131815e-03,1.217755e-02,0.000000e+00,0.000000e+00,210,5.574524e-05,0,0,0
2026,15,26579,9.431182e-04,5.327724e-03,1.301875e-02,0.000000e+00,0.000000e+00,187,1.649559e-05,0,0,0
2027,15,26594,1.323350e-03,5.266113e-03,1.000000e-02,0.000000e+00,0.000000e+00,208,1.769066e-04,0,0,0
2028,15,26609,1.107703e-03,5.285966e-03,1.136818e-02,0.000000e+00,0.000000e+00,207,9.534415e-20,0,0,0
2029,16,26625,1.059944e-03,5.195865e-03,1.000000e-02,0.000000e+00,0.000000e+00,211,2.551824e-07,0,0,0
2030,17,26642,9.689407e-04,5.246510e-03,1.655326e-02,0.000000e+00,0.000000e+00,204,3.122636e-04,0,0,0
2031,13,26655,1.307601e-03,5.122458e-03,1.186731e-02,0.000000e+00,0.000000e+00,216,8.272044e-04,0,0,0
2032,13,26668,1.203225e-03,5.371495e-03,1.578343e-02,0.000000e+00,0.000000e+00,187,6.252378e-04,0,0,0
2033,14,26682,1.011084e-03,5.156937e-03,1.141008e-02,0.000000e+00,0.000000e+00,218,1.752377e-05,0,0,0
2034,14,26696,8.774789e-04,5.205924e-03,1.364211e-02,0.000000e+00,0.000000e+00,200,4.091114e-05,0,0,0
2035,14,26710,1.013048e-03,5.086657e-03,1.000000e-02,0.000000e+00,0.000000e+00,200,1.166016e-05,0,0,0
2036,11,26721,1.216209e-03,5.342565e-03,1.408193e-02,0.000000e+00,0.000000e+00,196,7.834435e-04,0,0,0
2037,15,26736,9.188574e-04,5.237360e-03,1.040304e-02,0.000000e+00,0.000000e+00,219,4.557371e-04,0,0,0
2038,13,26749,7.007081e-04,5.295935e-03,1.322106e-02,0.000000e+00,0.000000e+00,203,3.563911e-04,0,0,0
2039,12,26761,1.200151e-03,5.249567e-03,1.197900e-02,0.000000e+00,0.000000e+00,183,2.100468e-04,0,0,0
2040,13,26774,1.009757e-03,5.378609e-03,1.266064e-02,0.000000e+00,0.000000e+00,186,4.532039e-04,0,0,0
2041,12,26786,1.166577e-03,5.244962e-03,1.132300e-02,0.000000e+00,0.000000e+00,206,1.087189e-04,0,0,0
2042,12,26798,1.272480e-03,5.438291e-03,1.327958e-02,0.000000e+00,0.000000e+00,190,1.455322e-04,0,0,0
2043,12,26810,8.749841e-04,5.324190e-03,1.029803e-02,0.000000e+00,0.000000e+00,205,1.005828e-07,0,0,0
2044,14,26824,9.299686e-04,5.427463e-03,1.420370e-02,0.000000e+00,0.000000e+00,195,2.418086e-05,0,0,0
2045,24,26848,9.094485e-04,5.307541e-03,1.243321e-02,0.000000e+00,0.000000e+00,211,3.218651e-06,0,0,0
2046,14,26862,1.013796e-03,5.457267e-03,1.594405e-02,0.000000e+00,0.000000e+00,199,4.720837e-04,0,0,0
2047,20,26882,9.588585e-04,5.412890e-03,1.178944e-02,0.000000e+00,0.000000e+00,219,1.688451e-04,0,0,0
2048,18,26900,1.088519e-03,5.507288e-03,1.929230e-02,0.000000e+00,0.000000e+00,192,8.833408e-05,0,0,0
2049,14,26914,9.565671e-04,5.314238e-03,1.000000e-02,0.000000e+00,0.000000e+00,207,1.355410e-04,0,0,0
2050,13,26927,8.351568e-04,5.388023e-03,1.308698e-02,0.000000e+00,0.000000e+00,203,8.482486e-06,0,0,0
2051,20,26947,9.658378e-04,5.207800e-03,1.000000e-02,0.000000e+00,0.000000e+00,219,1.580119e-04,0,0,0
2052,14,26961,7.905913e-04,5.297623e-03,1.230571e-02,0.000000e+00,0.000000e+00,204,1.334077e-20,0,0,0
2053,15,26976,1.066932e-03,5.152299e-03,1.026089e-02,0.000000e+00,0.000000e+00,232,7.119775e-05,0,0,0
2054,14,26990,9.081674e-04,5.149629e-03,1.024396e-02,0.000000e+00,0.000000e+00,226,2.149045e-04,0,0,0
2055,10,27000,1.297209e-03,4.958582e-03,9.527649e-03,0.000000e+00,0.000000e+00,221,5.422570e-04,0,0,0
2056,16,27016,9.293312e-04,5.204689e-03,1.443909e-02,0.000000e+00,0.000000e+00,200,5.237013e-05,0,0,0
2057,14,27030,8.927982e-04,5.102261e-03,1.000000e-02,0.000000e+00,0.000000e+00,226,1.812354e-04,0,0,0
2058,15,27045,1.114653e-03,5.178190e-03,1.075126e-02,0.000000e+00,0.000000e+00,209,9.115040e-05,0,0,0
2059,15,27060,9.011475e-04,5.003312e-03,1.000000e-02,0.000000e+00,0.000000e+00,213,2.121180e-05,0,0,0
2060,11,27071,1.076692e-03,5.175936e-03,1.084163e-02,0.000000e+00,0.000000e+00,193,2.249703e-04,0,0,0
2061,13,27084,1.089561e-03,5.234317e-03,1.000000e-02,0.000000e+00,0.000000e+00,216,2.299622e-05,0,0,0
2062,18,27102,6.099237e-04,5.466020e-03,1.317690e-02,0.000000e+00,0.000000e+00,200,1.349300e-04,0,0,0
2063,16,27118,8.354944e-04,5.301863e-03,1.197900e-02,0.000000e+00,0.000000e+00,225,1.902580e-04,0,0,0
HIST {'total_samples': 2266627, 'floor_samples': 0, 'floor_fraction': 0.0, 'saturation_depth': 0.0, 'boundaries': 2064, 'capped_boundaries': 0, 'unfinished_worlds': 0}
2064,18,27136,1.100560e-03,5.181964e-03,1.251823e-02,0.000000e+00,0.000000e+00,229,1.415610e-06,0,0,0
2065,12,27148,1.101040e-03,5.176899e-03,1.185062e-02,0.000000e+00,0.000000e+00,216,1.555458e-04,0,0,0
2066,11,27159,1.507193e-03,5.268275e-03,1.080403e-02,0.000000e+00,0.000000e+00,208,3.169030e-04,0,0,0
2067,12,27171,1.023856e-03,5.195292e-03,1.000000e-02,0.000000e+00,0.000000e+00,223,2.928376e-04,0,0,0
2068,11,27182,1.567074e-03,5.254363e-03,1.182916e-02,0.000000e+00,0.000000e+00,206,1.471490e-07,0,0,0
2069,11,27193,1.127311e-03,5.193271e-03,1.197900e-02,0.000000e+00,0.000000e+00,220,1.941323e-04,0,0,0
2070,11,27204,1.164751e-03,5.253153e-03,1.085242e-02,0.000000e+00,0.000000e+00,221,1.492910e-04,0,0,0
2071,11,27215,1.590768e-03,5.136586e-03,1.141712e-02,0.000000e+00,0.000000e+00,210,6.747749e-04,0,0,0
2072,13,27228,1.345985e-03,5.291607e-03,1.089000e-02,0.000000e+00,0.000000e+00,218,3.587380e-04,0,0,0
2073,12,27240,1.301850e-03,5.175450e-03,1.147072e-02,0.000000e+00,0.000000e+00,215,8.016825e-06,0,0,0
2074,11,27251,9.241590e-04,5.311577e-03,1.525400e-02,0.000000e+00,0.000000e+00,222,6.227195e-05,0,0,0
2075,12,27263,1.141826e-03,5.213562e-03,1.061086e-02,0.000000e+00,0.000000e+00,212,1.657009e-05,0,0,0
2076,12,27275,1.061000e-03,5.253204e-03,1.256494e-02,0.000000e+00,0.000000e+00,223,8.594245e-06,0,0,0
2077,13,27288,8.214868e-04,5.105080e-03,1.044451e-02,0.000000e+00,0.000000e+00,219,1.017749e-05,0,0,0
2078,10,27298,1.514789e-03,5.299325e-03,1.089000e-02,0.000000e+00,0.000000e+00,210,1.344010e-04,0,0,0
2079,11,27309,1.389382e-03,5.279791e-03,1.053931e-02,0.000000e+00,0.000000e+00,217,2.790205e-04,0,0,0
2080,13,27322,1.157033e-03,5.326143e-03,1.310524e-02,0.000000e+00,0.000000e+00,216,7.879175e-05,0,0,0
2081,13,27335,1.058622e-03,5.191412e-03,1.092820e-02,0.000000e+00,0.000000e+00,226,7.133931e-06,0,0,0
2082,20,27355,7.802912e-04,5.348166e-03,1.274343e-02,0.000000e+00,0.000000e+00,218,2.330914e-04,0,0,0
2083,11,27366,1.201647e-03,5.244552e-03,1.000000e-02,0.000000e+00,0.000000e+00,214,8.881092e-06,0,0,0
2084,12,27378,1.423101e-03,5.448716e-03,1.507229e-02,0.000000e+00,0.000000e+00,213,7.022172e-07,0,0,0
2085,12,27390,1.373612e-03,5.234820e-03,1.078626e-02,0.000000e+00,0.000000e+00,234,1.089908e-04,0,0,0
2086,10,27400,1.519514e-03,5.343871e-03,1.743169e-02,0.000000e+00,0.000000e+00,207,9.758743e-04,0,0,0
2087,12,27412,1.420767e-03,5.294792e-03,1.000000e-02,0.000000e+00,0.000000e+00,209,4.705787e-04,0,0,0
2088,11,27423,1.223338e-03,5.478261e-03,1.317690e-02,0.000000e+00,0.000000e+00,202,6.130338e-05,0,0,0
2089,12,27435,1.159798e-03,5.351441e-03,1.019963e-02,0.000000e+00,0.000000e+00,231,5.273358e-05,0,0,0
2090,12,27447,9.701939e-04,5.333717e-03,1.157724e-02,0.000000e+00,0.000000e+00,219,1.927316e-04,0,0,0
2091,11,27458,1.353821e-03,5.286690e-03,1.097900e-02,0.000000e+00,0.000000e+00,219,7.282356e-04,0,0,0
2092,11,27469,1.225895e-03,5.302059e-03,1.334074e-02,0.000000e+00,0.000000e+00,210,7.233815e-06,0,0,0
2093,13,27482,1.332370e-03,5.183408e-03,1.069608e-02,0.000000e+00,0.000000e+00,223,4.647672e-05,0,0,0
2094,13,27495,9.878469e-04,5.285481e-03,1.089000e-02,0.000000e+00,0.000000e+00,208,1.174510e-04,0,0,0
2095,19,27514,1.052978e-03,5.213338e-03,1.000000e-02,0.000000e+00,0.000000e+00,220,3.809929e-04,0,0,0
2096,11,27525,7.984267e-04,5.345388e-03,1.423648e-02,0.000000e+00,0.000000e+00,218,5.013123e-04,0,0,0
2097,14,27539,1.095753e-03,5.089621e-03,1.066967e-02,0.000000e+00,0.000000e+00,230,6.704023e-04,0,0,0
2098,13,27552,9.929020e-04,5.277300e-03,1.248821e-02,0.000000e+00,0.000000e+00,219,1.521707e-04,0,0,0
2099,11,27563,1.321197e-03,5.212880e-03,1.295299e-02,0.000000e+00,0.000000e+00,210,1.023710e-04,0,0,0
2100,13,27576,9.822276e-04,5.256950e-03,1.207704e-02,0.000000e+00,0.000000e+00,208,3.654510e-06,0,0,0
2101,12,27588,9.187034e-04,5.141858e-03,1.079212e-02,0.000000e+00,0.000000e+00,222,1.949593e-04,0,0,0
2102,11,27599,1.392665e-03,5.332951e-03,1.317690e-02,0.000000e+00,0.000000e+00,208,1.257733e-04,0,0,0
2103,12,27611,1.215044e-03,5.105375e-03,1.000000e-02,0.000000e+00,0.000000e+00,228,3.395975e-05,0,0,0
2104,12,27623,1.200390e-03,5.298447e-03,1.052359e-02,0.000000e+00,0.000000e+00,195,7.757917e-05,0,0,0
2105,15,27638,1.138825e-03,5.141199e-03,1.037662e-02,0.000000e+00,0.000000e+00,238,3.125668e-04,0,0,0
2106,11,27649,1.085782e-03,5.413948e-03,1.173167e-02,0.000000e+00,0.000000e+00,193,6.677806e-04,0,0,0
2107,12,27661,1.058712e-03,5.303130e-03,1.000000e-02,0.000000e+00,0.000000e+00,220,1.377538e-04,0,0,0
2108,13,27674,9.883679e-04,5.372861e-03,1.126826e-02,0.000000e+00,0.000000e+00,204,1.462419e-04,0,0,0
2109,10,27684,1.294457e-03,5.274570e-03,1.020369e-02,0.000000e+00,0.000000e+00,197,4.953146e-05,0,0,0
2110,13,27697,9.086712e-04,5.400656e-03,1.355931e-02,0.000000e+00,0.000000e+00,200,5.279668e-04,0,0,0
2111,13,27710,9.945722e-04,5.316833e-03,1.317690e-02,0.000000e+00,0.000000e+00,215,1.268759e-04,0,0,0
HIST {'total_samples': 2321796, 'floor_samples': 0, 'floor_fraction': 0.0, 'saturation_depth': 0.0, 'boundaries': 2112, 'capped_boundaries': 0, 'unfinished_worlds': 0}
2112,12,27722,1.147598e-03,5.319379e-03,1.577591e-02,0.000000e+00,0.000000e+00,210,1.084805e-05,0,0,0
2113,12,27734,1.083639e-03,5.214783e-03,1.108576e-02,0.000000e+00,0.000000e+00,214,5.034208e-04,0,0,0
2114,13,27747,1.316862e-03,5.215118e-03,1.298747e-02,0.000000e+00,0.000000e+00,232,1.122784e-04,0,0,0
2115,12,27759,1.237579e-03,5.182282e-03,1.136361e-02,0.000000e+00,0.000000e+00,216,1.056790e-04,0,0,0
2116,13,27772,6.756684e-04,5.190307e-03,1.138986e-02,0.000000e+00,0.000000e+00,213,4.529953e-06,0,0,0
2117,12,27784,1.035102e-03,5.185970e-03,1.197900e-02,0.000000e+00,0.000000e+00,220,7.276423e-05,0,0,0
2118,16,27800,9.554885e-04,5.204059e-03,1.116864e-02,0.000000e+00,0.000000e+00,213,4.069805e-04,0,0,0
2119,11,27811,1.236773e-03,5.088394e-03,1.000000e-02,0.000000e+00,0.000000e+00,227,6.575137e-06,0,0,0
2120,13,27824,1.103605e-03,5.208565e-03,1.104051e-02,0.000000e+00,0.000000e+00,209,8.620977e-04,0,0,0
2121,11,27835,7.426282e-04,5.139710e-03,1.049653e-02,0.000000e+00,0.000000e+00,221,1.156330e-05,0,0,0
2122,14,27849,1.075004e-03,5.257440e-03,1.222523e-02,0.000000e+00,0.000000e+00,231,6.829202e-04,0,0,0
2123,13,27862,1.298756e-03,5.140801e-03,1.000000e-02,0.000000e+00,0.000000e+00,227,3.032088e-04,0,0,0
2124,13,27875,8.789402e-04,5.278741e-03,1.276802e-02,0.000000e+00,0.000000e+00,202,1.713336e-04,0,0,0
2125,11,27886,1.258028e-03,5.061613e-03,1.072289e-02,0.000000e+00,0.000000e+00,237,2.008080e-04,0,0,0
2126,12,27898,8.773751e-04,5.297615e-03,1.287190e-02,0.000000e+00,0.000000e+00,201,1.192689e-04,0,0,0
2127,14,27912,9.717575e-04,5.230518e-03,1.014867e-02,0.000000e+00,0.000000e+00,218,3.243145e-05,0,0,0
2128,11,27923,1.165645e-03,5.298483e-03,1.207339e-02,0.000000e+00,0.000000e+00,208,7.454306e-06,0,0,0
2129,11,27934,1.101254e-03,5.262122e-03,1.000000e-02,0.000000e+00,0.000000e+00,205,2.110004e-05,0,0,0
2130,13,27947,1.206685e-03,5.229177e-03,1.163037e-02,0.000000e+00,0.000000e+00,219,4.904270e-04,0,0,0
2131,15,27962,1.025185e-03,5.104940e-03,1.073795e-02,0.000000e+00,0.000000e+00,221,1.195073e-05,0,0,0
2132,17,27979,7.087772e-04,5.163956e-03,1.089000e-02,0.000000e+00,0.000000e+00,227,1.341105e-05,0,0,0
2133,12,27991,1.248141e-03,5.181775e-03,1.000000e-02,0.000000e+00,0.000000e+00,226,1.370907e-05,0,0,0
2134,14,28005,1.027939e-03,5.318766e-03,1.197900e-02,0.000000e+00,0.000000e+00,219,5.353242e-05,0,0,0
2135,12,28017,8.519094e-04,5.283092e-03,1.000000e-02,0.000000e+00,0.000000e+00,217,3.767461e-04,0,0,0
2136,12,28029,1.125300e-03,5.309162e-03,1.359310e-02,0.000000e+00,0.000000e+00,225,7.557571e-04,0,0,0
2137,10,28039,1.331866e-03,5.270943e-03,1.000000e-02,0.000000e+00,0.000000e+00,221,5.460232e-04,0,0,0
2138,13,28052,1.005554e-03,5.365165e-03,1.000816e-02,0.000000e+00,0.000000e+00,219,9.471178e-05,0,0,0
2139,13,28065,1.241946e-03,5.450415e-03,1.085078e-02,0.000000e+00,0.000000e+00,206,3.218874e-04,0,0,0
2140,14,28079,1.162824e-03,5.469946e-03,1.133494e-02,0.000000e+00,0.000000e+00,205,3.500283e-05,0,0,0
2141,12,28091,1.633649e-03,5.323448e-03,1.000000e-02,0.000000e+00,0.000000e+00,215,7.954612e-05,0,0,0
2142,12,28103,1.021036e-03,5.396691e-03,1.401689e-02,0.000000e+00,0.000000e+00,213,5.526114e-04,0,0,0
2143,13,28116,1.564480e-03,5.268904e-03,1.000000e-02,0.000000e+00,0.000000e+00,233,4.506409e-04,0,0,0
2144,12,28128,8.583359e-04,5.371150e-03,1.197681e-02,0.000000e+00,0.000000e+00,219,8.843839e-05,0,0,0
2145,13,28141,1.064087e-03,5.221104e-03,1.000000e-02,0.000000e+00,0.000000e+00,211,5.692765e-04,0,0,0
2146,16,28157,1.194274e-03,5.450713e-03,1.359934e-02,0.000000e+00,0.000000e+00,212,4.470348e-07,0,0,0
2147,11,28168,1.365116e-03,5.375005e-03,1.091478e-02,0.000000e+00,0.000000e+00,217,9.407848e-05,0,0,0
2148,12,28180,1.105792e-03,5.552839e-03,1.265915e-02,0.000000e+00,0.000000e+00,210,1.262911e-04,0,0,0
2149,13,28193,1.428847e-03,5.325551e-03,1.061351e-02,0.000000e+00,0.000000e+00,233,2.175570e-06,0,0,0
2150,11,28204,1.509746e-03,5.419279e-03,1.462054e-02,0.000000e+00,0.000000e+00,196,1.259483e-04,0,0,0
2151,13,28217,1.252366e-03,5.390746e-03,1.167479e-02,0.000000e+00,0.000000e+00,219,1.949072e-05,0,0,0
2152,10,28227,7.872880e-04,5.338497e-03,1.164486e-02,0.000000e+00,0.000000e+00,232,3.750324e-04,0,0,0
2153,13,28240,1.521274e-03,5.253554e-03,1.117438e-02,0.000000e+00,0.000000e+00,224,1.788139e-07,0,0,0
2154,11,28251,1.372226e-03,5.271358e-03,1.304328e-02,0.000000e+00,0.000000e+00,206,3.053481e-05,0,0,0
2155,12,28263,1.243714e-03,5.189470e-03,1.000000e-02,0.000000e+00,0.000000e+00,221,4.010648e-05,0,0,0
2156,13,28276,1.336583e-03,5.328482e-03,1.177872e-02,0.000000e+00,0.000000e+00,208,6.884336e-06,0,0,0
2157,11,28287,1.117209e-03,5.209735e-03,1.152594e-02,0.000000e+00,0.000000e+00,218,9.313226e-09,0,0,0
2158,12,28299,1.063787e-03,5.363585e-03,1.089000e-02,0.000000e+00,0.000000e+00,194,5.203485e-05,0,0,0
2159,12,28311,1.331238e-03,5.190951e-03,1.043750e-02,0.000000e+00,0.000000e+00,211,1.192093e-05,0,0,0
HIST {'total_samples': 2377140, 'floor_samples': 0, 'floor_fraction': 0.0, 'saturation_depth': 0.0, 'boundaries': 2160, 'capped_boundaries': 0, 'unfinished_worlds': 0}
2160,15,28326,7.744315e-04,5.341419e-03,1.450132e-02,0.000000e+00,0.000000e+00,198,7.123128e-05,0,0,0
2161,17,28343,1.175673e-03,5.283895e-03,1.022854e-02,0.000000e+00,0.000000e+00,203,1.471490e-05,0,0,0
2162,13,28356,1.042662e-03,5.270074e-03,1.310537e-02,0.000000e+00,0.000000e+00,212,2.252758e-04,0,0,0
2163,18,28374,7.788130e-04,5.197143e-03,1.000000e-02,0.000000e+00,0.000000e+00,229,9.544939e-05,0,0,0
2164,17,28391,5.953348e-04,5.084747e-03,1.319895e-02,0.000000e+00,0.000000e+00,212,5.116463e-04,0,0,0
2165,11,28402,1.292420e-03,5.002462e-03,9.870866e-03,0.000000e+00,0.000000e+00,214,5.681515e-04,0,0,0
2166,14,28416,1.323031e-03,5.274716e-03,1.234274e-02,0.000000e+00,0.000000e+00,201,1.902655e-04,0,0,0
2167,16,28432,1.137545e-03,5.275181e-03,1.000000e-02,0.000000e+00,0.000000e+00,226,3.576279e-06,0,0,0
2168,11,28443,9.440375e-04,5.353188e-03,1.014532e-02,0.000000e+00,0.000000e+00,205,1.358986e-04,0,0,0
2169,11,28454,1.150641e-03,5.226271e-03,1.130045e-02,0.000000e+00,0.000000e+00,201,9.272713e-05,0,0,0
2170,12,28466,1.039224e-03,5.067409e-03,1.165628e-02,0.000000e+00,0.000000e+00,223,2.470613e-05,0,0,0
2171,13,28479,1.436162e-03,5.202437e-03,1.218953e-02,0.000000e+00,0.000000e+00,187,1.137555e-04,0,0,0
2172,10,28489,8.814369e-04,5.330919e-03,1.180776e-02,0.000000e+00,0.000000e+00,212,4.407670e-05,0,0,0
2173,10,28499,1.253418e-03,5.413170e-03,1.049714e-02,0.000000e+00,0.000000e+00,202,5.350150e-04,0,0,0
2174,10,28509,1.482602e-03,5.368600e-03,1.197900e-02,0.000000e+00,0.000000e+00,215,9.627640e-05,0,0,0
2175,13,28522,8.323880e-04,5.217372e-03,1.207618e-02,0.000000e+00,0.000000e+00,223,7.516146e-05,0,0,0
2176,14,28536,7.564070e-04,5.224592e-03,1.235118e-02,0.000000e+00,0.000000e+00,230,2.968218e-04,0,0,0
2177,13,28549,1.083069e-03,5.112537e-03,1.001408e-02,0.000000e+00,0.000000e+00,235,4.438497e-04,0,0,0
2178,14,28563,1.082727e-03,5.239809e-03,1.238532e-02,0.000000e+00,0.000000e+00,210,3.203750e-06,0,0,0
2179,11,28574,1.345288e-03,5.146672e-03,1.000000e-02,0.000000e+00,0.000000e+00,216,5.150139e-04,0,0,0
2180,15,28589,1.085881e-03,5.206836e-03,1.255225e-02,0.000000e+00,0.000000e+00,213,1.782179e-05,0,0,0
2181,10,28599,1.170663e-03,5.268055e-03,1.287504e-02,0.000000e+00,0.000000e+00,204,1.628399e-04,0,0,0
2182,12,28611,1.844492e-03,5.287505e-03,1.116153e-02,0.000000e+00,0.000000e+00,200,7.393211e-04,0,0,0
2183,15,28626,1.246590e-03,5.255184e-03,1.227768e-02,0.000000e+00,0.000000e+00,219,6.275475e-04,0,0,0
2184,13,28639,1.476097e-03,5.404804e-03,1.350545e-02,0.000000e+00,0.000000e+00,204,3.123283e-05,0,0,0
2185,11,28650,9.635063e-04,5.383894e-03,1.255011e-02,0.000000e+00,0.000000e+00,205,8.162856e-05,0,0,0
2186,12,28662,9.268803e-04,5.371862e-03,1.210968e-02,0.000000e+00,0.000000e+00,216,3.576279e-06,0,0,0
2187,10,28672,1.471530e-03,5.216833e-03,1.000000e-02,0.000000e+00,0.000000e+00,211,7.882714e-06,0,0,0
2188,13,28685,1.158366e-03,5.350353e-03,1.158392e-02,0.000000e+00,0.000000e+00,207,3.238618e-04,0,0,0
2189,13,28698,1.086337e-03,5.333631e-03,1.036510e-02,0.000000e+00,0.000000e+00,205,7.167459e-06,0,0,0
2190,14,28712,1.416515e-03,5.270619e-03,1.138566e-02,0.000000e+00,0.000000e+00,212,8.961968e-04,0,0,0
2191,14,28726,1.400723e-03,5.239620e-03,1.000000e-02,0.000000e+00,0.000000e+00,202,2.687424e-04,0,0,0
2192,12,28738,1.644315e-03,5.367563e-03,1.091848e-02,0.000000e+00,0.000000e+00,196,2.029538e-05,0,0,0
2193,11,28749,1.404606e-03,5.215427e-03,1.020457e-02,0.000000e+00,0.000000e+00,229,9.319186e-05,0,0,0
2194,14,28763,1.109726e-03,5.451408e-03,1.284265e-02,0.000000e+00,0.000000e+00,197,1.347810e-05,0,0,0
2195,10,28773,1.740546e-03,5.503856e-03,1.201019e-02,0.000000e+00,0.000000e+00,189,1.622587e-04,0,0,0
2196,13,28786,1.617909e-03,5.411202e-03,1.075558e-02,0.000000e+00,0.000000e+00,212,4.619360e-06,0,0,0
2197,12,28798,9.482314e-04,5.339405e-03,1.063634e-02,0.000000e+00,0.000000e+00,214,1.799762e-04,0,0,0
2198,14,28812,1.027769e-03,5.393872e-03,1.123231e-02,0.000000e+00,0.000000e+00,212,3.720820e-05,0,0,0
2199,12,28824,1.078255e-03,5.294034e-03,1.000000e-02,0.000000e+00,0.000000e+00,199,2.655089e-04,0,0,0
2200,12,28836,1.412053e-03,5.450825e-03,1.181478e-02,0.000000e+00,0.000000e+00,199,4.310161e-05,0,0,0
2201,14,28850,1.264284e-03,5.402623e-03,1.193779e-02,0.000000e+00,0.000000e+00,198,7.560849e-05,0,0,0
2202,12,28862,8.389524e-04,5.458723e-03,1.183377e-02,0.000000e+00,0.000000e+00,192,4.284382e-04,0,0,0
2203,14,28876,9.906940e-04,5.349294e-03,1.069815e-02,0.000000e+00,0.000000e+00,212,3.234968e-04,0,0,0
2204,11,28887,6.415509e-04,5.528410e-03,1.149121e-02,0.000000e+00,0.000000e+00,186,2.780929e-06,0,0,0
2205,10,28897,1.270071e-03,5.404030e-03,1.000000e-02,0.000000e+00,0.000000e+00,190,2.164915e-04,0,0,0
2206,11,28908,1.064198e-03,5.453598e-03,1.286402e-02,0.000000e+00,0.000000e+00,209,2.287328e-05,0,0,0
2207,14,28922,1.043599e-03,5.273693e-03,1.220352e-02,0.000000e+00,0.000000e+00,220,9.202212e-05,0,0,0
HIST {'total_samples': 2431301, 'floor_samples': 0, 'floor_fraction': 0.0, 'saturation_depth': 0.0, 'boundaries': 2208, 'capped_boundaries': 0, 'unfinished_worlds': 0}
2208,10,28932,1.718494e-03,5.512600e-03,1.520808e-02,0.000000e+00,0.000000e+00,173,6.398112e-04,0,0,0
2209,11,28943,1.378259e-03,5.373460e-03,1.000000e-02,0.000000e+00,0.000000e+00,206,2.638623e-05,0,0,0
2210,22,28965,8.888527e-04,5.499971e-03,1.448378e-02,0.000000e+00,0.000000e+00,216,1.682118e-04,0,0,0
2211,12,28977,1.152268e-03,5.325587e-03,1.197900e-02,0.000000e+00,0.000000e+00,217,1.331419e-05,0,0,0
2212,15,28992,9.910627e-04,5.433463e-03,1.033954e-02,0.000000e+00,0.000000e+00,189,1.856461e-04,0,0,0
2213,10,29002,1.331824e-03,5.333818e-03,1.002912e-02,0.000000e+00,0.000000e+00,208,3.661849e-04,0,0,0
2214,14,29016,1.052034e-03,5.512046e-03,1.331243e-02,0.000000e+00,0.000000e+00,185,1.186132e-04,0,0,0
2215,15,29031,9.761205e-04,5.297161e-03,1.048627e-02,0.000000e+00,0.000000e+00,217,3.027469e-04,0,0,0
2216,16,29047,1.082416e-03,5.372467e-03,1.150411e-02,0.000000e+00,0.000000e+00,207,6.139278e-06,0,0,0
2217,10,29057,1.319015e-03,5.276513e-03,1.037397e-02,0.000000e+00,0.000000e+00,197,2.159178e-04,0,0,0
2218,10,29067,1.139525e-03,5.328107e-03,1.174913e-02,0.000000e+00,0.000000e+00,216,6.307475e-04,0,0,0
2219,11,29078,1.328219e-03,5.132616e-03,1.000000e-02,0.000000e+00,0.000000e+00,215,1.192391e-04,0,0,0
2220,11,29089,1.349035e-03,5.414169e-03,1.116623e-02,0.000000e+00,0.000000e+00,177,5.441904e-05,0,0,0
2221,13,29102,1.506158e-03,5.348552e-03,1.138088e-02,0.000000e+00,0.000000e+00,199,5.516857e-04,0,0,0
2222,10,29112,9.852325e-04,5.508208e-03,1.387613e-02,0.000000e+00,0.000000e+00,200,1.273293e-11,0,0,0
2223,13,29125,1.031657e-03,5.333377e-03,1.110515e-02,0.000000e+00,0.000000e+00,205,7.312000e-05,0,0,0
2224,14,29139,9.945009e-04,5.281976e-03,1.194453e-02,0.000000e+00,0.000000e+00,216,4.020333e-05,0,0,0
2225,14,29153,8.908955e-04,5.102854e-03,1.078181e-02,0.000000e+00,0.000000e+00,216,1.491010e-04,0,0,0
2226,17,29170,7.940340e-04,5.432576e-03,1.341907e-02,0.000000e+00,0.000000e+00,183,3.566742e-04,0,0,0
2227,20,29190,8.437957e-04,5.242788e-03,1.000000e-02,0.000000e+00,0.000000e+00,204,5.307794e-05,0,0,0
2228,16,29206,6.435579e-04,5.381378e-03,1.194738e-02,0.000000e+00,0.000000e+00,202,4.739538e-04,0,0,0
2229,13,29219,9.673358e-04,5.399368e-03,1.000000e-02,0.000000e+00,0.000000e+00,200,2.092123e-05,0,0,0
2230,14,29233,8.701764e-04,5.461452e-03,1.185771e-02,0.000000e+00,0.000000e+00,204,1.549721e-06,0,0,0
2231,12,29245,1.034782e-03,5.399555e-03,1.153821e-02,0.000000e+00,0.000000e+00,217,4.754215e-04,0,0,0
2232,16,29261,8.154670e-04,5.519247e-03,1.366171e-02,0.000000e+00,0.000000e+00,186,7.271767e-06,0,0,0
2233,12,29273,8.887441e-04,5.416405e-03,1.279029e-02,0.000000e+00,0.000000e+00,206,4.231930e-05,0,0,0
2234,13,29286,1.047906e-03,5.584242e-03,1.586090e-02,0.000000e+00,0.000000e+00,188,4.776716e-04,0,0,0
2235,14,29300,8.825929e-04,5.372096e-03,1.000000e-02,0.000000e+00,0.000000e+00,214,6.776378e-04,0,0,0
2236,16,29316,1.091972e-03,5.551813e-03,1.309351e-02,0.000000e+00,0.000000e+00,194,7.435679e-06,0,0,0
2237,21,29337,6.115863e-04,5.272240e-03,1.000000e-02,0.000000e+00,0.000000e+00,237,1.394749e-05,0,0,0
2238,11,29348,1.590135e-03,5.596190e-03,1.317690e-02,0.000000e+00,0.000000e+00,185,2.151728e-05,0,0,0
2239,11,29359,1.080620e-03,5.431380e-03,1.000000e-02,0.000000e+00,0.000000e+00,208,1.320243e-05,0,0,0
2240,13,29372,8.954745e-04,5.413034e-03,1.304971e-02,0.000000e+00,0.000000e+00,213,1.156367e-04,0,0,0
2241,12,29384,1.343163e-03,5.300230e-03,1.150699e-02,0.000000e+00,0.000000e+00,219,7.436424e-05,0,0,0
2242,14,29398,9.194654e-04,5.425271e-03,1.313636e-02,0.000000e+00,0.000000e+00,215,1.024185e-04,0,0,0
2243,11,29409,1.262138e-03,5.321370e-03,1.074438e-02,0.000000e+00,0.000000e+00,202,1.643002e-04,0,0,0
2244,12,29421,1.121188e-03,5.328833e-03,1.356897e-02,0.000000e+00,0.000000e+00,203,4.656166e-04,0,0,0
2245,11,29432,1.206529e-03,5.277889e-03,1.266550e-02,0.000000e+00,0.000000e+00,236,1.907684e-04,0,0,0
2246,12,29444,1.157166e-03,5.243781e-03,1.317690e-02,0.000000e+00,0.000000e+00,206,1.344085e-05,0,0,0
2247,13,29457,1.113245e-03,5.237489e-03,1.000000e-02,0.000000e+00,0.000000e+00,214,6.798282e-05,0,0,0
2248,12,29469,9.782120e-04,5.372679e-03,1.164231e-02,0.000000e+00,0.000000e+00,212,2.828985e-05,0,0,0
2249,13,29482,1.090593e-03,5.330986e-03,1.000000e-02,0.000000e+00,0.000000e+00,216,1.549721e-06,0,0,0
2250,12,29494,1.232910e-03,5.400734e-03,1.298777e-02,0.000000e+00,0.000000e+00,207,4.924089e-05,0,0,0
2251,15,29509,7.524510e-04,5.308068e-03,1.376567e-02,0.000000e+00,0.000000e+00,216,5.280226e-05,0,0,0
2252,14,29523,1.302420e-03,5.210633e-03,1.133066e-02,0.000000e+00,0.000000e+00,216,7.700920e-05,0,0,0
2253,14,29537,1.178693e-03,5.132500e-03,1.147753e-02,0.000000e+00,0.000000e+00,213,1.298916e-05,0,0,0
2254,13,29550,9.780533e-04,5.240828e-03,1.088441e-02,0.000000e+00,0.000000e+00,193,2.562106e-04,0,0,0
2255,11,29561,9.999196e-04,5.236425e-03,1.000000e-02,0.000000e+00,0.000000e+00,214,1.591071e-04,0,0,0
HIST {'total_samples': 2485158, 'floor_samples': 0, 'floor_fraction': 0.0, 'saturation_depth': 0.0, 'boundaries': 2256, 'capped_boundaries': 0, 'unfinished_worlds': 0}
2256,13,29574,1.321380e-03,5.319098e-03,1.228986e-02,0.000000e+00,0.000000e+00,200,4.755110e-04,0,0,0
2257,10,29584,1.228742e-03,5.303906e-03,1.042276e-02,0.000000e+00,0.000000e+00,201,1.254380e-04,0,0,0
2258,10,29594,1.291447e-03,5.297299e-03,1.098923e-02,0.000000e+00,0.000000e+00,206,2.158806e-06,0,0,0
2259,14,29608,8.855416e-04,5.278975e-03,1.000000e-02,0.000000e+00,0.000000e+00,216,3.294349e-04,0,0,0
2260,13,29621,1.039620e-03,5.223305e-03,1.215361e-02,0.000000e+00,0.000000e+00,224,7.653441e-04,0,0,0
2261,13,29634,1.055518e-03,5.198817e-03,1.000000e-02,0.000000e+00,0.000000e+00,211,4.676683e-05,0,0,0
2262,11,29645,1.207999e-03,5.194936e-03,1.319605e-02,0.000000e+00,0.000000e+00,219,3.193915e-04,0,0,0
2263,12,29657,1.298308e-03,5.109787e-03,1.000000e-02,0.000000e+00,0.000000e+00,221,7.358193e-05,0,0,0
2264,14,29671,8.628669e-04,5.161556e-03,1.134420e-02,0.000000e+00,0.000000e+00,214,7.367134e-05,0,0,0
2265,11,29682,1.296544e-03,5.083727e-03,1.000000e-02,0.000000e+00,0.000000e+00,224,3.156066e-05,0,0,0
2266,11,29693,1.111378e-03,5.197058e-03,1.317690e-02,0.000000e+00,0.000000e+00,193,1.777858e-04,0,0,0
2267,15,29708,9.669648e-04,5.216692e-03,1.000000e-02,0.000000e+00,0.000000e+00,213,2.577305e-04,0,0,0
2268,13,29721,1.378198e-03,5.350961e-03,1.261933e-02,0.000000e+00,0.000000e+00,203,2.229214e-05,0,0,0
2269,14,29735,9.221972e-04,5.151955e-03,1.000000e-02,0.000000e+00,0.000000e+00,230,1.649559e-05,0,0,0
2270,12,29747,9.740363e-04,5.227816e-03,1.084356e-02,0.000000e+00,0.000000e+00,216,4.781783e-05,0,0,0
2271,15,29762,1.632212e-03,5.262990e-03,1.000000e-02,0.000000e+00,0.000000e+00,192,6.221235e-05,0,0,0
2272,12,29774,1.289012e-03,5.293310e-03,1.847596e-02,0.000000e+00,0.000000e+00,220,4.080363e-05,0,0,0
2273,14,29788,1.602671e-03,5.271191e-03,1.007020e-02,0.000000e+00,0.000000e+00,222,1.576962e-05,0,0,0
2274,12,29800,1.045148e-03,5.430213e-03,1.112902e-02,0.000000e+00,0.000000e+00,199,1.281137e-20,0,0,0
2275,12,29812,1.346051e-03,5.298964e-03,1.514334e-02,0.000000e+00,0.000000e+00,219,1.683086e-04,0,0,0
2276,13,29825,1.480875e-03,5.376405e-03,1.097344e-02,0.000000e+00,0.000000e+00,207,1.013279e-06,0,0,0
2277,13,29838,1.187737e-03,5.250398e-03,1.059038e-02,0.000000e+00,0.000000e+00,219,6.756186e-05,0,0,0
2278,15,29853,1.140888e-03,5.274324e-03,1.208227e-02,0.000000e+00,0.000000e+00,209,1.243651e-04,0,0,0
2279,11,29864,1.168154e-03,5.168742e-03,1.103069e-02,0.000000e+00,0.000000e+00,230,6.355345e-06,0,0,0
2280,16,29880,1.015776e-03,5.165997e-03,1.142155e-02,0.000000e+00,0.000000e+00,210,2.980232e-07,0,0,0
2281,17,29897,1.023579e-03,5.089490e-03,1.000000e-02,0.000000e+00,0.000000e+00,225,4.220754e-06,0,0,0
2282,14,29911,1.259795e-03,5.284178e-03,1.182432e-02,0.000000e+00,0.000000e+00,209,9.814370e-05,0,0,0
2283,11,29922,1.265703e-03,5.195110e-03,1.000000e-02,0.000000e+00,0.000000e+00,206,4.691631e-05,0,0,0
2284,18,29940,9.036516e-04,5.124030e-03,1.246102e-02,0.000000e+00,0.000000e+00,218,7.773191e-05,0,0,0
2285,12,29952,1.325631e-03,5.035231e-03,1.000000e-02,0.000000e+00,0.000000e+00,227,2.398491e-04,0,0,0
2286,13,29965,1.222264e-03,5.221082e-03,1.145306e-02,0.000000e+00,0.000000e+00,208,5.519018e-04,0,0,0
2287,13,29978,1.488349e-03,5.063347e-03,1.186544e-02,0.000000e+00,0.000000e+00,207,2.980232e-08,0,0,0
2288,13,29991,1.144746e-03,5.164316e-03,1.120391e-02,0.000000e+00,0.000000e+00,214,2.682209e-06,0,0,0
2289,15,30006,9.859531e-04,5.146918e-03,1.000000e-02,0.000000e+00,0.000000e+00,230,4.023314e-06,0,0,0
2290,12,30018,9.817121e-04,5.264985e-03,1.151466e-02,0.000000e+00,0.000000e+00,223,1.847744e-06,0,0,0
2291,11,30029,8.970579e-04,5.159260e-03,1.000000e-02,0.000000e+00,0.000000e+00,213,4.984438e-05,0,0,0
2292,10,30039,1.451859e-03,5.286197e-03,1.280660e-02,0.000000e+00,0.000000e+00,188,4.163757e-04,0,0,0
2293,11,30050,9.214102e-04,5.268608e-03,1.000000e-02,0.000000e+00,0.000000e+00,218,1.086593e-04,0,0,0
2294,11,30061,1.651285e-03,5.321269e-03,1.089000e-02,0.000000e+00,0.000000e+00,201,7.033125e-04,0,0,0
2295,14,30075,9.404985e-04,5.221238e-03,1.000000e-02,0.000000e+00,0.000000e+00,223,1.013279e-06,0,0,0
2296,13,30088,1.078885e-03,5.208199e-03,1.137124e-02,0.000000e+00,0.000000e+00,219,3.746152e-05,0,0,0
2297,12,30100,1.272125e-03,4.994989e-03,1.089000e-02,0.000000e+00,0.000000e+00,225,2.736598e-05,0,0,0
2298,10,30110,1.425044e-03,5.185162e-03,1.025282e-02,0.000000e+00,0.000000e+00,195,1.085550e-05,0,0,0
2299,11,30121,1.150165e-03,5.170475e-03,1.212441e-02,0.000000e+00,0.000000e+00,207,5.904213e-05,0,0,0
2300,13,30134,1.090507e-03,5.229181e-03,1.178029e-02,0.000000e+00,0.000000e+00,220,1.266599e-06,0,0,0
2301,11,30145,1.453797e-03,5.072824e-03,1.000000e-02,0.000000e+00,0.000000e+00,228,9.889156e-05,0,0,0
2302,15,30160,1.235379e-03,5.151125e-03,1.075189e-02,0.000000e+00,0.000000e+00,204,1.256671e-04,0,0,0
2303,14,30174,1.299108e-03,5.011998e-03,1.028742e-02,0.000000e+00,0.000000e+00,227,1.023337e-05,0,0,0
HIST {'total_samples': 2540319, 'floor_samples': 0, 'floor_fraction': 0.0, 'saturation_depth': 0.0, 'boundaries': 2304, 'capped_boundaries': 0, 'unfinished_worlds': 0}
2304,11,30185,1.377170e-03,5.162260e-03,1.131775e-02,0.000000e+00,0.000000e+00,212,4.909933e-06,0,0,0
2305,10,30195,1.173072e-03,5.106159e-03,1.000000e-02,0.000000e+00,0.000000e+00,220,3.272258e-04,0,0,0
2306,13,30208,1.233345e-03,5.235073e-03,1.470800e-02,0.000000e+00,0.000000e+00,192,2.955645e-05,0,0,0
2307,12,30220,1.584551e-03,5.076644e-03,1.000000e-02,0.000000e+00,0.000000e+00,225,2.469122e-05,0,0,0
2308,13,30233,1.458816e-03,5.318052e-03,1.317690e-02,0.000000e+00,0.000000e+00,205,2.985671e-04,0,0,0
2309,14,30247,1.020660e-03,5.223688e-03,1.427193e-02,0.000000e+00,0.000000e+00,214,3.744848e-04,0,0,0
2310,12,30259,1.207580e-03,5.325085e-03,1.129002e-02,0.000000e+00,0.000000e+00,200,1.315624e-04,0,0,0
2311,14,30273,9.862487e-04,5.085413e-03,1.000000e-02,0.000000e+00,0.000000e+00,226,5.160272e-05,0,0,0
2312,13,30286,9.216470e-04,5.190371e-03,1.761229e-02,0.000000e+00,0.000000e+00,203,5.194750e-04,0,0,0
2313,12,30298,9.397957e-04,5.140277e-03,1.169157e-02,0.000000e+00,0.000000e+00,213,3.911853e-04,0,0,0
2314,12,30310,1.161394e-03,5.276103e-03,1.218420e-02,0.000000e+00,0.000000e+00,193,2.802014e-04,0,0,0
2315,12,30322,7.807351e-04,5.176703e-03,1.000000e-02,0.000000e+00,0.000000e+00,201,6.690621e-06,0,0,0
2316,15,30337,8.385439e-04,5.327818e-03,1.089000e-02,0.000000e+00,0.000000e+00,203,7.927418e-06,0,0,0
2317,12,30349,1.069959e-03,5.358275e-03,1.000000e-02,0.000000e+00,0.000000e+00,201,3.807694e-04,0,0,0
2318,10,30359,1.239898e-03,5.339427e-03,1.197900e-02,0.000000e+00,0.000000e+00,214,2.728626e-04,0,0,0
2319,11,30370,1.480217e-03,5.280930e-03,1.000000e-02,0.000000e+00,0.000000e+00,218,1.043081e-04,0,0,0
2320,11,30381,1.272008e-03,5.192062e-03,1.319293e-02,0.000000e+00,0.000000e+00,223,5.233288e-05,0,0,0
2321,14,30395,1.006500e-03,5.066827e-03,1.000000e-02,0.000000e+00,0.000000e+00,213,9.442493e-05,0,0,0
2322,11,30406,1.624754e-03,5.171253e-03,1.179760e-02,0.000000e+00,0.000000e+00,205,9.050965e-05,0,0,0
2323,13,30419,1.266318e-03,5.349469e-03,1.446816e-02,0.000000e+00,0.000000e+00,207,2.217293e-05,0,0,0
2324,11,30430,1.375850e-03,5.382371e-03,1.187929e-02,0.000000e+00,0.000000e+00,206,3.546476e-06,0,0,0
2325,12,30442,1.546694e-03,5.383140e-03,1.203090e-02,0.000000e+00,0.000000e+00,209,9.930879e-05,0,0,0
2326,12,30454,1.207327e-03,5.347534e-03,1.128964e-02,0.000000e+00,0.000000e+00,211,1.851320e-04,0,0,0
2327,11,30465,9.220376e-04,5.363779e-03,1.061880e-02,0.000000e+00,0.000000e+00,198,5.245470e-04,0,0,0
2328,15,30480,1.029521e-03,5.263006e-03,1.089000e-02,0.000000e+00,0.000000e+00,209,4.813783e-04,0,0,0
2329,14,30494,1.019439e-03,5.247513e-03,1.143531e-02,0.000000e+00,0.000000e+00,204,1.013651e-05,0,0,0
2330,14,30508,1.345964e-03,5.271580e-03,1.115826e-02,0.000000e+00,0.000000e+00,204,2.093613e-06,0,0,0
2331,14,30522,1.130810e-03,5.069623e-03,1.030005e-02,0.000000e+00,0.000000e+00,234,3.990978e-04,0,0,0
2332,15,30537,5.646095e-04,5.312211e-03,1.305790e-02,0.000000e+00,0.000000e+00,203,2.022907e-04,0,0,0
2333,14,30551,1.031230e-03,5.170649e-03,1.000000e-02,0.000000e+00,0.000000e+00,216,3.278255e-07,0,0,0
2334,11,30562,1.525069e-03,5.261584e-03,1.238294e-02,0.000000e+00,0.000000e+00,197,1.385063e-05,0,0,0
2335,11,30573,1.237052e-03,5.254247e-03,1.016623e-02,0.000000e+00,0.000000e+00,191,2.891272e-04,0,0,0
2336,18,30591,9.096889e-04,5.230827e-03,1.180837e-02,0.000000e+00,0.000000e+00,222,1.257285e-06,0,0,0
2337,16,30607,1.170656e-03,5.209683e-03,1.192130e-02,0.000000e+00,0.000000e+00,203,2.579391e-05,0,0,0
2338,15,30622,1.444792e-03,5.400214e-03,1.089000e-02,0.000000e+00,0.000000e+00,213,1.375377e-05,0,0,0
2339,12,30634,1.143615e-03,5.244398e-03,1.000000e-02,0.000000e+00,0.000000e+00,218,2.646074e-04,0,0,0
2340,13,30647,1.454724e-03,5.349004e-03,1.111908e-02,0.000000e+00,0.000000e+00,202,1.217201e-04,0,0,0
2341,13,30660,1.331065e-03,5.365482e-03,1.018525e-02,0.000000e+00,0.000000e+00,216,3.415346e-05,0,0,0
2342,16,30676,1.013361e-03,5.440344e-03,1.285927e-02,0.000000e+00,0.000000e+00,204,2.022535e-04,0,0,0
2343,11,30687,1.330120e-03,5.312732e-03,1.268798e-02,0.000000e+00,0.000000e+00,215,5.638599e-05,0,0,0
2344,14,30701,9.820675e-04,5.420831e-03,1.096721e-02,0.000000e+00,0.000000e+00,201,4.537106e-04,0,0,0
2345,13,30714,1.247853e-03,5.415309e-03,1.018737e-02,0.000000e+00,0.000000e+00,188,1.492631e-04,0,0,0
2346,12,30726,9.871197e-04,5.355880e-03,1.254574e-02,0.000000e+00,0.000000e+00,206,2.264977e-06,0,0,0
2347,15,30741,9.035358e-04,5.101361e-03,1.037023e-02,0.000000e+00,0.000000e+00,228,3.163703e-06,0,0,0
2348,12,30753,1.129800e-03,5.204842e-03,1.327473e-02,0.000000e+00,0.000000e+00,209,1.322627e-04,0,0,0
2349,13,30766,1.122774e-03,5.134440e-03,1.089000e-02,0.000000e+00,0.000000e+00,206,1.072884e-06,0,0,0
2350,12,30778,1.722801e-03,5.307608e-03,1.317690e-02,0.000000e+00,0.000000e+00,188,9.523868e-05,0,0,0
2351,13,30791,1.495545e-03,5.211925e-03,1.119942e-02,0.000000e+00,0.000000e+00,217,1.895428e-05,0,0,0
HIST {'total_samples': 2594503, 'floor_samples': 0, 'floor_fraction': 0.0, 'saturation_depth': 0.0, 'boundaries': 2352, 'capped_boundaries': 0, 'unfinished_worlds': 0}
2352,21,30812,7.765959e-04,5.358676e-03,1.147747e-02,0.000000e+00,0.000000e+00,200,3.460050e-04,0,0,0
2353,17,30829,8.808100e-04,5.265624e-03,1.000000e-02,0.000000e+00,0.000000e+00,212,1.059771e-04,0,0,0
2354,15,30844,1.075178e-03,5.372628e-03,1.366329e-02,0.000000e+00,0.000000e+00,207,9.059906e-06,0,0,0
2355,10,30854,1.722834e-03,5.372686e-03,1.000000e-02,0.000000e+00,0.000000e+00,201,2.656132e-05,0,0,0
2356,17,30871,9.788324e-04,5.568822e-03,1.317690e-02,0.000000e+00,0.000000e+00,186,2.523586e-04,0,0,0
2357,14,30885,9.028057e-04,5.345891e-03,1.000000e-02,0.000000e+00,0.000000e+00,225,1.900345e-04,0,0,0
2358,10,30895,1.244167e-03,5.418848e-03,1.099352e-02,0.000000e+00,0.000000e+00,195,2.492657e-04,0,0,0
2359,12,30907,1.122005e-03,5.226961e-03,1.197900e-02,0.000000e+00,0.000000e+00,223,5.034506e-04,0,0,0
2360,16,30923,1.207906e-03,5.420910e-03,1.242817e-02,0.000000e+00,0.000000e+00,207,1.791120e-05,0,0,0
2361,12,30935,1.591646e-03,5.295039e-03,1.000000e-02,0.000000e+00,0.000000e+00,216,2.563000e-06,0,0,0
2362,17,30952,6.385965e-04,5.286261e-03,1.052704e-02,0.000000e+00,0.000000e+00,203,2.761930e-05,0,0,0
2363,14,30966,1.178598e-03,5.251624e-03,1.000000e-02,0.000000e+00,0.000000e+00,207,2.610683e-05,0,0,0
2364,13,30979,1.165291e-03,5.309409e-03,1.125890e-02,0.000000e+00,0.000000e+00,204,7.570442e-05,0,0,0
2365,13,30992,1.139851e-03,5.206547e-03,1.000000e-02,0.000000e+00,0.000000e+00,202,9.185076e-05,0,0,0
2366,13,31005,1.040274e-03,5.262405e-03,1.229688e-02,0.000000e+00,0.000000e+00,214,7.244237e-04,0,0,0
2367,10,31015,1.186427e-03,5.136088e-03,1.206121e-02,0.000000e+00,0.000000e+00,222,2.402812e-04,0,0,0
2368,9,31024,1.719678e-03,5.316532e-03,1.089000e-02,0.000000e+00,0.000000e+00,187,1.212209e-04,0,0,0
2369,14,31038,9.229556e-04,5.283033e-03,1.000000e-02,0.000000e+00,0.000000e+00,210,8.152425e-05,0,0,0
2370,13,31051,1.395531e-03,5.296696e-03,1.159254e-02,0.000000e+00,0.000000e+00,217,3.682729e-05,0,0,0
2371,12,31063,1.115548e-03,5.108177e-03,1.118857e-02,0.000000e+00,0.000000e+00,218,1.825318e-04,0,0,0
2372,14,31077,1.168685e-03,5.246459e-03,1.425679e-02,0.000000e+00,0.000000e+00,197,7.327646e-06,0,0,0
2373,15,31092,8.612019e-04,5.109463e-03,1.000000e-02,0.000000e+00,0.000000e+00,220,3.173947e-05,0,0,0
2374,12,31104,1.196994e-03,5.027976e-03,1.113186e-02,0.000000e+00,0.000000e+00,233,3.062310e-04,0,0,0
2375,14,31118,1.050049e-03,4.963123e-03,1.068249e-02,0.000000e+00,0.000000e+00,220,1.328439e-05,0,0,0
2376,15,31133,9.506093e-04,5.075676e-03,1.075806e-02,0.000000e+00,0.000000e+00,209,2.415641e-05,0,0,0
2377,12,31145,1.192757e-03,5.142618e-03,9.964516e-03,0.000000e+00,0.000000e+00,194,1.247525e-04,0,0,0
2378,16,31161,1.014590e-03,5.018103e-03,1.082183e-02,0.000000e+00,0.000000e+00,239,3.238395e-05,0,0,0
2379,12,31173,9.815850e-04,5.032924e-03,1.158815e-02,0.000000e+00,0.000000e+00,219,3.303587e-05,0,0,0
2380,14,31187,1.150885e-03,5.055248e-03,1.165522e-02,0.000000e+00,0.000000e+00,209,1.978800e-04,0,0,0
2381,15,31202,9.511388e-04,4.915906e-03,9.566932e-03,0.000000e+00,0.000000e+00,234,2.840161e-05,0,0,0
2382,11,31213,9.049887e-04,5.230811e-03,1.100673e-02,0.000000e+00,0.000000e+00,192,9.481236e-05,0,0,0
2383,10,31223,1.473273e-03,5.187601e-03,1.000000e-02,0.000000e+00,0.000000e+00,213,2.917796e-04,0,0,0
2384,15,31238,1.047624e-03,5.387757e-03,1.097501e-02,0.000000e+00,0.000000e+00,189,2.720878e-04,0,0,0
2385,14,31252,1.157781e-03,5.106629e-03,1.135912e-02,0.000000e+00,0.000000e+00,236,5.587679e-05,0,0,0
2386,12,31264,1.459022e-03,5.216709e-03,1.050833e-02,0.000000e+00,0.000000e+00,190,1.311302e-05,0,0,0
2387,12,31276,1.035366e-03,5.161417e-03,1.144139e-02,0.000000e+00,0.000000e+00,212,1.699030e-04,0,0,0
2388,13,31289,1.008953e-03,5.133462e-03,1.139256e-02,0.000000e+00,0.000000e+00,216,5.934387e-05,0,0,0
2389,12,31301,1.004141e-03,5.178099e-03,1.000000e-02,0.000000e+00,0.000000e+00,194,1.106411e-05,0,0,0
2390,14,31315,1.080114e-03,5.141752e-03,1.018327e-02,0.000000e+00,0.000000e+00,195,1.326203e-06,0,0,0
2391,11,31326,1.354441e-03,5.184643e-03,1.118404e-02,0.000000e+00,0.000000e+00,210,1.238585e-04,0,0,0
2392,11,31337,1.208656e-03,5.242446e-03,1.089000e-02,0.000000e+00,0.000000e+00,187,1.681931e-04,0,0,0
2393,11,31348,8.858679e-04,5.134474e-03,1.114574e-02,0.000000e+00,0.000000e+00,213,3.284216e-05,0,0,0
2394,16,31364,7.203806e-04,5.182650e-03,1.300805e-02,0.000000e+00,0.000000e+00,209,2.345443e-05,0,0,0
2395,11,31375,9.362667e-04,5.214022e-03,1.118942e-02,0.000000e+00,0.000000e+00,192,2.106726e-04,0,0,0
2396,12,31387,1.267824e-03,5.225865e-03,1.298116e-02,0.000000e+00,0.000000e+00,216,8.195639e-06,0,0,0
2397,13,31400,9.836330e-04,5.168839e-03,1.000000e-02,0.000000e+00,0.000000e+00,224,1.035631e-06,0,0,0
2398,14,31414,1.137980e-03,5.176277e-03,1.089000e-02,0.000000e+00,0.000000e+00,217,7.343031e-04,0,0,0
2399,12,31426,1.197103e-03,5.157788e-03,1.040065e-02,0.000000e+00,0.000000e+00,203,3.508441e-04,0,0,0
HIST {'total_samples': 2648546, 'floor_samples': 0, 'floor_fraction': 0.0, 'saturation_depth': 0.0, 'boundaries': 2400, 'capped_boundaries': 0, 'unfinished_worlds': 0}
2400,11,31437,1.106699e-03,5.260387e-03,1.222299e-02,0.000000e+00,0.000000e+00,203,6.172061e-05,0,0,0
2401,11,31448,1.287062e-03,5.251313e-03,1.000000e-02,0.000000e+00,0.000000e+00,207,3.831424e-04,0,0,0
2402,12,31460,9.630153e-04,5.362347e-03,1.261626e-02,0.000000e+00,0.000000e+00,211,5.540065e-05,0,0,0
2403,15,31475,1.162433e-03,5.105597e-03,1.000000e-02,0.000000e+00,0.000000e+00,212,4.120171e-06,0,0,0
2404,15,31490,1.152870e-03,5.242463e-03,1.386609e-02,0.000000e+00,0.000000e+00,186,2.492666e-04,0,0,0
2405,10,31500,1.260662e-03,5.084016e-03,1.000000e-02,0.000000e+00,0.000000e+00,212,7.696152e-04,0,0,0
2406,12,31512,1.052725e-03,5.148140e-03,1.395056e-02,0.000000e+00,0.000000e+00,222,6.091595e-04,0,0,0
2407,12,31524,1.010586e-03,5.065209e-03,1.000000e-02,0.000000e+00,0.000000e+00,212,3.879890e-06,0,0,0
2408,15,31539,1.085027e-03,5.122158e-03,1.246302e-02,0.000000e+00,0.000000e+00,215,4.961472e-04,0,0,0
2409,14,31553,1.020412e-03,5.015730e-03,1.049097e-02,0.000000e+00,0.000000e+00,194,3.825873e-06,0,0,0
2410,12,31565,1.237191e-03,5.197946e-03,1.089000e-02,0.000000e+00,0.000000e+00,192,2.235174e-08,0,0,0
2411,12,31577,1.131856e-03,5.245906e-03,1.000000e-02,0.000000e+00,0.000000e+00,201,1.877896e-04,0,0,0
2412,13,31590,1.071511e-03,5.471011e-03,1.062981e-02,0.000000e+00,0.000000e+00,191,7.569790e-06,0,0,0
2413,14,31604,1.040851e-03,5.413754e-03,1.000000e-02,0.000000e+00,0.000000e+00,211,2.729855e-04,0,0,0
2414,15,31619,1.102740e-03,5.434444e-03,1.473979e-02,0.000000e+00,0.000000e+00,222,1.239777e-05,0,0,0
2415,15,31634,8.851324e-04,5.396876e-03,1.191472e-02,0.000000e+00,0.000000e+00,209,4.775971e-04,0,0,0
2416,19,31653,8.706903e-04,5.488832e-03,1.237628e-02,0.000000e+00,0.000000e+00,214,3.139675e-05,0,0,0
2417,18,31671,1.159403e-03,5.275379e-03,1.000000e-02,0.000000e+00,0.000000e+00,224,9.581447e-05,0,0,0
2418,11,31682,1.498650e-03,5.402327e-03,1.096459e-02,0.000000e+00,0.000000e+00,201,3.601732e-04,0,0,0
2419,14,31696,9.717654e-04,5.251522e-03,1.015817e-02,0.000000e+00,0.000000e+00,222,5.379319e-05,0,0,0
2420,15,31711,1.090410e-03,5.305937e-03,1.132031e-02,0.000000e+00,0.000000e+00,196,3.953949e-04,0,0,0
2421,12,31723,1.248483e-03,5.227456e-03,1.416733e-02,0.000000e+00,0.000000e+00,213,3.609359e-04,0,0,0
2422,9,31732,1.660074e-03,5.378505e-03,1.302853e-02,0.000000e+00,0.000000e+00,208,1.558214e-04,0,0,0
2423,14,31746,6.354091e-04,5.294756e-03,1.018699e-02,0.000000e+00,0.000000e+00,202,2.647191e-05,0,0,0
2424,13,31759,1.142470e-03,5.418300e-03,1.262132e-02,0.000000e+00,0.000000e+00,206,4.354119e-05,0,0,0
2425,15,31774,8.770789e-04,5.318983e-03,1.389858e-02,0.000000e+00,0.000000e+00,226,3.939867e-05,0,0,0
2426,12,31786,1.333108e-03,5.413610e-03,1.541237e-02,0.000000e+00,0.000000e+00,214,1.647845e-04,0,0,0
2427,12,31798,9.933288e-04,5.282230e-03,1.016550e-02,0.000000e+00,0.000000e+00,202,2.705120e-05,0,0,0
2428,13,31811,9.823143e-04,5.329555e-03,1.167688e-02,0.000000e+00,0.000000e+00,213,2.482608e-04,0,0,0
2429,13,31824,5.561286e-04,5.177361e-03,1.061704e-02,0.000000e+00,0.000000e+00,207,9.145536e-04,0,0,0
2430,17,31841,9.780374e-04,5.405197e-03,1.295868e-02,0.000000e+00,0.000000e+00,187,1.630886e-04,0,0,0
2431,17,31858,9.667677e-04,5.291929e-03,1.009271e-02,0.000000e+00,0.000000e+00,203,1.788139e-05,0,0,0
2432,12,31870,1.449492e-03,5.380565e-03,1.089000e-02,0.000000e+00,0.000000e+00,181,8.055568e-04,0,0,0
2433,18,31888,7.432842e-04,5.179497e-03,1.157316e-02,0.000000e+00,0.000000e+00,224,5.471855e-04,0,0,0
2434,14,31902,9.934918e-04,5.149686e-03,1.018480e-02,0.000000e+00,0.000000e+00,210,5.353689e-04,0,0,0
2435,17,31919,1.017959e-03,5.099526e-03,1.000000e-02,0.000000e+00,0.000000e+00,210,6.591585e-04,0,0,0
2436,13,31932,1.090668e-03,5.409309e-03,1.335121e-02,0.000000e+00,0.000000e+00,174,5.032495e-05,0,0,0
2437,17,31949,6.988163e-04,5.333474e-03,1.080872e-02,0.000000e+00,0.000000e+00,203,3.495216e-04,0,0,0
2438,11,31960,9.684365e-04,5.492502e-03,1.257125e-02,0.000000e+00,0.000000e+00,199,1.166612e-04,0,0,0
2439,19,31979,6.644258e-04,5.318412e-03,1.299124e-02,0.000000e+00,0.000000e+00,232,4.242510e-04,0,0,0
2440,11,31990,1.459690e-03,5.468156e-03,1.408580e-02,0.000000e+00,0.000000e+00,186,3.097346e-05,0,0,0
2441,11,32001,1.211625e-03,5.360792e-03,1.076738e-02,0.000000e+00,0.000000e+00,201,1.389235e-04,0,0,0
2442,15,32016,7.507320e-04,5.411591e-03,1.054073e-02,0.000000e+00,0.000000e+00,196,4.380196e-04,0,0,0
2443,11,32027,1.321543e-03,5.320857e-03,1.000000e-02,0.000000e+00,0.000000e+00,219,3.209389e-04,0,0,0
2444,12,32039,9.861403e-04,5.382696e-03,1.055963e-02,0.000000e+00,0.000000e+00,194,9.655952e-06,0,0,0
2445,15,32054,9.690766e-04,5.252603e-03,1.000000e-02,0.000000e+00,0.000000e+00,217,3.844500e-05,0,0,0
2446,11,32065,1.269996e-03,5.362880e-03,1.089000e-02,0.000000e+00,0.000000e+00,184,4.842877e-06,0,0,0
2447,13,32078,1.182728e-03,5.380262e-03,1.064923e-02,0.000000e+00,0.000000e+00,195,1.770258e-05,0,0,0
HIST {'total_samples': 2701728, 'floor_samples': 0, 'floor_fraction': 0.0, 'saturation_depth': 0.0, 'boundaries': 2448, 'capped_boundaries': 0, 'unfinished_worlds': 0}
2448,14,32092,1.200338e-03,5.290823e-03,1.334754e-02,0.000000e+00,0.000000e+00,212,4.443526e-05,0,0,0
2449,13,32105,1.199265e-03,5.199414e-03,1.073414e-02,0.000000e+00,0.000000e+00,200,1.627728e-04,0,0,0
2450,15,32120,8.682354e-04,5.215497e-03,1.141720e-02,0.000000e+00,0.000000e+00,207,6.473064e-05,0,0,0
2451,18,32138,7.824409e-04,5.378834e-03,1.005019e-02,0.000000e+00,0.000000e+00,200,2.706051e-04,0,0,0
2452,19,32157,8.161024e-04,5.432893e-03,1.146132e-02,0.000000e+00,0.000000e+00,203,2.168119e-06,0,0,0
2453,13,32170,1.148039e-03,5.311466e-03,1.013050e-02,0.000000e+00,0.000000e+00,207,2.793968e-09,0,0,0
2454,17,32187,1.193209e-03,5.358327e-03,1.092643e-02,0.000000e+00,0.000000e+00,204,6.482005e-06,0,0,0
2455,14,32201,1.045860e-03,5.273813e-03,1.073964e-02,0.000000e+00,0.000000e+00,211,2.868176e-04,0,0,0
2456,15,32216,1.231503e-03,5.335227e-03,1.089000e-02,0.000000e+00,0.000000e+00,201,7.310510e-05,0,0,0
2457,14,32230,1.136000e-03,5.216678e-03,1.000000e-02,0.000000e+00,0.000000e+00,236,5.872771e-04,0,0,0
2458,11,32241,1.130028e-03,5.292335e-03,1.223095e-02,0.000000e+00,0.000000e+00,199,5.327761e-04,0,0,0
2459,12,32253,1.222668e-03,5.101926e-03,1.151711e-02,0.000000e+00,0.000000e+00,222,5.590417e-20,0,0,0
2460,11,32264,1.290202e-03,5.169065e-03,1.069852e-02,0.000000e+00,0.000000e+00,207,2.311822e-04,0,0,0
2461,13,32277,9.026160e-04,5.074096e-03,1.000000e-02,0.000000e+00,0.000000e+00,224,2.266467e-05,0,0,0
2462,12,32289,9.895132e-04,5.207159e-03,1.273929e-02,0.000000e+00,0.000000e+00,201,7.486157e-04,0,0,0
2463,14,32303,1.184173e-03,5.206900e-03,1.090198e-02,0.000000e+00,0.000000e+00,202,6.313669e-06,0,0,0
2464,12,32315,1.325370e-03,5.278273e-03,1.216320e-02,0.000000e+00,0.000000e+00,212,4.638452e-06,0,0,0
2465,15,32330,9.308916e-04,5.215398e-03,1.000000e-02,0.000000e+00,0.000000e+00,217,1.001507e-04,0,0,0
2466,19,32349,1.000933e-03,5.181883e-03,1.156604e-02,0.000000e+00,0.000000e+00,218,4.738569e-05,0,0,0
2467,12,32361,1.004842e-03,5.139907e-03,1.072988e-02,0.000000e+00,0.000000e+00,212,1.003295e-04,0,0,0
2468,12,32373,9.927889e-04,5.137282e-03,1.258646e-02,0.000000e+00,0.000000e+00,210,1.684204e-05,0,0,0
2469,12,32385,1.174046e-03,5.171484e-03,1.317685e-02,0.000000e+00,0.000000e+00,183,7.554889e-06,0,0,0
2470,13,32398,1.271763e-03,5.158943e-03,1.433952e-02,0.000000e+00,0.000000e+00,228,3.803486e-05,0,0,0
2471,12,32410,1.350630e-03,5.138835e-03,1.228118e-02,0.000000e+00,0.000000e+00,208,4.240870e-05,0,0,0
2472,19,32429,7.157014e-04,5.244737e-03,1.394175e-02,0.000000e+00,0.000000e+00,213,1.063496e-04,0,0,0
2473,18,32447,7.394232e-04,5.069284e-03,1.006121e-02,0.000000e+00,0.000000e+00,222,3.769994e-05,0,0,0
2474,13,32460,1.232305e-03,5.184450e-03,1.092688e-02,0.000000e+00,0.000000e+00,186,3.652722e-04,0,0,0
2475,12,32472,1.415800e-03,5.161271e-03,1.201956e-02,0.000000e+00,0.000000e+00,202,1.770444e-05,0,0,0
2476,9,32481,7.874778e-04,5.154585e-03,1.252958e-02,0.000000e+00,0.000000e+00,214,7.881820e-04,0,0,0
2477,12,32493,1.108859e-03,5.129161e-03,1.482154e-02,0.000000e+00,0.000000e+00,202,3.845245e-05,0,0,0
2478,8,32501,1.748133e-03,5.273058e-03,1.111745e-02,0.000000e+00,0.000000e+00,177,8.779764e-05,0,0,0
2479,10,32511,1.521901e-03,5.189784e-03,1.047856e-02,0.000000e+00,0.000000e+00,218,2.339184e-04,0,0,0
2480,11,32522,9.399121e-04,5.134304e-03,1.337742e-02,0.000000e+00,0.000000e+00,234,3.430247e-05,0,0,0
2481,11,32533,1.279246e-03,5.177240e-03,1.048211e-02,0.000000e+00,0.000000e+00,208,5.930662e-06,0,0,0
2482,10,32543,1.485175e-03,5.304113e-03,1.415764e-02,0.000000e+00,0.000000e+00,196,2.920628e-05,0,0,0
2483,14,32557,9.727702e-04,5.181559e-03,1.022700e-02,0.000000e+00,0.000000e+00,216,5.413070e-04,0,0,0
2484,17,32574,9.607795e-04,5.308748e-03,2.088352e-02,0.000000e+00,0.000000e+00,210,3.308722e-22,0,0,0
2485,12,32586,1.046297e-03,5.171542e-03,1.000000e-02,0.000000e+00,0.000000e+00,222,9.953976e-06,0,0,0
2486,14,32600,1.269906e-03,5.293254e-03,1.123604e-02,0.000000e+00,0.000000e+00,203,2.741814e-06,0,0,0
2487,11,32611,1.372941e-03,5.260617e-03,1.008960e-02,0.000000e+00,0.000000e+00,186,1.797080e-05,0,0,0
2488,14,32625,9.380781e-04,5.231293e-03,1.121915e-02,0.000000e+00,0.000000e+00,209,3.764778e-05,0,0,0
2489,12,32637,1.229537e-03,5.128070e-03,1.000000e-02,0.000000e+00,0.000000e+00,217,7.470027e-04,0,0,0
2490,14,32651,1.157211e-03,5.213168e-03,1.097768e-02,0.000000e+00,0.000000e+00,205,3.379621e-04,0,0,0
2491,18,32669,9.410194e-04,5.154137e-03,1.036667e-02,0.000000e+00,0.000000e+00,222,7.629395e-06,0,0,0
2492,12,32681,1.016182e-03,5.174755e-03,1.201737e-02,0.000000e+00,0.000000e+00,223,3.627315e-05,0,0,0
2493,14,32695,8.952295e-04,5.021836e-03,1.000000e-02,0.000000e+00,0.000000e+00,224,6.897375e-05,0,0,0
2494,13,32708,9.233004e-04,5.152951e-03,1.407014e-02,0.000000e+00,0.000000e+00,199,4.065633e-04,0,0,0
2495,13,32721,1.222237e-03,5.146567e-03,1.062781e-02,0.000000e+00,0.000000e+00,214,6.554127e-04,0,0,0
HIST {'total_samples': 2755625, 'floor_samples': 0, 'floor_fraction': 0.0, 'saturation_depth': 0.0, 'boundaries': 2496, 'capped_boundaries': 0, 'unfinished_worlds': 0}
2496,10,32731,1.432470e-03,5.119350e-03,1.204809e-02,0.000000e+00,0.000000e+00,205,2.350425e-05,0,0,0
2497,13,32744,1.091140e-03,5.096596e-03,1.000000e-02,0.000000e+00,0.000000e+00,220,8.475780e-05,0,0,0
2498,12,32756,1.072584e-03,5.160436e-03,1.246088e-02,0.000000e+00,0.000000e+00,215,1.804307e-04,0,0,0
2499,13,32769,9.364091e-04,5.100804e-03,1.000000e-02,0.000000e+00,0.000000e+00,202,5.343556e-05,0,0,0
2500,11,32780,1.165881e-03,5.085516e-03,1.258758e-02,0.000000e+00,0.000000e+00,203,3.508590e-04,0,0,0
2501,11,32791,1.257028e-03,5.086469e-03,1.074472e-02,0.000000e+00,0.000000e+00,192,1.367554e-05,0,0,0
2502,10,32801,1.388681e-03,5.292252e-03,1.069970e-02,0.000000e+00,0.000000e+00,190,1.894757e-04,0,0,0
2503,11,32812,9.832276e-04,5.166491e-03,1.154688e-02,0.000000e+00,0.000000e+00,221,4.410744e-05,0,0,0
2504,14,32826,7.923598e-04,5.155331e-03,1.161319e-02,0.000000e+00,0.000000e+00,206,3.659129e-04,0,0,0
2505,11,32837,1.596019e-03,5.057749e-03,1.000000e-02,0.000000e+00,0.000000e+00,212,1.245067e-04,0,0,0
2506,13,32850,1.353629e-03,5.237946e-03,1.199988e-02,0.000000e+00,0.000000e+00,200,2.572536e-04,0,0,0
2507,15,32865,9.728863e-04,5.145100e-03,1.000000e-02,0.000000e+00,0.000000e+00,223,1.161993e-04,0,0,0
2508,13,32878,1.274282e-03,4.957926e-03,1.339009e-02,0.000000e+00,0.000000e+00,243,2.612174e-05,0,0,0
2509,17,32895,9.459462e-04,4.697407e-03,1.000000e-02,0.000000e+00,0.000000e+00,251,2.058223e-05,0,0,0
2510,12,32907,1.259323e-03,4.928572e-03,1.089000e-02,0.000000e+00,0.000000e+00,197,2.371445e-04,0,0,0
2511,12,32919,1.015899e-03,4.953679e-03,1.053952e-02,0.000000e+00,0.000000e+00,204,5.207434e-04,0,0,0
2512,12,32931,1.349711e-03,5.050717e-03,1.104013e-02,0.000000e+00,0.000000e+00,196,5.700439e-05,0,0,0
2513,12,32943,1.264543e-03,4.950220e-03,1.000000e-02,0.000000e+00,0.000000e+00,232,7.833540e-05,0,0,0
2514,10,32953,1.500604e-03,5.131803e-03,1.335856e-02,0.000000e+00,0.000000e+00,187,1.658127e-04,0,0,0
2515,12,32965,9.526142e-04,5.034663e-03,1.000000e-02,0.000000e+00,0.000000e+00,217,1.026765e-04,0,0,0
2516,17,32982,9.754159e-04,4.972511e-03,1.028612e-02,0.000000e+00,0.000000e+00,215,6.926060e-05,0,0,0
2517,22,33004,5.134536e-04,4.949346e-03,1.045877e-02,0.000000e+00,0.000000e+00,223,4.114062e-04,0,0,0
2518,12,33016,9.354447e-04,5.123922e-03,1.262176e-02,0.000000e+00,0.000000e+00,195,8.696318e-05,0,0,0
2519,18,33034,9.499150e-04,5.025111e-03,1.000000e-02,0.000000e+00,0.000000e+00,207,1.125261e-04,0,0,0
2520,12,33046,8.472595e-04,5.020586e-03,1.089000e-02,0.000000e+00,0.000000e+00,218,7.513165e-05,0,0,0
2521,16,33062,8.788526e-04,5.005367e-03,1.000000e-02,0.000000e+00,0.000000e+00,228,2.151132e-04,0,0,0
2522,12,33074,1.124383e-03,4.983252e-03,1.317690e-02,0.000000e+00,0.000000e+00,226,3.070030e-04,0,0,0
2523,13,33087,1.116903e-03,4.847962e-03,1.000000e-02,0.000000e+00,0.000000e+00,222,9.484589e-05,0,0,0
2524,15,33102,9.963824e-04,4.866427e-03,1.432723e-02,0.000000e+00,0.000000e+00,223,1.370907e-04,0,0,0
2525,15,33117,9.775022e-04,4.845988e-03,1.000000e-02,0.000000e+00,0.000000e+00,215,2.320707e-04,0,0,0
2526,15,33132,8.299435e-04,5.020133e-03,1.290340e-02,0.000000e+00,0.000000e+00,204,1.845658e-04,0,0,0
2527,11,33143,1.336333e-03,4.985934e-03,1.000000e-02,0.000000e+00,0.000000e+00,219,6.209314e-05,0,0,0
2528,18,33161,9.093492e-04,5.138218e-03,1.988296e-02,0.000000e+00,0.000000e+00,216,2.137572e-05,0,0,0
2529,12,33173,1.152812e-03,4.940873e-03,1.000000e-02,0.000000e+00,0.000000e+00,229,1.588613e-04,0,0,0
2530,11,33184,1.299991e-03,5.005922e-03,1.317690e-02,0.000000e+00,0.000000e+00,220,1.564622e-04,0,0,0
2531,18,33202,9.681895e-04,5.049821e-03,1.000000e-02,0.000000e+00,0.000000e+00,205,1.565218e-04,0,0,0
2532,16,33218,8.805417e-04,5.062080e-03,1.084835e-02,0.000000e+00,0.000000e+00,216,6.078184e-05,0,0,0
2533,20,33238,7.819183e-04,4.917543e-03,1.000000e-02,0.000000e+00,0.000000e+00,239,4.146993e-05,0,0,0
2534,13,33251,1.078524e-03,4.996566e-03,1.089000e-02,0.000000e+00,0.000000e+00,224,1.393557e-04,0,0,0
2535,11,33262,1.464321e-03,5.029720e-03,1.000000e-02,0.000000e+00,0.000000e+00,228,6.261654e-05,0,0,0
2536,14,33276,1.190427e-03,5.045440e-03,1.123047e-02,0.000000e+00,0.000000e+00,210,3.318787e-04,0,0,0
2537,18,33294,6.177114e-04,4.941805e-03,1.000000e-02,0.000000e+00,0.000000e+00,231,6.604195e-05,0,0,0
2538,13,33307,9.086278e-04,5.171894e-03,1.038348e-02,0.000000e+00,0.000000e+00,197,7.927418e-06,0,0,0
2539,14,33321,1.138311e-03,5.114502e-03,1.022667e-02,0.000000e+00,0.000000e+00,213,6.748736e-05,0,0,0
2540,12,33333,9.191052e-04,5.085139e-03,1.237075e-02,0.000000e+00,0.000000e+00,231,5.765893e-04,0,0,0
2541,12,33345,1.209826e-03,4.888725e-03,1.000000e-02,0.000000e+00,0.000000e+00,234,1.644194e-04,0,0,0
2542,16,33361,1.143587e-03,5.109516e-03,1.205301e-02,0.000000e+00,0.000000e+00,193,1.744032e-04,0,0,0
2543,13,33374,1.537085e-03,5.081353e-03,1.000000e-02,0.000000e+00,0.000000e+00,220,2.673268e-05,0,0,0
HIST {'total_samples': 2811192, 'floor_samples': 0, 'floor_fraction': 0.0, 'saturation_depth': 0.0, 'boundaries': 2544, 'capped_boundaries': 0, 'unfinished_worlds': 0}
2544,17,33391,7.741828e-04,5.141152e-03,1.299656e-02,0.000000e+00,0.000000e+00,214,3.427267e-07,0,0,0
2545,12,33403,9.662295e-04,5.025784e-03,1.061393e-02,0.000000e+00,0.000000e+00,226,3.856421e-05,0,0,0
2546,14,33417,9.857771e-04,4.937120e-03,1.016214e-02,0.000000e+00,0.000000e+00,216,3.770292e-04,0,0,0
2547,20,33437,8.567237e-04,4.952326e-03,9.419779e-03,0.000000e+00,0.000000e+00,203,3.464669e-04,0,0,0
2548,14,33451,7.377746e-04,5.036963e-03,1.089000e-02,0.000000e+00,0.000000e+00,205,8.657575e-05,0,0,0
2549,13,33464,1.002542e-03,4.919296e-03,1.000000e-02,0.000000e+00,0.000000e+00,228,7.778406e-05,0,0,0
2550,14,33478,1.104311e-03,4.957728e-03,1.254574e-02,0.000000e+00,0.000000e+00,203,4.664436e-04,0,0,0
2551,13,33491,8.025665e-04,4.925257e-03,1.158241e-02,0.000000e+00,0.000000e+00,234,7.599592e-04,0,0,0
2552,21,33512,6.056212e-04,5.088749e-03,1.056328e-02,0.000000e+00,0.000000e+00,216,5.209446e-05,0,0,0
2553,22,33534,9.316754e-04,5.004142e-03,1.000000e-02,0.000000e+00,0.000000e+00,224,3.987551e-05,0,0,0
2554,14,33548,1.088291e-03,5.020109e-03,1.185576e-02,0.000000e+00,0.000000e+00,217,2.071448e-04,0,0,0
2555,14,33562,1.039361e-03,4.941083e-03,1.000000e-02,0.000000e+00,0.000000e+00,223,3.041178e-04,0,0,0
2556,12,33574,6.278366e-04,5.042432e-03,1.234904e-02,0.000000e+00,0.000000e+00,218,1.002252e-04,0,0,0
2557,12,33586,1.467913e-03,5.066069e-03,1.000000e-02,0.000000e+00,0.000000e+00,197,1.392310e-20,0,0,0
2558,17,33603,1.134269e-03,5.111415e-03,1.124325e-02,0.000000e+00,0.000000e+00,199,3.904104e-06,0,0,0
2559,13,33616,8.535254e-04,5.066548e-03,1.000000e-02,0.000000e+00,0.000000e+00,217,9.474810e-06,0,0,0
2560,14,33630,1.083453e-03,5.220569e-03,1.220353e-02,0.000000e+00,0.000000e+00,214,8.884817e-06,0,0,0
2561,12,33642,1.164410e-03,5.116540e-03,1.097504e-02,0.000000e+00,0.000000e+00,226,5.875528e-05,0,0,0
2562,13,33655,9.026859e-04,5.032162e-03,1.054616e-02,0.000000e+00,0.000000e+00,222,4.503913e-04,0,0,0
2563,11,33666,1.606905e-03,4.991112e-03,1.098577e-02,0.000000e+00,0.000000e+00,221,1.382828e-05,0,0,0
2564,10,33676,1.269552e-03,4.957104e-03,1.089000e-02,0.000000e+00,0.000000e+00,227,4.019290e-04,0,0,0
2565,14,33690,1.178799e-03,4.984816e-03,1.000000e-02,0.000000e+00,0.000000e+00,200,3.278255e-06,0,0,0
2566,12,33702,1.078770e-03,5.168034e-03,1.092423e-02,0.000000e+00,0.000000e+00,210,1.247227e-05,0,0,0
2567,15,33717,6.647431e-04,5.050316e-03,1.011195e-02,0.000000e+00,0.000000e+00,230,1.106970e-05,0,0,0
2568,13,33730,1.249517e-03,5.096950e-03,1.128138e-02,0.000000e+00,0.000000e+00,201,9.212736e-05,0,0,0
2569,10,33740,1.165480e-03,5.070784e-03,1.000000e-02,0.000000e+00,0.000000e+00,208,8.104742e-05,0,0,0
2570,13,33753,1.018838e-03,5.101440e-03,1.089000e-02,0.000000e+00,0.000000e+00,196,4.543364e-04,0,0,0
2571,13,33766,1.044851e-03,5.032063e-03,1.020073e-02,0.000000e+00,0.000000e+00,218,9.600818e-05,0,0,0
2572,11,33777,1.400298e-03,5.115705e-03,1.293658e-02,0.000000e+00,0.000000e+00,202,1.221597e-04,0,0,0
2573,14,33791,7.496914e-04,5.031853e-03,1.000000e-02,0.000000e+00,0.000000e+00,206,3.499910e-04,0,0,0
2574,16,33807,9.902368e-04,5.208376e-03,1.516382e-02,0.000000e+00,0.000000e+00,211,9.089708e-07,0,0,0
2575,14,33821,9.653568e-04,5.074832e-03,1.000000e-02,0.000000e+00,0.000000e+00,222,6.765127e-06,0,0,0
2576,15,33836,1.071744e-03,5.261929e-03,1.301510e-02,0.000000e+00,0.000000e+00,205,4.768372e-07,0,0,0
2577,20,33856,9.351181e-04,5.121349e-03,1.004808e-02,0.000000e+00,0.000000e+00,231,8.168817e-05,0,0,0
2578,14,33870,9.810998e-04,5.199376e-03,1.797175e-02,0.000000e+00,0.000000e+00,215,2.120733e-04,0,0,0
2579,10,33880,1.123033e-03,5.072643e-03,1.051670e-02,0.000000e+00,0.000000e+00,211,6.419122e-04,0,0,0
2580,18,33898,1.172333e-03,5.227097e-03,1.627103e-02,0.000000e+00,0.000000e+00,192,3.390014e-05,0,0,0
2581,15,33913,1.003844e-03,5.262088e-03,1.650756e-02,0.000000e+00,0.000000e+00,196,2.886355e-05,0,0,0
2582,19,33932,4.935194e-04,5.202200e-03,1.300141e-02,0.000000e+00,0.000000e+00,199,8.758903e-05,0,0,0
2583,12,33944,1.152645e-03,5.126437e-03,1.000000e-02,0.000000e+00,0.000000e+00,213,1.000836e-04,0,0,0
2584,25,33969,5.045157e-04,5.009281e-03,1.233989e-02,0.000000e+00,0.000000e+00,220,2.359748e-04,0,0,0
2585,13,33982,1.045692e-03,4.927321e-03,1.000000e-02,0.000000e+00,0.000000e+00,214,5.796552e-06,0,0,0
2586,13,33995,1.070847e-03,5.108863e-03,1.235684e-02,0.000000e+00,0.000000e+00,208,5.214512e-04,0,0,0
2587,13,34008,1.152157e-03,4.962593e-03,1.140858e-02,0.000000e+00,0.000000e+00,227,2.272427e-05,0,0,0
2588,11,34019,1.492671e-03,5.050345e-03,1.125514e-02,0.000000e+00,0.000000e+00,201,1.135468e-05,0,0,0
2589,15,34034,9.177541e-04,4.870759e-03,1.000000e-02,0.000000e+00,0.000000e+00,245,6.124377e-06,0,0,0
2590,12,34046,9.032711e-04,5.021290e-03,1.000000e-02,0.000000e+00,0.000000e+00,185,3.325790e-04,0,0,0
2591,16,34062,7.672017e-04,5.001261e-03,1.061825e-02,0.000000e+00,0.000000e+00,214,9.484589e-05,0,0,0
HIST {'total_samples': 2866107, 'floor_samples': 0, 'floor_fraction': 0.0, 'saturation_depth': 0.0, 'boundaries': 2592, 'capped_boundaries': 0, 'unfinished_worlds': 0}
2592,19,34081,6.738452e-04,5.136987e-03,1.092182e-02,0.000000e+00,0.000000e+00,198,3.179908e-05,0,0,0
2593,13,34094,9.983496e-04,4.978319e-03,1.000000e-02,0.000000e+00,0.000000e+00,228,2.124906e-04,0,0,0
2594,16,34110,7.535723e-04,4.949759e-03,1.000000e-02,0.000000e+00,0.000000e+00,212,4.393458e-04,0,0,0
2595,25,34135,7.100062e-04,4.844293e-03,9.910868e-03,0.000000e+00,0.000000e+00,226,6.556511e-07,0,0,0
2596,17,34152,8.447925e-04,4.870849e-03,1.277252e-02,0.000000e+00,0.000000e+00,233,2.227724e-04,0,0,0
2597,14,34166,7.400748e-04,4.819369e-03,1.289866e-02,0.000000e+00,0.000000e+00,219,7.590652e-05,0,0,0
2598,13,34179,8.924698e-04,4.875514e-03,1.089000e-02,0.000000e+00,0.000000e+00,209,1.563597e-04,0,0,0
2599,15,34194,1.172168e-03,4.951215e-03,1.033398e-02,0.000000e+00,0.000000e+00,199,2.445281e-05,0,0,0
2600,11,34205,1.525484e-03,5.042664e-03,1.127058e-02,0.000000e+00,0.000000e+00,189,5.446970e-04,0,0,0
2601,14,34219,1.150262e-03,4.980269e-03,1.140096e-02,0.000000e+00,0.000000e+00,214,5.979091e-07,0,0,0
2602,13,34232,1.005076e-03,5.158960e-03,1.197900e-02,0.000000e+00,0.000000e+00,187,5.137306e-04,0,0,0
2603,11,34243,9.917936e-04,5.081558e-03,1.000000e-02,0.000000e+00,0.000000e+00,215,1.390204e-04,0,0,0
2604,9,34252,1.070887e-03,5.149581e-03,1.089000e-02,0.000000e+00,0.000000e+00,208,5.023181e-04,0,0,0
2605,13,34265,9.721336e-04,4.948659e-03,1.197900e-02,0.000000e+00,0.000000e+00,223,5.096197e-05,0,0,0
2606,11,34276,1.034792e-03,4.988675e-03,1.002369e-02,0.000000e+00,0.000000e+00,206,2.728030e-04,0,0,0
2607,18,34294,1.076324e-03,4.897594e-03,9.909860e-03,0.000000e+00,0.000000e+00,217,1.717396e-04,0,0,0
2608,20,34314,8.135373e-04,4.971396e-03,1.364201e-02,0.000000e+00,0.000000e+00,203,3.938004e-04,0,0,0
2609,12,34326,1.375388e-03,4.983616e-03,1.146776e-02,0.000000e+00,0.000000e+00,207,2.181754e-04,0,0,0
2610,14,34340,1.147436e-03,5.169175e-03,1.089000e-02,0.000000e+00,0.000000e+00,193,2.560839e-04,0,0,0
2611,12,34352,9.005783e-04,5.142303e-03,1.047737e-02,0.000000e+00,0.000000e+00,200,4.484802e-04,0,0,0
2612,12,34364,1.000749e-03,5.276266e-03,1.167552e-02,0.000000e+00,0.000000e+00,192,5.811453e-07,0,0,0
2613,14,34378,1.089684e-03,5.205129e-03,1.135498e-02,0.000000e+00,0.000000e+00,206,6.541982e-05,0,0,0
2614,13,34391,9.945473e-04,5.294763e-03,1.197900e-02,0.000000e+00,0.000000e+00,213,6.289780e-04,0,0,0
2615,16,34407,9.888205e-04,5.121978e-03,1.197900e-02,0.000000e+00,0.000000e+00,200,8.924305e-05,0,0,0
2616,12,34419,1.318247e-03,5.252182e-03,1.049947e-02,0.000000e+00,0.000000e+00,193,5.456805e-05,0,0,0
2617,11,34430,1.307963e-03,5.151345e-03,1.125541e-02,0.000000e+00,0.000000e+00,204,3.045797e-05,0,0,0
2618,11,34441,1.107467e-03,5.280064e-03,1.089000e-02,0.000000e+00,0.000000e+00,200,2.016760e-04,0,0,0
2619,12,34453,9.167303e-04,5.123636e-03,1.000000e-02,0.000000e+00,0.000000e+00,222,1.632236e-05,0,0,0
2620,13,34466,9.624828e-04,5.156698e-03,1.204037e-02,0.000000e+00,0.000000e+00,197,2.774186e-04,0,0,0
2621,13,34479,8.854129e-04,5.181835e-03,1.235962e-02,0.000000e+00,0.000000e+00,204,7.590801e-04,0,0,0
2622,10,34489,1.413345e-03,5.225964e-03,1.563382e-02,0.000000e+00,0.000000e+00,200,1.335144e-05,0,0,0
2623,16,34505,1.260538e-03,5.117668e-03,1.000000e-02,0.000000e+00,0.000000e+00,216,2.948642e-04,0,0,0
2624,12,34517,1.066308e-03,5.179227e-03,1.071853e-02,0.000000e+00,0.000000e+00,205,2.264977e-05,0,0,0
2625,15,34532,1.225909e-03,5.108478e-03,1.000000e-02,0.000000e+00,0.000000e+00,202,2.622604e-05,0,0,0
2626,11,34543,1.493919e-03,5.112163e-03,1.119920e-02,0.000000e+00,0.000000e+00,213,2.951697e-04,0,0,0
2627,11,34554,8.761928e-04,5.002352e-03,1.000000e-02,0.000000e+00,0.000000e+00,206,3.702193e-05,0,0,0
2628,16,34570,6.145280e-04,5.092394e-03,1.179042e-02,0.000000e+00,0.000000e+00,210,4.970580e-04,0,0,0
2629,15,34585,8.996876e-04,4.896327e-03,9.437815e-03,0.000000e+00,0.000000e+00,230,4.363656e-04,0,0,0
2630,17,34602,9.444754e-04,5.055568e-03,1.089000e-02,0.000000e+00,0.000000e+00,211,4.248321e-05,0,0,0
2631,13,34615,1.003460e-03,4.972065e-03,1.000000e-02,0.000000e+00,0.000000e+00,215,1.676604e-04,0,0,0
2632,12,34627,1.036091e-03,5.050527e-03,1.133873e-02,0.000000e+00,0.000000e+00,229,2.163649e-04,0,0,0
2633,12,34639,1.281617e-03,5.001198e-03,1.037135e-02,0.000000e+00,0.000000e+00,204,1.264066e-04,0,0,0
2634,14,34653,1.330901e-03,5.056530e-03,1.164578e-02,0.000000e+00,0.000000e+00,198,2.858043e-05,0,0,0
2635,13,34666,8.772930e-04,4.860453e-03,1.000000e-02,0.000000e+00,0.000000e+00,214,6.574392e-05,0,0,0
2636,15,34681,6.422881e-04,4.926183e-03,1.089000e-02,0.000000e+00,0.000000e+00,209,2.551079e-05,0,0,0
2637,13,34694,1.154267e-03,4.907253e-03,1.000000e-02,0.000000e+00,0.000000e+00,201,6.091595e-05,0,0,0
2638,11,34705,1.381394e-03,5.075602e-03,1.130465e-02,0.000000e+00,0.000000e+00,197,2.980232e-08,0,0,0
2639,10,34715,1.518184e-03,5.147765e-03,1.000000e-02,0.000000e+00,0.000000e+00,188,1.060963e-05,0,0,0
HIST {'total_samples': 2920518, 'floor_samples': 0, 'floor_fraction': 0.0, 'saturation_depth': 0.0, 'boundaries': 2640, 'capped_boundaries': 0, 'unfinished_worlds': 0}
2640,14,34729,8.958882e-04,5.134367e-03,1.059312e-02,0.000000e+00,0.000000e+00,210,6.385148e-05,0,0,0
2641,13,34742,8.873096e-04,4.845522e-03,9.130407e-03,0.000000e+00,0.000000e+00,215,1.701936e-04,0,0,0
2642,14,34756,9.251167e-04,5.023970e-03,1.078479e-02,0.000000e+00,0.000000e+00,197,2.280772e-04,0,0,0
2643,13,34769,9.893867e-04,5.008393e-03,1.000000e-02,0.000000e+00,0.000000e+00,207,5.084872e-04,0,0,0
2644,12,34781,1.259817e-03,5.003627e-03,1.317690e-02,0.000000e+00,0.000000e+00,200,2.345443e-05,0,0,0
2645,12,34793,1.021207e-03,4.892993e-03,1.000000e-02,0.000000e+00,0.000000e+00,218,4.249811e-05,0,0,0
2646,13,34806,1.073449e-03,5.126785e-03,1.204744e-02,0.000000e+00,0.000000e+00,183,6.948709e-04,0,0,0
2647,16,34822,7.203381e-04,4.947148e-03,1.000000e-02,0.000000e+00,0.000000e+00,226,3.656447e-04,0,0,0
2648,17,34839,9.665441e-04,5.073672e-03,1.201028e-02,0.000000e+00,0.000000e+00,206,3.125519e-06,0,0,0
2649,12,34851,1.265062e-03,4.933058e-03,1.000000e-02,0.000000e+00,0.000000e+00,209,7.264316e-06,0,0,0
2650,13,34864,9.581632e-04,5.061390e-03,1.200967e-02,0.000000e+00,0.000000e+00,193,5.956292e-04,0,0,0
2651,19,34883,1.059083e-03,4.986496e-03,1.090037e-02,0.000000e+00,0.000000e+00,226,3.270805e-06,0,0,0
2652,11,34894,1.664911e-03,5.053196e-03,1.000000e-02,0.000000e+00,0.000000e+00,203,4.726946e-04,0,0,0
2653,13,34907,1.086061e-03,4.838271e-03,1.032464e-02,0.000000e+00,0.000000e+00,232,6.064773e-06,0,0,0
2654,13,34920,1.334743e-03,5.019465e-03,1.235763e-02,0.000000e+00,0.000000e+00,200,8.702278e-05,0,0,0
2655,15,34935,1.188825e-03,4.935469e-03,1.000587e-02,0.000000e+00,0.000000e+00,217,2.086163e-06,0,0,0
2656,13,34948,8.525107e-04,4.952103e-03,1.084843e-02,0.000000e+00,0.000000e+00,182,1.044404e-04,0,0,0
2657,11,34959,1.596406e-03,4.942211e-03,1.038762e-02,0.000000e+00,0.000000e+00,227,4.931390e-04,0,0,0
2658,14,34973,1.096231e-03,5.161288e-03,1.028623e-02,0.000000e+00,0.000000e+00,183,1.010299e-04,0,0,0
2659,17,34990,5.768553e-04,5.022040e-03,1.148815e-02,0.000000e+00,0.000000e+00,226,5.404651e-05,0,0,0
2660,13,35003,1.147865e-03,5.121387e-03,1.301551e-02,0.000000e+00,0.000000e+00,191,4.674196e-04,0,0,0
2661,14,35017,1.248603e-03,5.008444e-03,1.000000e-02,0.000000e+00,0.000000e+00,210,6.360561e-05,0,0,0
2662,11,35028,1.354281e-03,5.214776e-03,1.262738e-02,0.000000e+00,0.000000e+00,177,2.673268e-05,0,0,0
2663,14,35042,9.083374e-04,5.059501e-03,1.000000e-02,0.000000e+00,0.000000e+00,217,3.079772e-04,0,0,0
2664,15,35057,1.097317e-03,5.252949e-03,1.343281e-02,0.000000e+00,0.000000e+00,186,1.454512e-04,0,0,0
2665,20,35077,7.388196e-04,5.093207e-03,1.000000e-02,0.000000e+00,0.000000e+00,217,4.606247e-04,0,0,0
2666,15,35092,1.197447e-03,5.220933e-03,1.131787e-02,0.000000e+00,0.000000e+00,198,3.218949e-04,0,0,0
2667,12,35104,1.327720e-03,5.184871e-03,1.221252e-02,0.000000e+00,0.000000e+00,212,1.065917e-04,0,0,0
2668,14,35118,9.339770e-04,5.226563e-03,1.343377e-02,0.000000e+00,0.000000e+00,205,4.434139e-04,0,0,0
2669,14,35132,1.212783e-03,5.092881e-03,1.000000e-02,0.000000e+00,0.000000e+00,213,1.509786e-04,0,0,0
2670,12,35144,1.222107e-03,5.038195e-03,1.089000e-02,0.000000e+00,0.000000e+00,216,8.401275e-05,0,0,0
2671,11,35155,1.163511e-03,4.937330e-03,1.019840e-02,0.000000e+00,0.000000e+00,204,3.654510e-06,0,0,0
2672,13,35168,1.505879e-03,5.122191e-03,1.206737e-02,0.000000e+00,0.000000e+00,204,2.556667e-05,0,0,0
2673,11,35179,1.036059e-03,5.122807e-03,1.000000e-02,0.000000e+00,0.000000e+00,189,1.416653e-04,0,0,0
2674,13,35192,1.101120e-03,5.076694e-03,1.052070e-02,0.000000e+00,0.000000e+00,217,3.903210e-04,0,0,0
2675,12,35204,9.976707e-04,4.966874e-03,1.013460e-02,0.000000e+00,0.000000e+00,214,2.334453e-04,0,0,0
2676,11,35215,1.115599e-03,4.998936e-03,1.072055e-02,0.000000e+00,0.000000e+00,205,1.431368e-04,0,0,0
2677,13,35228,8.981717e-04,4.981584e-03,1.062305e-02,0.000000e+00,0.000000e+00,216,1.248643e-04,0,0,0
2678,11,35239,1.262724e-03,4.999546e-03,1.089000e-02,0.000000e+00,0.000000e+00,211,9.363890e-05,0,0,0
2679,11,35250,9.734978e-04,4.946915e-03,1.000000e-02,0.000000e+00,0.000000e+00,204,4.449040e-04,0,0,0
2680,11,35261,9.416677e-04,5.036823e-03,1.164509e-02,0.000000e+00,0.000000e+00,194,9.151176e-05,0,0,0
2681,14,35275,1.099149e-03,5.062003e-03,1.016213e-02,0.000000e+00,0.000000e+00,202,7.023066e-04,0,0,0
2682,11,35286,1.535388e-03,5.001665e-03,1.108022e-02,0.000000e+00,0.000000e+00,217,1.300052e-04,0,0,0
2683,18,35304,9.900937e-04,5.080696e-03,1.017069e-02,0.000000e+00,0.000000e+00,207,3.568828e-06,0,0,0
2684,20,35324,4.522202e-04,5.073248e-03,1.112868e-02,0.000000e+00,0.000000e+00,225,3.307164e-04,0,0,0
2685,15,35339,1.068560e-03,5.070555e-03,1.000000e-02,0.000000e+00,0.000000e+00,203,3.722310e-05,0,0,0
2686,14,35353,1.010028e-03,5.112197e-03,1.234566e-02,0.000000e+00,0.000000e+00,201,6.325394e-04,0,0,0
2687,13,35366,9.292411e-04,4.946842e-03,1.000000e-02,0.000000e+00,0.000000e+00,218,2.741814e-06,0,0,0
HIST {'total_samples': 2974456, 'floor_samples': 0, 'floor_fraction': 0.0, 'saturation_depth': 0.0, 'boundaries': 2688, 'capped_boundaries': 0, 'unfinished_worlds': 0}
2688,14,35380,9.746909e-04,5.086779e-03,1.089000e-02,0.000000e+00,0.000000e+00,202,4.653633e-05,0,0,0
2689,11,35391,1.079278e-03,4.984144e-03,1.000000e-02,0.000000e+00,0.000000e+00,208,4.686043e-05,0,0,0
2690,13,35404,8.365908e-04,5.093310e-03,1.077010e-02,0.000000e+00,0.000000e+00,211,2.458692e-06,0,0,0
2691,16,35420,1.035493e-03,4.915238e-03,1.118831e-02,0.000000e+00,0.000000e+00,222,8.573830e-04,0,0,0
2692,14,35434,1.097671e-03,5.006877e-03,1.089000e-02,0.000000e+00,0.000000e+00,203,1.192093e-07,0,0,0
2693,15,35449,8.005878e-04,4.941515e-03,1.000000e-02,0.000000e+00,0.000000e+00,209,4.696846e-05,0,0,0
2694,14,35463,1.256211e-03,5.082458e-03,1.142478e-02,0.000000e+00,0.000000e+00,187,7.995963e-05,0,0,0
2695,11,35474,1.053492e-03,5.131505e-03,1.152695e-02,0.000000e+00,0.000000e+00,179,5.337596e-04,0,0,0
2696,10,35484,1.311261e-03,5.162547e-03,1.130270e-02,0.000000e+00,0.000000e+00,200,1.017749e-05,0,0,0
2697,13,35497,1.056831e-03,5.296168e-03,1.298198e-02,0.000000e+00,0.000000e+00,184,1.348257e-04,0,0,0
2698,11,35508,1.366672e-03,5.281745e-03,1.089000e-02,0.000000e+00,0.000000e+00,201,1.524370e-04,0,0,0
2699,12,35520,1.244844e-03,5.255358e-03,1.000000e-02,0.000000e+00,0.000000e+00,202,6.981194e-05,0,0,0
2700,14,35534,6.725755e-04,5.212551e-03,1.138475e-02,0.000000e+00,0.000000e+00,221,1.626611e-04,0,0,0
2701,12,35546,7.899845e-04,5.198153e-03,1.259250e-02,0.000000e+00,0.000000e+00,205,4.133582e-05,0,0,0
2702,14,35560,1.163632e-03,5.384376e-03,1.249663e-02,0.000000e+00,0.000000e+00,189,5.402565e-04,0,0,0
2703,14,35574,1.122692e-03,5.271511e-03,1.197900e-02,0.000000e+00,0.000000e+00,203,1.877546e-06,0,0,0
2704,15,35589,1.031197e-03,5.331218e-03,1.254061e-02,0.000000e+00,0.000000e+00,192,1.401007e-04,0,0,0
2705,19,35608,1.152128e-03,5.127642e-03,1.000000e-02,0.000000e+00,0.000000e+00,227,1.104176e-05,0,0,0
2706,17,35625,1.006641e-03,5.151167e-03,1.169354e-02,0.000000e+00,0.000000e+00,200,7.680655e-04,0,0,0
2707,13,35638,9.159347e-04,5.093260e-03,1.004598e-02,0.000000e+00,0.000000e+00,198,5.542040e-04,0,0,0
2708,19,35657,7.866487e-04,5.137495e-03,1.238034e-02,0.000000e+00,0.000000e+00,214,1.937151e-06,0,0,0
2709,14,35671,1.126106e-03,5.127057e-03,1.000000e-02,0.000000e+00,0.000000e+00,201,5.276799e-04,0,0,0
2710,18,35689,9.469651e-04,5.195942e-03,1.197703e-02,0.000000e+00,0.000000e+00,203,7.256866e-06,0,0,0
2711,16,35705,1.099218e-03,5.090571e-03,1.000000e-02,0.000000e+00,0.000000e+00,200,1.448393e-05,0,0,0
2712,17,35722,8.393625e-04,5.291494e-03,1.074210e-02,0.000000e+00,0.000000e+00,174,6.529689e-05,0,0,0
2713,12,35734,1.546864e-03,5.252847e-03,1.000000e-02,0.000000e+00,0.000000e+00,204,2.104789e-05,0,0,0
2714,13,35747,1.052307e-03,5.151456e-03,1.021776e-02,0.000000e+00,0.000000e+00,211,6.175041e-05,0,0,0
2715,15,35762,8.734328e-04,5.084807e-03,1.123953e-02,0.000000e+00,0.000000e+00,216,1.778454e-04,0,0,0
2716,14,35776,1.333309e-03,5.192797e-03,1.171118e-02,0.000000e+00,0.000000e+00,204,7.349253e-05,0,0,0
2717,10,35786,1.260335e-03,5.067617e-03,1.087684e-02,0.000000e+00,0.000000e+00,207,4.804134e-05,0,0,0
2718,16,35802,8.428976e-04,5.193484e-03,1.200663e-02,0.000000e+00,0.000000e+00,201,2.281368e-05,0,0,0
2719,13,35815,8.887558e-04,5.052039e-03,1.000000e-02,0.000000e+00,0.000000e+00,204,1.072884e-06,0,0,0
2720,25,35840,6.194146e-04,5.257961e-03,1.460973e-02,0.000000e+00,0.000000e+00,193,3.167838e-04,0,0,0
2721,13,35853,1.049319e-03,5.023439e-03,1.002864e-02,0.000000e+00,0.000000e+00,228,4.915744e-04,0,0,0
2722,10,35863,1.150557e-03,5.118913e-03,1.089000e-02,0.000000e+00,0.000000e+00,202,9.115040e-05,0,0,0
2723,12,35875,1.274319e-03,4.985533e-03,1.000000e-02,0.000000e+00,0.000000e+00,202,8.738146e-05,0,0,0
2724,11,35886,1.217100e-03,5.162316e-03,1.017543e-02,0.000000e+00,0.000000e+00,192,2.688337e-04,0,0,0
2725,17,35903,9.629948e-04,5.176525e-03,1.072519e-02,0.000000e+00,0.000000e+00,193,3.206730e-05,0,0,0
2726,18,35921,1.552455e-03,5.222688e-03,1.092770e-02,0.000000e+00,0.000000e+00,180,3.218651e-06,0,0,0
2727,12,35933,1.059608e-03,4.984223e-03,1.100611e-02,0.000000e+00,0.000000e+00,233,6.867945e-05,0,0,0
2728,12,35945,8.458322e-04,5.139815e-03,1.089000e-02,0.000000e+00,0.000000e+00,196,1.820475e-04,0,0,0
2729,13,35958,1.025992e-03,5.060418e-03,1.000000e-02,0.000000e+00,0.000000e+00,206,1.152344e-04,0,0,0
2730,13,35971,1.223639e-03,5.143133e-03,1.119199e-02,0.000000e+00,0.000000e+00,172,2.488494e-06,0,0,0
2731,14,35985,1.138113e-03,5.013325e-03,1.014681e-02,0.000000e+00,0.000000e+00,215,3.367513e-04,0,0,0
2732,15,36000,1.026406e-03,5.105069e-03,1.144465e-02,0.000000e+00,0.000000e+00,180,3.767163e-04,0,0,0
2733,14,36014,7.432446e-04,5.053277e-03,1.000000e-02,0.000000e+00,0.000000e+00,196,6.550420e-04,0,0,0
2734,19,36033,1.004019e-03,5.234852e-03,1.317690e-02,0.000000e+00,0.000000e+00,184,1.268983e-04,0,0,0
2735,14,36047,9.862204e-04,5.213560e-03,1.000000e-02,0.000000e+00,0.000000e+00,198,1.362264e-04,0,0,0
HIST {'total_samples': 3027532, 'floor_samples': 0, 'floor_fraction': 0.0, 'saturation_depth': 0.0, 'boundaries': 2736, 'capped_boundaries': 0, 'unfinished_worlds': 0}
2736,12,36059,1.339283e-03,5.233599e-03,1.307964e-02,0.000000e+00,0.000000e+00,199,6.355345e-06,0,0,0
2737,15,36074,8.691751e-04,5.136434e-03,1.000000e-02,0.000000e+00,0.000000e+00,205,1.597404e-05,0,0,0
2738,15,36089,1.094940e-03,5.222064e-03,1.137399e-02,0.000000e+00,0.000000e+00,198,3.162026e-05,0,0,0
2739,12,36101,1.061951e-03,5.024965e-03,1.238750e-02,0.000000e+00,0.000000e+00,222,5.191192e-06,0,0,0
2740,10,36111,1.025712e-03,5.258703e-03,1.089000e-02,0.000000e+00,0.000000e+00,166,3.210306e-04,0,0,0
2741,13,36124,1.195866e-03,5.027649e-03,1.069780e-02,0.000000e+00,0.000000e+00,238,2.784468e-05,0,0,0
2742,13,36137,1.436234e-03,5.219850e-03,1.229346e-02,0.000000e+00,0.000000e+00,170,1.717508e-04,0,0,0
2743,12,36149,1.108017e-03,5.061667e-03,1.012778e-02,0.000000e+00,0.000000e+00,213,8.323789e-05,0,0,0
2744,12,36161,9.721416e-04,5.276714e-03,1.317690e-02,0.000000e+00,0.000000e+00,178,4.816353e-04,0,0,0
2745,12,36173,1.054877e-03,5.091808e-03,1.079944e-02,0.000000e+00,0.000000e+00,199,1.371354e-04,0,0,0
2746,13,36186,1.199552e-03,5.202044e-03,1.000000e-02,0.000000e+00,0.000000e+00,186,4.066038e-04,0,0,0
2747,13,36199,9.390399e-04,5.123171e-03,1.057836e-02,0.000000e+00,0.000000e+00,197,3.427416e-04,0,0,0
2748,11,36210,1.196238e-03,5.196922e-03,1.144571e-02,0.000000e+00,0.000000e+00,189,3.372133e-05,0,0,0
2749,12,36222,1.285712e-03,5.074261e-03,1.039867e-02,0.000000e+00,0.000000e+00,212,3.083050e-05,0,0,0
2750,13,36235,1.142839e-03,5.182708e-03,1.032996e-02,0.000000e+00,0.000000e+00,184,1.266599e-05,0,0,0
2751,13,36248,1.226153e-03,5.038290e-03,1.085811e-02,0.000000e+00,0.000000e+00,216,3.569573e-05,0,0,0
2752,20,36268,8.566674e-04,5.082798e-03,1.194392e-02,0.000000e+00,0.000000e+00,195,2.793968e-05,0,0,0
2753,11,36279,9.564483e-04,4.999505e-03,1.225415e-02,0.000000e+00,0.000000e+00,216,5.510151e-04,0,0,0
2754,13,36292,1.154113e-03,5.061649e-03,1.050707e-02,0.000000e+00,0.000000e+00,182,2.617016e-07,0,0,0
2755,11,36303,8.822025e-04,5.115694e-03,1.069126e-02,0.000000e+00,0.000000e+00,200,4.690886e-05,0,0,0
2756,10,36313,1.466196e-03,5.003726e-03,1.218071e-02,0.000000e+00,0.000000e+00,200,3.575939e-04,0,0,0
2757,14,36327,1.097900e-03,4.951649e-03,1.042820e-02,0.000000e+00,0.000000e+00,207,5.680695e-05,0,0,0
2758,20,36347,9.497972e-04,5.005434e-03,1.317690e-02,0.000000e+00,0.000000e+00,211,8.101761e-05,0,0,0
2759,11,36358,1.177062e-03,5.002988e-03,1.003415e-02,0.000000e+00,0.000000e+00,187,4.079565e-05,0,0,0
2760,14,36372,9.445304e-04,5.021506e-03,1.000000e-02,0.000000e+00,0.000000e+00,201,4.649162e-05,0,0,0
2761,14,36386,8.273138e-04,5.072006e-03,1.065955e-02,0.000000e+00,0.000000e+00,195,6.288290e-05,0,0,0
2762,17,36403,9.876051e-04,5.282529e-03,1.205098e-02,0.000000e+00,0.000000e+00,200,3.850460e-05,0,0,0
2763,13,36416,1.120026e-03,5.141669e-03,1.080994e-02,0.000000e+00,0.000000e+00,210,1.376867e-05,0,0,0
2764,14,36430,1.094040e-03,5.262222e-03,1.204435e-02,0.000000e+00,0.000000e+00,179,7.089674e-04,0,0,0
2765,13,36443,1.134877e-03,5.198651e-03,1.000000e-02,0.000000e+00,0.000000e+00,202,1.915842e-04,0,0,0
2766,15,36458,9.647226e-04,5.266691e-03,1.208218e-02,0.000000e+00,0.000000e+00,196,6.429851e-06,0,0,0
2767,10,36468,1.223053e-03,5.206774e-03,1.149295e-02,0.000000e+00,0.000000e+00,196,8.957908e-04,0,0,0
2768,13,36481,1.328800e-03,5.197244e-03,1.083425e-02,0.000000e+00,0.000000e+00,194,2.815202e-04,0,0,0
2769,13,36494,1.076243e-03,5.134709e-03,1.084602e-02,0.000000e+00,0.000000e+00,207,2.676211e-04,0,0,0
2770,13,36507,9.303578e-04,5.188085e-03,1.055143e-02,0.000000e+00,0.000000e+00,187,2.081478e-04,0,0,0
2771,12,36519,1.049340e-03,5.259963e-03,1.066909e-02,0.000000e+00,0.000000e+00,188,2.319738e-05,0,0,0
2772,9,36528,1.180995e-03,5.293348e-03,1.270479e-02,0.000000e+00,0.000000e+00,187,2.214918e-04,0,0,0
2773,10,36538,1.237297e-03,5.130971e-03,1.002097e-02,0.000000e+00,0.000000e+00,198,2.666027e-04,0,0,0
2774,12,36550,1.098569e-03,5.224945e-03,1.144833e-02,0.000000e+00,0.000000e+00,203,7.916242e-08,0,0,0
2775,11,36561,9.061048e-04,5.071118e-03,1.000000e-02,0.000000e+00,0.000000e+00,206,1.891591e-04,0,0,0
2776,13,36574,8.267790e-04,5.200599e-03,1.000000e-02,0.000000e+00,0.000000e+00,172,5.584359e-04,0,0,0
2777,12,36586,9.447573e-04,5.125868e-03,9.617949e-03,0.000000e+00,0.000000e+00,195,2.109408e-04,0,0,0
2778,12,36598,1.283560e-03,5.118340e-03,1.399185e-02,0.000000e+00,0.000000e+00,208,2.363026e-04,0,0,0
2779,13,36611,1.174175e-03,5.141480e-03,1.273603e-02,0.000000e+00,0.000000e+00,189,9.005424e-05,0,0,0
2780,12,36623,1.630123e-03,5.271319e-03,1.319618e-02,0.000000e+00,0.000000e+00,180,5.168468e-05,0,0,0
2781,12,36635,1.104432e-03,5.064873e-03,1.000000e-02,0.000000e+00,0.000000e+00,198,1.655519e-05,0,0,0
2782,13,36648,1.121582e-03,5.289270e-03,1.197482e-02,0.000000e+00,0.000000e+00,181,1.755357e-05,0,0,0
2783,13,36661,1.312632e-03,5.132859e-03,1.000000e-02,0.000000e+00,0.000000e+00,197,2.856851e-04,0,0,0
HIST {'total_samples': 3079773, 'floor_samples': 0, 'floor_fraction': 0.0, 'saturation_depth': 0.0, 'boundaries': 2784, 'capped_boundaries': 0, 'unfinished_worlds': 0}
2784,16,36677,1.012247e-03,5.290112e-03,1.267245e-02,0.000000e+00,0.000000e+00,194,2.323464e-05,0,0,0
2785,12,36689,1.402260e-03,5.255429e-03,1.110309e-02,0.000000e+00,0.000000e+00,187,5.397201e-05,0,0,0
2786,14,36703,1.248814e-03,5.282930e-03,1.145796e-02,0.000000e+00,0.000000e+00,202,3.769994e-06,0,0,0
2787,13,36716,1.076746e-03,5.022882e-03,1.336934e-02,0.000000e+00,0.000000e+00,219,2.032518e-05,0,0,0
2788,16,36732,8.999585e-04,5.325210e-03,1.317690e-02,0.000000e+00,0.000000e+00,199,3.215373e-04,0,0,0
2789,12,36744,9.677082e-04,5.046956e-03,1.000000e-02,0.000000e+00,0.000000e+00,209,7.070303e-04,0,0,0
2790,14,36758,9.205144e-04,5.164290e-03,1.403185e-02,0.000000e+00,0.000000e+00,188,7.199496e-05,0,0,0
2791,16,36774,9.261459e-04,5.067728e-03,1.000000e-02,0.000000e+00,0.000000e+00,200,9.861290e-04,0,0,0
2792,15,36789,1.129478e-03,5.207961e-03,1.117271e-02,0.000000e+00,0.000000e+00,193,8.194707e-05,0,0,0
2793,12,36801,8.413995e-04,4.997424e-03,1.250669e-02,0.000000e+00,0.000000e+00,208,3.201691e-04,0,0,0
2794,14,36815,1.301133e-03,5.074687e-03,1.138335e-02,0.000000e+00,0.000000e+00,200,1.453608e-05,0,0,0
2795,10,36825,1.411248e-03,4.916263e-03,1.000000e-02,0.000000e+00,0.000000e+00,220,4.272312e-04,0,0,0
2796,12,36837,1.125484e-03,4.993065e-03,1.105170e-02,0.000000e+00,0.000000e+00,211,9.667128e-06,0,0,0
2797,15,36852,9.479610e-04,4.908840e-03,1.222576e-02,0.000000e+00,0.000000e+00,213,4.564039e-05,0,0,0
2798,14,36866,9.844962e-04,5.094805e-03,1.112015e-02,0.000000e+00,0.000000e+00,194,2.276478e-05,0,0,0
2799,12,36878,1.091434e-03,5.007946e-03,1.000000e-02,0.000000e+00,0.000000e+00,206,2.033189e-04,0,0,0
2800,10,36888,1.184725e-03,5.253352e-03,1.110273e-02,0.000000e+00,0.000000e+00,178,3.058016e-04,0,0,0
2801,16,36904,1.078802e-03,5.196533e-03,1.208767e-02,0.000000e+00,0.000000e+00,196,2.859160e-06,0,0,0
2802,14,36918,1.223352e-03,5.161760e-03,1.317690e-02,0.000000e+00,0.000000e+00,199,7.057190e-05,0,0,0
2803,14,36932,8.584964e-04,5.145286e-03,1.000000e-02,0.000000e+00,0.000000e+00,203,5.960464e-06,0,0,0
2804,11,36943,1.341766e-03,5.270219e-03,1.222280e-02,0.000000e+00,0.000000e+00,189,3.708899e-05,0,0,0
2805,16,36959,1.016808e-03,5.247681e-03,1.000000e-02,0.000000e+00,0.000000e+00,196,1.149178e-04,0,0,0
2806,13,36972,1.441511e-03,5.301240e-03,1.436455e-02,0.000000e+00,0.000000e+00,183,2.463255e-05,0,0,0
2807,10,36982,1.284128e-03,5.219849e-03,1.067167e-02,0.000000e+00,0.000000e+00,189,1.817942e-06,0,0,0
2808,12,36994,1.526845e-03,5.405794e-03,1.221806e-02,0.000000e+00,0.000000e+00,189,5.364418e-07,0,0,0
2809,11,37005,1.462597e-03,5.306236e-03,1.031439e-02,0.000000e+00,0.000000e+00,196,4.678965e-06,0,0,0
2810,14,37019,1.014856e-03,5.263040e-03,1.281771e-02,0.000000e+00,0.000000e+00,183,2.759397e-04,0,0,0
2811,16,37035,8.803812e-04,5.057195e-03,1.000000e-02,0.000000e+00,0.000000e+00,211,3.501773e-06,0,0,0
2812,13,37048,1.279714e-03,5.123965e-03,1.441496e-02,0.000000e+00,0.000000e+00,203,5.687475e-04,0,0,0
2813,13,37061,1.216029e-03,4.986535e-03,1.000000e-02,0.000000e+00,0.000000e+00,218,1.395121e-06,0,0,0
2814,18,37079,9.429390e-04,5.127577e-03,1.145071e-02,0.000000e+00,0.000000e+00,195,3.568828e-04,0,0,0
2815,15,37094,1.220479e-03,5.029377e-03,1.054119e-02,0.000000e+00,0.000000e+00,217,4.465505e-05,0,0,0
2816,10,37104,1.376444e-03,5.195716e-03,1.579660e-02,0.000000e+00,0.000000e+00,198,8.397698e-04,0,0,0
2817,11,37115,1.621938e-03,5.048691e-03,1.191534e-02,0.000000e+00,0.000000e+00,199,7.957220e-05,0,0,0
2818,12,37127,1.099356e-03,5.146706e-03,1.317690e-02,0.000000e+00,0.000000e+00,202,3.201850e-04,0,0,0
2819,13,37140,9.588010e-04,5.083161e-03,1.000000e-02,0.000000e+00,0.000000e+00,190,3.848895e-04,0,0,0
2820,12,37152,9.425730e-04,5.147560e-03,1.089000e-02,0.000000e+00,0.000000e+00,191,7.785857e-05,0,0,0
2821,13,37165,9.962443e-04,5.115435e-03,9.737616e-03,0.000000e+00,0.000000e+00,201,2.106130e-04,0,0,0
2822,11,37176,1.254672e-03,5.102926e-03,1.089000e-02,0.000000e+00,0.000000e+00,212,1.064390e-04,0,0,0
2823,12,37188,1.036964e-03,5.054836e-03,1.000000e-02,0.000000e+00,0.000000e+00,204,2.509356e-04,0,0,0
2824,13,37201,1.495243e-03,5.195400e-03,1.260160e-02,0.000000e+00,0.000000e+00,202,2.204559e-04,0,0,0
2825,13,37214,1.286742e-03,5.027368e-03,1.025114e-02,0.000000e+00,0.000000e+00,207,3.481964e-04,0,0,0
2826,15,37229,8.138671e-04,5.092042e-03,1.089000e-02,0.000000e+00,0.000000e+00,203,3.032442e-04,0,0,0
2827,21,37250,9.510484e-04,5.036611e-03,1.000000e-02,0.000000e+00,0.000000e+00,204,8.754432e-06,0,0,0
2828,18,37268,1.182790e-03,5.122808e-03,1.118004e-02,0.000000e+00,0.000000e+00,201,5.722046e-06,0,0,0
2829,14,37282,9.422421e-04,5.044605e-03,1.027167e-02,0.000000e+00,0.000000e+00,206,1.504421e-04,0,0,0
2830,14,37296,8.944274e-04,4.897458e-03,1.000000e-02,0.000000e+00,0.000000e+00,228,5.337596e-05,0,0,0
2831,15,37311,1.140110e-03,4.907855e-03,1.000000e-02,0.000000e+00,0.000000e+00,219,4.574656e-06,0,0,0
HIST {'total_samples': 3132764, 'floor_samples': 0, 'floor_fraction': 0.0, 'saturation_depth': 0.0, 'boundaries': 2832, 'capped_boundaries': 0, 'unfinished_worlds': 0}
2832,14,37325,1.321502e-03,5.040428e-03,1.091263e-02,0.000000e+00,0.000000e+00,197,9.860098e-05,0,0,0
2833,14,37339,1.301641e-03,5.111919e-03,9.936467e-03,0.000000e+00,0.000000e+00,188,5.051494e-06,0,0,0
2834,18,37357,1.163320e-03,5.172767e-03,1.079980e-02,0.000000e+00,0.000000e+00,194,5.858019e-05,0,0,0
2835,24,37381,8.356118e-04,5.136296e-03,1.000000e-02,0.000000e+00,0.000000e+00,195,9.059906e-05,0,0,0
2836,14,37395,8.592625e-04,5.148287e-03,1.434415e-02,0.000000e+00,0.000000e+00,210,1.724660e-04,0,0,0
2837,13,37408,1.262731e-03,5.030648e-03,1.000000e-02,0.000000e+00,0.000000e+00,199,6.164759e-04,0,0,0
2838,14,37422,1.023161e-03,5.113160e-03,1.225934e-02,0.000000e+00,0.000000e+00,199,4.365370e-04,0,0,0
2839,17,37439,1.194042e-03,5.003887e-03,1.000000e-02,0.000000e+00,0.000000e+00,216,1.415610e-07,0,0,0
2840,13,37452,1.070006e-03,5.044340e-03,1.119408e-02,0.000000e+00,0.000000e+00,206,1.519918e-06,0,0,0
2841,12,37464,1.535606e-03,5.085265e-03,1.000000e-02,0.000000e+00,0.000000e+00,195,2.801418e-06,0,0,0
2842,12,37476,1.367236e-03,5.132562e-03,1.094373e-02,0.000000e+00,0.000000e+00,192,4.586577e-05,0,0,0
2843,12,37488,9.977365e-04,5.115773e-03,1.000000e-02,0.000000e+00,0.000000e+00,184,8.945167e-05,0,0,0
2844,16,37504,9.960339e-04,5.060214e-03,1.210806e-02,0.000000e+00,0.000000e+00,207,3.068149e-05,0,0,0
2845,18,37522,9.278907e-04,5.073136e-03,1.370406e-02,0.000000e+00,0.000000e+00,199,2.643764e-04,0,0,0
2846,15,37537,1.090450e-03,5.005673e-03,1.231196e-02,0.000000e+00,0.000000e+00,201,5.505159e-04,0,0,0
2847,12,37549,1.464572e-03,4.983206e-03,9.992449e-03,0.000000e+00,0.000000e+00,207,2.717972e-05,0,0,0
2848,10,37559,1.563850e-03,5.056921e-03,1.089000e-02,0.000000e+00,0.000000e+00,188,1.021624e-04,0,0,0
2849,13,37572,1.202408e-03,4.903072e-03,1.000000e-02,0.000000e+00,0.000000e+00,218,2.229214e-05,0,0,0
2850,15,37587,7.547800e-04,4.922274e-03,1.096746e-02,0.000000e+00,0.000000e+00,211,7.929280e-05,0,0,0
2851,13,37600,9.711651e-04,4.870047e-03,1.000000e-02,0.000000e+00,0.000000e+00,202,4.593283e-05,0,0,0
2852,13,37613,1.086489e-03,4.934680e-03,1.039377e-02,0.000000e+00,0.000000e+00,190,4.695505e-04,0,0,0
2853,12,37625,9.193401e-04,4.974110e-03,1.000000e-02,0.000000e+00,0.000000e+00,205,4.041158e-04,0,0,0
2854,13,37638,9.801108e-04,5.162995e-03,1.477314e-02,0.000000e+00,0.000000e+00,183,7.010102e-04,0,0,0
2855,14,37652,1.004619e-03,4.973032e-03,1.000000e-02,0.000000e+00,0.000000e+00,195,1.615733e-04,0,0,0
2856,13,37665,7.436712e-04,5.014260e-03,1.519987e-02,0.000000e+00,0.000000e+00,208,2.491969e-04,0,0,0
2857,16,37681,1.056470e-03,4.981900e-03,1.000000e-02,0.000000e+00,0.000000e+00,217,2.807379e-04,0,0,0
2858,13,37694,1.107176e-03,4.826468e-03,1.038034e-02,0.000000e+00,0.000000e+00,224,1.995265e-05,0,0,0
2859,18,37712,6.654655e-04,4.970382e-03,1.087802e-02,0.000000e+00,0.000000e+00,211,9.471178e-05,0,0,0
2860,15,37727,8.181431e-04,5.006787e-03,1.090483e-02,0.000000e+00,0.000000e+00,201,8.001924e-06,0,0,0
2861,16,37743,8.912356e-04,4.725168e-03,1.050331e-02,0.000000e+00,0.000000e+00,233,3.126860e-04,0,0,0
2862,13,37756,8.614674e-04,4.805070e-03,1.009633e-02,0.000000e+00,0.000000e+00,207,1.849420e-04,0,0,0
2863,15,37771,7.748007e-04,4.729293e-03,1.042857e-02,0.000000e+00,0.000000e+00,227,6.760051e-05,0,0,0
2864,14,37785,6.577329e-04,4.869186e-03,1.089000e-02,0.000000e+00,0.000000e+00,203,4.294366e-04,0,0,0
2865,10,37795,1.492479e-03,4.896271e-03,1.000000e-02,0.000000e+00,0.000000e+00,204,1.023263e-04,0,0,0
2866,10,37805,1.241987e-03,4.970226e-03,1.210860e-02,0.000000e+00,0.000000e+00,199,4.660338e-05,0,0,0
2867,12,37817,1.383559e-03,4.926607e-03,1.056380e-02,0.000000e+00,0.000000e+00,202,1.711845e-04,0,0,0
2868,10,37827,1.871900e-03,5.101381e-03,1.140461e-02,0.000000e+00,0.000000e+00,196,4.470348e-07,0,0,0
2869,11,37838,1.438678e-03,4.955132e-03,1.042984e-02,0.000000e+00,0.000000e+00,220,3.073364e-06,0,0,0
2870,13,37851,1.320902e-03,5.026182e-03,1.000000e-02,0.000000e+00,0.000000e+00,199,5.304813e-06,0,0,0
2871,12,37863,9.482768e-04,4.907663e-03,1.017660e-02,0.000000e+00,0.000000e+00,213,1.413524e-04,0,0,0
2872,12,37875,1.387749e-03,4.976954e-03,1.079141e-02,0.000000e+00,0.000000e+00,202,6.926190e-04,0,0,0
2873,11,37886,1.234136e-03,5.060119e-03,1.000000e-02,0.000000e+00,0.000000e+00,202,1.101494e-04,0,0,0
2874,10,37896,1.256363e-03,4.939205e-03,1.283732e-02,0.000000e+00,0.000000e+00,208,4.474521e-04,0,0,0
2875,14,37910,1.018357e-03,4.910045e-03,1.000000e-02,0.000000e+00,0.000000e+00,206,1.714751e-04,0,0,0
2876,11,37921,1.099362e-03,4.920528e-03,1.000000e-02,0.000000e+00,0.000000e+00,204,9.280443e-05,0,0,0
2877,11,37932,1.020751e-03,4.950124e-03,1.000000e-02,0.000000e+00,0.000000e+00,195,1.741797e-04,0,0,0
2878,11,37943,1.300747e-03,5.052492e-03,1.315307e-02,0.000000e+00,0.000000e+00,198,3.339499e-04,0,0,0
2879,10,37953,1.155380e-03,4.940116e-03,1.000000e-02,0.000000e+00,0.000000e+00,223,1.688153e-04,0,0,0
HIST {'total_samples': 3186811, 'floor_samples': 0, 'floor_fraction': 0.0, 'saturation_depth': 0.0, 'boundaries': 2880, 'capped_boundaries': 0, 'unfinished_worlds': 0}
2880,16,37969,9.267486e-04,5.010998e-03,1.047085e-02,0.000000e+00,0.000000e+00,212,1.027137e-04,0,0,0
2881,15,37984,1.053483e-03,5.048772e-03,1.000000e-02,0.000000e+00,0.000000e+00,205,2.510846e-06,0,0,0
2882,12,37996,1.193547e-03,5.005302e-03,1.083791e-02,0.000000e+00,0.000000e+00,223,1.273602e-04,0,0,0
2883,14,38010,1.449111e-03,4.937959e-03,1.009815e-02,0.000000e+00,0.000000e+00,220,6.020069e-05,0,0,0
2884,13,38023,1.260095e-03,5.000056e-03,1.116247e-02,0.000000e+00,0.000000e+00,204,7.331371e-06,0,0,0
2885,15,38038,1.300226e-03,4.898156e-03,1.132471e-02,0.000000e+00,0.000000e+00,227,8.195639e-08,0,0,0
2886,10,38048,9.753131e-04,4.985193e-03,1.124601e-02,0.000000e+00,0.000000e+00,204,7.346272e-06,0,0,0
2887,11,38059,1.330020e-03,4.965577e-03,9.816830e-03,0.000000e+00,0.000000e+00,211,1.907125e-04,0,0,0
2888,10,38069,1.490037e-03,5.064985e-03,1.032053e-02,0.000000e+00,0.000000e+00,194,3.272146e-04,0,0,0
2889,11,38080,1.365154e-03,5.074854e-03,1.000000e-02,0.000000e+00,0.000000e+00,206,3.275275e-05,0,0,0
2890,10,38090,1.518420e-03,5.029171e-03,1.000000e-02,0.000000e+00,0.000000e+00,210,3.544986e-05,0,0,0
2891,10,38100,8.415847e-04,4.936995e-03,9.616381e-03,0.000000e+00,0.000000e+00,210,2.951548e-05,0,0,0
2892,10,38110,1.173139e-03,5.113339e-03,1.293227e-02,0.000000e+00,0.000000e+00,208,4.857555e-04,0,0,0
2893,15,38125,1.274830e-03,5.041997e-03,1.000000e-02,0.000000e+00,0.000000e+00,227,2.741814e-06,0,0,0
2894,9,38134,1.122901e-03,5.227683e-03,1.241626e-02,0.000000e+00,0.000000e+00,186,1.004636e-04,0,0,0
2895,15,38149,1.151192e-03,5.176661e-03,1.115484e-02,0.000000e+00,0.000000e+00,185,6.091595e-05,0,0,0
2896,14,38163,4.664506e-04,5.319089e-03,1.273953e-02,0.000000e+00,0.000000e+00,193,3.590435e-05,0,0,0
2897,15,38178,7.651197e-04,5.212890e-03,1.000000e-02,0.000000e+00,0.000000e+00,209,1.063943e-04,0,0,0
2898,13,38191,1.039642e-03,5.227859e-03,1.215899e-02,0.000000e+00,0.000000e+00,210,2.411455e-04,0,0,0
2899,15,38206,1.062058e-03,5.076799e-03,1.157562e-02,0.000000e+00,0.000000e+00,213,2.807230e-04,0,0,0
2900,13,38219,1.062875e-03,5.158268e-03,1.089000e-02,0.000000e+00,0.000000e+00,199,6.332994e-08,0,0,0
2901,16,38235,6.811356e-04,5.070648e-03,1.000000e-02,0.000000e+00,0.000000e+00,210,3.665686e-06,0,0,0
2902,11,38246,1.012637e-03,5.067712e-03,1.089000e-02,0.000000e+00,0.000000e+00,200,1.149476e-04,0,0,0
2903,16,38262,7.610526e-04,5.060646e-03,1.000000e-02,0.000000e+00,0.000000e+00,193,1.213569e-04,0,0,0
2904,16,38278,1.347515e-03,5.031258e-03,1.097450e-02,0.000000e+00,0.000000e+00,214,1.311302e-06,0,0,0
2905,16,38294,1.103049e-03,5.015470e-03,1.207196e-02,0.000000e+00,0.000000e+00,206,3.264099e-04,0,0,0
2906,20,38314,8.016096e-04,5.176544e-03,1.353536e-02,0.000000e+00,0.000000e+00,191,4.659444e-04,0,0,0
2907,13,38327,8.842137e-04,5.139966e-03,1.046188e-02,0.000000e+00,0.000000e+00,201,4.084781e-06,0,0,0
2908,16,38343,1.009744e-03,5.130258e-03,1.229425e-02,0.000000e+00,0.000000e+00,184,1.668930e-06,0,0,0
2909,16,38359,9.262168e-04,5.092721e-03,1.197900e-02,0.000000e+00,0.000000e+00,216,2.268255e-04,0,0,0
2910,13,38372,1.062989e-03,5.211783e-03,1.197900e-02,0.000000e+00,0.000000e+00,192,2.082437e-05,0,0,0
2911,12,38384,1.199377e-03,5.176472e-03,1.000000e-02,0.000000e+00,0.000000e+00,200,1.737718e-04,0,0,0
2912,12,38396,1.294577e-03,5.289374e-03,1.148997e-02,0.000000e+00,0.000000e+00,183,2.940744e-05,0,0,0
2913,16,38412,9.574342e-04,5.171392e-03,1.000000e-02,0.000000e+00,0.000000e+00,199,3.491342e-05,0,0,0
2914,11,38423,1.300422e-03,5.185131e-03,1.290663e-02,0.000000e+00,0.000000e+00,204,3.364198e-04,0,0,0
2915,11,38434,1.168845e-03,5.055914e-03,1.218287e-02,0.000000e+00,0.000000e+00,213,2.310574e-04,0,0,0
2916,11,38445,1.415396e-03,5.238076e-03,1.366314e-02,0.000000e+00,0.000000e+00,185,1.066178e-04,0,0,0
2917,11,38456,1.046047e-03,5.217216e-03,1.357545e-02,0.000000e+00,0.000000e+00,202,1.956940e-04,0,0,0
2918,18,38474,6.472822e-04,5.226909e-03,1.594405e-02,0.000000e+00,0.000000e+00,196,4.632324e-04,0,0,0
2919,16,38490,6.626919e-04,5.204190e-03,1.003635e-02,0.000000e+00,0.000000e+00,203,1.894310e-05,0,0,0
2920,11,38501,1.370406e-03,5.290485e-03,1.089000e-02,0.000000e+00,0.000000e+00,196,9.499490e-05,0,0,0
2921,11,38512,1.533822e-03,5.300178e-03,1.011923e-02,0.000000e+00,0.000000e+00,208,1.132488e-06,0,0,0
2922,11,38523,9.317506e-04,5.319361e-03,1.214630e-02,0.000000e+00,0.000000e+00,204,2.119094e-04,0,0,0
2923,11,38534,1.300410e-03,5.138125e-03,1.051268e-02,0.000000e+00,0.000000e+00,202,8.970499e-06,0,0,0
2924,11,38545,1.299942e-03,5.256562e-03,1.038106e-02,0.000000e+00,0.000000e+00,193,6.657839e-05,0,0,0
2925,10,38555,1.534952e-03,5.269025e-03,1.521288e-02,0.000000e+00,0.000000e+00,195,3.306568e-05,0,0,0
2926,17,38572,7.608051e-04,5.399808e-03,1.305740e-02,0.000000e+00,0.000000e+00,191,4.629791e-05,0,0,0
2927,9,38581,1.247774e-03,5.246869e-03,1.000000e-02,0.000000e+00,0.000000e+00,196,2.206564e-04,0,0,0
HIST {'total_samples': 3240250, 'floor_samples': 0, 'floor_fraction': 0.0, 'saturation_depth': 0.0, 'boundaries': 2928, 'capped_boundaries': 0, 'unfinished_worlds': 0}
2928,14,38595,1.134377e-03,5.253429e-03,1.147070e-02,0.000000e+00,0.000000e+00,199,6.618351e-05,0,0,0
2929,14,38609,9.701785e-04,5.163470e-03,1.000000e-02,0.000000e+00,0.000000e+00,204,1.963228e-05,0,0,0
2930,12,38621,1.310724e-03,5.234618e-03,1.041536e-02,0.000000e+00,0.000000e+00,188,9.727478e-05,0,0,0
2931,13,38634,1.500087e-03,5.254982e-03,1.026943e-02,0.000000e+00,0.000000e+00,193,1.107007e-04,0,0,0
2932,11,38645,1.246537e-03,5.352208e-03,1.000000e-02,0.000000e+00,0.000000e+00,178,5.132556e-04,0,0,0
2933,14,38659,8.617127e-04,5.333722e-03,1.098921e-02,0.000000e+00,0.000000e+00,212,9.179115e-06,0,0,0
2934,10,38669,1.186502e-03,5.429573e-03,1.096758e-02,0.000000e+00,0.000000e+00,177,2.453700e-04,0,0,0
2935,11,38680,1.219997e-03,5.375264e-03,1.000000e-02,0.000000e+00,0.000000e+00,190,8.419156e-06,0,0,0
2936,15,38695,9.099777e-04,5.471559e-03,1.007162e-02,0.000000e+00,0.000000e+00,195,1.681820e-04,0,0,0
2937,17,38712,1.195359e-03,5.287471e-03,1.072067e-02,0.000000e+00,0.000000e+00,209,3.948584e-04,0,0,0
2938,13,38725,1.026337e-03,5.375280e-03,1.129022e-02,0.000000e+00,0.000000e+00,182,5.936474e-04,0,0,0
2939,14,38739,8.825142e-04,5.191528e-03,1.000000e-02,0.000000e+00,0.000000e+00,210,1.166693e-04,0,0,0
2940,13,38752,9.054667e-04,5.243295e-03,1.404596e-02,0.000000e+00,0.000000e+00,197,4.008412e-06,0,0,0
2941,12,38764,1.088940e-03,5.130776e-03,1.000000e-02,0.000000e+00,0.000000e+00,214,1.833290e-04,0,0,0
2942,15,38779,1.200666e-03,5.082391e-03,1.058139e-02,0.000000e+00,0.000000e+00,201,7.522851e-05,0,0,0
2943,11,38790,7.233358e-04,5.044354e-03,1.163952e-02,0.000000e+00,0.000000e+00,210,1.011491e-04,0,0,0
2944,16,38806,1.421443e-03,5.066095e-03,1.035635e-02,0.000000e+00,0.000000e+00,201,9.601936e-07,0,0,0
2945,13,38819,1.153643e-03,5.050098e-03,1.030656e-02,0.000000e+00,0.000000e+00,201,1.269579e-05,0,0,0
2946,11,38830,1.135139e-03,5.216731e-03,1.131988e-02,0.000000e+00,0.000000e+00,183,1.646178e-04,0,0,0
2947,15,38845,1.238093e-03,5.043817e-03,1.018281e-02,0.000000e+00,0.000000e+00,205,1.901388e-05,0,0,0
2948,12,38857,1.041444e-03,5.116011e-03,1.357535e-02,0.000000e+00,0.000000e+00,199,2.451688e-04,0,0,0
2949,19,38876,9.459669e-04,5.043663e-03,1.000000e-02,0.000000e+00,0.000000e+00,213,1.450256e-05,0,0,0
2950,11,38887,8.890119e-04,5.066071e-03,1.217772e-02,0.000000e+00,0.000000e+00,207,9.351224e-05,0,0,0
2951,12,38899,9.165765e-04,4.900882e-03,1.000000e-02,0.000000e+00,0.000000e+00,218,2.188683e-04,0,0,0
2952,11,38910,1.185480e-03,5.107202e-03,1.099226e-02,0.000000e+00,0.000000e+00,186,2.852976e-04,0,0,0
2953,12,38922,1.126044e-03,4.977886e-03,1.065024e-02,0.000000e+00,0.000000e+00,215,4.510581e-05,0,0,0
2954,12,38934,9.911301e-04,5.086993e-03,1.128204e-02,0.000000e+00,0.000000e+00,189,4.172325e-07,0,0,0
2955,14,38948,1.093301e-03,5.079332e-03,1.000000e-02,0.000000e+00,0.000000e+00,206,1.593679e-05,0,0,0
2956,11,38959,9.805050e-04,5.115489e-03,1.340365e-02,0.000000e+00,0.000000e+00,191,6.389618e-05,0,0,0
2957,10,38969,9.597014e-04,4.979433e-03,1.000000e-02,0.000000e+00,0.000000e+00,219,8.070469e-05,0,0,0
2958,17,38986,5.721201e-04,5.199176e-03,1.314582e-02,0.000000e+00,0.000000e+00,181,2.159923e-05,0,0,0
2959,12,38998,1.147190e-03,5.024690e-03,1.112046e-02,0.000000e+00,0.000000e+00,221,1.733601e-04,0,0,0
2960,10,39008,1.199231e-03,5.166764e-03,1.089541e-02,0.000000e+00,0.000000e+00,189,4.708841e-04,0,0,0
2961,11,39019,1.228685e-03,5.067655e-03,1.000000e-02,0.000000e+00,0.000000e+00,210,1.192093e-06,0,0,0
2962,12,39031,1.107851e-03,5.193993e-03,1.089000e-02,0.000000e+00,0.000000e+00,198,4.213750e-04,0,0,0
2963,14,39045,1.102494e-03,5.167164e-03,1.000000e-02,0.000000e+00,0.000000e+00,197,1.472635e-04,0,0,0
2964,11,39056,1.227090e-03,5.223897e-03,1.317690e-02,0.000000e+00,0.000000e+00,200,2.725422e-05,0,0,0
2965,12,39068,1.086581e-03,5.150540e-03,1.000000e-02,0.000000e+00,0.000000e+00,207,1.655519e-05,0,0,0
2966,12,39080,1.410195e-03,5.101048e-03,1.317690e-02,0.000000e+00,0.000000e+00,217,4.440546e-06,0,0,0
2967,13,39093,1.143597e-03,5.024716e-03,1.000000e-02,0.000000e+00,0.000000e+00,202,5.389750e-05,0,0,0
2968,13,39106,1.093843e-03,5.223956e-03,1.360960e-02,0.000000e+00,0.000000e+00,201,2.542324e-05,0,0,0
2969,15,39121,9.882401e-04,5.172306e-03,1.052767e-02,0.000000e+00,0.000000e+00,204,2.216548e-05,0,0,0
2970,32,39153,5.483408e-04,5.238048e-03,1.089000e-02,0.000000e+00,0.000000e+00,206,9.238720e-06,0,0,0
2971,13,39166,1.173645e-03,5.260518e-03,1.030763e-02,0.000000e+00,0.000000e+00,187,5.582720e-05,0,0,0
2972,13,39179,1.456327e-03,5.168215e-03,1.197900e-02,0.000000e+00,0.000000e+00,196,1.080036e-04,0,0,0
2973,14,39193,9.234739e-04,5.144224e-03,1.124547e-02,0.000000e+00,0.000000e+00,197,3.053918e-04,0,0,0
2974,18,39211,9.207841e-04,5.076001e-03,1.167215e-02,0.000000e+00,0.000000e+00,196,6.157868e-04,0,0,0
2975,11,39222,7.441777e-04,4.937157e-03,1.000000e-02,0.000000e+00,0.000000e+00,207,5.154312e-04,0,0,0
HIST {'total_samples': 3293862, 'floor_samples': 0, 'floor_fraction': 0.0, 'saturation_depth': 0.0, 'boundaries': 2976, 'capped_boundaries': 0, 'unfinished_worlds': 0}
2976,13,39235,9.612494e-04,5.045273e-03,1.029273e-02,0.000000e+00,0.000000e+00,194,2.056360e-06,0,0,0
2977,13,39248,1.267451e-03,4.885496e-03,1.000000e-02,0.000000e+00,0.000000e+00,218,2.177060e-05,0,0,0
2978,13,39261,1.080953e-03,5.115503e-03,1.134958e-02,0.000000e+00,0.000000e+00,183,9.620190e-05,0,0,0
2979,13,39274,9.914311e-04,5.060311e-03,1.128699e-02,0.000000e+00,0.000000e+00,199,1.859665e-04,0,0,0
2980,10,39284,1.160803e-03,5.242600e-03,1.228599e-02,0.000000e+00,0.000000e+00,178,4.992113e-04,0,0,0
2981,13,39297,1.238932e-03,5.250863e-03,1.125412e-02,0.000000e+00,0.000000e+00,193,1.000315e-04,0,0,0
2982,14,39311,8.798282e-04,5.215773e-03,1.089000e-02,0.000000e+00,0.000000e+00,202,1.559258e-04,0,0,0
2983,14,39325,1.229251e-03,5.166191e-03,1.031036e-02,0.000000e+00,0.000000e+00,190,7.207319e-05,0,0,0
2984,12,39337,1.095051e-03,5.358699e-03,1.215552e-02,0.000000e+00,0.000000e+00,190,5.616248e-05,0,0,0
2985,20,39357,7.037335e-04,5.130998e-03,1.116001e-02,0.000000e+00,0.000000e+00,217,8.724630e-05,0,0,0
2986,13,39370,5.719950e-04,5.304513e-03,1.089000e-02,0.000000e+00,0.000000e+00,200,7.152557e-07,0,0,0
2987,13,39383,1.165108e-03,5.091896e-03,1.002606e-02,0.000000e+00,0.000000e+00,227,6.949902e-05,0,0,0
2988,13,39396,1.377798e-03,5.059696e-03,1.102867e-02,0.000000e+00,0.000000e+00,200,6.020069e-06,0,0,0
2989,14,39410,1.283409e-03,5.150755e-03,1.053158e-02,0.000000e+00,0.000000e+00,191,2.758857e-05,0,0,0
2990,11,39421,1.009729e-03,5.301465e-03,1.394324e-02,0.000000e+00,0.000000e+00,184,8.112192e-05,0,0,0
2991,11,39432,1.577447e-03,5.216838e-03,1.073244e-02,0.000000e+00,0.000000e+00,206,1.004338e-05,0,0,0
2992,10,39442,1.009000e-03,5.245251e-03,1.218437e-02,0.000000e+00,0.000000e+00,206,1.581609e-04,0,0,0
2993,12,39454,1.664914e-03,5.217699e-03,1.000000e-02,0.000000e+00,0.000000e+00,186,2.923422e-06,0,0,0
2994,10,39464,1.214641e-03,5.290688e-03,1.189888e-02,0.000000e+00,0.000000e+00,172,7.867254e-05,0,0,0
2995,11,39475,1.135390e-03,5.169187e-03,1.000000e-02,0.000000e+00,0.000000e+00,208,7.499196e-05,0,0,0
2996,12,39487,1.658127e-03,5.374914e-03,1.138798e-02,0.000000e+00,0.000000e+00,184,1.492770e-05,0,0,0
2997,11,39498,1.601000e-03,5.132258e-03,1.000000e-02,0.000000e+00,0.000000e+00,215,6.255507e-05,0,0,0
2998,9,39507,1.081799e-03,5.235953e-03,1.229273e-02,0.000000e+00,0.000000e+00,189,4.100390e-04,0,0,0
2999,12,39519,1.118725e-03,5.075068e-03,1.205324e-02,0.000000e+00,0.000000e+00,200,1.980104e-04,0,0,0
3000,14,39533,9.916662e-04,5.206198e-03,1.341509e-02,0.000000e+00,0.000000e+00,201,6.089173e-04,0,0,0
3001,14,39547,1.031539e-03,5.075620e-03,1.000000e-02,0.000000e+00,0.000000e+00,200,3.377534e-05,0,0,0
3002,12,39559,1.454306e-03,5.243226e-03,1.272379e-02,0.000000e+00,0.000000e+00,199,2.952516e-04,0,0,0
3003,13,39572,1.416534e-03,5.085101e-03,1.097393e-02,0.000000e+00,0.000000e+00,223,1.621246e-04,0,0,0
3004,15,39587,8.512303e-04,5.170481e-03,1.317690e-02,0.000000e+00,0.000000e+00,190,4.172325e-06,0,0,0
3005,13,39600,9.197033e-04,5.162996e-03,1.036458e-02,0.000000e+00,0.000000e+00,194,1.183618e-05,0,0,0
3006,12,39612,9.388648e-04,5.130125e-03,1.089000e-02,0.000000e+00,0.000000e+00,205,4.270673e-04,0,0,0
3007,13,39625,8.581873e-04,5.071859e-03,1.029286e-02,0.000000e+00,0.000000e+00,190,2.382249e-04,0,0,0
3008,17,39642,7.906640e-04,5.299088e-03,1.250015e-02,0.000000e+00,0.000000e+00,181,3.933907e-06,0,0,0
3009,14,39656,8.483249e-04,5.051301e-03,1.000000e-02,0.000000e+00,0.000000e+00,208,1.899898e-05,0,0,0
3010,11,39667,1.020118e-03,5.096912e-03,1.188776e-02,0.000000e+00,0.000000e+00,195,9.158626e-05,0,0,0
3011,15,39682,7.842730e-04,5.100285e-03,1.000000e-02,0.000000e+00,0.000000e+00,191,2.920628e-05,0,0,0
3012,14,39696,1.085907e-03,5.175240e-03,1.286311e-02,0.000000e+00,0.000000e+00,200,3.544323e-06,0,0,0
3013,16,39712,7.779967e-04,5.070994e-03,1.000000e-02,0.000000e+00,0.000000e+00,214,2.846122e-06,0,0,0
3014,16,39728,8.320499e-04,5.128449e-03,1.317690e-02,0.000000e+00,0.000000e+00,205,1.391768e-05,0,0,0
3015,18,39746,5.785910e-04,5.117288e-03,1.547451e-02,0.000000e+00,0.000000e+00,214,2.716482e-05,0,0,0
3016,16,39762,7.891759e-04,5.034220e-03,1.292924e-02,0.000000e+00,0.000000e+00,224,3.369860e-04,0,0,0
3017,18,39780,7.664666e-04,4.986691e-03,1.197900e-02,0.000000e+00,0.000000e+00,220,1.890864e-05,0,0,0
3018,13,39793,8.434983e-04,5.048048e-03,1.149888e-02,0.000000e+00,0.000000e+00,195,5.483590e-04,0,0,0
3019,13,39806,8.834536e-04,5.148552e-03,9.992584e-03,0.000000e+00,0.000000e+00,194,7.241964e-06,0,0,0
3020,11,39817,1.023780e-03,5.128581e-03,1.064502e-02,0.000000e+00,0.000000e+00,201,1.670290e-04,0,0,0
3021,13,39830,1.202977e-03,5.009678e-03,1.000000e-02,0.000000e+00,0.000000e+00,226,6.705523e-07,0,0,0
3022,26,39856,6.209524e-04,5.157046e-03,1.040696e-02,0.000000e+00,0.000000e+00,194,1.728535e-05,0,0,0
3023,15,39871,8.396077e-04,5.101144e-03,1.000000e-02,0.000000e+00,0.000000e+00,209,2.235174e-05,0,0,0
HIST {'total_samples': 3347243, 'floor_samples': 0, 'floor_fraction': 0.0, 'saturation_depth': 0.0, 'boundaries': 3024, 'capped_boundaries': 0, 'unfinished_worlds': 0}
3024,10,39881,1.397429e-03,5.449679e-03,1.241319e-02,0.000000e+00,0.000000e+00,172,1.292676e-05,0,0,0
3025,10,39891,9.580745e-04,5.349346e-03,1.184080e-02,0.000000e+00,0.000000e+00,191,5.293302e-04,0,0,0
3026,10,39901,1.472610e-03,5.540996e-03,1.310204e-02,0.000000e+00,0.000000e+00,169,5.301051e-04,0,0,0
3027,13,39914,1.070237e-03,5.098592e-03,1.000000e-02,0.000000e+00,0.000000e+00,228,1.868606e-05,0,0,0
3028,15,39929,9.327431e-04,5.226275e-03,1.324951e-02,0.000000e+00,0.000000e+00,210,6.152391e-04,0,0,0
3029,12,39941,1.342975e-03,5.140143e-03,1.000000e-02,0.000000e+00,0.000000e+00,196,7.846579e-05,0,0,0
3030,11,39952,1.726421e-03,5.267303e-03,1.197900e-02,0.000000e+00,0.000000e+00,201,3.039837e-06,0,0,0
3031,13,39965,1.102245e-03,5.157668e-03,1.000000e-02,0.000000e+00,0.000000e+00,204,6.929040e-06,0,0,0
3032,10,39975,1.196532e-03,5.256610e-03,1.057650e-02,0.000000e+00,0.000000e+00,186,1.241714e-04,0,0,0
3033,13,39988,1.103601e-03,5.272285e-03,1.032619e-02,0.000000e+00,0.000000e+00,196,9.050965e-05,0,0,0
3034,11,39999,1.010502e-03,5.276870e-03,1.317690e-02,0.000000e+00,0.000000e+00,198,1.418591e-05,0,0,0
3035,13,40012,9.495085e-04,5.175248e-03,1.000000e-02,0.000000e+00,0.000000e+00,198,6.136335e-04,0,0,0
3036,13,40025,1.052454e-03,5.244212e-03,1.112446e-02,0.000000e+00,0.000000e+00,210,3.087372e-04,0,0,0
3037,15,40040,9.204590e-04,5.139826e-03,1.000000e-02,0.000000e+00,0.000000e+00,206,2.130866e-05,0,0,0
3038,21,40061,8.078566e-04,5.120564e-03,1.317244e-02,0.000000e+00,0.000000e+00,214,9.220093e-05,0,0,0
3039,14,40075,1.202296e-03,5.126578e-03,1.011929e-02,0.000000e+00,0.000000e+00,201,1.498312e-05,0,0,0
3040,15,40090,9.399147e-04,5.200753e-03,1.628732e-02,0.000000e+00,0.000000e+00,215,1.196265e-04,0,0,0
3041,13,40103,1.341469e-03,5.200366e-03,1.000000e-02,0.000000e+00,0.000000e+00,188,1.039393e-04,0,0,0
3042,12,40115,1.191484e-03,5.277806e-03,1.201988e-02,0.000000e+00,0.000000e+00,196,4.999340e-06,0,0,0
3043,14,40129,9.367510e-04,5.173498e-03,1.000000e-02,0.000000e+00,0.000000e+00,226,8.043647e-05,0,0,0
3044,13,40142,1.160028e-03,5.349132e-03,1.069505e-02,0.000000e+00,0.000000e+00,188,1.816973e-04,0,0,0
3045,15,40157,1.227634e-03,5.126827e-03,1.000000e-02,0.000000e+00,0.000000e+00,230,5.573034e-06,0,0,0
3046,17,40174,7.736196e-04,5.285608e-03,1.505343e-02,0.000000e+00,0.000000e+00,195,3.735721e-04,0,0,0
3047,11,40185,1.204250e-03,5.222594e-03,1.000000e-02,0.000000e+00,0.000000e+00,198,5.023926e-05,0,0,0
3048,12,40197,1.045836e-03,5.325385e-03,1.596757e-02,0.000000e+00,0.000000e+00,184,1.522414e-04,0,0,0
3049,11,40208,1.128731e-03,5.155502e-03,1.000000e-02,0.000000e+00,0.000000e+00,216,1.242757e-05,0,0,0
3050,11,40219,9.286389e-04,5.265595e-03,1.125723e-02,0.000000e+00,0.000000e+00,204,3.012321e-04,0,0,0
3051,14,40233,7.858828e-04,5.212600e-03,1.449459e-02,0.000000e+00,0.000000e+00,210,1.372024e-04,0,0,0
3052,11,40244,1.073488e-03,5.110088e-03,1.317690e-02,0.000000e+00,0.000000e+00,201,5.187318e-04,0,0,0
3053,12,40256,9.668606e-04,5.113741e-03,1.113587e-02,0.000000e+00,0.000000e+00,208,7.688999e-06,0,0,0
3054,13,40269,1.296233e-03,5.179967e-03,1.157496e-02,0.000000e+00,0.000000e+00,200,9.514391e-06,0,0,0
3055,11,40280,9.922920e-04,5.073315e-03,1.113529e-02,0.000000e+00,0.000000e+00,202,5.219020e-04,0,0,0
3056,14,40294,1.010932e-03,5.201311e-03,1.141225e-02,0.000000e+00,0.000000e+00,185,2.679378e-04,0,0,0
3057,12,40306,1.388318e-03,5.104446e-03,1.000000e-02,0.000000e+00,0.000000e+00,209,3.273850e-04,0,0,0
3058,18,40324,9.017821e-04,5.088046e-03,1.285571e-02,0.000000e+00,0.000000e+00,208,2.838820e-04,0,0,0
3059,16,40340,9.283703e-04,5.030683e-03,1.000000e-02,0.000000e+00,0.000000e+00,206,5.680844e-04,0,0,0
3060,12,40352,1.311741e-03,5.154298e-03,1.273619e-02,0.000000e+00,0.000000e+00,200,9.911414e-04,0,0,0
3061,19,40371,7.258139e-04,5.175222e-03,1.000000e-02,0.000000e+00,0.000000e+00,202,2.082158e-04,0,0,0
3062,16,40387,1.051497e-03,5.306721e-03,1.415265e-02,0.000000e+00,0.000000e+00,197,9.013563e-04,0,0,0
3063,16,40403,1.098443e-03,5.189824e-03,1.000000e-02,0.000000e+00,0.000000e+00,193,9.888038e-05,0,0,0
3064,14,40417,1.206579e-03,5.296893e-03,1.079283e-02,0.000000e+00,0.000000e+00,187,4.706457e-04,0,0,0
3065,11,40428,1.268964e-03,5.101258e-03,1.168243e-02,0.000000e+00,0.000000e+00,214,3.063977e-04,0,0,0
3066,12,40440,1.264255e-03,5.168673e-03,1.089000e-02,0.000000e+00,0.000000e+00,196,3.057765e-04,0,0,0
3067,13,40453,9.526722e-04,5.105844e-03,1.174099e-02,0.000000e+00,0.000000e+00,211,1.047552e-05,0,0,0
3068,11,40464,1.328437e-03,5.150025e-03,1.169806e-02,0.000000e+00,0.000000e+00,197,4.369766e-06,0,0,0
3069,11,40475,1.417227e-03,5.063913e-03,1.000000e-02,0.000000e+00,0.000000e+00,193,4.086155e-05,0,0,0
3070,13,40488,1.487859e-03,5.108220e-03,1.075672e-02,0.000000e+00,0.000000e+00,199,2.257526e-06,0,0,0
3071,12,40500,1.143020e-03,5.041209e-03,1.115110e-02,0.000000e+00,0.000000e+00,207,2.294928e-04,0,0,0
HIST {'total_samples': 3400237, 'floor_samples': 0, 'floor_fraction': 0.0, 'saturation_depth': 0.0, 'boundaries': 3072, 'capped_boundaries': 0, 'unfinished_worlds': 0}
3072,13,40513,1.120341e-03,5.065100e-03,1.368529e-02,0.000000e+00,0.000000e+00,202,5.837120e-04,0,0,0
3073,14,40527,1.026289e-03,4.955665e-03,1.003637e-02,0.000000e+00,0.000000e+00,217,2.991557e-04,0,0,0
3074,12,40539,1.146076e-03,4.955268e-03,1.655921e-02,0.000000e+00,0.000000e+00,199,2.987310e-05,0,0,0
3075,11,40550,1.214777e-03,4.888792e-03,1.000000e-02,0.000000e+00,0.000000e+00,213,2.844185e-04,0,0,0
3076,13,40563,1.077024e-03,5.176625e-03,1.210503e-02,0.000000e+00,0.000000e+00,192,3.236532e-05,0,0,0
3077,10,40573,1.364270e-03,5.032526e-03,1.000000e-02,0.000000e+00,0.000000e+00,215,1.432896e-04,0,0,0
3078,12,40585,1.397268e-03,5.153749e-03,1.000000e-02,0.000000e+00,0.000000e+00,203,2.583265e-04,0,0,0
3079,15,40600,9.302569e-04,5.261320e-03,1.000000e-02,0.000000e+00,0.000000e+00,206,3.256425e-04,0,0,0
3080,11,40611,1.227458e-03,5.301406e-03,1.317690e-02,0.000000e+00,0.000000e+00,208,1.270324e-05,0,0,0
3081,14,40625,1.054119e-03,5.139799e-03,1.000000e-02,0.000000e+00,0.000000e+00,214,3.914535e-05,0,0,0
3082,10,40635,1.262279e-03,5.274047e-03,1.197621e-02,0.000000e+00,0.000000e+00,198,8.003041e-05,0,0,0
3083,14,40649,1.057049e-03,5.187087e-03,1.127570e-02,0.000000e+00,0.000000e+00,204,6.765872e-04,0,0,0
3084,22,40671,8.181807e-04,5.283468e-03,1.092453e-02,0.000000e+00,0.000000e+00,212,5.877316e-04,0,0,0
3085,18,40689,8.508277e-04,5.131127e-03,1.033682e-02,0.000000e+00,0.000000e+00,228,4.231930e-06,0,0,0
3086,11,40700,1.423461e-03,5.354494e-03,1.197900e-02,0.000000e+00,0.000000e+00,190,2.777576e-05,0,0,0
3087,11,40711,1.350436e-03,5.129134e-03,9.988759e-03,0.000000e+00,0.000000e+00,216,1.037177e-04,0,0,0
3088,10,40721,1.111929e-03,5.243635e-03,1.208640e-02,0.000000e+00,0.000000e+00,190,5.364418e-05,0,0,0
3089,12,40733,1.051653e-03,5.200068e-03,1.005372e-02,0.000000e+00,0.000000e+00,205,7.303012e-20,0,0,0
3090,13,40746,1.218698e-03,5.294465e-03,1.171410e-02,0.000000e+00,0.000000e+00,196,9.894371e-06,0,0,0
3091,11,40757,9.527581e-04,5.152178e-03,1.031059e-02,0.000000e+00,0.000000e+00,214,1.027435e-05,0,0,0
3092,12,40769,1.759104e-03,5.265024e-03,1.110702e-02,0.000000e+00,0.000000e+00,174,3.951788e-05,0,0,0
3093,15,40784,6.242508e-04,5.092200e-03,1.000000e-02,0.000000e+00,0.000000e+00,200,3.030896e-05,0,0,0
3094,13,40797,1.047041e-03,5.064996e-03,1.186591e-02,0.000000e+00,0.000000e+00,207,5.513430e-06,0,0,0
3095,12,40809,9.023651e-04,4.970626e-03,1.000000e-02,0.000000e+00,0.000000e+00,211,2.342239e-04,0,0,0
3096,12,40821,9.807847e-04,5.095833e-03,1.100132e-02,0.000000e+00,0.000000e+00,196,1.609325e-06,0,0,0
3097,14,40835,1.169115e-03,5.083612e-03,1.214786e-02,0.000000e+00,0.000000e+00,202,2.414435e-04,0,0,0
3098,12,40847,1.052695e-03,5.172880e-03,1.107671e-02,0.000000e+00,0.000000e+00,191,3.291517e-04,0,0,0
3099,16,40863,1.024025e-03,5.055713e-03,1.170210e-02,0.000000e+00,0.000000e+00,219,9.894371e-06,0,0,0
3100,18,40881,9.279929e-04,5.122548e-03,1.076689e-02,0.000000e+00,0.000000e+00,187,7.122755e-06,0,0,0
3101,14,40895,9.187917e-04,4.976153e-03,1.000000e-02,0.000000e+00,0.000000e+00,219,1.467168e-04,0,0,0
3102,12,40907,1.445395e-03,5.164390e-03,1.194558e-02,0.000000e+00,0.000000e+00,187,1.508296e-04,0,0,0
3103,11,40918,1.344698e-03,5.117329e-03,1.000000e-02,0.000000e+00,0.000000e+00,187,2.076421e-04,0,0,0
3104,10,40928,1.565006e-03,5.171304e-03,1.255289e-02,0.000000e+00,0.000000e+00,184,3.126264e-05,0,0,0
3105,12,40940,8.130363e-04,5.003252e-03,1.095133e-02,0.000000e+00,0.000000e+00,202,1.413748e-06,0,0,0
3106,12,40952,1.245529e-03,5.117049e-03,1.211034e-02,0.000000e+00,0.000000e+00,196,2.991408e-04,0,0,0
3107,18,40970,1.027966e-03,5.120093e-03,1.103844e-02,0.000000e+00,0.000000e+00,198,2.178401e-04,0,0,0
3108,20,40990,8.812515e-04,5.172776e-03,1.318956e-02,0.000000e+00,0.000000e+00,214,5.903840e-05,0,0,0
3109,13,41003,1.096807e-03,5.084998e-03,1.303014e-02,0.000000e+00,0.000000e+00,213,2.229512e-04,0,0,0
3110,17,41020,7.466513e-04,4.934020e-03,1.000000e-02,0.000000e+00,0.000000e+00,229,2.020821e-04,0,0,0
3111,15,41035,8.697428e-04,4.773893e-03,9.852620e-03,0.000000e+00,0.000000e+00,226,4.765560e-05,0,0,0
3112,13,41048,1.237127e-03,4.913244e-03,1.017374e-02,0.000000e+00,0.000000e+00,194,1.704693e-05,0,0,0
3113,15,41063,1.220785e-03,4.863358e-03,9.906018e-03,0.000000e+00,0.000000e+00,222,1.052944e-04,0,0,0
3114,10,41073,1.148055e-03,4.935210e-03,1.161414e-02,0.000000e+00,0.000000e+00,188,3.417656e-04,0,0,0
3115,15,41088,7.925754e-04,4.930482e-03,1.110271e-02,0.000000e+00,0.000000e+00,211,2.964251e-04,0,0,0
3116,13,41101,8.735369e-04,4.962593e-03,1.089000e-02,0.000000e+00,0.000000e+00,210,5.960464e-08,0,0,0
3117,12,41113,1.248467e-03,4.894447e-03,1.493986e-02,0.000000e+00,0.000000e+00,223,7.748604e-06,0,0,0
3118,13,41126,1.071468e-03,4.887825e-03,1.089000e-02,0.000000e+00,0.000000e+00,217,1.428425e-04,0,0,0
3119,17,41143,1.129760e-03,4.987072e-03,1.197900e-02,0.000000e+00,0.000000e+00,196,4.986525e-04,0,0,0
HIST {'total_samples': 3454220, 'floor_samples': 0, 'floor_fraction': 0.0, 'saturation_depth': 0.0, 'boundaries': 3120, 'capped_boundaries': 0, 'unfinished_worlds': 0}
3120,12,41155,1.238286e-03,5.060752e-03,1.068076e-02,0.000000e+00,0.000000e+00,195,8.276573e-04,0,0,0
3121,14,41169,8.173211e-04,5.026108e-03,1.083785e-02,0.000000e+00,0.000000e+00,210,6.169975e-04,0,0,0
3122,14,41183,1.043448e-03,5.001827e-03,1.089000e-02,0.000000e+00,0.000000e+00,195,1.256168e-04,0,0,0
3123,11,41194,1.464793e-03,4.929463e-03,1.000000e-02,0.000000e+00,0.000000e+00,200,2.244115e-05,0,0,0
3124,10,41204,1.327199e-03,5.144292e-03,1.001750e-02,0.000000e+00,0.000000e+00,178,4.357940e-04,0,0,0
3125,9,41213,1.308310e-03,5.023586e-03,1.101925e-02,0.000000e+00,0.000000e+00,197,6.048530e-04,0,0,0
3126,12,41225,1.257569e-03,5.156170e-03,1.161580e-02,0.000000e+00,0.000000e+00,192,1.010001e-04,0,0,0
3127,12,41237,1.413508e-03,5.021083e-03,1.265616e-02,0.000000e+00,0.000000e+00,208,5.908310e-05,0,0,0
3128,12,41249,1.306394e-03,5.109837e-03,1.012889e-02,0.000000e+00,0.000000e+00,210,1.553297e-04,0,0,0
3129,13,41262,1.275330e-03,4.901594e-03,1.063603e-02,0.000000e+00,0.000000e+00,223,4.198290e-04,0,0,0
3130,14,41276,1.338468e-03,4.944083e-03,1.192610e-02,0.000000e+00,0.000000e+00,219,4.401058e-05,0,0,0
3131,20,41296,6.346894e-04,4.960462e-03,1.000000e-02,0.000000e+00,0.000000e+00,210,6.818771e-05,0,0,0
3132,16,41312,8.358042e-04,4.955742e-03,1.118652e-02,0.000000e+00,0.000000e+00,206,2.985791e-20,0,0,0
3133,13,41325,1.275609e-03,4.987875e-03,1.016965e-02,0.000000e+00,0.000000e+00,197,2.775341e-06,0,0,0
3134,16,41341,8.984320e-04,5.072962e-03,1.171785e-02,0.000000e+00,0.000000e+00,198,3.944635e-04,0,0,0
3135,13,41354,9.218866e-04,4.940469e-03,1.000000e-02,0.000000e+00,0.000000e+00,225,1.675636e-05,0,0,0
3136,11,41365,1.279948e-03,4.930097e-03,1.133160e-02,0.000000e+00,0.000000e+00,198,2.324581e-06,0,0,0
3137,17,41382,8.652421e-04,4.840647e-03,1.000000e-02,0.000000e+00,0.000000e+00,218,3.778487e-04,0,0,0
3138,20,41402,6.213180e-04,5.004089e-03,1.144635e-02,0.000000e+00,0.000000e+00,204,3.400445e-05,0,0,0
3139,16,41418,7.698432e-04,4.965274e-03,1.192041e-02,0.000000e+00,0.000000e+00,211,2.635419e-04,0,0,0
3140,20,41438,7.948680e-04,5.155366e-03,1.335829e-02,0.000000e+00,0.000000e+00,195,4.947186e-05,0,0,0
3141,16,41454,1.050522e-03,5.038952e-03,1.192774e-02,0.000000e+00,0.000000e+00,218,4.531816e-06,0,0,0
3142,12,41466,1.070497e-03,5.146283e-03,1.176837e-02,0.000000e+00,0.000000e+00,215,2.495944e-07,0,0,0
3143,15,41481,9.105744e-04,4.998141e-03,1.034260e-02,0.000000e+00,0.000000e+00,209,4.951358e-04,0,0,0
3144,17,41498,1.024200e-03,5.068506e-03,1.211426e-02,0.000000e+00,0.000000e+00,216,1.788139e-06,0,0,0
3145,10,41508,1.279546e-03,4.924241e-03,1.000000e-02,0.000000e+00,0.000000e+00,200,1.607016e-04,0,0,0
3146,12,41520,8.768032e-04,5.034033e-03,1.251390e-02,0.000000e+00,0.000000e+00,203,5.493676e-04,0,0,0
3147,15,41535,9.077461e-04,4.974258e-03,1.000000e-02,0.000000e+00,0.000000e+00,193,2.586097e-05,0,0,0
3148,12,41547,1.020993e-03,5.050958e-03,1.045292e-02,0.000000e+00,0.000000e+00,194,6.929040e-05,0,0,0
3149,12,41559,9.828325e-04,5.085930e-03,1.000000e-02,0.000000e+00,0.000000e+00,205,3.848970e-04,0,0,0
3150,14,41573,1.009630e-03,4.953370e-03,1.250287e-02,0.000000e+00,0.000000e+00,225,2.157688e-05,0,0,0
3151,14,41587,8.573667e-04,4.808351e-03,1.000000e-02,0.000000e+00,0.000000e+00,214,3.993139e-05,0,0,0
3152,13,41600,1.257183e-03,4.923411e-03,1.010410e-02,0.000000e+00,0.000000e+00,207,3.611930e-04,0,0,0
3153,17,41617,8.607517e-04,4.934776e-03,1.093118e-02,0.000000e+00,0.000000e+00,206,1.000613e-05,0,0,0
3154,18,41635,1.040716e-03,4.937926e-03,1.310577e-02,0.000000e+00,0.000000e+00,200,6.301031e-04,0,0,0
3155,17,41652,1.047181e-03,4.866289e-03,1.038275e-02,0.000000e+00,0.000000e+00,204,3.881364e-04,0,0,0
3156,16,41668,8.709350e-04,4.915373e-03,1.162743e-02,0.000000e+00,0.000000e+00,189,1.874715e-04,0,0,0
3157,18,41686,6.912355e-04,4.956609e-03,1.000000e-02,0.000000e+00,0.000000e+00,200,3.855079e-04,0,0,0
3158,11,41697,1.268853e-03,5.015846e-03,1.018434e-02,0.000000e+00,0.000000e+00,190,2.931356e-04,0,0,0
3159,13,41710,1.343925e-03,5.003572e-03,1.000000e-02,0.000000e+00,0.000000e+00,204,1.288950e-06,0,0,0
3160,12,41722,1.419345e-03,5.030327e-03,1.200421e-02,0.000000e+00,0.000000e+00,207,2.074465e-04,0,0,0
3161,12,41734,9.387503e-04,4.983960e-03,1.000000e-02,0.000000e+00,0.000000e+00,205,1.349077e-04,0,0,0
3162,12,41746,1.530110e-03,5.022305e-03,1.310650e-02,0.000000e+00,0.000000e+00,195,1.871586e-05,0,0,0
3163,12,41758,1.295062e-03,4.900273e-03,1.000000e-02,0.000000e+00,0.000000e+00,206,3.154278e-04,0,0,0
3164,16,41774,8.438363e-04,4.870791e-03,1.000000e-02,0.000000e+00,0.000000e+00,191,6.857514e-05,0,0,0
3165,18,41792,7.915081e-04,5.009475e-03,1.027939e-02,0.000000e+00,0.000000e+00,207,1.786947e-04,0,0,0
3166,18,41810,7.966200e-04,5.067268e-03,1.204605e-02,0.000000e+00,0.000000e+00,210,5.185902e-04,0,0,0
3167,14,41824,9.469473e-04,4.980713e-03,1.185171e-02,0.000000e+00,0.000000e+00,204,8.140504e-05,0,0,0
HIST {'total_samples': 3508466, 'floor_samples': 0, 'floor_fraction': 0.0, 'saturation_depth': 0.0, 'boundaries': 3168, 'capped_boundaries': 0, 'unfinished_worlds': 0}
3168,18,41842,8.271281e-04,5.049447e-03,1.302618e-02,0.000000e+00,0.000000e+00,201,1.059324e-04,0,0,0
3169,17,41859,7.339270e-04,4.954779e-03,1.000000e-02,0.000000e+00,0.000000e+00,210,2.052039e-04,0,0,0
3170,16,41875,1.014507e-03,4.967242e-03,1.266662e-02,0.000000e+00,0.000000e+00,193,2.577901e-06,0,0,0
3171,11,41886,1.397210e-03,5.031659e-03,1.708792e-02,0.000000e+00,0.000000e+00,183,6.344616e-04,0,0,0
3172,11,41897,1.047498e-03,5.137711e-03,1.098540e-02,0.000000e+00,0.000000e+00,185,5.109161e-04,0,0,0
3173,11,41908,1.267729e-03,5.100830e-03,1.014296e-02,0.000000e+00,0.000000e+00,194,4.640222e-05,0,0,0
3174,17,41925,9.029399e-04,5.098410e-03,1.258304e-02,0.000000e+00,0.000000e+00,207,2.272174e-04,0,0,0
3175,15,41940,8.902051e-04,5.046023e-03,9.247432e-03,0.000000e+00,0.000000e+00,187,9.919703e-05,0,0,0
3176,10,41950,1.377198e-03,5.241761e-03,1.052366e-02,0.000000e+00,0.000000e+00,182,6.758980e-05,0,0,0
3177,10,41960,1.167733e-03,5.193265e-03,9.801355e-03,0.000000e+00,0.000000e+00,212,1.549721e-06,0,0,0
3178,12,41972,1.705690e-03,5.227328e-03,1.099661e-02,0.000000e+00,0.000000e+00,202,3.219619e-04,0,0,0
3179,13,41985,1.138569e-03,5.190594e-03,1.139893e-02,0.000000e+00,0.000000e+00,196,1.590550e-04,0,0,0
3180,17,42002,5.745993e-04,5.239172e-03,1.363836e-02,0.000000e+00,0.000000e+00,193,1.576915e-04,0,0,0
3181,14,42016,1.061572e-03,5.114213e-03,1.000000e-02,0.000000e+00,0.000000e+00,200,3.802329e-04,0,0,0
3182,12,42028,1.199370e-03,5.067362e-03,1.033814e-02,0.000000e+00,0.000000e+00,214,1.899898e-06,0,0,0
3183,11,42039,1.529467e-03,5.021924e-03,1.000000e-02,0.000000e+00,0.000000e+00,192,4.133582e-05,0,0,0
3184,19,42058,7.219018e-04,5.146018e-03,1.233414e-02,0.000000e+00,0.000000e+00,185,3.718790e-04,0,0,0
3185,12,42070,1.248566e-03,5.087460e-03,1.014739e-02,0.000000e+00,0.000000e+00,199,2.227724e-05,0,0,0
3186,13,42083,9.213258e-04,5.272630e-03,1.116453e-02,0.000000e+00,0.000000e+00,193,1.634434e-04,0,0,0
3187,14,42097,1.412950e-03,5.245870e-03,1.000000e-02,0.000000e+00,0.000000e+00,210,3.486872e-06,0,0,0
3188,14,42111,9.758615e-04,5.232891e-03,1.107877e-02,0.000000e+00,0.000000e+00,191,1.328886e-04,0,0,0
3189,11,42122,1.292126e-03,5.052050e-03,1.006398e-02,0.000000e+00,0.000000e+00,217,6.316230e-06,0,0,0
3190,15,42137,1.156945e-03,5.244365e-03,1.050356e-02,0.000000e+00,0.000000e+00,216,4.614645e-06,0,0,0
3191,11,42148,1.491518e-03,5.152630e-03,1.000000e-02,0.000000e+00,0.000000e+00,212,1.161129e-04,0,0,0
3192,10,42158,1.275275e-03,5.302227e-03,1.253352e-02,0.000000e+00,0.000000e+00,195,1.943111e-05,0,0,0
3193,11,42169,1.268113e-03,5.188237e-03,1.000000e-02,0.000000e+00,0.000000e+00,204,3.367066e-04,0,0,0
3194,12,42181,9.913975e-04,5.107692e-03,1.167633e-02,0.000000e+00,0.000000e+00,200,2.212077e-05,0,0,0
3195,13,42194,1.202858e-03,5.051647e-03,1.000000e-02,0.000000e+00,0.000000e+00,188,5.829334e-05,0,0,0
3196,15,42209,1.106835e-03,5.166510e-03,1.217087e-02,0.000000e+00,0.000000e+00,203,4.124641e-04,0,0,0
3197,16,42225,1.188792e-03,5.146510e-03,1.000000e-02,0.000000e+00,0.000000e+00,188,5.304813e-06,0,0,0
3198,16,42241,1.069483e-03,5.270944e-03,1.099032e-02,0.000000e+00,0.000000e+00,198,1.252666e-04,0,0,0
3199,12,42253,1.207932e-03,5.162967e-03,1.028835e-02,0.000000e+00,0.000000e+00,201,4.163980e-04,0,0,0
3200,12,42265,1.101886e-03,5.197241e-03,1.059176e-02,0.000000e+00,0.000000e+00,200,2.384186e-07,0,0,0
3201,11,42276,9.898610e-04,5.103304e-03,1.105551e-02,0.000000e+00,0.000000e+00,209,2.801940e-04,0,0,0
3202,13,42289,1.212131e-03,5.309263e-03,1.208961e-02,0.000000e+00,0.000000e+00,203,8.538365e-06,0,0,0
3203,10,42299,1.159445e-03,5.023445e-03,1.000000e-02,0.000000e+00,0.000000e+00,232,3.568083e-04,0,0,0
3204,16,42315,1.226082e-03,5.206942e-03,1.261247e-02,0.000000e+00,0.000000e+00,188,3.248528e-04,0,0,0
3205,15,42330,9.640930e-04,5.047697e-03,1.133189e-02,0.000000e+00,0.000000e+00,211,1.217937e-05,0,0,0
3206,10,42340,1.667042e-03,5.121273e-03,1.134701e-02,0.000000e+00,0.000000e+00,188,1.803121e-19,0,0,0
3207,11,42351,9.376571e-04,5.016336e-03,1.000000e-02,0.000000e+00,0.000000e+00,202,1.511052e-04,0,0,0
3208,12,42363,9.583189e-04,5.269058e-03,1.235719e-02,0.000000e+00,0.000000e+00,177,7.629395e-06,0,0,0
3209,12,42375,8.142503e-04,5.031865e-03,1.000000e-02,0.000000e+00,0.000000e+00,207,7.136911e-05,0,0,0
3210,15,42390,9.334616e-04,5.216959e-03,1.085358e-02,0.000000e+00,0.000000e+00,191,1.909062e-04,0,0,0
3211,15,42405,9.856640e-04,5.185330e-03,1.246943e-02,0.000000e+00,0.000000e+00,196,4.626997e-05,0,0,0
3212,11,42416,1.096067e-03,5.177320e-03,1.069293e-02,0.000000e+00,0.000000e+00,191,7.596463e-04,0,0,0
3213,11,42427,1.573975e-03,5.086953e-03,1.140813e-02,0.000000e+00,0.000000e+00,203,1.823008e-04,0,0,0
3214,14,42441,1.115149e-03,5.066422e-03,1.254895e-02,0.000000e+00,0.000000e+00,196,4.739836e-04,0,0,0
3215,13,42454,1.001427e-03,4.938170e-03,1.129883e-02,0.000000e+00,0.000000e+00,219,7.212311e-04,0,0,0
HIST {'total_samples': 3561460, 'floor_samples': 0, 'floor_fraction': 0.0, 'saturation_depth': 0.0, 'boundaries': 3216, 'capped_boundaries': 0, 'unfinished_worlds': 0}
3216,11,42465,1.330370e-03,5.049868e-03,1.090031e-02,0.000000e+00,0.000000e+00,196,2.363920e-04,0,0,0
3217,11,42476,9.048227e-04,5.101846e-03,1.000000e-02,0.000000e+00,0.000000e+00,211,7.185340e-05,0,0,0
3218,16,42492,9.558692e-04,5.148640e-03,1.530357e-02,0.000000e+00,0.000000e+00,196,2.153777e-04,0,0,0
3219,18,42510,9.482303e-04,5.055768e-03,1.000000e-02,0.000000e+00,0.000000e+00,199,3.934838e-07,0,0,0
3220,20,42530,7.583257e-04,5.098675e-03,1.111844e-02,0.000000e+00,0.000000e+00,195,3.897548e-04,0,0,0
3221,14,42544,1.327446e-03,5.077920e-03,1.000000e-02,0.000000e+00,0.000000e+00,200,2.010167e-05,0,0,0
3222,14,42558,1.158880e-03,5.141886e-03,1.219479e-02,0.000000e+00,0.000000e+00,208,5.306117e-04,0,0,0
3223,11,42569,8.523213e-04,5.102854e-03,1.088412e-02,0.000000e+00,0.000000e+00,193,3.739633e-05,0,0,0
3224,10,42579,1.309138e-03,5.177361e-03,1.444149e-02,0.000000e+00,0.000000e+00,205,2.646744e-04,0,0,0
3225,29,42608,6.942140e-04,5.039860e-03,1.129227e-02,0.000000e+00,0.000000e+00,219,2.600253e-06,0,0,0
3226,13,42621,1.112137e-03,5.174737e-03,1.579950e-02,0.000000e+00,0.000000e+00,194,3.406256e-04,0,0,0
3227,11,42632,1.208880e-03,5.010587e-03,1.000000e-02,0.000000e+00,0.000000e+00,227,4.793704e-04,0,0,0
3228,14,42646,1.247922e-03,5.173475e-03,1.308092e-02,0.000000e+00,0.000000e+00,205,5.778670e-05,0,0,0
3229,12,42658,8.594343e-04,5.099654e-03,1.422271e-02,0.000000e+00,0.000000e+00,207,6.872416e-04,0,0,0
3230,12,42670,8.973217e-04,5.044179e-03,1.115981e-02,0.000000e+00,0.000000e+00,201,2.080202e-04,0,0,0
3231,16,42686,5.092269e-04,5.041130e-03,1.114074e-02,0.000000e+00,0.000000e+00,212,3.306344e-04,0,0,0
3232,14,42700,8.490021e-04,4.981079e-03,1.287454e-02,0.000000e+00,0.000000e+00,207,2.429131e-04,0,0,0
3233,18,42718,9.134682e-04,4.850742e-03,1.000000e-02,0.000000e+00,0.000000e+00,230,1.911819e-05,0,0,0
3234,17,42735,8.827863e-04,5.006567e-03,1.076003e-02,0.000000e+00,0.000000e+00,198,4.410744e-06,0,0,0
3235,16,42751,7.788484e-04,4.981392e-03,9.966778e-03,0.000000e+00,0.000000e+00,208,3.453344e-06,0,0,0
3236,13,42764,1.029973e-03,5.041579e-03,1.142063e-02,0.000000e+00,0.000000e+00,221,1.746509e-04,0,0,0
3237,10,42774,1.583174e-03,5.031508e-03,1.089000e-02,0.000000e+00,0.000000e+00,214,3.839582e-04,0,0,0
3238,15,42789,1.318964e-03,5.099146e-03,1.176774e-02,0.000000e+00,0.000000e+00,212,3.220439e-04,0,0,0
3239,18,42807,6.614495e-04,4.901583e-03,1.000000e-02,0.000000e+00,0.000000e+00,222,7.301569e-07,0,0,0
3240,13,42820,1.050763e-03,5.151202e-03,1.189104e-02,0.000000e+00,0.000000e+00,195,1.912415e-04,0,0,0
3241,18,42838,1.031031e-03,5.043713e-03,1.011141e-02,0.000000e+00,0.000000e+00,212,4.832745e-04,0,0,0
3242,18,42856,8.080319e-04,5.220810e-03,1.121955e-02,0.000000e+00,0.000000e+00,198,3.501773e-05,0,0,0
3243,13,42869,1.164502e-03,5.025451e-03,1.000000e-02,0.000000e+00,0.000000e+00,218,3.373101e-04,0,0,0
3244,12,42881,1.010781e-03,5.019932e-03,1.089000e-02,0.000000e+00,0.000000e+00,199,1.936182e-04,0,0,0
3245,12,42893,9.354125e-04,4.985258e-03,1.035566e-02,0.000000e+00,0.000000e+00,225,1.859665e-04,0,0,0
3246,12,42905,1.188671e-03,5.046583e-03,1.308749e-02,0.000000e+00,0.000000e+00,204,4.328787e-05,0,0,0
3247,14,42919,9.645993e-04,4.950483e-03,1.119282e-02,0.000000e+00,0.000000e+00,197,3.840774e-06,0,0,0
3248,12,42931,1.307620e-03,5.148431e-03,1.180108e-02,0.000000e+00,0.000000e+00,197,4.383326e-04,0,0,0
3249,16,42947,1.509826e-03,5.076211e-03,1.481563e-02,0.000000e+00,0.000000e+00,213,6.107660e-05,0,0,0
3250,10,42957,1.543730e-03,5.056666e-03,1.332451e-02,0.000000e+00,0.000000e+00,197,4.471093e-04,0,0,0
3251,10,42967,1.702949e-03,5.051361e-03,1.000000e-02,0.000000e+00,0.000000e+00,205,3.109500e-05,0,0,0
3252,15,42982,9.744356e-04,5.112540e-03,1.000000e-02,0.000000e+00,0.000000e+00,220,2.506375e-05,0,0,0
3253,12,42994,1.147238e-03,5.033144e-03,1.057687e-02,0.000000e+00,0.000000e+00,228,3.232062e-05,0,0,0
3254,14,43008,9.886007e-04,5.062030e-03,1.191157e-02,0.000000e+00,0.000000e+00,219,7.152557e-07,0,0,0
3255,12,43020,1.211283e-03,5.051845e-03,1.085418e-02,0.000000e+00,0.000000e+00,201,1.471490e-04,0,0,0
3256,15,43035,1.250294e-03,5.271547e-03,1.113554e-02,0.000000e+00,0.000000e+00,205,7.019192e-05,0,0,0
3257,18,43053,6.501259e-04,5.076244e-03,9.329562e-03,0.000000e+00,0.000000e+00,221,6.556511e-07,0,0,0
3258,13,43066,1.045996e-03,5.106618e-03,1.197900e-02,0.000000e+00,0.000000e+00,224,3.334321e-04,0,0,0
3259,16,43082,1.048896e-03,5.056199e-03,1.241661e-02,0.000000e+00,0.000000e+00,208,2.644509e-04,0,0,0
3260,15,43097,6.400561e-04,5.125166e-03,1.137748e-02,0.000000e+00,0.000000e+00,217,1.079775e-05,0,0,0
3261,13,43110,1.171576e-03,5.064389e-03,1.117275e-02,0.000000e+00,0.000000e+00,218,4.111244e-04,0,0,0
3262,9,43119,1.437934e-03,5.346084e-03,1.136088e-02,0.000000e+00,0.000000e+00,162,5.125999e-06,0,0,0
3263,10,43129,1.363460e-03,5.263634e-03,1.000000e-02,0.000000e+00,0.000000e+00,195,9.879470e-06,0,0,0
HIST {'total_samples': 3615858, 'floor_samples': 0, 'floor_fraction': 0.0, 'saturation_depth': 0.0, 'boundaries': 3264, 'capped_boundaries': 0, 'unfinished_worlds': 0}
3264,10,43139,1.415740e-03,5.452357e-03,1.213656e-02,0.000000e+00,0.000000e+00,177,3.039837e-06,0,0,0
3265,15,43154,1.122447e-03,5.340590e-03,1.012152e-02,0.000000e+00,0.000000e+00,207,4.408509e-05,0,0,0
3266,13,43167,1.059210e-03,5.257729e-03,1.120591e-02,0.000000e+00,0.000000e+00,211,1.648068e-04,0,0,0
3267,12,43179,1.243367e-03,5.025181e-03,1.000000e-02,0.000000e+00,0.000000e+00,215,1.037959e-06,0,0,0
3268,12,43191,9.460768e-04,5.206117e-03,1.305543e-02,0.000000e+00,0.000000e+00,196,4.619956e-04,0,0,0
3269,12,43203,9.269483e-04,5.176249e-03,1.000000e-02,0.000000e+00,0.000000e+00,191,2.238601e-04,0,0,0
3270,10,43213,1.163920e-03,5.248562e-03,1.100317e-02,0.000000e+00,0.000000e+00,198,4.246831e-07,0,0,0
3271,10,43223,1.379495e-03,5.186464e-03,1.000000e-02,0.000000e+00,0.000000e+00,207,2.467632e-05,0,0,0
3272,12,43235,7.793257e-04,5.152815e-03,1.290201e-02,0.000000e+00,0.000000e+00,216,1.733378e-04,0,0,0
3273,16,43251,1.161879e-03,5.140833e-03,1.197900e-02,0.000000e+00,0.000000e+00,193,1.922250e-06,0,0,0
3274,13,43264,1.062209e-03,5.358493e-03,1.317690e-02,0.000000e+00,0.000000e+00,195,1.782179e-04,0,0,0
3275,12,43276,1.321246e-03,5.171536e-03,1.000000e-02,0.000000e+00,0.000000e+00,202,2.044737e-04,0,0,0
3276,12,43288,9.994275e-04,5.237262e-03,1.245946e-02,0.000000e+00,0.000000e+00,192,1.156032e-04,0,0,0
3277,26,43314,4.578751e-04,5.287345e-03,1.000000e-02,0.000000e+00,0.000000e+00,192,4.681051e-04,0,0,0
3278,24,43338,5.000164e-04,5.262140e-03,1.100818e-02,0.000000e+00,0.000000e+00,205,9.753555e-05,0,0,0
3279,14,43352,1.150278e-03,5.184893e-03,1.031814e-02,0.000000e+00,0.000000e+00,188,6.124005e-05,0,0,0
3280,12,43364,1.203725e-03,5.322955e-03,1.148739e-02,0.000000e+00,0.000000e+00,179,3.480315e-04,0,0,0
3281,12,43376,1.058739e-03,5.279622e-03,1.000000e-02,0.000000e+00,0.000000e+00,191,3.376007e-04,0,0,0
3282,9,43385,1.665855e-03,5.434108e-03,1.389974e-02,0.000000e+00,0.000000e+00,185,1.550391e-04,0,0,0
3283,12,43397,1.126231e-03,5.327011e-03,1.034126e-02,0.000000e+00,0.000000e+00,209,4.516169e-04,0,0,0
3284,11,43408,1.315777e-03,5.416057e-03,1.287109e-02,0.000000e+00,0.000000e+00,183,1.264103e-04,0,0,0
3285,12,43420,1.022074e-03,5.323250e-03,1.167635e-02,0.000000e+00,0.000000e+00,205,1.107156e-04,0,0,0
3286,11,43431,1.261800e-03,5.238940e-03,1.215777e-02,0.000000e+00,0.000000e+00,200,3.093481e-04,0,0,0
3287,12,43443,1.041345e-03,5.148272e-03,1.000000e-02,0.000000e+00,0.000000e+00,215,1.004711e-05,0,0,0
3288,12,43455,1.050573e-03,5.305519e-03,1.075101e-02,0.000000e+00,0.000000e+00,181,5.627093e-04,0,0,0
3289,12,43467,9.954319e-04,5.108728e-03,1.198905e-02,0.000000e+00,0.000000e+00,208,2.914965e-04,0,0,0
3290,15,43482,1.124687e-03,5.142200e-03,1.129405e-02,0.000000e+00,0.000000e+00,189,1.527742e-05,0,0,0
3291,12,43494,9.034299e-04,5.126543e-03,1.000000e-02,0.000000e+00,0.000000e+00,175,3.219694e-04,0,0,0
3292,12,43506,1.329003e-03,5.311015e-03,1.380568e-02,0.000000e+00,0.000000e+00,190,1.874007e-05,0,0,0
3293,16,43522,9.752636e-04,5.263965e-03,1.000000e-02,0.000000e+00,0.000000e+00,201,1.639128e-07,0,0,0
3294,13,43535,1.176994e-03,5.392918e-03,1.415545e-02,0.000000e+00,0.000000e+00,196,9.554625e-05,0,0,0
3295,18,43553,8.867225e-04,5.224110e-03,1.158387e-02,0.000000e+00,0.000000e+00,202,3.217161e-05,0,0,0
3296,13,43566,1.257511e-03,5.164706e-03,1.089000e-02,0.000000e+00,0.000000e+00,201,4.185736e-05,0,0,0
3297,11,43577,1.367793e-03,5.041329e-03,1.197900e-02,0.000000e+00,0.000000e+00,223,5.290508e-04,0,0,0
3298,10,43587,1.269897e-03,4.991543e-03,1.317690e-02,0.000000e+00,0.000000e+00,212,9.536743e-06,0,0,0
3299,15,43602,1.311920e-03,4.954268e-03,1.003820e-02,0.000000e+00,0.000000e+00,204,5.304813e-06,0,0,0
3300,14,43616,1.302370e-03,5.127273e-03,1.317690e-02,0.000000e+00,0.000000e+00,194,9.007752e-05,0,0,0
3301,19,43635,9.576474e-04,5.043460e-03,1.000000e-02,0.000000e+00,0.000000e+00,193,3.789365e-05,0,0,0
3302,11,43646,1.131423e-03,5.180892e-03,1.073180e-02,0.000000e+00,0.000000e+00,196,7.215142e-05,0,0,0
3303,14,43660,9.235379e-04,5.027930e-03,1.000000e-02,0.000000e+00,0.000000e+00,213,1.208857e-05,0,0,0
3304,13,43673,1.104760e-03,5.096162e-03,1.243613e-02,0.000000e+00,0.000000e+00,211,3.829449e-04,0,0,0
3305,14,43687,9.683750e-04,5.103686e-03,1.000000e-02,0.000000e+00,0.000000e+00,201,1.134127e-04,0,0,0
3306,13,43700,8.472239e-04,5.217474e-03,1.140379e-02,0.000000e+00,0.000000e+00,192,1.117587e-08,0,0,0
3307,15,43715,7.779343e-04,5.026720e-03,1.061985e-02,0.000000e+00,0.000000e+00,217,6.111786e-04,0,0,0
3308,12,43727,1.281222e-03,5.206408e-03,1.066512e-02,0.000000e+00,0.000000e+00,202,1.335107e-04,0,0,0
3309,12,43739,9.901624e-04,5.157611e-03,9.498874e-03,0.000000e+00,0.000000e+00,194,1.995265e-05,0,0,0
3310,17,43756,1.089478e-03,5.189926e-03,1.480200e-02,0.000000e+00,0.000000e+00,199,2.217293e-05,0,0,0
3311,17,43773,9.089208e-04,5.069819e-03,1.000000e-02,0.000000e+00,0.000000e+00,216,1.078937e-06,0,0,0
HIST {'total_samples': 3668853, 'floor_samples': 0, 'floor_fraction': 0.0, 'saturation_depth': 0.0, 'boundaries': 3312, 'capped_boundaries': 0, 'unfinished_worlds': 0}
3312,29,43802,5.801355e-04,5.175389e-03,1.415336e-02,0.000000e+00,0.000000e+00,216,5.900860e-05,0,0,0
3313,23,43825,6.316745e-04,5.035926e-03,1.044446e-02,0.000000e+00,0.000000e+00,211,3.437996e-04,0,0,0
3314,11,43836,1.132526e-03,5.182344e-03,1.076332e-02,0.000000e+00,0.000000e+00,180,5.255640e-05,0,0,0
3315,10,43846,1.360913e-03,5.068246e-03,1.053907e-02,0.000000e+00,0.000000e+00,218,1.754239e-05,0,0,0
3316,17,43863,7.442365e-04,5.275836e-03,1.320736e-02,0.000000e+00,0.000000e+00,201,1.101494e-04,0,0,0
3317,12,43875,1.257358e-03,5.191308e-03,1.000000e-02,0.000000e+00,0.000000e+00,200,2.108812e-04,0,0,0
3318,10,43885,1.785315e-03,5.362731e-03,1.163655e-02,0.000000e+00,0.000000e+00,189,7.987022e-06,0,0,0
3319,12,43897,1.066219e-03,5.229077e-03,1.280020e-02,0.000000e+00,0.000000e+00,203,6.169081e-06,0,0,0
3320,18,43915,8.201777e-04,5.326801e-03,1.408022e-02,0.000000e+00,0.000000e+00,181,2.931803e-04,0,0,0
3321,13,43928,1.001505e-03,5.221254e-03,1.297433e-02,0.000000e+00,0.000000e+00,217,3.491342e-04,0,0,0
3322,12,43940,1.300384e-03,5.381403e-03,1.703707e-02,0.000000e+00,0.000000e+00,191,6.064773e-05,0,0,0
3323,17,43957,9.431459e-04,5.276953e-03,1.264871e-02,0.000000e+00,0.000000e+00,212,3.008824e-05,0,0,0
3324,13,43970,1.216662e-03,5.200667e-03,1.177358e-02,0.000000e+00,0.000000e+00,203,3.257114e-05,0,0,0
3325,12,43982,9.265153e-04,5.110080e-03,1.000000e-02,0.000000e+00,0.000000e+00,212,1.079291e-04,0,0,0
3326,12,43994,1.491288e-03,5.280648e-03,1.317690e-02,0.000000e+00,0.000000e+00,194,9.566545e-06,0,0,0
3327,12,44006,1.578704e-03,5.192894e-03,1.037943e-02,0.000000e+00,0.000000e+00,212,1.668930e-06,0,0,0
3328,14,44020,1.002983e-03,5.263582e-03,1.141737e-02,0.000000e+00,0.000000e+00,197,4.172884e-05,0,0,0
3329,13,44033,1.036814e-03,5.141548e-03,1.030686e-02,0.000000e+00,0.000000e+00,202,7.532910e-05,0,0,0
3330,12,44045,1.004906e-03,5.223343e-03,1.132493e-02,0.000000e+00,0.000000e+00,188,8.035451e-06,0,0,0
3331,11,44056,1.330005e-03,5.266444e-03,1.073439e-02,0.000000e+00,0.000000e+00,199,9.739399e-04,0,0,0
3332,18,44074,1.004343e-03,5.325242e-03,1.088672e-02,0.000000e+00,0.000000e+00,200,2.160668e-06,0,0,0
3333,14,44088,8.886626e-04,5.233192e-03,1.142914e-02,0.000000e+00,0.000000e+00,215,2.107024e-05,0,0,0
3334,11,44099,1.798114e-03,5.228987e-03,1.155094e-02,0.000000e+00,0.000000e+00,192,5.960464e-06,0,0,0
3335,10,44109,1.435793e-03,5.046207e-03,1.000000e-02,0.000000e+00,0.000000e+00,212,9.113550e-05,0,0,0
3336,10,44119,1.678285e-03,5.306092e-03,1.146295e-02,0.000000e+00,0.000000e+00,180,2.152286e-06,0,0,0
3337,11,44130,1.599392e-03,5.220708e-03,1.000000e-02,0.000000e+00,0.000000e+00,210,9.586588e-04,0,0,0
3338,13,44143,1.019504e-03,5.231330e-03,1.392049e-02,0.000000e+00,0.000000e+00,206,3.729984e-04,0,0,0
3339,13,44156,8.505323e-04,5.038464e-03,1.000000e-02,0.000000e+00,0.000000e+00,217,2.162009e-04,0,0,0
3340,12,44168,1.224486e-03,5.150373e-03,1.091471e-02,0.000000e+00,0.000000e+00,208,8.154046e-04,0,0,0
3341,17,44185,7.330548e-04,4.923439e-03,1.000000e-02,0.000000e+00,0.000000e+00,243,4.135668e-04,0,0,0
3342,14,44199,1.140853e-03,4.998776e-03,1.205083e-02,0.000000e+00,0.000000e+00,205,2.357662e-04,0,0,0
3343,14,44213,1.059654e-03,4.972152e-03,1.000000e-02,0.000000e+00,0.000000e+00,211,5.081296e-05,0,0,0
3344,13,44226,1.113648e-03,5.024534e-03,1.015209e-02,0.000000e+00,0.000000e+00,207,1.052022e-05,0,0,0
3345,11,44237,9.443673e-04,4.957425e-03,1.032910e-02,0.000000e+00,0.000000e+00,211,7.696152e-04,0,0,0
3346,12,44249,1.230899e-03,5.138237e-03,1.081826e-02,0.000000e+00,0.000000e+00,208,1.516938e-05,0,0,0
3347,19,44268,8.589528e-04,5.084552e-03,1.000000e-02,0.000000e+00,0.000000e+00,215,2.364069e-05,0,0,0
3348,13,44281,1.223576e-03,5.116038e-03,1.448347e-02,0.000000e+00,0.000000e+00,208,1.360821e-04,0,0,0
3349,15,44296,1.167481e-03,4.975554e-03,1.005272e-02,0.000000e+00,0.000000e+00,234,2.545416e-04,0,0,0
3350,13,44309,1.258591e-03,5.128425e-03,1.089000e-02,0.000000e+00,0.000000e+00,195,1.878589e-04,0,0,0
3351,11,44320,1.327506e-03,4.992722e-03,1.000000e-02,0.000000e+00,0.000000e+00,230,2.592206e-04,0,0,0
3352,14,44334,9.995094e-04,5.261546e-03,1.089000e-02,0.000000e+00,0.000000e+00,186,5.908310e-05,0,0,0
3353,12,44346,1.121044e-03,5.205099e-03,1.000000e-02,0.000000e+00,0.000000e+00,203,5.021133e-04,0,0,0
3354,14,44360,8.130981e-04,5.174003e-03,1.191666e-02,0.000000e+00,0.000000e+00,232,2.972931e-04,0,0,0
3355,15,44375,9.934187e-04,5.098832e-03,1.000000e-02,0.000000e+00,0.000000e+00,215,2.609193e-05,0,0,0
3356,12,44387,1.162195e-03,5.219133e-03,1.151269e-02,0.000000e+00,0.000000e+00,214,1.772605e-04,0,0,0
3357,11,44398,1.009241e-03,5.101907e-03,1.070016e-02,0.000000e+00,0.000000e+00,213,4.983740e-04,0,0,0
3358,11,44409,1.185654e-03,5.042251e-03,1.199917e-02,0.000000e+00,0.000000e+00,201,3.337786e-04,0,0,0
3359,15,44424,8.792836e-04,5.094428e-03,1.000000e-02,0.000000e+00,0.000000e+00,211,3.689975e-04,0,0,0
HIST {'total_samples': 3723312, 'floor_samples': 0, 'floor_fraction': 0.0, 'saturation_depth': 0.0, 'boundaries': 3360, 'capped_boundaries': 0, 'unfinished_worlds': 0}
3360,13,44437,1.287359e-03,5.168449e-03,1.432798e-02,0.000000e+00,0.000000e+00,213,2.523512e-05,0,0,0
3361,12,44449,9.427572e-04,5.042951e-03,1.000000e-02,0.000000e+00,0.000000e+00,218,6.712675e-04,0,0,0
3362,15,44464,1.276705e-03,5.073828e-03,1.281713e-02,0.000000e+00,0.000000e+00,209,1.806766e-07,0,0,0
3363,12,44476,1.123142e-03,4.987571e-03,1.000000e-02,0.000000e+00,0.000000e+00,219,6.556511e-07,0,0,0
3364,12,44488,1.340520e-03,5.185227e-03,1.466119e-02,0.000000e+00,0.000000e+00,212,1.557674e-04,0,0,0
3365,11,44499,1.196191e-03,5.067378e-03,1.257564e-02,0.000000e+00,0.000000e+00,206,6.230548e-07,0,0,0
3366,15,44514,8.731342e-04,4.964187e-03,1.089000e-02,0.000000e+00,0.000000e+00,223,2.340972e-05,0,0,0
3367,13,44527,1.258868e-03,4.825947e-03,1.000000e-02,0.000000e+00,0.000000e+00,238,1.639128e-06,0,0,0
3368,12,44539,8.980845e-04,4.984013e-03,1.244312e-02,0.000000e+00,0.000000e+00,203,2.734363e-06,0,0,0
3369,10,44549,1.279075e-03,5.014784e-03,1.000000e-02,0.000000e+00,0.000000e+00,210,3.732145e-04,0,0,0
3370,11,44560,1.097738e-03,5.244856e-03,1.317690e-02,0.000000e+00,0.000000e+00,183,1.411624e-04,0,0,0
3371,15,44575,1.203166e-03,5.032852e-03,1.047679e-02,0.000000e+00,0.000000e+00,217,2.449751e-05,0,0,0
3372,14,44589,1.320531e-03,5.124766e-03,1.000000e-02,0.000000e+00,0.000000e+00,194,2.151802e-04,0,0,0
3373,16,44605,8.202602e-04,5.020000e-03,1.049899e-02,0.000000e+00,0.000000e+00,223,1.337677e-04,0,0,0
3374,14,44619,1.025035e-03,5.101990e-03,1.247948e-02,0.000000e+00,0.000000e+00,202,1.715412e-04,0,0,0
3375,12,44631,1.231555e-03,4.943402e-03,1.000000e-02,0.000000e+00,0.000000e+00,223,1.996756e-06,0,0,0
3376,14,44645,6.621261e-04,5.067974e-03,1.219327e-02,0.000000e+00,0.000000e+00,193,1.851171e-04,0,0,0
3377,15,44660,6.958237e-04,5.105356e-03,1.000000e-02,0.000000e+00,0.000000e+00,221,5.891249e-04,0,0,0
3378,12,44672,7.315304e-04,5.083997e-03,1.207812e-02,0.000000e+00,0.000000e+00,208,6.991178e-04,0,0,0
3379,12,44684,1.604886e-03,5.012403e-03,1.083930e-02,0.000000e+00,0.000000e+00,205,6.768852e-06,0,0,0
3380,11,44695,1.092333e-03,5.138116e-03,1.179739e-02,0.000000e+00,0.000000e+00,196,4.583895e-04,0,0,0
3381,12,44707,1.234870e-03,5.135419e-03,1.203011e-02,0.000000e+00,0.000000e+00,207,9.417534e-06,0,0,0
3382,14,44721,7.222121e-04,5.152796e-03,1.089000e-02,0.000000e+00,0.000000e+00,201,7.968396e-06,0,0,0
3383,10,44731,1.283783e-03,5.092333e-03,1.000000e-02,0.000000e+00,0.000000e+00,203,4.714876e-04,0,0,0
3384,11,44742,1.245089e-03,5.095939e-03,1.012508e-02,0.000000e+00,0.000000e+00,205,1.729596e-04,0,0,0
3385,14,44756,1.110207e-03,5.022854e-03,8.939004e-03,0.000000e+00,0.000000e+00,208,2.907366e-04,0,0,0
3386,13,44769,1.463893e-03,5.221668e-03,1.317690e-02,0.000000e+00,0.000000e+00,204,3.497303e-05,0,0,0
3387,12,44781,1.320648e-03,5.248659e-03,1.276649e-02,0.000000e+00,0.000000e+00,199,1.385063e-05,0,0,0
3388,15,44796,1.005730e-03,5.403500e-03,1.391540e-02,0.000000e+00,0.000000e+00,193,1.468360e-04,0,0,0
3389,12,44808,1.344273e-03,5.261807e-03,1.000000e-02,0.000000e+00,0.000000e+00,214,7.639453e-05,0,0,0
3390,12,44820,1.510369e-03,5.200483e-03,1.016155e-02,0.000000e+00,0.000000e+00,215,8.270144e-05,0,0,0
3391,11,44831,1.014129e-03,5.213829e-03,1.287295e-02,0.000000e+00,0.000000e+00,214,2.795495e-04,0,0,0
3392,13,44844,8.611286e-04,5.246903e-03,1.057683e-02,0.000000e+00,0.000000e+00,196,1.490116e-04,0,0,0
3393,16,44860,1.275746e-03,5.101572e-03,1.004947e-02,0.000000e+00,0.000000e+00,232,3.910437e-05,0,0,0
3394,12,44872,9.778055e-04,5.215358e-03,1.089000e-02,0.000000e+00,0.000000e+00,191,1.649559e-05,0,0,0
3395,15,44887,1.134265e-03,5.140282e-03,1.000000e-02,0.000000e+00,0.000000e+00,212,3.702939e-06,0,0,0
3396,14,44901,7.289254e-04,5.295015e-03,1.204436e-02,0.000000e+00,0.000000e+00,186,1.578927e-04,0,0,0
3397,13,44914,8.420200e-04,5.151653e-03,1.000000e-02,0.000000e+00,0.000000e+00,215,2.295077e-04,0,0,0
3398,17,44931,9.522409e-04,5.188847e-03,1.298933e-02,0.000000e+00,0.000000e+00,206,9.298325e-04,0,0,0
3399,16,44947,1.034154e-03,5.073891e-03,1.053433e-02,0.000000e+00,0.000000e+00,216,5.964637e-04,0,0,0
3400,20,44967,4.686850e-04,5.047170e-03,1.060708e-02,0.000000e+00,0.000000e+00,208,1.806896e-04,0,0,0
3401,16,44983,8.493924e-04,4.970063e-03,1.000000e-02,0.000000e+00,0.000000e+00,223,2.812222e-04,0,0,0
3402,11,44994,1.360158e-03,5.207135e-03,1.137020e-02,0.000000e+00,0.000000e+00,184,1.222491e-04,0,0,0
3403,14,45008,1.341011e-03,5.090016e-03,1.000000e-02,0.000000e+00,0.000000e+00,214,9.423122e-05,0,0,0
3404,14,45022,1.312433e-03,5.174931e-03,9.785267e-03,0.000000e+00,0.000000e+00,196,1.957715e-04,0,0,0
3405,14,45036,8.727896e-04,4.998102e-03,9.776819e-03,0.000000e+00,0.000000e+00,216,1.301765e-04,0,0,0
3406,13,45049,1.048815e-03,4.996219e-03,1.082474e-02,0.000000e+00,0.000000e+00,202,1.093969e-04,0,0,0
3407,14,45063,8.620252e-04,5.055250e-03,1.016978e-02,0.000000e+00,0.000000e+00,198,1.725964e-04,0,0,0
HIST {'total_samples': 3778028, 'floor_samples': 0, 'floor_fraction': 0.0, 'saturation_depth': 0.0, 'boundaries': 3408, 'capped_boundaries': 0, 'unfinished_worlds': 0}
3408,13,45076,1.300199e-03,5.250050e-03,1.273316e-02,0.000000e+00,0.000000e+00,193,1.429617e-04,0,0,0
3409,17,45093,1.067664e-03,5.154933e-03,1.127447e-02,0.000000e+00,0.000000e+00,212,9.045005e-06,0,0,0
3410,11,45104,9.113974e-04,5.318298e-03,1.235823e-02,0.000000e+00,0.000000e+00,201,5.056858e-04,0,0,0
3411,15,45119,8.813204e-04,4.991195e-03,1.065637e-02,0.000000e+00,0.000000e+00,242,1.168251e-05,0,0,0
3412,12,45131,1.006873e-03,5.147337e-03,1.294541e-02,0.000000e+00,0.000000e+00,202,1.340806e-04,0,0,0
3413,14,45145,1.054131e-03,5.228545e-03,1.000000e-02,0.000000e+00,0.000000e+00,187,5.245209e-06,0,0,0
3414,13,45158,1.202337e-03,5.351461e-03,1.365684e-02,0.000000e+00,0.000000e+00,205,1.001358e-05,0,0,0
3415,11,45169,8.435211e-04,5.128188e-03,1.016403e-02,0.000000e+00,0.000000e+00,215,2.550036e-04,0,0,0
3416,14,45183,1.165475e-03,5.057697e-03,1.188026e-02,0.000000e+00,0.000000e+00,214,1.432002e-05,0,0,0
3417,14,45197,1.049325e-03,5.043070e-03,1.000000e-02,0.000000e+00,0.000000e+00,203,3.966093e-04,0,0,0
3418,11,45208,1.211897e-03,5.189874e-03,1.087243e-02,0.000000e+00,0.000000e+00,212,1.423359e-04,0,0,0
3419,13,45221,9.574643e-04,5.020581e-03,1.024139e-02,0.000000e+00,0.000000e+00,223,5.765118e-20,0,0,0
3420,14,45235,1.025116e-03,5.062367e-03,1.095205e-02,0.000000e+00,0.000000e+00,207,1.584738e-05,0,0,0
3421,11,45246,1.165624e-03,5.070143e-03,1.000000e-02,0.000000e+00,0.000000e+00,217,5.753636e-04,0,0,0
3422,14,45260,1.208320e-03,4.984881e-03,1.048969e-02,0.000000e+00,0.000000e+00,217,6.210804e-05,0,0,0
3423,11,45271,1.375039e-03,5.027207e-03,9.501811e-03,0.000000e+00,0.000000e+00,213,5.511940e-05,0,0,0
3424,14,45285,9.871153e-04,5.114403e-03,1.266818e-02,0.000000e+00,0.000000e+00,216,2.344325e-05,0,0,0
3425,14,45299,6.081103e-04,4.928739e-03,1.000000e-02,0.000000e+00,0.000000e+00,232,2.835318e-05,0,0,0
3426,26,45325,9.637551e-04,5.090735e-03,1.192799e-02,0.000000e+00,0.000000e+00,198,1.900196e-04,0,0,0
3427,15,45340,1.029017e-03,5.039183e-03,1.000000e-02,0.000000e+00,0.000000e+00,200,1.907125e-04,0,0,0
3428,19,45359,8.201526e-04,5.272325e-03,1.238247e-02,0.000000e+00,0.000000e+00,196,3.218651e-06,0,0,0
3429,13,45372,8.007571e-04,5.172117e-03,1.217863e-02,0.000000e+00,0.000000e+00,213,1.830980e-05,0,0,0
3430,14,45386,8.971174e-04,5.217193e-03,1.327962e-02,0.000000e+00,0.000000e+00,219,1.215935e-05,0,0,0
3431,13,45399,1.175410e-03,5.191484e-03,1.081838e-02,0.000000e+00,0.000000e+00,199,5.636364e-04,0,0,0
3432,13,45412,1.226687e-03,5.077289e-03,1.227731e-02,0.000000e+00,0.000000e+00,217,1.299828e-04,0,0,0
3433,15,45427,1.073669e-03,4.990292e-03,1.011087e-02,0.000000e+00,0.000000e+00,205,2.467930e-04,0,0,0
3434,14,45441,9.557506e-04,5.158572e-03,1.016344e-02,0.000000e+00,0.000000e+00,192,4.574284e-04,0,0,0
3435,11,45452,1.497407e-03,5.118177e-03,1.000000e-02,0.000000e+00,0.000000e+00,204,3.292859e-04,0,0,0
3436,13,45465,9.114353e-04,5.224444e-03,1.164051e-02,0.000000e+00,0.000000e+00,209,4.401207e-04,0,0,0
3437,12,45477,7.739195e-04,5.117258e-03,1.000000e-02,0.000000e+00,0.000000e+00,218,3.208816e-04,0,0,0
3438,13,45490,1.369352e-03,5.314724e-03,1.365251e-02,0.000000e+00,0.000000e+00,198,3.696568e-04,0,0,0
3439,10,45500,1.290414e-03,5.168105e-03,1.000000e-02,0.000000e+00,0.000000e+00,213,8.717179e-05,0,0,0
3440,15,45515,8.231744e-04,5.119499e-03,1.250913e-02,0.000000e+00,0.000000e+00,208,1.975149e-05,0,0,0
3441,13,45528,7.331694e-04,4.994388e-03,1.048524e-02,0.000000e+00,0.000000e+00,227,3.272295e-04,0,0,0
3442,14,45542,1.004654e-03,4.990112e-03,1.114360e-02,0.000000e+00,0.000000e+00,219,3.272593e-04,0,0,0
3443,18,45560,7.745111e-04,5.007605e-03,1.057557e-02,0.000000e+00,0.000000e+00,212,2.504140e-04,0,0,0
3444,11,45571,1.272452e-03,5.010615e-03,1.070177e-02,0.000000e+00,0.000000e+00,214,4.163384e-05,0,0,0
3445,10,45581,1.435207e-03,5.156455e-03,1.241334e-02,0.000000e+00,0.000000e+00,209,4.406273e-04,0,0,0
3446,15,45596,9.009900e-04,5.245107e-03,1.160344e-02,0.000000e+00,0.000000e+00,198,4.541129e-06,0,0,0
3447,11,45607,1.300800e-03,5.090296e-03,1.018799e-02,0.000000e+00,0.000000e+00,209,9.872019e-06,0,0,0
3448,20,45627,8.801470e-04,5.187795e-03,1.029136e-02,0.000000e+00,0.000000e+00,202,1.603514e-04,0,0,0
3449,12,45639,1.228683e-03,5.125032e-03,1.000000e-02,0.000000e+00,0.000000e+00,210,8.621812e-05,0,0,0
3450,13,45652,1.210617e-03,5.192654e-03,1.158564e-02,0.000000e+00,0.000000e+00,205,5.774647e-04,0,0,0
3451,15,45667,1.062511e-03,5.099557e-03,1.252722e-02,0.000000e+00,0.000000e+00,217,3.641844e-05,0,0,0
3452,12,45679,1.054860e-03,5.194360e-03,1.284218e-02,0.000000e+00,0.000000e+00,198,5.186722e-04,0,0,0
3453,21,45700,1.073692e-03,5.084736e-03,1.069158e-02,0.000000e+00,0.000000e+00,219,2.993494e-04,0,0,0
3454,17,45717,7.938457e-04,5.109119e-03,1.317690e-02,0.000000e+00,0.000000e+00,214,2.639266e-04,0,0,0
3455,16,45733,7.797668e-04,5.104932e-03,1.000000e-02,0.000000e+00,0.000000e+00,203,3.141239e-04,0,0,0
HIST {'total_samples': 3832890, 'floor_samples': 0, 'floor_fraction': 0.0, 'saturation_depth': 0.0, 'boundaries': 3456, 'capped_boundaries': 0, 'unfinished_worlds': 0}
3456,12,45745,1.126751e-03,5.258111e-03,1.594405e-02,0.000000e+00,0.000000e+00,180,4.842877e-06,0,0,0
3457,11,45756,1.650280e-03,5.136703e-03,1.013465e-02,0.000000e+00,0.000000e+00,219,5.307794e-05,0,0,0
3458,13,45769,1.137169e-03,5.184411e-03,1.133732e-02,0.000000e+00,0.000000e+00,207,2.014451e-06,0,0,0
3459,11,45780,9.649810e-04,5.233394e-03,1.000000e-02,0.000000e+00,0.000000e+00,196,4.554130e-04,0,0,0
3460,15,45795,1.121929e-03,5.348260e-03,1.164515e-02,0.000000e+00,0.000000e+00,215,4.365575e-11,0,0,0
3461,14,45809,1.204620e-03,5.015102e-03,1.000000e-02,0.000000e+00,0.000000e+00,242,2.877042e-04,0,0,0
3462,14,45823,5.879637e-04,5.235651e-03,1.312684e-02,0.000000e+00,0.000000e+00,186,2.506789e-04,0,0,0
3463,16,45839,5.810767e-04,5.173764e-03,1.222030e-02,0.000000e+00,0.000000e+00,216,6.695837e-04,0,0,0
3464,19,45858,6.739126e-04,5.372202e-03,1.301480e-02,0.000000e+00,0.000000e+00,175,5.271286e-06,0,0,0
3465,13,45871,1.093939e-03,5.250472e-03,1.000000e-02,0.000000e+00,0.000000e+00,207,1.148880e-05,0,0,0
3466,12,45883,1.237339e-03,5.406552e-03,1.236727e-02,0.000000e+00,0.000000e+00,199,6.127357e-05,0,0,0
3467,15,45898,7.465325e-04,5.309026e-03,1.000000e-02,0.000000e+00,0.000000e+00,215,2.025869e-04,0,0,0
3468,10,45908,1.246700e-03,5.287231e-03,1.216480e-02,0.000000e+00,0.000000e+00,207,1.695752e-05,0,0,0
3469,18,45926,8.515602e-04,5.178410e-03,1.000000e-02,0.000000e+00,0.000000e+00,207,3.908724e-04,0,0,0
3470,16,45942,9.080263e-04,5.264336e-03,1.000000e-02,0.000000e+00,0.000000e+00,203,4.374906e-04,0,0,0
3471,12,45954,1.233798e-03,5.149113e-03,1.000000e-02,0.000000e+00,0.000000e+00,227,6.675422e-04,0,0,0
3472,14,45968,1.065886e-03,5.090065e-03,1.097935e-02,0.000000e+00,0.000000e+00,214,5.833954e-04,0,0,0
3473,11,45979,1.558354e-03,4.948781e-03,1.018598e-02,0.000000e+00,0.000000e+00,231,6.085634e-05,0,0,0
3474,11,45990,1.230965e-03,5.176345e-03,1.089164e-02,0.000000e+00,0.000000e+00,188,1.979470e-04,0,0,0
3475,11,46001,1.453230e-03,5.189906e-03,1.014475e-02,0.000000e+00,0.000000e+00,201,5.510449e-05,0,0,0
3476,13,46014,8.171694e-04,5.220502e-03,1.054581e-02,0.000000e+00,0.000000e+00,205,1.095608e-05,0,0,0
3477,10,46024,1.507817e-03,5.196269e-03,1.058070e-02,0.000000e+00,0.000000e+00,199,1.643747e-04,0,0,0
3478,12,46036,1.315238e-03,5.189054e-03,1.351613e-02,0.000000e+00,0.000000e+00,197,4.598498e-05,0,0,0
3479,10,46046,1.356372e-03,5.112752e-03,1.000000e-02,0.000000e+00,0.000000e+00,211,2.300739e-05,0,0,0
3480,14,46060,8.380450e-04,5.118738e-03,1.069122e-02,0.000000e+00,0.000000e+00,210,1.173988e-04,0,0,0
3481,12,46072,1.018957e-03,5.147175e-03,1.000000e-02,0.000000e+00,0.000000e+00,197,7.787347e-05,0,0,0
3482,13,46085,9.650826e-04,5.302700e-03,1.052308e-02,0.000000e+00,0.000000e+00,201,2.554655e-04,0,0,0
3483,12,46097,1.290322e-03,5.236353e-03,1.108118e-02,0.000000e+00,0.000000e+00,208,3.668070e-04,0,0,0
3484,14,46111,9.912504e-04,5.243483e-03,1.242393e-02,0.000000e+00,0.000000e+00,198,3.385097e-04,0,0,0
3485,15,46126,8.597476e-04,5.183596e-03,1.000000e-02,0.000000e+00,0.000000e+00,202,3.162026e-05,0,0,0
3486,11,46137,1.339002e-03,5.192862e-03,1.271324e-02,0.000000e+00,0.000000e+00,188,6.380677e-05,0,0,0
3487,11,46148,1.311662e-03,5.191262e-03,1.117199e-02,0.000000e+00,0.000000e+00,214,1.708120e-04,0,0,0
3488,14,46162,1.055640e-03,5.230557e-03,1.217979e-02,0.000000e+00,0.000000e+00,200,1.683831e-05,0,0,0
3489,13,46175,1.391496e-03,5.197150e-03,1.248202e-02,0.000000e+00,0.000000e+00,212,3.338605e-05,0,0,0
3490,13,46188,1.008360e-03,5.098260e-03,1.432381e-02,0.000000e+00,0.000000e+00,220,7.952633e-04,0,0,0
3491,14,46202,1.058139e-03,5.124906e-03,1.089263e-02,0.000000e+00,0.000000e+00,212,1.700222e-05,0,0,0
3492,11,46213,1.371341e-03,5.276993e-03,1.416171e-02,0.000000e+00,0.000000e+00,193,6.088614e-05,0,0,0
3493,10,46223,1.315768e-03,5.222824e-03,1.097980e-02,0.000000e+00,0.000000e+00,227,5.874485e-04,0,0,0
3494,11,46234,1.315768e-03,5.272292e-03,1.317690e-02,0.000000e+00,0.000000e+00,214,4.592538e-05,0,0,0
3495,10,46244,1.148812e-03,5.154484e-03,1.000000e-02,0.000000e+00,0.000000e+00,219,1.512095e-05,0,0,0
3496,12,46256,1.287787e-03,5.378836e-03,1.089000e-02,0.000000e+00,0.000000e+00,197,3.094375e-04,0,0,0
3497,17,46273,7.826794e-04,5.212539e-03,1.000000e-02,0.000000e+00,0.000000e+00,227,9.880960e-05,0,0,0
3498,13,46286,1.090235e-03,5.153278e-03,1.089000e-02,0.000000e+00,0.000000e+00,210,4.708767e-06,0,0,0
3499,13,46299,1.456639e-03,5.079558e-03,1.005608e-02,0.000000e+00,0.000000e+00,200,2.938358e-05,0,0,0
3500,12,46311,1.087044e-03,5.083416e-03,1.127045e-02,0.000000e+00,0.000000e+00,203,6.805100e-04,0,0,0
3501,11,46322,1.342444e-03,5.062407e-03,1.000000e-02,0.000000e+00,0.000000e+00,210,2.399087e-06,0,0,0
3502,10,46332,1.299629e-03,5.174815e-03,1.363725e-02,0.000000e+00,0.000000e+00,201,1.066923e-05,0,0,0
3503,15,46347,8.088739e-04,5.035599e-03,1.002139e-02,0.000000e+00,0.000000e+00,214,1.733771e-21,0,0,0
HIST {'total_samples': 3886976, 'floor_samples': 0, 'floor_fraction': 0.0, 'saturation_depth': 0.0, 'boundaries': 3504, 'capped_boundaries': 0, 'unfinished_worlds': 0}
3504,14,46361,1.019621e-03,5.215844e-03,1.077063e-02,0.000000e+00,0.000000e+00,199,7.992983e-05,0,0,0
3505,17,46378,1.052865e-03,4.985929e-03,1.154628e-02,0.000000e+00,0.000000e+00,232,4.470348e-06,0,0,0
3506,14,46392,9.254437e-04,5.067377e-03,1.226282e-02,0.000000e+00,0.000000e+00,213,7.599592e-07,0,0,0
3507,16,46408,9.614842e-04,5.049816e-03,1.212452e-02,0.000000e+00,0.000000e+00,222,1.627579e-05,0,0,0
3508,12,46420,1.117770e-03,5.167232e-03,1.266512e-02,0.000000e+00,0.000000e+00,209,5.108118e-05,0,0,0
3509,12,46432,1.132757e-03,5.025531e-03,1.000000e-02,0.000000e+00,0.000000e+00,224,2.321601e-05,0,0,0
3510,11,46443,1.034960e-03,5.119315e-03,1.370797e-02,0.000000e+00,0.000000e+00,202,8.608401e-05,0,0,0
3511,13,46456,8.170147e-04,4.915552e-03,1.000000e-02,0.000000e+00,0.000000e+00,222,9.607524e-05,0,0,0
3512,11,46467,1.059216e-03,5.263594e-03,2.250043e-02,0.000000e+00,0.000000e+00,175,4.837662e-05,0,0,0
3513,14,46481,1.102496e-03,5.256219e-03,1.569320e-02,0.000000e+00,0.000000e+00,203,5.804151e-04,0,0,0
3514,13,46494,8.606581e-04,5.230418e-03,1.087182e-02,0.000000e+00,0.000000e+00,202,6.267428e-05,0,0,0
3515,20,46514,7.234993e-04,5.145765e-03,1.000000e-02,0.000000e+00,0.000000e+00,215,2.969801e-05,0,0,0
3516,12,46526,1.031641e-03,5.263339e-03,1.317690e-02,0.000000e+00,0.000000e+00,196,5.459189e-04,0,0,0
3517,14,46540,1.140625e-03,5.095871e-03,1.278952e-02,0.000000e+00,0.000000e+00,218,2.325773e-04,0,0,0
3518,18,46558,7.997534e-04,5.202679e-03,1.149228e-02,0.000000e+00,0.000000e+00,191,2.329051e-04,0,0,0
3519,12,46570,1.229949e-03,5.089278e-03,9.799677e-03,0.000000e+00,0.000000e+00,202,3.262311e-04,0,0,0
3520,11,46581,1.149207e-03,5.147181e-03,1.178385e-02,0.000000e+00,0.000000e+00,193,7.967651e-05,0,0,0
3521,21,46602,7.463167e-04,5.010159e-03,1.000000e-02,0.000000e+00,0.000000e+00,225,5.247295e-04,0,0,0
3522,19,46621,9.103325e-04,5.073287e-03,1.438530e-02,0.000000e+00,0.000000e+00,214,2.387911e-05,0,0,0
3523,15,46636,8.339762e-04,4.977674e-03,1.000000e-02,0.000000e+00,0.000000e+00,210,1.815706e-04,0,0,0
3524,13,46649,1.056664e-03,5.137786e-03,1.002104e-02,0.000000e+00,0.000000e+00,192,4.332066e-04,0,0,0
3525,10,46659,8.939226e-04,5.051529e-03,9.127552e-03,0.000000e+00,0.000000e+00,204,1.321016e-04,0,0,0
3526,24,46683,5.598175e-04,4.984573e-03,1.028837e-02,0.000000e+00,0.000000e+00,208,1.977086e-04,0,0,0
3527,15,46698,1.438958e-03,5.039191e-03,1.197900e-02,0.000000e+00,0.000000e+00,212,6.374717e-05,0,0,0
3528,12,46710,8.680682e-04,5.247773e-03,1.480389e-02,0.000000e+00,0.000000e+00,203,7.442748e-04,0,0,0
3529,14,46724,9.127030e-04,5.152846e-03,1.248086e-02,0.000000e+00,0.000000e+00,209,8.817762e-05,0,0,0
3530,14,46738,1.108271e-03,5.087031e-03,1.223375e-02,0.000000e+00,0.000000e+00,213,1.937151e-07,0,0,0
3531,14,46752,6.963410e-04,4.970572e-03,1.000000e-02,0.000000e+00,0.000000e+00,222,2.974570e-04,0,0,0
3532,12,46764,1.047535e-03,5.141520e-03,1.401663e-02,0.000000e+00,0.000000e+00,202,5.129278e-04,0,0,0
3533,13,46777,7.050653e-04,5.009533e-03,1.000000e-02,0.000000e+00,0.000000e+00,207,5.945563e-06,0,0,0
3534,13,46790,8.889168e-04,5.313362e-03,1.399742e-02,0.000000e+00,0.000000e+00,185,4.498661e-05,0,0,0
3535,14,46804,1.269865e-03,5.176735e-03,1.330827e-02,0.000000e+00,0.000000e+00,209,1.320243e-05,0,0,0
3536,16,46820,7.259966e-04,5.235692e-03,1.200946e-02,0.000000e+00,0.000000e+00,207,6.735325e-06,0,0,0
3537,12,46832,8.523501e-04,5.166844e-03,1.000000e-02,0.000000e+00,0.000000e+00,190,4.288219e-04,0,0,0
3538,15,46847,7.743196e-04,5.071173e-03,1.092330e-02,0.000000e+00,0.000000e+00,195,1.736917e-06,0,0,0
3539,15,46862,1.024546e-03,4.991445e-03,1.000000e-02,0.000000e+00,0.000000e+00,209,1.090765e-05,0,0,0
3540,11,46873,1.059292e-03,5.224288e-03,1.118969e-02,0.000000e+00,0.000000e+00,197,7.000566e-05,0,0,0
3541,13,46886,9.778742e-04,5.140916e-03,1.111322e-02,0.000000e+00,0.000000e+00,218,3.883541e-04,0,0,0
3542,28,46914,1.031551e-03,5.083574e-03,1.222454e-02,0.000000e+00,0.000000e+00,214,3.381446e-04,0,0,0
3543,20,46934,7.869096e-04,5.073662e-03,1.070391e-02,0.000000e+00,0.000000e+00,224,4.326180e-05,0,0,0
3544,28,46962,4.780349e-04,5.172577e-03,1.371146e-02,0.000000e+00,0.000000e+00,195,5.156770e-04,0,0,0
3545,16,46978,8.069517e-04,5.129547e-03,1.266512e-02,0.000000e+00,0.000000e+00,213,9.611249e-06,0,0,0
3546,19,46997,9.575870e-04,5.217700e-03,1.045354e-02,0.000000e+00,0.000000e+00,200,9.846687e-05,0,0,0
3547,13,47010,1.083408e-03,5.032642e-03,1.000595e-02,0.000000e+00,0.000000e+00,216,3.358722e-04,0,0,0
3548,17,47027,5.396714e-04,5.060127e-03,1.100655e-02,0.000000e+00,0.000000e+00,207,3.824234e-04,0,0,0
3549,13,47040,9.141921e-04,4.959760e-03,1.000000e-02,0.000000e+00,0.000000e+00,209,9.015203e-06,0,0,0
3550,13,47053,1.522301e-03,5.144947e-03,1.000000e-02,0.000000e+00,0.000000e+00,188,2.115965e-05,0,0,0
3551,15,47068,1.023758e-03,5.077365e-03,9.624102e-03,0.000000e+00,0.000000e+00,229,7.635355e-05,0,0,0
HIST {'total_samples': 3941507, 'floor_samples': 0, 'floor_fraction': 0.0, 'saturation_depth': 0.0, 'boundaries': 3552, 'capped_boundaries': 0, 'unfinished_worlds': 0}
3552,12,47080,1.135295e-03,5.200269e-03,1.177345e-02,0.000000e+00,0.000000e+00,201,9.536743e-07,0,0,0
3553,15,47095,1.051757e-03,5.138511e-03,1.000000e-02,0.000000e+00,0.000000e+00,216,3.319979e-05,0,0,0
3554,17,47112,1.013900e-03,5.132928e-03,1.048065e-02,0.000000e+00,0.000000e+00,210,7.843599e-05,0,0,0
3555,13,47125,8.944746e-04,5.013617e-03,1.000000e-02,0.000000e+00,0.000000e+00,226,7.659197e-06,0,0,0
3556,12,47137,1.408016e-03,5.058626e-03,1.000000e-02,0.000000e+00,0.000000e+00,215,1.287961e-04,0,0,0
3557,10,47147,1.427915e-03,5.113387e-03,9.695873e-03,0.000000e+00,0.000000e+00,200,4.730537e-05,0,0,0
3558,13,47160,1.169794e-03,5.180459e-03,1.300082e-02,0.000000e+00,0.000000e+00,206,1.112074e-04,0,0,0
3559,12,47172,1.055146e-03,5.076101e-03,1.029420e-02,0.000000e+00,0.000000e+00,227,4.418194e-05,0,0,0
3560,12,47184,1.149171e-03,5.290924e-03,1.112087e-02,0.000000e+00,0.000000e+00,182,1.081973e-04,0,0,0
3561,11,47195,1.066524e-03,5.138262e-03,1.137072e-02,0.000000e+00,0.000000e+00,219,3.171479e-04,0,0,0
3562,10,47205,1.137310e-03,5.277814e-03,1.191732e-02,0.000000e+00,0.000000e+00,182,9.119511e-06,0,0,0
3563,10,47215,1.069247e-03,5.268948e-03,1.021252e-02,0.000000e+00,0.000000e+00,217,1.664907e-04,0,0,0
3564,12,47227,9.505215e-04,5.342850e-03,1.260506e-02,0.000000e+00,0.000000e+00,207,1.189969e-04,0,0,0
3565,14,47241,1.225470e-03,5.234742e-03,1.062560e-02,0.000000e+00,0.000000e+00,210,1.453608e-05,0,0,0
3566,13,47254,1.215576e-03,5.252206e-03,1.244612e-02,0.000000e+00,0.000000e+00,208,3.650784e-06,0,0,0
3567,12,47266,1.064629e-03,5.180540e-03,1.293752e-02,0.000000e+00,0.000000e+00,205,1.343377e-04,0,0,0
3568,11,47277,1.687592e-03,5.328096e-03,1.056916e-02,0.000000e+00,0.000000e+00,190,4.016012e-04,0,0,0
3569,12,47289,1.184896e-03,5.176026e-03,1.015905e-02,0.000000e+00,0.000000e+00,235,3.844500e-06,0,0,0
3570,10,47299,1.339259e-03,5.263543e-03,1.278868e-02,0.000000e+00,0.000000e+00,210,1.679361e-05,0,0,0
3571,14,47313,7.405464e-04,5.175007e-03,1.015929e-02,0.000000e+00,0.000000e+00,200,1.165345e-04,0,0,0
3572,11,47324,1.254078e-03,5.159845e-03,1.232331e-02,0.000000e+00,0.000000e+00,209,4.861560e-04,0,0,0
3573,12,47336,7.685344e-04,5.120760e-03,1.000000e-02,0.000000e+00,0.000000e+00,211,1.419932e-04,0,0,0
3574,12,47348,9.549301e-04,5.239291e-03,1.317690e-02,0.000000e+00,0.000000e+00,204,2.890825e-06,0,0,0
3575,16,47364,7.983408e-04,5.063796e-03,1.132145e-02,0.000000e+00,0.000000e+00,206,8.422881e-05,0,0,0
3576,18,47382,9.846396e-04,5.158037e-03,1.562246e-02,0.000000e+00,0.000000e+00,204,3.165454e-04,0,0,0
3577,14,47396,1.134649e-03,5.037698e-03,1.013413e-02,0.000000e+00,0.000000e+00,217,4.696846e-05,0,0,0
3578,16,47412,8.659587e-04,5.090516e-03,1.244212e-02,0.000000e+00,0.000000e+00,209,2.086163e-07,0,0,0
3579,23,47435,4.417747e-04,5.102227e-03,1.033159e-02,0.000000e+00,0.000000e+00,206,3.085285e-04,0,0,0
3580,18,47453,5.131356e-04,5.198519e-03,1.195749e-02,0.000000e+00,0.000000e+00,189,3.147349e-04,0,0,0
3581,13,47466,1.247735e-03,5.110350e-03,1.000000e-02,0.000000e+00,0.000000e+00,210,4.979633e-04,0,0,0
3582,14,47480,1.366463e-03,5.177298e-03,1.011660e-02,0.000000e+00,0.000000e+00,203,9.328127e-05,0,0,0
3583,15,47495,1.155013e-03,5.101141e-03,1.000000e-02,0.000000e+00,0.000000e+00,227,1.265574e-05,0,0,0
3584,11,47506,1.277830e-03,5.390298e-03,1.065594e-02,0.000000e+00,0.000000e+00,185,3.224183e-04,0,0,0
3585,13,47519,9.849594e-04,5.175831e-03,1.000000e-02,0.000000e+00,0.000000e+00,239,7.928759e-04,0,0,0
3586,13,47532,1.293666e-03,5.396289e-03,1.089152e-02,0.000000e+00,0.000000e+00,194,1.078099e-04,0,0,0
3587,12,47544,1.404384e-03,5.220071e-03,1.107008e-02,0.000000e+00,0.000000e+00,222,3.594160e-04,0,0,0
3588,11,47555,1.278703e-03,5.291382e-03,1.456193e-02,0.000000e+00,0.000000e+00,202,5.902275e-04,0,0,0
3589,10,47565,1.455321e-03,5.236184e-03,1.237305e-02,0.000000e+00,0.000000e+00,203,4.345179e-05,0,0,0
3590,14,47579,8.904014e-04,5.243270e-03,1.000000e-02,0.000000e+00,0.000000e+00,203,6.888062e-05,0,0,0
3591,15,47594,9.987846e-04,5.198243e-03,9.618905e-03,0.000000e+00,0.000000e+00,210,3.326684e-04,0,0,0
3592,14,47608,1.052461e-03,5.260265e-03,1.263611e-02,0.000000e+00,0.000000e+00,210,1.014844e-04,0,0,0
3593,13,47621,1.018044e-03,5.089000e-03,1.197900e-02,0.000000e+00,0.000000e+00,229,2.026558e-06,0,0,0
3594,11,47632,1.340142e-03,5.156816e-03,1.124561e-02,0.000000e+00,0.000000e+00,210,5.729817e-11,0,0,0
3595,12,47644,1.299807e-03,4.982530e-03,1.000000e-02,0.000000e+00,0.000000e+00,221,2.801418e-06,0,0,0
3596,11,47655,1.501344e-03,5.146235e-03,1.092953e-02,0.000000e+00,0.000000e+00,214,1.536310e-05,0,0,0
3597,13,47668,9.464787e-04,5.235764e-03,1.169029e-02,0.000000e+00,0.000000e+00,198,2.078712e-06,0,0,0
3598,11,47679,1.430583e-03,5.303174e-03,1.466495e-02,0.000000e+00,0.000000e+00,206,8.299947e-05,0,0,0
3599,12,47691,1.052873e-03,5.025580e-03,1.269362e-02,0.000000e+00,0.000000e+00,243,7.209275e-04,0,0,0
HIST {'total_samples': 3995649, 'floor_samples': 0, 'floor_fraction': 0.0, 'saturation_depth': 0.0, 'boundaries': 3600, 'capped_boundaries': 0, 'unfinished_worlds': 0}
3600,13,47704,1.001498e-03,5.080796e-03,1.000000e-02,0.000000e+00,0.000000e+00,207,8.263439e-05,0,0,0
3601,12,47716,1.200959e-03,4.987024e-03,1.060480e-02,0.000000e+00,0.000000e+00,219,3.720447e-04,0,0,0
3602,16,47732,8.257197e-04,5.051621e-03,1.177252e-02,0.000000e+00,0.000000e+00,202,1.353770e-05,0,0,0
3603,13,47745,1.032401e-03,5.041614e-03,1.069576e-02,0.000000e+00,0.000000e+00,214,6.797910e-05,0,0,0
3604,20,47765,1.093905e-03,5.031165e-03,1.000000e-02,0.000000e+00,0.000000e+00,216,3.038570e-04,0,0,0
3605,14,47779,8.398366e-04,5.061774e-03,9.576962e-03,0.000000e+00,0.000000e+00,212,1.488924e-04,0,0,0
3606,21,47800,6.521042e-04,5.027696e-03,1.198351e-02,0.000000e+00,0.000000e+00,213,7.411538e-22,0,0,0
3607,19,47819,7.506011e-04,5.112292e-03,1.197900e-02,0.000000e+00,0.000000e+00,213,2.470911e-04,0,0,0
3608,15,47834,8.130706e-04,5.103977e-03,1.317690e-02,0.000000e+00,0.000000e+00,227,3.412664e-04,0,0,0
3609,14,47848,9.829343e-04,5.062023e-03,1.147224e-02,0.000000e+00,0.000000e+00,213,5.714595e-05,0,0,0
3610,13,47861,1.331290e-03,5.190338e-03,1.140955e-02,0.000000e+00,0.000000e+00,196,3.099442e-06,0,0,0
3611,12,47873,1.403128e-03,5.195429e-03,1.107046e-02,0.000000e+00,0.000000e+00,203,2.504718e-04,0,0,0
3612,10,47883,1.782367e-03,5.310153e-03,1.124933e-02,0.000000e+00,0.000000e+00,196,1.229346e-06,0,0,0
3613,10,47893,1.820077e-03,5.208105e-03,1.197900e-02,0.000000e+00,0.000000e+00,210,2.071783e-04,0,0,0
3614,12,47905,1.012882e-03,5.279745e-03,1.000000e-02,0.000000e+00,0.000000e+00,207,3.311336e-04,0,0,0
3615,12,47917,1.060470e-03,5.040176e-03,1.004439e-02,0.000000e+00,0.000000e+00,224,2.058484e-04,0,0,0
3616,10,47927,1.504406e-03,5.184461e-03,1.104882e-02,0.000000e+00,0.000000e+00,203,2.770126e-05,0,0,0
3617,11,47938,1.348632e-03,5.147551e-03,1.037118e-02,0.000000e+00,0.000000e+00,213,4.768372e-07,0,0,0
3618,14,47952,7.940903e-04,5.060392e-03,1.000000e-02,0.000000e+00,0.000000e+00,220,9.586662e-05,0,0,0
3619,13,47965,1.323979e-03,5.094258e-03,1.029234e-02,0.000000e+00,0.000000e+00,210,2.905130e-04,0,0,0
3620,13,47978,1.398246e-03,5.242305e-03,1.396959e-02,0.000000e+00,0.000000e+00,190,8.079410e-05,0,0,0
3621,10,47988,1.061920e-03,5.170158e-03,1.701496e-02,0.000000e+00,0.000000e+00,196,1.283642e-05,0,0,0
3622,17,48005,7.054955e-04,5.091532e-03,1.089000e-02,0.000000e+00,0.000000e+00,207,1.031496e-04,0,0,0
3623,11,48016,1.629920e-03,5.202136e-03,1.000000e-02,0.000000e+00,0.000000e+00,189,5.871058e-05,0,0,0
3624,10,48026,1.304686e-03,5.270270e-03,1.129022e-02,0.000000e+00,0.000000e+00,204,3.930079e-04,0,0,0
3625,11,48037,1.669280e-03,5.142687e-03,9.704643e-03,0.000000e+00,0.000000e+00,213,3.555790e-04,0,0,0
3626,13,48050,1.277912e-03,5.243253e-03,1.330962e-02,0.000000e+00,0.000000e+00,196,2.907217e-05,0,0,0
3627,10,48060,1.535547e-03,5.259655e-03,1.073785e-02,0.000000e+00,0.000000e+00,197,1.751781e-04,0,0,0
3628,10,48070,1.314833e-03,5.295120e-03,1.300902e-02,0.000000e+00,0.000000e+00,189,5.364418e-07,0,0,0
3629,10,48080,1.411768e-03,5.272025e-03,1.020670e-02,0.000000e+00,0.000000e+00,193,1.308024e-04,0,0,0
3630,12,48092,1.261343e-03,5.270250e-03,1.149997e-02,0.000000e+00,0.000000e+00,195,8.434057e-06,0,0,0
3631,12,48104,1.332351e-03,5.111332e-03,1.000000e-02,0.000000e+00,0.000000e+00,210,2.393499e-05,0,0,0
3632,18,48122,9.503816e-04,5.328426e-03,1.074905e-02,0.000000e+00,0.000000e+00,188,8.962676e-05,0,0,0
3633,14,48136,1.426429e-03,5.258575e-03,1.010862e-02,0.000000e+00,0.000000e+00,198,1.006061e-06,0,0,0
3634,16,48152,7.442115e-04,5.343377e-03,1.055164e-02,0.000000e+00,0.000000e+00,183,5.730987e-05,0,0,0
3635,13,48165,9.995254e-04,5.178915e-03,1.000000e-02,0.000000e+00,0.000000e+00,208,6.081350e-05,0,0,0
3636,14,48179,1.464751e-03,5.300357e-03,1.449459e-02,0.000000e+00,0.000000e+00,186,3.162026e-05,0,0,0
3637,13,48192,1.038203e-03,5.149742e-03,1.000000e-02,0.000000e+00,0.000000e+00,214,1.268387e-04,0,0,0
3638,12,48204,1.093182e-03,5.001770e-03,1.089000e-02,0.000000e+00,0.000000e+00,220,2.692491e-04,0,0,0
3639,19,48223,8.306193e-04,5.096689e-03,1.023919e-02,0.000000e+00,0.000000e+00,179,7.189810e-07,0,0,0
3640,14,48237,9.750497e-04,5.289334e-03,1.044487e-02,0.000000e+00,0.000000e+00,190,1.143217e-04,0,0,0
3641,12,48249,1.086146e-03,5.021990e-03,1.000000e-02,0.000000e+00,0.000000e+00,219,5.462039e-04,0,0,0
3642,12,48261,1.018630e-03,5.215830e-03,1.294853e-02,0.000000e+00,0.000000e+00,197,2.250727e-04,0,0,0
3643,11,48272,1.168970e-03,5.133660e-03,1.000000e-02,0.000000e+00,0.000000e+00,226,2.189726e-05,0,0,0
3644,11,48283,1.471472e-03,5.156192e-03,1.357254e-02,0.000000e+00,0.000000e+00,195,4.018685e-04,0,0,0
3645,13,48296,1.133620e-03,5.084692e-03,1.000000e-02,0.000000e+00,0.000000e+00,206,2.565980e-05,0,0,0
3646,12,48308,8.910495e-04,5.281409e-03,1.089000e-02,0.000000e+00,0.000000e+00,192,4.064478e-04,0,0,0
3647,9,48317,1.643648e-03,5.201771e-03,1.000000e-02,0.000000e+00,0.000000e+00,186,1.937151e-07,0,0,0
HIST {'total_samples': 4048976, 'floor_samples': 0, 'floor_fraction': 0.0, 'saturation_depth': 0.0, 'boundaries': 3648, 'capped_boundaries': 0, 'unfinished_worlds': 0}
3648,13,48330,1.081483e-03,5.303690e-03,1.077576e-02,0.000000e+00,0.000000e+00,193,4.789792e-05,0,0,0
3649,12,48342,1.337022e-03,5.319186e-03,1.003705e-02,0.000000e+00,0.000000e+00,208,2.233833e-04,0,0,0
3650,12,48354,1.458852e-03,5.373368e-03,1.000000e-02,0.000000e+00,0.000000e+00,177,2.637506e-05,0,0,0
3651,13,48367,1.227001e-03,5.274117e-03,1.000000e-02,0.000000e+00,0.000000e+00,202,4.511327e-05,0,0,0
3652,14,48381,1.000448e-03,5.264808e-03,1.097019e-02,0.000000e+00,0.000000e+00,194,4.775524e-04,0,0,0
3653,11,48392,1.525655e-03,5.102201e-03,1.092787e-02,0.000000e+00,0.000000e+00,214,7.213652e-05,0,0,0
3654,10,48402,1.278782e-03,5.150287e-03,1.167522e-02,0.000000e+00,0.000000e+00,206,1.273230e-04,0,0,0
3655,11,48413,1.522382e-03,5.205047e-03,1.197900e-02,0.000000e+00,0.000000e+00,199,2.709925e-04,0,0,0
3656,10,48423,1.107406e-03,5.366838e-03,1.197900e-02,0.000000e+00,0.000000e+00,189,1.748366e-05,0,0,0
3657,13,48436,1.174363e-03,5.251225e-03,1.000000e-02,0.000000e+00,0.000000e+00,199,2.634758e-05,0,0,0
3658,16,48452,1.082771e-03,5.293963e-03,1.190375e-02,0.000000e+00,0.000000e+00,185,2.220273e-05,0,0,0
3659,13,48465,1.138642e-03,5.161084e-03,1.000000e-02,0.000000e+00,0.000000e+00,220,5.660951e-04,0,0,0
3660,13,48478,9.586265e-04,5.229453e-03,1.089149e-02,0.000000e+00,0.000000e+00,192,3.506243e-05,0,0,0
3661,12,48490,1.034755e-03,5.102239e-03,9.943409e-03,0.000000e+00,0.000000e+00,197,1.132302e-04,0,0,0
3662,13,48503,1.191540e-03,5.166352e-03,1.128880e-02,0.000000e+00,0.000000e+00,206,2.893060e-05,0,0,0
3663,15,48518,7.308121e-04,5.060073e-03,1.000000e-02,0.000000e+00,0.000000e+00,198,2.771374e-04,0,0,0
3664,15,48533,1.093291e-03,5.165666e-03,1.028693e-02,0.000000e+00,0.000000e+00,202,1.539737e-04,0,0,0
3665,14,48547,1.149639e-03,5.064105e-03,1.072892e-02,0.000000e+00,0.000000e+00,208,8.445978e-05,0,0,0
3666,12,48559,1.313077e-03,5.069809e-03,1.117215e-02,0.000000e+00,0.000000e+00,215,1.082234e-04,0,0,0
3667,16,48575,7.642774e-04,5.046037e-03,1.426952e-02,0.000000e+00,0.000000e+00,220,2.804957e-05,0,0,0
3668,15,48590,1.476313e-03,5.205232e-03,1.076480e-02,0.000000e+00,0.000000e+00,201,8.344650e-07,0,0,0
3669,14,48604,1.564272e-03,5.130684e-03,1.184128e-02,0.000000e+00,0.000000e+00,206,1.126528e-05,0,0,0
3670,10,48614,1.238681e-03,5.243600e-03,1.437886e-02,0.000000e+00,0.000000e+00,198,2.746284e-04,0,0,0
3671,11,48625,1.368348e-03,5.131059e-03,1.039029e-02,0.000000e+00,0.000000e+00,206,1.553297e-04,0,0,0
3672,13,48638,1.189562e-03,5.291198e-03,1.046103e-02,0.000000e+00,0.000000e+00,187,2.062321e-05,0,0,0
3673,12,48650,1.167635e-03,5.152712e-03,9.918326e-03,0.000000e+00,0.000000e+00,213,1.185387e-04,0,0,0
3674,9,48659,1.151867e-03,5.317216e-03,1.200117e-02,0.000000e+00,0.000000e+00,182,2.921447e-04,0,0,0
3675,13,48672,1.277702e-03,5.295623e-03,1.000000e-02,0.000000e+00,0.000000e+00,185,1.110137e-04,0,0,0
3676,13,48685,1.772722e-03,5.350126e-03,1.262347e-02,0.000000e+00,0.000000e+00,195,7.121265e-05,0,0,0
3677,14,48699,9.908420e-04,5.237502e-03,1.235268e-02,0.000000e+00,0.000000e+00,221,3.874302e-06,0,0,0
3678,11,48710,1.559864e-03,5.300010e-03,1.317690e-02,0.000000e+00,0.000000e+00,195,1.594424e-05,0,0,0
3679,14,48724,1.505483e-03,5.128258e-03,1.021837e-02,0.000000e+00,0.000000e+00,213,2.007242e-04,0,0,0
3680,12,48736,1.477733e-03,5.281093e-03,1.051245e-02,0.000000e+00,0.000000e+00,173,1.974404e-07,0,0,0
3681,11,48747,1.011421e-03,5.304979e-03,1.000000e-02,0.000000e+00,0.000000e+00,190,9.261072e-05,0,0,0
3682,12,48759,1.623929e-03,5.418437e-03,1.253151e-02,0.000000e+00,0.000000e+00,183,6.908178e-05,0,0,0
3683,14,48773,8.800083e-04,5.167546e-03,1.000000e-02,0.000000e+00,0.000000e+00,215,4.285574e-05,0,0,0
3684,13,48786,1.215915e-03,5.486115e-03,1.072166e-02,0.000000e+00,0.000000e+00,181,3.105998e-04,0,0,0
3685,15,48801,1.094800e-03,5.371795e-03,1.077920e-02,0.000000e+00,0.000000e+00,198,1.693964e-04,0,0,0
3686,23,48824,4.064220e-04,5.335195e-03,1.249519e-02,0.000000e+00,0.000000e+00,231,1.236759e-04,0,0,0
3687,14,48838,1.403079e-03,5.278446e-03,1.047649e-02,0.000000e+00,0.000000e+00,179,1.192093e-06,0,0,0
3688,14,48852,1.197042e-03,5.361995e-03,1.317690e-02,0.000000e+00,0.000000e+00,194,2.324581e-06,0,0,0
3689,14,48866,8.589956e-04,5.133086e-03,1.000000e-02,0.000000e+00,0.000000e+00,219,4.073232e-04,0,0,0
3690,14,48880,1.044579e-03,5.284901e-03,1.205408e-02,0.000000e+00,0.000000e+00,205,1.752377e-05,0,0,0
3691,11,48891,1.168649e-03,5.284099e-03,1.000000e-02,0.000000e+00,0.000000e+00,191,2.680123e-04,0,0,0
3692,11,48902,9.990794e-04,5.449919e-03,1.244383e-02,0.000000e+00,0.000000e+00,189,1.924001e-04,0,0,0
3693,12,48914,1.183355e-03,5.351034e-03,1.225926e-02,0.000000e+00,0.000000e+00,195,2.509207e-04,0,0,0
3694,12,48926,9.294744e-04,5.519147e-03,1.332035e-02,0.000000e+00,0.000000e+00,192,8.523464e-05,0,0,0
3695,11,48937,1.328297e-03,5.344967e-03,1.000000e-02,0.000000e+00,0.000000e+00,219,6.545410e-04,0,0,0
HIST {'total_samples': 4101482, 'floor_samples': 0, 'floor_fraction': 0.0, 'saturation_depth': 0.0, 'boundaries': 3696, 'capped_boundaries': 0, 'unfinished_worlds': 0}
3696,19,48956,4.866219e-04,5.476580e-03,1.237322e-02,0.000000e+00,0.000000e+00,178,2.124924e-04,0,0,0
3697,13,48969,7.503068e-04,5.279854e-03,1.003958e-02,0.000000e+00,0.000000e+00,202,9.351224e-05,0,0,0
3698,10,48979,1.413479e-03,5.560987e-03,1.171732e-02,0.000000e+00,0.000000e+00,178,4.007071e-04,0,0,0
3699,16,48995,1.111016e-03,5.398264e-03,1.000000e-02,0.000000e+00,0.000000e+00,223,6.169081e-06,0,0,0
3700,12,49007,1.267254e-03,5.478578e-03,1.244845e-02,0.000000e+00,0.000000e+00,178,1.530051e-04,0,0,0
3701,12,49019,9.573525e-04,5.322749e-03,1.098554e-02,0.000000e+00,0.000000e+00,220,7.354617e-04,0,0,0
3702,12,49031,1.459399e-03,5.363666e-03,1.197900e-02,0.000000e+00,0.000000e+00,190,3.278255e-06,0,0,0
3703,13,49044,1.220621e-03,5.340296e-03,1.284842e-02,0.000000e+00,0.000000e+00,190,1.065433e-06,0,0,0
3704,10,49054,1.525755e-03,5.369572e-03,1.144840e-02,0.000000e+00,0.000000e+00,182,8.448958e-06,0,0,0
3705,14,49068,1.369467e-03,5.391388e-03,1.087873e-02,0.000000e+00,0.000000e+00,183,1.037419e-04,0,0,0
3706,14,49082,5.988615e-04,5.447412e-03,1.194959e-02,0.000000e+00,0.000000e+00,170,1.358241e-05,0,0,0
3707,14,49096,1.311540e-03,5.442251e-03,1.303529e-02,0.000000e+00,0.000000e+00,185,1.270473e-04,0,0,0
3708,12,49108,1.161227e-03,5.499595e-03,1.530650e-02,0.000000e+00,0.000000e+00,194,3.367662e-05,0,0,0
3709,14,49122,1.364524e-03,5.303911e-03,1.000000e-02,0.000000e+00,0.000000e+00,208,2.088249e-04,0,0,0
3710,10,49132,1.452904e-03,5.426007e-03,1.066039e-02,0.000000e+00,0.000000e+00,191,1.919270e-05,0,0,0
3711,18,49150,7.621208e-04,5.272113e-03,1.181829e-02,0.000000e+00,0.000000e+00,214,1.744628e-04,0,0,0
3712,19,49169,9.259038e-04,5.256673e-03,1.197900e-02,0.000000e+00,0.000000e+00,209,5.036592e-06,0,0,0
3713,18,49187,7.916480e-04,5.084820e-03,1.055790e-02,0.000000e+00,0.000000e+00,220,5.139410e-04,0,0,0
3714,14,49201,9.039023e-04,5.321236e-03,1.252113e-02,0.000000e+00,0.000000e+00,184,1.102090e-04,0,0,0
3715,11,49212,1.385860e-03,5.166205e-03,1.000000e-02,0.000000e+00,0.000000e+00,214,7.215142e-05,0,0,0
3716,9,49221,1.180891e-03,5.346835e-03,1.392732e-02,0.000000e+00,0.000000e+00,171,2.634823e-04,0,0,0
3717,10,49231,1.286044e-03,5.222563e-03,1.000000e-02,0.000000e+00,0.000000e+00,217,3.935769e-05,0,0,0
3718,12,49243,1.431851e-03,5.311567e-03,1.316823e-02,0.000000e+00,0.000000e+00,199,6.109476e-07,0,0,0
3719,19,49262,8.639967e-04,5.083052e-03,1.005365e-02,0.000000e+00,0.000000e+00,224,1.236051e-04,0,0,0
3720,12,49274,1.300182e-03,5.205220e-03,1.089000e-02,0.000000e+00,0.000000e+00,198,7.471442e-05,0,0,0
3721,15,49289,1.124737e-03,5.117252e-03,1.000000e-02,0.000000e+00,0.000000e+00,211,5.042851e-04,0,0,0
3722,10,49299,9.630491e-04,5.150733e-03,1.060203e-02,0.000000e+00,0.000000e+00,199,4.329681e-04,0,0,0
3723,12,49311,8.069162e-04,5.050183e-03,9.519158e-03,0.000000e+00,0.000000e+00,219,1.283800e-04,0,0,0
3724,11,49322,1.283424e-03,5.197776e-03,1.252273e-02,0.000000e+00,0.000000e+00,197,2.174973e-04,0,0,0
3725,15,49337,1.028218e-03,5.158653e-03,1.000000e-02,0.000000e+00,0.000000e+00,213,4.466251e-04,0,0,0
3726,14,49351,9.584514e-04,5.338266e-03,1.020276e-02,0.000000e+00,0.000000e+00,201,8.089840e-05,0,0,0
3727,12,49363,1.125951e-03,5.235878e-03,1.000000e-02,0.000000e+00,0.000000e+00,211,2.485514e-05,0,0,0
3728,12,49375,8.512990e-04,5.300496e-03,1.218224e-02,0.000000e+00,0.000000e+00,200,1.868010e-04,0,0,0
3729,10,49385,9.882764e-04,5.259897e-03,1.015978e-02,0.000000e+00,0.000000e+00,200,2.990291e-04,0,0,0
3730,12,49397,1.368423e-03,5.255944e-03,1.501954e-02,0.000000e+00,0.000000e+00,196,1.555383e-04,0,0,0
3731,18,49415,9.520469e-04,5.146688e-03,1.000000e-02,0.000000e+00,0.000000e+00,215,1.225551e-20,0,0,0
3732,11,49426,1.083632e-03,5.233312e-03,1.349099e-02,0.000000e+00,0.000000e+00,196,1.257658e-05,0,0,0
3733,16,49442,1.096619e-03,5.145205e-03,1.000000e-02,0.000000e+00,0.000000e+00,204,2.230033e-04,0,0,0
3734,12,49454,1.466405e-03,5.087193e-03,1.241123e-02,0.000000e+00,0.000000e+00,213,9.089708e-07,0,0,0
3735,13,49467,9.504521e-04,5.016464e-03,1.212417e-02,0.000000e+00,0.000000e+00,223,3.161281e-04,0,0,0
3736,19,49486,7.974708e-04,5.042338e-03,1.157277e-02,0.000000e+00,0.000000e+00,217,6.275773e-04,0,0,0
3737,14,49500,8.129462e-04,5.065449e-03,1.000000e-02,0.000000e+00,0.000000e+00,197,1.833141e-04,0,0,0
3738,13,49513,1.170413e-03,5.125488e-03,1.086761e-02,0.000000e+00,0.000000e+00,203,1.111031e-04,0,0,0
3739,13,49526,7.440829e-04,5.025444e-03,1.000000e-02,0.000000e+00,0.000000e+00,219,2.086163e-05,0,0,0
3740,13,49539,1.106867e-03,5.128663e-03,1.114239e-02,0.000000e+00,0.000000e+00,201,1.963228e-06,0,0,0
3741,12,49551,1.158773e-03,5.165654e-03,1.206744e-02,0.000000e+00,0.000000e+00,199,4.864931e-04,0,0,0
3742,12,49563,7.551229e-04,5.286916e-03,1.071767e-02,0.000000e+00,0.000000e+00,212,1.821220e-04,0,0,0
3743,14,49577,1.239746e-03,5.144340e-03,9.758045e-03,0.000000e+00,0.000000e+00,217,7.774681e-06,0,0,0
HIST {'total_samples': 4154549, 'floor_samples': 0, 'floor_fraction': 0.0, 'saturation_depth': 0.0, 'boundaries': 3744, 'capped_boundaries': 0, 'unfinished_worlds': 0}
3744,16,49593,1.050563e-03,5.122826e-03,1.180723e-02,0.000000e+00,0.000000e+00,216,6.581843e-05,0,0,0
3745,17,49610,5.752277e-04,5.082746e-03,1.000000e-02,0.000000e+00,0.000000e+00,215,1.172125e-04,0,0,0
3746,16,49626,8.073546e-04,5.128998e-03,1.210774e-02,0.000000e+00,0.000000e+00,204,2.117753e-04,0,0,0
3747,16,49642,9.752151e-04,5.050122e-03,1.022247e-02,0.000000e+00,0.000000e+00,221,5.130693e-04,0,0,0
3748,13,49655,1.070788e-03,5.093636e-03,1.109153e-02,0.000000e+00,0.000000e+00,204,1.879036e-05,0,0,0
3749,13,49668,8.590597e-04,5.044061e-03,1.094035e-02,0.000000e+00,0.000000e+00,215,1.323596e-05,0,0,0
3750,14,49682,8.405333e-04,5.109882e-03,1.125359e-02,0.000000e+00,0.000000e+00,200,1.156330e-04,0,0,0
3751,11,49693,1.368397e-03,5.176600e-03,1.215304e-02,0.000000e+00,0.000000e+00,199,4.023314e-07,0,0,0
3752,12,49705,1.316987e-03,5.116551e-03,1.041729e-02,0.000000e+00,0.000000e+00,221,6.239861e-08,0,0,0
3753,11,49716,9.585422e-04,4.966908e-03,1.000000e-02,0.000000e+00,0.000000e+00,222,1.604625e-05,0,0,0
3754,11,49727,1.374804e-03,5.021607e-03,1.044909e-02,0.000000e+00,0.000000e+00,204,4.535168e-05,0,0,0
3755,14,49741,1.331699e-03,4.980980e-03,1.051616e-02,0.000000e+00,0.000000e+00,216,8.553267e-05,0,0,0
3756,14,49755,9.280611e-04,5.052006e-03,1.117021e-02,0.000000e+00,0.000000e+00,223,6.708503e-05,0,0,0
3757,17,49772,1.014797e-03,5.026437e-03,1.003938e-02,0.000000e+00,0.000000e+00,207,4.618168e-04,0,0,0
3758,17,49789,9.351890e-04,5.161110e-03,1.250039e-02,0.000000e+00,0.000000e+00,187,1.350641e-04,0,0,0
3759,14,49803,5.415843e-04,5.009942e-03,1.105456e-02,0.000000e+00,0.000000e+00,241,3.655255e-04,0,0,0
3760,13,49816,1.045004e-03,5.145192e-03,1.058146e-02,0.000000e+00,0.000000e+00,210,5.646292e-04,0,0,0
3761,11,49827,1.146237e-03,5.062491e-03,1.000000e-02,0.000000e+00,0.000000e+00,216,3.058687e-04,0,0,0
3762,11,49838,1.142663e-03,5.221080e-03,1.477874e-02,0.000000e+00,0.000000e+00,210,4.331395e-05,0,0,0
3763,11,49849,1.207660e-03,5.191999e-03,1.000000e-02,0.000000e+00,0.000000e+00,205,6.641150e-04,0,0,0
3764,13,49862,1.019674e-03,5.195548e-03,1.068484e-02,0.000000e+00,0.000000e+00,213,3.832728e-04,0,0,0
3765,13,49875,1.100537e-03,5.036156e-03,1.044631e-02,0.000000e+00,0.000000e+00,228,3.945455e-04,0,0,0
3766,13,49888,1.221046e-03,5.121000e-03,1.218068e-02,0.000000e+00,0.000000e+00,193,3.733858e-04,0,0,0
3767,11,49899,1.492352e-03,4.919811e-03,1.063360e-02,0.000000e+00,0.000000e+00,218,2.930909e-04,0,0,0
3768,11,49910,1.510959e-03,5.027256e-03,1.000000e-02,0.000000e+00,0.000000e+00,211,2.556145e-04,0,0,0
3769,15,49925,8.617569e-04,4.993707e-03,1.012907e-02,0.000000e+00,0.000000e+00,223,4.398450e-04,0,0,0
3770,14,49939,1.252048e-03,5.143906e-03,1.317690e-02,0.000000e+00,0.000000e+00,199,4.452467e-05,0,0,0
3771,13,49952,1.258080e-03,5.048015e-03,1.000000e-02,0.000000e+00,0.000000e+00,215,6.854534e-07,0,0,0
3772,11,49963,1.400880e-03,5.165866e-03,1.244295e-02,0.000000e+00,0.000000e+00,206,5.900860e-04,0,0,0
3773,13,49976,8.972412e-04,5.087126e-03,1.000000e-02,0.000000e+00,0.000000e+00,221,2.879929e-05,0,0,0
3774,11,49987,1.134961e-03,5.249778e-03,1.412615e-02,0.000000e+00,0.000000e+00,199,4.033335e-04,0,0,0
3775,12,49999,8.188942e-04,4.903642e-03,1.246088e-02,0.000000e+00,0.000000e+00,248,7.796288e-05,0,0,0
3776,11,50010,1.237536e-03,4.880037e-03,1.594664e-02,0.000000e+00,0.000000e+00,219,7.152557e-07,0,0,0
3777,15,50025,7.857041e-04,4.935149e-03,1.209696e-02,0.000000e+00,0.000000e+00,214,3.396738e-04,0,0,0
3778,12,50037,8.675768e-04,5.040918e-03,1.083935e-02,0.000000e+00,0.000000e+00,212,4.909374e-05,0,0,0
3779,18,50055,9.433686e-04,4.915969e-03,1.192328e-02,0.000000e+00,0.000000e+00,242,1.303032e-04,0,0,0
3780,13,50068,1.018889e-03,5.002176e-03,1.401313e-02,0.000000e+00,0.000000e+00,217,4.016608e-05,0,0,0
3781,14,50082,1.007694e-03,4.857544e-03,1.051946e-02,0.000000e+00,0.000000e+00,240,4.211068e-05,0,0,0
3782,13,50095,1.298449e-03,5.079567e-03,1.173031e-02,0.000000e+00,0.000000e+00,193,1.497101e-04,0,0,0
3783,13,50108,1.115261e-03,4.857096e-03,1.074996e-02,0.000000e+00,0.000000e+00,235,1.067668e-04,0,0,0
3784,12,50120,1.165408e-03,4.967644e-03,1.083216e-02,0.000000e+00,0.000000e+00,207,2.892911e-04,0,0,0
3785,11,50131,1.243876e-03,4.894129e-03,9.762730e-03,0.000000e+00,0.000000e+00,223,3.180914e-04,0,0,0
3786,11,50142,1.601359e-03,5.037420e-03,1.167776e-02,0.000000e+00,0.000000e+00,207,3.947318e-05,0,0,0
3787,12,50154,1.037665e-03,4.983099e-03,1.094579e-02,0.000000e+00,0.000000e+00,214,2.904311e-04,0,0,0
3788,12,50166,1.323494e-03,5.053909e-03,1.089000e-02,0.000000e+00,0.000000e+00,201,7.450581e-06,0,0,0
3789,14,50180,1.154448e-03,4.997244e-03,1.055020e-02,0.000000e+00,0.000000e+00,209,1.180172e-05,0,0,0
3790,18,50198,1.056588e-03,5.125338e-03,1.000000e-02,0.000000e+00,0.000000e+00,197,9.417534e-05,0,0,0
3791,12,50210,1.074928e-03,4.929137e-03,9.829539e-03,0.000000e+00,0.000000e+00,232,5.737543e-04,0,0,0
HIST {'total_samples': 4209848, 'floor_samples': 0, 'floor_fraction': 0.0, 'saturation_depth': 0.0, 'boundaries': 3792, 'capped_boundaries': 0, 'unfinished_worlds': 0}
3792,13,50223,9.673419e-04,5.035138e-03,1.171593e-02,0.000000e+00,0.000000e+00,199,4.614852e-04,0,0,0
3793,12,50235,1.018863e-03,5.021332e-03,1.103586e-02,0.000000e+00,0.000000e+00,212,7.823110e-06,0,0,0
3794,10,50245,1.462342e-03,5.086021e-03,1.214761e-02,0.000000e+00,0.000000e+00,185,1.101494e-04,0,0,0
3795,15,50260,9.299107e-04,5.038247e-03,1.000000e-02,0.000000e+00,0.000000e+00,208,4.043803e-06,0,0,0
3796,13,50273,1.059819e-03,5.115990e-03,1.439506e-02,0.000000e+00,0.000000e+00,199,2.244506e-04,0,0,0
3797,14,50287,7.524934e-04,5.092706e-03,1.067419e-02,0.000000e+00,0.000000e+00,199,1.174212e-05,0,0,0
3798,11,50298,1.221111e-03,5.141799e-03,1.089000e-02,0.000000e+00,0.000000e+00,207,8.255003e-04,0,0,0
3799,15,50313,8.534117e-04,5.053977e-03,1.056756e-02,0.000000e+00,0.000000e+00,197,1.625605e-04,0,0,0
3800,14,50327,1.167357e-03,4.993547e-03,1.211715e-02,0.000000e+00,0.000000e+00,205,5.051494e-06,0,0,0
3801,18,50345,7.838417e-04,5.021983e-03,1.000000e-02,0.000000e+00,0.000000e+00,201,1.121089e-04,0,0,0
3802,14,50359,9.654883e-04,4.999571e-03,1.060027e-02,0.000000e+00,0.000000e+00,220,1.582801e-04,0,0,0
3803,13,50372,1.359077e-03,4.950008e-03,1.000000e-02,0.000000e+00,0.000000e+00,197,8.344650e-07,0,0,0
3804,12,50384,1.412769e-03,5.092349e-03,1.019704e-02,0.000000e+00,0.000000e+00,201,5.567670e-04,0,0,0
3805,11,50395,1.369393e-03,5.092888e-03,1.012531e-02,0.000000e+00,0.000000e+00,203,4.981048e-04,0,0,0
3806,14,50409,1.128966e-03,5.040072e-03,1.037205e-02,0.000000e+00,0.000000e+00,219,2.638996e-04,0,0,0
3807,12,50421,1.135074e-03,5.089541e-03,1.000000e-02,0.000000e+00,0.000000e+00,204,3.740191e-06,0,0,0
3808,11,50432,1.434574e-03,5.077534e-03,1.289982e-02,0.000000e+00,0.000000e+00,224,2.584795e-04,0,0,0
3809,18,50450,9.369065e-04,5.007513e-03,1.000000e-02,0.000000e+00,0.000000e+00,217,1.453161e-04,0,0,0
3810,13,50463,1.259688e-03,5.178847e-03,1.044182e-02,0.000000e+00,0.000000e+00,183,3.384054e-05,0,0,0
3811,22,50485,8.503385e-04,5.036067e-03,9.797118e-03,0.000000e+00,0.000000e+00,218,3.874302e-07,0,0,0
3812,13,50498,1.198516e-03,5.084733e-03,1.317690e-02,0.000000e+00,0.000000e+00,206,1.788139e-06,0,0,0
3813,20,50518,7.787563e-04,5.119802e-03,1.021022e-02,0.000000e+00,0.000000e+00,216,2.067983e-04,0,0,0
3814,23,50541,5.425827e-04,5.238262e-03,1.328963e-02,0.000000e+00,0.000000e+00,211,3.081560e-05,0,0,0
3815,18,50559,9.037498e-04,5.190736e-03,9.729051e-03,0.000000e+00,0.000000e+00,194,1.095235e-05,0,0,0
3816,18,50577,5.989831e-04,5.173696e-03,1.191620e-02,0.000000e+00,0.000000e+00,216,6.803870e-05,0,0,0
3817,15,50592,1.085301e-03,5.081164e-03,1.003503e-02,0.000000e+00,0.000000e+00,201,8.759648e-04,0,0,0
3818,14,50606,1.074094e-03,5.274526e-03,1.200457e-02,0.000000e+00,0.000000e+00,199,2.152324e-04,0,0,0
3819,16,50622,9.114103e-04,5.267899e-03,1.025811e-02,0.000000e+00,0.000000e+00,205,2.300739e-04,0,0,0
3820,10,50632,1.184654e-03,5.167860e-03,1.014588e-02,0.000000e+00,0.000000e+00,204,1.844466e-04,0,0,0
3821,12,50644,1.047243e-03,5.071239e-03,1.000000e-02,0.000000e+00,0.000000e+00,223,9.134412e-06,0,0,0
3822,13,50657,1.256455e-03,5.079476e-03,1.011332e-02,0.000000e+00,0.000000e+00,214,6.444380e-05,0,0,0
3823,13,50670,1.073558e-03,4.927861e-03,9.719482e-03,0.000000e+00,0.000000e+00,227,1.683831e-04,0,0,0
3824,12,50682,1.297318e-03,5.084834e-03,1.121261e-02,0.000000e+00,0.000000e+00,202,9.919703e-05,0,0,0
3825,11,50693,1.011033e-03,5.000331e-03,1.048331e-02,0.000000e+00,0.000000e+00,201,2.384186e-06,0,0,0
3826,10,50703,1.461332e-03,5.153411e-03,1.064436e-02,0.000000e+00,0.000000e+00,190,6.017685e-04,0,0,0
3827,15,50718,7.760176e-04,5.204474e-03,1.000000e-02,0.000000e+00,0.000000e+00,202,3.419816e-04,0,0,0
3828,13,50731,8.839665e-04,4.990171e-03,1.066563e-02,0.000000e+00,0.000000e+00,216,4.673004e-05,0,0,0
3829,14,50745,6.508615e-04,4.953339e-03,1.000000e-02,0.000000e+00,0.000000e+00,218,1.614094e-04,0,0,0
3830,17,50762,9.737019e-04,5.016375e-03,1.089000e-02,0.000000e+00,0.000000e+00,210,4.092306e-04,0,0,0
3831,10,50772,1.058015e-03,4.978267e-03,1.000000e-02,0.000000e+00,0.000000e+00,200,1.108646e-05,0,0,0
3832,10,50782,1.867615e-03,5.220242e-03,1.000000e-02,0.000000e+00,0.000000e+00,180,4.317611e-05,0,0,0
3833,16,50798,1.151447e-03,5.036310e-03,9.880044e-03,0.000000e+00,0.000000e+00,211,2.438426e-04,0,0,0
3834,15,50813,1.140233e-03,5.086927e-03,1.177279e-02,0.000000e+00,0.000000e+00,205,6.931974e-05,0,0,0
3835,10,50823,1.443860e-03,5.098137e-03,1.000000e-02,0.000000e+00,0.000000e+00,203,2.548099e-04,0,0,0
3836,12,50835,1.448511e-03,5.198374e-03,1.149990e-02,0.000000e+00,0.000000e+00,192,2.419278e-04,0,0,0
3837,16,50851,8.405700e-04,5.060836e-03,1.137819e-02,0.000000e+00,0.000000e+00,223,3.878027e-04,0,0,0
3838,12,50863,9.362272e-04,5.236465e-03,1.114971e-02,0.000000e+00,0.000000e+00,186,3.114343e-05,0,0,0
3839,13,50876,1.123226e-03,5.156746e-03,1.226468e-02,0.000000e+00,0.000000e+00,213,2.302229e-06,0,0,0
HIST {'total_samples': 4264174, 'floor_samples': 0, 'floor_fraction': 0.0, 'saturation_depth': 0.0, 'boundaries': 3840, 'capped_boundaries': 0, 'unfinished_worlds': 0}
3840,13,50889,1.107434e-03,5.264922e-03,1.095893e-02,0.000000e+00,0.000000e+00,193,5.826354e-06,0,0,0
3841,12,50901,9.687967e-04,5.217379e-03,1.088805e-02,0.000000e+00,0.000000e+00,197,1.284406e-04,0,0,0
3842,15,50916,8.449508e-04,5.199149e-03,1.233533e-02,0.000000e+00,0.000000e+00,195,1.337528e-04,0,0,0
3843,18,50934,8.202291e-04,5.225376e-03,1.271322e-02,0.000000e+00,0.000000e+00,216,4.903972e-05,0,0,0
3844,11,50945,1.004993e-03,5.289723e-03,1.395623e-02,0.000000e+00,0.000000e+00,201,7.429719e-05,0,0,0
3845,12,50957,9.857558e-04,5.172933e-03,1.287425e-02,0.000000e+00,0.000000e+00,210,7.503107e-05,0,0,0
3846,21,50978,8.115922e-04,5.411298e-03,1.599310e-02,0.000000e+00,0.000000e+00,171,4.457235e-04,0,0,0
3847,14,50992,1.085934e-03,5.262089e-03,1.096259e-02,0.000000e+00,0.000000e+00,211,1.609623e-04,0,0,0
3848,12,51004,1.224162e-03,5.205962e-03,1.149223e-02,0.000000e+00,0.000000e+00,224,1.367647e-06,0,0,0
3849,12,51016,1.304845e-03,5.168786e-03,1.156591e-02,0.000000e+00,0.000000e+00,200,1.311302e-06,0,0,0
3850,15,51031,1.313849e-03,5.218639e-03,1.272250e-02,0.000000e+00,0.000000e+00,202,5.681068e-07,0,0,0
3851,14,51045,9.018026e-04,5.028115e-03,1.128265e-02,0.000000e+00,0.000000e+00,210,3.123581e-04,0,0,0
3852,15,51060,9.891600e-04,5.002951e-03,1.024036e-02,0.000000e+00,0.000000e+00,210,2.641976e-05,0,0,0
3853,12,51072,1.152367e-03,4.994330e-03,1.000000e-02,0.000000e+00,0.000000e+00,194,2.059825e-04,0,0,0
3854,16,51088,1.002196e-03,5.289612e-03,1.089000e-02,0.000000e+00,0.000000e+00,190,1.771785e-04,0,0,0
3855,17,51105,9.599645e-04,5.207343e-03,1.032110e-02,0.000000e+00,0.000000e+00,207,4.739314e-05,0,0,0
3856,13,51118,8.785375e-04,5.181868e-03,1.031556e-02,0.000000e+00,0.000000e+00,211,2.573878e-04,0,0,0
3857,22,51140,5.888975e-04,5.061102e-03,1.038000e-02,0.000000e+00,0.000000e+00,216,1.639128e-05,0,0,0
3858,13,51153,7.871339e-04,5.099769e-03,1.261328e-02,0.000000e+00,0.000000e+00,204,2.317131e-06,0,0,0
3859,13,51166,1.102434e-03,5.141076e-03,1.102340e-02,0.000000e+00,0.000000e+00,209,2.059788e-04,0,0,0
3860,11,51177,1.319572e-03,5.192360e-03,1.328723e-02,0.000000e+00,0.000000e+00,207,1.423657e-04,0,0,0
3861,14,51191,9.994567e-04,5.146211e-03,1.064969e-02,0.000000e+00,0.000000e+00,213,4.763454e-04,0,0,0
3862,15,51206,9.318882e-04,5.235083e-03,1.171466e-02,0.000000e+00,0.000000e+00,196,1.922101e-04,0,0,0
3863,17,51223,7.280203e-04,5.079036e-03,9.665906e-03,0.000000e+00,0.000000e+00,226,2.296269e-05,0,0,0
3864,13,51236,7.146523e-04,5.138839e-03,1.057927e-02,0.000000e+00,0.000000e+00,208,8.058548e-05,0,0,0
3865,14,51250,8.830790e-04,5.123461e-03,1.000000e-02,0.000000e+00,0.000000e+00,198,1.802146e-04,0,0,0
3866,12,51262,1.028597e-03,5.277254e-03,1.076949e-02,0.000000e+00,0.000000e+00,202,1.012981e-04,0,0,0
3867,12,51274,1.120142e-03,5.172981e-03,1.141667e-02,0.000000e+00,0.000000e+00,227,3.501177e-04,0,0,0
3868,8,51282,1.502011e-03,5.265631e-03,1.301381e-02,0.000000e+00,0.000000e+00,193,2.727509e-04,0,0,0
3869,17,51299,9.282542e-04,5.068651e-03,1.000000e-02,0.000000e+00,0.000000e+00,220,2.579391e-05,0,0,0
3870,13,51312,1.170678e-03,5.052403e-03,1.000000e-02,0.000000e+00,0.000000e+00,206,1.327991e-04,0,0,0
3871,12,51324,1.169185e-03,5.145027e-03,9.784437e-03,0.000000e+00,0.000000e+00,183,3.364980e-04,0,0,0
3872,9,51333,1.758143e-03,5.266394e-03,1.109251e-02,0.000000e+00,0.000000e+00,193,4.518926e-04,0,0,0
3873,17,51350,1.153118e-03,5.210052e-03,1.069623e-02,0.000000e+00,0.000000e+00,217,1.564622e-07,0,0,0
3874,13,51363,8.087301e-04,5.296281e-03,1.107005e-02,0.000000e+00,0.000000e+00,204,4.892573e-04,0,0,0
3875,19,51382,8.757392e-04,5.203019e-03,1.000000e-02,0.000000e+00,0.000000e+00,212,4.085079e-04,0,0,0
3876,11,51393,1.290634e-03,5.366837e-03,1.237803e-02,0.000000e+00,0.000000e+00,189,1.851954e-04,0,0,0
3877,11,51404,1.300044e-03,5.285615e-03,1.073419e-02,0.000000e+00,0.000000e+00,202,4.715472e-05,0,0,0
3878,13,51417,9.355170e-04,5.372166e-03,1.150538e-02,0.000000e+00,0.000000e+00,204,2.430305e-04,0,0,0
3879,13,51430,9.561412e-04,5.089655e-03,1.197900e-02,0.000000e+00,0.000000e+00,215,2.584513e-04,0,0,0
3880,12,51442,9.843820e-04,5.314456e-03,1.385337e-02,0.000000e+00,0.000000e+00,191,9.977818e-05,0,0,0
3881,14,51456,1.223679e-03,5.244890e-03,1.000000e-02,0.000000e+00,0.000000e+00,204,1.618564e-04,0,0,0
3882,12,51468,9.744141e-04,5.404633e-03,1.878276e-02,0.000000e+00,0.000000e+00,197,1.201034e-05,0,0,0
3883,21,51489,7.256166e-04,5.170681e-03,1.360675e-02,0.000000e+00,0.000000e+00,212,5.362183e-04,0,0,0
3884,16,51505,8.791935e-04,5.436239e-03,1.102275e-02,0.000000e+00,0.000000e+00,188,1.847446e-04,0,0,0
3885,11,51516,1.187347e-03,5.320322e-03,1.105499e-02,0.000000e+00,0.000000e+00,210,6.043464e-04,0,0,0
3886,11,51527,9.322123e-04,5.277287e-03,1.089000e-02,0.000000e+00,0.000000e+00,194,5.710125e-05,0,0,0
3887,12,51539,8.685644e-04,5.147521e-03,1.000000e-02,0.000000e+00,0.000000e+00,212,1.146141e-04,0,0,0
HIST {'total_samples': 4318108, 'floor_samples': 0, 'floor_fraction': 0.0, 'saturation_depth': 0.0, 'boundaries': 3888, 'capped_boundaries': 0, 'unfinished_worlds': 0}
3888,12,51551,1.110604e-03,5.306877e-03,1.122382e-02,0.000000e+00,0.000000e+00,203,1.923889e-04,0,0,0
3889,10,51561,1.527129e-03,5.255398e-03,1.041807e-02,0.000000e+00,0.000000e+00,193,6.330088e-04,0,0,0
3890,16,51577,8.472555e-04,5.429595e-03,1.539081e-02,0.000000e+00,0.000000e+00,198,2.539158e-04,0,0,0
3891,14,51591,1.225835e-03,5.303887e-03,1.276955e-02,0.000000e+00,0.000000e+00,224,8.666515e-05,0,0,0
3892,23,51614,5.470730e-04,5.444456e-03,1.517795e-02,0.000000e+00,0.000000e+00,193,4.111826e-04,0,0,0
3893,12,51626,1.129430e-03,5.224344e-03,1.000000e-02,0.000000e+00,0.000000e+00,195,2.543153e-04,0,0,0
3894,12,51638,1.109244e-03,5.435024e-03,1.089000e-02,0.000000e+00,0.000000e+00,194,4.227459e-05,0,0,0
3895,12,51650,1.129884e-03,5.199787e-03,1.000000e-02,0.000000e+00,0.000000e+00,212,1.062155e-04,0,0,0
3896,22,51672,9.535553e-04,5.433287e-03,1.126723e-02,0.000000e+00,0.000000e+00,200,5.364418e-06,0,0,0
3897,14,51686,1.216410e-03,5.284124e-03,1.066448e-02,0.000000e+00,0.000000e+00,208,3.462583e-04,0,0,0
3898,13,51699,1.130064e-03,5.226063e-03,1.000000e-02,0.000000e+00,0.000000e+00,204,1.596287e-05,0,0,0
3899,12,51711,7.911788e-04,5.119561e-03,1.000000e-02,0.000000e+00,0.000000e+00,226,6.301701e-05,0,0,0
3900,17,51728,6.723785e-04,5.124034e-03,1.211643e-02,0.000000e+00,0.000000e+00,207,2.390817e-04,0,0,0
3901,13,51741,9.235856e-04,4.991492e-03,1.255629e-02,0.000000e+00,0.000000e+00,226,3.397465e-05,0,0,0
3902,12,51753,9.314728e-04,5.101676e-03,1.335301e-02,0.000000e+00,0.000000e+00,195,1.776218e-05,0,0,0
3903,11,51764,1.159707e-03,5.097021e-03,1.000000e-02,0.000000e+00,0.000000e+00,202,4.395843e-05,0,0,0
3904,10,51774,1.039255e-03,5.251314e-03,1.194088e-02,0.000000e+00,0.000000e+00,190,4.786998e-06,0,0,0
3905,12,51786,1.210447e-03,5.215455e-03,1.000000e-02,0.000000e+00,0.000000e+00,198,2.183467e-04,0,0,0
3906,17,51803,5.666210e-04,5.248032e-03,1.279123e-02,0.000000e+00,0.000000e+00,192,6.693304e-04,0,0,0
3907,19,51822,5.522161e-04,5.122783e-03,9.880965e-03,0.000000e+00,0.000000e+00,212,4.708767e-06,0,0,0
3908,12,51834,1.318307e-03,5.233355e-03,1.065784e-02,0.000000e+00,0.000000e+00,194,4.172325e-06,0,0,0
3909,13,51847,1.416034e-03,5.206465e-03,1.081304e-02,0.000000e+00,0.000000e+00,199,3.462285e-05,0,0,0
3910,11,51858,1.446158e-03,5.442821e-03,1.189435e-02,0.000000e+00,0.000000e+00,189,4.470348e-07,0,0,0
3911,13,51871,1.090147e-03,5.301605e-03,1.000000e-02,0.000000e+00,0.000000e+00,216,2.442449e-04,0,0,0
3912,11,51882,1.172778e-03,5.491626e-03,1.184932e-02,0.000000e+00,0.000000e+00,180,3.784895e-06,0,0,0
3913,11,51893,1.512458e-03,5.414676e-03,1.025193e-02,0.000000e+00,0.000000e+00,199,8.940697e-07,0,0,0
3914,13,51906,1.383261e-03,5.407873e-03,1.338102e-02,0.000000e+00,0.000000e+00,194,2.664141e-05,0,0,0
3915,20,51926,9.367876e-04,5.221643e-03,1.197900e-02,0.000000e+00,0.000000e+00,220,4.863739e-04,0,0,0
3916,15,51941,1.532954e-03,5.391547e-03,1.220455e-02,0.000000e+00,0.000000e+00,179,5.666167e-06,0,0,0
3917,12,51953,1.344134e-03,5.297966e-03,1.000000e-02,0.000000e+00,0.000000e+00,208,5.534291e-05,0,0,0
3918,14,51967,1.059282e-03,5.414000e-03,1.317690e-02,0.000000e+00,0.000000e+00,186,5.246401e-04,0,0,0
3919,13,51980,1.113284e-03,5.195634e-03,1.000000e-02,0.000000e+00,0.000000e+00,220,3.620982e-04,0,0,0
3920,12,51992,1.292831e-03,5.359666e-03,1.467068e-02,0.000000e+00,0.000000e+00,188,4.461408e-05,0,0,0
3921,12,52004,7.427365e-04,5.277970e-03,1.000000e-02,0.000000e+00,0.000000e+00,211,6.225966e-04,0,0,0
3922,12,52016,1.050466e-03,5.248422e-03,1.161374e-02,0.000000e+00,0.000000e+00,204,5.106330e-04,0,0,0
3923,17,52033,1.566902e-03,5.154588e-03,1.000000e-02,0.000000e+00,0.000000e+00,224,2.094805e-04,0,0,0
3924,20,52053,9.943248e-04,5.204024e-03,1.038963e-02,0.000000e+00,0.000000e+00,217,3.503263e-04,0,0,0
3925,17,52070,7.818896e-04,5.119235e-03,9.952334e-03,0.000000e+00,0.000000e+00,204,9.834766e-06,0,0,0
3926,12,52082,1.481132e-03,5.247393e-03,1.000000e-02,0.000000e+00,0.000000e+00,190,1.270549e-21,0,0,0
3927,10,52092,1.872548e-03,5.292085e-03,1.003097e-02,0.000000e+00,0.000000e+00,184,1.478195e-05,0,0,0
3928,11,52103,8.336013e-04,5.395979e-03,1.143478e-02,0.000000e+00,0.000000e+00,195,1.933184e-04,0,0,0
3929,13,52116,1.325562e-03,5.165370e-03,1.000000e-02,0.000000e+00,0.000000e+00,225,6.226823e-06,0,0,0
3930,11,52127,1.361945e-03,5.230636e-03,1.284428e-02,0.000000e+00,0.000000e+00,189,3.448129e-05,0,0,0
3931,14,52141,1.020479e-03,5.258758e-03,1.106090e-02,0.000000e+00,0.000000e+00,203,1.940131e-05,0,0,0
3932,15,52156,8.600702e-04,5.246487e-03,1.252111e-02,0.000000e+00,0.000000e+00,198,8.964539e-05,0,0,0
3933,14,52170,1.009448e-03,5.152098e-03,1.093566e-02,0.000000e+00,0.000000e+00,201,2.536289e-04,0,0,0
3934,20,52190,1.045907e-03,5.239856e-03,1.246325e-02,0.000000e+00,0.000000e+00,187,8.885562e-05,0,0,0
3935,13,52203,1.245118e-03,5.187636e-03,1.000000e-02,0.000000e+00,0.000000e+00,212,1.552701e-05,0,0,0
HIST {'total_samples': 4371071, 'floor_samples': 0, 'floor_fraction': 0.0, 'saturation_depth': 0.0, 'boundaries': 3936, 'capped_boundaries': 0, 'unfinished_worlds': 0}
3936,11,52214,1.722537e-03,5.368081e-03,1.087550e-02,0.000000e+00,0.000000e+00,203,3.525615e-04,0,0,0
3937,15,52229,8.783212e-04,5.321587e-03,1.088629e-02,0.000000e+00,0.000000e+00,211,7.555634e-05,0,0,0
3938,13,52242,1.092345e-03,5.385189e-03,1.087350e-02,0.000000e+00,0.000000e+00,200,6.067529e-04,0,0,0
3939,15,52257,9.994012e-04,5.231753e-03,1.037600e-02,0.000000e+00,0.000000e+00,215,1.393706e-04,0,0,0
3940,11,52268,1.326356e-03,5.294631e-03,1.056365e-02,0.000000e+00,0.000000e+00,198,2.109408e-04,0,0,0
3941,14,52282,7.111266e-04,5.272201e-03,1.089500e-02,0.000000e+00,0.000000e+00,206,1.550913e-04,0,0,0
3942,13,52295,1.263360e-03,5.318427e-03,1.133554e-02,0.000000e+00,0.000000e+00,184,3.634393e-05,0,0,0
3943,10,52305,1.200438e-03,5.239750e-03,1.116748e-02,0.000000e+00,0.000000e+00,210,1.317263e-05,0,0,0
3944,15,52320,1.166051e-03,5.341976e-03,1.282602e-02,0.000000e+00,0.000000e+00,197,1.639128e-07,0,0,0
3945,13,52333,9.384053e-04,5.265138e-03,1.041246e-02,0.000000e+00,0.000000e+00,203,8.456409e-07,0,0,0
3946,11,52344,1.355251e-03,5.340358e-03,1.095637e-02,0.000000e+00,0.000000e+00,186,1.505688e-04,0,0,0
3947,17,52361,7.610063e-04,5.165222e-03,1.000000e-02,0.000000e+00,0.000000e+00,232,4.019369e-04,0,0,0
3948,14,52375,1.407264e-03,5.237417e-03,1.207821e-02,0.000000e+00,0.000000e+00,198,1.080334e-05,0,0,0
3949,13,52388,1.174056e-03,5.038382e-03,1.000000e-02,0.000000e+00,0.000000e+00,220,1.788139e-06,0,0,0
3950,11,52399,1.116465e-03,5.259588e-03,1.639264e-02,0.000000e+00,0.000000e+00,189,1.156926e-04,0,0,0
3951,10,52409,1.189990e-03,5.128491e-03,1.000000e-02,0.000000e+00,0.000000e+00,208,1.654029e-04,0,0,0
3952,10,52419,9.505884e-04,5.220181e-03,1.089000e-02,0.000000e+00,0.000000e+00,183,3.270805e-05,0,0,0
3953,13,52432,1.143563e-03,5.126907e-03,1.042068e-02,0.000000e+00,0.000000e+00,192,2.539828e-04,0,0,0
3954,19,52451,1.043277e-03,5.239464e-03,1.089000e-02,0.000000e+00,0.000000e+00,199,2.649799e-05,0,0,0
3955,20,52471,7.712041e-04,5.248353e-03,1.197900e-02,0.000000e+00,0.000000e+00,202,2.786517e-05,0,0,0
3956,14,52485,9.699684e-04,5.291077e-03,1.277799e-02,0.000000e+00,0.000000e+00,194,4.300084e-04,0,0,0
3957,20,52505,7.211379e-04,5.160328e-03,1.032167e-02,0.000000e+00,0.000000e+00,216,2.422929e-05,0,0,0
3958,14,52519,1.234121e-03,5.168503e-03,1.519810e-02,0.000000e+00,0.000000e+00,198,2.587587e-04,0,0,0
3959,24,52543,5.934400e-04,5.192072e-03,1.000000e-02,0.000000e+00,0.000000e+00,190,4.905080e-04,0,0,0
3960,13,52556,1.036732e-03,5.165824e-03,1.064966e-02,0.000000e+00,0.000000e+00,201,5.199388e-04,0,0,0
3961,16,52572,9.780435e-04,4.990999e-03,1.000000e-02,0.000000e+00,0.000000e+00,222,1.146272e-04,0,0,0
3962,18,52590,7.177001e-04,5.114902e-03,1.111905e-02,0.000000e+00,0.000000e+00,209,4.496165e-04,0,0,0
3963,11,52601,1.246995e-03,5.207225e-03,1.000000e-02,0.000000e+00,0.000000e+00,200,3.667474e-04,0,0,0
3964,20,52621,9.598125e-04,5.286445e-03,1.213927e-02,0.000000e+00,0.000000e+00,205,1.768768e-05,0,0,0
3965,14,52635,1.173210e-03,5.147968e-03,1.080703e-02,0.000000e+00,0.000000e+00,218,2.638903e-05,0,0,0
3966,12,52647,1.162520e-03,5.278171e-03,1.259360e-02,0.000000e+00,0.000000e+00,199,5.428866e-05,0,0,0
3967,14,52661,1.039949e-03,5.138769e-03,1.057495e-02,0.000000e+00,0.000000e+00,185,8.225441e-06,0,0,0
3968,10,52671,1.164492e-03,5.323572e-03,1.438416e-02,0.000000e+00,0.000000e+00,189,2.216101e-04,0,0,0
3969,11,52682,1.155510e-03,5.291359e-03,1.032293e-02,0.000000e+00,0.000000e+00,206,4.383922e-04,0,0,0
3970,11,52693,1.016287e-03,5.355814e-03,1.273371e-02,0.000000e+00,0.000000e+00,196,6.541610e-05,0,0,0
3971,13,52706,8.883619e-04,5.282910e-03,1.047664e-02,0.000000e+00,0.000000e+00,202,4.278421e-04,0,0,0
3972,11,52717,1.487696e-03,5.368958e-03,1.135623e-02,0.000000e+00,0.000000e+00,192,5.583046e-06,0,0,0
3973,12,52729,1.160836e-03,5.185380e-03,1.008207e-02,0.000000e+00,0.000000e+00,241,2.466366e-04,0,0,0
3974,15,52744,1.066936e-03,5.222946e-03,1.137872e-02,0.000000e+00,0.000000e+00,216,6.814441e-05,0,0,0
3975,14,52758,1.201203e-03,5.262778e-03,1.134054e-02,0.000000e+00,0.000000e+00,213,1.391768e-05,0,0,0
3976,12,52770,1.005535e-03,5.243015e-03,1.102365e-02,0.000000e+00,0.000000e+00,211,4.940033e-04,0,0,0
3977,14,52784,8.614728e-04,5.160028e-03,1.000000e-02,0.000000e+00,0.000000e+00,216,5.528182e-04,0,0,0
3978,14,52798,1.022729e-03,5.090931e-03,1.235727e-02,0.000000e+00,0.000000e+00,199,2.904832e-04,0,0,0
3979,12,52810,1.205366e-03,5.122005e-03,1.039859e-02,0.000000e+00,0.000000e+00,207,3.851950e-05,0,0,0
3980,17,52827,9.945536e-04,5.055688e-03,1.315900e-02,0.000000e+00,0.000000e+00,210,5.229339e-04,0,0,0
3981,13,52840,1.122814e-03,5.163784e-03,1.000000e-02,0.000000e+00,0.000000e+00,194,4.590303e-04,0,0,0
3982,9,52849,1.567295e-03,5.184335e-03,1.075613e-02,0.000000e+00,0.000000e+00,208,2.694577e-04,0,0,0
3983,10,52859,1.361302e-03,5.162717e-03,1.000000e-02,0.000000e+00,0.000000e+00,188,8.782744e-05,0,0,0
HIST {'total_samples': 4424098, 'floor_samples': 0, 'floor_fraction': 0.0, 'saturation_depth': 0.0, 'boundaries': 3984, 'capped_boundaries': 0, 'unfinished_worlds': 0}
3984,10,52869,1.486744e-03,5.237328e-03,1.095722e-02,0.000000e+00,0.000000e+00,193,1.762807e-04,0,0,0
3985,15,52884,8.274807e-04,5.005502e-03,1.000000e-02,0.000000e+00,0.000000e+00,233,1.773238e-06,0,0,0
3986,14,52898,8.198215e-04,5.109400e-03,1.089000e-02,0.000000e+00,0.000000e+00,201,7.653236e-05,0,0,0
3987,13,52911,8.174800e-04,5.033517e-03,1.022101e-02,0.000000e+00,0.000000e+00,216,2.896786e-05,0,0,0
3988,16,52927,8.033102e-04,5.035976e-03,1.000000e-02,0.000000e+00,0.000000e+00,210,3.213435e-04,0,0,0
3989,12,52939,1.080403e-03,4.985170e-03,9.645187e-03,0.000000e+00,0.000000e+00,201,3.695488e-06,0,0,0
3990,18,52957,8.492985e-04,5.053896e-03,1.398946e-02,0.000000e+00,0.000000e+00,219,4.403293e-05,0,0,0
3991,14,52971,1.001004e-03,5.021592e-03,1.000000e-02,0.000000e+00,0.000000e+00,213,1.959205e-04,0,0,0
3992,12,52983,1.121956e-03,4.963691e-03,1.185192e-02,0.000000e+00,0.000000e+00,203,4.931539e-04,0,0,0
3993,13,52996,9.987825e-04,5.067741e-03,1.000000e-02,0.000000e+00,0.000000e+00,214,3.483891e-05,0,0,0
3994,18,53014,9.214568e-04,5.095245e-03,9.927789e-03,0.000000e+00,0.000000e+00,213,8.422434e-04,0,0,0
3995,13,53027,7.636789e-04,5.009816e-03,9.028632e-03,0.000000e+00,0.000000e+00,216,1.136959e-05,0,0,0
3996,10,53037,1.115338e-03,5.098685e-03,1.016384e-02,0.000000e+00,0.000000e+00,209,3.298819e-04,0,0,0
3997,14,53051,9.242208e-04,5.011473e-03,9.916819e-03,0.000000e+00,0.000000e+00,213,8.208305e-04,0,0,0
3998,14,53065,1.140100e-03,5.016195e-03,1.083990e-02,0.000000e+00,0.000000e+00,205,8.952618e-04,0,0,0
3999,15,53080,8.938749e-04,5.037643e-03,1.041755e-02,0.000000e+00,0.000000e+00,195,6.984919e-08,0,0,0
4000,26,53106,5.036902e-04,4.976215e-03,1.025638e-02,0.000000e+00,0.000000e+00,213,2.497248e-05,0,0,0
4001,12,53118,7.023179e-04,4.983545e-03,1.187936e-02,0.000000e+00,0.000000e+00,210,1.656264e-05,0,0,0
4002,11,53129,1.349336e-03,5.145156e-03,1.002680e-02,0.000000e+00,0.000000e+00,165,3.115088e-05,0,0,0
4003,12,53141,1.338664e-03,5.159122e-03,1.105517e-02,0.000000e+00,0.000000e+00,188,6.087422e-04,0,0,0
4004,11,53152,1.262208e-03,5.049259e-03,1.024696e-02,0.000000e+00,0.000000e+00,209,2.995841e-04,0,0,0
4005,11,53163,9.654543e-04,5.035847e-03,9.621121e-03,0.000000e+00,0.000000e+00,209,4.844740e-05,0,0,0
4006,17,53180,7.380631e-04,5.106501e-03,1.281329e-02,0.000000e+00,0.000000e+00,198,3.592819e-04,0,0,0
4007,17,53197,9.712877e-04,5.091332e-03,1.000000e-02,0.000000e+00,0.000000e+00,223,1.054108e-04,0,0,0
4008,19,53216,6.573737e-04,5.113311e-03,1.369095e-02,0.000000e+00,0.000000e+00,197,6.010532e-04,0,0,0
4009,14,53230,1.120728e-03,5.035729e-03,1.119632e-02,0.000000e+00,0.000000e+00,208,8.106977e-04,0,0,0
4010,15,53245,8.046597e-04,5.018487e-03,1.191112e-02,0.000000e+00,0.000000e+00,220,3.056973e-04,0,0,0
4011,16,53261,9.169619e-04,5.060172e-03,1.041379e-02,0.000000e+00,0.000000e+00,201,1.528114e-05,0,0,0
4012,12,53273,1.245260e-03,5.095799e-03,1.197900e-02,0.000000e+00,0.000000e+00,204,1.328886e-04,0,0,0
4013,14,53287,8.729282e-04,5.038966e-03,1.000000e-02,0.000000e+00,0.000000e+00,205,9.089708e-07,0,0,0
4014,18,53305,7.617945e-04,5.075015e-03,1.197900e-02,0.000000e+00,0.000000e+00,205,5.340651e-04,0,0,0
4015,25,53330,4.954928e-04,5.015950e-03,1.000000e-02,0.000000e+00,0.000000e+00,216,2.980977e-04,0,0,0
4016,18,53348,1.157524e-03,4.962503e-03,1.018531e-02,0.000000e+00,0.000000e+00,214,1.374334e-04,0,0,0
4017,17,53365,8.553205e-04,4.870127e-03,9.541904e-03,0.000000e+00,0.000000e+00,207,2.235174e-07,0,0,0
4018,15,53380,6.944577e-04,4.989764e-03,1.225333e-02,0.000000e+00,0.000000e+00,228,5.325396e-05,0,0,0
4019,13,53393,1.011820e-03,4.994046e-03,1.185784e-02,0.000000e+00,0.000000e+00,209,2.001822e-04,0,0,0
4020,11,53404,1.180003e-03,5.090916e-03,1.194209e-02,0.000000e+00,0.000000e+00,207,6.467104e-06,0,0,0
4021,15,53419,1.082183e-03,5.134327e-03,1.090107e-02,0.000000e+00,0.000000e+00,194,9.760261e-07,0,0,0
4022,14,53433,1.263904e-03,5.154467e-03,1.089000e-02,0.000000e+00,0.000000e+00,216,8.417666e-05,0,0,0
4023,16,53449,8.930259e-04,5.046878e-03,1.141942e-02,0.000000e+00,0.000000e+00,230,5.398989e-04,0,0,0
4024,17,53466,1.246168e-03,5.217920e-03,1.120267e-02,0.000000e+00,0.000000e+00,190,9.083748e-05,0,0,0
4025,10,53476,1.410605e-03,5.157572e-03,1.000000e-02,0.000000e+00,0.000000e+00,209,7.450581e-08,0,0,0
4026,14,53490,9.264475e-04,5.087296e-03,1.445480e-02,0.000000e+00,0.000000e+00,206,5.230308e-05,0,0,0
4027,12,53502,1.241544e-03,5.239950e-03,1.083689e-02,0.000000e+00,0.000000e+00,191,9.596348e-06,0,0,0
4028,16,53518,9.326172e-04,5.149603e-03,1.312250e-02,0.000000e+00,0.000000e+00,215,4.891455e-04,0,0,0
4029,18,53536,5.385813e-04,4.976712e-03,1.248489e-02,0.000000e+00,0.000000e+00,234,2.829358e-04,0,0,0
4030,13,53549,9.392149e-04,5.131885e-03,1.069731e-02,0.000000e+00,0.000000e+00,196,4.349649e-05,0,0,0
4031,15,53564,8.357526e-04,4.997549e-03,9.903523e-03,0.000000e+00,0.000000e+00,216,5.202889e-04,0,0,0
HIST {'total_samples': 4478620, 'floor_samples': 0, 'floor_fraction': 0.0, 'saturation_depth': 0.0, 'boundaries': 4032, 'capped_boundaries': 0, 'unfinished_worlds': 0}
4032,13,53577,6.817767e-04,5.149932e-03,1.282405e-02,0.000000e+00,0.000000e+00,192,5.805492e-05,0,0,0
4033,13,53590,1.027899e-03,4.974252e-03,1.007694e-02,0.000000e+00,0.000000e+00,222,9.089708e-07,0,0,0
4034,10,53600,1.029427e-03,5.088500e-03,1.089000e-02,0.000000e+00,0.000000e+00,190,5.655363e-05,0,0,0
4035,20,53620,8.122525e-04,4.991351e-03,1.054811e-02,0.000000e+00,0.000000e+00,211,8.671731e-05,0,0,0
4036,12,53632,1.380867e-03,4.988053e-03,1.000000e-02,0.000000e+00,0.000000e+00,214,1.862645e-08,0,0,0
4037,13,53645,1.112024e-03,4.916965e-03,1.000000e-02,0.000000e+00,0.000000e+00,220,3.205161e-04,0,0,0
4038,11,53656,1.217182e-03,5.088123e-03,1.089000e-02,0.000000e+00,0.000000e+00,195,9.170063e-04,0,0,0
4039,13,53669,1.143976e-03,5.027918e-03,1.197900e-02,0.000000e+00,0.000000e+00,216,2.637040e-05,0,0,0
4040,11,53680,1.315793e-03,5.066846e-03,1.005167e-02,0.000000e+00,0.000000e+00,196,1.724511e-04,0,0,0
4041,13,53693,9.081457e-04,4.982190e-03,1.000000e-02,0.000000e+00,0.000000e+00,223,5.108491e-04,0,0,0
4042,13,53706,7.444959e-04,5.067677e-03,1.210637e-02,0.000000e+00,0.000000e+00,194,1.288950e-06,0,0,0
4043,12,53718,1.296925e-03,5.032797e-03,1.000000e-02,0.000000e+00,0.000000e+00,208,3.397465e-06,0,0,0
4044,16,53734,9.311837e-04,5.150882e-03,1.030909e-02,0.000000e+00,0.000000e+00,198,9.091548e-05,0,0,0
4045,16,53750,8.696864e-04,5.171802e-03,1.171193e-02,0.000000e+00,0.000000e+00,212,1.464614e-04,0,0,0
4046,15,53765,8.832641e-04,5.208412e-03,1.207093e-02,0.000000e+00,0.000000e+00,200,4.152283e-04,0,0,0
4047,12,53777,1.063535e-03,5.138463e-03,1.058596e-02,0.000000e+00,0.000000e+00,212,2.236962e-04,0,0,0
4048,17,53794,9.859845e-04,5.214010e-03,1.022434e-02,0.000000e+00,0.000000e+00,191,1.547635e-04,0,0,0
4049,14,53808,1.130318e-03,5.078834e-03,1.065416e-02,0.000000e+00,0.000000e+00,207,5.135313e-05,0,0,0
4050,11,53819,1.352212e-03,5.137830e-03,1.039718e-02,0.000000e+00,0.000000e+00,193,8.440111e-10,0,0,0
4051,13,53832,1.347293e-03,5.161238e-03,9.626216e-03,0.000000e+00,0.000000e+00,220,3.343076e-05,0,0,0
4052,14,53846,1.360825e-03,5.122329e-03,1.026372e-02,0.000000e+00,0.000000e+00,201,7.423759e-05,0,0,0
4053,15,53861,1.061412e-03,5.144356e-03,1.075740e-02,0.000000e+00,0.000000e+00,206,6.884336e-06,0,0,0
4054,10,53871,1.329632e-03,5.028272e-03,1.000000e-02,0.000000e+00,0.000000e+00,199,7.873774e-05,0,0,0
4055,10,53881,1.766032e-03,5.132381e-03,1.219269e-02,0.000000e+00,0.000000e+00,198,4.987372e-05,0,0,0
4056,11,53892,1.444363e-03,5.225130e-03,1.341196e-02,0.000000e+00,0.000000e+00,183,3.747651e-04,0,0,0
4057,13,53905,9.579344e-04,5.122559e-03,1.000000e-02,0.000000e+00,0.000000e+00,220,1.327023e-04,0,0,0
4058,11,53916,1.385020e-03,5.207604e-03,1.094090e-02,0.000000e+00,0.000000e+00,200,3.635883e-06,0,0,0
4059,18,53934,1.010658e-03,5.198363e-03,1.089000e-02,0.000000e+00,0.000000e+00,208,4.859809e-04,0,0,0
4060,11,53945,9.441772e-04,5.330489e-03,1.262489e-02,0.000000e+00,0.000000e+00,188,1.197797e-05,0,0,0
4061,14,53959,7.525844e-04,5.188749e-03,1.239450e-02,0.000000e+00,0.000000e+00,207,2.700835e-07,0,0,0
4062,13,53972,1.014218e-03,5.257600e-03,1.117006e-02,0.000000e+00,0.000000e+00,210,4.501827e-05,0,0,0
4063,13,53985,1.063723e-03,5.119126e-03,1.000000e-02,0.000000e+00,0.000000e+00,209,5.817413e-05,0,0,0
4064,10,53995,1.172098e-03,5.207233e-03,1.090157e-02,0.000000e+00,0.000000e+00,186,3.407449e-04,0,0,0
4065,14,54009,1.107680e-03,5.186165e-03,1.199173e-02,0.000000e+00,0.000000e+00,193,1.953691e-04,0,0,0
4066,13,54022,1.203166e-03,5.301148e-03,1.089000e-02,0.000000e+00,0.000000e+00,196,1.156628e-04,0,0,0
4067,14,54036,1.103738e-03,5.167454e-03,9.888941e-03,0.000000e+00,0.000000e+00,212,3.709495e-04,0,0,0
4068,17,54053,8.657532e-04,5.206706e-03,1.410037e-02,0.000000e+00,0.000000e+00,209,4.574955e-04,0,0,0
4069,15,54068,9.551415e-04,5.136532e-03,1.000000e-02,0.000000e+00,0.000000e+00,202,3.838539e-05,0,0,0
4070,16,54084,9.729441e-04,5.247337e-03,1.245146e-02,0.000000e+00,0.000000e+00,194,1.388788e-05,0,0,0
4071,14,54098,1.035671e-03,5.264238e-03,1.000000e-02,0.000000e+00,0.000000e+00,198,1.043677e-04,0,0,0
4072,11,54109,1.163309e-03,5.152607e-03,1.000000e-02,0.000000e+00,0.000000e+00,199,2.754778e-04,0,0,0
4073,13,54122,7.912630e-04,5.128761e-03,1.000000e-02,0.000000e+00,0.000000e+00,210,4.546531e-04,0,0,0
4074,10,54132,1.550306e-03,5.248594e-03,1.202183e-02,0.000000e+00,0.000000e+00,192,5.071028e-05,0,0,0
4075,12,54144,1.183227e-03,5.117392e-03,1.053574e-02,0.000000e+00,0.000000e+00,216,9.822845e-05,0,0,0
4076,11,54155,1.554846e-03,5.200771e-03,1.092920e-02,0.000000e+00,0.000000e+00,192,3.811158e-05,0,0,0
4077,11,54166,1.357790e-03,5.202211e-03,1.045266e-02,0.000000e+00,0.000000e+00,197,8.070469e-05,0,0,0
4078,13,54179,9.817762e-04,5.322718e-03,1.040556e-02,0.000000e+00,0.000000e+00,189,3.612041e-05,0,0,0
4079,11,54190,1.224612e-03,5.223732e-03,1.000000e-02,0.000000e+00,0.000000e+00,206,4.068017e-06,0,0,0
HIST {'total_samples': 4531968, 'floor_samples': 0, 'floor_fraction': 0.0, 'saturation_depth': 0.0, 'boundaries': 4080, 'capped_boundaries': 0, 'unfinished_worlds': 0}
4080,12,54202,1.414346e-03,5.270881e-03,1.149893e-02,0.000000e+00,0.000000e+00,183,6.972253e-05,0,0,0
4081,10,54212,9.827309e-04,5.065342e-03,1.097819e-02,0.000000e+00,0.000000e+00,228,6.303191e-05,0,0,0
4082,16,54228,8.896676e-04,5.190828e-03,1.026891e-02,0.000000e+00,0.000000e+00,195,5.327165e-06,0,0,0
4083,11,54239,1.289323e-03,5.156258e-03,1.086023e-02,0.000000e+00,0.000000e+00,188,5.127862e-06,0,0,0
4084,16,54255,1.017835e-03,5.082799e-03,1.082530e-02,0.000000e+00,0.000000e+00,205,2.108812e-04,0,0,0
4085,17,54272,1.058320e-03,5.088747e-03,1.141733e-02,0.000000e+00,0.000000e+00,214,3.964454e-05,0,0,0
4086,14,54286,1.083049e-03,5.169361e-03,1.142439e-02,0.000000e+00,0.000000e+00,198,5.260706e-04,0,0,0
4087,15,54301,1.003819e-03,5.052494e-03,1.000000e-02,0.000000e+00,0.000000e+00,221,2.914667e-05,0,0,0
4088,12,54313,1.082917e-03,5.122412e-03,1.261919e-02,0.000000e+00,0.000000e+00,185,6.966293e-06,0,0,0
4089,14,54327,1.155293e-03,5.103457e-03,1.200075e-02,0.000000e+00,0.000000e+00,203,3.471226e-05,0,0,0
4090,14,54341,9.613981e-04,5.101328e-03,1.237919e-02,0.000000e+00,0.000000e+00,198,2.622604e-06,0,0,0
4091,11,54352,1.098328e-03,5.061019e-03,1.012846e-02,0.000000e+00,0.000000e+00,206,1.118779e-04,0,0,0
4092,17,54369,9.234227e-04,5.132837e-03,1.095837e-02,0.000000e+00,0.000000e+00,201,1.408722e-19,0,0,0
4093,12,54381,1.230710e-03,5.032350e-03,9.741807e-03,0.000000e+00,0.000000e+00,206,1.770444e-06,0,0,0
4094,12,54393,1.386400e-03,5.172258e-03,1.209769e-02,0.000000e+00,0.000000e+00,181,5.592424e-04,0,0,0
4095,12,54405,1.069548e-03,5.211024e-03,1.000000e-02,0.000000e+00,0.000000e+00,192,3.993511e-06,0,0,0
4096,13,54418,1.176170e-03,5.164427e-03,1.108517e-02,0.000000e+00,0.000000e+00,207,2.257861e-04,0,0,0
4097,28,54446,3.785981e-04,5.135310e-03,1.000000e-02,0.000000e+00,0.000000e+00,188,5.573034e-05,0,0,0
4098,12,54458,1.342590e-03,5.134387e-03,9.534053e-03,0.000000e+00,0.000000e+00,188,8.213334e-05,0,0,0
4099,14,54472,8.902714e-04,5.055730e-03,1.047318e-02,0.000000e+00,0.000000e+00,203,2.831221e-06,0,0,0
4100,13,54485,1.423446e-03,5.210257e-03,1.210911e-02,0.000000e+00,0.000000e+00,186,2.720207e-05,0,0,0
4101,11,54496,1.366778e-03,5.230026e-03,1.200967e-02,0.000000e+00,0.000000e+00,195,2.712011e-05,0,0,0
4102,12,54508,1.023634e-03,5.308374e-03,1.150380e-02,0.000000e+00,0.000000e+00,197,8.569937e-05,0,0,0
4103,13,54521,9.660010e-04,5.142150e-03,1.000000e-02,0.000000e+00,0.000000e+00,209,2.071485e-04,0,0,0
4104,12,54533,1.067753e-03,5.349918e-03,1.379740e-02,0.000000e+00,0.000000e+00,199,1.255162e-04,0,0,0
4105,11,54544,1.723013e-03,5.127024e-03,1.035834e-02,0.000000e+00,0.000000e+00,213,1.919270e-05,0,0,0
4106,17,54561,9.193952e-04,5.198446e-03,1.061097e-02,0.000000e+00,0.000000e+00,224,1.334995e-04,0,0,0
4107,18,54579,8.403715e-04,5.082516e-03,1.254692e-02,0.000000e+00,0.000000e+00,220,7.477254e-04,0,0,0
4108,13,54592,9.027245e-04,4.998053e-03,1.044740e-02,0.000000e+00,0.000000e+00,209,3.814979e-04,0,0,0
4109,14,54606,8.486346e-04,5.070051e-03,1.000000e-02,0.000000e+00,0.000000e+00,202,2.662838e-04,0,0,0
4110,11,54617,1.444544e-03,4.990459e-03,1.110028e-02,0.000000e+00,0.000000e+00,199,1.412630e-05,0,0,0
4111,18,54635,9.236605e-04,4.987815e-03,1.094126e-02,0.000000e+00,0.000000e+00,221,5.698949e-04,0,0,0
4112,11,54646,1.034564e-03,5.122856e-03,1.245626e-02,0.000000e+00,0.000000e+00,203,2.074316e-04,0,0,0
4113,16,54662,8.925496e-04,5.071389e-03,1.111092e-02,0.000000e+00,0.000000e+00,209,3.458858e-04,0,0,0
4114,11,54673,1.205309e-03,5.341503e-03,1.541897e-02,0.000000e+00,0.000000e+00,176,1.072586e-04,0,0,0
4115,12,54685,1.232184e-03,5.202376e-03,1.000000e-02,0.000000e+00,0.000000e+00,205,3.890395e-04,0,0,0
4116,13,54698,9.988471e-04,5.055422e-03,1.392235e-02,0.000000e+00,0.000000e+00,207,2.205372e-06,0,0,0
4117,12,54710,8.449540e-04,4.994829e-03,1.218819e-02,0.000000e+00,0.000000e+00,207,5.785376e-05,0,0,0
4118,12,54722,1.144432e-03,5.028232e-03,1.103911e-02,0.000000e+00,0.000000e+00,194,8.413196e-05,0,0,0
4119,25,54747,6.959377e-04,4.969712e-03,9.282446e-03,0.000000e+00,0.000000e+00,208,9.357929e-06,0,0,0
4120,17,54764,1.013281e-03,5.062637e-03,9.620344e-03,0.000000e+00,0.000000e+00,199,6.514192e-04,0,0,0
4121,13,54777,1.305643e-03,5.096120e-03,9.597838e-03,0.000000e+00,0.000000e+00,193,9.238720e-05,0,0,0
4122,11,54788,1.102998e-03,5.123260e-03,1.456331e-02,0.000000e+00,0.000000e+00,190,5.300343e-05,0,0,0
4123,14,54802,9.540243e-04,5.134596e-03,1.000000e-02,0.000000e+00,0.000000e+00,189,3.327150e-06,0,0,0
4124,10,54812,1.630116e-03,5.259936e-03,1.640102e-02,0.000000e+00,0.000000e+00,188,9.575486e-05,0,0,0
4125,10,54822,1.771018e-03,5.138139e-03,9.929401e-03,0.000000e+00,0.000000e+00,210,3.920496e-05,0,0,0
4126,12,54834,9.350565e-04,5.129906e-03,1.034132e-02,0.000000e+00,0.000000e+00,200,3.423728e-05,0,0,0
4127,14,54848,1.159097e-03,5.013637e-03,9.975326e-03,0.000000e+00,0.000000e+00,223,5.894899e-05,0,0,0
HIST {'total_samples': 4585133, 'floor_samples': 0, 'floor_fraction': 0.0, 'saturation_depth': 0.0, 'boundaries': 4128, 'capped_boundaries': 0, 'unfinished_worlds': 0}
4128,12,54860,1.039429e-03,5.078874e-03,1.044573e-02,0.000000e+00,0.000000e+00,184,1.535565e-05,0,0,0
4129,11,54871,1.245492e-03,5.143359e-03,9.415624e-03,0.000000e+00,0.000000e+00,211,1.129964e-04,0,0,0
4130,12,54883,1.519341e-03,5.171012e-03,1.147948e-02,0.000000e+00,0.000000e+00,199,2.171844e-05,0,0,0
4131,14,54897,9.704669e-04,5.079899e-03,1.002725e-02,0.000000e+00,0.000000e+00,192,6.735325e-06,0,0,0
4132,16,54913,8.504096e-04,5.087405e-03,1.133672e-02,0.000000e+00,0.000000e+00,222,1.289435e-04,0,0,0
4133,12,54925,9.405392e-04,5.039659e-03,1.046766e-02,0.000000e+00,0.000000e+00,212,3.502220e-04,0,0,0
4134,14,54939,1.021264e-03,5.280245e-03,1.109673e-02,0.000000e+00,0.000000e+00,188,6.380677e-05,0,0,0
4135,14,54953,9.722841e-04,5.203320e-03,1.210505e-02,0.000000e+00,0.000000e+00,202,1.117885e-04,0,0,0
4136,15,54968,9.609891e-04,5.217399e-03,1.138800e-02,0.000000e+00,0.000000e+00,193,5.245209e-05,0,0,0
4137,11,54979,1.542962e-03,5.269089e-03,1.063726e-02,0.000000e+00,0.000000e+00,199,5.364418e-07,0,0,0
4138,11,54990,8.928412e-04,5.296348e-03,1.306610e-02,0.000000e+00,0.000000e+00,182,8.344650e-05,0,0,0
4139,14,55004,1.162494e-03,5.128846e-03,1.268010e-02,0.000000e+00,0.000000e+00,207,2.384186e-05,0,0,0
4140,10,55014,1.785377e-03,5.340379e-03,1.039878e-02,0.000000e+00,0.000000e+00,171,1.370907e-06,0,0,0
4141,12,55026,8.964411e-04,5.182850e-03,1.058647e-02,0.000000e+00,0.000000e+00,210,2.452731e-04,0,0,0
4142,14,55040,1.299526e-03,5.285023e-03,1.081467e-02,0.000000e+00,0.000000e+00,209,1.176521e-04,0,0,0
4143,13,55053,1.248131e-03,5.158497e-03,1.000000e-02,0.000000e+00,0.000000e+00,219,2.463534e-04,0,0,0
4144,13,55066,1.102222e-03,5.210339e-03,1.204503e-02,0.000000e+00,0.000000e+00,184,1.104772e-04,0,0,0
4145,16,55082,9.569250e-04,5.092092e-03,1.031435e-02,0.000000e+00,0.000000e+00,203,3.377348e-05,0,0,0
4146,13,55095,1.023957e-03,5.464132e-03,1.385869e-02,0.000000e+00,0.000000e+00,173,3.010035e-05,0,0,0
4147,14,55109,1.021146e-03,5.096955e-03,1.077575e-02,0.000000e+00,0.000000e+00,210,1.880527e-05,0,0,0
4148,14,55123,7.456662e-04,5.364963e-03,1.197900e-02,0.000000e+00,0.000000e+00,163,8.767471e-06,0,0,0
4149,15,55138,8.529355e-04,5.085588e-03,1.204340e-02,0.000000e+00,0.000000e+00,226,5.897880e-05,0,0,0
4150,14,55152,1.131757e-03,5.246992e-03,1.084918e-02,0.000000e+00,0.000000e+00,176,9.596348e-05,0,0,0
4151,10,55162,9.479669e-04,5.179195e-03,1.000000e-02,0.000000e+00,0.000000e+00,188,9.847060e-05,0,0,0
4152,14,55176,9.291696e-04,5.213141e-03,1.210592e-02,0.000000e+00,0.000000e+00,181,3.741682e-05,0,0,0
4153,21,55197,8.495186e-04,5.112127e-03,1.000000e-02,0.000000e+00,0.000000e+00,197,2.272427e-06,0,0,0
4154,11,55208,1.493532e-03,5.321837e-03,1.192050e-02,0.000000e+00,0.000000e+00,178,5.682409e-04,0,0,0
4155,17,55225,8.666932e-04,5.211355e-03,1.000000e-02,0.000000e+00,0.000000e+00,200,5.804002e-05,0,0,0
4156,17,55242,1.216596e-03,5.171482e-03,1.594405e-02,0.000000e+00,0.000000e+00,199,7.033348e-05,0,0,0
4157,22,55264,8.713285e-04,5.061873e-03,1.000000e-02,0.000000e+00,0.000000e+00,208,6.423742e-04,0,0,0
4158,12,55276,1.214242e-03,5.061435e-03,1.265318e-02,0.000000e+00,0.000000e+00,201,6.556511e-07,0,0,0
4159,11,55287,1.194301e-03,5.056570e-03,1.000000e-02,0.000000e+00,0.000000e+00,200,3.999472e-05,0,0,0
4160,12,55299,8.820853e-04,5.266902e-03,2.191918e-02,0.000000e+00,0.000000e+00,205,6.470829e-05,0,0,0
4161,14,55313,1.081308e-03,5.097633e-03,1.044259e-02,0.000000e+00,0.000000e+00,205,3.013909e-04,0,0,0
4162,11,55324,1.335459e-03,5.193149e-03,1.019612e-02,0.000000e+00,0.000000e+00,186,1.281649e-04,0,0,0
4163,11,55335,1.475692e-03,5.062396e-03,1.098905e-02,0.000000e+00,0.000000e+00,205,4.846156e-04,0,0,0
4164,10,55345,1.068196e-03,5.059300e-03,1.233731e-02,0.000000e+00,0.000000e+00,195,1.263618e-04,0,0,0
4165,13,55358,1.362568e-03,4.991811e-03,1.074304e-02,0.000000e+00,0.000000e+00,211,1.430511e-06,0,0,0
4166,15,55373,8.047783e-04,5.003606e-03,1.089000e-02,0.000000e+00,0.000000e+00,204,7.948689e-04,0,0,0
4167,16,55389,1.094488e-03,4.878570e-03,9.714476e-03,0.000000e+00,0.000000e+00,204,6.920099e-05,0,0,0
4168,20,55409,7.112304e-04,5.078301e-03,1.089000e-02,0.000000e+00,0.000000e+00,181,6.149411e-04,0,0,0
4169,14,55423,9.129031e-04,4.961271e-03,1.036225e-02,0.000000e+00,0.000000e+00,210,5.705357e-04,0,0,0
4170,19,55442,9.524679e-04,5.030354e-03,1.000000e-02,0.000000e+00,0.000000e+00,177,5.859137e-05,0,0,0
4171,13,55455,1.068969e-03,5.020036e-03,1.019701e-02,0.000000e+00,0.000000e+00,193,7.092953e-06,0,0,0
4172,11,55466,1.264274e-03,5.203640e-03,1.162303e-02,0.000000e+00,0.000000e+00,189,1.415424e-05,0,0,0
4173,15,55481,1.389481e-03,5.077599e-03,1.041831e-02,0.000000e+00,0.000000e+00,206,5.960464e-07,0,0,0
4174,12,55493,1.387628e-03,5.320106e-03,1.274014e-02,0.000000e+00,0.000000e+00,170,3.425777e-05,0,0,0
4175,12,55505,1.316857e-03,5.172281e-03,1.349054e-02,0.000000e+00,0.000000e+00,205,9.921193e-05,0,0,0
HIST {'total_samples': 4637818, 'floor_samples': 0, 'floor_fraction': 0.0, 'saturation_depth': 0.0, 'boundaries': 4176, 'capped_boundaries': 0, 'unfinished_worlds': 0}
4176,32,55537,5.671746e-04,5.367277e-03,1.069615e-02,0.000000e+00,0.000000e+00,183,1.875162e-04,0,0,0
4177,15,55552,1.099187e-03,5.166247e-03,1.109102e-02,0.000000e+00,0.000000e+00,203,1.145117e-04,0,0,0
4178,13,55565,9.560118e-04,5.244707e-03,1.192037e-02,0.000000e+00,0.000000e+00,176,6.712973e-05,0,0,0
4179,14,55579,7.490619e-04,5.168490e-03,1.000000e-02,0.000000e+00,0.000000e+00,210,3.476162e-06,0,0,0
4180,13,55592,1.220963e-03,5.160902e-03,1.186438e-02,0.000000e+00,0.000000e+00,198,4.634261e-05,0,0,0
4181,13,55605,1.338054e-03,5.132653e-03,1.386531e-02,0.000000e+00,0.000000e+00,195,5.259514e-04,0,0,0
4182,15,55620,7.079839e-04,5.184012e-03,1.162936e-02,0.000000e+00,0.000000e+00,180,1.993179e-04,0,0,0
4183,11,55631,8.998355e-04,5.074305e-03,1.000000e-02,0.000000e+00,0.000000e+00,188,1.460314e-06,0,0,0
4184,14,55645,8.411455e-04,5.271424e-03,1.089000e-02,0.000000e+00,0.000000e+00,173,3.512949e-06,0,0,0
4185,13,55658,9.699169e-04,5.118391e-03,9.228515e-03,0.000000e+00,0.000000e+00,197,4.903600e-05,0,0,0
4186,14,55672,1.162537e-03,5.047593e-03,1.074515e-02,0.000000e+00,0.000000e+00,213,5.352497e-05,0,0,0
4187,15,55687,1.021888e-03,4.969099e-03,1.100083e-02,0.000000e+00,0.000000e+00,219,2.384186e-07,0,0,0
4188,9,55696,1.791740e-03,5.093988e-03,1.000000e-02,0.000000e+00,0.000000e+00,177,1.358092e-04,0,0,0
4189,12,55708,1.200740e-03,5.124328e-03,9.960682e-03,0.000000e+00,0.000000e+00,197,2.086163e-07,0,0,0
4190,16,55724,9.289226e-04,5.347448e-03,1.000000e-02,0.000000e+00,0.000000e+00,186,2.387725e-05,0,0,0
4191,18,55742,1.096966e-03,5.175566e-03,1.033027e-02,0.000000e+00,0.000000e+00,219,7.584691e-06,0,0,0
4192,13,55755,1.419784e-03,5.275299e-03,1.091228e-02,0.000000e+00,0.000000e+00,196,2.343059e-04,0,0,0
4193,14,55769,1.063510e-03,5.221026e-03,1.000000e-02,0.000000e+00,0.000000e+00,184,2.786592e-04,0,0,0
4194,13,55782,1.257580e-03,5.247203e-03,1.060409e-02,0.000000e+00,0.000000e+00,197,1.195073e-04,0,0,0
4195,14,55796,1.372914e-03,5.238026e-03,1.074982e-02,0.000000e+00,0.000000e+00,188,2.979189e-04,0,0,0
4196,11,55807,1.043647e-03,5.270541e-03,1.101853e-02,0.000000e+00,0.000000e+00,193,1.277924e-04,0,0,0
4197,11,55818,1.131000e-03,5.153218e-03,1.000000e-02,0.000000e+00,0.000000e+00,191,3.936887e-05,0,0,0
4198,11,55829,1.692597e-03,5.325999e-03,1.106761e-02,0.000000e+00,0.000000e+00,175,1.639128e-07,0,0,0
4199,10,55839,9.861781e-04,5.290366e-03,1.094135e-02,0.000000e+00,0.000000e+00,198,5.302131e-04,0,0,0
4200,10,55849,1.276819e-03,5.392665e-03,1.045067e-02,0.000000e+00,0.000000e+00,196,9.558862e-05,0,0,0
4201,13,55862,1.359044e-03,5.326813e-03,1.052975e-02,0.000000e+00,0.000000e+00,184,7.927418e-06,0,0,0
4202,13,55875,9.920379e-04,5.209966e-03,1.173163e-02,0.000000e+00,0.000000e+00,201,1.148805e-04,0,0,0
4203,16,55891,1.051724e-03,5.312996e-03,1.000000e-02,0.000000e+00,0.000000e+00,180,3.065914e-06,0,0,0
4204,13,55904,1.137094e-03,5.232018e-03,1.534572e-02,0.000000e+00,0.000000e+00,195,6.608665e-05,0,0,0
4205,12,55916,9.924986e-04,5.168519e-03,1.171640e-02,0.000000e+00,0.000000e+00,193,3.977865e-05,0,0,0
4206,17,55933,9.106629e-04,5.333438e-03,1.208428e-02,0.000000e+00,0.000000e+00,175,1.474023e-04,0,0,0
4207,14,55947,1.058273e-03,5.444603e-03,1.205840e-02,0.000000e+00,0.000000e+00,160,5.057454e-05,0,0,0
4208,13,55960,1.407337e-03,5.332564e-03,1.112153e-02,0.000000e+00,0.000000e+00,188,1.057768e-04,0,0,0
4209,14,55974,1.399752e-03,5.326887e-03,1.223369e-02,0.000000e+00,0.000000e+00,197,7.680058e-05,0,0,0
4210,13,55987,1.250040e-03,5.502755e-03,1.215825e-02,0.000000e+00,0.000000e+00,175,3.109872e-05,0,0,0
4211,11,55998,1.253620e-03,5.437366e-03,1.000000e-02,0.000000e+00,0.000000e+00,188,2.597682e-04,0,0,0
4212,12,56010,1.137070e-03,5.317111e-03,1.126200e-02,0.000000e+00,0.000000e+00,189,2.147257e-05,0,0,0
4213,12,56022,9.354819e-04,5.173676e-03,1.205549e-02,0.000000e+00,0.000000e+00,195,1.994967e-04,0,0,0
4214,10,56032,1.094771e-03,5.408981e-03,1.365413e-02,0.000000e+00,0.000000e+00,172,3.814399e-04,0,0,0
4215,12,56044,1.001850e-03,5.339225e-03,1.040012e-02,0.000000e+00,0.000000e+00,191,1.955777e-08,0,0,0
4216,15,56059,1.229175e-03,5.362113e-03,1.045427e-02,0.000000e+00,0.000000e+00,170,7.849932e-05,0,0,0
4217,10,56069,1.678321e-03,5.348639e-03,1.197900e-02,0.000000e+00,0.000000e+00,183,6.270409e-05,0,0,0
4218,12,56081,1.099477e-03,5.359095e-03,1.068738e-02,0.000000e+00,0.000000e+00,186,4.708236e-04,0,0,0
4219,11,56092,1.052797e-03,5.427807e-03,1.111305e-02,0.000000e+00,0.000000e+00,183,5.454104e-05,0,0,0
4220,11,56103,1.106227e-03,5.437835e-03,1.089000e-02,0.000000e+00,0.000000e+00,184,4.295707e-04,0,0,0
4221,11,56114,1.270517e-03,5.267322e-03,1.000000e-02,0.000000e+00,0.000000e+00,201,2.624989e-04,0,0,0
4222,17,56131,8.785847e-04,5.256334e-03,1.141856e-02,0.000000e+00,0.000000e+00,191,3.787652e-04,0,0,0
4223,12,56143,1.090359e-03,5.197061e-03,1.000000e-02,0.000000e+00,0.000000e+00,208,9.643286e-05,0,0,0
HIST {'total_samples': 4689457, 'floor_samples': 0, 'floor_fraction': 0.0, 'saturation_depth': 0.0, 'boundaries': 4224, 'capped_boundaries': 0, 'unfinished_worlds': 0}
4224,12,56155,7.268120e-04,5.199151e-03,1.136756e-02,0.000000e+00,0.000000e+00,188,2.693497e-04,0,0,0
4225,13,56168,9.285816e-04,5.082294e-03,1.000000e-02,0.000000e+00,0.000000e+00,205,2.594888e-04,0,0,0
4226,10,56178,7.651214e-04,5.245007e-03,1.170184e-02,0.000000e+00,0.000000e+00,189,2.273917e-05,0,0,0
4227,12,56190,9.896166e-04,5.315966e-03,1.000000e-02,0.000000e+00,0.000000e+00,179,5.304813e-06,0,0,0
4228,11,56201,1.334592e-03,5.348088e-03,1.075597e-02,0.000000e+00,0.000000e+00,174,3.621913e-05,0,0,0
4229,12,56213,1.089339e-03,5.338077e-03,1.009016e-02,0.000000e+00,0.000000e+00,177,1.043379e-04,0,0,0
4230,13,56226,1.271685e-03,5.362111e-03,1.118407e-02,0.000000e+00,0.000000e+00,188,2.574362e-05,0,0,0
4231,17,56243,1.160520e-03,5.361222e-03,1.127405e-02,0.000000e+00,0.000000e+00,196,1.416802e-04,0,0,0
4232,14,56257,1.220287e-03,5.358202e-03,1.219784e-02,0.000000e+00,0.000000e+00,200,3.626198e-05,0,0,0
4233,13,56270,9.171283e-04,5.261755e-03,1.168967e-02,0.000000e+00,0.000000e+00,200,1.016259e-04,0,0,0
4234,10,56280,1.502637e-03,5.315776e-03,1.235837e-02,0.000000e+00,0.000000e+00,199,2.043396e-04,0,0,0
4235,19,56299,8.686759e-04,5.259948e-03,1.078104e-02,0.000000e+00,0.000000e+00,179,3.588945e-04,0,0,0
4236,11,56310,1.150278e-03,5.410661e-03,1.558875e-02,0.000000e+00,0.000000e+00,187,1.859367e-04,0,0,0
4237,11,56321,1.169410e-03,5.357233e-03,1.072767e-02,0.000000e+00,0.000000e+00,192,1.496822e-04,0,0,0
4238,10,56331,1.487958e-03,5.416648e-03,1.197900e-02,0.000000e+00,0.000000e+00,173,2.512634e-04,0,0,0
4239,12,56343,1.098896e-03,5.381271e-03,1.081544e-02,0.000000e+00,0.000000e+00,199,5.781464e-04,0,0,0
4240,13,56356,1.136606e-03,5.385587e-03,1.036707e-02,0.000000e+00,0.000000e+00,193,6.587058e-05,0,0,0
4241,18,56374,8.220064e-04,5.144478e-03,1.025052e-02,0.000000e+00,0.000000e+00,214,2.243370e-05,0,0,0
4242,14,56388,8.871900e-04,5.300344e-03,1.146282e-02,0.000000e+00,0.000000e+00,179,3.731251e-05,0,0,0
4243,13,56401,1.148214e-03,5.373955e-03,1.084353e-02,0.000000e+00,0.000000e+00,173,1.040604e-04,0,0,0
4244,19,56420,8.115684e-04,5.387769e-03,1.192789e-02,0.000000e+00,0.000000e+00,187,7.495284e-06,0,0,0
4245,20,56440,8.598521e-04,5.164447e-03,1.040145e-02,0.000000e+00,0.000000e+00,202,4.195571e-04,0,0,0
4246,12,56452,1.061251e-03,5.277251e-03,1.094972e-02,0.000000e+00,0.000000e+00,190,3.373623e-04,0,0,0
4247,10,56462,1.532565e-03,5.325883e-03,1.197900e-02,0.000000e+00,0.000000e+00,188,7.204562e-04,0,0,0
4248,14,56476,1.252101e-03,5.275074e-03,1.317690e-02,0.000000e+00,0.000000e+00,179,1.162216e-04,0,0,0
4249,15,56491,8.753745e-04,5.164615e-03,1.095480e-02,0.000000e+00,0.000000e+00,206,3.835876e-04,0,0,0
4250,12,56503,1.021932e-03,5.345473e-03,1.089000e-02,0.000000e+00,0.000000e+00,191,7.062629e-04,0,0,0
4251,18,56521,1.018156e-03,5.205991e-03,1.035781e-02,0.000000e+00,0.000000e+00,195,2.054870e-05,0,0,0
4252,13,56534,1.078784e-03,5.223925e-03,1.282313e-02,0.000000e+00,0.000000e+00,187,1.361184e-04,0,0,0
4253,13,56547,1.071486e-03,5.033217e-03,1.204777e-02,0.000000e+00,0.000000e+00,212,6.102920e-04,0,0,0
4254,13,56560,1.168712e-03,5.016228e-03,1.249550e-02,0.000000e+00,0.000000e+00,194,1.756847e-05,0,0,0
4255,11,56571,1.200184e-03,4.926165e-03,1.138675e-02,0.000000e+00,0.000000e+00,212,3.330562e-04,0,0,0
4256,12,56583,9.583812e-04,5.019733e-03,1.098211e-02,0.000000e+00,0.000000e+00,191,4.065782e-05,0,0,0
4257,11,56594,1.249590e-03,5.060697e-03,1.089000e-02,0.000000e+00,0.000000e+00,202,2.844110e-04,0,0,0
4258,14,56608,1.102065e-03,5.284963e-03,1.150199e-02,0.000000e+00,0.000000e+00,183,1.533236e-05,0,0,0
4259,11,56619,1.716858e-03,5.272967e-03,1.317690e-02,0.000000e+00,0.000000e+00,187,1.539290e-05,0,0,0
4260,11,56630,1.774762e-03,5.259826e-03,1.029112e-02,0.000000e+00,0.000000e+00,174,3.075376e-04,0,0,0
4261,11,56641,1.359382e-03,5.340666e-03,1.000000e-02,0.000000e+00,0.000000e+00,176,1.543104e-04,0,0,0
4262,11,56652,1.262809e-03,5.312555e-03,1.151637e-02,0.000000e+00,0.000000e+00,196,2.193451e-05,0,0,0
4263,11,56663,1.533529e-03,5.267105e-03,1.199395e-02,0.000000e+00,0.000000e+00,194,3.489852e-04,0,0,0
4264,11,56674,1.231450e-03,5.275698e-03,1.282818e-02,0.000000e+00,0.000000e+00,189,4.360080e-05,0,0,0
4265,20,56694,9.596848e-04,5.142745e-03,1.431032e-02,0.000000e+00,0.000000e+00,206,2.366155e-04,0,0,0
4266,14,56708,1.114102e-03,5.234628e-03,1.423543e-02,0.000000e+00,0.000000e+00,194,4.440546e-04,0,0,0
4267,11,56719,1.612178e-03,5.034118e-03,1.092962e-02,0.000000e+00,0.000000e+00,209,1.227856e-05,0,0,0
4268,12,56731,1.165722e-03,5.150380e-03,1.212212e-02,0.000000e+00,0.000000e+00,172,3.287904e-04,0,0,0
4269,17,56748,9.272827e-04,5.187300e-03,1.097714e-02,0.000000e+00,0.000000e+00,190,1.078099e-04,0,0,0
4270,20,56768,8.921539e-04,5.278318e-03,1.190403e-02,0.000000e+00,0.000000e+00,199,1.566261e-04,0,0,0
4271,17,56785,1.187303e-03,5.127905e-03,1.014304e-02,0.000000e+00,0.000000e+00,209,9.657163e-05,0,0,0
HIST {'total_samples': 4740966, 'floor_samples': 0, 'floor_fraction': 0.0, 'saturation_depth': 0.0, 'boundaries': 4272, 'capped_boundaries': 0, 'unfinished_worlds': 0}
4272,11,56796,1.323742e-03,5.281790e-03,1.366646e-02,0.000000e+00,0.000000e+00,193,2.063047e-04,0,0,0
4273,14,56810,1.159196e-03,5.164945e-03,1.235900e-02,0.000000e+00,0.000000e+00,207,1.105964e-04,0,0,0
4274,16,56826,7.502232e-04,5.069351e-03,1.359490e-02,0.000000e+00,0.000000e+00,213,5.698418e-04,0,0,0
4275,13,56839,9.681022e-04,4.985584e-03,1.000000e-02,0.000000e+00,0.000000e+00,203,1.025200e-05,0,0,0
4276,12,56851,1.310415e-03,4.999904e-03,1.089000e-02,0.000000e+00,0.000000e+00,188,2.467036e-04,0,0,0
4277,12,56863,8.015599e-04,5.079075e-03,1.000000e-02,0.000000e+00,0.000000e+00,188,4.759431e-04,0,0,0
4278,16,56879,8.407198e-04,5.132240e-03,1.098563e-02,0.000000e+00,0.000000e+00,207,6.131083e-04,0,0,0
4279,13,56892,1.057327e-03,5.082652e-03,1.000000e-02,0.000000e+00,0.000000e+00,190,4.428029e-04,0,0,0
4280,14,56906,1.253280e-03,5.208170e-03,1.446208e-02,0.000000e+00,0.000000e+00,194,1.676381e-07,0,0,0
4281,16,56922,9.748108e-04,5.000272e-03,1.000000e-02,0.000000e+00,0.000000e+00,211,6.645918e-06,0,0,0
4282,14,56936,6.760834e-04,5.037825e-03,1.000000e-02,0.000000e+00,0.000000e+00,193,4.986525e-04,0,0,0
4283,12,56948,1.207486e-03,5.096153e-03,9.968805e-03,0.000000e+00,0.000000e+00,172,6.063282e-05,0,0,0
4284,13,56961,9.908489e-04,5.136784e-03,1.195098e-02,0.000000e+00,0.000000e+00,174,4.655123e-05,0,0,0
4285,11,56972,1.288261e-03,5.149639e-03,1.229563e-02,0.000000e+00,0.000000e+00,186,2.965331e-05,0,0,0
4286,13,56985,1.096356e-03,5.324687e-03,1.257210e-02,0.000000e+00,0.000000e+00,173,6.444752e-06,0,0,0
4287,13,56998,1.468166e-03,5.281354e-03,1.000000e-02,0.000000e+00,0.000000e+00,187,3.397465e-06,0,0,0
4288,21,57019,8.417583e-04,5.447261e-03,1.297507e-02,0.000000e+00,0.000000e+00,172,4.793704e-05,0,0,0
4289,18,57037,8.294858e-04,5.248321e-03,1.197900e-02,0.000000e+00,0.000000e+00,187,1.295805e-04,0,0,0
4290,13,57050,1.166702e-03,5.111091e-03,1.008295e-02,0.000000e+00,0.000000e+00,205,2.697110e-06,0,0,0
4291,16,57066,7.723090e-04,5.002043e-03,1.000000e-02,0.000000e+00,0.000000e+00,197,1.840591e-04,0,0,0
4292,13,57079,1.077408e-03,5.050409e-03,1.095209e-02,0.000000e+00,0.000000e+00,182,2.328306e-08,0,0,0
4293,12,57091,1.322240e-03,4.970456e-03,1.000000e-02,0.000000e+00,0.000000e+00,194,6.556511e-07,0,0,0
4294,16,57107,8.644667e-04,5.094480e-03,1.089000e-02,0.000000e+00,0.000000e+00,184,5.221367e-05,0,0,0
4295,15,57122,1.081716e-03,4.981367e-03,1.139267e-02,0.000000e+00,0.000000e+00,197,1.678616e-05,0,0,0
4296,19,57141,5.988505e-04,5.100643e-03,1.568790e-02,0.000000e+00,0.000000e+00,190,5.894899e-05,0,0,0
4297,15,57156,9.378508e-04,5.049137e-03,1.468464e-02,0.000000e+00,0.000000e+00,198,2.139509e-04,0,0,0
4298,13,57169,1.254323e-03,5.108391e-03,9.831501e-03,0.000000e+00,0.000000e+00,182,2.969056e-06,0,0,0
4299,14,57183,1.061649e-03,5.210003e-03,1.065760e-02,0.000000e+00,0.000000e+00,172,1.892075e-04,0,0,0
4300,12,57195,7.854591e-04,5.213134e-03,1.173410e-02,0.000000e+00,0.000000e+00,194,4.140735e-04,0,0,0
4301,11,57206,1.271219e-03,5.070425e-03,1.234773e-02,0.000000e+00,0.000000e+00,180,1.190607e-04,0,0,0
4302,15,57221,9.011580e-04,5.073949e-03,1.170519e-02,0.000000e+00,0.000000e+00,197,1.871958e-05,0,0,0
4303,14,57235,8.952997e-04,4.999699e-03,1.353583e-02,0.000000e+00,0.000000e+00,190,8.288771e-07,0,0,0
4304,13,57248,1.002818e-03,5.114751e-03,1.189576e-02,0.000000e+00,0.000000e+00,179,1.577511e-04,0,0,0
4305,12,57260,8.621435e-04,5.087463e-03,1.000000e-02,0.000000e+00,0.000000e+00,184,7.018447e-06,0,0,0
4306,11,57271,1.521445e-03,5.267240e-03,1.377076e-02,0.000000e+00,0.000000e+00,171,3.262460e-04,0,0,0
4307,16,57287,7.111611e-04,5.127011e-03,1.054839e-02,0.000000e+00,0.000000e+00,203,6.975234e-05,0,0,0
4308,15,57302,1.080586e-03,5.303406e-03,1.009727e-02,0.000000e+00,0.000000e+00,181,3.440082e-04,0,0,0
4309,12,57314,9.119582e-04,5.152044e-03,1.000000e-02,0.000000e+00,0.000000e+00,203,4.231930e-05,0,0,0
4310,13,57327,1.146454e-03,5.352695e-03,1.235014e-02,0.000000e+00,0.000000e+00,181,1.361966e-05,0,0,0
4311,14,57341,1.197144e-03,5.166666e-03,1.000000e-02,0.000000e+00,0.000000e+00,210,1.114476e-04,0,0,0
4312,18,57359,9.209471e-04,5.392220e-03,1.112260e-02,0.000000e+00,0.000000e+00,185,6.929040e-07,0,0,0
4313,13,57372,8.118441e-04,5.224960e-03,1.000000e-02,0.000000e+00,0.000000e+00,190,1.877248e-04,0,0,0
4314,12,57384,1.239245e-03,5.317047e-03,1.142918e-02,0.000000e+00,0.000000e+00,185,2.026558e-06,0,0,0
4315,9,57393,9.525719e-04,5.247145e-03,1.000000e-02,0.000000e+00,0.000000e+00,186,8.296371e-04,0,0,0
4316,15,57408,1.002389e-03,5.373766e-03,1.066632e-02,0.000000e+00,0.000000e+00,189,1.002550e-04,0,0,0
4317,13,57421,1.264090e-03,5.247276e-03,1.000000e-02,0.000000e+00,0.000000e+00,202,2.275407e-04,0,0,0
4318,15,57436,8.869833e-04,5.339064e-03,1.178925e-02,0.000000e+00,0.000000e+00,175,7.842481e-04,0,0,0
4319,13,57449,9.559016e-04,5.215345e-03,1.014689e-02,0.000000e+00,0.000000e+00,198,1.555383e-04,0,0,0
HIST {'total_samples': 4792878, 'floor_samples': 0, 'floor_fraction': 0.0, 'saturation_depth': 0.0, 'boundaries': 4320, 'capped_boundaries': 0, 'unfinished_worlds': 0}
4320,13,57462,1.248017e-03,5.196596e-03,1.138178e-02,0.000000e+00,0.000000e+00,206,1.564771e-04,0,0,0
4321,11,57473,1.129822e-03,5.049124e-03,1.000000e-02,0.000000e+00,0.000000e+00,206,4.702061e-05,0,0,0
4322,17,57490,1.056825e-03,5.140438e-03,1.162717e-02,0.000000e+00,0.000000e+00,183,1.549721e-06,0,0,0
4323,18,57508,7.329628e-04,5.277100e-03,1.055492e-02,0.000000e+00,0.000000e+00,176,1.260638e-05,0,0,0
4324,12,57520,1.502062e-03,5.244622e-03,1.053697e-02,0.000000e+00,0.000000e+00,197,2.001524e-04,0,0,0
4325,15,57535,1.016318e-03,5.205387e-03,1.161506e-02,0.000000e+00,0.000000e+00,179,1.827776e-04,0,0,0
4326,17,57552,7.727090e-04,5.165878e-03,1.089000e-02,0.000000e+00,0.000000e+00,191,1.332015e-04,0,0,0
4327,11,57563,1.367845e-03,5.095663e-03,1.001615e-02,0.000000e+00,0.000000e+00,192,1.697801e-05,0,0,0
4328,14,57577,1.087761e-03,5.186003e-03,1.138168e-02,0.000000e+00,0.000000e+00,179,2.780035e-04,0,0,0
4329,19,57596,6.802413e-04,5.039750e-03,1.000000e-02,0.000000e+00,0.000000e+00,214,1.074336e-04,0,0,0
4330,10,57606,1.515811e-03,5.088640e-03,1.089000e-02,0.000000e+00,0.000000e+00,168,6.167591e-05,0,0,0
4331,13,57619,9.359110e-04,5.038885e-03,1.000000e-02,0.000000e+00,0.000000e+00,202,4.754290e-04,0,0,0
4332,12,57631,9.221605e-04,5.238806e-03,1.019948e-02,0.000000e+00,0.000000e+00,178,8.774251e-04,0,0,0
4333,16,57647,8.794102e-04,5.034469e-03,1.000000e-02,0.000000e+00,0.000000e+00,212,2.516713e-04,0,0,0
4334,16,57663,1.308556e-03,5.118107e-03,1.276833e-02,0.000000e+00,0.000000e+00,178,7.966161e-05,0,0,0
4335,12,57675,1.244870e-03,5.055169e-03,1.404517e-02,0.000000e+00,0.000000e+00,195,9.793490e-04,0,0,0
4336,11,57686,1.276066e-03,5.078202e-03,1.136787e-02,0.000000e+00,0.000000e+00,194,4.367158e-05,0,0,0
4337,13,57699,1.318669e-03,4.992296e-03,1.000000e-02,0.000000e+00,0.000000e+00,196,5.625635e-04,0,0,0
4338,15,57714,9.232128e-04,5.125801e-03,1.061285e-02,0.000000e+00,0.000000e+00,175,1.608804e-04,0,0,0
4339,15,57729,7.656146e-04,5.032412e-03,1.000000e-02,0.000000e+00,0.000000e+00,194,4.959106e-05,0,0,0
4340,12,57741,1.172778e-03,5.160749e-03,1.033364e-02,0.000000e+00,0.000000e+00,173,2.005696e-05,0,0,0
4341,18,57759,9.051214e-04,5.216664e-03,1.080276e-02,0.000000e+00,0.000000e+00,182,5.045552e-04,0,0,0
4342,12,57771,1.075193e-03,5.383200e-03,1.197577e-02,0.000000e+00,0.000000e+00,172,5.811588e-04,0,0,0
4343,13,57784,8.972274e-04,5.323965e-03,1.000000e-02,0.000000e+00,0.000000e+00,194,2.797842e-04,0,0,0
4344,15,57799,9.100199e-04,5.370532e-03,1.204759e-02,0.000000e+00,0.000000e+00,176,2.539158e-05,0,0,0
4345,14,57813,9.163494e-04,5.226007e-03,1.213788e-02,0.000000e+00,0.000000e+00,200,2.587587e-05,0,0,0
4346,11,57824,1.495501e-03,5.283490e-03,1.246658e-02,0.000000e+00,0.000000e+00,199,1.267195e-04,0,0,0
4347,12,57836,1.012669e-03,5.145414e-03,1.036324e-02,0.000000e+00,0.000000e+00,186,3.247261e-04,0,0,0
4348,13,57849,9.378492e-04,5.171078e-03,1.320848e-02,0.000000e+00,0.000000e+00,175,2.484322e-04,0,0,0
4349,15,57864,8.066627e-04,5.079669e-03,1.024667e-02,0.000000e+00,0.000000e+00,191,2.324581e-05,0,0,0
4350,12,57876,1.378182e-03,5.234450e-03,1.291290e-02,0.000000e+00,0.000000e+00,173,3.054887e-04,0,0,0
4351,11,57887,1.339149e-03,5.121300e-03,1.019751e-02,0.000000e+00,0.000000e+00,185,1.341105e-06,0,0,0
4352,11,57898,1.698481e-03,5.366812e-03,1.181091e-02,0.000000e+00,0.000000e+00,180,5.614758e-05,0,0,0
4353,11,57909,1.552348e-03,5.141315e-03,1.000000e-02,0.000000e+00,0.000000e+00,220,4.915297e-04,0,0,0
4354,20,57929,8.317443e-04,5.336115e-03,1.317690e-02,0.000000e+00,0.000000e+00,181,7.595122e-05,0,0,0
4355,15,57944,7.701467e-04,5.169081e-03,1.197900e-02,0.000000e+00,0.000000e+00,197,6.402731e-04,0,0,0
4356,16,57960,8.477262e-04,5.266056e-03,1.140319e-02,0.000000e+00,0.000000e+00,181,3.259256e-05,0,0,0
4357,12,57972,1.187679e-03,5.100985e-03,1.040678e-02,0.000000e+00,0.000000e+00,195,6.627291e-06,0,0,0
4358,10,57982,1.262170e-03,5.382205e-03,1.285300e-02,0.000000e+00,0.000000e+00,162,1.257658e-05,0,0,0
4359,10,57992,1.090334e-03,5.249924e-03,1.000000e-02,0.000000e+00,0.000000e+00,199,1.241525e-04,0,0,0
4360,12,58004,1.623998e-03,5.285345e-03,1.224549e-02,0.000000e+00,0.000000e+00,194,4.768372e-07,0,0,0
4361,13,58017,9.404482e-04,5.162247e-03,1.014883e-02,0.000000e+00,0.000000e+00,190,1.305621e-04,0,0,0
4362,14,58031,7.426739e-04,5.192363e-03,1.174441e-02,0.000000e+00,0.000000e+00,206,2.705762e-04,0,0,0
4363,12,58043,1.131868e-03,5.201827e-03,1.000000e-02,0.000000e+00,0.000000e+00,187,1.323521e-04,0,0,0
4364,12,58055,1.138841e-03,5.261046e-03,1.209183e-02,0.000000e+00,0.000000e+00,181,1.445115e-04,0,0,0
4365,13,58068,1.201135e-03,5.175237e-03,1.000000e-02,0.000000e+00,0.000000e+00,210,5.522072e-04,0,0,0
4366,11,58079,1.501393e-03,5.353562e-03,1.241465e-02,0.000000e+00,0.000000e+00,179,7.511675e-05,0,0,0
4367,11,58090,1.335041e-03,5.189246e-03,1.070567e-02,0.000000e+00,0.000000e+00,213,5.437713e-04,0,0,0
HIST {'total_samples': 4844156, 'floor_samples': 0, 'floor_fraction': 0.0, 'saturation_depth': 0.0, 'boundaries': 4368, 'capped_boundaries': 0, 'unfinished_worlds': 0}
4368,12,58102,1.445371e-03,5.359852e-03,1.177623e-02,0.000000e+00,0.000000e+00,182,1.839399e-04,0,0,0
4369,15,58117,9.645836e-04,5.350767e-03,1.083212e-02,0.000000e+00,0.000000e+00,184,4.228354e-04,0,0,0
4370,13,58130,1.182808e-03,5.375691e-03,1.345305e-02,0.000000e+00,0.000000e+00,193,2.205372e-06,0,0,0
4371,14,58144,8.939931e-04,5.255885e-03,1.046105e-02,0.000000e+00,0.000000e+00,187,3.632419e-04,0,0,0
4372,15,58159,7.252727e-04,5.458774e-03,1.050494e-02,0.000000e+00,0.000000e+00,176,1.351982e-04,0,0,0
4373,12,58171,5.781247e-04,5.165677e-03,1.000000e-02,0.000000e+00,0.000000e+00,215,3.470108e-06,0,0,0
4374,11,58182,1.552564e-03,5.411935e-03,1.000000e-02,0.000000e+00,0.000000e+00,183,6.036833e-05,0,0,0
4375,14,58196,9.001684e-04,5.379539e-03,1.198768e-02,0.000000e+00,0.000000e+00,192,5.977452e-04,0,0,0
4376,17,58213,9.490593e-04,5.366807e-03,1.100315e-02,0.000000e+00,0.000000e+00,190,5.704165e-05,0,0,0
4377,12,58225,9.443493e-04,5.280569e-03,1.000000e-02,0.000000e+00,0.000000e+00,200,1.341105e-07,0,0,0
4378,11,58236,1.509458e-03,5.236787e-03,1.000000e-02,0.000000e+00,0.000000e+00,192,9.005889e-06,0,0,0
4379,12,58248,1.013891e-03,5.156097e-03,1.065186e-02,0.000000e+00,0.000000e+00,192,3.099442e-06,0,0,0
4380,15,58263,7.964030e-04,5.192211e-03,1.058486e-02,0.000000e+00,0.000000e+00,196,7.094443e-05,0,0,0
4381,12,58275,1.241267e-03,5.048950e-03,1.062922e-02,0.000000e+00,0.000000e+00,216,8.071065e-04,0,0,0
4382,14,58289,7.648433e-04,5.148671e-03,1.036369e-02,0.000000e+00,0.000000e+00,189,5.595833e-04,0,0,0
4383,13,58302,1.489042e-03,5.173845e-03,1.000000e-02,0.000000e+00,0.000000e+00,197,3.033876e-05,0,0,0
4384,14,58316,1.342228e-03,5.301924e-03,1.469708e-02,0.000000e+00,0.000000e+00,179,1.243725e-04,0,0,0
4385,17,58333,1.141297e-03,5.202760e-03,1.254429e-02,0.000000e+00,0.000000e+00,194,2.994835e-04,0,0,0
4386,11,58344,1.014346e-03,5.205378e-03,1.009313e-02,0.000000e+00,0.000000e+00,182,1.281500e-06,0,0,0
4387,12,58356,1.168297e-03,5.165902e-03,9.692035e-03,0.000000e+00,0.000000e+00,195,1.393855e-04,0,0,0
4388,11,58367,1.091931e-03,5.230101e-03,1.057159e-02,0.000000e+00,0.000000e+00,186,3.411993e-05,0,0,0
4389,13,58380,1.129632e-03,5.277731e-03,1.079853e-02,0.000000e+00,0.000000e+00,195,5.097687e-05,0,0,0
4390,12,58392,9.637323e-04,5.159717e-03,1.186238e-02,0.000000e+00,0.000000e+00,212,5.211979e-04,0,0,0
4391,15,58407,8.469212e-04,4.954881e-03,1.000000e-02,0.000000e+00,0.000000e+00,215,5.535483e-04,0,0,0
4392,17,58424,8.802330e-04,5.003027e-03,1.098091e-02,0.000000e+00,0.000000e+00,201,2.607703e-08,0,0,0
4393,15,58439,6.581605e-04,5.029163e-03,1.107414e-02,0.000000e+00,0.000000e+00,183,3.560632e-05,0,0,0
4394,13,58452,7.900003e-04,5.133593e-03,1.055873e-02,0.000000e+00,0.000000e+00,195,9.357929e-06,0,0,0
4395,12,58464,7.411417e-04,5.206672e-03,1.224224e-02,0.000000e+00,0.000000e+00,154,5.513430e-04,0,0,0
4396,15,58479,1.475312e-03,5.346573e-03,1.277607e-02,0.000000e+00,0.000000e+00,180,8.683465e-05,0,0,0
4397,13,58492,1.492334e-03,5.367811e-03,1.203075e-02,0.000000e+00,0.000000e+00,177,1.256978e-05,0,0,0
4398,11,58503,9.381188e-04,5.316665e-03,1.000000e-02,0.000000e+00,0.000000e+00,201,4.659891e-04,0,0,0
4399,19,58522,8.286551e-04,5.273430e-03,9.718487e-03,0.000000e+00,0.000000e+00,193,1.023263e-04,0,0,0
4400,14,58536,1.022781e-03,5.365370e-03,1.275507e-02,0.000000e+00,0.000000e+00,177,5.373359e-05,0,0,0
4401,15,58551,1.061377e-03,5.202609e-03,1.000000e-02,0.000000e+00,0.000000e+00,206,1.589656e-04,0,0,0
4402,22,58573,8.910362e-04,5.324462e-03,1.441496e-02,0.000000e+00,0.000000e+00,185,2.235174e-05,0,0,0
4403,17,58590,7.379181e-04,5.209775e-03,1.000000e-02,0.000000e+00,0.000000e+00,187,4.797876e-04,0,0,0
4404,17,58607,8.292331e-04,5.403888e-03,1.224394e-02,0.000000e+00,0.000000e+00,170,1.546741e-05,0,0,0
4405,17,58624,1.162649e-03,5.271137e-03,1.171315e-02,0.000000e+00,0.000000e+00,204,6.473251e-05,0,0,0
4406,16,58640,1.333497e-03,5.341482e-03,1.325654e-02,0.000000e+00,0.000000e+00,177,3.403276e-04,0,0,0
4407,12,58652,1.241677e-03,5.316776e-03,1.219611e-02,0.000000e+00,0.000000e+00,193,2.184212e-04,0,0,0
4408,11,58663,1.272297e-03,5.413957e-03,1.280118e-02,0.000000e+00,0.000000e+00,178,2.540052e-04,0,0,0
4409,20,58683,7.618436e-04,5.320829e-03,1.244176e-02,0.000000e+00,0.000000e+00,186,3.687739e-04,0,0,0
4410,12,58695,1.086163e-03,5.484373e-03,1.302294e-02,0.000000e+00,0.000000e+00,175,1.391955e-05,0,0,0
4411,13,58708,1.180075e-03,5.475931e-03,1.306651e-02,0.000000e+00,0.000000e+00,173,2.002716e-05,0,0,0
4412,15,58723,1.201376e-03,5.588752e-03,1.280803e-02,0.000000e+00,0.000000e+00,167,7.990003e-05,0,0,0
4413,12,58735,1.501176e-03,5.443336e-03,1.190622e-02,0.000000e+00,0.000000e+00,174,4.537404e-06,0,0,0
4414,14,58749,1.192086e-03,5.570992e-03,1.208104e-02,0.000000e+00,0.000000e+00,168,2.056360e-04,0,0,0
4415,10,58759,1.533317e-03,5.376883e-03,1.000000e-02,0.000000e+00,0.000000e+00,200,5.097687e-05,0,0,0
HIST {'total_samples': 4895424, 'floor_samples': 0, 'floor_fraction': 0.0, 'saturation_depth': 0.0, 'boundaries': 4416, 'capped_boundaries': 0, 'unfinished_worlds': 0}
4416,10,58769,1.097993e-03,5.503878e-03,1.461807e-02,0.000000e+00,0.000000e+00,173,4.015714e-04,0,0,0
4417,15,58784,1.069586e-03,5.226978e-03,1.000000e-02,0.000000e+00,0.000000e+00,192,3.524125e-06,0,0,0
4418,12,58796,9.579980e-04,5.164327e-03,1.142763e-02,0.000000e+00,0.000000e+00,192,4.570335e-04,0,0,0
4419,13,58809,1.208890e-03,5.248349e-03,1.257039e-02,0.000000e+00,0.000000e+00,163,5.944967e-04,0,0,0
4420,11,58820,1.497258e-03,5.332151e-03,1.274958e-02,0.000000e+00,0.000000e+00,178,1.099706e-05,0,0,0
4421,11,58831,1.203259e-03,5.321510e-03,1.000000e-02,0.000000e+00,0.000000e+00,170,3.610505e-05,0,0,0
4422,11,58842,1.470404e-03,5.410011e-03,1.142293e-02,0.000000e+00,0.000000e+00,185,8.133307e-04,0,0,0
4423,14,58856,1.181754e-03,5.239213e-03,1.000000e-02,0.000000e+00,0.000000e+00,196,1.198323e-04,0,0,0
4424,14,58870,9.358357e-04,5.168995e-03,1.063818e-02,0.000000e+00,0.000000e+00,199,8.002855e-06,0,0,0
4425,9,58879,1.206049e-03,5.213454e-03,1.000000e-02,0.000000e+00,0.000000e+00,170,4.984289e-04,0,0,0
4426,11,58890,1.281646e-03,5.523465e-03,1.317690e-02,0.000000e+00,0.000000e+00,161,7.785857e-05,0,0,0
4427,16,58906,8.386960e-04,5.343170e-03,1.287268e-02,0.000000e+00,0.000000e+00,188,8.828007e-06,0,0,0
4428,13,58919,9.993750e-04,5.256144e-03,1.098936e-02,0.000000e+00,0.000000e+00,192,3.084540e-06,0,0,0
4429,13,58932,1.186578e-03,5.328528e-03,1.038296e-02,0.000000e+00,0.000000e+00,186,5.085443e-06,0,0,0
4430,13,58945,1.298610e-03,5.350070e-03,1.074630e-02,0.000000e+00,0.000000e+00,174,5.394220e-06,0,0,0
4431,15,58960,1.134890e-03,5.272517e-03,1.197900e-02,0.000000e+00,0.000000e+00,192,2.876222e-04,0,0,0
4432,9,58969,1.134890e-03,5.355206e-03,1.133440e-02,0.000000e+00,0.000000e+00,163,4.661381e-04,0,0,0
4433,15,58984,1.000531e-03,5.365069e-03,1.211099e-02,0.000000e+00,0.000000e+00,188,2.080316e-04,0,0,0
4434,11,58995,1.326354e-03,5.493768e-03,1.089000e-02,0.000000e+00,0.000000e+00,176,9.782016e-04,0,0,0
4435,11,59006,1.133882e-03,5.384524e-03,1.103998e-02,0.000000e+00,0.000000e+00,201,2.182424e-04,0,0,0
4436,9,59015,1.476474e-03,5.453070e-03,1.172884e-02,0.000000e+00,0.000000e+00,180,1.079217e-05,0,0,0
4437,11,59026,1.003605e-03,5.373477e-03,1.198487e-02,0.000000e+00,0.000000e+00,187,5.408563e-05,0,0,0
4438,11,59037,1.134823e-03,5.455598e-03,1.217822e-02,0.000000e+00,0.000000e+00,186,1.420192e-04,0,0,0
4439,14,59051,1.423021e-03,5.439531e-03,1.000000e-02,0.000000e+00,0.000000e+00,169,7.078052e-08,0,0,0
4440,20,59071,7.980660e-04,5.484226e-03,1.300778e-02,0.000000e+00,0.000000e+00,192,3.350899e-05,0,0,0
4441,15,59086,1.098354e-03,5.365872e-03,1.430856e-02,0.000000e+00,0.000000e+00,181,5.556643e-05,0,0,0
4442,11,59097,1.342648e-03,5.537932e-03,1.407474e-02,0.000000e+00,0.000000e+00,171,2.093613e-05,0,0,0
4443,12,59109,1.514630e-03,5.439253e-03,1.282042e-02,0.000000e+00,0.000000e+00,187,4.512072e-05,0,0,0
4444,10,59119,1.270863e-03,5.341624e-03,1.265467e-02,0.000000e+00,0.000000e+00,188,2.599508e-04,0,0,0
4445,18,59137,9.359384e-04,5.272406e-03,1.048077e-02,0.000000e+00,0.000000e+00,204,4.407540e-04,0,0,0
4446,12,59149,1.258730e-03,5.465152e-03,1.249338e-02,0.000000e+00,0.000000e+00,183,6.638318e-04,0,0,0
4447,12,59161,1.164418e-03,5.400972e-03,1.210696e-02,0.000000e+00,0.000000e+00,195,7.939339e-05,0,0,0
4448,13,59174,1.318747e-03,5.326579e-03,1.222063e-02,0.000000e+00,0.000000e+00,188,1.433492e-05,0,0,0
4449,11,59185,1.146069e-03,5.260459e-03,1.000000e-02,0.000000e+00,0.000000e+00,195,1.685976e-10,0,0,0
4450,12,59197,9.686078e-04,5.374759e-03,1.089000e-02,0.000000e+00,0.000000e+00,173,1.273293e-11,0,0,0
4451,11,59208,1.566870e-03,5.311146e-03,1.000000e-02,0.000000e+00,0.000000e+00,191,1.506116e-04,0,0,0
4452,16,59224,1.215577e-03,5.379393e-03,1.281419e-02,0.000000e+00,0.000000e+00,184,1.446903e-05,0,0,0
4453,16,59240,1.235855e-03,5.288288e-03,1.041926e-02,0.000000e+00,0.000000e+00,192,1.409650e-05,0,0,0
4454,10,59250,1.607807e-03,5.352119e-03,1.316571e-02,0.000000e+00,0.000000e+00,187,6.211624e-04,0,0,0
4455,11,59261,1.691673e-03,5.259246e-03,1.128609e-02,0.000000e+00,0.000000e+00,182,2.272399e-04,0,0,0
4456,16,59277,6.179696e-04,5.448552e-03,1.241470e-02,0.000000e+00,0.000000e+00,170,1.293607e-04,0,0,0
4457,16,59293,8.827957e-04,5.285548e-03,1.000000e-02,0.000000e+00,0.000000e+00,193,1.672655e-05,0,0,0
4458,12,59305,1.067627e-03,5.329626e-03,1.135098e-02,0.000000e+00,0.000000e+00,174,6.496906e-06,0,0,0
4459,10,59315,1.373775e-03,5.196210e-03,1.005233e-02,0.000000e+00,0.000000e+00,184,1.033247e-04,0,0,0
4460,11,59326,1.171185e-03,5.375111e-03,1.450619e-02,0.000000e+00,0.000000e+00,176,3.474951e-05,0,0,0
4461,15,59341,9.557524e-04,5.202395e-03,1.000000e-02,0.000000e+00,0.000000e+00,202,1.185611e-04,0,0,0
4462,17,59358,8.165037e-04,5.241004e-03,1.140648e-02,0.000000e+00,0.000000e+00,188,2.404377e-04,0,0,0
4463,14,59372,1.121019e-03,5.129556e-03,1.000000e-02,0.000000e+00,0.000000e+00,198,2.659261e-04,0,0,0
HIST {'total_samples': 4945742, 'floor_samples': 0, 'floor_fraction': 0.0, 'saturation_depth': 0.0, 'boundaries': 4464, 'capped_boundaries': 0, 'unfinished_worlds': 0}
4464,13,59385,1.069879e-03,5.283022e-03,1.080054e-02,0.000000e+00,0.000000e+00,181,1.629815e-09,0,0,0
4465,13,59398,1.011243e-03,5.235937e-03,1.355125e-02,0.000000e+00,0.000000e+00,203,3.811717e-05,0,0,0
4466,18,59416,1.312918e-03,5.381880e-03,1.214179e-02,0.000000e+00,0.000000e+00,167,1.546741e-05,0,0,0
4467,11,59427,1.059092e-03,5.258002e-03,1.029190e-02,0.000000e+00,0.000000e+00,191,2.617836e-04,0,0,0
4468,17,59444,6.970765e-04,5.433540e-03,1.311300e-02,0.000000e+00,0.000000e+00,190,6.645918e-04,0,0,0
4469,14,59458,1.063206e-03,5.234577e-03,1.014404e-02,0.000000e+00,0.000000e+00,217,4.382581e-04,0,0,0
4470,14,59472,1.072714e-03,5.252878e-03,1.233469e-02,0.000000e+00,0.000000e+00,194,1.937151e-06,0,0,0
4471,15,59487,1.053764e-03,5.280481e-03,1.016275e-02,0.000000e+00,0.000000e+00,177,3.131479e-04,0,0,0
4472,11,59498,1.046678e-03,5.339606e-03,1.117903e-02,0.000000e+00,0.000000e+00,184,2.704263e-04,0,0,0
4473,12,59510,1.180975e-03,5.232567e-03,1.229693e-02,0.000000e+00,0.000000e+00,198,8.475780e-05,0,0,0
4474,12,59522,1.456124e-03,5.410772e-03,1.352663e-02,0.000000e+00,0.000000e+00,184,1.266599e-05,0,0,0
4475,16,59538,9.947566e-04,5.196048e-03,1.487929e-02,0.000000e+00,0.000000e+00,197,6.566197e-05,0,0,0
4476,17,59555,1.212654e-03,5.307768e-03,1.265216e-02,0.000000e+00,0.000000e+00,188,2.115220e-05,0,0,0
4477,16,59571,9.952335e-04,5.191917e-03,1.065359e-02,0.000000e+00,0.000000e+00,194,3.854930e-05,0,0,0
4478,16,59587,9.823154e-04,5.378699e-03,1.197900e-02,0.000000e+00,0.000000e+00,174,2.496841e-05,0,0,0
4479,14,59601,1.001096e-03,5.209961e-03,1.317690e-02,0.000000e+00,0.000000e+00,205,2.100468e-04,0,0,0
4480,11,59612,1.412791e-03,5.268555e-03,1.412025e-02,0.000000e+00,0.000000e+00,194,1.696376e-04,0,0,0
4481,12,59624,8.097149e-04,5.229733e-03,1.033036e-02,0.000000e+00,0.000000e+00,182,9.457581e-07,0,0,0
4482,13,59637,7.324420e-04,5.409997e-03,1.089000e-02,0.000000e+00,0.000000e+00,202,1.409501e-04,0,0,0
4483,13,59650,1.027773e-03,5.269080e-03,1.037561e-02,0.000000e+00,0.000000e+00,202,9.546950e-04,0,0,0
4484,10,59660,9.115475e-04,5.329703e-03,1.090357e-02,0.000000e+00,0.000000e+00,181,5.041957e-04,0,0,0
4485,14,59674,7.552325e-04,5.277005e-03,1.157745e-02,0.000000e+00,0.000000e+00,180,1.755357e-05,0,0,0
4486,11,59685,1.024055e-03,5.294369e-03,1.223519e-02,0.000000e+00,0.000000e+00,190,3.160350e-04,0,0,0
4487,11,59696,1.178509e-03,5.311173e-03,1.048306e-02,0.000000e+00,0.000000e+00,176,2.446473e-04,0,0,0
4488,14,59710,1.168857e-03,5.318043e-03,1.285105e-02,0.000000e+00,0.000000e+00,192,3.852844e-04,0,0,0
4489,17,59727,7.520602e-04,5.194829e-03,1.273790e-02,0.000000e+00,0.000000e+00,206,3.014908e-20,0,0,0
4490,12,59739,7.767251e-04,5.338205e-03,1.401169e-02,0.000000e+00,0.000000e+00,192,2.930313e-05,0,0,0
4491,11,59750,9.478520e-04,5.285363e-03,1.419106e-02,0.000000e+00,0.000000e+00,199,7.444483e-04,0,0,0
4492,11,59761,1.013945e-03,5.166909e-03,1.317690e-02,0.000000e+00,0.000000e+00,203,7.258356e-05,0,0,0
4493,9,59770,1.331776e-03,5.088935e-03,1.000000e-02,0.000000e+00,0.000000e+00,192,1.332387e-04,0,0,0
4494,13,59783,1.106902e-03,5.136970e-03,1.061112e-02,0.000000e+00,0.000000e+00,186,3.107595e-04,0,0,0
4495,11,59794,9.273474e-04,5.146108e-03,1.089000e-02,0.000000e+00,0.000000e+00,194,1.567602e-04,0,0,0
4496,12,59806,1.397148e-03,5.224988e-03,1.197900e-02,0.000000e+00,0.000000e+00,179,1.108330e-04,0,0,0
4497,13,59819,1.082146e-03,5.095574e-03,1.000000e-02,0.000000e+00,0.000000e+00,193,6.511807e-06,0,0,0
4498,12,59831,1.424048e-03,5.208917e-03,1.477637e-02,0.000000e+00,0.000000e+00,191,3.110070e-05,0,0,0
4499,13,59844,9.235112e-04,5.131517e-03,1.000000e-02,0.000000e+00,0.000000e+00,221,7.757545e-05,0,0,0
4500,11,59855,1.291651e-03,5.378056e-03,1.491785e-02,0.000000e+00,0.000000e+00,172,2.843887e-05,0,0,0
4501,12,59867,8.697306e-04,5.332030e-03,1.060701e-02,0.000000e+00,0.000000e+00,181,4.768372e-06,0,0,0
4502,12,59879,1.302964e-03,5.285311e-03,1.166889e-02,0.000000e+00,0.000000e+00,198,1.361966e-05,0,0,0
4503,17,59896,8.721002e-04,5.200929e-03,1.211012e-02,0.000000e+00,0.000000e+00,211,4.892680e-05,0,0,0
4504,15,59911,1.089291e-03,5.123515e-03,1.089000e-02,0.000000e+00,0.000000e+00,206,2.422929e-05,0,0,0
4505,11,59922,1.165050e-03,4.996120e-03,1.033729e-02,0.000000e+00,0.000000e+00,200,6.447583e-04,0,0,0
4506,16,59938,1.218433e-03,5.219818e-03,1.131910e-02,0.000000e+00,0.000000e+00,170,3.082412e-04,0,0,0
4507,16,59954,9.425725e-04,5.374957e-03,9.165385e-03,0.000000e+00,0.000000e+00,176,1.132190e-04,0,0,0
4508,14,59968,1.128533e-03,5.405350e-03,1.154466e-02,0.000000e+00,0.000000e+00,187,6.137788e-04,0,0,0
4509,10,59978,1.086480e-03,5.287769e-03,1.000000e-02,0.000000e+00,0.000000e+00,192,5.175918e-04,0,0,0
4510,10,59988,1.356942e-03,5.469477e-03,1.327284e-02,0.000000e+00,0.000000e+00,171,1.606196e-04,0,0,0
4511,10,59998,1.064188e-03,5.398635e-03,1.000000e-02,0.000000e+00,0.000000e+00,189,1.773238e-06,0,0,0
HIST {'total_samples': 4997452, 'floor_samples': 0, 'floor_fraction': 0.0, 'saturation_depth': 0.0, 'boundaries': 4512, 'capped_boundaries': 0, 'unfinished_worlds': 0}
4512,16,60014,1.023692e-03,5.412584e-03,1.279414e-02,0.000000e+00,0.000000e+00,203,1.500314e-05,0,0,0
4513,11,60025,9.641802e-04,5.378073e-03,1.000000e-02,0.000000e+00,0.000000e+00,179,1.083314e-05,0,0,0
4514,15,60040,8.134329e-04,5.276978e-03,1.017800e-02,0.000000e+00,0.000000e+00,196,3.284328e-04,0,0,0
4515,11,60051,8.451149e-04,5.169665e-03,1.000000e-02,0.000000e+00,0.000000e+00,197,3.667623e-04,0,0,0
4516,10,60061,1.434903e-03,5.419093e-03,1.113889e-02,0.000000e+00,0.000000e+00,183,7.955281e-04,0,0,0
4517,13,60074,1.180363e-03,5.286117e-03,1.012249e-02,0.000000e+00,0.000000e+00,211,1.514927e-04,0,0,0
4518,12,60086,1.142242e-03,5.556617e-03,1.577309e-02,0.000000e+00,0.000000e+00,164,2.059788e-04,0,0,0
4519,12,60098,9.744375e-04,5.444895e-03,1.120433e-02,0.000000e+00,0.000000e+00,183,1.367033e-04,0,0,0
4520,13,60111,1.226478e-03,5.552533e-03,1.101368e-02,0.000000e+00,0.000000e+00,184,2.575144e-04,0,0,0
4521,11,60122,1.413787e-03,5.438445e-03,1.204753e-02,0.000000e+00,0.000000e+00,201,8.183569e-04,0,0,0
4522,12,60134,9.872518e-04,5.540801e-03,1.131373e-02,0.000000e+00,0.000000e+00,184,9.826571e-05,0,0,0
4523,13,60147,1.275127e-03,5.322056e-03,1.099005e-02,0.000000e+00,0.000000e+00,200,4.093070e-05,0,0,0
4524,14,60161,1.313338e-03,5.537285e-03,1.208906e-02,0.000000e+00,0.000000e+00,185,1.210719e-06,0,0,0
4525,11,60172,1.289680e-03,5.554876e-03,1.204938e-02,0.000000e+00,0.000000e+00,177,6.410480e-05,0,0,0
4526,13,60185,1.147736e-03,5.548977e-03,1.089000e-02,0.000000e+00,0.000000e+00,177,8.890033e-05,0,0,0
4527,15,60200,1.417358e-03,5.614880e-03,1.000000e-02,0.000000e+00,0.000000e+00,177,9.346008e-05,0,0,0
4528,12,60212,1.209547e-03,5.523339e-03,1.216234e-02,0.000000e+00,0.000000e+00,183,5.292296e-04,0,0,0
4529,11,60223,9.833742e-04,5.336418e-03,1.145478e-02,0.000000e+00,0.000000e+00,181,3.119558e-05,0,0,0
4530,10,60233,1.358157e-03,5.555518e-03,1.124044e-02,0.000000e+00,0.000000e+00,167,2.625436e-04,0,0,0
4531,14,60247,8.512967e-04,5.344759e-03,1.000000e-02,0.000000e+00,0.000000e+00,198,1.112297e-04,0,0,0
4532,13,60260,9.296680e-04,5.464103e-03,1.267750e-02,0.000000e+00,0.000000e+00,177,1.121275e-04,0,0,0
4533,13,60273,1.286938e-03,5.344297e-03,1.011823e-02,0.000000e+00,0.000000e+00,192,1.245812e-04,0,0,0
4534,11,60284,1.212966e-03,5.390386e-03,1.317690e-02,0.000000e+00,0.000000e+00,174,5.382299e-05,0,0,0
4535,13,60297,1.053786e-03,5.435341e-03,1.066049e-02,0.000000e+00,0.000000e+00,167,1.600711e-10,0,0,0
4536,11,60308,1.343443e-03,5.532412e-03,1.194926e-02,0.000000e+00,0.000000e+00,172,1.367927e-05,0,0,0
4537,10,60318,1.357444e-03,5.477024e-03,1.000000e-02,0.000000e+00,0.000000e+00,182,4.749671e-04,0,0,0
4538,11,60329,1.714547e-03,5.532701e-03,1.383092e-02,0.000000e+00,0.000000e+00,183,3.199615e-04,0,0,0
4539,11,60340,9.639983e-04,5.403352e-03,1.158552e-02,0.000000e+00,0.000000e+00,181,5.006790e-06,0,0,0
4540,11,60351,1.564302e-03,5.530326e-03,1.290498e-02,0.000000e+00,0.000000e+00,177,3.533438e-05,0,0,0
4541,9,60360,1.555726e-03,5.501119e-03,1.300468e-02,0.000000e+00,0.000000e+00,185,7.473528e-04,0,0,0
4542,10,60370,1.162623e-03,5.529581e-03,1.089000e-02,0.000000e+00,0.000000e+00,183,9.953976e-06,0,0,0
4543,16,60386,8.288069e-04,5.434392e-03,1.011757e-02,0.000000e+00,0.000000e+00,180,3.574789e-05,0,0,0
4544,14,60400,1.181833e-03,5.552585e-03,1.089000e-02,0.000000e+00,0.000000e+00,172,6.140992e-04,0,0,0
4545,12,60412,9.968054e-04,5.459148e-03,1.255289e-02,0.000000e+00,0.000000e+00,192,4.068315e-04,0,0,0
4546,13,60425,1.004867e-03,5.397011e-03,1.042919e-02,0.000000e+00,0.000000e+00,193,5.504489e-04,0,0,0
4547,12,60437,1.265096e-03,5.310965e-03,1.007201e-02,0.000000e+00,0.000000e+00,181,2.190843e-05,0,0,0
4548,14,60451,1.043788e-03,5.369716e-03,1.079312e-02,0.000000e+00,0.000000e+00,195,2.052635e-05,0,0,0
4549,11,60462,1.249240e-03,5.353392e-03,1.000000e-02,0.000000e+00,0.000000e+00,183,7.915497e-05,0,0,0
4550,11,60473,1.595230e-03,5.401930e-03,1.266437e-02,0.000000e+00,0.000000e+00,180,1.042057e-04,0,0,0
4551,14,60487,9.569826e-04,5.312921e-03,1.011697e-02,0.000000e+00,0.000000e+00,173,2.007335e-04,0,0,0
4552,14,60501,1.398493e-03,5.492594e-03,1.250957e-02,0.000000e+00,0.000000e+00,182,0.000000e+00,0,0,0
4553,23,60524,6.823196e-04,5.337004e-03,1.000000e-02,0.000000e+00,0.000000e+00,204,7.804632e-04,0,0,0
4554,17,60541,1.222048e-03,5.274117e-03,1.170731e-02,0.000000e+00,0.000000e+00,191,1.639128e-06,0,0,0
4555,12,60553,1.076814e-03,5.177199e-03,1.197900e-02,0.000000e+00,0.000000e+00,201,1.707878e-04,0,0,0
4556,10,60563,1.091093e-03,5.442782e-03,1.160234e-02,0.000000e+00,0.000000e+00,160,1.743436e-05,0,0,0
4557,13,60576,1.104473e-03,5.196650e-03,1.000000e-02,0.000000e+00,0.000000e+00,202,2.226830e-04,0,0,0
4558,11,60587,1.344620e-03,5.314304e-03,1.077499e-02,0.000000e+00,0.000000e+00,167,3.973767e-05,0,0,0
4559,13,60600,8.743097e-04,5.130036e-03,1.093928e-02,0.000000e+00,0.000000e+00,220,2.037329e-04,0,0,0
HIST {'total_samples': 5047577, 'floor_samples': 0, 'floor_fraction': 0.0, 'saturation_depth': 0.0, 'boundaries': 4560, 'capped_boundaries': 0, 'unfinished_worlds': 0}
4560,13,60613,1.020938e-03,5.238654e-03,1.067216e-02,0.000000e+00,0.000000e+00,170,2.520531e-04,0,0,0
4561,12,60625,8.556772e-04,5.220893e-03,1.173938e-02,0.000000e+00,0.000000e+00,189,2.012849e-04,0,0,0
4562,13,60638,8.676543e-04,5.236855e-03,1.055365e-02,0.000000e+00,0.000000e+00,188,1.547970e-04,0,0,0
4563,12,60650,8.452734e-04,5.298898e-03,1.000000e-02,0.000000e+00,0.000000e+00,175,1.246184e-04,0,0,0
4564,14,60664,1.023487e-03,5.442993e-03,1.243938e-02,0.000000e+00,0.000000e+00,170,2.488028e-06,0,0,0
4565,14,60678,1.123252e-03,5.274537e-03,1.000000e-02,0.000000e+00,0.000000e+00,203,3.143251e-04,0,0,0
4566,14,60692,1.097452e-03,5.397949e-03,1.018950e-02,0.000000e+00,0.000000e+00,177,4.132614e-04,0,0,0
4567,14,60706,7.001209e-04,5.240439e-03,1.000000e-02,0.000000e+00,0.000000e+00,201,1.223832e-04,0,0,0
4568,14,60720,9.363400e-04,5.272701e-03,1.332124e-02,0.000000e+00,0.000000e+00,190,9.071827e-05,0,0,0
4569,13,60733,8.991382e-04,5.220897e-03,9.667200e-03,0.000000e+00,0.000000e+00,192,1.177192e-06,0,0,0
4570,14,60747,8.034636e-04,5.390903e-03,1.226124e-02,0.000000e+00,0.000000e+00,180,3.815889e-04,0,0,0
4571,13,60760,1.111802e-03,5.312085e-03,1.258466e-02,0.000000e+00,0.000000e+00,189,2.162158e-05,0,0,0
4572,14,60774,8.020710e-04,5.375663e-03,1.201696e-02,0.000000e+00,0.000000e+00,186,3.552437e-05,0,0,0
4573,11,60785,1.097606e-03,5.280652e-03,1.034290e-02,0.000000e+00,0.000000e+00,190,6.067902e-04,0,0,0
4574,14,60799,8.150171e-04,5.278468e-03,1.231850e-02,0.000000e+00,0.000000e+00,188,7.778406e-06,0,0,0
4575,11,60810,1.347298e-03,5.466955e-03,1.063398e-02,0.000000e+00,0.000000e+00,159,1.476491e-04,0,0,0
4576,13,60823,1.318992e-03,5.537106e-03,1.173111e-02,0.000000e+00,0.000000e+00,179,3.597233e-08,0,0,0
4577,13,60836,9.984667e-04,5.449343e-03,1.295774e-02,0.000000e+00,0.000000e+00,205,1.455192e-10,0,0,0
4578,10,60846,1.506436e-03,5.459770e-03,1.160291e-02,0.000000e+00,0.000000e+00,184,1.103999e-04,0,0,0
4579,12,60858,1.591477e-03,5.429239e-03,1.439294e-02,0.000000e+00,0.000000e+00,179,1.671128e-04,0,0,0
4580,15,60873,1.160729e-03,5.553269e-03,1.107705e-02,0.000000e+00,0.000000e+00,170,2.818555e-04,0,0,0
4581,13,60886,1.045526e-03,5.382067e-03,1.000000e-02,0.000000e+00,0.000000e+00,206,1.330972e-04,0,0,0
4582,13,60899,1.547897e-03,5.332876e-03,1.033240e-02,0.000000e+00,0.000000e+00,196,8.076429e-06,0,0,0
4583,20,60919,8.307372e-04,5.240130e-03,1.000000e-02,0.000000e+00,0.000000e+00,202,5.930066e-04,0,0,0
4584,14,60933,1.049453e-03,5.492239e-03,1.079505e-02,0.000000e+00,0.000000e+00,181,1.221895e-06,0,0,0
4585,21,60954,9.740117e-04,5.334426e-03,1.000000e-02,0.000000e+00,0.000000e+00,194,2.585351e-05,0,0,0
4586,14,60968,1.037432e-03,5.518000e-03,1.142080e-02,0.000000e+00,0.000000e+00,172,4.917383e-06,0,0,0
4587,14,60982,1.224188e-03,5.359677e-03,1.000000e-02,0.000000e+00,0.000000e+00,200,2.130866e-06,0,0,0
4588,12,60994,1.154393e-03,5.583739e-03,1.109196e-02,0.000000e+00,0.000000e+00,172,2.326071e-04,0,0,0
4589,13,61007,1.284435e-03,5.479023e-03,1.152098e-02,0.000000e+00,0.000000e+00,200,3.612041e-05,0,0,0
4590,13,61020,1.308196e-03,5.421420e-03,1.526596e-02,0.000000e+00,0.000000e+00,182,2.662488e-04,0,0,0
4591,10,61030,1.253874e-03,5.353706e-03,1.000000e-02,0.000000e+00,0.000000e+00,189,1.748949e-04,0,0,0
4592,12,61042,1.573573e-03,5.506068e-03,1.199448e-02,0.000000e+00,0.000000e+00,178,2.741814e-05,0,0,0
4593,10,61052,1.116894e-03,5.366179e-03,1.292729e-02,0.000000e+00,0.000000e+00,195,1.344085e-05,0,0,0
4594,12,61064,9.129681e-04,5.457530e-03,1.586212e-02,0.000000e+00,0.000000e+00,171,2.961606e-05,0,0,0
4595,11,61075,1.508665e-03,5.390176e-03,1.251390e-02,0.000000e+00,0.000000e+00,177,8.556247e-05,0,0,0
4596,11,61086,1.143105e-03,5.532635e-03,1.089000e-02,0.000000e+00,0.000000e+00,163,1.515895e-04,0,0,0
4597,13,61099,1.457629e-03,5.320135e-03,1.000000e-02,0.000000e+00,0.000000e+00,201,7.152557e-07,0,0,0
4598,13,61112,1.317633e-03,5.363382e-03,1.167347e-02,0.000000e+00,0.000000e+00,183,1.578629e-04,0,0,0
4599,12,61124,1.137183e-03,5.208936e-03,1.000000e-02,0.000000e+00,0.000000e+00,201,1.563132e-05,0,0,0
4600,10,61134,1.333760e-03,5.194897e-03,1.089000e-02,0.000000e+00,0.000000e+00,176,1.007318e-05,0,0,0
4601,12,61146,1.093813e-03,5.213963e-03,1.000000e-02,0.000000e+00,0.000000e+00,178,3.916025e-05,0,0,0
4602,11,61157,8.894370e-04,5.493443e-03,1.134651e-02,0.000000e+00,0.000000e+00,169,7.309988e-04,0,0,0
4603,16,61173,1.046459e-03,5.379873e-03,1.381149e-02,0.000000e+00,0.000000e+00,196,1.287833e-04,0,0,0
4604,19,61192,7.134568e-04,5.581758e-03,1.292661e-02,0.000000e+00,0.000000e+00,173,6.152838e-04,0,0,0
4605,14,61206,1.078006e-03,5.391900e-03,1.008875e-02,0.000000e+00,0.000000e+00,199,3.862381e-05,0,0,0
4606,10,61216,1.347453e-03,5.502768e-03,1.263242e-02,0.000000e+00,0.000000e+00,178,2.168119e-05,0,0,0
4607,11,61227,1.330968e-03,5.342417e-03,1.270430e-02,0.000000e+00,0.000000e+00,210,6.668270e-05,0,0,0
HIST {'total_samples': 5097714, 'floor_samples': 0, 'floor_fraction': 0.0, 'saturation_depth': 0.0, 'boundaries': 4608, 'capped_boundaries': 0, 'unfinished_worlds': 0}
4608,13,61240,1.344688e-03,5.382705e-03,1.401502e-02,0.000000e+00,0.000000e+00,182,4.395843e-06,0,0,0
4609,14,61254,1.055407e-03,5.325539e-03,1.209898e-02,0.000000e+00,0.000000e+00,196,5.942434e-04,0,0,0
4610,12,61266,1.279034e-03,5.431944e-03,1.415545e-02,0.000000e+00,0.000000e+00,189,5.364418e-07,0,0,0
4611,13,61279,9.587208e-04,5.348064e-03,1.000000e-02,0.000000e+00,0.000000e+00,172,4.345551e-06,0,0,0
4612,19,61298,8.414239e-04,5.503119e-03,1.296310e-02,0.000000e+00,0.000000e+00,164,7.787347e-05,0,0,0
4613,13,61311,1.498393e-03,5.342341e-03,1.048626e-02,0.000000e+00,0.000000e+00,191,4.190207e-05,0,0,0
4614,14,61325,1.096807e-03,5.412356e-03,1.089000e-02,0.000000e+00,0.000000e+00,190,6.832182e-05,0,0,0
4615,12,61337,7.506097e-04,5.409461e-03,1.000000e-02,0.000000e+00,0.000000e+00,184,1.476966e-04,0,0,0
4616,12,61349,1.199979e-03,5.443030e-03,1.079904e-02,0.000000e+00,0.000000e+00,197,2.670297e-04,0,0,0
4617,12,61361,8.984899e-04,5.268286e-03,1.131922e-02,0.000000e+00,0.000000e+00,205,7.335693e-04,0,0,0
4618,14,61375,9.874532e-04,5.511480e-03,1.179250e-02,0.000000e+00,0.000000e+00,172,2.303720e-05,0,0,0
4619,19,61394,7.722529e-04,5.248222e-03,1.197900e-02,0.000000e+00,0.000000e+00,215,3.933907e-06,0,0,0
4620,12,61406,1.123754e-03,5.296958e-03,1.272649e-02,0.000000e+00,0.000000e+00,189,3.145933e-04,0,0,0
4621,10,61416,1.565770e-03,5.262883e-03,1.000000e-02,0.000000e+00,0.000000e+00,196,3.830492e-04,0,0,0
4622,12,61428,1.484329e-03,5.236309e-03,1.139724e-02,0.000000e+00,0.000000e+00,198,3.259629e-07,0,0,0
4623,15,61443,8.855343e-04,5.418818e-03,1.231640e-02,0.000000e+00,0.000000e+00,160,2.997555e-04,0,0,0
4624,19,61462,8.946672e-04,5.325203e-03,1.239640e-02,0.000000e+00,0.000000e+00,204,2.008304e-04,0,0,0
4625,11,61473,1.380608e-03,5.189213e-03,9.933421e-03,0.000000e+00,0.000000e+00,188,4.217029e-06,0,0,0
4626,11,61484,1.206501e-03,5.420639e-03,1.236750e-02,0.000000e+00,0.000000e+00,175,1.898148e-19,0,0,0
4627,15,61499,8.541683e-04,5.200020e-03,1.080224e-02,0.000000e+00,0.000000e+00,228,7.187203e-04,0,0,0
4628,19,61518,9.205516e-04,5.198402e-03,1.089000e-02,0.000000e+00,0.000000e+00,190,6.494671e-05,0,0,0
4629,13,61531,1.011770e-03,5.120727e-03,1.000000e-02,0.000000e+00,0.000000e+00,199,9.995699e-05,0,0,0
4630,37,61568,4.942226e-04,5.329048e-03,1.317690e-02,0.000000e+00,0.000000e+00,173,3.576279e-07,0,0,0
4631,14,61582,1.209855e-03,5.223242e-03,1.155527e-02,0.000000e+00,0.000000e+00,206,3.198385e-04,0,0,0
4632,13,61595,9.413294e-04,5.468176e-03,1.263830e-02,0.000000e+00,0.000000e+00,171,4.839897e-05,0,0,0
4633,14,61609,1.308785e-03,5.229839e-03,1.000000e-02,0.000000e+00,0.000000e+00,217,1.102686e-05,0,0,0
4634,14,61623,1.031532e-03,5.258512e-03,1.000000e-02,0.000000e+00,0.000000e+00,202,4.951805e-04,0,0,0
4635,12,61635,1.186741e-03,5.168338e-03,1.023105e-02,0.000000e+00,0.000000e+00,202,8.171797e-04,0,0,0
4636,12,61647,1.121877e-03,5.345141e-03,1.054935e-02,0.000000e+00,0.000000e+00,181,1.307577e-05,0,0,0
4637,10,61657,1.004481e-03,5.357545e-03,1.293074e-02,0.000000e+00,0.000000e+00,179,3.224611e-05,0,0,0
4638,17,61674,9.812348e-04,5.457680e-03,1.226303e-02,0.000000e+00,0.000000e+00,186,3.285655e-04,0,0,0
4639,31,61705,4.339815e-04,5.220876e-03,1.000000e-02,0.000000e+00,0.000000e+00,196,1.189969e-04,0,0,0
4640,12,61717,1.133461e-03,5.430318e-03,1.139678e-02,0.000000e+00,0.000000e+00,183,3.722310e-05,0,0,0
4641,12,61729,1.318569e-03,5.442481e-03,1.000000e-02,0.000000e+00,0.000000e+00,183,3.102571e-04,0,0,0
4642,11,61740,9.465624e-04,5.460833e-03,1.226146e-02,0.000000e+00,0.000000e+00,196,1.061559e-04,0,0,0
4643,15,61755,9.116948e-04,5.253601e-03,1.066547e-02,0.000000e+00,0.000000e+00,190,3.066063e-04,0,0,0
4644,12,61767,1.249728e-03,5.346181e-03,1.128046e-02,0.000000e+00,0.000000e+00,182,2.620928e-04,0,0,0
4645,18,61785,1.082630e-03,5.354667e-03,1.197900e-02,0.000000e+00,0.000000e+00,190,2.208054e-04,0,0,0
4646,14,61799,9.234385e-04,5.369155e-03,1.143857e-02,0.000000e+00,0.000000e+00,197,1.454353e-05,0,0,0
4647,21,61820,6.480143e-04,5.332415e-03,1.072403e-02,0.000000e+00,0.000000e+00,189,5.352497e-05,0,0,0
4648,16,61836,1.204934e-03,5.538722e-03,1.216958e-02,0.000000e+00,0.000000e+00,183,4.470348e-07,0,0,0
4649,17,61853,1.006932e-03,5.366636e-03,1.197900e-02,0.000000e+00,0.000000e+00,192,1.991056e-04,0,0,0
4650,13,61866,1.360780e-03,5.297828e-03,1.053098e-02,0.000000e+00,0.000000e+00,184,1.251698e-06,0,0,0
4651,13,61879,1.208156e-03,5.332606e-03,1.000000e-02,0.000000e+00,0.000000e+00,172,5.896986e-04,0,0,0
4652,13,61892,8.863073e-04,5.282217e-03,1.199564e-02,0.000000e+00,0.000000e+00,190,2.243025e-04,0,0,0
4653,10,61902,1.090601e-03,5.367224e-03,1.319520e-02,0.000000e+00,0.000000e+00,170,6.301701e-05,0,0,0
4654,17,61919,6.871363e-04,5.412474e-03,1.501218e-02,0.000000e+00,0.000000e+00,185,2.153218e-06,0,0,0
4655,14,61933,1.208361e-03,5.320182e-03,1.557649e-02,0.000000e+00,0.000000e+00,202,6.475747e-04,0,0,0
HIST {'total_samples': 5148666, 'floor_samples': 0, 'floor_fraction': 0.0, 'saturation_depth': 0.0, 'boundaries': 4656, 'capped_boundaries': 0, 'unfinished_worlds': 0}
4656,12,61945,1.253508e-03,5.507492e-03,1.728876e-02,0.000000e+00,0.000000e+00,180,2.822876e-04,0,0,0
4657,10,61955,1.175556e-03,5.387380e-03,1.000000e-02,0.000000e+00,0.000000e+00,169,2.974272e-05,0,0,0
4658,10,61965,1.337894e-03,5.533575e-03,1.169765e-02,0.000000e+00,0.000000e+00,164,7.748604e-07,0,0,0
4659,10,61975,1.243088e-03,5.431082e-03,1.065651e-02,0.000000e+00,0.000000e+00,195,5.515665e-05,0,0,0
4660,12,61987,1.342637e-03,5.588152e-03,1.273178e-02,0.000000e+00,0.000000e+00,178,5.543232e-06,0,0,0
4661,18,62005,1.149292e-03,5.481092e-03,1.000000e-02,0.000000e+00,0.000000e+00,193,1.964867e-04,0,0,0
4662,17,62022,8.065023e-04,5.426700e-03,1.089000e-02,0.000000e+00,0.000000e+00,182,1.039729e-05,0,0,0
4663,11,62033,1.463462e-03,5.388706e-03,1.021958e-02,0.000000e+00,0.000000e+00,185,8.046627e-05,0,0,0
4664,12,62045,1.419131e-03,5.481190e-03,1.317690e-02,0.000000e+00,0.000000e+00,174,6.381497e-04,0,0,0
4665,14,62059,1.132498e-03,5.431483e-03,1.236569e-02,0.000000e+00,0.000000e+00,190,5.573034e-06,0,0,0
4666,11,62070,1.300740e-03,5.350231e-03,1.317690e-02,0.000000e+00,0.000000e+00,202,8.246303e-05,0,0,0
4667,14,62084,9.978818e-04,5.140638e-03,9.903026e-03,0.000000e+00,0.000000e+00,203,5.922536e-04,0,0,0
4668,15,62099,8.470755e-04,5.365128e-03,1.021450e-02,0.000000e+00,0.000000e+00,167,2.684304e-06,0,0,0
4669,16,62115,8.145384e-04,5.376195e-03,1.199630e-02,0.000000e+00,0.000000e+00,183,2.285242e-04,0,0,0
4670,12,62127,1.443005e-03,5.446652e-03,1.053309e-02,0.000000e+00,0.000000e+00,191,1.116125e-04,0,0,0
4671,13,62140,9.077790e-04,5.276993e-03,1.067140e-02,0.000000e+00,0.000000e+00,198,1.372099e-04,0,0,0
4672,12,62152,1.304740e-03,5.347033e-03,1.144848e-02,0.000000e+00,0.000000e+00,184,2.239347e-04,0,0,0
4673,11,62163,1.249191e-03,5.215622e-03,1.000000e-02,0.000000e+00,0.000000e+00,212,1.321658e-04,0,0,0
4674,11,62174,1.224417e-03,5.363415e-03,1.196169e-02,0.000000e+00,0.000000e+00,179,1.710355e-04,0,0,0
4675,12,62186,1.348210e-03,5.336327e-03,1.000000e-02,0.000000e+00,0.000000e+00,173,9.953976e-06,0,0,0
4676,12,62198,1.279846e-03,5.336644e-03,1.202961e-02,0.000000e+00,0.000000e+00,174,3.993660e-04,0,0,0
4677,12,62210,6.897462e-04,5.311526e-03,1.000000e-02,0.000000e+00,0.000000e+00,175,7.972121e-06,0,0,0
4678,13,62223,6.898586e-04,5.321522e-03,1.257936e-02,0.000000e+00,0.000000e+00,185,2.118945e-05,0,0,0
4679,18,62241,8.518297e-04,5.240963e-03,1.000000e-02,0.000000e+00,0.000000e+00,188,2.659857e-06,0,0,0
4680,12,62253,1.275706e-03,5.318165e-03,1.180547e-02,0.000000e+00,0.000000e+00,197,2.082661e-04,0,0,0
4681,16,62269,9.201523e-04,5.201990e-03,1.000000e-02,0.000000e+00,0.000000e+00,210,1.341105e-05,0,0,0
4682,15,62284,7.475559e-04,5.162929e-03,1.244848e-02,0.000000e+00,0.000000e+00,202,6.688386e-04,0,0,0
4683,16,62300,7.895016e-04,5.154387e-03,1.000000e-02,0.000000e+00,0.000000e+00,192,1.152158e-04,0,0,0
4684,14,62314,1.051286e-03,5.253757e-03,1.105591e-02,0.000000e+00,0.000000e+00,185,5.960464e-06,0,0,0
4685,14,62328,7.930839e-04,5.150628e-03,1.000000e-02,0.000000e+00,0.000000e+00,199,6.014109e-05,0,0,0
4686,12,62340,1.116171e-03,5.282191e-03,1.201853e-02,0.000000e+00,0.000000e+00,181,7.599592e-05,0,0,0
4687,20,62360,7.040715e-04,5.128331e-03,1.126552e-02,0.000000e+00,0.000000e+00,190,6.076097e-04,0,0,0
4688,16,62376,8.651792e-04,5.408513e-03,1.317690e-02,0.000000e+00,0.000000e+00,184,1.177080e-04,0,0,0
4689,14,62390,9.945566e-04,5.308797e-03,1.017452e-02,0.000000e+00,0.000000e+00,196,9.572878e-05,0,0,0
4690,14,62404,8.448933e-04,5.355365e-03,1.278798e-02,0.000000e+00,0.000000e+00,176,3.651157e-04,0,0,0
4691,14,62418,1.022111e-03,5.237087e-03,1.008806e-02,0.000000e+00,0.000000e+00,191,1.162142e-04,0,0,0
4692,15,62433,1.447985e-03,5.427581e-03,1.089000e-02,0.000000e+00,0.000000e+00,169,1.631677e-06,0,0,0
4693,13,62446,9.937930e-04,5.398181e-03,1.071345e-02,0.000000e+00,0.000000e+00,185,4.324317e-05,0,0,0
4694,11,62457,1.160135e-03,5.510793e-03,1.258793e-02,0.000000e+00,0.000000e+00,183,5.181094e-04,0,0,0
4695,13,62470,1.190206e-03,5.261484e-03,1.000000e-02,0.000000e+00,0.000000e+00,211,6.530655e-05,0,0,0
4696,10,62480,1.641667e-03,5.404861e-03,1.197900e-02,0.000000e+00,0.000000e+00,183,3.159046e-06,0,0,0
4697,12,62492,1.169945e-03,5.417613e-03,1.000000e-02,0.000000e+00,0.000000e+00,177,1.081172e-05,0,0,0
4698,13,62505,1.301106e-03,5.547290e-03,1.054974e-02,0.000000e+00,0.000000e+00,180,1.339018e-04,0,0,0
4699,10,62515,1.520904e-03,5.344448e-03,1.000000e-02,0.000000e+00,0.000000e+00,199,2.819002e-04,0,0,0
4700,17,62532,8.568018e-04,5.538282e-03,1.013148e-02,0.000000e+00,0.000000e+00,166,2.781376e-04,0,0,0
4701,11,62543,1.140403e-03,5.393865e-03,9.853190e-03,0.000000e+00,0.000000e+00,183,2.453625e-04,0,0,0
4702,12,62555,1.423250e-03,5.449600e-03,1.062289e-02,0.000000e+00,0.000000e+00,185,2.857745e-04,0,0,0
4703,13,62568,1.075979e-03,5.338832e-03,9.572285e-03,0.000000e+00,0.000000e+00,192,6.593615e-04,0,0,0
HIST {'total_samples': 5199246, 'floor_samples': 0, 'floor_fraction': 0.0, 'saturation_depth': 0.0, 'boundaries': 4704, 'capped_boundaries': 0, 'unfinished_worlds': 0}
4704,11,62579,9.747503e-04,5.400072e-03,1.235440e-02,0.000000e+00,0.000000e+00,192,3.489340e-05,0,0,0
4705,15,62594,9.261186e-04,5.263628e-03,1.372808e-02,0.000000e+00,0.000000e+00,195,1.088530e-05,0,0,0
4706,12,62606,1.263204e-03,5.407580e-03,1.293580e-02,0.000000e+00,0.000000e+00,199,3.136694e-06,0,0,0
4707,12,62618,1.285952e-03,5.330901e-03,1.217228e-02,0.000000e+00,0.000000e+00,192,5.474687e-04,0,0,0
4708,12,62630,1.141969e-03,5.400957e-03,1.061921e-02,0.000000e+00,0.000000e+00,176,9.536743e-07,0,0,0
4709,13,62643,8.638958e-04,5.315759e-03,1.144326e-02,0.000000e+00,0.000000e+00,184,4.443601e-04,0,0,0
4710,12,62655,1.467953e-03,5.463242e-03,1.284924e-02,0.000000e+00,0.000000e+00,173,2.848580e-04,0,0,0
4711,12,62667,9.400413e-04,5.226284e-03,1.305585e-02,0.000000e+00,0.000000e+00,196,4.101694e-04,0,0,0
4712,9,62676,1.579552e-03,5.433228e-03,1.220613e-02,0.000000e+00,0.000000e+00,167,6.615743e-05,0,0,0
4713,16,62692,1.013206e-03,5.248886e-03,1.036498e-02,0.000000e+00,0.000000e+00,208,1.512468e-06,0,0,0
4714,11,62703,1.224770e-03,5.360084e-03,1.186367e-02,0.000000e+00,0.000000e+00,187,3.695488e-06,0,0,0
4715,12,62715,1.140177e-03,5.375289e-03,1.060723e-02,0.000000e+00,0.000000e+00,177,1.129929e-20,0,0,0
4716,11,62726,1.781265e-03,5.468542e-03,1.350049e-02,0.000000e+00,0.000000e+00,176,3.682077e-05,0,0,0
4717,15,62741,9.620943e-04,5.323707e-03,1.000000e-02,0.000000e+00,0.000000e+00,194,1.933426e-05,0,0,0
4718,16,62757,1.043765e-03,5.291379e-03,1.080315e-02,0.000000e+00,0.000000e+00,206,1.930892e-04,0,0,0
4719,13,62770,9.483892e-04,5.186884e-03,9.618544e-03,0.000000e+00,0.000000e+00,222,5.759150e-04,0,0,0
4720,15,62785,1.142815e-03,5.321738e-03,1.216911e-02,0.000000e+00,0.000000e+00,175,1.816005e-04,0,0,0
4721,15,62800,8.571663e-04,5.255752e-03,1.202371e-02,0.000000e+00,0.000000e+00,203,3.403425e-05,0,0,0
4722,13,62813,9.881096e-04,5.326209e-03,1.317690e-02,0.000000e+00,0.000000e+00,207,5.313754e-05,0,0,0
4723,18,62831,1.080847e-03,5.280957e-03,9.877650e-03,0.000000e+00,0.000000e+00,201,9.859993e-21,0,0,0
4724,16,62847,9.072136e-04,5.463947e-03,1.154544e-02,0.000000e+00,0.000000e+00,182,5.468726e-06,0,0,0
4725,13,62860,8.724558e-04,5.404981e-03,1.028429e-02,0.000000e+00,0.000000e+00,192,5.691471e-04,0,0,0
4726,13,62873,1.074111e-03,5.595739e-03,1.188133e-02,0.000000e+00,0.000000e+00,189,1.639128e-06,0,0,0
4727,15,62888,1.000626e-03,5.402523e-03,1.038386e-02,0.000000e+00,0.000000e+00,215,6.997585e-05,0,0,0
4728,10,62898,1.124206e-03,5.580262e-03,1.189165e-02,0.000000e+00,0.000000e+00,170,4.590228e-04,0,0,0
4729,12,62910,1.479791e-03,5.477746e-03,1.259154e-02,0.000000e+00,0.000000e+00,205,1.142025e-04,0,0,0
4730,13,62923,1.265403e-03,5.534818e-03,1.134942e-02,0.000000e+00,0.000000e+00,165,5.431473e-05,0,0,0
4731,14,62937,1.425554e-03,5.400058e-03,1.054135e-02,0.000000e+00,0.000000e+00,200,5.159974e-04,0,0,0
4732,13,62950,9.549183e-04,5.508243e-03,1.263678e-02,0.000000e+00,0.000000e+00,174,3.576279e-07,0,0,0
4733,15,62965,1.015087e-03,5.344631e-03,1.000000e-02,0.000000e+00,0.000000e+00,189,3.174543e-04,0,0,0
4734,18,62983,9.087791e-04,5.570898e-03,1.317690e-02,0.000000e+00,0.000000e+00,174,6.056391e-05,0,0,0
4735,13,62996,7.824602e-04,5.493690e-03,1.261814e-02,0.000000e+00,0.000000e+00,190,4.473329e-05,0,0,0
4736,17,63013,7.012517e-04,5.454130e-03,1.327022e-02,0.000000e+00,0.000000e+00,208,5.313754e-05,0,0,0
4737,14,63027,1.021553e-03,5.319378e-03,1.201732e-02,0.000000e+00,0.000000e+00,200,4.802644e-05,0,0,0
4738,19,63046,9.215318e-04,5.281746e-03,1.320997e-02,0.000000e+00,0.000000e+00,202,3.741682e-05,0,0,0
4739,14,63060,1.138338e-03,5.274825e-03,1.488437e-02,0.000000e+00,0.000000e+00,188,1.707198e-04,0,0,0
4740,16,63076,9.473482e-04,5.425005e-03,1.155780e-02,0.000000e+00,0.000000e+00,195,1.950711e-04,0,0,0
4741,14,63090,1.009159e-03,5.199301e-03,1.000000e-02,0.000000e+00,0.000000e+00,214,3.941953e-04,0,0,0
4742,16,63106,1.058602e-03,5.388970e-03,1.591776e-02,0.000000e+00,0.000000e+00,176,2.977680e-04,0,0,0
4743,15,63121,7.318256e-04,5.239898e-03,1.000000e-02,0.000000e+00,0.000000e+00,194,3.833100e-04,0,0,0
4744,11,63132,1.267691e-03,5.325877e-03,1.643144e-02,0.000000e+00,0.000000e+00,184,1.478195e-05,0,0,0
4745,12,63144,1.057862e-03,5.277210e-03,1.597656e-02,0.000000e+00,0.000000e+00,192,1.437552e-04,0,0,0
4746,10,63154,1.187528e-03,5.311405e-03,1.141698e-02,0.000000e+00,0.000000e+00,182,4.740804e-05,0,0,0
4747,11,63165,1.275949e-03,5.193443e-03,9.895671e-03,0.000000e+00,0.000000e+00,201,6.087124e-06,0,0,0
4748,10,63175,9.126623e-04,5.235076e-03,1.098326e-02,0.000000e+00,0.000000e+00,177,2.624001e-05,0,0,0
4749,13,63188,1.178079e-03,5.210375e-03,1.000000e-02,0.000000e+00,0.000000e+00,194,7.656217e-05,0,0,0
4750,19,63207,7.297940e-04,5.300100e-03,1.317690e-02,0.000000e+00,0.000000e+00,199,2.960861e-04,0,0,0
4751,12,63219,1.163587e-03,5.158716e-03,1.009739e-02,0.000000e+00,0.000000e+00,189,4.673824e-04,0,0,0
HIST {'total_samples': 5250224, 'floor_samples': 0, 'floor_fraction': 0.0, 'saturation_depth': 0.0, 'boundaries': 4752, 'capped_boundaries': 0, 'unfinished_worlds': 0}
4752,12,63231,6.628102e-04,5.319412e-03,1.105002e-02,0.000000e+00,0.000000e+00,176,1.227595e-04,0,0,0
4753,12,63243,1.360853e-03,5.275412e-03,1.000000e-02,0.000000e+00,0.000000e+00,199,4.316568e-04,0,0,0
4754,15,63258,7.978730e-04,5.236837e-03,1.089000e-02,0.000000e+00,0.000000e+00,200,1.949370e-04,0,0,0
4755,12,63270,1.302426e-03,5.198937e-03,1.000000e-02,0.000000e+00,0.000000e+00,182,8.060411e-05,0,0,0
4756,12,63282,1.207885e-03,5.475882e-03,1.342570e-02,0.000000e+00,0.000000e+00,181,1.240522e-06,0,0,0
4757,16,63298,7.104794e-04,5.367978e-03,1.650921e-02,0.000000e+00,0.000000e+00,188,5.380064e-05,0,0,0
4758,11,63309,1.085970e-03,5.436951e-03,1.317690e-02,0.000000e+00,0.000000e+00,160,1.521707e-04,0,0,0
4759,13,63322,1.384147e-03,5.339280e-03,1.000000e-02,0.000000e+00,0.000000e+00,186,7.422874e-05,0,0,0
4760,12,63334,1.049342e-03,5.322459e-03,1.096968e-02,0.000000e+00,0.000000e+00,202,2.324581e-06,0,0,0
4761,14,63348,1.314504e-03,5.268159e-03,1.115605e-02,0.000000e+00,0.000000e+00,190,9.546056e-08,0,0,0
4762,18,63366,1.256218e-03,5.506475e-03,1.264639e-02,0.000000e+00,0.000000e+00,172,9.283423e-05,0,0,0
4763,15,63381,8.518915e-04,5.146842e-03,1.232503e-02,0.000000e+00,0.000000e+00,243,1.189560e-04,0,0,0
4764,16,63397,9.482849e-04,5.148800e-03,1.419054e-02,0.000000e+00,0.000000e+00,193,3.093481e-04,0,0,0
4765,13,63410,1.029100e-03,5.098333e-03,1.214034e-02,0.000000e+00,0.000000e+00,204,1.478195e-05,0,0,0
4766,13,63423,9.660196e-04,5.218500e-03,1.154118e-02,0.000000e+00,0.000000e+00,173,6.312877e-04,0,0,0
4767,17,63440,9.513143e-04,5.185083e-03,1.154019e-02,0.000000e+00,0.000000e+00,191,8.171946e-04,0,0,0
4768,19,63459,9.090026e-04,5.291818e-03,1.119544e-02,0.000000e+00,0.000000e+00,184,6.866455e-05,0,0,0
4769,12,63471,8.620012e-04,5.151209e-03,1.105629e-02,0.000000e+00,0.000000e+00,192,1.696646e-04,0,0,0
4770,13,63484,1.148213e-03,5.263039e-03,1.350411e-02,0.000000e+00,0.000000e+00,191,1.193956e-06,0,0,0
4771,14,63498,1.218641e-03,5.194473e-03,1.103464e-02,0.000000e+00,0.000000e+00,200,6.505474e-05,0,0,0
4772,13,63511,1.032395e-03,5.265878e-03,1.089000e-02,0.000000e+00,0.000000e+00,182,3.159046e-06,0,0,0
4773,10,63521,1.754944e-03,5.270781e-03,1.197900e-02,0.000000e+00,0.000000e+00,184,2.677441e-04,0,0,0
4774,18,63539,7.557564e-04,5.401813e-03,1.317690e-02,0.000000e+00,0.000000e+00,184,5.340576e-04,0,0,0
4775,13,63552,1.032579e-03,5.368222e-03,1.308172e-02,0.000000e+00,0.000000e+00,200,6.034970e-06,0,0,0
4776,14,63566,9.309312e-04,5.254254e-03,1.000000e-02,0.000000e+00,0.000000e+00,184,5.550459e-04,0,0,0
4777,15,63581,9.033777e-04,5.250821e-03,9.979737e-03,0.000000e+00,0.000000e+00,178,9.775162e-05,0,0,0
4778,13,63594,6.983982e-04,5.255059e-03,1.009186e-02,0.000000e+00,0.000000e+00,188,6.775372e-04,0,0,0
4779,14,63608,8.746145e-04,5.156107e-03,1.053572e-02,0.000000e+00,0.000000e+00,215,6.617978e-06,0,0,0
4780,14,63622,1.364859e-03,5.298833e-03,1.334082e-02,0.000000e+00,0.000000e+00,185,2.226979e-05,0,0,0
4781,14,63636,1.405888e-03,5.308008e-03,1.000000e-02,0.000000e+00,0.000000e+00,180,3.518909e-05,0,0,0
4782,10,63646,1.240029e-03,5.331169e-03,1.315020e-02,0.000000e+00,0.000000e+00,204,1.171622e-04,0,0,0
4783,11,63657,1.061637e-03,5.240107e-03,1.348926e-02,0.000000e+00,0.000000e+00,196,1.807585e-04,0,0,0
4784,12,63669,1.703118e-03,5.387402e-03,1.233922e-02,0.000000e+00,0.000000e+00,170,9.649433e-06,0,0,0
4785,16,63685,9.113450e-04,5.267465e-03,1.042100e-02,0.000000e+00,0.000000e+00,184,3.865957e-04,0,0,0
4786,12,63697,9.381218e-04,5.368185e-03,1.046718e-02,0.000000e+00,0.000000e+00,175,2.293289e-04,0,0,0
4787,12,63709,1.163072e-03,5.262854e-03,1.000000e-02,0.000000e+00,0.000000e+00,199,8.560717e-06,0,0,0
4788,10,63719,1.414224e-03,5.383320e-03,1.111922e-02,0.000000e+00,0.000000e+00,177,3.064573e-04,0,0,0
4789,12,63731,1.070357e-03,5.429008e-03,1.000000e-02,0.000000e+00,0.000000e+00,173,5.589258e-04,0,0,0
4790,14,63745,1.239466e-03,5.351223e-03,1.054172e-02,0.000000e+00,0.000000e+00,171,5.285442e-05,0,0,0
4791,13,63758,1.043893e-03,5.203277e-03,1.149757e-02,0.000000e+00,0.000000e+00,192,3.628284e-04,0,0,0
4792,14,63772,9.887475e-04,5.279691e-03,1.246986e-02,0.000000e+00,0.000000e+00,182,5.696807e-04,0,0,0
4793,11,63783,1.288425e-03,5.231392e-03,1.207132e-02,0.000000e+00,0.000000e+00,187,2.468862e-04,0,0,0
4794,9,63792,1.584752e-03,5.416184e-03,1.065664e-02,0.000000e+00,0.000000e+00,164,4.049987e-04,0,0,0
4795,9,63801,8.839723e-04,5.295961e-03,1.108699e-02,0.000000e+00,0.000000e+00,201,1.086593e-04,0,0,0
4796,9,63810,1.339952e-03,5.521945e-03,1.256050e-02,0.000000e+00,0.000000e+00,165,2.684891e-04,0,0,0
4797,12,63822,1.037290e-03,5.529589e-03,1.134497e-02,0.000000e+00,0.000000e+00,181,1.142919e-04,0,0,0
4798,14,63836,1.003897e-03,5.548311e-03,1.280226e-02,0.000000e+00,0.000000e+00,188,3.854558e-04,0,0,0
4799,10,63846,1.261239e-03,5.373695e-03,1.091919e-02,0.000000e+00,0.000000e+00,204,3.792346e-05,0,0,0
HIST {'total_samples': 5301050, 'floor_samples': 0, 'floor_fraction': 0.0, 'saturation_depth': 0.0, 'boundaries': 4800, 'capped_boundaries': 0, 'unfinished_worlds': 0}
4800,10,63856,1.545375e-03,5.469660e-03,1.211322e-02,0.000000e+00,0.000000e+00,168,2.560914e-04,0,0,0
4801,14,63870,7.247866e-04,5.425795e-03,1.000000e-02,0.000000e+00,0.000000e+00,181,8.126721e-05,0,0,0
4802,14,63884,9.831274e-04,5.250786e-03,1.094447e-02,0.000000e+00,0.000000e+00,202,1.936257e-04,0,0,0
4803,11,63895,1.309074e-03,5.331327e-03,1.000000e-02,0.000000e+00,0.000000e+00,181,3.646910e-04,0,0,0
4804,10,63905,1.678396e-03,5.318853e-03,1.231128e-02,0.000000e+00,0.000000e+00,185,1.007318e-05,0,0,0
4805,12,63917,9.650566e-04,5.255596e-03,1.093221e-02,0.000000e+00,0.000000e+00,187,9.596348e-06,0,0,0
4806,12,63929,1.164207e-03,5.491967e-03,1.272725e-02,0.000000e+00,0.000000e+00,172,2.741516e-04,0,0,0
4807,11,63940,9.955216e-04,5.437535e-03,1.159819e-02,0.000000e+00,0.000000e+00,176,8.644387e-04,0,0,0
4808,13,63953,9.684970e-04,5.555145e-03,1.022501e-02,0.000000e+00,0.000000e+00,174,3.468990e-05,0,0,0
4809,11,63964,1.302766e-03,5.336301e-03,1.041439e-02,0.000000e+00,0.000000e+00,208,3.555417e-05,0,0,0
4810,12,63976,1.115881e-03,5.407410e-03,1.154507e-02,0.000000e+00,0.000000e+00,178,3.235042e-05,0,0,0
4811,9,63985,1.778682e-03,5.408267e-03,1.000000e-02,0.000000e+00,0.000000e+00,167,7.857475e-05,0,0,0
4812,10,63995,1.301663e-03,5.557635e-03,1.449459e-02,0.000000e+00,0.000000e+00,174,1.188263e-05,0,0,0
4813,12,64007,9.053315e-04,5.504387e-03,1.240818e-02,0.000000e+00,0.000000e+00,171,2.303347e-05,0,0,0
4814,10,64017,1.080032e-03,5.627227e-03,1.045971e-02,0.000000e+00,0.000000e+00,168,1.485371e-04,0,0,0
4815,11,64028,1.375112e-03,5.570574e-03,1.024188e-02,0.000000e+00,0.000000e+00,185,1.916587e-04,0,0,0
4816,14,64042,1.018979e-03,5.498063e-03,1.006123e-02,0.000000e+00,0.000000e+00,196,1.646578e-04,0,0,0
4817,13,64055,1.363517e-03,5.410293e-03,1.000000e-02,0.000000e+00,0.000000e+00,186,1.299605e-04,0,0,0
4818,12,64067,1.308512e-03,5.522192e-03,1.133020e-02,0.000000e+00,0.000000e+00,193,4.423782e-06,0,0,0
4819,13,64080,9.652030e-04,5.335828e-03,1.113561e-02,0.000000e+00,0.000000e+00,189,5.233199e-04,0,0,0
4820,12,64092,1.000196e-03,5.360030e-03,1.224917e-02,0.000000e+00,0.000000e+00,185,2.443865e-04,0,0,0
4821,11,64103,1.360125e-03,5.275930e-03,1.000000e-02,0.000000e+00,0.000000e+00,178,3.166497e-06,0,0,0
4822,14,64117,1.379558e-03,5.437661e-03,1.147869e-02,0.000000e+00,0.000000e+00,168,6.854534e-07,0,0,0
4823,14,64131,1.342128e-03,5.378707e-03,1.075865e-02,0.000000e+00,0.000000e+00,191,1.720786e-04,0,0,0
4824,14,64145,1.194570e-03,5.471881e-03,1.479451e-02,0.000000e+00,0.000000e+00,195,1.799837e-04,0,0,0
4825,15,64160,9.321872e-04,5.359455e-03,1.206987e-02,0.000000e+00,0.000000e+00,186,7.254556e-04,0,0,0
4826,15,64175,9.323189e-04,5.423829e-03,1.229234e-02,0.000000e+00,0.000000e+00,177,5.980581e-05,0,0,0
4827,12,64187,1.200658e-03,5.233530e-03,1.000000e-02,0.000000e+00,0.000000e+00,197,1.613125e-04,0,0,0
4828,12,64199,1.223631e-03,5.420285e-03,1.197900e-02,0.000000e+00,0.000000e+00,178,2.524108e-04,0,0,0
4829,14,64213,1.461084e-03,5.321246e-03,1.000000e-02,0.000000e+00,0.000000e+00,178,8.568168e-05,0,0,0
4830,11,64224,1.562916e-03,5.355568e-03,1.101662e-02,0.000000e+00,0.000000e+00,183,1.830207e-04,0,0,0
4831,11,64235,1.410777e-03,5.214613e-03,1.000000e-02,0.000000e+00,0.000000e+00,196,3.264463e-04,0,0,0
4832,14,64249,1.140203e-03,5.189472e-03,1.027630e-02,0.000000e+00,0.000000e+00,185,8.067489e-05,0,0,0
4833,15,64264,9.509466e-04,5.172576e-03,1.045395e-02,0.000000e+00,0.000000e+00,194,3.635883e-06,0,0,0
4834,15,64279,1.264547e-03,5.383824e-03,1.319559e-02,0.000000e+00,0.000000e+00,175,1.245216e-04,0,0,0
4835,13,64292,1.319981e-03,5.289045e-03,1.000000e-02,0.000000e+00,0.000000e+00,185,1.320988e-05,0,0,0
4836,11,64303,1.446057e-03,5.335129e-03,1.285467e-02,0.000000e+00,0.000000e+00,185,6.507970e-04,0,0,0
4837,13,64316,1.180796e-03,5.188616e-03,1.027257e-02,0.000000e+00,0.000000e+00,206,4.299283e-04,0,0,0
4838,18,64334,1.005433e-03,5.376536e-03,1.176787e-02,0.000000e+00,0.000000e+00,167,1.307875e-04,0,0,0
4839,11,64345,1.157433e-03,5.171859e-03,1.121927e-02,0.000000e+00,0.000000e+00,210,5.320273e-05,0,0,0
4840,13,64358,1.240120e-03,5.270784e-03,1.033194e-02,0.000000e+00,0.000000e+00,185,9.596348e-06,0,0,0
4841,15,64373,1.057906e-03,5.163911e-03,1.015163e-02,0.000000e+00,0.000000e+00,184,4.723668e-04,0,0,0
4842,16,64389,9.071702e-04,5.160590e-03,1.089000e-02,0.000000e+00,0.000000e+00,204,5.783979e-04,0,0,0
4843,13,64402,1.078797e-03,5.304586e-03,1.017210e-02,0.000000e+00,0.000000e+00,175,2.950430e-05,0,0,0
4844,12,64414,1.532848e-03,5.273825e-03,1.252049e-02,0.000000e+00,0.000000e+00,168,1.391768e-05,0,0,0
4845,17,64431,1.196759e-03,5.263701e-03,1.000000e-02,0.000000e+00,0.000000e+00,195,1.219213e-04,0,0,0
4846,16,64447,1.266650e-03,5.173521e-03,1.013283e-02,0.000000e+00,0.000000e+00,204,5.686283e-05,0,0,0
4847,17,64464,9.757322e-04,5.185635e-03,1.027377e-02,0.000000e+00,0.000000e+00,193,3.060400e-04,0,0,0
HIST {'total_samples': 5351186, 'floor_samples': 0, 'floor_fraction': 0.0, 'saturation_depth': 0.0, 'boundaries': 4848, 'capped_boundaries': 0, 'unfinished_worlds': 0}
4848,16,64480,1.174588e-03,5.199403e-03,1.188983e-02,0.000000e+00,0.000000e+00,196,1.320243e-04,0,0,0
4849,11,64491,1.310678e-03,5.171546e-03,9.390346e-03,0.000000e+00,0.000000e+00,173,4.157424e-05,0,0,0
4850,10,64501,1.462543e-03,5.274665e-03,1.128007e-02,0.000000e+00,0.000000e+00,180,1.232326e-04,0,0,0
4851,11,64512,1.469935e-03,5.286407e-03,1.000000e-02,0.000000e+00,0.000000e+00,177,5.582813e-06,0,0,0
4852,14,64526,8.207402e-04,5.322250e-03,1.153254e-02,0.000000e+00,0.000000e+00,180,5.291053e-04,0,0,0
4853,14,64540,1.178163e-03,5.237922e-03,1.000000e-02,0.000000e+00,0.000000e+00,188,4.550070e-04,0,0,0
4854,15,64555,1.053036e-03,5.315189e-03,1.105455e-02,0.000000e+00,0.000000e+00,178,1.652613e-04,0,0,0
4855,9,64564,1.118446e-03,5.489181e-03,1.042443e-02,0.000000e+00,0.000000e+00,167,3.446788e-04,0,0,0
4856,17,64581,9.015196e-04,5.500975e-03,1.134833e-02,0.000000e+00,0.000000e+00,191,1.078099e-05,0,0,0
4857,13,64594,1.216978e-03,5.277518e-03,1.094665e-02,0.000000e+00,0.000000e+00,198,5.299250e-20,0,0,0
4858,15,64609,7.016482e-04,5.528039e-03,1.101519e-02,0.000000e+00,0.000000e+00,177,1.818845e-04,0,0,0
4859,11,64620,1.427042e-03,5.346536e-03,1.125470e-02,0.000000e+00,0.000000e+00,199,9.335205e-05,0,0,0
4860,14,64634,8.336877e-04,5.363863e-03,1.207568e-02,0.000000e+00,0.000000e+00,200,2.667326e-04,0,0,0
4861,11,64645,1.286526e-03,5.158017e-03,1.000000e-02,0.000000e+00,0.000000e+00,192,1.215935e-04,0,0,0
4862,13,64658,9.916801e-04,5.223961e-03,1.331082e-02,0.000000e+00,0.000000e+00,192,5.170703e-06,0,0,0
4863,10,64668,1.221845e-03,5.099723e-03,1.000000e-02,0.000000e+00,0.000000e+00,192,1.537800e-04,0,0,0
4864,12,64680,9.709103e-04,5.282755e-03,1.317690e-02,0.000000e+00,0.000000e+00,184,5.413592e-05,0,0,0
4865,9,64689,1.130946e-03,5.137842e-03,9.371012e-03,0.000000e+00,0.000000e+00,200,3.182092e-04,0,0,0
4866,10,64699,1.392515e-03,5.242211e-03,1.080209e-02,0.000000e+00,0.000000e+00,175,1.268205e-04,0,0,0
4867,14,64713,1.423456e-03,5.191235e-03,1.000000e-02,0.000000e+00,0.000000e+00,203,4.179776e-06,0,0,0
4868,12,64725,1.128503e-03,5.258465e-03,9.968455e-03,0.000000e+00,0.000000e+00,197,3.386959e-04,0,0,0
4869,11,64736,8.616745e-04,5.072760e-03,9.933613e-03,0.000000e+00,0.000000e+00,185,8.527935e-05,0,0,0
4870,14,64750,1.180793e-03,5.188790e-03,1.135732e-02,0.000000e+00,0.000000e+00,209,4.626056e-04,0,0,0
4871,15,64765,6.326567e-04,5.170589e-03,1.252659e-02,0.000000e+00,0.000000e+00,201,1.095235e-05,0,0,0
4872,12,64777,7.519463e-04,5.311256e-03,1.091959e-02,0.000000e+00,0.000000e+00,162,3.143698e-04,0,0,0
4873,13,64790,1.632388e-03,5.210786e-03,1.000000e-02,0.000000e+00,0.000000e+00,194,8.694828e-05,0,0,0
4874,10,64800,1.486173e-03,5.271067e-03,1.219636e-02,0.000000e+00,0.000000e+00,169,2.523065e-04,0,0,0
4875,12,64812,1.426881e-03,5.191564e-03,1.000000e-02,0.000000e+00,0.000000e+00,198,1.057982e-05,0,0,0
4876,20,64832,7.771557e-04,5.207261e-03,1.333834e-02,0.000000e+00,0.000000e+00,184,1.794100e-05,0,0,0
4877,13,64845,9.603892e-04,5.094673e-03,1.277109e-02,0.000000e+00,0.000000e+00,201,1.117766e-04,0,0,0
4878,11,64856,1.420119e-03,5.256482e-03,1.265255e-02,0.000000e+00,0.000000e+00,172,6.222725e-05,0,0,0
4879,12,64868,1.455796e-03,5.100065e-03,1.000000e-02,0.000000e+00,0.000000e+00,187,7.452443e-06,0,0,0
4880,13,64881,1.530234e-03,5.240866e-03,1.203038e-02,0.000000e+00,0.000000e+00,200,3.743172e-05,0,0,0
4881,14,64895,1.241405e-03,5.191903e-03,1.462154e-02,0.000000e+00,0.000000e+00,199,2.450543e-04,0,0,0
4882,13,64908,1.086315e-03,5.308719e-03,1.861051e-02,0.000000e+00,0.000000e+00,181,4.097819e-08,0,0,0
4883,11,64919,1.276987e-03,5.165795e-03,1.102041e-02,0.000000e+00,0.000000e+00,196,3.635883e-06,0,0,0
4884,13,64932,1.142076e-03,5.170038e-03,1.011959e-02,0.000000e+00,0.000000e+00,207,4.082918e-05,0,0,0
4885,11,64943,1.747624e-03,5.118082e-03,1.000000e-02,0.000000e+00,0.000000e+00,177,2.032183e-04,0,0,0
4886,12,64955,1.577016e-03,5.211163e-03,1.111602e-02,0.000000e+00,0.000000e+00,191,4.980713e-06,0,0,0
4887,11,64966,1.145114e-03,5.237342e-03,1.068184e-02,0.000000e+00,0.000000e+00,194,5.207956e-06,0,0,0
4888,12,64978,1.247626e-03,5.313967e-03,1.000000e-02,0.000000e+00,0.000000e+00,177,1.768265e-04,0,0,0
4889,13,64991,1.284822e-03,5.362487e-03,9.506870e-03,0.000000e+00,0.000000e+00,173,4.303269e-05,0,0,0
4890,13,65004,1.108250e-03,5.285406e-03,1.000000e-02,0.000000e+00,0.000000e+00,199,2.661347e-05,0,0,0
4891,13,65017,1.041197e-03,5.221845e-03,1.027489e-02,0.000000e+00,0.000000e+00,175,3.351830e-05,0,0,0
4892,13,65030,1.351210e-03,5.214576e-03,1.138828e-02,0.000000e+00,0.000000e+00,190,1.445264e-04,0,0,0
4893,14,65044,1.431957e-03,5.161602e-03,1.230549e-02,0.000000e+00,0.000000e+00,193,1.835823e-05,0,0,0
4894,26,65070,7.164530e-04,5.249921e-03,1.079126e-02,0.000000e+00,0.000000e+00,185,2.632141e-04,0,0,0
4895,14,65084,1.049300e-03,5.049412e-03,1.079509e-02,0.000000e+00,0.000000e+00,209,1.586974e-06,0,0,0
HIST {'total_samples': 5402462, 'floor_samples': 0, 'floor_fraction': 0.0, 'saturation_depth': 0.0, 'boundaries': 4896, 'capped_boundaries': 0, 'unfinished_worlds': 0}
4896,22,65106,3.613865e-04,5.206781e-03,1.264461e-02,0.000000e+00,0.000000e+00,196,7.313490e-05,0,0,0
4897,18,65124,6.009440e-04,5.074262e-03,1.038769e-02,0.000000e+00,0.000000e+00,199,5.630404e-05,0,0,0
4898,12,65136,1.225374e-03,5.133079e-03,1.010082e-02,0.000000e+00,0.000000e+00,184,2.774596e-05,0,0,0
4899,14,65150,1.033071e-03,5.038290e-03,1.197900e-02,0.000000e+00,0.000000e+00,196,1.868382e-04,0,0,0
4900,15,65165,8.926090e-04,5.299854e-03,1.101768e-02,0.000000e+00,0.000000e+00,171,6.439239e-04,0,0,0
4901,13,65178,1.264284e-03,5.184741e-03,1.000000e-02,0.000000e+00,0.000000e+00,201,7.522628e-04,0,0,0
4902,15,65193,1.130099e-03,5.198590e-03,1.173625e-02,0.000000e+00,0.000000e+00,196,2.858043e-05,0,0,0
4903,17,65210,1.349157e-03,5.032710e-03,1.000000e-02,0.000000e+00,0.000000e+00,191,4.279613e-05,0,0,0
4904,15,65225,8.260392e-04,5.269965e-03,1.186656e-02,0.000000e+00,0.000000e+00,166,1.729727e-04,0,0,0
4905,12,65237,1.470777e-03,5.036473e-03,1.243594e-02,0.000000e+00,0.000000e+00,192,1.315386e-04,0,0,0
4906,16,65253,1.272089e-03,5.239658e-03,1.086260e-02,0.000000e+00,0.000000e+00,177,1.287051e-04,0,0,0
4907,14,65267,1.106034e-03,5.173718e-03,1.130725e-02,0.000000e+00,0.000000e+00,208,2.004355e-04,0,0,0
4908,10,65277,1.676115e-03,5.431738e-03,1.085547e-02,0.000000e+00,0.000000e+00,164,5.572289e-05,0,0,0
4909,14,65291,1.018159e-03,5.161648e-03,1.016461e-02,0.000000e+00,0.000000e+00,227,4.813075e-06,0,0,0
4910,16,65307,6.996218e-04,5.218339e-03,1.007071e-02,0.000000e+00,0.000000e+00,201,4.357100e-05,0,0,0
4911,12,65319,1.258268e-03,5.125683e-03,1.000000e-02,0.000000e+00,0.000000e+00,190,4.617125e-04,0,0,0
4912,13,65332,1.110220e-03,5.082846e-03,1.124927e-02,0.000000e+00,0.000000e+00,202,1.478009e-06,0,0,0
4913,11,65343,1.202983e-03,5.006679e-03,1.081003e-02,0.000000e+00,0.000000e+00,197,8.244067e-05,0,0,0
4914,16,65359,1.271968e-03,5.209840e-03,1.288412e-02,0.000000e+00,0.000000e+00,170,0.000000e+00,0,0,0
4915,14,65373,8.163439e-04,5.113496e-03,1.004532e-02,0.000000e+00,0.000000e+00,183,4.318357e-05,0,0,0
4916,14,65387,8.863324e-04,5.268092e-03,1.392063e-02,0.000000e+00,0.000000e+00,171,2.906621e-04,0,0,0
4917,12,65399,1.273575e-03,5.122825e-03,1.000000e-02,0.000000e+00,0.000000e+00,189,7.651746e-06,0,0,0
4918,12,65411,1.378913e-03,5.272150e-03,1.050913e-02,0.000000e+00,0.000000e+00,184,5.571544e-05,0,0,0
4919,15,65426,8.665452e-04,5.089341e-03,1.000000e-02,0.000000e+00,0.000000e+00,204,6.070733e-05,0,0,0
4920,17,65443,8.846443e-04,5.275868e-03,1.151648e-02,0.000000e+00,0.000000e+00,180,4.014075e-04,0,0,0
4921,11,65454,1.110514e-03,5.243564e-03,1.000000e-02,0.000000e+00,0.000000e+00,177,6.006658e-05,0,0,0
4922,11,65465,1.573085e-03,5.432336e-03,1.160907e-02,0.000000e+00,0.000000e+00,173,2.792664e-05,0,0,0
4923,14,65479,1.226391e-03,5.307683e-03,1.273598e-02,0.000000e+00,0.000000e+00,186,5.157292e-05,0,0,0
4924,11,65490,9.895180e-04,5.318273e-03,1.000000e-02,0.000000e+00,0.000000e+00,192,5.644560e-05,0,0,0
4925,11,65501,1.347953e-03,5.299898e-03,9.968982e-03,0.000000e+00,0.000000e+00,185,2.152892e-04,0,0,0
4926,10,65511,1.784305e-03,5.464433e-03,1.149260e-02,0.000000e+00,0.000000e+00,169,6.458834e-04,0,0,0
4927,16,65527,1.423103e-03,5.362854e-03,1.000000e-02,0.000000e+00,0.000000e+00,201,3.799796e-06,0,0,0
4928,17,65544,6.918758e-04,5.265961e-03,1.163455e-02,0.000000e+00,0.000000e+00,205,1.021065e-04,0,0,0
4929,15,65559,1.065784e-03,5.191929e-03,1.327051e-02,0.000000e+00,0.000000e+00,204,2.246127e-04,0,0,0
4930,20,65579,1.096823e-03,5.328131e-03,1.085714e-02,0.000000e+00,0.000000e+00,178,2.384186e-07,0,0,0
4931,12,65591,1.417307e-03,5.131514e-03,1.013225e-02,0.000000e+00,0.000000e+00,194,1.239777e-05,0,0,0
4932,17,65608,8.486577e-04,5.293600e-03,1.047332e-02,0.000000e+00,0.000000e+00,182,3.535524e-04,0,0,0
4933,13,65621,1.058793e-03,5.173994e-03,1.000000e-02,0.000000e+00,0.000000e+00,187,8.702278e-06,0,0,0
4934,13,65634,1.099546e-03,5.148440e-03,1.182723e-02,0.000000e+00,0.000000e+00,177,6.219745e-05,0,0,0
4935,12,65646,1.155415e-03,5.268022e-03,1.091620e-02,0.000000e+00,0.000000e+00,171,5.181730e-04,0,0,0
4936,12,65658,1.329992e-03,5.446649e-03,1.132849e-02,0.000000e+00,0.000000e+00,172,1.475892e-04,0,0,0
4937,11,65669,1.184789e-03,5.300610e-03,1.095806e-02,0.000000e+00,0.000000e+00,188,7.813424e-05,0,0,0
4938,9,65678,1.772784e-03,5.560204e-03,1.205386e-02,0.000000e+00,0.000000e+00,160,3.990158e-04,0,0,0
4939,10,65688,1.337562e-03,5.439113e-03,1.325925e-02,0.000000e+00,0.000000e+00,192,1.399964e-04,0,0,0
4940,12,65700,1.015834e-03,5.413086e-03,1.226859e-02,0.000000e+00,0.000000e+00,193,9.244680e-05,0,0,0
4941,11,65711,1.422165e-03,5.467029e-03,1.040904e-02,0.000000e+00,0.000000e+00,166,7.988065e-04,0,0,0
4942,11,65722,1.264410e-03,5.414573e-03,1.077939e-02,0.000000e+00,0.000000e+00,189,1.770258e-04,0,0,0
4943,12,65734,1.006407e-03,5.279206e-03,1.000000e-02,0.000000e+00,0.000000e+00,198,1.467764e-06,0,0,0
HIST {'total_samples': 5453318, 'floor_samples': 0, 'floor_fraction': 0.0, 'saturation_depth': 0.0, 'boundaries': 4944, 'capped_boundaries': 0, 'unfinished_worlds': 0}
4944,10,65744,1.215398e-03,5.453284e-03,1.252187e-02,0.000000e+00,0.000000e+00,176,3.730506e-05,0,0,0
4945,12,65756,1.000483e-03,5.221292e-03,1.110006e-02,0.000000e+00,0.000000e+00,203,7.972121e-07,0,0,0
4946,10,65766,1.261281e-03,5.328951e-03,1.089000e-02,0.000000e+00,0.000000e+00,170,9.222887e-05,0,0,0
4947,9,65775,1.562446e-03,5.275107e-03,1.238593e-02,0.000000e+00,0.000000e+00,166,1.549721e-06,0,0,0
4948,14,65789,1.077460e-03,5.397279e-03,1.176625e-02,0.000000e+00,0.000000e+00,167,9.726733e-05,0,0,0
4949,14,65803,9.250746e-04,5.166674e-03,1.017571e-02,0.000000e+00,0.000000e+00,193,1.025200e-05,0,0,0
4950,10,65813,1.277188e-03,5.322451e-03,1.402373e-02,0.000000e+00,0.000000e+00,176,1.420379e-04,0,0,0
4951,10,65823,1.628839e-03,5.339556e-03,1.296711e-02,0.000000e+00,0.000000e+00,178,3.769994e-05,0,0,0
4952,14,65837,1.088716e-03,5.443887e-03,1.634610e-02,0.000000e+00,0.000000e+00,183,1.335144e-05,0,0,0
4953,15,65852,1.145733e-03,5.276860e-03,1.590947e-02,0.000000e+00,0.000000e+00,200,1.849979e-05,0,0,0
4954,13,65865,1.315807e-03,5.339670e-03,1.036329e-02,0.000000e+00,0.000000e+00,188,4.902482e-05,0,0,0
4955,17,65882,8.574899e-04,5.182867e-03,1.000000e-02,0.000000e+00,0.000000e+00,189,1.800954e-04,0,0,0
4956,11,65893,1.432168e-03,5.374955e-03,1.144003e-02,0.000000e+00,0.000000e+00,157,5.503595e-04,0,0,0
4957,13,65906,1.303311e-03,5.355065e-03,1.000000e-02,0.000000e+00,0.000000e+00,174,4.091859e-05,0,0,0
4958,14,65920,1.062572e-03,5.473467e-03,1.068346e-02,0.000000e+00,0.000000e+00,178,1.589954e-05,0,0,0
4959,11,65931,1.268997e-03,5.362555e-03,1.000000e-02,0.000000e+00,0.000000e+00,190,2.119690e-05,0,0,0
4960,16,65947,1.083413e-03,5.375845e-03,1.169328e-02,0.000000e+00,0.000000e+00,182,1.786947e-04,0,0,0
4961,12,65959,1.387722e-03,5.354993e-03,1.000000e-02,0.000000e+00,0.000000e+00,180,2.093613e-05,0,0,0
4962,23,65982,7.633361e-04,5.311426e-03,1.064639e-02,0.000000e+00,0.000000e+00,199,1.936853e-04,0,0,0
4963,11,65993,1.224119e-03,5.179974e-03,1.000000e-02,0.000000e+00,0.000000e+00,198,1.050979e-04,0,0,0
4964,12,66005,1.271234e-03,5.495473e-03,1.233193e-02,0.000000e+00,0.000000e+00,165,8.685887e-05,0,0,0
4965,13,66018,1.305689e-03,5.210510e-03,1.000000e-02,0.000000e+00,0.000000e+00,216,8.926721e-05,0,0,0
4966,16,66034,1.020862e-03,5.350580e-03,1.335201e-02,0.000000e+00,0.000000e+00,181,4.064813e-04,0,0,0
4967,11,66045,1.178104e-03,5.184301e-03,1.220489e-02,0.000000e+00,0.000000e+00,211,5.706847e-04,0,0,0
4968,12,66057,1.344949e-03,5.338643e-03,1.089000e-02,0.000000e+00,0.000000e+00,173,1.858175e-04,0,0,0
4969,11,66068,1.016483e-03,5.171950e-03,1.000000e-02,0.000000e+00,0.000000e+00,204,1.305025e-04,0,0,0
4970,14,66082,1.178003e-03,5.211282e-03,1.095910e-02,0.000000e+00,0.000000e+00,184,1.695380e-04,0,0,0
4971,12,66094,8.195002e-04,5.220749e-03,1.039435e-02,0.000000e+00,0.000000e+00,177,1.676381e-07,0,0,0
4972,15,66109,1.029084e-03,5.347718e-03,1.260025e-02,0.000000e+00,0.000000e+00,163,6.785095e-04,0,0,0
4973,11,66120,1.002864e-03,5.205922e-03,1.000000e-02,0.000000e+00,0.000000e+00,188,3.812313e-04,0,0,0
4974,12,66132,8.488559e-04,5.179163e-03,1.131313e-02,0.000000e+00,0.000000e+00,195,2.692565e-04,0,0,0
4975,13,66145,1.395408e-03,5.138012e-03,1.197900e-02,0.000000e+00,0.000000e+00,189,8.334927e-04,0,0,0
4976,11,66156,1.087155e-03,5.275225e-03,1.093479e-02,0.000000e+00,0.000000e+00,180,8.491427e-05,0,0,0
4977,10,66166,1.243862e-03,5.211718e-03,1.053301e-02,0.000000e+00,0.000000e+00,187,5.198270e-04,0,0,0
4978,10,66176,1.565797e-03,5.286532e-03,1.158632e-02,0.000000e+00,0.000000e+00,189,3.925562e-04,0,0,0
4979,13,66189,9.262637e-04,5.130738e-03,1.017429e-02,0.000000e+00,0.000000e+00,185,2.644565e-04,0,0,0
4980,12,66201,9.719270e-04,5.186607e-03,1.401944e-02,0.000000e+00,0.000000e+00,196,3.085285e-05,0,0,0
4981,17,66218,9.737119e-04,5.140908e-03,1.081643e-02,0.000000e+00,0.000000e+00,190,3.180653e-05,0,0,0
4982,16,66234,1.200187e-03,5.337594e-03,1.155436e-02,0.000000e+00,0.000000e+00,183,4.553795e-05,0,0,0
4983,12,66246,1.148355e-03,5.198373e-03,1.000000e-02,0.000000e+00,0.000000e+00,209,3.580749e-05,0,0,0
4984,12,66258,1.265671e-03,5.281031e-03,1.263830e-02,0.000000e+00,0.000000e+00,186,3.576279e-07,0,0,0
4985,13,66271,1.127879e-03,5.143243e-03,1.347881e-02,0.000000e+00,0.000000e+00,194,2.083182e-05,0,0,0
4986,17,66288,1.004901e-03,5.108742e-03,1.000000e-02,0.000000e+00,0.000000e+00,172,2.196804e-05,0,0,0
4987,12,66300,9.252586e-04,5.131593e-03,1.146623e-02,0.000000e+00,0.000000e+00,184,7.152557e-07,0,0,0
4988,11,66311,1.403980e-03,5.085894e-03,1.320911e-02,0.000000e+00,0.000000e+00,190,3.967583e-04,0,0,0
4989,17,66328,8.423622e-04,4.929739e-03,1.155097e-02,0.000000e+00,0.000000e+00,197,3.205985e-05,0,0,0
4990,14,66342,8.584498e-04,5.172832e-03,1.402493e-02,0.000000e+00,0.000000e+00,182,1.771748e-05,0,0,0
4991,12,66354,1.248403e-03,5.136986e-03,1.157936e-02,0.000000e+00,0.000000e+00,175,1.140535e-04,0,0,0
HIST {'total_samples': 5503579, 'floor_samples': 0, 'floor_fraction': 0.0, 'saturation_depth': 0.0, 'boundaries': 4992, 'capped_boundaries': 0, 'unfinished_worlds': 0}
4992,12,66366,1.149794e-03,5.172405e-03,1.135724e-02,0.000000e+00,0.000000e+00,179,5.013123e-04,0,0,0
4993,12,66378,1.176597e-03,5.147520e-03,1.000000e-02,0.000000e+00,0.000000e+00,189,1.084805e-05,0,0,0
4994,12,66390,8.909764e-04,5.149385e-03,1.000000e-02,0.000000e+00,0.000000e+00,191,3.141761e-04,0,0,0
4995,14,66404,1.474519e-03,5.196911e-03,9.578399e-03,0.000000e+00,0.000000e+00,177,4.777312e-05,0,0,0
4996,11,66415,1.616726e-03,5.335676e-03,1.196311e-02,0.000000e+00,0.000000e+00,167,4.231930e-06,0,0,0
4997,16,66431,1.211206e-03,5.257470e-03,9.620631e-03,0.000000e+00,0.000000e+00,197,3.568828e-06,0,0,0
4998,15,66446,9.516584e-04,5.246591e-03,1.089000e-02,0.000000e+00,0.000000e+00,195,3.877841e-04,0,0,0
4999,14,66460,1.247646e-03,5.124512e-03,1.000000e-02,0.000000e+00,0.000000e+00,194,9.495020e-05,0,0,0
5000,10,66470,1.428798e-03,5.331084e-03,1.459455e-02,0.000000e+00,0.000000e+00,175,6.517768e-05,0,0,0
5001,10,66480,1.571173e-03,5.342604e-03,1.000000e-02,0.000000e+00,0.000000e+00,185,3.867891e-04,0,0,0
5002,13,66493,9.937084e-04,5.186295e-03,1.205115e-02,0.000000e+00,0.000000e+00,206,4.021376e-04,0,0,0
5003,14,66507,1.202376e-03,5.301597e-03,1.000000e-02,0.000000e+00,0.000000e+00,179,1.589209e-04,0,0,0
5004,18,66525,8.442517e-04,5.293060e-03,1.148092e-02,0.000000e+00,0.000000e+00,201,1.032650e-05,0,0,0
5005,13,66538,1.061347e-03,5.061934e-03,1.085365e-02,0.000000e+00,0.000000e+00,210,3.761053e-05,0,0,0
5006,20,66558,8.043653e-04,5.128259e-03,1.193901e-02,0.000000e+00,0.000000e+00,197,2.428889e-04,0,0,0
5007,19,66577,1.139171e-03,5.190558e-03,1.230853e-02,0.000000e+00,0.000000e+00,189,1.906920e-04,0,0,0
5008,13,66590,1.443074e-03,5.195396e-03,1.089000e-02,0.000000e+00,0.000000e+00,212,1.118220e-04,0,0,0
5009,13,66603,1.309227e-03,5.125909e-03,1.000669e-02,0.000000e+00,0.000000e+00,208,5.742908e-05,0,0,0
5010,14,66617,1.270092e-03,5.183688e-03,1.089000e-02,0.000000e+00,0.000000e+00,199,3.458560e-05,0,0,0
5011,11,66628,1.500301e-03,5.077132e-03,1.000000e-02,0.000000e+00,0.000000e+00,206,9.733438e-05,0,0,0
5012,12,66640,1.300177e-03,5.136171e-03,1.207237e-02,0.000000e+00,0.000000e+00,165,7.584319e-05,0,0,0
5013,16,66656,9.489428e-04,4.994046e-03,1.000000e-02,0.000000e+00,0.000000e+00,204,4.447997e-06,0,0,0
5014,12,66668,1.167025e-03,5.207803e-03,1.296254e-02,0.000000e+00,0.000000e+00,186,2.703220e-04,0,0,0
5015,16,66684,9.597871e-04,5.178178e-03,1.128056e-02,0.000000e+00,0.000000e+00,182,4.172325e-06,0,0,0
5016,20,66704,6.429229e-04,5.191653e-03,1.240861e-02,0.000000e+00,0.000000e+00,201,8.543581e-04,0,0,0
5017,18,66722,8.863229e-04,5.163917e-03,1.354964e-02,0.000000e+00,0.000000e+00,205,2.336502e-05,0,0,0
5018,13,66735,1.192306e-03,5.197041e-03,1.147273e-02,0.000000e+00,0.000000e+00,202,3.352761e-08,0,0,0
5019,12,66747,1.317965e-03,5.158113e-03,1.045969e-02,0.000000e+00,0.000000e+00,203,3.834814e-05,0,0,0
5020,11,66758,1.181323e-03,5.158826e-03,1.340990e-02,0.000000e+00,0.000000e+00,196,1.943111e-05,0,0,0
5021,15,66773,6.882767e-04,5.102275e-03,1.008645e-02,0.000000e+00,0.000000e+00,209,3.382564e-06,0,0,0
5022,12,66785,1.212531e-03,5.060378e-03,1.062972e-02,0.000000e+00,0.000000e+00,192,3.375113e-05,0,0,0
5023,9,66794,1.412884e-03,5.099514e-03,1.080446e-02,0.000000e+00,0.000000e+00,179,2.237111e-04,0,0,0
5024,13,66807,9.970655e-04,5.250622e-03,1.294215e-02,0.000000e+00,0.000000e+00,184,9.855255e-05,0,0,0
5025,13,66820,7.008303e-04,5.063459e-03,1.170665e-02,0.000000e+00,0.000000e+00,219,4.532933e-05,0,0,0
5026,12,66832,1.272963e-03,5.227455e-03,1.089000e-02,0.000000e+00,0.000000e+00,191,2.625585e-04,0,0,0
5027,13,66845,9.211708e-04,5.322970e-03,1.197900e-02,0.000000e+00,0.000000e+00,179,1.378346e-05,0,0,0
5028,12,66857,1.527118e-03,5.304274e-03,1.126270e-02,0.000000e+00,0.000000e+00,199,1.872331e-05,0,0,0
5029,15,66872,6.589218e-04,5.081150e-03,1.140591e-02,0.000000e+00,0.000000e+00,213,2.890453e-04,0,0,0
5030,15,66887,1.113847e-03,5.169367e-03,1.000000e-02,0.000000e+00,0.000000e+00,203,2.716314e-04,0,0,0
5031,17,66904,1.080237e-03,5.071687e-03,1.058092e-02,0.000000e+00,0.000000e+00,227,6.678887e-05,0,0,0
5032,11,66915,1.391365e-03,5.153409e-03,1.000000e-02,0.000000e+00,0.000000e+00,181,2.551898e-04,0,0,0
5033,11,66926,9.752823e-04,4.931302e-03,9.190013e-03,0.000000e+00,0.000000e+00,212,3.925860e-04,0,0,0
5034,12,66938,1.262856e-03,5.105452e-03,9.809173e-03,0.000000e+00,0.000000e+00,195,5.258620e-05,0,0,0
5035,14,66952,1.087752e-03,5.070584e-03,9.808616e-03,0.000000e+00,0.000000e+00,194,3.214180e-05,0,0,0
5036,16,66968,1.270646e-03,5.176362e-03,1.000000e-02,0.000000e+00,0.000000e+00,199,2.794899e-04,0,0,0
5037,13,66981,1.072983e-03,5.065065e-03,9.808616e-03,0.000000e+00,0.000000e+00,212,5.452782e-04,0,0,0
5038,11,66992,1.231966e-03,5.203961e-03,1.193215e-02,0.000000e+00,0.000000e+00,187,1.390427e-04,0,0,0
5039,12,67004,8.642056e-04,5.058079e-03,1.133111e-02,0.000000e+00,0.000000e+00,223,6.067753e-05,0,0,0
HIST {'total_samples': 5555624, 'floor_samples': 0, 'floor_fraction': 0.0, 'saturation_depth': 0.0, 'boundaries': 5040, 'capped_boundaries': 0, 'unfinished_worlds': 0}
5040,13,67017,9.923987e-04,5.190673e-03,1.196286e-02,0.000000e+00,0.000000e+00,192,4.931539e-04,0,0,0
5041,11,67028,1.295565e-03,5.008248e-03,1.054131e-02,0.000000e+00,0.000000e+00,214,3.263094e-04,0,0,0
5042,10,67038,1.567030e-03,5.242752e-03,1.291983e-02,0.000000e+00,0.000000e+00,180,1.970530e-04,0,0,0
5043,18,67056,1.000754e-03,5.051770e-03,1.164187e-02,0.000000e+00,0.000000e+00,226,6.045476e-04,0,0,0
5044,15,67071,8.616874e-04,5.030545e-03,1.264908e-02,0.000000e+00,0.000000e+00,201,8.785725e-05,0,0,0
5045,12,67083,8.471261e-04,5.074968e-03,1.154344e-02,0.000000e+00,0.000000e+00,196,7.548928e-05,0,0,0
5046,14,67097,1.137569e-03,4.993342e-03,1.301470e-02,0.000000e+00,0.000000e+00,205,4.040077e-05,0,0,0
5047,13,67110,8.475160e-04,5.037099e-03,1.014280e-02,0.000000e+00,0.000000e+00,197,5.110204e-04,0,0,0
5048,12,67122,1.226528e-03,5.106284e-03,1.163388e-02,0.000000e+00,0.000000e+00,200,2.970770e-04,0,0,0
5049,15,67137,9.808543e-04,4.843758e-03,1.000000e-02,0.000000e+00,0.000000e+00,216,8.739084e-04,0,0,0
5050,13,67150,1.145852e-03,5.118287e-03,1.345813e-02,0.000000e+00,0.000000e+00,194,7.122755e-06,0,0,0
5051,13,67163,9.305403e-04,4.929173e-03,1.272459e-02,0.000000e+00,0.000000e+00,227,1.170337e-04,0,0,0
5052,17,67180,1.086139e-03,4.948897e-03,1.475978e-02,0.000000e+00,0.000000e+00,192,5.601645e-04,0,0,0
5053,19,67199,4.715650e-04,4.944041e-03,1.049661e-02,0.000000e+00,0.000000e+00,222,2.712011e-06,0,0,0
5054,13,67212,1.061358e-03,5.000732e-03,1.241487e-02,0.000000e+00,0.000000e+00,193,4.185438e-04,0,0,0
5055,12,67224,1.186157e-03,4.847503e-03,1.000000e-02,0.000000e+00,0.000000e+00,228,4.582033e-04,0,0,0
5056,11,67235,1.024936e-03,4.992538e-03,1.089000e-02,0.000000e+00,0.000000e+00,185,1.711845e-04,0,0,0
5057,15,67250,8.698631e-04,4.997556e-03,1.057635e-02,0.000000e+00,0.000000e+00,195,7.115006e-04,0,0,0
5058,12,67262,1.229379e-03,5.025877e-03,1.089000e-02,0.000000e+00,0.000000e+00,189,1.824740e-04,0,0,0
5059,11,67273,1.393081e-03,4.922578e-03,1.000000e-02,0.000000e+00,0.000000e+00,207,1.010448e-04,0,0,0
5060,10,67283,8.504294e-04,4.986456e-03,1.000000e-02,0.000000e+00,0.000000e+00,187,2.704561e-06,0,0,0
5061,16,67299,8.162068e-04,4.907075e-03,1.012471e-02,0.000000e+00,0.000000e+00,201,1.905113e-04,0,0,0
5062,18,67317,9.866400e-04,4.854361e-03,1.043625e-02,0.000000e+00,0.000000e+00,215,2.880394e-05,0,0,0
5063,12,67329,1.184217e-03,4.839394e-03,9.698905e-03,0.000000e+00,0.000000e+00,217,1.374348e-04,0,0,0
5064,13,67342,1.141710e-03,4.723742e-03,1.034596e-02,0.000000e+00,0.000000e+00,215,3.395975e-05,0,0,0
5065,13,67355,6.854904e-04,4.670044e-03,1.044667e-02,0.000000e+00,0.000000e+00,217,1.253933e-05,0,0,0
5066,14,67369,6.626660e-04,4.813552e-03,1.149134e-02,0.000000e+00,0.000000e+00,192,3.840327e-04,0,0,0
5067,13,67382,1.004282e-03,4.956362e-03,1.000000e-02,0.000000e+00,0.000000e+00,204,4.836619e-04,0,0,0
5068,14,67396,9.232433e-04,4.976279e-03,1.031683e-02,0.000000e+00,0.000000e+00,198,3.644414e-04,0,0,0
5069,14,67410,1.424402e-03,4.924712e-03,1.000000e-02,0.000000e+00,0.000000e+00,212,2.190769e-04,0,0,0
5070,16,67426,1.061582e-03,4.902916e-03,1.089000e-02,0.000000e+00,0.000000e+00,199,1.192093e-06,0,0,0
5071,15,67441,1.173837e-03,4.835770e-03,1.248630e-02,0.000000e+00,0.000000e+00,204,1.941621e-04,0,0,0
5072,15,67456,9.516092e-04,4.930199e-03,1.317690e-02,0.000000e+00,0.000000e+00,208,1.668930e-06,0,0,0
5073,14,67470,1.021875e-03,4.909788e-03,1.000000e-02,0.000000e+00,0.000000e+00,196,6.829128e-04,0,0,0
5074,17,67487,1.224527e-03,4.908470e-03,1.330822e-02,0.000000e+00,0.000000e+00,192,1.443401e-04,0,0,0
5075,12,67499,9.020898e-04,4.809962e-03,1.249089e-02,0.000000e+00,0.000000e+00,226,6.320998e-04,0,0,0
5076,12,67511,1.188746e-03,4.907959e-03,1.563417e-02,0.000000e+00,0.000000e+00,213,4.759356e-04,0,0,0
5077,10,67521,1.270780e-03,4.868083e-03,1.318106e-02,0.000000e+00,0.000000e+00,196,1.946092e-04,0,0,0
5078,14,67535,1.185713e-03,4.909181e-03,1.052243e-02,0.000000e+00,0.000000e+00,201,4.564673e-04,0,0,0
5079,15,67550,9.574081e-04,4.829917e-03,1.000000e-02,0.000000e+00,0.000000e+00,218,5.190596e-04,0,0,0
5080,13,67563,1.293630e-03,4.856853e-03,1.109859e-02,0.000000e+00,0.000000e+00,209,3.486872e-05,0,0,0
5081,18,67581,6.877618e-04,4.821175e-03,1.000000e-02,0.000000e+00,0.000000e+00,220,4.053116e-04,0,0,0
5082,11,67592,8.234224e-04,4.984578e-03,1.071210e-02,0.000000e+00,0.000000e+00,183,2.665914e-04,0,0,0
5083,12,67604,7.762783e-04,4.998670e-03,1.000000e-02,0.000000e+00,0.000000e+00,203,1.051798e-04,0,0,0
5084,14,67618,1.085152e-03,4.967877e-03,1.000000e-02,0.000000e+00,0.000000e+00,204,4.494190e-05,0,0,0
5085,12,67630,9.861166e-04,4.897228e-03,1.053222e-02,0.000000e+00,0.000000e+00,217,4.604459e-05,0,0,0
5086,12,67642,1.103631e-03,5.041649e-03,1.211007e-02,0.000000e+00,0.000000e+00,204,7.714331e-05,0,0,0
5087,12,67654,9.902469e-04,4.815675e-03,1.128931e-02,0.000000e+00,0.000000e+00,225,6.292798e-04,0,0,0
HIST {'total_samples': 5610073, 'floor_samples': 0, 'floor_fraction': 0.0, 'saturation_depth': 0.0, 'boundaries': 5088, 'capped_boundaries': 0, 'unfinished_worlds': 0}
5088,12,67666,6.877242e-04,5.099232e-03,1.027810e-02,0.000000e+00,0.000000e+00,173,1.521297e-04,0,0,0
5089,12,67678,1.307839e-03,4.980954e-03,1.034976e-02,0.000000e+00,0.000000e+00,216,1.076609e-05,0,0,0
5090,14,67692,9.228443e-04,4.927268e-03,1.169744e-02,0.000000e+00,0.000000e+00,208,3.484264e-04,0,0,0
5091,12,67704,1.043819e-03,4.826225e-03,1.000000e-02,0.000000e+00,0.000000e+00,216,5.185977e-04,0,0,0
5092,13,67717,9.742865e-04,4.959462e-03,1.104074e-02,0.000000e+00,0.000000e+00,196,5.006790e-06,0,0,0
5093,14,67731,1.348446e-03,4.932573e-03,1.297385e-02,0.000000e+00,0.000000e+00,198,3.353506e-05,0,0,0
5094,12,67743,1.204789e-03,4.907515e-03,1.330648e-02,0.000000e+00,0.000000e+00,209,1.409650e-05,0,0,0
5095,12,67755,1.228775e-03,4.895379e-03,1.000000e-02,0.000000e+00,0.000000e+00,190,1.110137e-05,0,0,0
5096,9,67764,1.579376e-03,4.973253e-03,1.127768e-02,0.000000e+00,0.000000e+00,213,9.652376e-04,0,0,0
5097,15,67779,8.167714e-04,4.908246e-03,1.000000e-02,0.000000e+00,0.000000e+00,217,3.222376e-05,0,0,0
5098,17,67796,6.713421e-04,5.057674e-03,1.092762e-02,0.000000e+00,0.000000e+00,189,2.077222e-05,0,0,0
5099,16,67812,1.048343e-03,5.082239e-03,1.064178e-02,0.000000e+00,0.000000e+00,205,2.505630e-05,0,0,0
5100,13,67825,8.263107e-04,5.152824e-03,1.237643e-02,0.000000e+00,0.000000e+00,193,5.920827e-04,0,0,0
5101,15,67840,1.138204e-03,5.034162e-03,1.211557e-02,0.000000e+00,0.000000e+00,199,2.387166e-04,0,0,0
5102,23,67863,8.864846e-04,4.992810e-03,1.114102e-02,0.000000e+00,0.000000e+00,217,7.599592e-05,0,0,0
5103,17,67880,7.865333e-04,4.872862e-03,9.945938e-03,0.000000e+00,0.000000e+00,220,8.463860e-06,0,0,0
5104,15,67895,1.071605e-03,5.138439e-03,1.089000e-02,0.000000e+00,0.000000e+00,181,6.783754e-05,0,0,0
5105,19,67914,9.008521e-04,5.146141e-03,1.046350e-02,0.000000e+00,0.000000e+00,191,5.215630e-04,0,0,0
5106,17,67931,7.581160e-04,5.145466e-03,1.005910e-02,0.000000e+00,0.000000e+00,188,5.751550e-04,0,0,0
5107,13,67944,7.785619e-04,5.014212e-03,1.286876e-02,0.000000e+00,0.000000e+00,220,7.663369e-04,0,0,0
5108,14,67958,8.259653e-04,5.024274e-03,1.147574e-02,0.000000e+00,0.000000e+00,209,3.438443e-06,0,0,0
5109,12,67970,1.109924e-03,4.958134e-03,1.000000e-02,0.000000e+00,0.000000e+00,205,2.098531e-04,0,0,0
5110,11,67981,1.365653e-03,5.070942e-03,1.272564e-02,0.000000e+00,0.000000e+00,185,1.342595e-05,0,0,0
5111,14,67995,1.150683e-03,5.071342e-03,1.062648e-02,0.000000e+00,0.000000e+00,193,2.434477e-06,0,0,0
5112,12,68007,1.077099e-03,5.002486e-03,1.317690e-02,0.000000e+00,0.000000e+00,224,5.006790e-06,0,0,0
5113,10,68017,9.650075e-04,4.949499e-03,1.087381e-02,0.000000e+00,0.000000e+00,217,2.347678e-05,0,0,0
5114,13,68030,1.148182e-03,4.933295e-03,1.185082e-02,0.000000e+00,0.000000e+00,215,8.472800e-04,0,0,0
5115,12,68042,1.100410e-03,5.092831e-03,1.105255e-02,0.000000e+00,0.000000e+00,186,2.533197e-06,0,0,0
5116,14,68056,1.094232e-03,5.169052e-03,1.259103e-02,0.000000e+00,0.000000e+00,196,2.413988e-06,0,0,0
5117,11,68067,8.820202e-04,4.972768e-03,1.000000e-02,0.000000e+00,0.000000e+00,209,3.758115e-04,0,0,0
5118,13,68080,1.188654e-03,4.967418e-03,1.191757e-02,0.000000e+00,0.000000e+00,199,9.797513e-05,0,0,0
5119,14,68094,1.283026e-03,4.910552e-03,1.000000e-02,0.000000e+00,0.000000e+00,204,9.638071e-05,0,0,0
5120,20,68114,4.774025e-04,5.038869e-03,1.020193e-02,0.000000e+00,0.000000e+00,185,9.553134e-05,0,0,0
5121,13,68127,9.745988e-04,4.905996e-03,9.912161e-03,0.000000e+00,0.000000e+00,215,3.474951e-04,0,0,0
5122,17,68144,1.073111e-03,4.934504e-03,1.061965e-02,0.000000e+00,0.000000e+00,206,1.132488e-05,0,0,0
5123,13,68157,1.051936e-03,4.866352e-03,1.087467e-02,0.000000e+00,0.000000e+00,218,5.414560e-04,0,0,0
5124,11,68168,1.500484e-03,5.048261e-03,1.089000e-02,0.000000e+00,0.000000e+00,179,4.673842e-06,0,0,0
5125,12,68180,1.056349e-03,4.988092e-03,1.020768e-02,0.000000e+00,0.000000e+00,208,6.432831e-05,0,0,0
5126,13,68193,9.878412e-04,4.982468e-03,1.070059e-02,0.000000e+00,0.000000e+00,216,9.328127e-06,0,0,0
5127,13,68206,1.278984e-03,4.994094e-03,1.000000e-02,0.000000e+00,0.000000e+00,210,4.235655e-05,0,0,0
5128,13,68219,1.279497e-03,4.984477e-03,1.204612e-02,0.000000e+00,0.000000e+00,200,1.974404e-07,0,0,0
5129,13,68232,1.286619e-03,5.024198e-03,1.000000e-02,0.000000e+00,0.000000e+00,200,4.883111e-04,0,0,0
5130,11,68243,1.644692e-03,5.186095e-03,1.213591e-02,0.000000e+00,0.000000e+00,193,2.630278e-04,0,0,0
5131,12,68255,1.034879e-03,5.054656e-03,1.000000e-02,0.000000e+00,0.000000e+00,211,1.418591e-05,0,0,0
5132,16,68271,8.666440e-04,5.095633e-03,1.000000e-02,0.000000e+00,0.000000e+00,207,9.536743e-06,0,0,0
5133,15,68286,8.235020e-04,5.019332e-03,1.051193e-02,0.000000e+00,0.000000e+00,191,6.915256e-05,0,0,0
5134,14,68300,1.033734e-03,5.155758e-03,1.088355e-02,0.000000e+00,0.000000e+00,189,1.341105e-06,0,0,0
5135,19,68319,1.082659e-03,5.109029e-03,9.749432e-03,0.000000e+00,0.000000e+00,206,9.015203e-07,0,0,0
HIST {'total_samples': 5663928, 'floor_samples': 0, 'floor_fraction': 0.0, 'saturation_depth': 0.0, 'boundaries': 5136, 'capped_boundaries': 0, 'unfinished_worlds': 0}
5136,11,68330,1.055498e-03,5.078475e-03,1.158536e-02,0.000000e+00,0.000000e+00,190,3.118813e-05,0,0,0
5137,14,68344,1.142366e-03,5.012818e-03,1.258249e-02,0.000000e+00,0.000000e+00,198,1.015067e-04,0,0,0
5138,13,68357,1.343319e-03,5.057221e-03,1.143829e-02,0.000000e+00,0.000000e+00,205,5.289912e-07,0,0,0
5139,13,68370,1.319836e-03,4.997367e-03,1.000000e-02,0.000000e+00,0.000000e+00,207,6.720424e-06,0,0,0
5140,18,68388,7.200485e-04,5.081641e-03,1.274941e-02,0.000000e+00,0.000000e+00,206,1.953691e-04,0,0,0
5141,11,68399,1.090215e-03,5.099714e-03,1.008125e-02,0.000000e+00,0.000000e+00,192,1.847688e-04,0,0,0
5142,11,68410,1.400458e-03,5.118189e-03,1.000000e-02,0.000000e+00,0.000000e+00,198,1.860633e-04,0,0,0
5143,14,68424,9.090202e-04,5.060168e-03,1.041510e-02,0.000000e+00,0.000000e+00,217,8.314848e-05,0,0,0
5144,10,68434,1.227851e-03,4.915245e-03,1.051288e-02,0.000000e+00,0.000000e+00,208,5.215406e-08,0,0,0
5145,13,68447,8.530554e-04,4.960816e-03,1.000000e-02,0.000000e+00,0.000000e+00,206,4.771501e-04,0,0,0
5146,13,68460,1.039648e-03,5.082174e-03,1.260280e-02,0.000000e+00,0.000000e+00,185,8.046627e-07,0,0,0
5147,12,68472,9.267988e-04,4.992004e-03,9.024763e-03,0.000000e+00,0.000000e+00,211,4.546763e-04,0,0,0
5148,14,68486,1.035915e-03,5.039993e-03,1.089000e-02,0.000000e+00,0.000000e+00,206,1.072884e-05,0,0,0
5149,12,68498,1.348593e-03,4.801123e-03,9.213167e-03,0.000000e+00,0.000000e+00,239,5.005859e-06,0,0,0
5150,10,68508,1.529254e-03,4.895855e-03,9.899485e-03,0.000000e+00,0.000000e+00,192,1.497194e-05,0,0,0
5151,14,68522,8.118347e-04,4.882801e-03,8.880086e-03,0.000000e+00,0.000000e+00,207,1.518875e-04,0,0,0
5152,13,68535,1.288726e-03,4.893397e-03,1.001233e-02,0.000000e+00,0.000000e+00,211,5.199760e-05,0,0,0
5153,11,68546,1.380778e-03,4.888840e-03,1.000000e-02,0.000000e+00,0.000000e+00,199,8.493662e-07,0,0,0
5154,12,68558,9.823543e-04,4.972580e-03,1.000000e-02,0.000000e+00,0.000000e+00,196,2.226532e-04,0,0,0
5155,11,68569,1.113484e-03,5.008072e-03,9.730422e-03,0.000000e+00,0.000000e+00,187,1.675934e-04,0,0,0
5156,13,68582,8.968842e-04,5.036715e-03,1.046928e-02,0.000000e+00,0.000000e+00,211,2.193460e-04,0,0,0
5157,12,68594,1.032134e-03,4.983111e-03,9.980700e-03,0.000000e+00,0.000000e+00,203,5.906820e-05,0,0,0
5158,14,68608,1.103305e-03,5.082515e-03,1.000000e-02,0.000000e+00,0.000000e+00,193,3.725290e-07,0,0,0
5159,10,68618,1.921653e-03,5.137918e-03,1.124491e-02,0.000000e+00,0.000000e+00,205,2.419949e-05,0,0,0
5160,11,68629,1.093237e-03,5.105329e-03,1.000000e-02,0.000000e+00,0.000000e+00,187,2.145767e-06,0,0,0
5161,13,68642,1.082747e-03,5.021865e-03,9.289523e-03,0.000000e+00,0.000000e+00,202,2.354085e-04,0,0,0
5162,11,68653,1.290812e-03,5.356883e-03,1.065647e-02,0.000000e+00,0.000000e+00,186,1.585484e-04,0,0,0
5163,12,68665,1.135713e-03,5.203116e-03,1.000000e-02,0.000000e+00,0.000000e+00,208,1.163222e-05,0,0,0
5164,18,68683,9.234486e-04,5.140625e-03,1.000000e-02,0.000000e+00,0.000000e+00,195,2.991110e-04,0,0,0
5165,15,68698,1.222463e-03,5.019482e-03,9.546726e-03,0.000000e+00,0.000000e+00,212,3.576279e-06,0,0,0
5166,14,68712,1.496802e-03,5.064377e-03,1.045141e-02,0.000000e+00,0.000000e+00,203,1.769066e-04,0,0,0
5167,13,68725,1.096030e-03,4.979555e-03,1.000000e-02,0.000000e+00,0.000000e+00,192,4.583597e-05,0,0,0
5168,12,68737,1.461473e-03,5.012364e-03,1.255926e-02,0.000000e+00,0.000000e+00,200,5.185604e-06,0,0,0
5169,11,68748,9.446561e-04,5.023348e-03,1.244864e-02,0.000000e+00,0.000000e+00,204,5.252659e-05,0,0,0
5170,13,68761,1.075794e-03,5.061185e-03,1.045175e-02,0.000000e+00,0.000000e+00,199,1.602173e-04,0,0,0
5171,15,68776,9.689550e-04,4.979732e-03,1.089000e-02,0.000000e+00,0.000000e+00,201,1.934450e-04,0,0,0
5172,18,68794,7.353971e-04,4.991030e-03,9.504256e-03,0.000000e+00,0.000000e+00,196,4.364252e-04,0,0,0
5173,19,68813,9.240661e-04,4.971258e-03,9.504256e-03,0.000000e+00,0.000000e+00,202,4.768372e-07,0,0,0
5174,15,68828,7.788416e-04,5.082961e-03,1.150015e-02,0.000000e+00,0.000000e+00,193,2.815202e-04,0,0,0
5175,11,68839,1.195835e-03,5.051043e-03,1.000000e-02,0.000000e+00,0.000000e+00,208,2.491474e-05,0,0,0
5176,15,68854,1.250959e-03,5.184243e-03,1.260720e-02,0.000000e+00,0.000000e+00,183,1.057982e-06,0,0,0
5177,11,68865,1.264844e-03,5.014529e-03,1.002256e-02,0.000000e+00,0.000000e+00,215,2.069920e-04,0,0,0
5178,19,68884,9.171049e-04,5.138783e-03,1.139478e-02,0.000000e+00,0.000000e+00,195,2.520680e-04,0,0,0
5179,12,68896,1.201955e-03,4.950827e-03,1.000000e-02,0.000000e+00,0.000000e+00,222,8.524954e-05,0,0,0
5180,14,68910,1.197801e-03,5.144207e-03,1.377116e-02,0.000000e+00,0.000000e+00,197,1.099296e-04,0,0,0
5181,10,68920,1.408671e-03,5.118534e-03,1.119775e-02,0.000000e+00,0.000000e+00,187,1.873076e-04,0,0,0
5182,11,68931,8.028705e-04,5.399593e-03,1.231753e-02,0.000000e+00,0.000000e+00,177,1.597404e-05,0,0,0
5183,15,68946,1.086914e-03,5.252521e-03,1.354928e-02,0.000000e+00,0.000000e+00,200,1.418591e-05,0,0,0
HIST {'total_samples': 5717202, 'floor_samples': 0, 'floor_fraction': 0.0, 'saturation_depth': 0.0, 'boundaries': 5184, 'capped_boundaries': 0, 'unfinished_worlds': 0}
5184,13,68959,1.038496e-03,5.138867e-03,1.490421e-02,0.000000e+00,0.000000e+00,193,4.374385e-04,0,0,0
5185,11,68970,1.298644e-03,4.967175e-03,1.000000e-02,0.000000e+00,0.000000e+00,207,2.175570e-04,0,0,0
5186,13,68983,1.124164e-03,5.134992e-03,1.086545e-02,0.000000e+00,0.000000e+00,188,2.939627e-04,0,0,0
5187,13,68996,1.000905e-03,5.092042e-03,1.000000e-02,0.000000e+00,0.000000e+00,209,7.516891e-05,0,0,0
5188,15,69011,8.836806e-04,5.079280e-03,1.028572e-02,0.000000e+00,0.000000e+00,217,5.568415e-04,0,0,0
5189,13,69024,1.334249e-03,4.981435e-03,1.000000e-02,0.000000e+00,0.000000e+00,197,5.790591e-05,0,0,0
5190,11,69035,1.432132e-03,5.030096e-03,1.012482e-02,0.000000e+00,0.000000e+00,184,2.536774e-04,0,0,0
5191,14,69049,9.378787e-04,4.925258e-03,1.128870e-02,0.000000e+00,0.000000e+00,208,3.033578e-04,0,0,0
5192,13,69062,1.144963e-03,4.927803e-03,1.018697e-02,0.000000e+00,0.000000e+00,203,1.452863e-05,0,0,0
5193,13,69075,1.135820e-03,4.931739e-03,1.040522e-02,0.000000e+00,0.000000e+00,196,2.450943e-04,0,0,0
5194,12,69087,1.207367e-03,5.082336e-03,1.084354e-02,0.000000e+00,0.000000e+00,206,4.947186e-06,0,0,0
5195,13,69100,9.685463e-04,5.049008e-03,1.000000e-02,0.000000e+00,0.000000e+00,195,3.996491e-05,0,0,0
5196,12,69112,1.242613e-03,5.024233e-03,1.000000e-02,0.000000e+00,0.000000e+00,205,3.250316e-04,0,0,0
5197,12,69124,1.494777e-03,4.925697e-03,9.920903e-03,0.000000e+00,0.000000e+00,205,9.309500e-06,0,0,0
5198,11,69135,8.731053e-04,5.034843e-03,1.233086e-02,0.000000e+00,0.000000e+00,187,5.342141e-04,0,0,0
5199,11,69146,1.368403e-03,5.110699e-03,1.535326e-02,0.000000e+00,0.000000e+00,184,4.763156e-05,0,0,0
5200,17,69163,1.085680e-03,5.258887e-03,1.264778e-02,0.000000e+00,0.000000e+00,179,8.684769e-05,0,0,0
5201,13,69176,9.681238e-04,5.140301e-03,9.896776e-03,0.000000e+00,0.000000e+00,200,7.691979e-05,0,0,0
5202,10,69186,1.161275e-03,5.202731e-03,1.083237e-02,0.000000e+00,0.000000e+00,193,3.024489e-04,0,0,0
5203,21,69207,9.210328e-04,5.129097e-03,1.001844e-02,0.000000e+00,0.000000e+00,212,1.905710e-04,0,0,0
5204,11,69218,1.242008e-03,5.168458e-03,1.077759e-02,0.000000e+00,0.000000e+00,183,9.874254e-05,0,0,0
5205,13,69231,1.042444e-03,5.151811e-03,1.000000e-02,0.000000e+00,0.000000e+00,204,1.955777e-07,0,0,0
5206,12,69243,1.200207e-03,5.304154e-03,1.304088e-02,0.000000e+00,0.000000e+00,174,1.758337e-06,0,0,0
5207,15,69258,9.295218e-04,5.142711e-03,1.000000e-02,0.000000e+00,0.000000e+00,209,3.885478e-04,0,0,0
5208,14,69272,1.145127e-03,5.031588e-03,9.656223e-03,0.000000e+00,0.000000e+00,201,8.577108e-05,0,0,0
5209,12,69284,1.271650e-03,5.130512e-03,1.062185e-02,0.000000e+00,0.000000e+00,198,2.431981e-04,0,0,0
5210,11,69295,1.457995e-03,5.122485e-03,1.326546e-02,0.000000e+00,0.000000e+00,209,1.467019e-05,0,0,0
5211,15,69310,1.060606e-03,4.982169e-03,1.000000e-02,0.000000e+00,0.000000e+00,207,1.624748e-04,0,0,0
5212,12,69322,1.274420e-03,5.011588e-03,1.216784e-02,0.000000e+00,0.000000e+00,199,8.821487e-06,0,0,0
5213,14,69336,9.613447e-04,4.907724e-03,1.197900e-02,0.000000e+00,0.000000e+00,225,2.176613e-04,0,0,0
5214,14,69350,9.059819e-04,4.914414e-03,1.317690e-02,0.000000e+00,0.000000e+00,200,8.602440e-05,0,0,0
5215,13,69363,1.523344e-03,4.931614e-03,1.303014e-02,0.000000e+00,0.000000e+00,197,3.167987e-05,0,0,0
5216,22,69385,1.002167e-03,5.024216e-03,1.000000e-02,0.000000e+00,0.000000e+00,191,3.957748e-05,0,0,0
5217,15,69400,7.971583e-04,4.924378e-03,1.000000e-02,0.000000e+00,0.000000e+00,210,4.068017e-06,0,0,0
5218,19,69419,4.589896e-04,5.111954e-03,1.201872e-02,0.000000e+00,0.000000e+00,192,4.313439e-04,0,0,0
5219,17,69436,7.644204e-04,5.048402e-03,1.000000e-02,0.000000e+00,0.000000e+00,220,6.350875e-05,0,0,0
5220,18,69454,8.458988e-04,5.043836e-03,1.006113e-02,0.000000e+00,0.000000e+00,209,6.560832e-04,0,0,0
5221,14,69468,1.112483e-03,4.958197e-03,1.000000e-02,0.000000e+00,0.000000e+00,212,2.381424e-04,0,0,0
5222,12,69480,1.616134e-03,5.025094e-03,1.093212e-02,0.000000e+00,0.000000e+00,189,3.553927e-06,0,0,0
5223,10,69490,1.455229e-03,4.996397e-03,1.000000e-02,0.000000e+00,0.000000e+00,199,3.552437e-05,0,0,0
5224,10,69500,1.482860e-03,5.131699e-03,1.305542e-02,0.000000e+00,0.000000e+00,197,3.439914e-04,0,0,0
5225,14,69514,7.399960e-04,5.075610e-03,1.262514e-02,0.000000e+00,0.000000e+00,205,5.443096e-04,0,0,0
5226,15,69529,1.152946e-03,5.169285e-03,1.144013e-02,0.000000e+00,0.000000e+00,193,4.285574e-05,0,0,0
5227,14,69543,1.173867e-03,5.043605e-03,1.000000e-02,0.000000e+00,0.000000e+00,221,8.496642e-05,0,0,0
5228,18,69561,8.398384e-04,4.965908e-03,1.347701e-02,0.000000e+00,0.000000e+00,218,2.055243e-04,0,0,0
5229,13,69574,1.068258e-03,4.947074e-03,1.000000e-02,0.000000e+00,0.000000e+00,214,4.254282e-06,0,0,0
5230,13,69587,1.001857e-03,4.938213e-03,1.270455e-02,0.000000e+00,0.000000e+00,212,3.775954e-04,0,0,0
5231,15,69602,8.843152e-04,4.931030e-03,1.000000e-02,0.000000e+00,0.000000e+00,205,4.761517e-04,0,0,0
HIST {'total_samples': 5770429, 'floor_samples': 0, 'floor_fraction': 0.0, 'saturation_depth': 0.0, 'boundaries': 5232, 'capped_boundaries': 0, 'unfinished_worlds': 0}
5232,13,69615,1.126577e-03,5.071790e-03,1.469513e-02,0.000000e+00,0.000000e+00,180,4.991679e-04,0,0,0
5233,13,69628,1.011087e-03,5.031065e-03,1.101515e-02,0.000000e+00,0.000000e+00,214,4.749596e-04,0,0,0
5234,15,69643,1.121517e-03,5.036519e-03,1.089000e-02,0.000000e+00,0.000000e+00,203,2.768263e-04,0,0,0
5235,17,69660,5.811818e-04,4.961392e-03,1.073630e-02,0.000000e+00,0.000000e+00,224,2.890825e-06,0,0,0
5236,14,69674,8.272963e-04,5.108374e-03,1.180993e-02,0.000000e+00,0.000000e+00,196,2.028327e-04,0,0,0
5237,11,69685,1.321672e-03,5.136357e-03,1.262157e-02,0.000000e+00,0.000000e+00,190,9.328127e-05,0,0,0
5238,9,69694,1.515037e-03,5.147227e-03,1.120776e-02,0.000000e+00,0.000000e+00,207,2.617687e-04,0,0,0
5239,15,69709,1.126413e-03,5.150623e-03,1.000000e-02,0.000000e+00,0.000000e+00,183,2.998114e-04,0,0,0
5240,10,69719,1.288449e-03,5.184975e-03,1.076247e-02,0.000000e+00,0.000000e+00,204,8.500367e-05,0,0,0
5241,11,69730,1.343789e-03,5.052282e-03,1.259287e-02,0.000000e+00,0.000000e+00,207,8.253753e-05,0,0,0
5242,15,69745,1.120980e-03,5.071771e-03,1.080188e-02,0.000000e+00,0.000000e+00,201,3.613532e-07,0,0,0
5243,12,69757,1.349227e-03,4.985039e-03,1.186790e-02,0.000000e+00,0.000000e+00,196,3.203154e-04,0,0,0
5244,17,69774,9.254069e-04,4.954208e-03,1.058820e-02,0.000000e+00,0.000000e+00,214,2.206564e-04,0,0,0
5245,24,69798,5.702138e-04,4.898460e-03,1.000000e-02,0.000000e+00,0.000000e+00,210,2.288818e-05,0,0,0
5246,15,69813,1.316934e-03,4.892502e-03,1.201722e-02,0.000000e+00,0.000000e+00,221,4.933327e-04,0,0,0
5247,13,69826,1.137581e-03,4.972205e-03,1.079550e-02,0.000000e+00,0.000000e+00,206,2.481192e-04,0,0,0
5248,13,69839,1.214637e-03,5.072016e-03,1.096083e-02,0.000000e+00,0.000000e+00,191,2.129674e-04,0,0,0
5249,12,69851,1.351951e-03,5.018088e-03,1.166218e-02,0.000000e+00,0.000000e+00,210,8.583069e-06,0,0,0
5250,12,69863,1.472409e-03,5.269025e-03,1.061931e-02,0.000000e+00,0.000000e+00,191,1.088455e-04,0,0,0
5251,16,69879,1.249061e-03,4.959968e-03,9.309897e-03,0.000000e+00,0.000000e+00,225,4.789233e-05,0,0,0
5252,13,69892,1.330213e-03,5.002163e-03,1.126498e-02,0.000000e+00,0.000000e+00,209,1.266599e-06,0,0,0
5253,18,69910,1.080690e-03,4.886644e-03,1.000000e-02,0.000000e+00,0.000000e+00,210,8.716285e-04,0,0,0
5254,10,69920,1.043736e-03,4.946883e-03,1.065136e-02,0.000000e+00,0.000000e+00,195,1.057293e-04,0,0,0
5255,18,69938,6.086237e-04,4.857343e-03,1.000000e-02,0.000000e+00,0.000000e+00,214,2.842993e-04,0,0,0
5256,11,69949,1.140854e-03,4.992804e-03,1.000000e-02,0.000000e+00,0.000000e+00,191,3.765803e-04,0,0,0
5257,15,69964,8.361604e-04,4.997252e-03,9.982470e-03,0.000000e+00,0.000000e+00,196,6.021038e-04,0,0,0
5258,15,69979,1.008342e-03,5.283182e-03,1.513581e-02,0.000000e+00,0.000000e+00,188,3.956631e-05,0,0,0
5259,14,69993,1.311821e-03,5.175916e-03,1.096620e-02,0.000000e+00,0.000000e+00,197,4.543955e-05,0,0,0
5260,11,70004,1.298298e-03,5.146053e-03,1.336270e-02,0.000000e+00,0.000000e+00,200,2.314895e-04,0,0,0
5261,10,70014,1.253545e-03,5.094840e-03,1.000000e-02,0.000000e+00,0.000000e+00,197,3.243862e-04,0,0,0
5262,12,70026,1.237258e-03,5.188490e-03,1.082128e-02,0.000000e+00,0.000000e+00,194,2.223253e-04,0,0,0
5263,11,70037,1.293439e-03,5.154333e-03,1.190341e-02,0.000000e+00,0.000000e+00,197,4.367381e-04,0,0,0
5264,9,70046,1.301512e-03,5.236925e-03,1.309376e-02,0.000000e+00,0.000000e+00,179,3.916621e-04,0,0,0
5265,12,70058,9.160854e-04,5.155072e-03,1.440313e-02,0.000000e+00,0.000000e+00,194,1.542270e-06,0,0,0
5266,11,70069,1.220430e-03,5.168329e-03,1.584345e-02,0.000000e+00,0.000000e+00,192,7.098913e-05,0,0,0
5267,13,70082,9.222882e-04,5.078725e-03,1.742779e-02,0.000000e+00,0.000000e+00,196,2.009794e-06,0,0,0
5268,12,70094,9.401500e-04,5.126375e-03,1.917057e-02,0.000000e+00,0.000000e+00,190,4.457682e-04,0,0,0
5269,14,70108,1.072348e-03,4.955195e-03,1.393428e-02,0.000000e+00,0.000000e+00,206,3.883541e-04,0,0,0
5270,11,70119,1.351735e-03,4.885150e-03,1.054472e-02,0.000000e+00,0.000000e+00,208,7.164776e-04,0,0,0
5271,12,70131,1.345087e-03,4.849014e-03,1.145978e-02,0.000000e+00,0.000000e+00,208,5.188584e-04,0,0,0
5272,10,70141,1.264373e-03,5.006565e-03,1.260576e-02,0.000000e+00,0.000000e+00,175,4.571057e-04,0,0,0
5273,14,70155,1.140942e-03,4.975893e-03,9.999271e-03,0.000000e+00,0.000000e+00,200,2.919436e-04,0,0,0
5274,13,70168,1.104300e-03,5.096816e-03,1.005998e-02,0.000000e+00,0.000000e+00,194,9.207428e-05,0,0,0
5275,16,70184,7.579172e-04,4.939317e-03,1.040237e-02,0.000000e+00,0.000000e+00,211,8.749962e-05,0,0,0
5276,15,70199,8.261616e-04,4.928307e-03,1.000000e-02,0.000000e+00,0.000000e+00,192,5.213702e-04,0,0,0
5277,11,70210,1.349265e-03,4.769625e-03,9.308020e-03,0.000000e+00,0.000000e+00,210,4.862249e-04,0,0,0
5278,13,70223,1.125583e-03,4.927069e-03,1.045482e-02,0.000000e+00,0.000000e+00,185,1.472235e-05,0,0,0
5279,15,70238,1.272252e-03,4.985192e-03,1.069369e-02,0.000000e+00,0.000000e+00,212,2.137301e-04,0,0,0
HIST {'total_samples': 5823554, 'floor_samples': 0, 'floor_fraction': 0.0, 'saturation_depth': 0.0, 'boundaries': 5280, 'capped_boundaries': 0, 'unfinished_worlds': 0}
5280,15,70253,1.055344e-03,5.044937e-03,1.151203e-02,0.000000e+00,0.000000e+00,197,5.528731e-04,0,0,0
5281,16,70269,9.440656e-04,5.080464e-03,1.132753e-02,0.000000e+00,0.000000e+00,198,1.383126e-04,0,0,0
5282,12,70281,1.172733e-03,5.115202e-03,1.139530e-02,0.000000e+00,0.000000e+00,196,1.124740e-04,0,0,0
5283,11,70292,1.405881e-03,5.052909e-03,1.000000e-02,0.000000e+00,0.000000e+00,208,5.304813e-05,0,0,0
5284,10,70302,1.012917e-03,5.013983e-03,1.000000e-02,0.000000e+00,0.000000e+00,191,3.783163e-04,0,0,0
5285,11,70313,1.525000e-03,4.970154e-03,8.688352e-03,0.000000e+00,0.000000e+00,213,4.073232e-05,0,0,0
5286,11,70324,1.429454e-03,4.974596e-03,1.000776e-02,0.000000e+00,0.000000e+00,184,2.337396e-04,0,0,0
5287,12,70336,9.725843e-04,4.995391e-03,9.961775e-03,0.000000e+00,0.000000e+00,201,1.411736e-04,0,0,0
5288,12,70348,1.256151e-03,5.063071e-03,1.000000e-02,0.000000e+00,0.000000e+00,190,4.323348e-04,0,0,0
5289,22,70370,7.741493e-04,5.063548e-03,9.961775e-03,0.000000e+00,0.000000e+00,189,1.355708e-04,0,0,0
5290,14,70384,6.970357e-04,5.151185e-03,1.122032e-02,0.000000e+00,0.000000e+00,188,1.986846e-04,0,0,0
5291,14,70398,1.190664e-03,5.008183e-03,1.001856e-02,0.000000e+00,0.000000e+00,202,6.601214e-06,0,0,0
5292,11,70409,7.562253e-04,5.027409e-03,1.011138e-02,0.000000e+00,0.000000e+00,196,4.500151e-05,0,0,0
5293,13,70422,1.295766e-03,4.961843e-03,1.011651e-02,0.000000e+00,0.000000e+00,193,5.199015e-05,0,0,0
5294,10,70432,1.596180e-03,5.109651e-03,1.168562e-02,0.000000e+00,0.000000e+00,194,8.334219e-05,0,0,0
5295,13,70445,9.518417e-04,5.136986e-03,1.154614e-02,0.000000e+00,0.000000e+00,193,7.443130e-06,0,0,0
5296,14,70459,1.075743e-03,5.071093e-03,1.165827e-02,0.000000e+00,0.000000e+00,190,4.321337e-06,0,0,0
5297,20,70479,6.142645e-04,5.159605e-03,1.000000e-02,0.000000e+00,0.000000e+00,186,4.148483e-05,0,0,0
5298,14,70493,1.113368e-03,5.143858e-03,1.007855e-02,0.000000e+00,0.000000e+00,199,8.150935e-05,0,0,0
5299,11,70504,1.493178e-03,5.124066e-03,9.799358e-03,0.000000e+00,0.000000e+00,183,6.461143e-05,0,0,0
5300,12,70516,1.016091e-03,5.261806e-03,9.753117e-03,0.000000e+00,0.000000e+00,180,9.393576e-05,0,0,0
5301,13,70529,1.462171e-03,5.209095e-03,1.063447e-02,0.000000e+00,0.000000e+00,198,6.284565e-05,0,0,0
5302,14,70543,1.354506e-03,5.182007e-03,1.290123e-02,0.000000e+00,0.000000e+00,200,4.068017e-06,0,0,0
5303,12,70555,1.322470e-03,5.165477e-03,1.074288e-02,0.000000e+00,0.000000e+00,188,7.570274e-04,0,0,0
5304,14,70569,7.518075e-04,5.267390e-03,1.055828e-02,0.000000e+00,0.000000e+00,188,1.190323e-05,0,0,0
5305,12,70581,1.032453e-03,5.164415e-03,1.000000e-02,0.000000e+00,0.000000e+00,198,6.134808e-04,0,0,0
5306,12,70593,1.031125e-03,5.161083e-03,1.089000e-02,0.000000e+00,0.000000e+00,196,6.198883e-06,0,0,0
5307,20,70613,8.785775e-04,4.972530e-03,1.243109e-02,0.000000e+00,0.000000e+00,231,9.232759e-05,0,0,0
5308,17,70630,9.777909e-04,5.158100e-03,1.288920e-02,0.000000e+00,0.000000e+00,189,3.057495e-04,0,0,0
5309,13,70643,1.085964e-03,5.050563e-03,1.408193e-02,0.000000e+00,0.000000e+00,197,3.509969e-05,0,0,0
5310,11,70654,9.618608e-04,5.132851e-03,1.351197e-02,0.000000e+00,0.000000e+00,192,1.601875e-04,0,0,0
5311,9,70663,1.286174e-03,5.074779e-03,1.475268e-02,0.000000e+00,0.000000e+00,190,5.725622e-04,0,0,0
5312,13,70676,1.333057e-03,5.271148e-03,2.151760e-02,0.000000e+00,0.000000e+00,197,1.406539e-04,0,0,0
5313,12,70688,1.227715e-03,5.158925e-03,1.708517e-02,0.000000e+00,0.000000e+00,199,3.230646e-04,0,0,0
5314,11,70699,1.265572e-03,5.245144e-03,1.978287e-02,0.000000e+00,0.000000e+00,195,5.843490e-05,0,0,0
5315,12,70711,1.282932e-03,5.156809e-03,1.341752e-02,0.000000e+00,0.000000e+00,208,3.777165e-05,0,0,0
5316,15,70726,8.938439e-04,5.120491e-03,2.009807e-02,0.000000e+00,0.000000e+00,211,4.463717e-04,0,0,0
5317,18,70744,9.792452e-04,5.127817e-03,1.245750e-02,0.000000e+00,0.000000e+00,199,1.148880e-05,0,0,0
5318,12,70756,1.066398e-03,5.348701e-03,1.091639e-02,0.000000e+00,0.000000e+00,172,2.402067e-05,0,0,0
5319,12,70768,1.261541e-03,5.289275e-03,1.052935e-02,0.000000e+00,0.000000e+00,205,1.350101e-04,0,0,0
5320,16,70784,1.079279e-03,5.351976e-03,1.458317e-02,0.000000e+00,0.000000e+00,181,2.616458e-04,0,0,0
5321,11,70795,1.325390e-03,5.332681e-03,1.370229e-02,0.000000e+00,0.000000e+00,192,5.364418e-07,0,0,0
5322,14,70809,6.982924e-04,5.237599e-03,1.030489e-02,0.000000e+00,0.000000e+00,201,3.108755e-05,0,0,0
5323,13,70822,1.041139e-03,5.052932e-03,1.138657e-02,0.000000e+00,0.000000e+00,207,3.146231e-04,0,0,0
5324,16,70838,1.004380e-03,5.211411e-03,1.757947e-02,0.000000e+00,0.000000e+00,192,1.677144e-04,0,0,0
5325,13,70851,1.140504e-03,5.135294e-03,1.422060e-02,0.000000e+00,0.000000e+00,185,5.160645e-04,0,0,0
5326,14,70865,1.138533e-03,5.227778e-03,1.406513e-02,0.000000e+00,0.000000e+00,182,2.026558e-06,0,0,0
5327,10,70875,1.205341e-03,5.039737e-03,1.054673e-02,0.000000e+00,0.000000e+00,203,7.696226e-04,0,0,0
HIST {'total_samples': 5875794, 'floor_samples': 0, 'floor_fraction': 0.0, 'saturation_depth': 0.0, 'boundaries': 5328, 'capped_boundaries': 0, 'unfinished_worlds': 0}
5328,12,70887,1.274023e-03,5.179409e-03,1.618462e-02,0.000000e+00,0.000000e+00,189,6.758422e-05,0,0,0
5329,14,70901,9.452600e-04,5.106792e-03,1.386462e-02,0.000000e+00,0.000000e+00,199,1.496412e-04,0,0,0
5330,10,70911,1.566787e-03,5.148790e-03,1.294390e-02,0.000000e+00,0.000000e+00,165,4.693568e-04,0,0,0
5331,12,70923,1.157708e-03,5.048942e-03,1.024181e-02,0.000000e+00,0.000000e+00,194,4.979968e-05,0,0,0
5332,21,70944,9.194763e-04,5.136825e-03,1.143393e-02,0.000000e+00,0.000000e+00,196,6.705523e-07,0,0,0
5333,11,70955,1.217120e-03,5.193036e-03,1.000000e-02,0.000000e+00,0.000000e+00,181,2.312660e-05,0,0,0
5334,12,70967,1.239101e-03,5.194777e-03,1.312895e-02,0.000000e+00,0.000000e+00,213,3.490762e-04,0,0,0
5335,22,70989,7.132544e-04,5.021300e-03,1.000000e-02,0.000000e+00,0.000000e+00,209,2.567470e-05,0,0,0
5336,13,71002,1.167645e-03,4.962119e-03,1.128134e-02,0.000000e+00,0.000000e+00,219,5.131364e-04,0,0,0
5337,12,71014,1.175898e-03,4.919902e-03,9.801777e-03,0.000000e+00,0.000000e+00,188,5.282760e-04,0,0,0
5338,13,71027,1.124853e-03,4.996876e-03,1.000000e-02,0.000000e+00,0.000000e+00,193,2.363510e-04,0,0,0
5339,10,71037,1.630206e-03,5.017590e-03,9.808005e-03,0.000000e+00,0.000000e+00,185,5.430356e-04,0,0,0
5340,13,71050,1.391069e-03,5.028060e-03,9.808005e-03,0.000000e+00,0.000000e+00,181,7.312745e-06,0,0,0
5341,16,71066,8.426789e-04,5.072100e-03,9.170785e-03,0.000000e+00,0.000000e+00,196,3.179759e-04,0,0,0
5342,12,71078,9.320432e-04,5.095621e-03,1.739204e-02,0.000000e+00,0.000000e+00,204,3.096461e-05,0,0,0
5343,11,71089,1.054713e-03,4.946836e-03,1.345344e-02,0.000000e+00,0.000000e+00,219,1.042336e-04,0,0,0
5344,17,71106,1.041814e-03,4.980064e-03,1.890492e-02,0.000000e+00,0.000000e+00,198,6.304905e-04,0,0,0
5345,11,71117,1.120067e-03,5.000668e-03,1.131137e-02,0.000000e+00,0.000000e+00,204,2.186298e-04,0,0,0
5346,11,71128,8.881337e-04,4.982430e-03,1.541631e-02,0.000000e+00,0.000000e+00,185,2.080798e-04,0,0,0
5347,13,71141,8.679790e-04,4.807530e-03,1.343577e-02,0.000000e+00,0.000000e+00,209,4.175748e-05,0,0,0
5348,12,71153,1.314251e-03,4.866445e-03,1.401820e-02,0.000000e+00,0.000000e+00,211,3.942847e-05,0,0,0
5349,12,71165,8.748679e-04,4.748917e-03,9.459349e-03,0.000000e+00,0.000000e+00,217,3.935024e-04,0,0,0
5350,14,71179,1.006998e-03,4.870075e-03,1.029552e-02,0.000000e+00,0.000000e+00,203,1.198947e-04,0,0,0
5351,14,71193,8.960082e-04,4.764005e-03,1.213514e-02,0.000000e+00,0.000000e+00,210,2.300739e-05,0,0,0
5352,11,71204,1.042066e-03,4.884551e-03,1.306405e-02,0.000000e+00,0.000000e+00,201,1.207308e-04,0,0,0
5353,14,71218,8.559249e-04,5.000643e-03,1.101358e-02,0.000000e+00,0.000000e+00,190,1.335144e-05,0,0,0
5354,25,71243,5.805732e-04,5.066847e-03,1.650115e-02,0.000000e+00,0.000000e+00,205,5.271435e-04,0,0,0
5355,10,71253,1.415587e-03,5.100792e-03,1.735065e-02,0.000000e+00,0.000000e+00,191,4.081577e-04,0,0,0
5356,11,71264,1.028671e-03,5.082541e-03,1.594925e-02,0.000000e+00,0.000000e+00,197,6.198436e-04,0,0,0
5357,16,71280,8.514926e-04,5.015993e-03,1.000000e-02,0.000000e+00,0.000000e+00,209,1.432225e-04,0,0,0
5358,12,71292,1.297375e-03,5.092442e-03,9.907082e-03,0.000000e+00,0.000000e+00,207,3.307015e-04,0,0,0
5359,11,71303,9.931581e-04,4.921948e-03,9.250139e-03,0.000000e+00,0.000000e+00,212,7.162318e-04,0,0,0
5360,11,71314,1.114541e-03,4.974515e-03,1.022992e-02,0.000000e+00,0.000000e+00,202,3.893524e-04,0,0,0
5361,14,71328,7.941413e-04,4.886527e-03,8.760607e-03,0.000000e+00,0.000000e+00,213,2.102926e-04,0,0,0
5362,12,71340,1.257873e-03,4.990260e-03,1.078812e-02,0.000000e+00,0.000000e+00,187,3.737658e-04,0,0,0
5363,13,71353,9.542839e-04,4.941682e-03,9.822369e-03,0.000000e+00,0.000000e+00,195,2.386868e-04,0,0,0
5364,15,71368,5.982514e-04,4.954241e-03,1.066176e-02,0.000000e+00,0.000000e+00,211,2.800599e-04,0,0,0
5365,12,71380,1.217877e-03,5.022206e-03,1.023162e-02,0.000000e+00,0.000000e+00,201,2.008919e-04,0,0,0
5366,11,71391,1.220625e-03,5.073798e-03,1.065976e-02,0.000000e+00,0.000000e+00,198,1.105666e-04,0,0,0
5367,14,71405,1.113717e-03,5.054800e-03,1.076775e-02,0.000000e+00,0.000000e+00,184,1.327507e-04,0,0,0
5368,12,71417,1.208872e-03,5.221380e-03,1.286805e-02,0.000000e+00,0.000000e+00,169,3.773794e-04,0,0,0
5369,14,71431,1.082872e-03,5.019552e-03,1.031502e-02,0.000000e+00,0.000000e+00,196,1.924336e-04,0,0,0
5370,13,71444,9.714686e-04,5.194298e-03,1.094034e-02,0.000000e+00,0.000000e+00,168,2.491921e-04,0,0,0
5371,13,71457,9.892605e-04,5.075941e-03,1.000000e-02,0.000000e+00,0.000000e+00,194,2.299249e-05,0,0,0
5372,14,71471,1.005826e-03,5.245416e-03,1.089000e-02,0.000000e+00,0.000000e+00,183,2.063811e-05,0,0,0
5373,15,71486,1.012705e-03,5.056944e-03,1.018968e-02,0.000000e+00,0.000000e+00,226,1.006573e-04,0,0,0
5374,15,71501,1.126808e-03,5.080597e-03,1.217161e-02,0.000000e+00,0.000000e+00,184,9.205192e-06,0,0,0
5375,15,71516,1.035640e-03,4.973974e-03,1.000000e-02,0.000000e+00,0.000000e+00,196,5.477667e-05,0,0,0
HIST {'total_samples': 5928565, 'floor_samples': 0, 'floor_fraction': 0.0, 'saturation_depth': 0.0, 'boundaries': 5376, 'capped_boundaries': 0, 'unfinished_worlds': 0}
5376,11,71527,1.207532e-03,5.175631e-03,1.171049e-02,0.000000e+00,0.000000e+00,169,9.047985e-05,0,0,0
5377,11,71538,1.594933e-03,5.076559e-03,1.068624e-02,0.000000e+00,0.000000e+00,203,6.090105e-04,0,0,0
5378,15,71553,9.092693e-04,5.032410e-03,1.129882e-02,0.000000e+00,0.000000e+00,208,2.259016e-04,0,0,0
5379,12,71565,1.046820e-03,4.956187e-03,1.033377e-02,0.000000e+00,0.000000e+00,202,5.032718e-04,0,0,0
5380,12,71577,1.007516e-03,5.081571e-03,1.000000e-02,0.000000e+00,0.000000e+00,173,2.270937e-05,0,0,0
5381,16,71593,1.187779e-03,5.132021e-03,9.812238e-03,0.000000e+00,0.000000e+00,193,1.437962e-05,0,0,0
5382,14,71607,1.129572e-03,5.191013e-03,1.178218e-02,0.000000e+00,0.000000e+00,192,5.526841e-04,0,0,0
5383,11,71618,1.177589e-03,5.088089e-03,1.128514e-02,0.000000e+00,0.000000e+00,201,3.343821e-04,0,0,0
5384,14,71632,9.935332e-04,5.160495e-03,1.000000e-02,0.000000e+00,0.000000e+00,196,7.807463e-05,0,0,0
5385,15,71647,1.037048e-03,5.137671e-03,1.119805e-02,0.000000e+00,0.000000e+00,199,2.563000e-06,0,0,0
5386,12,71659,1.178481e-03,5.012978e-03,1.025289e-02,0.000000e+00,0.000000e+00,208,6.568432e-05,0,0,0
5387,13,71672,1.360261e-03,4.802161e-03,1.090225e-02,0.000000e+00,0.000000e+00,232,5.789995e-04,0,0,0
5388,14,71686,9.837422e-04,5.039125e-03,1.199247e-02,0.000000e+00,0.000000e+00,191,3.635883e-04,0,0,0
5389,13,71699,7.257427e-04,4.978579e-03,9.755448e-03,0.000000e+00,0.000000e+00,192,1.468658e-04,0,0,0
5390,13,71712,7.442202e-04,5.153418e-03,1.087128e-02,0.000000e+00,0.000000e+00,188,7.152557e-05,0,0,0
5391,13,71725,1.037408e-03,5.091655e-03,1.113657e-02,0.000000e+00,0.000000e+00,207,1.719221e-06,0,0,0
5392,12,71737,9.302762e-04,5.122697e-03,1.000000e-02,0.000000e+00,0.000000e+00,202,3.077276e-05,0,0,0
5393,13,71750,1.071089e-03,5.037968e-03,9.444801e-03,0.000000e+00,0.000000e+00,204,2.253614e-05,0,0,0
5394,16,71766,8.405183e-04,5.168715e-03,1.318633e-02,0.000000e+00,0.000000e+00,194,4.100986e-05,0,0,0
5395,12,71778,1.446336e-03,5.084422e-03,1.197900e-02,0.000000e+00,0.000000e+00,213,1.065433e-06,0,0,0
5396,11,71789,1.068052e-03,5.022870e-03,1.196637e-02,0.000000e+00,0.000000e+00,215,5.606264e-04,0,0,0
5397,12,71801,1.125859e-03,5.069936e-03,1.055199e-02,0.000000e+00,0.000000e+00,203,3.492758e-04,0,0,0
5398,12,71813,1.368583e-03,5.071507e-03,1.059492e-02,0.000000e+00,0.000000e+00,204,2.230257e-04,0,0,0
5399,18,71831,7.492311e-04,4.977872e-03,9.870141e-03,0.000000e+00,0.000000e+00,199,4.346669e-04,0,0,0
5400,14,71845,9.451343e-04,5.055204e-03,1.302132e-02,0.000000e+00,0.000000e+00,179,4.184246e-05,0,0,0
5401,11,71856,1.652871e-03,5.108597e-03,1.140827e-02,0.000000e+00,0.000000e+00,162,3.576279e-06,0,0,0
5402,11,71867,1.320012e-03,5.165366e-03,1.059935e-02,0.000000e+00,0.000000e+00,195,4.053824e-04,0,0,0
5403,14,71881,1.280841e-03,5.091023e-03,9.685412e-03,0.000000e+00,0.000000e+00,202,7.843226e-05,0,0,0
5404,12,71893,1.379902e-03,5.166883e-03,1.089000e-02,0.000000e+00,0.000000e+00,195,1.705661e-04,0,0,0
5405,12,71905,1.021587e-03,5.072297e-03,1.000000e-02,0.000000e+00,0.000000e+00,183,2.965033e-04,0,0,0
5406,12,71917,1.211097e-03,5.072646e-03,1.101937e-02,0.000000e+00,0.000000e+00,197,2.439097e-04,0,0,0
5407,11,71928,8.312126e-04,5.041887e-03,9.752211e-03,0.000000e+00,0.000000e+00,196,2.011061e-04,0,0,0
5408,16,71944,6.144358e-04,5.247690e-03,1.209815e-02,0.000000e+00,0.000000e+00,173,4.246235e-04,0,0,0
5409,11,71955,1.105217e-03,5.166391e-03,1.000000e-02,0.000000e+00,0.000000e+00,194,4.532337e-04,0,0,0
5410,14,71969,7.446096e-04,5.266446e-03,1.083042e-02,0.000000e+00,0.000000e+00,193,1.216084e-04,0,0,0
5411,18,71987,1.154741e-03,5.175797e-03,1.004167e-02,0.000000e+00,0.000000e+00,206,8.594990e-05,0,0,0
5412,10,71997,1.456729e-03,5.244423e-03,1.089000e-02,0.000000e+00,0.000000e+00,186,1.513958e-05,0,0,0
5413,13,72010,1.028528e-03,5.083239e-03,1.169817e-02,0.000000e+00,0.000000e+00,216,1.026075e-04,0,0,0
5414,13,72023,1.111911e-03,5.196178e-03,1.351344e-02,0.000000e+00,0.000000e+00,187,3.753006e-04,0,0,0
5415,11,72034,1.505839e-03,5.253913e-03,1.215684e-02,0.000000e+00,0.000000e+00,176,4.747696e-04,0,0,0
5416,15,72049,1.093874e-03,5.180862e-03,1.034537e-02,0.000000e+00,0.000000e+00,199,2.000332e-04,0,0,0
5417,11,72060,1.342645e-03,5.159927e-03,9.788240e-03,0.000000e+00,0.000000e+00,186,8.957684e-04,0,0,0
5418,13,72073,1.026607e-03,5.307405e-03,1.099614e-02,0.000000e+00,0.000000e+00,194,6.750459e-06,0,0,0
5419,12,72085,1.246183e-03,5.244608e-03,1.218953e-02,0.000000e+00,0.000000e+00,192,6.899685e-04,0,0,0
5420,11,72096,1.727441e-03,5.299838e-03,1.426462e-02,0.000000e+00,0.000000e+00,182,1.638383e-04,0,0,0
5421,12,72108,9.990502e-04,5.157077e-03,1.055378e-02,0.000000e+00,0.000000e+00,193,2.458692e-07,0,0,0
5422,10,72118,1.273134e-03,5.177443e-03,1.021893e-02,0.000000e+00,0.000000e+00,195,9.770133e-05,0,0,0
5423,8,72126,1.790799e-03,5.184880e-03,1.082554e-02,0.000000e+00,0.000000e+00,194,4.023910e-04,0,0,0
HIST {'total_samples': 5980355, 'floor_samples': 0, 'floor_fraction': 0.0, 'saturation_depth': 0.0, 'boundaries': 5424, 'capped_boundaries': 0, 'unfinished_worlds': 0}
5424,13,72139,1.185260e-03,5.343363e-03,1.189578e-02,0.000000e+00,0.000000e+00,189,1.097284e-04,0,0,0
5425,11,72150,1.326473e-03,5.237815e-03,1.000000e-02,0.000000e+00,0.000000e+00,189,3.683120e-04,0,0,0
5426,13,72163,1.457923e-03,5.325180e-03,1.026698e-02,0.000000e+00,0.000000e+00,177,3.935769e-06,0,0,0
5427,13,72176,1.028270e-03,5.076812e-03,1.000000e-02,0.000000e+00,0.000000e+00,214,3.527403e-04,0,0,0
5428,14,72190,1.042477e-03,5.231807e-03,1.242305e-02,0.000000e+00,0.000000e+00,184,4.279315e-04,0,0,0
5429,13,72203,1.148912e-03,5.212182e-03,1.337154e-02,0.000000e+00,0.000000e+00,186,9.268522e-05,0,0,0
5430,10,72213,1.666572e-03,5.297325e-03,1.312638e-02,0.000000e+00,0.000000e+00,189,6.602705e-05,0,0,0
5431,14,72227,1.105939e-03,5.201616e-03,1.000000e-02,0.000000e+00,0.000000e+00,193,6.276220e-04,0,0,0
5432,16,72243,9.541516e-04,5.322555e-03,1.089000e-02,0.000000e+00,0.000000e+00,180,5.374998e-04,0,0,0
5433,12,72255,7.214749e-04,5.200286e-03,1.197900e-02,0.000000e+00,0.000000e+00,206,9.615347e-05,0,0,0
5434,11,72266,1.226005e-03,5.288099e-03,1.419143e-02,0.000000e+00,0.000000e+00,182,6.163120e-05,0,0,0
5435,12,72278,1.245770e-03,5.214464e-03,1.000000e-02,0.000000e+00,0.000000e+00,205,7.809605e-05,0,0,0
5436,14,72292,9.481416e-04,5.293384e-03,1.122889e-02,0.000000e+00,0.000000e+00,193,1.162440e-04,0,0,0
5437,11,72303,1.459287e-03,5.278325e-03,1.150987e-02,0.000000e+00,0.000000e+00,191,1.624227e-06,0,0,0
5438,14,72317,9.140880e-04,5.188632e-03,9.862565e-03,0.000000e+00,0.000000e+00,199,5.029142e-05,0,0,0
5439,15,72332,1.004509e-03,5.156460e-03,9.862565e-03,0.000000e+00,0.000000e+00,211,1.845211e-04,0,0,0
5440,13,72345,1.234627e-03,5.292681e-03,1.032114e-02,0.000000e+00,0.000000e+00,180,5.142838e-04,0,0,0
5441,15,72360,1.282828e-03,5.153142e-03,1.125210e-02,0.000000e+00,0.000000e+00,203,1.873225e-04,0,0,0
5442,9,72369,1.545392e-03,5.260880e-03,1.298268e-02,0.000000e+00,0.000000e+00,175,6.227021e-04,0,0,0
5443,16,72385,6.987983e-04,5.280534e-03,1.141037e-02,0.000000e+00,0.000000e+00,212,3.974959e-04,0,0,0
5444,13,72398,9.763772e-04,5.278130e-03,1.247657e-02,0.000000e+00,0.000000e+00,187,8.487701e-05,0,0,0
5445,19,72417,9.876463e-04,5.158294e-03,1.000000e-02,0.000000e+00,0.000000e+00,210,5.275011e-06,0,0,0
5446,15,72432,1.187859e-03,5.239208e-03,1.559355e-02,0.000000e+00,0.000000e+00,189,1.081824e-04,0,0,0
5447,19,72451,9.089882e-04,5.111438e-03,1.259636e-02,0.000000e+00,0.000000e+00,210,5.986542e-06,0,0,0
5448,13,72464,1.293147e-03,5.210346e-03,1.880229e-02,0.000000e+00,0.000000e+00,202,1.874566e-05,0,0,0
5449,12,72476,1.129362e-03,5.237641e-03,1.235734e-02,0.000000e+00,0.000000e+00,178,3.235042e-05,0,0,0
5450,17,72493,1.019592e-03,5.219533e-03,1.300938e-02,0.000000e+00,0.000000e+00,198,2.545118e-05,0,0,0
5451,12,72505,9.981531e-04,5.145504e-03,1.265970e-02,0.000000e+00,0.000000e+00,211,2.861023e-06,0,0,0
5452,13,72518,1.092516e-03,5.406667e-03,1.619103e-02,0.000000e+00,0.000000e+00,179,1.686811e-04,0,0,0
5453,12,72530,1.105763e-03,5.114250e-03,1.152039e-02,0.000000e+00,0.000000e+00,207,1.998246e-04,0,0,0
5454,11,72541,1.271516e-03,5.159119e-03,1.000000e-02,0.000000e+00,0.000000e+00,203,3.496185e-05,0,0,0
5455,13,72554,1.093530e-03,5.039581e-03,1.000000e-02,0.000000e+00,0.000000e+00,212,5.245209e-06,0,0,0
5456,12,72566,8.681108e-04,4.989375e-03,1.099975e-02,0.000000e+00,0.000000e+00,203,1.091883e-04,0,0,0
5457,15,72581,8.842074e-04,5.071820e-03,1.067169e-02,0.000000e+00,0.000000e+00,183,9.343832e-21,0,0,0
5458,14,72595,1.067024e-03,5.201283e-03,1.350355e-02,0.000000e+00,0.000000e+00,191,4.917532e-04,0,0,0
5459,13,72608,1.198761e-03,5.124388e-03,1.000000e-02,0.000000e+00,0.000000e+00,211,6.693881e-09,0,0,0
5460,13,72621,1.234868e-03,5.301286e-03,1.053253e-02,0.000000e+00,0.000000e+00,186,1.607537e-04,0,0,0
5461,12,72633,1.535485e-03,5.269988e-03,9.937136e-03,0.000000e+00,0.000000e+00,185,2.861023e-06,0,0,0
5462,12,72645,1.578419e-03,5.322395e-03,1.073232e-02,0.000000e+00,0.000000e+00,196,9.208173e-04,0,0,0
5463,11,72656,9.771367e-04,5.139811e-03,9.900000e-03,0.000000e+00,0.000000e+00,217,2.185461e-19,0,0,0
5464,12,72668,1.221789e-03,5.201213e-03,1.124256e-02,0.000000e+00,0.000000e+00,180,7.065013e-05,0,0,0
5465,15,72683,9.864174e-04,5.258812e-03,1.055896e-02,0.000000e+00,0.000000e+00,193,7.634163e-04,0,0,0
5466,14,72697,1.484421e-03,5.200858e-03,1.034064e-02,0.000000e+00,0.000000e+00,203,1.933780e-04,0,0,0
5467,15,72712,9.844512e-04,5.175476e-03,1.017481e-02,0.000000e+00,0.000000e+00,216,2.124906e-05,0,0,0
5468,19,72731,8.547909e-04,5.099436e-03,1.134443e-02,0.000000e+00,0.000000e+00,205,1.904368e-04,0,0,0
5469,11,72742,1.301201e-03,5.133715e-03,1.082233e-02,0.000000e+00,0.000000e+00,184,3.033876e-05,0,0,0
5470,12,72754,1.311549e-03,5.189915e-03,1.005641e-02,0.000000e+00,0.000000e+00,205,3.154948e-05,0,0,0
5471,12,72766,1.209009e-03,5.165658e-03,1.047149e-02,0.000000e+00,0.000000e+00,188,1.090299e-05,0,0,0
HIST {'total_samples': 6032111, 'floor_samples': 0, 'floor_fraction': 0.0, 'saturation_depth': 0.0, 'boundaries': 5472, 'capped_boundaries': 0, 'unfinished_worlds': 0}
5472,10,72776,1.409799e-03,5.177710e-03,1.085557e-02,0.000000e+00,0.000000e+00,191,9.972602e-05,0,0,0
5473,9,72785,1.455853e-03,5.188787e-03,9.925578e-03,0.000000e+00,0.000000e+00,206,6.079674e-04,0,0,0
5474,10,72795,1.714502e-03,5.145330e-03,1.209163e-02,0.000000e+00,0.000000e+00,197,4.768372e-06,0,0,0
5475,13,72808,1.046172e-03,4.990399e-03,1.000000e-02,0.000000e+00,0.000000e+00,209,3.590100e-04,0,0,0
5476,13,72821,1.250007e-03,5.188868e-03,1.166130e-02,0.000000e+00,0.000000e+00,207,4.452467e-04,0,0,0
5477,16,72837,9.777151e-04,5.085332e-03,1.072761e-02,0.000000e+00,0.000000e+00,195,1.373794e-05,0,0,0
5478,14,72851,9.560463e-04,5.124453e-03,1.014716e-02,0.000000e+00,0.000000e+00,196,1.724027e-04,0,0,0
5479,13,72864,8.884529e-04,4.995971e-03,1.197900e-02,0.000000e+00,0.000000e+00,235,1.838803e-04,0,0,0
5480,14,72878,9.430914e-04,5.053070e-03,1.146521e-02,0.000000e+00,0.000000e+00,197,1.116991e-04,0,0,0
5481,13,72891,1.353109e-03,5.001909e-03,1.269513e-02,0.000000e+00,0.000000e+00,208,1.977086e-04,0,0,0
5482,11,72902,1.267728e-03,5.029690e-03,1.008838e-02,0.000000e+00,0.000000e+00,204,5.215406e-08,0,0,0
5483,14,72916,1.031641e-03,4.895551e-03,1.082864e-02,0.000000e+00,0.000000e+00,202,3.674659e-04,0,0,0
5484,13,72929,1.136628e-03,5.066353e-03,1.036910e-02,0.000000e+00,0.000000e+00,179,1.364946e-05,0,0,0
5485,12,72941,1.379839e-03,4.984857e-03,1.000000e-02,0.000000e+00,0.000000e+00,207,3.886223e-05,0,0,0
5486,11,72952,9.124475e-04,4.984571e-03,1.096645e-02,0.000000e+00,0.000000e+00,198,6.873608e-04,0,0,0
5487,16,72968,9.818899e-04,4.981764e-03,1.000000e-02,0.000000e+00,0.000000e+00,198,1.924755e-04,0,0,0
5488,16,72984,8.008524e-04,4.899170e-03,9.866983e-03,0.000000e+00,0.000000e+00,214,1.707003e-04,0,0,0
5489,17,73001,9.396802e-04,4.830064e-03,1.054572e-02,0.000000e+00,0.000000e+00,210,9.311549e-05,0,0,0
5490,18,73019,1.098014e-03,4.909754e-03,1.104727e-02,0.000000e+00,0.000000e+00,208,2.434198e-05,0,0,0
5491,12,73031,1.119460e-03,4.960470e-03,1.000000e-02,0.000000e+00,0.000000e+00,199,2.541244e-04,0,0,0
5492,11,73042,1.260796e-03,5.118552e-03,1.128614e-02,0.000000e+00,0.000000e+00,197,2.397411e-04,0,0,0
5493,11,73053,1.213511e-03,5.048101e-03,1.000000e-02,0.000000e+00,0.000000e+00,203,1.152232e-05,0,0,0
5494,11,73064,1.218473e-03,5.182355e-03,1.184792e-02,0.000000e+00,0.000000e+00,187,3.330410e-06,0,0,0
5495,16,73080,9.461220e-04,5.046031e-03,1.025590e-02,0.000000e+00,0.000000e+00,205,1.211762e-04,0,0,0
5496,12,73092,8.947981e-04,5.018372e-03,1.000000e-02,0.000000e+00,0.000000e+00,212,6.544665e-04,0,0,0
5497,16,73108,1.018698e-03,5.032268e-03,1.046809e-02,0.000000e+00,0.000000e+00,206,4.128516e-04,0,0,0
5498,17,73125,9.204211e-04,5.015624e-03,1.017703e-02,0.000000e+00,0.000000e+00,194,6.370246e-06,0,0,0
5499,10,73135,8.698880e-04,5.133965e-03,1.001965e-02,0.000000e+00,0.000000e+00,181,1.934171e-04,0,0,0
5500,12,73147,1.026201e-03,4.969413e-03,1.000000e-02,0.000000e+00,0.000000e+00,219,1.679733e-04,0,0,0
5501,17,73164,6.545748e-04,4.914619e-03,9.392692e-03,0.000000e+00,0.000000e+00,211,1.822058e-04,0,0,0
5502,16,73180,1.338878e-03,5.048651e-03,9.638565e-03,0.000000e+00,0.000000e+00,185,2.092868e-05,0,0,0
5503,13,73193,1.186267e-03,4.961838e-03,1.007435e-02,0.000000e+00,0.000000e+00,192,1.046825e-04,0,0,0
5504,15,73208,7.200646e-04,5.061189e-03,1.092049e-02,0.000000e+00,0.000000e+00,180,1.640115e-04,0,0,0
5505,12,73220,1.151572e-03,5.090196e-03,1.000000e-02,0.000000e+00,0.000000e+00,195,3.585108e-04,0,0,0
5506,12,73232,1.366383e-03,5.129616e-03,1.270785e-02,0.000000e+00,0.000000e+00,191,1.898110e-04,0,0,0
5507,13,73245,9.647879e-04,5.026303e-03,1.397864e-02,0.000000e+00,0.000000e+00,198,5.028695e-04,0,0,0
5508,11,73256,1.355020e-03,5.012178e-03,1.000994e-02,0.000000e+00,0.000000e+00,192,3.250688e-05,0,0,0
5509,10,73266,1.063299e-03,4.925306e-03,9.403031e-03,0.000000e+00,0.000000e+00,210,2.872944e-05,0,0,0
5510,12,73278,1.496164e-03,4.888879e-03,1.039961e-02,0.000000e+00,0.000000e+00,200,7.778257e-04,0,0,0
5511,11,73289,1.575887e-03,4.920251e-03,1.109106e-02,0.000000e+00,0.000000e+00,211,4.708767e-05,0,0,0
5512,10,73299,1.384528e-03,5.041000e-03,1.090682e-02,0.000000e+00,0.000000e+00,178,5.229712e-04,0,0,0
5513,10,73309,1.201812e-03,5.182524e-03,1.000000e-02,0.000000e+00,0.000000e+00,184,3.499314e-04,0,0,0
5514,11,73320,1.564555e-03,5.067720e-03,1.166776e-02,0.000000e+00,0.000000e+00,207,1.061708e-05,0,0,0
5515,12,73332,1.112656e-03,4.956948e-03,1.261325e-02,0.000000e+00,0.000000e+00,208,4.840642e-05,0,0,0
5516,15,73347,1.418805e-03,4.947788e-03,1.026617e-02,0.000000e+00,0.000000e+00,191,1.768805e-04,0,0,0
5517,12,73359,1.405187e-03,5.020821e-03,9.758665e-03,0.000000e+00,0.000000e+00,191,1.826882e-05,0,0,0
5518,10,73369,1.377322e-03,4.972395e-03,1.089000e-02,0.000000e+00,0.000000e+00,203,4.460812e-04,0,0,0
5519,13,73382,1.130581e-03,4.849078e-03,1.000000e-02,0.000000e+00,0.000000e+00,218,2.758056e-04,0,0,0
HIST {'total_samples': 6085145, 'floor_samples': 0, 'floor_fraction': 0.0, 'saturation_depth': 0.0, 'boundaries': 5520, 'capped_boundaries': 0, 'unfinished_worlds': 0}
5520,14,73396,9.968685e-04,5.069514e-03,1.113324e-02,0.000000e+00,0.000000e+00,194,3.446639e-05,0,0,0
5521,14,73410,1.208889e-03,5.054475e-03,1.000000e-02,0.000000e+00,0.000000e+00,202,8.402765e-05,0,0,0
5522,12,73422,1.488955e-03,5.101836e-03,9.775164e-03,0.000000e+00,0.000000e+00,194,5.105510e-05,0,0,0
5523,11,73433,6.569627e-04,5.022021e-03,1.061875e-02,0.000000e+00,0.000000e+00,221,2.045184e-06,0,0,0
5524,12,73445,1.361785e-03,5.095067e-03,1.056496e-02,0.000000e+00,0.000000e+00,215,8.768905e-04,0,0,0
5525,14,73459,9.554080e-04,4.995458e-03,1.027509e-02,0.000000e+00,0.000000e+00,217,4.324019e-04,0,0,0
5526,15,73474,1.225445e-03,5.043586e-03,1.042929e-02,0.000000e+00,0.000000e+00,187,5.532056e-06,0,0,0
5527,13,73487,1.055912e-03,5.063763e-03,1.000000e-02,0.000000e+00,0.000000e+00,204,4.925448e-04,0,0,0
5528,14,73501,8.594954e-04,5.159725e-03,1.304329e-02,0.000000e+00,0.000000e+00,220,4.182383e-05,0,0,0
5529,18,73519,8.906503e-04,5.092093e-03,1.033181e-02,0.000000e+00,0.000000e+00,213,1.199096e-04,0,0,0
5530,11,73530,1.120456e-03,5.029281e-03,1.525966e-02,0.000000e+00,0.000000e+00,202,1.972914e-05,0,0,0
5531,16,73546,1.100664e-03,4.967769e-03,1.000000e-02,0.000000e+00,0.000000e+00,210,1.448002e-04,0,0,0
5532,12,73558,1.600860e-03,5.206814e-03,1.278961e-02,0.000000e+00,0.000000e+00,187,5.601048e-04,0,0,0
5533,15,73573,1.406382e-03,5.092656e-03,1.229206e-02,0.000000e+00,0.000000e+00,225,1.490116e-06,0,0,0
5534,14,73587,9.492200e-04,5.158576e-03,1.200570e-02,0.000000e+00,0.000000e+00,196,7.130280e-04,0,0,0
5535,14,73601,1.247603e-03,5.042037e-03,1.217157e-02,0.000000e+00,0.000000e+00,197,2.284348e-05,0,0,0
5536,11,73612,1.308212e-03,5.030049e-03,1.008292e-02,0.000000e+00,0.000000e+00,201,1.258478e-04,0,0,0
5537,13,73625,1.527511e-03,5.088952e-03,1.000000e-02,0.000000e+00,0.000000e+00,213,1.863092e-04,0,0,0
5538,12,73637,8.957607e-04,5.034227e-03,1.004372e-02,0.000000e+00,0.000000e+00,229,3.846809e-04,0,0,0
5539,12,73649,1.120212e-03,4.985946e-03,1.104809e-02,0.000000e+00,0.000000e+00,218,5.296730e-04,0,0,0
5540,12,73661,1.405918e-03,5.096555e-03,1.102843e-02,0.000000e+00,0.000000e+00,199,4.493538e-05,0,0,0
5541,10,73671,1.655112e-03,5.010201e-03,9.958273e-03,0.000000e+00,0.000000e+00,209,3.631115e-04,0,0,0
5542,13,73684,1.160400e-03,5.073015e-03,1.032754e-02,0.000000e+00,0.000000e+00,199,6.830692e-05,0,0,0
5543,13,73697,1.387790e-03,5.055206e-03,9.413850e-03,0.000000e+00,0.000000e+00,211,7.692724e-06,0,0,0
5544,13,73710,1.042022e-03,5.173439e-03,1.076672e-02,0.000000e+00,0.000000e+00,202,1.448625e-19,0,0,0
5545,9,73719,1.142431e-03,5.073345e-03,1.000000e-02,0.000000e+00,0.000000e+00,200,1.341701e-04,0,0,0
5546,12,73731,1.037399e-03,5.084130e-03,1.241086e-02,0.000000e+00,0.000000e+00,211,1.489371e-04,0,0,0
5547,13,73744,9.743207e-04,5.007294e-03,1.275817e-02,0.000000e+00,0.000000e+00,210,3.974140e-05,0,0,0
5548,14,73758,1.361805e-03,5.058409e-03,1.056648e-02,0.000000e+00,0.000000e+00,210,2.989732e-05,0,0,0
5549,16,73774,8.964271e-04,5.025270e-03,1.000000e-02,0.000000e+00,0.000000e+00,203,9.657443e-05,0,0,0
5550,13,73787,1.076227e-03,4.960883e-03,1.100283e-02,0.000000e+00,0.000000e+00,214,2.615005e-04,0,0,0
5551,14,73801,9.508868e-04,4.886542e-03,1.021535e-02,0.000000e+00,0.000000e+00,212,9.894371e-06,0,0,0
5552,13,73814,8.042958e-04,4.979732e-03,1.237680e-02,0.000000e+00,0.000000e+00,202,3.921799e-05,0,0,0
5553,12,73826,1.142636e-03,4.872888e-03,1.000000e-02,0.000000e+00,0.000000e+00,219,1.789033e-04,0,0,0
5554,17,73843,1.083397e-03,4.916309e-03,1.136462e-02,0.000000e+00,0.000000e+00,204,1.487136e-05,0,0,0
5555,13,73856,1.128489e-03,4.920102e-03,1.000000e-02,0.000000e+00,0.000000e+00,206,1.765862e-04,0,0,0
5556,13,73869,1.106064e-03,4.935462e-03,1.000000e-02,0.000000e+00,0.000000e+00,208,1.602806e-04,0,0,0
5557,11,73880,1.375287e-03,4.945088e-03,1.115216e-02,0.000000e+00,0.000000e+00,207,1.198053e-05,0,0,0
5558,16,73896,1.011262e-03,5.064555e-03,9.878961e-03,0.000000e+00,0.000000e+00,191,2.009794e-06,0,0,0
5559,16,73912,9.321927e-04,5.008721e-03,1.028492e-02,0.000000e+00,0.000000e+00,197,5.301163e-04,0,0,0
5560,22,73934,7.748015e-04,5.000123e-03,1.134505e-02,0.000000e+00,0.000000e+00,219,7.322058e-05,0,0,0
5561,17,73951,1.083437e-03,4.942530e-03,1.057209e-02,0.000000e+00,0.000000e+00,216,1.502419e-04,0,0,0
5562,11,73962,1.259896e-03,4.928879e-03,1.074078e-02,0.000000e+00,0.000000e+00,199,7.068366e-05,0,0,0
5563,11,73973,1.336673e-03,4.933603e-03,1.072027e-02,0.000000e+00,0.000000e+00,199,3.545880e-04,0,0,0
5564,12,73985,1.418095e-03,5.044033e-03,1.219991e-02,0.000000e+00,0.000000e+00,189,1.075268e-04,0,0,0
5565,13,73998,1.621186e-03,5.010968e-03,1.000000e-02,0.000000e+00,0.000000e+00,202,1.435818e-04,0,0,0
5566,12,74010,1.501950e-03,5.082768e-03,1.617645e-02,0.000000e+00,0.000000e+00,198,7.450581e-07,0,0,0
5567,11,74021,9.909379e-04,4.988602e-03,1.004343e-02,0.000000e+00,0.000000e+00,205,6.329268e-06,0,0,0
HIST {'total_samples': 6138970, 'floor_samples': 0, 'floor_fraction': 0.0, 'saturation_depth': 0.0, 'boundaries': 5568, 'capped_boundaries': 0, 'unfinished_worlds': 0}
5568,18,74039,7.200859e-04,4.955149e-03,1.118061e-02,0.000000e+00,0.000000e+00,213,5.119890e-04,0,0,0
5569,12,74051,1.210342e-03,4.820919e-03,9.868174e-03,0.000000e+00,0.000000e+00,241,2.164915e-04,0,0,0
5570,11,74062,1.382784e-03,4.981379e-03,1.062051e-02,0.000000e+00,0.000000e+00,203,6.090403e-04,0,0,0
5571,12,74074,1.466689e-03,4.865234e-03,1.000000e-02,0.000000e+00,0.000000e+00,208,7.264316e-08,0,0,0
5572,12,74086,1.248631e-03,4.917289e-03,1.166496e-02,0.000000e+00,0.000000e+00,193,1.857430e-04,0,0,0
5573,12,74098,1.229664e-03,4.824929e-03,1.285467e-02,0.000000e+00,0.000000e+00,223,5.546510e-04,0,0,0
5574,12,74110,1.099967e-03,4.839185e-03,1.000000e-02,0.000000e+00,0.000000e+00,199,1.332164e-05,0,0,0
5575,13,74123,9.293431e-04,4.862051e-03,1.069837e-02,0.000000e+00,0.000000e+00,219,1.862645e-05,0,0,0
5576,10,74133,1.331994e-03,4.997219e-03,1.000000e-02,0.000000e+00,0.000000e+00,201,3.573671e-05,0,0,0
5577,11,74144,1.466163e-03,4.903086e-03,1.016425e-02,0.000000e+00,0.000000e+00,212,8.381251e-05,0,0,0
5578,12,74156,1.242002e-03,4.815325e-03,1.005814e-02,0.000000e+00,0.000000e+00,214,7.823110e-06,0,0,0
5579,11,74167,8.246113e-04,4.822971e-03,9.186875e-03,0.000000e+00,0.000000e+00,210,8.297712e-05,0,0,0
5580,11,74178,1.212173e-03,4.899533e-03,9.436391e-03,0.000000e+00,0.000000e+00,191,3.339350e-04,0,0,0
5581,12,74190,8.262487e-04,4.778413e-03,1.015897e-02,0.000000e+00,0.000000e+00,214,1.877546e-06,0,0,0
5582,12,74202,1.245776e-03,4.899202e-03,1.000000e-02,0.000000e+00,0.000000e+00,209,1.282338e-05,0,0,0
5583,12,74214,5.664521e-04,4.888301e-03,9.906699e-03,0.000000e+00,0.000000e+00,196,9.544194e-05,0,0,0
5584,14,74228,1.425219e-03,5.047377e-03,1.188145e-02,0.000000e+00,0.000000e+00,186,3.925860e-04,0,0,0
5585,12,74240,1.011531e-03,4.973255e-03,1.148367e-02,0.000000e+00,0.000000e+00,195,3.634393e-05,0,0,0
5586,12,74252,1.149280e-03,4.903513e-03,1.212474e-02,0.000000e+00,0.000000e+00,204,2.484769e-05,0,0,0
5587,10,74262,1.560364e-03,4.914718e-03,1.022708e-02,0.000000e+00,0.000000e+00,192,1.725927e-04,0,0,0
5588,14,74276,1.501909e-03,5.100952e-03,1.053940e-02,0.000000e+00,0.000000e+00,199,2.163649e-05,0,0,0
5589,14,74290,1.519788e-03,5.084237e-03,1.000000e-02,0.000000e+00,0.000000e+00,195,8.022413e-05,0,0,0
5590,29,74319,4.105728e-04,5.185601e-03,1.104106e-02,0.000000e+00,0.000000e+00,174,1.826286e-04,0,0,0
5591,20,74339,3.951119e-04,5.047911e-03,1.047817e-02,0.000000e+00,0.000000e+00,214,1.423657e-04,0,0,0
5592,15,74354,1.001921e-03,5.012024e-03,1.110003e-02,0.000000e+00,0.000000e+00,208,2.908707e-04,0,0,0
5593,13,74367,1.045950e-03,4.960549e-03,1.116146e-02,0.000000e+00,0.000000e+00,196,7.208437e-07,0,0,0
5594,13,74380,1.340661e-03,4.932697e-03,1.262643e-02,0.000000e+00,0.000000e+00,211,7.271767e-06,0,0,0
5595,11,74391,1.387561e-03,4.964808e-03,1.000000e-02,0.000000e+00,0.000000e+00,191,4.753238e-04,0,0,0
5596,10,74401,1.535926e-03,5.060532e-03,1.287307e-02,0.000000e+00,0.000000e+00,190,2.330542e-05,0,0,0
5597,10,74411,1.471398e-03,5.117355e-03,1.396324e-02,0.000000e+00,0.000000e+00,196,8.831732e-06,0,0,0
5598,12,74423,1.307657e-03,5.213688e-03,1.089000e-02,0.000000e+00,0.000000e+00,198,4.391186e-06,0,0,0
5599,16,74439,8.449384e-04,5.112418e-03,1.000000e-02,0.000000e+00,0.000000e+00,203,1.385808e-06,0,0,0
5600,16,74455,1.100442e-03,5.045244e-03,1.312472e-02,0.000000e+00,0.000000e+00,207,1.061708e-05,0,0,0
5601,14,74469,9.522194e-04,5.055674e-03,1.052457e-02,0.000000e+00,0.000000e+00,198,2.742391e-04,0,0,0
5602,13,74482,9.553932e-04,5.042829e-03,1.001125e-02,0.000000e+00,0.000000e+00,216,4.275143e-05,0,0,0
5603,16,74498,1.285825e-03,4.993554e-03,1.089000e-02,0.000000e+00,0.000000e+00,196,1.258403e-04,0,0,0
5604,12,74510,1.180605e-03,5.209394e-03,1.197900e-02,0.000000e+00,0.000000e+00,181,4.927814e-05,0,0,0
5605,15,74525,9.108643e-04,5.043642e-03,1.000000e-02,0.000000e+00,0.000000e+00,202,2.920106e-04,0,0,0
5606,16,74541,1.056883e-03,5.078445e-03,1.029122e-02,0.000000e+00,0.000000e+00,183,3.996491e-05,0,0,0
5607,14,74555,1.694011e-03,4.978156e-03,1.047010e-02,0.000000e+00,0.000000e+00,207,1.037121e-05,0,0,0
5608,12,74567,1.422665e-03,5.019359e-03,1.166285e-02,0.000000e+00,0.000000e+00,203,6.018137e-05,0,0,0
5609,14,74581,1.198233e-03,5.010161e-03,1.089000e-02,0.000000e+00,0.000000e+00,204,1.077652e-04,0,0,0
5610,10,74591,1.505563e-03,5.115955e-03,1.093618e-02,0.000000e+00,0.000000e+00,191,3.987551e-05,0,0,0
5611,11,74602,1.126943e-03,5.060336e-03,1.046913e-02,0.000000e+00,0.000000e+00,193,1.457427e-04,0,0,0
5612,10,74612,1.084464e-03,5.138634e-03,1.311320e-02,0.000000e+00,0.000000e+00,197,4.826188e-04,0,0,0
5613,11,74623,1.230282e-03,4.953670e-03,1.266765e-02,0.000000e+00,0.000000e+00,219,3.402792e-04,0,0,0
5614,10,74633,1.711495e-03,5.011204e-03,1.056344e-02,0.000000e+00,0.000000e+00,186,1.228787e-05,0,0,0
5615,12,74645,9.694113e-04,4.985331e-03,1.000000e-02,0.000000e+00,0.000000e+00,206,5.196035e-05,0,0,0
HIST {'total_samples': 6192347, 'floor_samples': 0, 'floor_fraction': 0.0, 'saturation_depth': 0.0, 'boundaries': 5616, 'capped_boundaries': 0, 'unfinished_worlds': 0}
5616,11,74656,7.860592e-04,5.124278e-03,1.000000e-02,0.000000e+00,0.000000e+00,197,2.315044e-04,0,0,0
5617,15,74671,1.020613e-03,4.978970e-03,9.674367e-03,0.000000e+00,0.000000e+00,209,1.437962e-06,0,0,0
5618,15,74686,9.791732e-04,4.973207e-03,1.082081e-02,0.000000e+00,0.000000e+00,195,4.884303e-04,0,0,0
5619,12,74698,1.228085e-03,4.977592e-03,1.000000e-02,0.000000e+00,0.000000e+00,190,1.024455e-04,0,0,0
5620,13,74711,1.112785e-03,5.185641e-03,1.095377e-02,0.000000e+00,0.000000e+00,174,3.683567e-05,0,0,0
5621,13,74724,1.056586e-03,5.150371e-03,1.000000e-02,0.000000e+00,0.000000e+00,196,1.714379e-05,0,0,0
5622,15,74739,1.103144e-03,4.971456e-03,1.146516e-02,0.000000e+00,0.000000e+00,222,4.626587e-20,0,0,0
5623,11,74750,1.108528e-03,5.056204e-03,9.198217e-03,0.000000e+00,0.000000e+00,181,5.773008e-04,0,0,0
5624,11,74761,1.123879e-03,5.045072e-03,1.013912e-02,0.000000e+00,0.000000e+00,204,1.845211e-04,0,0,0
5625,11,74772,1.429260e-03,5.007945e-03,1.134589e-02,0.000000e+00,0.000000e+00,203,2.249181e-04,0,0,0
5626,16,74788,9.195308e-04,4.935411e-03,1.248048e-02,0.000000e+00,0.000000e+00,195,9.529121e-22,0,0,0
5627,12,74800,1.614772e-03,5.000251e-03,9.235109e-03,0.000000e+00,0.000000e+00,194,3.729761e-05,0,0,0
5628,13,74813,9.815728e-04,5.029101e-03,1.049604e-02,0.000000e+00,0.000000e+00,189,2.119690e-05,0,0,0
5629,12,74825,1.077006e-03,5.072580e-03,1.000000e-02,0.000000e+00,0.000000e+00,186,2.683699e-05,0,0,0
5630,16,74841,8.121229e-04,4.996288e-03,1.037224e-02,0.000000e+00,0.000000e+00,206,3.277957e-04,0,0,0
5631,13,74854,9.728421e-04,5.002176e-03,1.148329e-02,0.000000e+00,0.000000e+00,189,1.283586e-04,0,0,0
5632,10,74864,8.501231e-04,5.000738e-03,1.000000e-02,0.000000e+00,0.000000e+00,191,3.163218e-04,0,0,0
5633,16,74880,1.046546e-03,5.115878e-03,1.138269e-02,0.000000e+00,0.000000e+00,176,7.364899e-05,0,0,0
5634,11,74891,1.298126e-03,5.206585e-03,1.018384e-02,0.000000e+00,0.000000e+00,189,2.406836e-04,0,0,0
5635,14,74905,1.072590e-03,5.153441e-03,9.909505e-03,0.000000e+00,0.000000e+00,213,1.460314e-06,0,0,0
5636,12,74917,1.299136e-03,5.253986e-03,1.272527e-02,0.000000e+00,0.000000e+00,204,3.544986e-05,0,0,0
5637,16,74933,8.017482e-04,5.226370e-03,1.186042e-02,0.000000e+00,0.000000e+00,193,4.042685e-05,0,0,0
5638,12,74945,1.349365e-03,5.338906e-03,1.000000e-02,0.000000e+00,0.000000e+00,184,5.834103e-04,0,0,0
5639,10,74955,9.865302e-04,5.187528e-03,1.065292e-02,0.000000e+00,0.000000e+00,206,2.890825e-05,0,0,0
5640,10,74965,1.335061e-03,5.311953e-03,1.224634e-02,0.000000e+00,0.000000e+00,184,2.289005e-04,0,0,0
5641,11,74976,1.528683e-03,5.120562e-03,1.000000e-02,0.000000e+00,0.000000e+00,213,8.755177e-05,0,0,0
5642,11,74987,1.524341e-03,5.291642e-03,1.417903e-02,0.000000e+00,0.000000e+00,181,3.313348e-04,0,0,0
5643,13,75000,1.219069e-03,5.180514e-03,1.204680e-02,0.000000e+00,0.000000e+00,202,7.249415e-06,0,0,0
5644,11,75011,1.662615e-03,5.209430e-03,1.459574e-02,0.000000e+00,0.000000e+00,188,9.136945e-04,0,0,0
5645,19,75030,8.919063e-04,5.185254e-03,1.056618e-02,0.000000e+00,0.000000e+00,200,1.321435e-04,0,0,0
5646,13,75043,1.339932e-03,5.379248e-03,1.504653e-02,0.000000e+00,0.000000e+00,177,1.961067e-04,0,0,0
5647,12,75055,1.087677e-03,5.145511e-03,1.089000e-02,0.000000e+00,0.000000e+00,219,8.416735e-05,0,0,0
5648,13,75068,1.093993e-03,5.265963e-03,1.197900e-02,0.000000e+00,0.000000e+00,167,6.785989e-04,0,0,0
5649,16,75084,9.185279e-04,5.206040e-03,1.309988e-02,0.000000e+00,0.000000e+00,201,4.804134e-05,0,0,0
5650,12,75096,1.105390e-03,5.169853e-03,1.076503e-02,0.000000e+00,0.000000e+00,201,1.546741e-05,0,0,0
5651,13,75109,1.102440e-03,5.061467e-03,1.000000e-02,0.000000e+00,0.000000e+00,193,3.503747e-04,0,0,0
5652,12,75121,1.123530e-03,5.136400e-03,1.012396e-02,0.000000e+00,0.000000e+00,182,4.360527e-04,0,0,0
5653,13,75134,9.388625e-04,5.138468e-03,1.650845e-02,0.000000e+00,0.000000e+00,196,3.250316e-07,0,0,0
5654,11,75145,9.675934e-04,5.230593e-03,1.271128e-02,0.000000e+00,0.000000e+00,183,1.413524e-04,0,0,0
5655,11,75156,1.262825e-03,5.136872e-03,9.705420e-03,0.000000e+00,0.000000e+00,192,1.913309e-04,0,0,0
5656,16,75172,9.561685e-04,5.191598e-03,1.103967e-02,0.000000e+00,0.000000e+00,204,1.387671e-04,0,0,0
5657,16,75188,6.773703e-04,5.175462e-03,1.000000e-02,0.000000e+00,0.000000e+00,177,1.388670e-04,0,0,0
5658,20,75208,7.448379e-04,5.217911e-03,1.202863e-02,0.000000e+00,0.000000e+00,185,7.103756e-04,0,0,0
5659,19,75227,8.950346e-04,5.021830e-03,1.091831e-02,0.000000e+00,0.000000e+00,205,1.552701e-04,0,0,0
5660,16,75243,7.104619e-04,5.103505e-03,1.219154e-02,0.000000e+00,0.000000e+00,173,4.919767e-04,0,0,0
5661,11,75254,8.675252e-04,5.034323e-03,1.000000e-02,0.000000e+00,0.000000e+00,204,8.592010e-05,0,0,0
5662,13,75267,6.151386e-04,5.294542e-03,1.246053e-02,0.000000e+00,0.000000e+00,170,4.810095e-05,0,0,0
5663,15,75282,6.851960e-04,5.296085e-03,1.571029e-02,0.000000e+00,0.000000e+00,177,3.117248e-04,0,0,0
HIST {'total_samples': 6244315, 'floor_samples': 0, 'floor_fraction': 0.0, 'saturation_depth': 0.0, 'boundaries': 5664, 'capped_boundaries': 0, 'unfinished_worlds': 0}
5664,12,75294,1.493689e-03,5.387210e-03,1.161588e-02,0.000000e+00,0.000000e+00,187,2.047420e-05,0,0,0
5665,14,75308,1.040317e-03,5.162672e-03,1.151211e-02,0.000000e+00,0.000000e+00,222,1.588464e-05,0,0,0
5666,13,75321,1.034712e-03,5.101975e-03,1.354599e-02,0.000000e+00,0.000000e+00,201,8.190759e-04,0,0,0
5667,18,75339,8.821670e-04,5.065859e-03,1.328659e-02,0.000000e+00,0.000000e+00,193,2.706051e-05,0,0,0
5668,13,75352,1.119172e-03,5.212050e-03,1.098419e-02,0.000000e+00,0.000000e+00,179,1.162291e-06,0,0,0
5669,13,75365,8.955624e-04,5.091496e-03,1.208261e-02,0.000000e+00,0.000000e+00,204,2.690554e-04,0,0,0
5670,12,75377,1.292498e-03,5.174488e-03,1.180352e-02,0.000000e+00,0.000000e+00,193,5.796552e-05,0,0,0
5671,11,75388,1.035938e-03,5.096377e-03,1.000000e-02,0.000000e+00,0.000000e+00,188,3.005471e-05,0,0,0
5672,12,75400,8.398111e-04,5.057587e-03,1.092552e-02,0.000000e+00,0.000000e+00,191,9.365380e-06,0,0,0
5673,14,75414,1.130570e-03,5.113019e-03,1.197900e-02,0.000000e+00,0.000000e+00,191,7.504225e-05,0,0,0
5674,20,75434,8.016959e-04,5.096897e-03,1.000000e-02,0.000000e+00,0.000000e+00,201,2.616877e-05,0,0,0
5675,14,75448,8.572151e-04,5.056175e-03,1.058568e-02,0.000000e+00,0.000000e+00,188,5.534515e-04,0,0,0
5676,11,75459,1.132803e-03,5.198840e-03,1.000000e-02,0.000000e+00,0.000000e+00,182,3.535748e-04,0,0,0
5677,11,75470,1.075248e-03,5.147198e-03,9.637430e-03,0.000000e+00,0.000000e+00,186,6.352365e-05,0,0,0
5678,29,75499,4.721929e-04,5.220743e-03,1.283926e-02,0.000000e+00,0.000000e+00,180,2.503395e-06,0,0,0
5679,13,75512,9.568918e-04,5.102230e-03,1.001606e-02,0.000000e+00,0.000000e+00,205,4.792958e-05,0,0,0
5680,15,75527,1.076376e-03,5.049536e-03,1.089000e-02,0.000000e+00,0.000000e+00,202,2.168212e-05,0,0,0
5681,14,75541,1.275002e-03,4.992079e-03,9.914017e-03,0.000000e+00,0.000000e+00,191,2.818927e-05,0,0,0
5682,14,75555,1.129423e-03,5.182604e-03,1.071679e-02,0.000000e+00,0.000000e+00,179,3.881752e-05,0,0,0
5683,13,75568,1.214970e-03,5.089159e-03,1.025776e-02,0.000000e+00,0.000000e+00,207,4.777033e-04,0,0,0
5684,13,75581,1.274673e-03,5.177673e-03,1.205105e-02,0.000000e+00,0.000000e+00,167,7.838011e-06,0,0,0
5685,9,75590,1.517533e-03,5.101049e-03,1.031554e-02,0.000000e+00,0.000000e+00,188,2.991920e-04,0,0,0
5686,16,75606,1.150543e-03,5.290351e-03,1.159944e-02,0.000000e+00,0.000000e+00,176,5.930662e-06,0,0,0
5687,14,75620,1.116215e-03,5.159088e-03,1.089068e-02,0.000000e+00,0.000000e+00,210,2.607703e-05,0,0,0
5688,15,75635,9.735393e-04,5.144297e-03,1.123325e-02,0.000000e+00,0.000000e+00,195,2.463348e-05,0,0,0
5689,13,75648,1.556652e-03,5.012714e-03,9.741119e-03,0.000000e+00,0.000000e+00,204,1.021205e-04,0,0,0
5690,14,75662,1.139822e-03,5.050567e-03,1.000000e-02,0.000000e+00,0.000000e+00,185,1.412481e-04,0,0,0
5691,14,75676,7.900804e-04,4.971704e-03,9.741119e-03,0.000000e+00,0.000000e+00,213,6.271899e-05,0,0,0
5692,16,75692,8.514649e-04,5.158210e-03,1.131079e-02,0.000000e+00,0.000000e+00,193,4.651099e-04,0,0,0
5693,14,75706,1.220565e-03,5.020758e-03,9.833323e-03,0.000000e+00,0.000000e+00,205,2.838671e-05,0,0,0
5694,14,75720,1.012682e-03,5.029387e-03,1.029980e-02,0.000000e+00,0.000000e+00,194,9.696931e-05,0,0,0
5695,10,75730,1.459946e-03,4.971098e-03,1.000000e-02,0.000000e+00,0.000000e+00,199,3.398582e-05,0,0,0
5696,12,75742,1.031627e-03,4.979094e-03,1.064724e-02,0.000000e+00,0.000000e+00,195,8.726865e-04,0,0,0
5697,12,75754,9.710259e-04,4.869219e-03,1.000000e-02,0.000000e+00,0.000000e+00,206,4.391372e-04,0,0,0
5698,13,75767,1.040915e-03,5.106601e-03,1.087830e-02,0.000000e+00,0.000000e+00,188,8.508563e-06,0,0,0
5699,11,75778,1.119693e-03,5.204829e-03,1.000000e-02,0.000000e+00,0.000000e+00,185,4.597977e-04,0,0,0
5700,16,75794,1.015330e-03,5.196366e-03,1.193582e-02,0.000000e+00,0.000000e+00,202,4.517436e-04,0,0,0
5701,19,75813,1.060416e-03,5.085996e-03,1.000000e-02,0.000000e+00,0.000000e+00,205,4.827976e-05,0,0,0
5702,13,75826,1.069010e-03,5.006132e-03,1.088204e-02,0.000000e+00,0.000000e+00,187,7.973611e-05,0,0,0
5703,11,75837,1.133785e-03,4.977943e-03,1.079405e-02,0.000000e+00,0.000000e+00,194,3.023744e-04,0,0,0
5704,11,75848,9.252170e-04,5.066559e-03,1.145585e-02,0.000000e+00,0.000000e+00,180,5.763024e-06,0,0,0
5705,13,75861,1.386991e-03,5.049065e-03,1.096468e-02,0.000000e+00,0.000000e+00,199,3.986061e-07,0,0,0
5706,24,75885,1.023101e-03,5.238121e-03,1.239255e-02,0.000000e+00,0.000000e+00,188,2.694130e-05,0,0,0
5707,16,75901,1.028707e-03,5.142706e-03,1.000000e-02,0.000000e+00,0.000000e+00,203,1.319498e-05,0,0,0
5708,13,75914,7.020020e-04,5.133200e-03,1.021636e-02,0.000000e+00,0.000000e+00,201,1.095030e-04,0,0,0
5709,14,75928,8.479771e-04,5.123588e-03,1.000000e-02,0.000000e+00,0.000000e+00,190,9.974837e-05,0,0,0
5710,13,75941,9.628913e-04,5.113265e-03,1.143555e-02,0.000000e+00,0.000000e+00,186,1.005456e-05,0,0,0
5711,15,75956,1.228488e-03,5.071715e-03,1.032968e-02,0.000000e+00,0.000000e+00,194,3.047828e-04,0,0,0
HIST {'total_samples': 6296286, 'floor_samples': 0, 'floor_fraction': 0.0, 'saturation_depth': 0.0, 'boundaries': 5712, 'capped_boundaries': 0, 'unfinished_worlds': 0}
5712,11,75967,7.415485e-04,5.120986e-03,1.127688e-02,0.000000e+00,0.000000e+00,195,9.170175e-05,0,0,0
5713,16,75983,9.053945e-04,5.100993e-03,1.000000e-02,0.000000e+00,0.000000e+00,198,2.359003e-04,0,0,0
5714,12,75995,8.510813e-04,5.069012e-03,1.091910e-02,0.000000e+00,0.000000e+00,209,2.405792e-05,0,0,0
5715,11,76006,1.236141e-03,4.966581e-03,1.000000e-02,0.000000e+00,0.000000e+00,201,1.282245e-05,0,0,0
5716,11,76017,1.141491e-03,5.132656e-03,1.089000e-02,0.000000e+00,0.000000e+00,187,3.434569e-04,0,0,0
5717,12,76029,1.063147e-03,5.000394e-03,1.000000e-02,0.000000e+00,0.000000e+00,208,3.981180e-04,0,0,0
5718,12,76041,9.106243e-04,4.967309e-03,1.223793e-02,0.000000e+00,0.000000e+00,210,1.743436e-05,0,0,0
5719,15,76056,7.985490e-04,5.019214e-03,1.259666e-02,0.000000e+00,0.000000e+00,186,1.015589e-04,0,0,0
5720,14,76070,9.465832e-04,5.044995e-03,1.136001e-02,0.000000e+00,0.000000e+00,209,5.969405e-05,0,0,0
5721,15,76085,9.732578e-04,5.087450e-03,1.000000e-02,0.000000e+00,0.000000e+00,188,2.431870e-05,0,0,0
5722,12,76097,1.042954e-03,5.217485e-03,1.200839e-02,0.000000e+00,0.000000e+00,185,2.074242e-05,0,0,0
5723,11,76108,1.090011e-03,4.985052e-03,1.000000e-02,0.000000e+00,0.000000e+00,223,1.904368e-05,0,0,0
5724,14,76122,9.603171e-04,4.968151e-03,1.117214e-02,0.000000e+00,0.000000e+00,209,7.599592e-07,0,0,0
5725,20,76142,7.703609e-04,4.975907e-03,1.070064e-02,0.000000e+00,0.000000e+00,203,1.280606e-04,0,0,0
5726,11,76153,8.174464e-04,5.123211e-03,1.085054e-02,0.000000e+00,0.000000e+00,176,4.737452e-05,0,0,0
5727,11,76164,1.269057e-03,4.990058e-03,9.389577e-03,0.000000e+00,0.000000e+00,194,3.748722e-04,0,0,0
5728,10,76174,1.147786e-03,5.159897e-03,1.187289e-02,0.000000e+00,0.000000e+00,179,5.150139e-04,0,0,0
5729,14,76188,1.134240e-03,5.144848e-03,9.832492e-03,0.000000e+00,0.000000e+00,199,2.235472e-04,0,0,0
5730,10,76198,1.343403e-03,5.224899e-03,1.067061e-02,0.000000e+00,0.000000e+00,194,2.170056e-04,0,0,0
5731,14,76212,1.120769e-03,5.098437e-03,1.041171e-02,0.000000e+00,0.000000e+00,209,3.874302e-07,0,0,0
5732,10,76222,1.491784e-03,5.118852e-03,1.000000e-02,0.000000e+00,0.000000e+00,195,1.167245e-04,0,0,0
5733,11,76233,1.264297e-03,5.075079e-03,9.442897e-03,0.000000e+00,0.000000e+00,220,6.239116e-05,0,0,0
5734,14,76247,1.151539e-03,5.101955e-03,1.189949e-02,0.000000e+00,0.000000e+00,206,3.099442e-06,0,0,0
5735,11,76258,1.487602e-03,4.986390e-03,1.000000e-02,0.000000e+00,0.000000e+00,205,2.338141e-04,0,0,0
5736,16,76274,8.843475e-04,5.097150e-03,1.207975e-02,0.000000e+00,0.000000e+00,185,8.817725e-04,0,0,0
5737,16,76290,8.904400e-04,5.070655e-03,1.000000e-02,0.000000e+00,0.000000e+00,207,4.092008e-04,0,0,0
5738,11,76301,1.737118e-03,5.181174e-03,1.000000e-02,0.000000e+00,0.000000e+00,195,1.025200e-05,0,0,0
5739,11,76312,1.078685e-03,5.083285e-03,9.918043e-03,0.000000e+00,0.000000e+00,215,1.077056e-04,0,0,0
5740,13,76325,1.466609e-03,5.103363e-03,1.013011e-02,0.000000e+00,0.000000e+00,209,1.470298e-04,0,0,0
5741,18,76343,7.199200e-04,5.036717e-03,1.124740e-02,0.000000e+00,0.000000e+00,204,7.143617e-05,0,0,0
5742,14,76357,9.409920e-04,5.031805e-03,1.062193e-02,0.000000e+00,0.000000e+00,189,1.679924e-04,0,0,0
5743,12,76369,1.088062e-03,4.918282e-03,1.000000e-02,0.000000e+00,0.000000e+00,218,1.140684e-05,0,0,0
5744,10,76379,1.210955e-03,4.931652e-03,1.285253e-02,0.000000e+00,0.000000e+00,200,1.794696e-04,0,0,0
5745,9,76388,9.051432e-04,4.919702e-03,1.000000e-02,0.000000e+00,0.000000e+00,200,4.282163e-04,0,0,0
5746,11,76399,1.385305e-03,5.034508e-03,1.113128e-02,0.000000e+00,0.000000e+00,187,1.192093e-06,0,0,0
5747,20,76419,9.467289e-04,5.010343e-03,1.000000e-02,0.000000e+00,0.000000e+00,195,1.031160e-05,0,0,0
5748,19,76438,9.237392e-04,4.988716e-03,1.089000e-02,0.000000e+00,0.000000e+00,213,2.089106e-04,0,0,0
5749,23,76461,4.358125e-04,5.097831e-03,1.067207e-02,0.000000e+00,0.000000e+00,203,2.871901e-04,0,0,0
5750,16,76477,1.092540e-03,5.128263e-03,1.059724e-02,0.000000e+00,0.000000e+00,205,1.575053e-05,0,0,0
5751,12,76489,1.137829e-03,5.087247e-03,1.163172e-02,0.000000e+00,0.000000e+00,206,1.182780e-07,0,0,0
5752,14,76503,1.188909e-03,5.062847e-03,1.095771e-02,0.000000e+00,0.000000e+00,196,6.183982e-07,0,0,0
5753,16,76519,1.087882e-03,4.945709e-03,1.027753e-02,0.000000e+00,0.000000e+00,214,6.350428e-04,0,0,0
5754,15,76534,8.592952e-04,5.032296e-03,1.079178e-02,0.000000e+00,0.000000e+00,196,2.093799e-04,0,0,0
5755,12,76546,9.979162e-04,5.023553e-03,1.067891e-02,0.000000e+00,0.000000e+00,207,1.156703e-04,0,0,0
5756,12,76558,1.218235e-03,4.976428e-03,1.061983e-02,0.000000e+00,0.000000e+00,196,4.589558e-05,0,0,0
5757,10,76568,1.273928e-03,5.074976e-03,1.222050e-02,0.000000e+00,0.000000e+00,198,2.852734e-05,0,0,0
5758,12,76580,1.279903e-03,5.109534e-03,1.269320e-02,0.000000e+00,0.000000e+00,204,2.756715e-07,0,0,0
5759,12,76592,9.057506e-04,4.900351e-03,1.000000e-02,0.000000e+00,0.000000e+00,212,8.788705e-05,0,0,0
HIST {'total_samples': 6349547, 'floor_samples': 0, 'floor_fraction': 0.0, 'saturation_depth': 0.0, 'boundaries': 5760, 'capped_boundaries': 0, 'unfinished_worlds': 0}
5760,13,76605,7.811005e-04,4.933509e-03,1.000000e-02,0.000000e+00,0.000000e+00,202,2.023950e-04,0,0,0
5761,17,76622,1.124741e-03,4.994966e-03,9.461717e-03,0.000000e+00,0.000000e+00,180,2.498478e-04,0,0,0
5762,15,76637,1.174005e-03,5.124738e-03,1.000000e-02,0.000000e+00,0.000000e+00,197,4.127622e-05,0,0,0
5763,14,76651,1.173167e-03,5.049809e-03,9.309786e-03,0.000000e+00,0.000000e+00,207,9.596348e-06,0,0,0
5764,14,76665,1.017166e-03,4.899280e-03,8.623181e-03,0.000000e+00,0.000000e+00,224,1.337975e-04,0,0,0
5765,12,76677,1.306201e-03,4.869824e-03,1.040483e-02,0.000000e+00,0.000000e+00,205,6.809086e-05,0,0,0
5766,13,76690,9.033816e-04,4.875816e-03,1.171485e-02,0.000000e+00,0.000000e+00,198,5.636364e-05,0,0,0
5767,15,76705,9.356065e-04,4.870030e-03,1.000000e-02,0.000000e+00,0.000000e+00,193,2.131853e-04,0,0,0
5768,17,76722,1.169023e-03,4.967728e-03,1.280783e-02,0.000000e+00,0.000000e+00,206,1.006306e-05,0,0,0
5769,13,76735,1.141236e-03,4.918777e-03,1.000000e-02,0.000000e+00,0.000000e+00,195,4.075933e-06,0,0,0
5770,18,76753,1.180437e-03,4.825888e-03,1.089000e-02,0.000000e+00,0.000000e+00,219,3.881752e-06,0,0,0
5771,14,76767,1.208119e-03,4.764695e-03,1.000000e-02,0.000000e+00,0.000000e+00,216,3.378838e-06,0,0,0
5772,15,76782,1.214751e-03,4.994720e-03,1.195658e-02,0.000000e+00,0.000000e+00,197,3.052503e-05,0,0,0
5773,17,76799,1.320994e-03,4.843672e-03,1.326120e-02,0.000000e+00,0.000000e+00,220,4.229322e-05,0,0,0
5774,13,76812,9.655110e-04,4.896953e-03,1.000000e-02,0.000000e+00,0.000000e+00,200,2.741814e-06,0,0,0
5775,11,76823,9.200268e-04,4.850280e-03,9.533756e-03,0.000000e+00,0.000000e+00,224,2.038479e-05,0,0,0
5776,10,76833,1.522118e-03,5.017086e-03,1.003015e-02,0.000000e+00,0.000000e+00,191,1.838803e-05,0,0,0
5777,15,76848,1.294791e-03,4.982562e-03,1.000000e-02,0.000000e+00,0.000000e+00,212,3.814697e-06,0,0,0
5778,12,76860,1.211146e-03,4.915938e-03,1.000000e-02,0.000000e+00,0.000000e+00,225,1.374132e-04,0,0,0
5779,9,76869,1.306938e-03,4.959825e-03,9.523261e-03,0.000000e+00,0.000000e+00,206,3.839396e-04,0,0,0
5780,14,76883,1.444809e-03,4.975024e-03,1.000000e-02,0.000000e+00,0.000000e+00,200,5.809814e-04,0,0,0
5781,17,76900,7.648374e-04,4.794343e-03,1.021803e-02,0.000000e+00,0.000000e+00,233,2.046376e-04,0,0,0
5782,12,76912,1.000975e-03,4.926230e-03,1.025732e-02,0.000000e+00,0.000000e+00,188,1.301467e-04,0,0,0
5783,25,76937,8.954359e-04,4.839041e-03,1.000000e-02,0.000000e+00,0.000000e+00,216,2.215654e-04,0,0,0
5784,17,76954,1.551050e-03,4.918699e-03,1.000000e-02,0.000000e+00,0.000000e+00,210,7.688999e-06,0,0,0
5785,13,76967,1.002936e-03,4.834802e-03,1.047699e-02,0.000000e+00,0.000000e+00,210,1.204684e-04,0,0,0
5786,13,76980,1.320332e-03,4.901813e-03,1.000000e-02,0.000000e+00,0.000000e+00,198,3.035516e-04,0,0,0
5787,11,76991,7.610304e-04,5.002929e-03,1.000000e-02,0.000000e+00,0.000000e+00,189,3.771856e-05,0,0,0
5788,12,77003,1.212548e-03,5.056319e-03,1.015700e-02,0.000000e+00,0.000000e+00,207,3.033876e-05,0,0,0
5789,14,77017,9.100316e-04,5.044475e-03,1.016297e-02,0.000000e+00,0.000000e+00,193,6.088761e-04,0,0,0
5790,11,77028,8.961034e-04,5.145019e-03,1.215777e-02,0.000000e+00,0.000000e+00,193,3.767535e-04,0,0,0
5791,12,77040,1.134556e-03,5.014146e-03,1.000000e-02,0.000000e+00,0.000000e+00,206,2.079606e-04,0,0,0
5792,10,77050,1.117559e-03,5.096484e-03,1.054622e-02,0.000000e+00,0.000000e+00,192,5.929172e-05,0,0,0
5793,10,77060,1.288611e-03,5.119998e-03,1.000000e-02,0.000000e+00,0.000000e+00,192,1.682304e-04,0,0,0
5794,11,77071,1.492315e-03,5.120929e-03,1.153338e-02,0.000000e+00,0.000000e+00,198,1.012087e-04,0,0,0
5795,10,77081,1.695195e-03,5.139607e-03,1.000000e-02,0.000000e+00,0.000000e+00,193,3.142525e-04,0,0,0
5796,12,77093,1.542301e-03,5.284627e-03,1.395539e-02,0.000000e+00,0.000000e+00,193,1.262128e-05,0,0,0
5797,15,77108,9.655660e-04,5.174825e-03,9.971731e-03,0.000000e+00,0.000000e+00,214,8.516759e-05,0,0,0
5798,12,77120,1.086084e-03,5.204538e-03,1.129020e-02,0.000000e+00,0.000000e+00,206,1.100414e-04,0,0,0
5799,12,77132,1.107847e-03,5.136172e-03,1.157292e-02,0.000000e+00,0.000000e+00,189,5.487688e-04,0,0,0
5800,14,77146,9.830249e-04,5.151019e-03,1.293884e-02,0.000000e+00,0.000000e+00,207,2.164245e-04,0,0,0
5801,12,77158,1.298198e-03,5.100980e-03,1.000000e-02,0.000000e+00,0.000000e+00,199,7.837117e-04,0,0,0
5802,12,77170,1.279844e-03,5.147743e-03,1.089000e-02,0.000000e+00,0.000000e+00,201,5.366281e-05,0,0,0
5803,10,77180,9.296580e-04,5.023660e-03,1.000000e-02,0.000000e+00,0.000000e+00,212,1.309812e-04,0,0,0
5804,11,77191,1.254586e-03,5.149632e-03,1.317690e-02,0.000000e+00,0.000000e+00,196,1.038621e-18,0,0,0
5805,14,77205,8.966372e-04,5.097327e-03,1.377288e-02,0.000000e+00,0.000000e+00,192,8.925796e-05,0,0,0
5806,14,77219,8.701190e-04,5.165657e-03,1.078591e-02,0.000000e+00,0.000000e+00,209,2.577826e-04,0,0,0
5807,11,77230,1.137744e-03,5.040424e-03,1.078998e-02,0.000000e+00,0.000000e+00,214,3.974140e-05,0,0,0
HIST {'total_samples': 6403061, 'floor_samples': 0, 'floor_fraction': 0.0, 'saturation_depth': 0.0, 'boundaries': 5808, 'capped_boundaries': 0, 'unfinished_worlds': 0}
5808,15,77245,9.110508e-04,5.207297e-03,1.025702e-02,0.000000e+00,0.000000e+00,189,6.205887e-04,0,0,0
5809,14,77259,1.143970e-03,5.094732e-03,1.087353e-02,0.000000e+00,0.000000e+00,220,2.226233e-05,0,0,0
5810,12,77271,7.302677e-04,5.071869e-03,1.000000e-02,0.000000e+00,0.000000e+00,211,9.419024e-05,0,0,0
5811,11,77282,1.324959e-03,5.017784e-03,1.005066e-02,0.000000e+00,0.000000e+00,201,2.080351e-04,0,0,0
5812,10,77292,1.503387e-03,5.221886e-03,1.124159e-02,0.000000e+00,0.000000e+00,179,1.606531e-07,0,0,0
5813,13,77305,9.688533e-04,5.028284e-03,1.281887e-02,0.000000e+00,0.000000e+00,226,6.242283e-05,0,0,0
5814,12,77317,1.419645e-03,5.103433e-03,1.546425e-02,0.000000e+00,0.000000e+00,209,1.301393e-04,0,0,0
5815,12,77329,1.231038e-03,5.009081e-03,1.000000e-02,0.000000e+00,0.000000e+00,215,4.231930e-05,0,0,0
5816,13,77342,1.172451e-03,5.181844e-03,2.259507e-02,0.000000e+00,0.000000e+00,198,1.530349e-04,0,0,0
5817,14,77356,1.176147e-03,5.013970e-03,1.000000e-02,0.000000e+00,0.000000e+00,213,2.629608e-04,0,0,0
5818,12,77368,8.887295e-04,5.172117e-03,1.425671e-02,0.000000e+00,0.000000e+00,194,1.648739e-04,0,0,0
5819,25,77393,8.423810e-04,5.110829e-03,1.068581e-02,0.000000e+00,0.000000e+00,210,3.617108e-04,0,0,0
5820,12,77405,1.184358e-03,5.065006e-03,1.132563e-02,0.000000e+00,0.000000e+00,211,4.866049e-04,0,0,0
5821,20,77425,8.470046e-04,5.017091e-03,1.245819e-02,0.000000e+00,0.000000e+00,219,4.273057e-04,0,0,0
5822,13,77438,1.412120e-03,5.052448e-03,1.000000e-02,0.000000e+00,0.000000e+00,190,1.022965e-05,0,0,0
5823,11,77449,1.298179e-03,4.996619e-03,1.000000e-02,0.000000e+00,0.000000e+00,202,1.692576e-04,0,0,0
5824,16,77465,8.971794e-04,5.092700e-03,1.082946e-02,0.000000e+00,0.000000e+00,177,4.300252e-04,0,0,0
5825,13,77478,1.013895e-03,5.042729e-03,1.000000e-02,0.000000e+00,0.000000e+00,194,1.530498e-04,0,0,0
5826,14,77492,9.613147e-04,5.156380e-03,1.014689e-02,0.000000e+00,0.000000e+00,197,2.918839e-04,0,0,0
5827,11,77503,1.295753e-03,5.183018e-03,1.025043e-02,0.000000e+00,0.000000e+00,186,2.403557e-05,0,0,0
5828,11,77514,1.197209e-03,5.097883e-03,1.000000e-02,0.000000e+00,0.000000e+00,210,1.806021e-05,0,0,0
5829,13,77527,9.315356e-04,4.935770e-03,1.089717e-02,0.000000e+00,0.000000e+00,213,1.998357e-04,0,0,0
5830,15,77542,1.064302e-03,5.010137e-03,1.551897e-02,0.000000e+00,0.000000e+00,198,2.695620e-04,0,0,0
5831,13,77555,1.271238e-03,4.924322e-03,1.000000e-02,0.000000e+00,0.000000e+00,209,2.469141e-04,0,0,0
5832,18,77573,8.657948e-04,5.011538e-03,9.634811e-03,0.000000e+00,0.000000e+00,202,1.040101e-05,0,0,0
5833,14,77587,1.222715e-03,4.880036e-03,9.246788e-03,0.000000e+00,0.000000e+00,221,9.835511e-05,0,0,0
5834,12,77599,1.388341e-03,5.034382e-03,1.039074e-02,0.000000e+00,0.000000e+00,201,2.491027e-04,0,0,0
5835,10,77609,1.458618e-03,4.852428e-03,1.000000e-02,0.000000e+00,0.000000e+00,208,2.421439e-08,0,0,0
5836,10,77619,1.211766e-03,5.056394e-03,1.089000e-02,0.000000e+00,0.000000e+00,185,3.136396e-04,0,0,0
5837,13,77632,1.286002e-03,5.064033e-03,9.569437e-03,0.000000e+00,0.000000e+00,187,4.579797e-04,0,0,0
5838,13,77645,1.235800e-03,5.206463e-03,1.000000e-02,0.000000e+00,0.000000e+00,181,4.819874e-05,0,0,0
5839,18,77663,7.599086e-04,5.004787e-03,9.899999e-03,0.000000e+00,0.000000e+00,231,5.865097e-05,0,0,0
5840,14,77677,9.867867e-04,4.978927e-03,1.263501e-02,0.000000e+00,0.000000e+00,206,9.480864e-06,0,0,0
5841,13,77690,1.016490e-03,5.078397e-03,1.066046e-02,0.000000e+00,0.000000e+00,193,1.307130e-04,0,0,0
5842,11,77701,1.520786e-03,5.182906e-03,1.243588e-02,0.000000e+00,0.000000e+00,196,5.615056e-04,0,0,0
5843,19,77720,7.609323e-04,5.071294e-03,1.000000e-02,0.000000e+00,0.000000e+00,202,2.371073e-04,0,0,0
5844,16,77736,9.192966e-04,5.099042e-03,1.093569e-02,0.000000e+00,0.000000e+00,209,1.566410e-04,0,0,0
5845,11,77747,1.399353e-03,4.979590e-03,1.000000e-02,0.000000e+00,0.000000e+00,199,1.249760e-04,0,0,0
5846,16,77763,1.214585e-03,5.206331e-03,1.135627e-02,0.000000e+00,0.000000e+00,196,1.778975e-04,0,0,0
5847,14,77777,9.387351e-04,5.028888e-03,1.249189e-02,0.000000e+00,0.000000e+00,214,3.112406e-04,0,0,0
5848,13,77790,1.016261e-03,5.030661e-03,1.111294e-02,0.000000e+00,0.000000e+00,206,1.342483e-04,0,0,0
5849,13,77803,1.376629e-03,4.903013e-03,1.095346e-02,0.000000e+00,0.000000e+00,220,3.637979e-11,0,0,0
5850,11,77814,1.234035e-03,5.045025e-03,1.000000e-02,0.000000e+00,0.000000e+00,196,1.519918e-06,0,0,0
5851,11,77825,1.339395e-03,4.900107e-03,1.000000e-02,0.000000e+00,0.000000e+00,216,2.982318e-04,0,0,0
5852,13,77838,1.624713e-03,5.023048e-03,1.434305e-02,0.000000e+00,0.000000e+00,195,9.015501e-04,0,0,0
5853,13,77851,1.217660e-03,5.027811e-03,1.000000e-02,0.000000e+00,0.000000e+00,187,3.075600e-05,0,0,0
5854,12,77863,1.216853e-03,5.159719e-03,1.124585e-02,0.000000e+00,0.000000e+00,200,2.283603e-05,0,0,0
5855,14,77877,1.288164e-03,5.073478e-03,9.922299e-03,0.000000e+00,0.000000e+00,188,1.832843e-05,0,0,0
HIST {'total_samples': 6456105, 'floor_samples': 0, 'floor_fraction': 0.0, 'saturation_depth': 0.0, 'boundaries': 5856, 'capped_boundaries': 0, 'unfinished_worlds': 0}
5856,12,77889,1.052359e-03,5.085765e-03,1.118725e-02,0.000000e+00,0.000000e+00,186,1.893938e-04,0,0,0
5857,15,77904,1.113356e-03,4.941029e-03,1.000000e-02,0.000000e+00,0.000000e+00,212,1.445413e-04,0,0,0
5858,12,77916,1.294459e-03,5.102715e-03,1.089000e-02,0.000000e+00,0.000000e+00,183,2.733767e-04,0,0,0
5859,12,77928,1.463022e-03,4.992721e-03,1.065583e-02,0.000000e+00,0.000000e+00,204,7.636845e-06,0,0,0
5860,10,77938,1.715115e-03,4.983857e-03,1.030948e-02,0.000000e+00,0.000000e+00,197,3.957748e-05,0,0,0
5861,16,77954,8.907435e-04,5.021055e-03,9.857172e-03,0.000000e+00,0.000000e+00,206,2.165213e-04,0,0,0
5862,12,77966,7.371157e-04,5.047808e-03,1.119045e-02,0.000000e+00,0.000000e+00,192,2.439320e-04,0,0,0
5863,13,77979,1.207009e-03,4.966047e-03,1.130880e-02,0.000000e+00,0.000000e+00,203,1.242608e-04,0,0,0
5864,11,77990,1.275468e-03,5.196836e-03,1.186227e-02,0.000000e+00,0.000000e+00,185,4.366040e-05,0,0,0
5865,12,78002,1.478776e-03,4.995757e-03,1.000000e-02,0.000000e+00,0.000000e+00,219,3.629178e-05,0,0,0
5866,11,78013,1.331461e-03,5.070854e-03,1.355661e-02,0.000000e+00,0.000000e+00,197,4.164409e-05,0,0,0
5867,13,78026,9.617351e-04,5.087217e-03,1.000000e-02,0.000000e+00,0.000000e+00,224,5.567819e-05,0,0,0
5868,16,78042,9.235187e-04,5.095818e-03,1.122619e-02,0.000000e+00,0.000000e+00,207,6.453693e-05,0,0,0
5869,11,78053,1.164132e-03,4.968573e-03,1.000000e-02,0.000000e+00,0.000000e+00,215,3.966689e-05,0,0,0
5870,12,78065,9.818248e-04,5.171768e-03,1.062306e-02,0.000000e+00,0.000000e+00,182,3.228523e-04,0,0,0
5871,12,78077,1.236821e-03,5.016940e-03,9.929642e-03,0.000000e+00,0.000000e+00,215,1.663342e-05,0,0,0
5872,16,78093,1.042565e-03,5.029660e-03,1.062414e-02,0.000000e+00,0.000000e+00,196,3.276588e-04,0,0,0
5873,17,78110,1.106710e-03,4.880339e-03,1.030261e-02,0.000000e+00,0.000000e+00,203,2.716482e-05,0,0,0
5874,17,78127,9.293001e-04,5.094376e-03,1.089000e-02,0.000000e+00,0.000000e+00,196,2.001971e-05,0,0,0
5875,23,78150,8.460581e-04,4.943020e-03,1.098497e-02,0.000000e+00,0.000000e+00,220,4.385412e-04,0,0,0
5876,11,78161,9.663067e-04,5.022570e-03,1.184686e-02,0.000000e+00,0.000000e+00,190,5.922318e-04,0,0,0
5877,11,78172,1.187058e-03,5.041738e-03,1.557580e-02,0.000000e+00,0.000000e+00,194,6.974488e-05,0,0,0
5878,11,78183,1.544748e-03,4.894512e-03,1.006412e-02,0.000000e+00,0.000000e+00,222,1.186132e-05,0,0,0
5879,10,78193,9.133558e-04,5.045206e-03,9.614932e-03,0.000000e+00,0.000000e+00,187,1.816356e-04,0,0,0
5880,13,78206,1.237544e-03,4.964308e-03,1.087430e-02,0.000000e+00,0.000000e+00,203,1.346394e-04,0,0,0
5881,11,78217,1.404445e-03,5.030626e-03,1.073425e-02,0.000000e+00,0.000000e+00,184,8.864729e-19,0,0,0
5882,18,78235,8.619204e-04,5.072540e-03,1.063288e-02,0.000000e+00,0.000000e+00,214,1.102686e-06,0,0,0
5883,16,78251,8.547997e-04,4.944528e-03,1.202837e-02,0.000000e+00,0.000000e+00,215,4.656613e-06,0,0,0
5884,14,78265,1.224553e-03,4.927953e-03,1.012110e-02,0.000000e+00,0.000000e+00,216,8.716807e-05,0,0,0
5885,16,78281,7.841407e-04,4.803283e-03,9.645953e-03,0.000000e+00,0.000000e+00,230,2.749264e-05,0,0,0
5886,26,78307,4.271956e-04,4.965737e-03,1.089000e-02,0.000000e+00,0.000000e+00,198,1.596212e-04,0,0,0
5887,12,78319,1.145858e-03,4.916130e-03,1.020671e-02,0.000000e+00,0.000000e+00,210,9.931624e-06,0,0,0
5888,14,78333,1.089184e-03,5.066201e-03,1.309987e-02,0.000000e+00,0.000000e+00,193,5.322695e-05,0,0,0
5889,21,78354,9.081105e-04,4.881904e-03,1.000000e-02,0.000000e+00,0.000000e+00,226,2.187788e-04,0,0,0
5890,14,78368,1.253544e-03,5.022133e-03,1.019290e-02,0.000000e+00,0.000000e+00,196,1.107156e-04,0,0,0
5891,18,78386,7.552397e-04,4.950344e-03,1.000000e-02,0.000000e+00,0.000000e+00,212,2.965331e-06,0,0,0
5892,13,78399,1.020787e-03,5.030274e-03,1.000000e-02,0.000000e+00,0.000000e+00,199,4.708767e-06,0,0,0
5893,14,78413,1.130858e-03,5.007425e-03,9.412898e-03,0.000000e+00,0.000000e+00,197,1.168251e-05,0,0,0
5894,13,78426,1.106693e-03,5.199288e-03,1.111844e-02,0.000000e+00,0.000000e+00,189,3.388524e-04,0,0,0
5895,13,78439,1.024871e-03,5.086521e-03,1.175923e-02,0.000000e+00,0.000000e+00,195,8.828938e-07,0,0,0
5896,12,78451,1.486317e-03,5.090021e-03,1.079591e-02,0.000000e+00,0.000000e+00,201,1.829714e-04,0,0,0
5897,13,78464,1.249254e-03,5.022764e-03,9.984532e-03,0.000000e+00,0.000000e+00,214,3.476255e-05,0,0,0
5898,15,78479,7.730579e-04,5.112683e-03,1.098299e-02,0.000000e+00,0.000000e+00,201,1.820475e-04,0,0,0
5899,15,78494,1.254921e-03,5.073779e-03,1.009207e-02,0.000000e+00,0.000000e+00,213,2.320111e-05,0,0,0
5900,17,78511,8.110559e-04,5.092517e-03,1.021580e-02,0.000000e+00,0.000000e+00,209,2.075543e-04,0,0,0
5901,17,78528,1.088470e-03,4.941424e-03,1.092589e-02,0.000000e+00,0.000000e+00,216,3.472446e-04,0,0,0
5902,13,78541,1.001793e-03,5.090892e-03,1.201848e-02,0.000000e+00,0.000000e+00,187,3.922135e-04,0,0,0
5903,12,78553,1.003308e-03,5.177900e-03,1.064037e-02,0.000000e+00,0.000000e+00,188,1.578927e-04,0,0,0
HIST {'total_samples': 6509537, 'floor_samples': 0, 'floor_fraction': 0.0, 'saturation_depth': 0.0, 'boundaries': 5904, 'capped_boundaries': 0, 'unfinished_worlds': 0}
5904,14,78567,1.204992e-03,5.175453e-03,1.061749e-02,0.000000e+00,0.000000e+00,194,5.160905e-04,0,0,0
5905,14,78581,9.951894e-04,5.177522e-03,1.188563e-02,0.000000e+00,0.000000e+00,199,2.777427e-04,0,0,0
5906,14,78595,1.001294e-03,5.290258e-03,1.057587e-02,0.000000e+00,0.000000e+00,195,4.029274e-04,0,0,0
5907,16,78611,1.025246e-03,5.190989e-03,1.000000e-02,0.000000e+00,0.000000e+00,204,3.140941e-04,0,0,0
5908,11,78622,1.419776e-03,5.103295e-03,1.110059e-02,0.000000e+00,0.000000e+00,215,6.645918e-06,0,0,0
5909,16,78638,8.164158e-04,5.089314e-03,1.000000e-02,0.000000e+00,0.000000e+00,197,5.492568e-05,0,0,0
5910,12,78650,1.121770e-03,5.125968e-03,1.197900e-02,0.000000e+00,0.000000e+00,211,5.404949e-04,0,0,0
5911,17,78667,8.258708e-04,5.069403e-03,1.000000e-02,0.000000e+00,0.000000e+00,210,5.191825e-04,0,0,0
5912,12,78679,1.143308e-03,4.917033e-03,1.449459e-02,0.000000e+00,0.000000e+00,214,2.437155e-04,0,0,0
5913,10,78689,1.494357e-03,5.064106e-03,1.000000e-02,0.000000e+00,0.000000e+00,201,9.319931e-05,0,0,0
5914,13,78702,1.088437e-03,5.045629e-03,1.102799e-02,0.000000e+00,0.000000e+00,195,2.017021e-04,0,0,0
5915,12,78714,1.201277e-03,5.015734e-03,1.000000e-02,0.000000e+00,0.000000e+00,219,4.759431e-05,0,0,0
5916,17,78731,8.253669e-04,5.174376e-03,1.183070e-02,0.000000e+00,0.000000e+00,188,1.735985e-04,0,0,0
5917,11,78742,1.445741e-03,5.059199e-03,1.051148e-02,0.000000e+00,0.000000e+00,208,5.960464e-07,0,0,0
5918,13,78755,8.204369e-04,5.139083e-03,1.044829e-02,0.000000e+00,0.000000e+00,204,4.895777e-05,0,0,0
5919,14,78769,1.207150e-03,5.030029e-03,9.791945e-03,0.000000e+00,0.000000e+00,199,5.006790e-06,0,0,0
5920,15,78784,5.778921e-04,5.105043e-03,1.181447e-02,0.000000e+00,0.000000e+00,192,2.016872e-05,0,0,0
5921,13,78797,1.176308e-03,5.131255e-03,1.000000e-02,0.000000e+00,0.000000e+00,191,7.152557e-06,0,0,0
5922,11,78808,1.510251e-03,5.173779e-03,1.110402e-02,0.000000e+00,0.000000e+00,193,1.528561e-04,0,0,0
5923,12,78820,1.282624e-03,4.953659e-03,9.572470e-03,0.000000e+00,0.000000e+00,232,3.899261e-05,0,0,0
5924,9,78829,1.533641e-03,5.094929e-03,9.552466e-03,0.000000e+00,0.000000e+00,179,1.239516e-04,0,0,0
5925,15,78844,1.033790e-03,5.008720e-03,1.050512e-02,0.000000e+00,0.000000e+00,201,1.080483e-04,0,0,0
5926,14,78858,1.160879e-03,5.019351e-03,1.205595e-02,0.000000e+00,0.000000e+00,220,1.710653e-05,0,0,0
5927,13,78871,7.180086e-04,4.908158e-03,1.000000e-02,0.000000e+00,0.000000e+00,205,4.552118e-05,0,0,0
5928,12,78883,1.430228e-03,5.147520e-03,1.006211e-02,0.000000e+00,0.000000e+00,198,3.278255e-06,0,0,0
5929,11,78894,1.082102e-03,5.096422e-03,1.021834e-02,0.000000e+00,0.000000e+00,202,1.545995e-06,0,0,0
5930,13,78907,1.078048e-03,5.153812e-03,1.111989e-02,0.000000e+00,0.000000e+00,203,3.009103e-05,0,0,0
5931,13,78920,1.202494e-03,5.059362e-03,1.000000e-02,0.000000e+00,0.000000e+00,222,1.540855e-04,0,0,0
5932,14,78934,1.065611e-03,5.195324e-03,1.668383e-02,0.000000e+00,0.000000e+00,193,3.243126e-04,0,0,0
5933,13,78947,1.330406e-03,4.973893e-03,1.000000e-02,0.000000e+00,0.000000e+00,221,1.088204e-05,0,0,0
5934,12,78959,1.583569e-03,5.077681e-03,1.152325e-02,0.000000e+00,0.000000e+00,210,8.448213e-05,0,0,0
5935,12,78971,9.516494e-04,5.074631e-03,9.881439e-03,0.000000e+00,0.000000e+00,212,3.218651e-06,0,0,0
5936,10,78981,1.408932e-03,5.107789e-03,1.000000e-02,0.000000e+00,0.000000e+00,207,1.279116e-04,0,0,0
5937,19,79000,9.570204e-04,5.121790e-03,9.521772e-03,0.000000e+00,0.000000e+00,197,2.167374e-05,0,0,0
5938,15,79015,1.252963e-03,5.020405e-03,1.000000e-02,0.000000e+00,0.000000e+00,219,5.505681e-04,0,0,0
5939,10,79025,1.303744e-03,5.073223e-03,9.960935e-03,0.000000e+00,0.000000e+00,207,6.287917e-04,0,0,0
5940,15,79040,1.339127e-03,5.048683e-03,1.000000e-02,0.000000e+00,0.000000e+00,209,8.791685e-07,0,0,0
5941,12,79052,9.881572e-04,5.149690e-03,8.885155e-03,0.000000e+00,0.000000e+00,188,2.468005e-08,0,0,0
5942,10,79062,1.500610e-03,5.178843e-03,1.059524e-02,0.000000e+00,0.000000e+00,211,2.328306e-10,0,0,0
5943,12,79074,9.546583e-04,5.081621e-03,1.147213e-02,0.000000e+00,0.000000e+00,228,6.951392e-06,0,0,0
5944,15,79089,9.880542e-04,4.994866e-03,1.002528e-02,0.000000e+00,0.000000e+00,225,3.850460e-05,0,0,0
5945,14,79103,1.170836e-03,4.888611e-03,1.019577e-02,0.000000e+00,0.000000e+00,226,6.105751e-05,0,0,0
5946,11,79114,1.162889e-03,5.041900e-03,1.213059e-02,0.000000e+00,0.000000e+00,201,2.771616e-06,0,0,0
5947,11,79125,1.384260e-03,5.006387e-03,1.000000e-02,0.000000e+00,0.000000e+00,211,5.858950e-05,0,0,0
5948,11,79136,1.540514e-03,4.978653e-03,1.035194e-02,0.000000e+00,0.000000e+00,202,3.159046e-06,0,0,0
5949,9,79145,1.692306e-03,5.101640e-03,1.138713e-02,0.000000e+00,0.000000e+00,202,2.854872e-04,0,0,0
5950,11,79156,1.400833e-03,5.079278e-03,1.252585e-02,0.000000e+00,0.000000e+00,205,1.868568e-04,0,0,0
5951,18,79174,1.143403e-03,4.968179e-03,1.377843e-02,0.000000e+00,0.000000e+00,240,3.973842e-04,0,0,0
HIST {'total_samples': 6562604, 'floor_samples': 0, 'floor_fraction': 0.0, 'saturation_depth': 0.0, 'boundaries': 5952, 'capped_boundaries': 0, 'unfinished_worlds': 0}
5952,12,79186,1.482591e-03,5.089204e-03,1.515627e-02,0.000000e+00,0.000000e+00,200,2.713939e-04,0,0,0
5953,11,79197,1.623674e-03,4.999161e-03,1.132975e-02,0.000000e+00,0.000000e+00,222,1.336858e-04,0,0,0
5954,13,79210,1.164217e-03,4.950927e-03,9.850739e-03,0.000000e+00,0.000000e+00,220,1.663417e-04,0,0,0
5955,11,79221,9.192183e-04,5.049769e-03,9.850739e-03,0.000000e+00,0.000000e+00,199,2.176613e-04,0,0,0
5956,14,79235,1.090874e-03,4.924655e-03,9.850739e-03,0.000000e+00,0.000000e+00,229,3.468411e-05,0,0,0
5957,15,79250,7.845937e-04,4.804941e-03,9.875152e-03,0.000000e+00,0.000000e+00,218,1.332089e-04,0,0,0
5958,18,79268,7.401792e-04,5.076662e-03,1.076467e-02,0.000000e+00,0.000000e+00,197,9.810925e-05,0,0,0
5959,14,79282,1.029122e-03,5.127084e-03,1.000000e-02,0.000000e+00,0.000000e+00,206,5.255193e-04,0,0,0
5960,16,79298,1.236242e-03,5.042969e-03,1.000000e-02,0.000000e+00,0.000000e+00,216,3.675520e-04,0,0,0
5961,14,79312,1.191324e-03,5.069104e-03,1.172076e-02,0.000000e+00,0.000000e+00,219,5.344413e-04,0,0,0
5962,9,79321,1.096703e-03,5.107543e-03,9.783438e-03,0.000000e+00,0.000000e+00,212,8.276105e-05,0,0,0
5963,11,79332,1.885577e-03,4.985239e-03,9.718374e-03,0.000000e+00,0.000000e+00,226,7.204711e-06,0,0,0
5964,10,79342,1.131867e-03,4.934802e-03,1.082984e-02,0.000000e+00,0.000000e+00,215,1.936294e-04,0,0,0
5965,21,79363,9.103863e-04,4.810435e-03,9.512284e-03,0.000000e+00,0.000000e+00,220,3.807247e-06,0,0,0
5966,12,79375,1.069909e-03,4.888358e-03,9.829730e-03,0.000000e+00,0.000000e+00,202,6.696582e-04,0,0,0
5967,17,79392,8.463017e-04,4.837013e-03,9.512284e-03,0.000000e+00,0.000000e+00,217,5.609170e-04,0,0,0
5968,18,79410,7.317617e-04,4.943745e-03,1.420340e-02,0.000000e+00,0.000000e+00,199,4.672557e-04,0,0,0
5969,12,79422,9.906093e-04,5.002920e-03,1.089000e-02,0.000000e+00,0.000000e+00,203,2.966523e-04,0,0,0
5970,14,79436,9.782496e-04,4.919702e-03,1.000000e-02,0.000000e+00,0.000000e+00,223,9.879470e-06,0,0,0
5971,18,79454,1.050936e-03,4.918945e-03,1.000000e-02,0.000000e+00,0.000000e+00,214,3.948808e-06,0,0,0
5972,11,79465,1.412616e-03,5.036723e-03,1.169536e-02,0.000000e+00,0.000000e+00,205,1.024157e-04,0,0,0
5973,13,79478,1.239829e-03,4.981178e-03,1.000000e-02,0.000000e+00,0.000000e+00,222,1.403689e-05,0,0,0
5974,17,79495,1.055595e-03,4.914082e-03,1.000000e-02,0.000000e+00,0.000000e+00,216,8.419156e-06,0,0,0
5975,13,79508,1.115009e-03,5.005863e-03,1.027262e-02,0.000000e+00,0.000000e+00,200,2.643242e-04,0,0,0
5976,14,79522,9.620308e-04,5.109029e-03,1.000000e-02,0.000000e+00,0.000000e+00,200,1.418740e-04,0,0,0
5977,13,79535,1.000332e-03,4.990629e-03,1.000000e-02,0.000000e+00,0.000000e+00,218,1.681373e-04,0,0,0
5978,13,79548,9.728970e-04,5.115078e-03,1.157854e-02,0.000000e+00,0.000000e+00,213,4.468858e-05,0,0,0
5979,10,79558,1.070813e-03,5.090395e-03,1.020608e-02,0.000000e+00,0.000000e+00,199,6.913766e-05,0,0,0
5980,13,79571,1.410172e-03,5.056410e-03,1.000000e-02,0.000000e+00,0.000000e+00,209,1.236796e-06,0,0,0
5981,14,79585,1.237615e-03,4.934271e-03,1.008150e-02,0.000000e+00,0.000000e+00,238,4.031658e-04,0,0,0
5982,16,79601,1.332954e-03,4.950742e-03,1.077223e-02,0.000000e+00,0.000000e+00,203,4.082918e-06,0,0,0
5983,11,79612,1.467411e-03,5.090741e-03,1.000000e-02,0.000000e+00,0.000000e+00,200,6.262437e-04,0,0,0
5984,13,79625,1.187442e-03,4.946250e-03,1.000000e-02,0.000000e+00,0.000000e+00,225,4.232153e-04,0,0,0
5985,12,79637,1.213202e-03,4.791332e-03,8.511180e-03,0.000000e+00,0.000000e+00,224,1.519918e-05,0,0,0
5986,10,79647,1.106687e-03,4.880321e-03,1.173444e-02,0.000000e+00,0.000000e+00,208,3.542285e-04,0,0,0
5987,12,79659,1.417980e-03,4.846782e-03,9.792107e-03,0.000000e+00,0.000000e+00,224,2.615899e-04,0,0,0
5988,13,79672,1.250666e-03,4.887686e-03,1.021118e-02,0.000000e+00,0.000000e+00,210,1.147129e-04,0,0,0
5989,12,79684,1.332006e-03,4.877171e-03,1.000000e-02,0.000000e+00,0.000000e+00,211,1.698732e-06,0,0,0
5990,13,79697,9.574048e-04,4.952611e-03,1.224631e-02,0.000000e+00,0.000000e+00,207,3.553927e-06,0,0,0
5991,11,79708,1.261563e-03,4.858669e-03,9.830669e-03,0.000000e+00,0.000000e+00,219,2.205521e-04,0,0,0
5992,14,79722,7.647316e-04,4.767683e-03,8.686464e-03,0.000000e+00,0.000000e+00,215,1.783371e-04,0,0,0
5993,21,79743,6.757698e-04,4.733254e-03,8.894890e-03,0.000000e+00,0.000000e+00,235,7.649362e-04,0,0,0
5994,17,79760,9.742932e-04,4.826344e-03,1.031517e-02,0.000000e+00,0.000000e+00,202,1.627803e-04,0,0,0
5995,12,79772,1.208077e-03,4.808361e-03,9.414859e-03,0.000000e+00,0.000000e+00,211,2.904348e-04,0,0,0
5996,11,79783,1.106002e-03,4.878147e-03,1.000000e-02,0.000000e+00,0.000000e+00,207,4.303455e-05,0,0,0
5997,13,79796,1.310684e-03,4.917667e-03,9.459560e-03,0.000000e+00,0.000000e+00,213,6.578863e-05,0,0,0
5998,13,79809,1.361138e-03,5.048426e-03,1.078577e-02,0.000000e+00,0.000000e+00,207,1.432002e-05,0,0,0
5999,15,79824,1.624755e-03,4.998944e-03,1.000000e-02,0.000000e+00,0.000000e+00,211,1.737475e-04,0,0,0
HIST {'total_samples': 6617401, 'floor_samples': 0, 'floor_fraction': 0.0, 'saturation_depth': 0.0, 'boundaries': 6000, 'capped_boundaries': 0, 'unfinished_worlds': 0}
6000,11,79835,1.160885e-03,4.889731e-03,9.986123e-03,0.000000e+00,0.000000e+00,242,3.668666e-05,0,0,0
6001,16,79851,9.343514e-04,4.859759e-03,9.986123e-03,0.000000e+00,0.000000e+00,206,1.127613e-20,0,0,0
6002,11,79862,1.708658e-03,4.895076e-03,9.986123e-03,0.000000e+00,0.000000e+00,205,7.522106e-05,0,0,0
6003,12,79874,9.851676e-04,4.837020e-03,9.986123e-03,0.000000e+00,0.000000e+00,220,5.307700e-04,0,0,0
6004,14,79888,1.119870e-03,4.851574e-03,1.159219e-02,0.000000e+00,0.000000e+00,219,2.264977e-06,0,0,0
6005,16,79904,8.070964e-04,4.915789e-03,1.000000e-02,0.000000e+00,0.000000e+00,202,2.626777e-04,0,0,0
6006,11,79915,8.431080e-04,4.936852e-03,1.241713e-02,0.000000e+00,0.000000e+00,217,2.241246e-04,0,0,0
6007,16,79931,1.205276e-03,4.963538e-03,1.000000e-02,0.000000e+00,0.000000e+00,209,1.266506e-05,0,0,0
6008,13,79944,1.229181e-03,4.930138e-03,1.011809e-02,0.000000e+00,0.000000e+00,213,5.364418e-07,0,0,0
6009,14,79958,1.197014e-03,4.939248e-03,9.020520e-03,0.000000e+00,0.000000e+00,215,5.249679e-05,0,0,0
6010,13,79971,8.195525e-04,5.037491e-03,1.292084e-02,0.000000e+00,0.000000e+00,205,6.654561e-04,0,0,0
6011,13,79984,1.194963e-03,4.892886e-03,8.948732e-03,0.000000e+00,0.000000e+00,221,7.308619e-04,0,0,0
6012,12,79996,1.004566e-03,4.922275e-03,1.089000e-02,0.000000e+00,0.000000e+00,218,3.275312e-04,0,0,0
6013,14,80010,7.861895e-04,4.791799e-03,1.134173e-02,0.000000e+00,0.000000e+00,242,1.602396e-04,0,0,0
6014,17,80027,9.221456e-04,4.845582e-03,1.048627e-02,0.000000e+00,0.000000e+00,237,7.208437e-05,0,0,0
6015,20,80047,5.047039e-04,4.801794e-03,1.096283e-02,0.000000e+00,0.000000e+00,217,4.905462e-05,0,0,0
6016,16,80063,9.974847e-04,4.923303e-03,1.155281e-02,0.000000e+00,0.000000e+00,225,2.208650e-04,0,0,0
6017,16,80079,5.905934e-04,4.868866e-03,1.000000e-02,0.000000e+00,0.000000e+00,225,1.474544e-04,0,0,0
6018,14,80093,8.219114e-04,4.961965e-03,1.152342e-02,0.000000e+00,0.000000e+00,211,9.834766e-06,0,0,0
6019,18,80111,7.919029e-04,4.829587e-03,9.566752e-03,0.000000e+00,0.000000e+00,229,1.517385e-04,0,0,0
6020,13,80124,7.916342e-04,4.729455e-03,9.566752e-03,0.000000e+00,0.000000e+00,222,3.010035e-05,0,0,0
6021,14,80138,1.026835e-03,4.669993e-03,9.812359e-03,0.000000e+00,0.000000e+00,222,3.066659e-04,0,0,0
6022,14,80152,1.138994e-03,4.776610e-03,1.013152e-02,0.000000e+00,0.000000e+00,219,5.125999e-06,0,0,0
6023,13,80165,8.492395e-04,4.743456e-03,1.357228e-02,0.000000e+00,0.000000e+00,230,2.405047e-05,0,0,0
6024,15,80180,1.049615e-03,4.904188e-03,1.000000e-02,0.000000e+00,0.000000e+00,210,3.262162e-04,0,0,0
6025,13,80193,1.178294e-03,4.875745e-03,1.054822e-02,0.000000e+00,0.000000e+00,213,4.976829e-04,0,0,0
6026,10,80203,9.511224e-04,4.908848e-03,1.000000e-02,0.000000e+00,0.000000e+00,209,5.519651e-04,0,0,0
6027,13,80216,1.330695e-03,4.903454e-03,9.241506e-03,0.000000e+00,0.000000e+00,205,7.897615e-07,0,0,0
6028,12,80228,9.901015e-04,5.026729e-03,1.002981e-02,0.000000e+00,0.000000e+00,223,6.091967e-05,0,0,0
6029,14,80242,1.296944e-03,4.944143e-03,1.000000e-02,0.000000e+00,0.000000e+00,225,2.123713e-04,0,0,0
6030,11,80253,8.630010e-04,5.069567e-03,1.148908e-02,0.000000e+00,0.000000e+00,205,1.429394e-04,0,0,0
6031,13,80266,1.126458e-03,4.963367e-03,1.089000e-02,0.000000e+00,0.000000e+00,211,1.022033e-05,0,0,0
6032,12,80278,1.188405e-03,5.002769e-03,1.142860e-02,0.000000e+00,0.000000e+00,216,2.198517e-04,0,0,0
6033,11,80289,1.596423e-03,4.973894e-03,1.288129e-02,0.000000e+00,0.000000e+00,209,2.863258e-05,0,0,0
6034,12,80301,1.648288e-03,4.984232e-03,1.000000e-02,0.000000e+00,0.000000e+00,211,3.098719e-04,0,0,0
6035,11,80312,1.315641e-03,4.922803e-03,1.036412e-02,0.000000e+00,0.000000e+00,210,7.249396e-04,0,0,0
6036,13,80325,9.842573e-04,5.017461e-03,1.089000e-02,0.000000e+00,0.000000e+00,203,1.156330e-05,0,0,0
6037,13,80338,1.054044e-03,4.890668e-03,1.197900e-02,0.000000e+00,0.000000e+00,219,3.743917e-06,0,0,0
6038,16,80354,9.975513e-04,4.919243e-03,1.015726e-02,0.000000e+00,0.000000e+00,218,5.997196e-04,0,0,0
6039,12,80366,1.115945e-03,4.847999e-03,9.069446e-03,0.000000e+00,0.000000e+00,227,2.286453e-04,0,0,0
6040,12,80378,1.157447e-03,4.924625e-03,1.089000e-02,0.000000e+00,0.000000e+00,213,2.465509e-04,0,0,0
6041,14,80392,9.559500e-04,4.819433e-03,1.071946e-02,0.000000e+00,0.000000e+00,208,2.950430e-06,0,0,0
6042,12,80404,9.683724e-04,4.893526e-03,1.069368e-02,0.000000e+00,0.000000e+00,190,3.951602e-04,0,0,0
6043,12,80416,1.007858e-03,4.830701e-03,1.014967e-02,0.000000e+00,0.000000e+00,222,2.803802e-04,0,0,0
6044,10,80426,1.263126e-03,4.863590e-03,1.157305e-02,0.000000e+00,0.000000e+00,216,2.188981e-04,0,0,0
6045,11,80437,1.088369e-03,4.775746e-03,1.000000e-02,0.000000e+00,0.000000e+00,226,3.466010e-05,0,0,0
6046,14,80451,1.190262e-03,4.770825e-03,9.105657e-03,0.000000e+00,0.000000e+00,215,3.969581e-04,0,0,0
6047,11,80462,1.130958e-03,4.802052e-03,8.631656e-03,0.000000e+00,0.000000e+00,197,3.683940e-05,0,0,0
HIST {'total_samples': 6672881, 'floor_samples': 0, 'floor_fraction': 0.0, 'saturation_depth': 0.0, 'boundaries': 6048, 'capped_boundaries': 0, 'unfinished_worlds': 0}
6048,15,80477,1.032362e-03,4.737709e-03,1.044430e-02,0.000000e+00,0.000000e+00,234,5.215406e-08,0,0,0
6049,14,80491,8.346170e-04,4.752371e-03,1.148873e-02,0.000000e+00,0.000000e+00,223,3.264844e-05,0,0,0
6050,10,80501,1.420211e-03,4.899802e-03,1.000000e-02,0.000000e+00,0.000000e+00,201,5.482137e-04,0,0,0
6051,13,80514,1.052270e-03,4.974862e-03,9.768091e-03,0.000000e+00,0.000000e+00,221,1.242394e-04,0,0,0
6052,11,80525,1.456836e-03,4.895162e-03,1.103794e-02,0.000000e+00,0.000000e+00,226,1.192391e-04,0,0,0
6053,10,80535,1.213317e-03,4.912499e-03,9.636687e-03,0.000000e+00,0.000000e+00,203,2.268478e-04,0,0,0
6054,11,80546,8.255422e-04,4.891374e-03,9.340516e-03,0.000000e+00,0.000000e+00,205,1.590848e-04,0,0,0
6055,11,80557,1.144691e-03,4.875541e-03,1.125232e-02,0.000000e+00,0.000000e+00,224,1.311451e-04,0,0,0
6056,12,80569,8.022427e-04,4.835008e-03,1.000000e-02,0.000000e+00,0.000000e+00,226,1.021326e-04,0,0,0
6057,11,80580,1.242506e-03,4.870372e-03,1.074965e-02,0.000000e+00,0.000000e+00,215,9.562373e-04,0,0,0
6058,18,80598,9.923326e-04,4.869349e-03,1.025066e-02,0.000000e+00,0.000000e+00,230,1.735687e-04,0,0,0
6059,11,80609,1.419204e-03,4.937990e-03,1.205066e-02,0.000000e+00,0.000000e+00,197,4.409528e-04,0,0,0
6060,11,80620,1.234227e-03,4.939829e-03,1.383405e-02,0.000000e+00,0.000000e+00,211,3.396422e-04,0,0,0
6061,14,80634,1.143126e-03,4.950883e-03,1.339049e-02,0.000000e+00,0.000000e+00,206,2.384186e-05,0,0,0
6062,12,80646,1.365045e-03,5.003789e-03,1.000000e-02,0.000000e+00,0.000000e+00,191,1.811981e-04,0,0,0
6063,11,80657,1.268419e-03,4.906374e-03,1.070308e-02,0.000000e+00,0.000000e+00,229,5.926862e-04,0,0,0
6064,12,80669,9.795123e-04,4.977352e-03,9.716654e-03,0.000000e+00,0.000000e+00,194,3.148690e-04,0,0,0
6065,15,80684,1.332199e-03,4.868176e-03,1.068832e-02,0.000000e+00,0.000000e+00,226,1.257658e-05,0,0,0
6066,24,80708,6.722267e-04,5.080932e-03,1.105081e-02,0.000000e+00,0.000000e+00,192,6.670384e-21,0,0,0
6067,11,80719,1.571232e-03,5.041910e-03,1.000000e-02,0.000000e+00,0.000000e+00,190,1.900643e-05,0,0,0
6068,18,80737,1.141697e-03,5.042385e-03,1.020862e-02,0.000000e+00,0.000000e+00,219,2.652854e-04,0,0,0
6069,13,80750,1.210621e-03,5.033288e-03,1.000000e-02,0.000000e+00,0.000000e+00,214,8.158386e-05,0,0,0
6070,13,80763,9.077161e-04,5.000143e-03,1.393841e-02,0.000000e+00,0.000000e+00,198,4.505329e-04,0,0,0
6071,14,80777,1.009349e-03,4.986243e-03,1.039030e-02,0.000000e+00,0.000000e+00,198,1.331493e-04,0,0,0
6072,10,80787,1.250707e-03,5.141344e-03,1.280155e-02,0.000000e+00,0.000000e+00,188,1.906417e-04,0,0,0
6073,10,80797,1.594500e-03,5.116316e-03,1.000000e-02,0.000000e+00,0.000000e+00,200,3.001094e-05,0,0,0
6074,11,80808,1.073143e-03,5.065961e-03,1.000000e-02,0.000000e+00,0.000000e+00,222,5.676746e-04,0,0,0
6075,11,80819,1.192626e-03,4.902387e-03,1.145473e-02,0.000000e+00,0.000000e+00,208,9.548664e-05,0,0,0
6076,14,80833,1.354405e-03,4.973019e-03,1.317690e-02,0.000000e+00,0.000000e+00,214,2.899691e-04,0,0,0
6077,14,80847,8.224223e-04,4.962100e-03,9.021792e-03,0.000000e+00,0.000000e+00,198,3.056601e-04,0,0,0
6078,21,80868,9.172487e-04,5.001835e-03,1.116502e-02,0.000000e+00,0.000000e+00,206,6.958842e-04,0,0,0
6079,9,80877,1.266321e-03,4.948279e-03,9.769898e-03,0.000000e+00,0.000000e+00,200,9.496957e-04,0,0,0
6080,17,80894,9.313059e-04,4.937809e-03,1.089000e-02,0.000000e+00,0.000000e+00,209,1.844019e-05,0,0,0
6081,13,80907,1.121354e-03,4.888264e-03,1.016265e-02,0.000000e+00,0.000000e+00,210,5.155802e-05,0,0,0
6082,10,80917,1.266573e-03,4.970290e-03,1.138387e-02,0.000000e+00,0.000000e+00,205,5.567074e-05,0,0,0
6083,18,80935,1.157699e-03,4.896645e-03,1.102555e-02,0.000000e+00,0.000000e+00,221,1.120828e-04,0,0,0
6084,11,80946,1.108812e-03,4.900376e-03,8.910854e-03,0.000000e+00,0.000000e+00,216,4.518926e-04,0,0,0
6085,16,80962,9.051135e-04,4.935754e-03,8.518214e-03,0.000000e+00,0.000000e+00,191,3.722310e-05,0,0,0
6086,13,80975,8.251375e-04,4.969393e-03,1.014668e-02,0.000000e+00,0.000000e+00,205,1.165867e-04,0,0,0
6087,25,81000,1.034460e-03,4.910704e-03,1.036398e-02,0.000000e+00,0.000000e+00,213,1.671910e-04,0,0,0
6088,22,81022,9.758809e-04,5.031641e-03,1.321555e-02,0.000000e+00,0.000000e+00,207,1.768488e-05,0,0,0
6089,12,81034,8.477355e-04,4.904744e-03,1.120197e-02,0.000000e+00,0.000000e+00,240,1.783669e-05,0,0,0
6090,12,81046,1.161968e-03,4.862864e-03,1.232217e-02,0.000000e+00,0.000000e+00,228,1.367182e-06,0,0,0
6091,20,81066,8.226192e-04,4.941431e-03,1.303014e-02,0.000000e+00,0.000000e+00,204,6.295741e-06,0,0,0
6092,17,81083,7.046225e-04,4.914045e-03,1.490982e-02,0.000000e+00,0.000000e+00,208,4.833564e-04,0,0,0
6093,12,81095,1.167876e-03,4.918037e-03,1.000000e-02,0.000000e+00,0.000000e+00,198,5.996227e-05,0,0,0
6094,17,81112,9.494500e-04,5.003236e-03,1.378925e-02,0.000000e+00,0.000000e+00,197,2.077967e-05,0,0,0
6095,12,81124,8.505519e-04,5.011454e-03,1.000000e-02,0.000000e+00,0.000000e+00,197,3.345311e-06,0,0,0
HIST {'total_samples': 6727495, 'floor_samples': 0, 'floor_fraction': 0.0, 'saturation_depth': 0.0, 'boundaries': 6096, 'capped_boundaries': 0, 'unfinished_worlds': 0}
6096,13,81137,7.244802e-04,4.954481e-03,1.080569e-02,0.000000e+00,0.000000e+00,212,8.637924e-05,0,0,0
6097,15,81152,1.249648e-03,5.040913e-03,1.059051e-02,0.000000e+00,0.000000e+00,210,1.697615e-04,0,0,0
6098,12,81164,1.013345e-03,4.839137e-03,1.001591e-02,0.000000e+00,0.000000e+00,216,1.514929e-04,0,0,0
6099,13,81177,9.033558e-04,4.874118e-03,1.106441e-02,0.000000e+00,0.000000e+00,213,2.399962e-04,0,0,0
6100,12,81189,9.041874e-04,4.988578e-03,1.402128e-02,0.000000e+00,0.000000e+00,196,1.730677e-05,0,0,0
6101,14,81203,1.065086e-03,4.861548e-03,9.804785e-03,0.000000e+00,0.000000e+00,225,2.349038e-04,0,0,0
6102,12,81215,7.979309e-04,4.970807e-03,1.000000e-02,0.000000e+00,0.000000e+00,205,6.384104e-04,0,0,0
6103,25,81240,7.573928e-04,5.048017e-03,1.044389e-02,0.000000e+00,0.000000e+00,201,2.540648e-04,0,0,0
6104,18,81258,1.070120e-03,5.083243e-03,1.038128e-02,0.000000e+00,0.000000e+00,219,1.144111e-04,0,0,0
6105,11,81269,1.147047e-03,5.112737e-03,1.037309e-02,0.000000e+00,0.000000e+00,201,2.650619e-04,0,0,0
6106,10,81279,1.462782e-03,5.187218e-03,1.052043e-02,0.000000e+00,0.000000e+00,181,1.907349e-05,0,0,0
6107,9,81288,1.307830e-03,5.171021e-03,9.883181e-03,0.000000e+00,0.000000e+00,211,3.951639e-04,0,0,0
6108,10,81298,1.117782e-03,5.202016e-03,1.095488e-02,0.000000e+00,0.000000e+00,189,9.378046e-05,0,0,0
6109,11,81309,1.582274e-03,5.074775e-03,1.000000e-02,0.000000e+00,0.000000e+00,198,9.015203e-06,0,0,0
6110,11,81320,1.212796e-03,5.090935e-03,1.002713e-02,0.000000e+00,0.000000e+00,203,5.140379e-04,0,0,0
6111,12,81332,1.286817e-03,4.953563e-03,8.558016e-03,0.000000e+00,0.000000e+00,231,2.842844e-04,0,0,0
6112,14,81346,9.340773e-04,5.044912e-03,1.000000e-02,0.000000e+00,0.000000e+00,187,6.239861e-05,0,0,0
6113,15,81361,9.008480e-04,4.836067e-03,9.853447e-03,0.000000e+00,0.000000e+00,215,1.699626e-04,0,0,0
6114,14,81375,1.202822e-03,4.899190e-03,1.068794e-02,0.000000e+00,0.000000e+00,206,4.218984e-05,0,0,0
6115,12,81387,1.204351e-03,5.065098e-03,9.494861e-03,0.000000e+00,0.000000e+00,196,1.696348e-04,0,0,0
6116,17,81404,1.173230e-03,4.965314e-03,9.494861e-03,0.000000e+00,0.000000e+00,224,4.067644e-05,0,0,0
6117,13,81417,1.264967e-03,4.892956e-03,1.003984e-02,0.000000e+00,0.000000e+00,197,1.663268e-04,0,0,0
6118,11,81428,1.266957e-03,4.943097e-03,1.000000e-02,0.000000e+00,0.000000e+00,204,5.229115e-04,0,0,0
6119,14,81442,1.590376e-03,5.014882e-03,1.168327e-02,0.000000e+00,0.000000e+00,197,2.306700e-05,0,0,0
6120,15,81457,9.534320e-04,4.938859e-03,9.926265e-03,0.000000e+00,0.000000e+00,201,5.587935e-08,0,0,0
6121,14,81471,1.386905e-03,4.851105e-03,9.964925e-03,0.000000e+00,0.000000e+00,205,2.898201e-04,0,0,0
6122,17,81488,1.043713e-03,5.043535e-03,1.015189e-02,0.000000e+00,0.000000e+00,190,8.939579e-05,0,0,0
6123,12,81500,1.320393e-03,4.984844e-03,1.000000e-02,0.000000e+00,0.000000e+00,210,6.994158e-04,0,0,0
6124,14,81514,1.009691e-03,5.083934e-03,1.293162e-02,0.000000e+00,0.000000e+00,202,8.808076e-05,0,0,0
6125,11,81525,1.454168e-03,5.036693e-03,1.000000e-02,0.000000e+00,0.000000e+00,193,4.658103e-05,0,0,0
6126,16,81541,9.072411e-04,5.004127e-03,1.117381e-02,0.000000e+00,0.000000e+00,222,1.238324e-04,0,0,0
6127,11,81552,1.708219e-03,5.050013e-03,9.520443e-03,0.000000e+00,0.000000e+00,198,1.265928e-04,0,0,0
6128,13,81565,1.248858e-03,5.096714e-03,1.022613e-02,0.000000e+00,0.000000e+00,194,1.558661e-04,0,0,0
6129,10,81575,1.792060e-03,4.947943e-03,1.033061e-02,0.000000e+00,0.000000e+00,213,8.079410e-05,0,0,0
6130,18,81593,1.000041e-03,5.128796e-03,1.215375e-02,0.000000e+00,0.000000e+00,193,1.201183e-04,0,0,0
6131,9,81602,1.519161e-03,5.014903e-03,9.576077e-03,0.000000e+00,0.000000e+00,195,2.210289e-04,0,0,0
6132,11,81613,1.329685e-03,5.161177e-03,1.189982e-02,0.000000e+00,0.000000e+00,197,2.555661e-04,0,0,0
6133,11,81624,9.318390e-04,5.081119e-03,1.055247e-02,0.000000e+00,0.000000e+00,214,1.773238e-06,0,0,0
6134,12,81636,1.591796e-03,5.078527e-03,1.000000e-02,0.000000e+00,0.000000e+00,203,3.866181e-04,0,0,0
6135,10,81646,1.796407e-03,5.174167e-03,1.070962e-02,0.000000e+00,0.000000e+00,191,8.471310e-06,0,0,0
6136,13,81659,1.121857e-03,5.215598e-03,1.000000e-02,0.000000e+00,0.000000e+00,204,1.075864e-04,0,0,0
6137,14,81673,1.267912e-03,5.025285e-03,9.541440e-03,0.000000e+00,0.000000e+00,207,2.290606e-04,0,0,0
6138,11,81684,1.103923e-03,5.090318e-03,1.089000e-02,0.000000e+00,0.000000e+00,217,1.327693e-05,0,0,0
6139,12,81696,1.305750e-03,4.984707e-03,8.660680e-03,0.000000e+00,0.000000e+00,204,7.182360e-05,0,0,0
6140,12,81708,1.451739e-03,5.007427e-03,1.030787e-02,0.000000e+00,0.000000e+00,199,2.974048e-04,0,0,0
6141,15,81723,8.692438e-04,4.957842e-03,1.000000e-02,0.000000e+00,0.000000e+00,199,1.251698e-05,0,0,0
6142,11,81734,1.326785e-03,5.196888e-03,1.294920e-02,0.000000e+00,0.000000e+00,184,2.431870e-04,0,0,0
6143,11,81745,9.455886e-04,5.062491e-03,1.114385e-02,0.000000e+00,0.000000e+00,197,1.358539e-04,0,0,0
HIST {'total_samples': 6780440, 'floor_samples': 0, 'floor_fraction': 0.0, 'saturation_depth': 0.0, 'boundaries': 6144, 'capped_boundaries': 0, 'unfinished_worlds': 0}
6144,11,81756,1.304655e-03,5.178420e-03,1.217225e-02,0.000000e+00,0.000000e+00,190,1.056567e-04,0,0,0
6145,10,81766,1.092021e-03,5.096122e-03,1.000000e-02,0.000000e+00,0.000000e+00,191,6.587803e-04,0,0,0
6146,11,81777,1.476203e-03,5.097976e-03,1.005408e-02,0.000000e+00,0.000000e+00,200,5.954504e-05,0,0,0
6147,11,81788,1.414614e-03,4.969057e-03,1.334034e-02,0.000000e+00,0.000000e+00,215,4.247576e-05,0,0,0
6148,14,81802,8.719744e-04,5.148555e-03,1.398633e-02,0.000000e+00,0.000000e+00,188,1.285374e-04,0,0,0
6149,21,81823,7.562488e-04,4.952508e-03,1.391243e-02,0.000000e+00,0.000000e+00,220,2.592057e-05,0,0,0
6150,13,81836,1.096356e-03,5.034030e-03,1.136840e-02,0.000000e+00,0.000000e+00,188,2.358109e-06,0,0,0
6151,12,81848,1.004668e-03,5.095562e-03,1.000000e-02,0.000000e+00,0.000000e+00,198,6.445423e-04,0,0,0
6152,12,81860,1.252782e-03,5.082080e-03,1.372221e-02,0.000000e+00,0.000000e+00,189,1.430511e-06,0,0,0
6153,10,81870,1.271636e-03,4.966033e-03,1.000000e-02,0.000000e+00,0.000000e+00,198,7.294118e-04,0,0,0
6154,13,81883,9.419876e-04,5.069699e-03,1.664448e-02,0.000000e+00,0.000000e+00,197,9.210408e-05,0,0,0
6155,14,81897,8.029424e-04,5.043595e-03,1.264513e-02,0.000000e+00,0.000000e+00,208,3.811903e-06,0,0,0
6156,12,81909,8.963676e-04,5.052348e-03,1.281500e-02,0.000000e+00,0.000000e+00,189,1.790337e-04,0,0,0
6157,15,81924,9.928506e-04,4.884364e-03,1.000000e-02,0.000000e+00,0.000000e+00,223,3.972650e-05,0,0,0
6158,14,81938,1.275607e-03,5.012669e-03,1.011233e-02,0.000000e+00,0.000000e+00,187,3.896654e-06,0,0,0
6159,10,81948,1.595138e-03,5.054406e-03,1.772492e-02,0.000000e+00,0.000000e+00,187,2.345648e-04,0,0,0
6160,10,81958,1.313574e-03,5.143402e-03,1.095131e-02,0.000000e+00,0.000000e+00,176,5.944073e-05,0,0,0
6161,13,81971,9.741253e-04,5.128528e-03,1.000000e-02,0.000000e+00,0.000000e+00,196,2.215207e-04,0,0,0
6162,14,81985,1.132829e-03,5.030789e-03,1.209811e-02,0.000000e+00,0.000000e+00,219,1.904964e-04,0,0,0
6163,14,81999,1.222536e-03,5.067226e-03,1.000000e-02,0.000000e+00,0.000000e+00,181,3.682077e-05,0,0,0
6164,14,82013,8.517321e-04,5.079431e-03,1.089966e-02,0.000000e+00,0.000000e+00,195,4.255697e-04,0,0,0
6165,13,82026,1.085811e-03,5.038885e-03,9.761904e-03,0.000000e+00,0.000000e+00,209,4.304945e-05,0,0,0
6166,11,82037,1.324680e-03,5.022333e-03,1.140210e-02,0.000000e+00,0.000000e+00,190,8.232892e-06,0,0,0
6167,11,82048,1.484052e-03,5.066752e-03,1.086343e-02,0.000000e+00,0.000000e+00,189,6.004060e-04,0,0,0
6168,11,82059,1.367009e-03,4.969541e-03,1.000000e-02,0.000000e+00,0.000000e+00,210,6.562471e-05,0,0,0
6169,13,82072,1.090974e-03,4.964594e-03,1.014611e-02,0.000000e+00,0.000000e+00,221,5.623698e-05,0,0,0
6170,13,82085,1.145491e-03,5.070831e-03,1.000000e-02,0.000000e+00,0.000000e+00,188,1.231581e-04,0,0,0
6171,15,82100,8.442667e-04,5.023418e-03,9.576156e-03,0.000000e+00,0.000000e+00,201,3.412366e-06,0,0,0
6172,12,82112,1.045144e-03,5.065733e-03,1.542343e-02,0.000000e+00,0.000000e+00,200,4.017353e-05,0,0,0
6173,14,82126,1.072310e-03,4.992877e-03,9.533615e-03,0.000000e+00,0.000000e+00,192,1.907349e-06,0,0,0
6174,12,82138,9.906656e-04,5.132413e-03,1.093981e-02,0.000000e+00,0.000000e+00,181,1.833215e-05,0,0,0
6175,13,82151,1.035122e-03,4.989647e-03,1.000000e-02,0.000000e+00,0.000000e+00,192,2.060086e-05,0,0,0
6176,12,82163,1.175657e-03,5.132481e-03,1.000000e-02,0.000000e+00,0.000000e+00,185,4.579872e-05,0,0,0
6177,13,82176,1.661672e-03,5.230018e-03,9.808079e-03,0.000000e+00,0.000000e+00,185,4.896428e-06,0,0,0
6178,16,82192,1.065114e-03,5.310684e-03,1.102533e-02,0.000000e+00,0.000000e+00,184,7.287413e-05,0,0,0
6179,18,82210,9.520928e-04,5.165302e-03,1.040269e-02,0.000000e+00,0.000000e+00,198,2.905354e-05,0,0,0
6180,13,82223,1.127419e-03,5.126036e-03,1.201602e-02,0.000000e+00,0.000000e+00,202,6.280839e-05,0,0,0
6181,14,82237,1.344824e-03,5.046327e-03,9.755573e-03,0.000000e+00,0.000000e+00,200,2.640858e-05,0,0,0
6182,12,82249,1.410209e-03,4.997994e-03,1.149209e-02,0.000000e+00,0.000000e+00,188,4.236978e-04,0,0,0
6183,9,82258,9.686924e-04,5.011865e-03,1.000000e-02,0.000000e+00,0.000000e+00,187,4.887581e-06,0,0,0
6184,11,82269,9.645502e-04,5.126446e-03,1.237235e-02,0.000000e+00,0.000000e+00,188,3.516674e-06,0,0,0
6185,13,82282,1.238029e-03,5.151868e-03,1.248309e-02,0.000000e+00,0.000000e+00,194,9.307265e-05,0,0,0
6186,11,82293,1.096818e-03,5.105103e-03,1.132235e-02,0.000000e+00,0.000000e+00,194,1.415163e-04,0,0,0
6187,12,82305,9.520868e-04,5.084868e-03,1.000000e-02,0.000000e+00,0.000000e+00,196,5.835555e-04,0,0,0
6188,11,82316,1.162122e-03,5.084395e-03,1.122400e-02,0.000000e+00,0.000000e+00,192,1.311302e-06,0,0,0
6189,12,82328,1.163725e-03,5.066670e-03,1.000000e-02,0.000000e+00,0.000000e+00,190,7.326528e-05,0,0,0
6190,19,82347,8.554319e-04,5.050039e-03,1.000000e-02,0.000000e+00,0.000000e+00,186,4.869401e-04,0,0,0
6191,15,82362,8.921026e-04,5.043903e-03,9.212478e-03,0.000000e+00,0.000000e+00,194,6.764829e-04,0,0,0
HIST {'total_samples': 6832318, 'floor_samples': 0, 'floor_fraction': 0.0, 'saturation_depth': 0.0, 'boundaries': 6192, 'capped_boundaries': 0, 'unfinished_worlds': 0}
6192,14,82376,1.210453e-03,5.188130e-03,1.079029e-02,0.000000e+00,0.000000e+00,165,2.497435e-05,0,0,0
6193,21,82397,5.804498e-04,4.986559e-03,1.155531e-02,0.000000e+00,0.000000e+00,211,1.685992e-04,0,0,0
6194,21,82418,5.784880e-04,5.244393e-03,1.156636e-02,0.000000e+00,0.000000e+00,179,1.809895e-04,0,0,0
6195,17,82435,9.533835e-04,5.138364e-03,1.081917e-02,0.000000e+00,0.000000e+00,195,1.596659e-05,0,0,0
6196,13,82448,1.120132e-03,5.135439e-03,1.000000e-02,0.000000e+00,0.000000e+00,184,1.811981e-05,0,0,0
6197,20,82468,7.333016e-04,5.097104e-03,1.004033e-02,0.000000e+00,0.000000e+00,197,2.980232e-07,0,0,0
6198,11,82479,1.401034e-03,5.140265e-03,1.210032e-02,0.000000e+00,0.000000e+00,196,1.089722e-04,0,0,0
6199,26,82505,7.810431e-04,4.964953e-03,1.077258e-02,0.000000e+00,0.000000e+00,208,2.046032e-04,0,0,0
6200,17,82522,1.006632e-03,4.966642e-03,1.000000e-02,0.000000e+00,0.000000e+00,206,3.307499e-05,0,0,0
6201,13,82535,8.096825e-04,4.898514e-03,9.292821e-03,0.000000e+00,0.000000e+00,202,3.817976e-04,0,0,0
6202,13,82548,1.213058e-03,5.155746e-03,1.016983e-02,0.000000e+00,0.000000e+00,175,2.707541e-05,0,0,0
6203,17,82565,8.155259e-04,5.199871e-03,1.002863e-02,0.000000e+00,0.000000e+00,187,2.291556e-04,0,0,0
6204,13,82578,1.025755e-03,5.209105e-03,1.222523e-02,0.000000e+00,0.000000e+00,192,1.031011e-04,0,0,0
6205,14,82592,1.310207e-03,5.112303e-03,1.000000e-02,0.000000e+00,0.000000e+00,201,7.890165e-06,0,0,0
6206,13,82605,1.084661e-03,5.224958e-03,1.000000e-02,0.000000e+00,0.000000e+00,174,1.234263e-04,0,0,0
6207,12,82617,1.023275e-03,5.172700e-03,9.713264e-03,0.000000e+00,0.000000e+00,200,3.397167e-04,0,0,0
6208,15,82632,1.178622e-03,5.261625e-03,1.360248e-02,0.000000e+00,0.000000e+00,188,3.387239e-04,0,0,0
6209,9,82641,1.166588e-03,5.186884e-03,1.211116e-02,0.000000e+00,0.000000e+00,192,3.353953e-04,0,0,0
6210,14,82655,1.048202e-03,5.147771e-03,1.542710e-02,0.000000e+00,0.000000e+00,216,3.138185e-05,0,0,0
6211,12,82667,1.336104e-03,5.002934e-03,1.000000e-02,0.000000e+00,0.000000e+00,197,2.682209e-07,0,0,0
6212,14,82681,9.906932e-04,5.125878e-03,1.343345e-02,0.000000e+00,0.000000e+00,183,1.626611e-04,0,0,0
6213,15,82696,1.064536e-03,4.907440e-03,1.119614e-02,0.000000e+00,0.000000e+00,207,5.464256e-05,0,0,0
6214,13,82709,7.189994e-04,5.120154e-03,1.964579e-02,0.000000e+00,0.000000e+00,195,2.048165e-05,0,0,0
6215,12,82721,8.623202e-04,5.019276e-03,1.442853e-02,0.000000e+00,0.000000e+00,220,1.266599e-07,0,0,0
6216,16,82737,8.074009e-04,5.039843e-03,1.522838e-02,0.000000e+00,0.000000e+00,208,3.045797e-04,0,0,0
6217,12,82749,1.223959e-03,4.979454e-03,9.694671e-03,0.000000e+00,0.000000e+00,194,5.456805e-05,0,0,0
6218,11,82760,1.463449e-03,5.004109e-03,9.694671e-03,0.000000e+00,0.000000e+00,196,5.230308e-05,0,0,0
6219,12,82772,1.063537e-03,5.013680e-03,9.734338e-03,0.000000e+00,0.000000e+00,189,1.056194e-04,0,0,0
6220,14,82786,1.014861e-03,5.131945e-03,1.204830e-02,0.000000e+00,0.000000e+00,182,1.892447e-06,0,0,0
6221,11,82797,1.427323e-03,5.156952e-03,1.098326e-02,0.000000e+00,0.000000e+00,185,1.661628e-04,0,0,0
6222,13,82810,1.212011e-03,5.092045e-03,1.019277e-02,0.000000e+00,0.000000e+00,209,4.829466e-04,0,0,0
6223,11,82821,1.273638e-03,5.050785e-03,1.000000e-02,0.000000e+00,0.000000e+00,186,3.187135e-04,0,0,0
6224,14,82835,1.089092e-03,5.165088e-03,1.129661e-02,0.000000e+00,0.000000e+00,188,1.981854e-06,0,0,0
6225,18,82853,1.058862e-03,5.113607e-03,9.989627e-03,0.000000e+00,0.000000e+00,209,4.023314e-06,0,0,0
6226,12,82865,1.405952e-03,5.136606e-03,1.043643e-02,0.000000e+00,0.000000e+00,205,1.428500e-04,0,0,0
6227,13,82878,1.306469e-03,5.040351e-03,1.135775e-02,0.000000e+00,0.000000e+00,214,1.758337e-05,0,0,0
6228,15,82893,1.396029e-03,5.125690e-03,1.343756e-02,0.000000e+00,0.000000e+00,189,2.754927e-04,0,0,0
6229,12,82905,1.129437e-03,4.922120e-03,1.000000e-02,0.000000e+00,0.000000e+00,211,4.535168e-04,0,0,0
6230,13,82918,9.142627e-04,5.010711e-03,1.000000e-02,0.000000e+00,0.000000e+00,186,1.452863e-07,0,0,0
6231,12,82930,1.135630e-03,4.996646e-03,1.000000e-02,0.000000e+00,0.000000e+00,198,3.486872e-06,0,0,0
6232,14,82944,1.020546e-03,5.004977e-03,1.317690e-02,0.000000e+00,0.000000e+00,200,5.092389e-04,0,0,0
6233,16,82960,1.040201e-03,4.924773e-03,1.000000e-02,0.000000e+00,0.000000e+00,201,3.531724e-04,0,0,0
6234,14,82974,1.240384e-03,4.941027e-03,1.171493e-02,0.000000e+00,0.000000e+00,209,3.511906e-04,0,0,0
6235,17,82991,1.002129e-03,4.922456e-03,1.117651e-02,0.000000e+00,0.000000e+00,191,4.544854e-07,0,0,0
6236,15,83006,5.945878e-04,5.019362e-03,1.321087e-02,0.000000e+00,0.000000e+00,203,1.138728e-04,0,0,0
6237,12,83018,1.445910e-03,4.952372e-03,1.036765e-02,0.000000e+00,0.000000e+00,193,1.854450e-04,0,0,0
6238,12,83030,1.387836e-03,5.036364e-03,1.000000e-02,0.000000e+00,0.000000e+00,206,4.227459e-05,0,0,0
6239,12,83042,1.242679e-03,5.052356e-03,9.589539e-03,0.000000e+00,0.000000e+00,186,1.645097e-19,0,0,0
HIST {'total_samples': 6884484, 'floor_samples': 0, 'floor_fraction': 0.0, 'saturation_depth': 0.0, 'boundaries': 6240, 'capped_boundaries': 0, 'unfinished_worlds': 0}
6240,11,83053,1.536556e-03,5.003968e-03,1.034960e-02,0.000000e+00,0.000000e+00,198,1.035295e-04,0,0,0
6241,11,83064,1.161555e-03,4.954607e-03,1.226873e-02,0.000000e+00,0.000000e+00,210,7.656794e-04,0,0,0
6242,11,83075,1.126224e-03,5.006644e-03,1.013441e-02,0.000000e+00,0.000000e+00,192,1.365431e-04,0,0,0
6243,10,83085,1.367447e-03,4.913976e-03,1.000000e-02,0.000000e+00,0.000000e+00,198,5.198866e-04,0,0,0
6244,12,83097,1.237881e-03,4.943998e-03,1.000000e-02,0.000000e+00,0.000000e+00,199,4.506633e-04,0,0,0
6245,14,83111,9.998599e-04,4.892557e-03,1.006357e-02,0.000000e+00,0.000000e+00,203,2.508461e-04,0,0,0
6246,13,83124,9.103184e-04,5.039659e-03,1.078884e-02,0.000000e+00,0.000000e+00,177,6.473064e-04,0,0,0
6247,13,83137,1.177584e-03,4.940267e-03,9.624368e-03,0.000000e+00,0.000000e+00,207,6.113350e-04,0,0,0
6248,11,83148,1.117404e-03,4.953987e-03,9.797292e-03,0.000000e+00,0.000000e+00,193,8.871499e-05,0,0,0
6249,11,83159,1.350806e-03,5.022948e-03,9.797292e-03,0.000000e+00,0.000000e+00,193,1.668930e-06,0,0,0
6250,12,83171,9.383961e-04,4.991226e-03,1.258562e-02,0.000000e+00,0.000000e+00,216,4.965663e-04,0,0,0
6251,11,83182,1.217212e-03,4.983567e-03,1.240713e-02,0.000000e+00,0.000000e+00,200,2.355576e-04,0,0,0
6252,11,83193,1.425173e-03,4.939627e-03,1.129624e-02,0.000000e+00,0.000000e+00,198,4.254282e-04,0,0,0
6253,18,83211,5.963934e-04,4.842083e-03,1.000000e-02,0.000000e+00,0.000000e+00,215,3.317371e-04,0,0,0
6254,14,83225,1.266509e-03,4.929371e-03,1.273470e-02,0.000000e+00,0.000000e+00,190,2.236441e-04,0,0,0
6255,16,83241,6.587927e-04,4.856712e-03,9.959992e-03,0.000000e+00,0.000000e+00,190,5.078912e-04,0,0,0
6256,24,83265,5.951404e-04,5.047836e-03,1.302765e-02,0.000000e+00,0.000000e+00,196,2.831817e-04,0,0,0
6257,13,83278,1.202043e-03,5.023515e-03,1.000000e-02,0.000000e+00,0.000000e+00,184,3.703237e-04,0,0,0
6258,17,83295,9.859682e-04,5.142008e-03,1.000000e-02,0.000000e+00,0.000000e+00,199,1.634508e-04,0,0,0
6259,12,83307,8.885376e-04,4.920974e-03,9.514702e-03,0.000000e+00,0.000000e+00,206,3.257990e-04,0,0,0
6260,12,83319,1.178819e-03,4.971323e-03,1.014904e-02,0.000000e+00,0.000000e+00,196,4.479289e-05,0,0,0
6261,14,83333,9.471061e-04,4.944264e-03,1.088661e-02,0.000000e+00,0.000000e+00,209,2.301484e-04,0,0,0
6262,13,83346,9.951012e-04,5.005946e-03,1.197527e-02,0.000000e+00,0.000000e+00,201,3.377348e-04,0,0,0
6263,13,83359,8.175654e-04,4.897214e-03,9.480643e-03,0.000000e+00,0.000000e+00,218,7.617474e-05,0,0,0
6264,11,83370,1.463657e-03,4.881813e-03,1.000000e-02,0.000000e+00,0.000000e+00,196,9.179115e-06,0,0,0
6265,12,83382,9.010577e-04,4.997537e-03,9.604692e-03,0.000000e+00,0.000000e+00,197,2.870858e-04,0,0,0
6266,14,83396,1.044648e-03,4.930104e-03,1.190247e-02,0.000000e+00,0.000000e+00,212,9.479001e-06,0,0,0
6267,16,83412,7.961456e-04,4.824450e-03,1.008646e-02,0.000000e+00,0.000000e+00,215,6.146729e-07,0,0,0
6268,14,83426,1.023484e-03,4.973023e-03,1.306774e-02,0.000000e+00,0.000000e+00,205,1.430511e-06,0,0,0
6269,11,83437,1.379678e-03,4.956969e-03,1.226415e-02,0.000000e+00,0.000000e+00,202,2.188981e-05,0,0,0
6270,11,83448,9.818230e-04,5.028788e-03,1.198764e-02,0.000000e+00,0.000000e+00,190,2.650470e-04,0,0,0
6271,12,83460,1.220944e-03,4.977789e-03,1.348152e-02,0.000000e+00,0.000000e+00,220,7.680058e-05,0,0,0
6272,11,83471,1.005691e-03,4.894535e-03,9.684321e-03,0.000000e+00,0.000000e+00,213,6.680191e-05,0,0,0
6273,12,83483,1.220045e-03,4.746594e-03,9.651433e-03,0.000000e+00,0.000000e+00,222,8.344650e-07,0,0,0
6274,16,83499,7.636294e-04,4.926864e-03,1.002382e-02,0.000000e+00,0.000000e+00,205,3.884807e-04,0,0,0
6275,15,83514,6.965086e-04,4.819402e-03,9.235291e-03,0.000000e+00,0.000000e+00,218,9.535789e-05,0,0,0
6276,13,83527,7.335632e-04,4.929225e-03,9.475997e-03,0.000000e+00,0.000000e+00,205,4.197657e-04,0,0,0
6277,14,83541,6.137046e-04,4.959333e-03,9.262290e-03,0.000000e+00,0.000000e+00,210,2.251379e-04,0,0,0
6278,16,83557,9.696612e-04,4.981825e-03,1.106758e-02,0.000000e+00,0.000000e+00,203,9.016320e-05,0,0,0
6279,15,83572,1.152020e-03,4.969940e-03,1.000000e-02,0.000000e+00,0.000000e+00,214,2.288818e-05,0,0,0
6280,12,83584,1.427082e-03,5.074661e-03,1.321631e-02,0.000000e+00,0.000000e+00,198,4.005432e-05,0,0,0
6281,12,83596,1.048255e-03,4.957085e-03,1.287710e-02,0.000000e+00,0.000000e+00,220,1.013279e-06,0,0,0
6282,10,83606,8.980978e-04,4.949740e-03,1.089000e-02,0.000000e+00,0.000000e+00,198,5.649868e-05,0,0,0
6283,14,83620,1.233039e-03,4.864168e-03,1.056171e-02,0.000000e+00,0.000000e+00,229,7.919967e-06,0,0,0
6284,15,83635,8.407412e-04,4.910730e-03,1.089000e-02,0.000000e+00,0.000000e+00,220,8.091331e-06,0,0,0
6285,18,83653,1.080490e-03,4.934692e-03,1.038805e-02,0.000000e+00,0.000000e+00,219,4.467368e-05,0,0,0
6286,14,83667,1.155562e-03,4.910343e-03,1.032626e-02,0.000000e+00,0.000000e+00,206,1.062155e-04,0,0,0
6287,12,83679,1.110435e-03,4.948782e-03,9.283460e-03,0.000000e+00,0.000000e+00,198,1.813322e-04,0,0,0
HIST {'total_samples': 6938576, 'floor_samples': 0, 'floor_fraction': 0.0, 'saturation_depth': 0.0, 'boundaries': 6288, 'capped_boundaries': 0, 'unfinished_worlds': 0}
6288,13,83692,8.431409e-04,5.084233e-03,1.029142e-02,0.000000e+00,0.000000e+00,214,1.687557e-06,0,0,0
6289,12,83704,1.100793e-03,4.971213e-03,9.009082e-03,0.000000e+00,0.000000e+00,224,2.528727e-05,0,0,0
6290,13,83717,1.044344e-03,4.970899e-03,1.275106e-02,0.000000e+00,0.000000e+00,226,2.417574e-04,0,0,0
6291,11,83728,1.265664e-03,4.963628e-03,1.000000e-02,0.000000e+00,0.000000e+00,200,4.984625e-04,0,0,0
6292,12,83740,1.172280e-03,4.945041e-03,1.057799e-02,0.000000e+00,0.000000e+00,201,3.006533e-04,0,0,0
6293,12,83752,1.239714e-03,4.924161e-03,1.000000e-02,0.000000e+00,0.000000e+00,198,2.980232e-07,0,0,0
6294,14,83766,1.106097e-03,4.957180e-03,9.856653e-03,0.000000e+00,0.000000e+00,218,1.001135e-04,0,0,0
6295,12,83778,1.360307e-03,4.868913e-03,9.948365e-03,0.000000e+00,0.000000e+00,206,2.469867e-04,0,0,0
6296,12,83790,1.418902e-03,4.900509e-03,1.028019e-02,0.000000e+00,0.000000e+00,216,6.312504e-06,0,0,0
6297,13,83803,9.614808e-04,4.915996e-03,1.027167e-02,0.000000e+00,0.000000e+00,200,8.349121e-05,0,0,0
6298,11,83814,9.935768e-04,4.988568e-03,1.029372e-02,0.000000e+00,0.000000e+00,210,6.747693e-04,0,0,0
6299,12,83826,1.688655e-03,4.994201e-03,1.114798e-02,0.000000e+00,0.000000e+00,205,7.964671e-06,0,0,0
6300,12,83838,1.021328e-03,4.878017e-03,1.056754e-02,0.000000e+00,0.000000e+00,225,1.358986e-05,0,0,0
6301,16,83854,1.031876e-03,5.039828e-03,1.000000e-02,0.000000e+00,0.000000e+00,174,4.656613e-10,0,0,0
6302,13,83867,1.056782e-03,5.034339e-03,1.089264e-02,0.000000e+00,0.000000e+00,202,2.433360e-04,0,0,0
6303,13,83880,1.090842e-03,4.970163e-03,1.000000e-02,0.000000e+00,0.000000e+00,213,1.251698e-06,0,0,0
6304,14,83894,9.769690e-04,5.009365e-03,1.089000e-02,0.000000e+00,0.000000e+00,207,1.045540e-04,0,0,0
6305,11,83905,1.472094e-03,5.034046e-03,1.025174e-02,0.000000e+00,0.000000e+00,201,3.218651e-06,0,0,0
6306,14,83919,7.711409e-04,5.005408e-03,1.000000e-02,0.000000e+00,0.000000e+00,216,8.940697e-08,0,0,0
6307,11,83930,1.276636e-03,5.029193e-03,1.099803e-02,0.000000e+00,0.000000e+00,212,4.544854e-05,0,0,0
6308,13,83943,1.300167e-03,5.081282e-03,1.000000e-02,0.000000e+00,0.000000e+00,202,2.057403e-04,0,0,0
6309,16,83959,7.809512e-04,4.916987e-03,9.112579e-03,0.000000e+00,0.000000e+00,225,9.737164e-05,0,0,0
6310,16,83975,7.892664e-04,5.076037e-03,1.000000e-02,0.000000e+00,0.000000e+00,189,2.156496e-04,0,0,0
6311,13,83988,9.880537e-04,4.964479e-03,9.299520e-03,0.000000e+00,0.000000e+00,212,2.140999e-04,0,0,0
6312,20,84008,8.748236e-04,4.998242e-03,1.063831e-02,0.000000e+00,0.000000e+00,220,5.424023e-05,0,0,0
6313,21,84029,7.498795e-04,4.911612e-03,1.048717e-02,0.000000e+00,0.000000e+00,210,7.033348e-06,0,0,0
6314,13,84042,7.598148e-04,4.961944e-03,1.000000e-02,0.000000e+00,0.000000e+00,211,1.949258e-05,0,0,0
6315,15,84057,1.087755e-03,4.937469e-03,1.009202e-02,0.000000e+00,0.000000e+00,203,2.893806e-05,0,0,0
6316,17,84074,9.904166e-04,4.976196e-03,1.070835e-02,0.000000e+00,0.000000e+00,195,4.577264e-05,0,0,0
6317,14,84088,9.110072e-04,4.883538e-03,1.248107e-02,0.000000e+00,0.000000e+00,215,5.027652e-05,0,0,0
6318,18,84106,8.959745e-04,4.944923e-03,1.000000e-02,0.000000e+00,0.000000e+00,204,4.036725e-05,0,0,0
6319,15,84121,1.084443e-03,4.984699e-03,1.072914e-02,0.000000e+00,0.000000e+00,198,8.225441e-06,0,0,0
6320,13,84134,9.888444e-04,5.089468e-03,1.112161e-02,0.000000e+00,0.000000e+00,201,4.713945e-04,0,0,0
6321,13,84147,1.078566e-03,4.930104e-03,9.225753e-03,0.000000e+00,0.000000e+00,208,1.546554e-05,0,0,0
6322,11,84158,9.631108e-04,5.120317e-03,1.012807e-02,0.000000e+00,0.000000e+00,197,1.417287e-04,0,0,0
6323,11,84169,1.152568e-03,5.027738e-03,9.978657e-03,0.000000e+00,0.000000e+00,213,3.550516e-04,0,0,0
6324,12,84181,1.043966e-03,5.130160e-03,1.000000e-02,0.000000e+00,0.000000e+00,203,2.179481e-04,0,0,0
6325,13,84194,1.246928e-03,5.015327e-03,1.000966e-02,0.000000e+00,0.000000e+00,208,8.374453e-06,0,0,0
6326,11,84205,1.183957e-03,4.990422e-03,1.000000e-02,0.000000e+00,0.000000e+00,213,2.139807e-05,0,0,0
6327,13,84218,1.233115e-03,4.954595e-03,9.832071e-03,0.000000e+00,0.000000e+00,200,5.492121e-04,0,0,0
6328,22,84240,5.076295e-04,5.014550e-03,1.120863e-02,0.000000e+00,0.000000e+00,231,2.751052e-04,0,0,0
6329,13,84253,6.795217e-04,4.881272e-03,1.000000e-02,0.000000e+00,0.000000e+00,212,5.456209e-04,0,0,0
6330,12,84265,1.368096e-03,4.837443e-03,1.182613e-02,0.000000e+00,0.000000e+00,190,4.465971e-05,0,0,0
6331,12,84277,7.707594e-04,4.860665e-03,1.000000e-02,0.000000e+00,0.000000e+00,208,4.407106e-04,0,0,0
6332,12,84289,9.859968e-04,4.857323e-03,1.212148e-02,0.000000e+00,0.000000e+00,201,1.468956e-04,0,0,0
6333,17,84306,1.080573e-03,4.865873e-03,1.040005e-02,0.000000e+00,0.000000e+00,209,2.008826e-04,0,0,0
6334,15,84321,7.625460e-04,4.954906e-03,1.139466e-02,0.000000e+00,0.000000e+00,189,6.753020e-06,0,0,0
6335,12,84333,1.094738e-03,4.920007e-03,1.027179e-02,0.000000e+00,0.000000e+00,214,3.562123e-05,0,0,0
HIST {'total_samples': 6992847, 'floor_samples': 0, 'floor_fraction': 0.0, 'saturation_depth': 0.0, 'boundaries': 6336, 'capped_boundaries': 0, 'unfinished_worlds': 0}
6336,13,84346,1.365180e-03,4.943007e-03,1.017088e-02,0.000000e+00,0.000000e+00,202,1.749396e-05,0,0,0
6337,15,84361,1.052576e-03,4.764895e-03,1.080664e-02,0.000000e+00,0.000000e+00,211,3.747344e-04,0,0,0
6338,11,84372,8.719281e-04,4.963322e-03,1.027397e-02,0.000000e+00,0.000000e+00,187,2.659857e-06,0,0,0
6339,13,84385,1.413562e-03,4.961992e-03,9.221036e-03,0.000000e+00,0.000000e+00,194,3.910705e-05,0,0,0
6340,13,84398,9.617435e-04,5.021643e-03,1.153845e-02,0.000000e+00,0.000000e+00,204,2.516508e-04,0,0,0
6341,11,84409,1.121956e-03,4.968185e-03,1.170666e-02,0.000000e+00,0.000000e+00,208,4.893616e-04,0,0,0
6342,13,84422,1.057203e-03,5.068416e-03,1.155637e-02,0.000000e+00,0.000000e+00,189,5.103648e-07,0,0,0
6343,12,84434,1.105483e-03,4.858847e-03,1.000000e-02,0.000000e+00,0.000000e+00,209,2.980232e-05,0,0,0
6344,15,84449,9.159996e-04,4.847890e-03,1.000000e-02,0.000000e+00,0.000000e+00,216,5.209818e-05,0,0,0
6345,13,84462,1.215143e-03,4.786243e-03,1.009213e-02,0.000000e+00,0.000000e+00,230,2.075732e-05,0,0,0
6346,14,84476,1.201055e-03,4.919715e-03,1.004848e-02,0.000000e+00,0.000000e+00,196,2.502874e-04,0,0,0
6347,12,84488,1.321292e-03,4.733701e-03,1.139517e-02,0.000000e+00,0.000000e+00,237,2.504885e-05,0,0,0
6348,11,84499,1.116537e-03,4.835821e-03,1.215866e-02,0.000000e+00,0.000000e+00,205,7.808208e-04,0,0,0
6349,12,84511,1.333354e-03,4.797879e-03,1.434965e-02,0.000000e+00,0.000000e+00,197,1.045018e-04,0,0,0
6350,14,84525,9.011453e-04,4.853337e-03,1.578461e-02,0.000000e+00,0.000000e+00,195,1.876801e-05,0,0,0
6351,16,84541,9.897330e-04,4.935495e-03,1.733745e-02,0.000000e+00,0.000000e+00,207,2.353117e-04,0,0,0
6352,19,84560,1.159280e-03,4.941647e-03,1.977101e-02,0.000000e+00,0.000000e+00,202,2.630465e-04,0,0,0
6353,17,84577,6.583861e-04,4.795036e-03,1.400752e-02,0.000000e+00,0.000000e+00,228,2.112240e-06,0,0,0
6354,11,84588,1.498278e-03,5.005000e-03,1.320989e-02,0.000000e+00,0.000000e+00,194,1.114234e-05,0,0,0
6355,14,84602,1.304325e-03,5.005976e-03,1.211950e-02,0.000000e+00,0.000000e+00,209,1.344644e-05,0,0,0
6356,12,84614,1.049365e-03,4.878415e-03,1.478231e-02,0.000000e+00,0.000000e+00,222,2.503395e-06,0,0,0
6357,13,84627,1.000315e-03,4.778396e-03,1.758237e-02,0.000000e+00,0.000000e+00,226,6.138757e-04,0,0,0
6358,14,84641,1.026574e-03,4.896177e-03,1.448602e-02,0.000000e+00,0.000000e+00,205,3.567189e-04,0,0,0
6359,13,84654,1.042725e-03,4.967092e-03,1.142636e-02,0.000000e+00,0.000000e+00,201,3.019497e-04,0,0,0
6360,12,84666,1.320823e-03,5.027389e-03,1.242685e-02,0.000000e+00,0.000000e+00,190,2.868772e-04,0,0,0
6361,14,84680,7.247894e-04,4.968316e-03,1.000000e-02,0.000000e+00,0.000000e+00,213,1.403540e-04,0,0,0
6362,11,84691,1.260217e-03,4.852501e-03,1.089000e-02,0.000000e+00,0.000000e+00,221,8.340552e-05,0,0,0
6363,18,84709,8.884253e-04,4.958520e-03,1.026635e-02,0.000000e+00,0.000000e+00,195,3.700517e-04,0,0,0
6364,10,84719,1.394646e-03,4.972056e-03,1.317690e-02,0.000000e+00,0.000000e+00,193,5.699694e-07,0,0,0
6365,15,84734,9.638892e-04,4.941052e-03,1.202595e-02,0.000000e+00,0.000000e+00,214,3.755093e-06,0,0,0
6366,14,84748,1.157557e-03,4.957343e-03,1.149472e-02,0.000000e+00,0.000000e+00,209,2.756715e-06,0,0,0
6367,13,84761,8.916274e-04,4.966311e-03,1.089000e-02,0.000000e+00,0.000000e+00,194,2.267957e-05,0,0,0
6368,13,84774,1.377834e-03,5.057218e-03,1.197900e-02,0.000000e+00,0.000000e+00,201,3.897101e-04,0,0,0
6369,12,84786,1.464534e-03,4.993931e-03,1.167041e-02,0.000000e+00,0.000000e+00,206,6.590635e-04,0,0,0
6370,17,84803,8.689429e-04,4.967898e-03,1.000000e-02,0.000000e+00,0.000000e+00,216,2.846122e-06,0,0,0
6371,11,84814,1.342846e-03,4.898206e-03,9.981318e-03,0.000000e+00,0.000000e+00,202,6.645918e-06,0,0,0
6372,14,84828,9.275358e-04,4.895353e-03,1.158885e-02,0.000000e+00,0.000000e+00,207,1.170039e-04,0,0,0
6373,15,84843,9.373766e-04,4.851971e-03,9.633183e-03,0.000000e+00,0.000000e+00,209,3.631003e-04,0,0,0
6374,15,84858,6.691644e-04,4.852587e-03,1.011057e-02,0.000000e+00,0.000000e+00,215,4.529357e-04,0,0,0
6375,11,84869,1.161288e-03,4.858710e-03,1.000000e-02,0.000000e+00,0.000000e+00,195,8.118451e-04,0,0,0
6376,13,84882,9.727643e-04,4.942189e-03,1.216788e-02,0.000000e+00,0.000000e+00,197,3.466606e-04,0,0,0
6377,13,84895,9.134680e-04,4.939908e-03,1.000000e-02,0.000000e+00,0.000000e+00,197,6.931275e-05,0,0,0
6378,19,84914,9.326754e-04,5.154241e-03,1.268825e-02,0.000000e+00,0.000000e+00,176,2.086163e-07,0,0,0
6379,17,84931,5.708829e-04,4.998949e-03,1.018091e-02,0.000000e+00,0.000000e+00,229,3.131945e-04,0,0,0
6380,15,84946,9.835202e-04,4.911177e-03,1.106527e-02,0.000000e+00,0.000000e+00,215,3.799796e-05,0,0,0
6381,16,84962,1.023463e-03,4.934397e-03,1.217179e-02,0.000000e+00,0.000000e+00,207,8.583069e-06,0,0,0
6382,14,84976,9.906432e-04,4.961397e-03,1.200171e-02,0.000000e+00,0.000000e+00,198,9.442866e-05,0,0,0
6383,14,84990,1.270588e-03,5.090277e-03,1.000000e-02,0.000000e+00,0.000000e+00,170,8.642673e-07,0,0,0
HIST {'total_samples': 7047081, 'floor_samples': 0, 'floor_fraction': 0.0, 'saturation_depth': 0.0, 'boundaries': 6384, 'capped_boundaries': 0, 'unfinished_worlds': 0}
6384,12,85002,1.174826e-03,5.015850e-03,1.317690e-02,0.000000e+00,0.000000e+00,213,1.135468e-04,0,0,0
6385,11,85013,6.007276e-04,5.022733e-03,1.000000e-02,0.000000e+00,0.000000e+00,207,6.014854e-05,0,0,0
6386,12,85025,1.342332e-03,5.076674e-03,1.033118e-02,0.000000e+00,0.000000e+00,193,7.271767e-05,0,0,0
6387,14,85039,8.399945e-04,5.047603e-03,1.034896e-02,0.000000e+00,0.000000e+00,211,5.687922e-04,0,0,0
6388,14,85053,1.026065e-03,4.927738e-03,1.302946e-02,0.000000e+00,0.000000e+00,212,4.160255e-04,0,0,0
6389,13,85066,1.083701e-03,4.867841e-03,1.083323e-02,0.000000e+00,0.000000e+00,206,1.799204e-18,0,0,0
6390,17,85083,7.218970e-04,4.911519e-03,9.888714e-03,0.000000e+00,0.000000e+00,207,1.909584e-04,0,0,0
6391,14,85097,7.866462e-04,4.914654e-03,9.888714e-03,0.000000e+00,0.000000e+00,200,2.022684e-04,0,0,0
6392,14,85111,1.198081e-03,4.811871e-03,1.080232e-02,0.000000e+00,0.000000e+00,216,2.146102e-04,0,0,0
6393,14,85125,1.071247e-03,4.883162e-03,1.010598e-02,0.000000e+00,0.000000e+00,212,1.691282e-05,0,0,0
6394,10,85135,1.266665e-03,4.971902e-03,1.217900e-02,0.000000e+00,0.000000e+00,197,2.412945e-04,0,0,0
6395,12,85147,1.339112e-03,4.951590e-03,1.004690e-02,0.000000e+00,0.000000e+00,202,2.336502e-05,0,0,0
6396,14,85161,1.281528e-03,4.963877e-03,1.000000e-02,0.000000e+00,0.000000e+00,204,4.529953e-06,0,0,0
6397,19,85180,8.975668e-04,4.881557e-03,1.115630e-02,0.000000e+00,0.000000e+00,223,3.129244e-06,0,0,0
6398,14,85194,9.692318e-04,4.838616e-03,1.000000e-02,0.000000e+00,0.000000e+00,208,3.447011e-05,0,0,0
6399,21,85215,8.339937e-04,4.980315e-03,1.162900e-02,0.000000e+00,0.000000e+00,203,8.114986e-05,0,0,0
6400,15,85230,9.349380e-04,4.885740e-03,1.090540e-02,0.000000e+00,0.000000e+00,202,6.333459e-05,0,0,0
6401,10,85240,8.839442e-04,5.016422e-03,1.260151e-02,0.000000e+00,0.000000e+00,186,3.518960e-04,0,0,0
6402,15,85255,9.867955e-04,5.065419e-03,1.175166e-02,0.000000e+00,0.000000e+00,179,2.231747e-04,0,0,0
6403,10,85265,1.586532e-03,5.005759e-03,1.110423e-02,0.000000e+00,0.000000e+00,198,7.547438e-06,0,0,0
6404,21,85286,9.428305e-04,5.071376e-03,1.047503e-02,0.000000e+00,0.000000e+00,198,1.270324e-04,0,0,0
6405,15,85301,9.647906e-04,5.002644e-03,1.000000e-02,0.000000e+00,0.000000e+00,205,1.807064e-04,0,0,0
6406,10,85311,8.551500e-04,5.083748e-03,1.053676e-02,0.000000e+00,0.000000e+00,202,8.231401e-05,0,0,0
6407,14,85325,1.504025e-03,5.054718e-03,1.156918e-02,0.000000e+00,0.000000e+00,212,2.318621e-05,0,0,0
6408,14,85339,1.409772e-03,5.102057e-03,1.357691e-02,0.000000e+00,0.000000e+00,212,2.235919e-04,0,0,0
6409,12,85351,1.331101e-03,5.062001e-03,1.000000e-02,0.000000e+00,0.000000e+00,206,8.304417e-05,0,0,0
6410,12,85363,1.098243e-03,4.985470e-03,1.020796e-02,0.000000e+00,0.000000e+00,214,6.346032e-06,0,0,0
6411,12,85375,7.385280e-04,4.915693e-03,1.000000e-02,0.000000e+00,0.000000e+00,207,5.185604e-06,0,0,0
6412,13,85388,1.081342e-03,5.027349e-03,1.123815e-02,0.000000e+00,0.000000e+00,203,1.814514e-04,0,0,0
6413,12,85400,1.288023e-03,4.919219e-03,1.188247e-02,0.000000e+00,0.000000e+00,228,1.867227e-04,0,0,0
6414,12,85412,1.321001e-03,4.837099e-03,1.170345e-02,0.000000e+00,0.000000e+00,212,1.770258e-04,0,0,0
6415,11,85423,1.258891e-03,4.888836e-03,1.021744e-02,0.000000e+00,0.000000e+00,206,8.860156e-04,0,0,0
6416,11,85434,1.438870e-03,4.827926e-03,1.021984e-02,0.000000e+00,0.000000e+00,214,2.598464e-04,0,0,0
6417,11,85445,1.461037e-03,4.856010e-03,1.000000e-02,0.000000e+00,0.000000e+00,192,5.833618e-05,0,0,0
6418,12,85457,1.164566e-03,4.962335e-03,1.017396e-02,0.000000e+00,0.000000e+00,207,4.890561e-04,0,0,0
6419,12,85469,9.994257e-04,4.787738e-03,1.000000e-02,0.000000e+00,0.000000e+00,225,1.272112e-04,0,0,0
6420,10,85479,1.644046e-03,4.974777e-03,1.078788e-02,0.000000e+00,0.000000e+00,201,1.062751e-04,0,0,0
6421,11,85490,8.884806e-04,4.884575e-03,1.021477e-02,0.000000e+00,0.000000e+00,220,6.088614e-05,0,0,0
6422,10,85500,1.034138e-03,4.955865e-03,1.283058e-02,0.000000e+00,0.000000e+00,211,1.003593e-04,0,0,0
6423,17,85517,1.034498e-03,4.935986e-03,1.222097e-02,0.000000e+00,0.000000e+00,218,7.605553e-05,0,0,0
6424,12,85529,1.063150e-03,4.984991e-03,1.317690e-02,0.000000e+00,0.000000e+00,196,5.975366e-05,0,0,0
6425,14,85543,1.304188e-03,4.849815e-03,1.000000e-02,0.000000e+00,0.000000e+00,222,5.998872e-04,0,0,0
6426,16,85559,9.330028e-04,4.863802e-03,1.000000e-02,0.000000e+00,0.000000e+00,226,2.199188e-04,0,0,0
6427,12,85571,1.187627e-03,4.750937e-03,1.000000e-02,0.000000e+00,0.000000e+00,214,6.401539e-05,0,0,0
6428,10,85581,1.153736e-03,4.931857e-03,1.000000e-02,0.000000e+00,0.000000e+00,204,2.871454e-05,0,0,0
6429,16,85597,1.174512e-03,4.898207e-03,1.084598e-02,0.000000e+00,0.000000e+00,227,5.766749e-05,0,0,0
6430,13,85610,1.578192e-03,4.917130e-03,1.000000e-02,0.000000e+00,0.000000e+00,223,2.741534e-05,0,0,0
6431,16,85626,1.042796e-03,4.769743e-03,1.000000e-02,0.000000e+00,0.000000e+00,230,4.562922e-05,0,0,0
HIST {'total_samples': 7101416, 'floor_samples': 0, 'floor_fraction': 0.0, 'saturation_depth': 0.0, 'boundaries': 6432, 'capped_boundaries': 0, 'unfinished_worlds': 0}
6432,12,85638,1.059716e-03,4.848360e-03,9.891464e-03,0.000000e+00,0.000000e+00,218,2.317131e-06,0,0,0
6433,12,85650,1.529892e-03,4.862643e-03,9.647691e-03,0.000000e+00,0.000000e+00,202,7.106399e-05,0,0,0
6434,11,85661,9.485271e-04,4.863947e-03,1.037792e-02,0.000000e+00,0.000000e+00,212,2.757758e-04,0,0,0
6435,15,85676,1.061290e-03,4.839499e-03,1.043528e-02,0.000000e+00,0.000000e+00,203,1.703762e-04,0,0,0
6436,13,85689,1.137076e-03,4.945078e-03,1.104403e-02,0.000000e+00,0.000000e+00,206,1.715869e-05,0,0,0
6437,10,85699,1.322536e-03,4.787607e-03,9.670302e-03,0.000000e+00,0.000000e+00,204,7.309560e-04,0,0,0
6438,14,85713,1.142248e-03,4.937513e-03,1.114571e-02,0.000000e+00,0.000000e+00,197,2.966374e-04,0,0,0
6439,12,85725,1.208787e-03,4.793084e-03,1.000000e-02,0.000000e+00,0.000000e+00,221,7.067621e-05,0,0,0
6440,16,85741,5.746356e-04,4.750115e-03,1.000000e-02,0.000000e+00,0.000000e+00,225,1.850724e-05,0,0,0
6441,14,85755,9.056412e-04,4.798074e-03,1.070356e-02,0.000000e+00,0.000000e+00,209,8.800626e-05,0,0,0
6442,18,85773,1.006257e-03,4.901194e-03,1.398694e-02,0.000000e+00,0.000000e+00,214,3.520399e-06,0,0,0
6443,13,85786,9.048074e-04,4.814757e-03,1.169692e-02,0.000000e+00,0.000000e+00,229,6.867889e-04,0,0,0
6444,13,85799,1.201696e-03,4.780764e-03,1.012700e-02,0.000000e+00,0.000000e+00,222,8.293986e-05,0,0,0
6445,13,85812,1.177892e-03,4.780254e-03,1.000000e-02,0.000000e+00,0.000000e+00,222,1.496822e-05,0,0,0
6446,17,85829,1.004029e-03,4.963886e-03,1.058946e-02,0.000000e+00,0.000000e+00,214,4.580617e-05,0,0,0
6447,12,85841,1.247445e-03,4.993382e-03,1.088465e-02,0.000000e+00,0.000000e+00,215,7.744879e-06,0,0,0
6448,10,85851,1.087719e-03,5.027974e-03,1.140915e-02,0.000000e+00,0.000000e+00,205,6.332994e-08,0,0,0
6449,11,85862,6.877654e-04,4.929533e-03,1.040687e-02,0.000000e+00,0.000000e+00,218,2.000830e-05,0,0,0
6450,11,85873,1.385015e-03,4.906677e-03,1.144756e-02,0.000000e+00,0.000000e+00,223,7.356405e-04,0,0,0
6451,13,85886,1.467555e-03,4.762786e-03,9.982237e-03,0.000000e+00,0.000000e+00,226,2.495199e-05,0,0,0
6452,13,85899,1.169447e-03,4.675618e-03,1.126619e-02,0.000000e+00,0.000000e+00,245,3.982335e-06,0,0,0
6453,15,85914,9.264236e-04,4.764910e-03,1.000000e-02,0.000000e+00,0.000000e+00,214,4.190952e-09,0,0,0
6454,10,85924,8.698622e-04,4.932937e-03,1.152477e-02,0.000000e+00,0.000000e+00,199,3.890097e-04,0,0,0
6455,11,85935,1.341150e-03,4.795190e-03,9.445412e-03,0.000000e+00,0.000000e+00,229,1.192698e-05,0,0,0
6456,11,85946,1.102327e-03,4.941811e-03,1.000000e-02,0.000000e+00,0.000000e+00,194,1.016259e-05,0,0,0
6457,12,85958,9.243865e-04,4.875221e-03,1.014751e-02,0.000000e+00,0.000000e+00,214,5.117059e-05,0,0,0
6458,13,85971,1.098862e-03,4.933213e-03,1.000000e-02,0.000000e+00,0.000000e+00,203,4.625320e-05,0,0,0
6459,16,85987,1.092294e-03,4.849316e-03,9.130687e-03,0.000000e+00,0.000000e+00,226,2.974719e-04,0,0,0
6460,12,85999,1.210961e-03,4.851036e-03,1.000000e-02,0.000000e+00,0.000000e+00,202,5.890541e-04,0,0,0
6461,18,86017,9.480146e-04,4.925628e-03,1.224640e-02,0.000000e+00,0.000000e+00,207,6.649569e-04,0,0,0
6462,14,86031,9.328536e-04,4.897262e-03,1.065479e-02,0.000000e+00,0.000000e+00,207,1.440346e-04,0,0,0
6463,15,86046,1.267634e-03,4.787071e-03,1.014027e-02,0.000000e+00,0.000000e+00,218,1.606271e-04,0,0,0
6464,17,86063,9.972070e-04,4.881612e-03,1.000000e-02,0.000000e+00,0.000000e+00,211,2.280623e-05,0,0,0
6465,14,86077,1.087428e-03,4.905765e-03,9.419398e-03,0.000000e+00,0.000000e+00,218,6.198883e-06,0,0,0
6466,13,86090,1.156400e-03,4.998694e-03,1.000000e-02,0.000000e+00,0.000000e+00,197,3.964547e-05,0,0,0
6467,11,86101,1.017937e-03,4.827698e-03,9.259570e-03,0.000000e+00,0.000000e+00,218,4.938710e-05,0,0,0
6468,12,86113,1.002760e-03,4.865326e-03,1.193343e-02,0.000000e+00,0.000000e+00,219,7.419875e-04,0,0,0
6469,15,86128,7.225293e-04,4.854454e-03,1.085966e-02,0.000000e+00,0.000000e+00,214,4.098937e-05,0,0,0
6470,18,86146,1.086546e-03,4.864395e-03,1.014910e-02,0.000000e+00,0.000000e+00,227,1.035631e-05,0,0,0
6471,13,86159,1.146885e-03,4.870364e-03,1.003604e-02,0.000000e+00,0.000000e+00,207,2.578497e-04,0,0,0
6472,12,86171,7.941494e-04,4.950605e-03,1.213853e-02,0.000000e+00,0.000000e+00,209,1.012366e-04,0,0,0
6473,20,86191,9.018651e-04,4.928100e-03,1.214361e-02,0.000000e+00,0.000000e+00,211,4.713237e-05,0,0,0
6474,12,86203,7.802636e-04,4.914030e-03,1.000000e-02,0.000000e+00,0.000000e+00,198,3.859401e-06,0,0,0
6475,26,86229,5.244752e-04,4.949479e-03,1.188882e-02,0.000000e+00,0.000000e+00,206,6.316677e-04,0,0,0
6476,17,86246,8.399738e-04,4.914371e-03,1.012237e-02,0.000000e+00,0.000000e+00,219,1.306534e-04,0,0,0
6477,19,86265,4.135928e-04,4.918926e-03,8.893929e-03,0.000000e+00,0.000000e+00,219,5.138665e-05,0,0,0
6478,17,86282,6.463957e-04,5.053819e-03,1.331215e-02,0.000000e+00,0.000000e+00,201,2.487898e-04,0,0,0
6479,12,86294,1.221647e-03,4.832163e-03,1.000655e-02,0.000000e+00,0.000000e+00,230,3.538132e-04,0,0,0
HIST {'total_samples': 7156840, 'floor_samples': 0, 'floor_fraction': 0.0, 'saturation_depth': 0.0, 'boundaries': 6480, 'capped_boundaries': 0, 'unfinished_worlds': 0}
6480,12,86306,1.023332e-03,4.737287e-03,1.100720e-02,0.000000e+00,0.000000e+00,229,8.619484e-05,0,0,0
6481,18,86324,6.751592e-04,4.665824e-03,1.000000e-02,0.000000e+00,0.000000e+00,231,1.994185e-04,0,0,0
6482,14,86338,1.233646e-03,4.944310e-03,1.331872e-02,0.000000e+00,0.000000e+00,195,6.416440e-05,0,0,0
6483,12,86350,1.228282e-03,4.800417e-03,1.444814e-02,0.000000e+00,0.000000e+00,218,3.570616e-04,0,0,0
6484,13,86363,7.804470e-04,4.963472e-03,1.232434e-02,0.000000e+00,0.000000e+00,203,2.800673e-05,0,0,0
6485,12,86375,1.215447e-03,4.749381e-03,1.000000e-02,0.000000e+00,0.000000e+00,213,2.613068e-04,0,0,0
6486,17,86392,1.202804e-03,4.861738e-03,1.000000e-02,0.000000e+00,0.000000e+00,208,2.542138e-05,0,0,0
6487,10,86402,1.315743e-03,4.929367e-03,1.000000e-02,0.000000e+00,0.000000e+00,195,4.157554e-04,0,0,0
6488,10,86412,1.437506e-03,4.858883e-03,1.000000e-02,0.000000e+00,0.000000e+00,210,7.247925e-05,0,0,0
6489,17,86429,1.243835e-03,4.894210e-03,8.819139e-03,0.000000e+00,0.000000e+00,202,1.263618e-05,0,0,0
6490,11,86440,1.078130e-03,5.041512e-03,1.092498e-02,0.000000e+00,0.000000e+00,198,7.674694e-04,0,0,0
6491,10,86450,1.249740e-03,4.938487e-03,1.000000e-02,0.000000e+00,0.000000e+00,211,2.376437e-04,0,0,0
6492,12,86462,1.132986e-03,4.873634e-03,9.656654e-03,0.000000e+00,0.000000e+00,216,2.235174e-07,0,0,0
6493,10,86472,1.512113e-03,4.779645e-03,9.656654e-03,0.000000e+00,0.000000e+00,227,1.043081e-05,0,0,0
6494,15,86487,1.229329e-03,5.007003e-03,1.375176e-02,0.000000e+00,0.000000e+00,203,6.958842e-06,0,0,0
6495,11,86498,7.506304e-04,4.956065e-03,1.724990e-02,0.000000e+00,0.000000e+00,201,3.844500e-05,0,0,0
6496,11,86509,1.352986e-03,4.962433e-03,1.089000e-02,0.000000e+00,0.000000e+00,217,1.992285e-05,0,0,0
6497,14,86523,1.103022e-03,4.828847e-03,1.000000e-02,0.000000e+00,0.000000e+00,216,4.888810e-04,0,0,0
6498,12,86535,1.353559e-03,4.982373e-03,1.085164e-02,0.000000e+00,0.000000e+00,179,5.143881e-05,0,0,0
6499,13,86548,8.704017e-04,4.977757e-03,1.000000e-02,0.000000e+00,0.000000e+00,211,7.621367e-04,0,0,0
6500,14,86562,1.157386e-03,4.977434e-03,1.000000e-02,0.000000e+00,0.000000e+00,194,1.747906e-05,0,0,0
6501,16,86578,9.156798e-04,5.071962e-03,1.096041e-02,0.000000e+00,0.000000e+00,212,5.563311e-04,0,0,0
6502,15,86593,1.017617e-03,5.076118e-03,1.000000e-02,0.000000e+00,0.000000e+00,205,1.032650e-05,0,0,0
6503,13,86606,8.598620e-04,4.986795e-03,9.289456e-03,0.000000e+00,0.000000e+00,215,1.937151e-06,0,0,0
6504,14,86620,1.054853e-03,4.967907e-03,9.491526e-03,0.000000e+00,0.000000e+00,214,2.592057e-05,0,0,0
6505,12,86632,1.173754e-03,4.931714e-03,1.115665e-02,0.000000e+00,0.000000e+00,205,9.313226e-05,0,0,0
6506,14,86646,7.370883e-04,5.129800e-03,1.005254e-02,0.000000e+00,0.000000e+00,187,5.461276e-06,0,0,0
6507,10,86656,1.480483e-03,5.075169e-03,1.113167e-02,0.000000e+00,0.000000e+00,209,6.935187e-05,0,0,0
6508,11,86667,1.229284e-03,5.077654e-03,1.197900e-02,0.000000e+00,0.000000e+00,210,5.638227e-06,0,0,0
6509,14,86681,9.949732e-04,5.068133e-03,1.039019e-02,0.000000e+00,0.000000e+00,200,4.088357e-04,0,0,0
6510,12,86693,1.545334e-03,5.049668e-03,1.000000e-02,0.000000e+00,0.000000e+00,210,4.619360e-07,0,0,0
6511,11,86704,1.422784e-03,5.027331e-03,1.000000e-02,0.000000e+00,0.000000e+00,209,2.801418e-06,0,0,0
6512,15,86719,1.233622e-03,5.015531e-03,1.000000e-02,0.000000e+00,0.000000e+00,202,1.080409e-04,0,0,0
6513,11,86730,1.224073e-03,4.996153e-03,1.052181e-02,0.000000e+00,0.000000e+00,214,2.031494e-05,0,0,0
6514,12,86742,1.300043e-03,5.057579e-03,1.000000e-02,0.000000e+00,0.000000e+00,216,4.167855e-05,0,0,0
6515,11,86753,1.370461e-03,4.939748e-03,9.990945e-03,0.000000e+00,0.000000e+00,212,2.028514e-04,0,0,0
6516,10,86763,1.391037e-03,4.996181e-03,1.016923e-02,0.000000e+00,0.000000e+00,205,7.078052e-07,0,0,0
6517,10,86773,1.242642e-03,5.042220e-03,1.039758e-02,0.000000e+00,0.000000e+00,201,1.653284e-04,0,0,0
6518,12,86785,9.518825e-04,5.137158e-03,1.086275e-02,0.000000e+00,0.000000e+00,196,3.934503e-04,0,0,0
6519,13,86798,1.223091e-03,4.943812e-03,1.000000e-02,0.000000e+00,0.000000e+00,227,1.122802e-05,0,0,0
6520,10,86808,1.431390e-03,5.024397e-03,1.068768e-02,0.000000e+00,0.000000e+00,196,2.135560e-04,0,0,0
6521,14,86822,1.111926e-03,4.819672e-03,1.059973e-02,0.000000e+00,0.000000e+00,226,4.193578e-04,0,0,0
6522,12,86834,9.920021e-04,4.941249e-03,1.347680e-02,0.000000e+00,0.000000e+00,212,1.446158e-05,0,0,0
6523,10,86844,1.542854e-03,5.014778e-03,1.066008e-02,0.000000e+00,0.000000e+00,192,1.458377e-04,0,0,0
6524,12,86856,9.058321e-04,4.945948e-03,1.146196e-02,0.000000e+00,0.000000e+00,202,1.877546e-05,0,0,0
6525,13,86869,1.087788e-03,5.001824e-03,1.179806e-02,0.000000e+00,0.000000e+00,201,4.454255e-04,0,0,0
6526,13,86882,1.066894e-03,4.935805e-03,1.148896e-02,0.000000e+00,0.000000e+00,212,2.561808e-04,0,0,0
6527,12,86894,1.245373e-03,4.968879e-03,1.000000e-02,0.000000e+00,0.000000e+00,199,3.707409e-05,0,0,0
HIST {'total_samples': 7210551, 'floor_samples': 0, 'floor_fraction': 0.0, 'saturation_depth': 0.0, 'boundaries': 6528, 'capped_boundaries': 0, 'unfinished_worlds': 0}
6528,14,86908,1.288969e-03,5.050715e-03,1.089000e-02,0.000000e+00,0.000000e+00,213,9.740889e-05,0,0,0
6529,10,86918,1.321365e-03,5.001138e-03,1.072027e-02,0.000000e+00,0.000000e+00,201,7.975101e-05,0,0,0
6530,11,86929,1.373248e-03,4.956374e-03,1.099151e-02,0.000000e+00,0.000000e+00,202,7.804632e-04,0,0,0
6531,10,86939,1.237900e-03,4.929542e-03,9.507332e-03,0.000000e+00,0.000000e+00,213,1.579449e-04,0,0,0
6532,13,86952,1.426691e-03,4.932724e-03,1.019369e-02,0.000000e+00,0.000000e+00,211,6.556511e-07,0,0,0
6533,11,86963,1.596274e-03,4.941768e-03,1.000468e-02,0.000000e+00,0.000000e+00,212,2.652407e-05,0,0,0
6534,11,86974,1.429861e-03,5.110975e-03,1.317690e-02,0.000000e+00,0.000000e+00,195,1.132488e-05,0,0,0
6535,11,86985,8.417048e-04,4.884745e-03,1.045641e-02,0.000000e+00,0.000000e+00,216,5.554641e-06,0,0,0
6536,11,86996,1.425814e-03,5.055729e-03,1.214671e-02,0.000000e+00,0.000000e+00,190,4.192442e-05,0,0,0
6537,14,87010,1.032998e-03,4.966730e-03,1.029301e-02,0.000000e+00,0.000000e+00,225,8.858740e-06,0,0,0
6538,15,87025,9.472555e-04,5.029825e-03,1.035577e-02,0.000000e+00,0.000000e+00,198,1.849085e-04,0,0,0
6539,16,87041,1.013124e-03,5.034268e-03,1.000000e-02,0.000000e+00,0.000000e+00,201,5.653501e-05,0,0,0
6540,13,87054,1.215533e-03,5.039231e-03,1.341530e-02,0.000000e+00,0.000000e+00,200,1.439452e-04,0,0,0
6541,13,87067,8.910003e-04,4.956629e-03,1.000000e-02,0.000000e+00,0.000000e+00,212,5.277283e-04,0,0,0
6542,12,87079,1.199658e-03,5.034041e-03,1.232090e-02,0.000000e+00,0.000000e+00,199,2.047420e-04,0,0,0
6543,11,87090,1.624847e-03,4.883198e-03,9.757275e-03,0.000000e+00,0.000000e+00,213,5.083899e-04,0,0,0
6544,10,87100,1.312995e-03,4.984341e-03,9.757275e-03,0.000000e+00,0.000000e+00,203,4.021823e-04,0,0,0
6545,13,87113,9.443464e-04,4.966666e-03,9.361650e-03,0.000000e+00,0.000000e+00,197,7.373653e-05,0,0,0
6546,13,87126,1.036101e-03,5.047298e-03,1.132760e-02,0.000000e+00,0.000000e+00,210,6.314367e-05,0,0,0
6547,12,87138,9.496401e-04,5.049341e-03,1.006986e-02,0.000000e+00,0.000000e+00,186,9.757280e-05,0,0,0
6548,13,87151,9.962497e-04,4.882011e-03,1.009670e-02,0.000000e+00,0.000000e+00,218,1.119226e-04,0,0,0
6549,13,87164,1.120442e-03,4.970997e-03,1.000000e-02,0.000000e+00,0.000000e+00,206,3.761798e-04,0,0,0
6550,14,87178,1.059386e-03,4.914823e-03,1.054315e-02,0.000000e+00,0.000000e+00,196,7.814169e-05,0,0,0
6551,10,87188,1.359426e-03,4.931819e-03,1.000000e-02,0.000000e+00,0.000000e+00,202,1.735985e-05,0,0,0
6552,10,87198,1.542468e-03,4.928519e-03,1.155978e-02,0.000000e+00,0.000000e+00,204,6.753206e-05,0,0,0
6553,14,87212,9.962361e-04,4.872382e-03,1.117960e-02,0.000000e+00,0.000000e+00,214,7.331371e-05,0,0,0
6554,12,87224,1.216390e-03,5.062204e-03,1.374292e-02,0.000000e+00,0.000000e+00,190,4.720688e-05,0,0,0
6555,10,87234,1.277250e-03,5.012968e-03,1.052627e-02,0.000000e+00,0.000000e+00,200,6.595254e-05,0,0,0
6556,14,87248,1.121825e-03,5.214298e-03,1.181866e-02,0.000000e+00,0.000000e+00,198,8.657575e-06,0,0,0
6557,13,87261,1.219850e-03,5.067565e-03,1.000000e-02,0.000000e+00,0.000000e+00,210,1.864135e-05,0,0,0
6558,12,87273,1.646506e-03,5.053914e-03,1.092593e-02,0.000000e+00,0.000000e+00,208,5.079806e-05,0,0,0
6559,13,87286,1.129217e-03,4.893002e-03,1.201852e-02,0.000000e+00,0.000000e+00,227,7.882714e-05,0,0,0
6560,15,87301,9.638245e-04,4.818422e-03,1.037580e-02,0.000000e+00,0.000000e+00,227,2.157092e-04,0,0,0
6561,14,87315,9.812397e-04,4.946972e-03,1.000000e-02,0.000000e+00,0.000000e+00,214,2.533942e-04,0,0,0
6562,13,87328,1.089555e-03,4.844427e-03,1.280007e-02,0.000000e+00,0.000000e+00,234,2.622977e-04,0,0,0
6563,22,87350,1.040101e-03,4.792173e-03,1.036916e-02,0.000000e+00,0.000000e+00,216,7.404014e-05,0,0,0
6564,14,87364,1.043017e-03,4.790160e-03,1.114656e-02,0.000000e+00,0.000000e+00,211,2.880991e-04,0,0,0
6565,16,87380,1.023513e-03,4.715517e-03,1.013580e-02,0.000000e+00,0.000000e+00,212,2.563000e-06,0,0,0
6566,13,87393,1.303101e-03,4.761329e-03,1.114939e-02,0.000000e+00,0.000000e+00,214,4.605502e-04,0,0,0
6567,13,87406,1.285965e-03,4.873736e-03,1.226432e-02,0.000000e+00,0.000000e+00,208,6.638765e-04,0,0,0
6568,23,87429,6.247670e-04,4.915094e-03,1.343934e-02,0.000000e+00,0.000000e+00,207,1.291633e-04,0,0,0
6569,13,87442,1.096055e-03,4.837454e-03,1.576595e-02,0.000000e+00,0.000000e+00,216,5.272031e-04,0,0,0
6570,12,87454,1.050916e-03,4.875828e-03,1.466835e-02,0.000000e+00,0.000000e+00,211,5.940199e-04,0,0,0
6571,12,87466,1.200916e-03,4.833261e-03,1.000000e-02,0.000000e+00,0.000000e+00,217,1.748279e-05,0,0,0
6572,10,87476,1.382144e-03,4.811910e-03,1.000000e-02,0.000000e+00,0.000000e+00,215,3.892183e-05,0,0,0
6573,18,87494,1.131039e-03,4.677115e-03,9.940984e-03,0.000000e+00,0.000000e+00,229,2.875924e-05,0,0,0
6574,10,87504,1.579235e-03,4.799168e-03,1.000000e-02,0.000000e+00,0.000000e+00,210,1.081768e-04,0,0,0
6575,13,87517,9.837754e-04,4.816189e-03,8.776361e-03,0.000000e+00,0.000000e+00,207,6.647855e-04,0,0,0
HIST {'total_samples': 7264826, 'floor_samples': 0, 'floor_fraction': 0.0, 'saturation_depth': 0.0, 'boundaries': 6576, 'capped_boundaries': 0, 'unfinished_worlds': 0}
6576,11,87528,1.356456e-03,4.862917e-03,1.324293e-02,0.000000e+00,0.000000e+00,213,1.529604e-04,0,0,0
6577,16,87544,6.188737e-04,4.927310e-03,1.042899e-02,0.000000e+00,0.000000e+00,220,1.639128e-06,0,0,0
6578,12,87556,8.961089e-04,5.025187e-03,1.000000e-02,0.000000e+00,0.000000e+00,195,8.416176e-05,0,0,0
6579,12,87568,9.716706e-04,4.833085e-03,8.915685e-03,0.000000e+00,0.000000e+00,222,1.567602e-05,0,0,0
6580,14,87582,1.324270e-03,4.949509e-03,1.028647e-02,0.000000e+00,0.000000e+00,207,9.953976e-06,0,0,0
6581,13,87595,1.102341e-03,4.987509e-03,1.046433e-02,0.000000e+00,0.000000e+00,218,4.117191e-05,0,0,0
6582,12,87607,1.100502e-03,4.830584e-03,1.159282e-02,0.000000e+00,0.000000e+00,230,9.347498e-05,0,0,0
6583,12,87619,1.286236e-03,4.912248e-03,1.093982e-02,0.000000e+00,0.000000e+00,203,5.424023e-06,0,0,0
6584,13,87632,1.610546e-03,4.917936e-03,1.203380e-02,0.000000e+00,0.000000e+00,199,1.907349e-06,0,0,0
6585,16,87648,1.018983e-03,4.826718e-03,1.239065e-02,0.000000e+00,0.000000e+00,228,2.343208e-06,0,0,0
6586,11,87659,1.470987e-03,4.832040e-03,1.025531e-02,0.000000e+00,0.000000e+00,209,4.203571e-05,0,0,0
6587,14,87673,1.109979e-03,4.829038e-03,1.318614e-02,0.000000e+00,0.000000e+00,214,1.650378e-04,0,0,0
6588,14,87687,1.006346e-03,4.849579e-03,1.000000e-02,0.000000e+00,0.000000e+00,217,5.793571e-04,0,0,0
6589,15,87702,1.049045e-03,4.841980e-03,1.542406e-02,0.000000e+00,0.000000e+00,216,3.718585e-05,0,0,0
6590,12,87714,9.793839e-04,4.985259e-03,1.175343e-02,0.000000e+00,0.000000e+00,200,4.620850e-05,0,0,0
6591,12,87726,9.641759e-04,4.925157e-03,1.002861e-02,0.000000e+00,0.000000e+00,211,1.362711e-05,0,0,0
6592,12,87738,1.364682e-03,4.949482e-03,1.129908e-02,0.000000e+00,0.000000e+00,204,2.971292e-05,0,0,0
6593,17,87755,9.130276e-04,4.912074e-03,9.164477e-03,0.000000e+00,0.000000e+00,210,1.400709e-05,0,0,0
6594,17,87772,1.048600e-03,4.980918e-03,9.442847e-03,0.000000e+00,0.000000e+00,219,2.194941e-05,0,0,0
6595,17,87789,6.049100e-04,4.884503e-03,9.524392e-03,0.000000e+00,0.000000e+00,213,4.185340e-04,0,0,0
6596,11,87800,8.781605e-04,4.922395e-03,1.294983e-02,0.000000e+00,0.000000e+00,204,3.348589e-04,0,0,0
6597,14,87814,1.419541e-03,4.973893e-03,1.084886e-02,0.000000e+00,0.000000e+00,198,2.697110e-06,0,0,0
6598,14,87828,1.092429e-03,4.994736e-03,1.211607e-02,0.000000e+00,0.000000e+00,213,4.723668e-06,0,0,0
6599,12,87840,9.940515e-04,4.937708e-03,1.110096e-02,0.000000e+00,0.000000e+00,220,7.352978e-05,0,0,0
6600,14,87854,1.056227e-03,4.947120e-03,1.000000e-02,0.000000e+00,0.000000e+00,193,1.834631e-04,0,0,0
6601,14,87868,1.014392e-03,4.900901e-03,1.014775e-02,0.000000e+00,0.000000e+00,208,6.305240e-04,0,0,0
6602,12,87880,1.298910e-03,5.042729e-03,1.120918e-02,0.000000e+00,0.000000e+00,202,1.125713e-04,0,0,0
6603,11,87891,8.339686e-04,4.987363e-03,1.000000e-02,0.000000e+00,0.000000e+00,202,2.150834e-04,0,0,0
6604,15,87906,9.368597e-04,5.081324e-03,1.000000e-02,0.000000e+00,0.000000e+00,205,9.183586e-04,0,0,0
6605,12,87918,9.146823e-04,5.016393e-03,9.215339e-03,0.000000e+00,0.000000e+00,216,1.120102e-05,0,0,0
6606,11,87929,9.582639e-04,4.951517e-03,1.089000e-02,0.000000e+00,0.000000e+00,206,3.369749e-04,0,0,0
6607,16,87945,1.165021e-03,4.805327e-03,1.000000e-02,0.000000e+00,0.000000e+00,232,7.405877e-06,0,0,0
6608,11,87956,1.164975e-03,4.919345e-03,1.071737e-02,0.000000e+00,0.000000e+00,185,3.239214e-04,0,0,0
6609,11,87967,1.479193e-03,4.904523e-03,1.000000e-02,0.000000e+00,0.000000e+00,223,5.485788e-04,0,0,0
6610,14,87981,1.050336e-03,4.870980e-03,1.008832e-02,0.000000e+00,0.000000e+00,215,1.560897e-05,0,0,0
6611,16,87997,1.185230e-03,4.914274e-03,1.007114e-02,0.000000e+00,0.000000e+00,203,4.041940e-06,0,0,0
6612,12,88009,1.188364e-03,4.859933e-03,1.068474e-02,0.000000e+00,0.000000e+00,225,2.138317e-04,0,0,0
6613,14,88023,1.281605e-03,4.820159e-03,9.558380e-03,0.000000e+00,0.000000e+00,218,8.146325e-05,0,0,0
6614,11,88034,1.410822e-03,4.934521e-03,1.013567e-02,0.000000e+00,0.000000e+00,201,4.279613e-05,0,0,0
6615,13,88047,1.173768e-03,4.956326e-03,8.918769e-03,0.000000e+00,0.000000e+00,195,7.195771e-05,0,0,0
6616,14,88061,1.287230e-03,5.125811e-03,9.515743e-03,0.000000e+00,0.000000e+00,185,9.246171e-05,0,0,0
6617,14,88075,1.176423e-03,5.072085e-03,1.188671e-02,0.000000e+00,0.000000e+00,203,1.773611e-04,0,0,0
6618,12,88087,9.048177e-04,5.015671e-03,1.127687e-02,0.000000e+00,0.000000e+00,201,1.606531e-08,0,0,0
6619,14,88101,1.264506e-03,5.005476e-03,9.749626e-03,0.000000e+00,0.000000e+00,215,2.250820e-04,0,0,0
6620,15,88116,1.074900e-03,5.074997e-03,1.039635e-02,0.000000e+00,0.000000e+00,187,1.044571e-05,0,0,0
6621,16,88132,1.259175e-03,5.108448e-03,1.060492e-02,0.000000e+00,0.000000e+00,189,3.308356e-04,0,0,0
6622,13,88145,1.190710e-03,5.101147e-03,1.197900e-02,0.000000e+00,0.000000e+00,196,1.364946e-05,0,0,0
6623,15,88160,1.222159e-03,5.000232e-03,9.978466e-03,0.000000e+00,0.000000e+00,209,1.660585e-04,0,0,0
HIST {'total_samples': 7318893, 'floor_samples': 0, 'floor_fraction': 0.0, 'saturation_depth': 0.0, 'boundaries': 6624, 'capped_boundaries': 0, 'unfinished_worlds': 0}
6624,18,88178,8.316066e-04,5.044419e-03,1.089000e-02,0.000000e+00,0.000000e+00,191,2.484620e-04,0,0,0
6625,13,88191,1.058130e-03,5.012040e-03,1.197900e-02,0.000000e+00,0.000000e+00,204,3.527999e-04,0,0,0
6626,10,88201,1.120947e-03,5.196358e-03,1.224995e-02,0.000000e+00,0.000000e+00,187,1.311302e-06,0,0,0
6627,10,88211,1.504081e-03,4.978499e-03,1.048993e-02,0.000000e+00,0.000000e+00,221,3.114790e-04,0,0,0
6628,16,88227,1.030161e-03,4.919820e-03,1.153892e-02,0.000000e+00,0.000000e+00,204,1.527951e-10,0,0,0
6629,13,88240,1.652061e-03,5.018086e-03,9.579513e-03,0.000000e+00,0.000000e+00,192,1.035780e-04,0,0,0
6630,12,88252,1.135852e-03,5.130526e-03,1.089000e-02,0.000000e+00,0.000000e+00,188,2.160966e-04,0,0,0
6631,12,88264,1.211938e-03,5.119397e-03,1.000000e-02,0.000000e+00,0.000000e+00,195,1.152754e-04,0,0,0
6632,13,88277,9.802510e-04,5.153775e-03,1.115593e-02,0.000000e+00,0.000000e+00,195,9.055585e-04,0,0,0
6633,13,88290,1.364584e-03,5.065870e-03,1.002812e-02,0.000000e+00,0.000000e+00,205,1.817942e-05,0,0,0
6634,10,88300,1.136986e-03,5.138422e-03,1.098405e-02,0.000000e+00,0.000000e+00,202,2.161264e-04,0,0,0
6635,10,88310,1.419605e-03,5.020341e-03,1.197900e-02,0.000000e+00,0.000000e+00,208,1.171082e-04,0,0,0
6636,10,88320,8.034162e-04,5.072313e-03,1.000000e-02,0.000000e+00,0.000000e+00,191,4.126132e-04,0,0,0
6637,13,88333,9.614389e-04,5.013910e-03,9.314025e-03,0.000000e+00,0.000000e+00,199,8.791685e-05,0,0,0
6638,11,88344,1.297993e-03,5.109716e-03,1.089000e-02,0.000000e+00,0.000000e+00,201,1.005232e-04,0,0,0
6639,12,88356,1.182677e-03,5.059764e-03,1.000000e-02,0.000000e+00,0.000000e+00,209,3.998447e-04,0,0,0
6640,12,88368,1.379575e-03,5.243997e-03,1.000000e-02,0.000000e+00,0.000000e+00,192,1.302063e-04,0,0,0
6641,12,88380,1.453505e-03,5.045648e-03,1.049658e-02,0.000000e+00,0.000000e+00,202,4.862249e-05,0,0,0
6642,11,88391,9.408646e-04,4.935069e-03,1.032598e-02,0.000000e+00,0.000000e+00,223,6.598979e-05,0,0,0
6643,12,88403,8.430593e-04,4.881075e-03,1.016062e-02,0.000000e+00,0.000000e+00,219,4.554242e-04,0,0,0
6644,13,88416,1.047493e-03,4.901474e-03,1.275273e-02,0.000000e+00,0.000000e+00,206,4.569441e-05,0,0,0
6645,13,88429,1.550621e-03,4.989768e-03,1.058227e-02,0.000000e+00,0.000000e+00,185,3.296137e-05,0,0,0
6646,12,88441,1.149282e-03,5.035606e-03,1.158519e-02,0.000000e+00,0.000000e+00,200,6.945431e-05,0,0,0
6647,14,88455,1.289561e-03,4.947484e-03,1.227215e-02,0.000000e+00,0.000000e+00,205,1.117587e-06,0,0,0
6648,20,88475,1.016746e-03,5.008451e-03,1.229210e-02,0.000000e+00,0.000000e+00,197,5.841255e-06,0,0,0
6649,18,88493,1.057831e-03,4.908517e-03,1.000000e-02,0.000000e+00,0.000000e+00,202,9.577721e-06,0,0,0
6650,16,88509,8.953916e-04,5.099805e-03,1.259142e-02,0.000000e+00,0.000000e+00,191,1.031607e-04,0,0,0
6651,13,88522,1.118976e-03,5.012332e-03,1.000000e-02,0.000000e+00,0.000000e+00,201,1.948625e-04,0,0,0
6652,13,88535,1.349718e-03,5.037292e-03,1.161331e-02,0.000000e+00,0.000000e+00,189,2.917647e-04,0,0,0
6653,14,88549,8.635882e-04,4.857732e-03,1.000423e-02,0.000000e+00,0.000000e+00,231,1.552403e-04,0,0,0
6654,17,88566,1.022929e-03,4.863382e-03,1.056928e-02,0.000000e+00,0.000000e+00,212,1.546741e-05,0,0,0
6655,15,88581,5.905006e-04,4.791884e-03,8.749059e-03,0.000000e+00,0.000000e+00,221,1.137257e-04,0,0,0
6656,13,88594,1.020086e-03,4.864604e-03,1.000000e-02,0.000000e+00,0.000000e+00,219,1.788735e-04,0,0,0
6657,16,88610,1.033878e-03,4.727290e-03,9.116788e-03,0.000000e+00,0.000000e+00,218,8.249283e-05,0,0,0
6658,9,88619,1.654502e-03,4.929386e-03,1.087385e-02,0.000000e+00,0.000000e+00,176,6.901268e-04,0,0,0
6659,19,88638,1.021452e-03,4.853016e-03,1.171882e-02,0.000000e+00,0.000000e+00,217,4.692003e-06,0,0,0
6660,14,88652,1.055405e-03,4.829451e-03,1.000000e-02,0.000000e+00,0.000000e+00,190,3.340058e-04,0,0,0
6661,15,88667,9.797101e-04,4.881709e-03,1.030573e-02,0.000000e+00,0.000000e+00,190,4.061013e-04,0,0,0
6662,11,88678,1.380224e-03,4.972227e-03,1.133630e-02,0.000000e+00,0.000000e+00,195,4.235283e-04,0,0,0
6663,13,88691,1.329503e-03,4.983497e-03,1.246993e-02,0.000000e+00,0.000000e+00,197,4.907325e-05,0,0,0
6664,17,88708,1.128700e-03,4.977773e-03,1.371692e-02,0.000000e+00,0.000000e+00,203,3.831983e-04,0,0,0
6665,11,88719,1.139946e-03,4.993668e-03,1.000000e-02,0.000000e+00,0.000000e+00,192,4.654829e-04,0,0,0
6666,10,88729,1.032246e-03,4.952243e-03,1.160400e-02,0.000000e+00,0.000000e+00,186,1.113713e-04,0,0,0
6667,11,88740,9.586086e-04,5.007957e-03,1.000000e-02,0.000000e+00,0.000000e+00,202,6.792834e-08,0,0,0
6668,13,88753,1.240608e-03,5.006641e-03,1.000000e-02,0.000000e+00,0.000000e+00,199,4.113242e-04,0,0,0
6669,12,88765,1.156840e-03,5.038105e-03,1.012677e-02,0.000000e+00,0.000000e+00,197,2.327412e-04,0,0,0
6670,10,88775,1.568688e-03,5.080880e-03,1.078529e-02,0.000000e+00,0.000000e+00,201,5.292892e-05,0,0,0
6671,14,88789,1.153775e-03,4.898591e-03,1.000000e-02,0.000000e+00,0.000000e+00,194,2.397969e-04,0,0,0
HIST {'total_samples': 7371835, 'floor_samples': 0, 'floor_fraction': 0.0, 'saturation_depth': 0.0, 'boundaries': 6672, 'capped_boundaries': 0, 'unfinished_worlds': 0}
6672,12,88801,8.226595e-04,4.997791e-03,1.000000e-02,0.000000e+00,0.000000e+00,187,1.183152e-05,0,0,0
6673,11,88812,1.388185e-03,4.933263e-03,9.828406e-03,0.000000e+00,0.000000e+00,199,2.340181e-05,0,0,0
6674,12,88824,9.464247e-04,4.915277e-03,9.828406e-03,0.000000e+00,0.000000e+00,193,4.359931e-04,0,0,0
6675,18,88842,1.156725e-03,4.945746e-03,1.009139e-02,0.000000e+00,0.000000e+00,193,4.399717e-04,0,0,0
6676,22,88864,6.028251e-04,5.039612e-03,1.110053e-02,0.000000e+00,0.000000e+00,191,1.160800e-05,0,0,0
6677,13,88877,1.098673e-03,5.019164e-03,1.221058e-02,0.000000e+00,0.000000e+00,190,4.443713e-05,0,0,0
6678,13,88890,8.037995e-04,5.007310e-03,1.056047e-02,0.000000e+00,0.000000e+00,187,3.372431e-04,0,0,0
6679,11,88901,1.140701e-03,5.000004e-03,9.899600e-03,0.000000e+00,0.000000e+00,198,5.444884e-05,0,0,0
6680,15,88916,1.460154e-03,5.046465e-03,1.113828e-02,0.000000e+00,0.000000e+00,183,6.176531e-06,0,0,0
6681,12,88928,1.222555e-03,4.956826e-03,1.197900e-02,0.000000e+00,0.000000e+00,212,1.699030e-04,0,0,0
6682,17,88945,9.257207e-04,4.955772e-03,1.238733e-02,0.000000e+00,0.000000e+00,197,4.817918e-04,0,0,0
6683,11,88956,1.313837e-03,4.805569e-03,9.255989e-03,0.000000e+00,0.000000e+00,202,1.862645e-04,0,0,0
6684,12,88968,1.290262e-03,4.896312e-03,1.089000e-02,0.000000e+00,0.000000e+00,193,4.165620e-04,0,0,0
6685,11,88979,7.864544e-04,4.780184e-03,1.000000e-02,0.000000e+00,0.000000e+00,211,6.617866e-04,0,0,0
6686,12,88991,1.233951e-03,4.830827e-03,1.007977e-02,0.000000e+00,0.000000e+00,187,3.776401e-04,0,0,0
6687,14,89005,1.086613e-03,4.701767e-03,8.705684e-03,0.000000e+00,0.000000e+00,209,5.757809e-05,0,0,0
6688,11,89016,1.161084e-03,4.869016e-03,1.089000e-02,0.000000e+00,0.000000e+00,198,1.639128e-06,0,0,0
6689,13,89029,9.928182e-04,4.921895e-03,1.000000e-02,0.000000e+00,0.000000e+00,179,2.620667e-04,0,0,0
6690,13,89042,1.041350e-03,5.110055e-03,1.067969e-02,0.000000e+00,0.000000e+00,184,2.213717e-04,0,0,0
6691,17,89059,1.091112e-03,5.044699e-03,1.000000e-02,0.000000e+00,0.000000e+00,208,2.601743e-05,0,0,0
6692,13,89072,8.348791e-04,5.067276e-03,1.153217e-02,0.000000e+00,0.000000e+00,188,9.094179e-05,0,0,0
6693,16,89088,7.236324e-04,5.027805e-03,1.000000e-02,0.000000e+00,0.000000e+00,182,4.005581e-04,0,0,0
6694,10,89098,1.045725e-03,5.134036e-03,1.096871e-02,0.000000e+00,0.000000e+00,191,9.612925e-05,0,0,0
6695,11,89109,1.065869e-03,4.947986e-03,1.206558e-02,0.000000e+00,0.000000e+00,205,5.207583e-05,0,0,0
6696,12,89121,1.638328e-03,4.868899e-03,1.355697e-02,0.000000e+00,0.000000e+00,209,3.932975e-06,0,0,0
6697,17,89138,1.258978e-03,4.905717e-03,1.875744e-02,0.000000e+00,0.000000e+00,195,2.497435e-05,0,0,0
6698,12,89150,1.227941e-03,4.875982e-03,1.271378e-02,0.000000e+00,0.000000e+00,199,2.228767e-04,0,0,0
6699,12,89162,7.920514e-04,4.778367e-03,1.354142e-02,0.000000e+00,0.000000e+00,212,2.831221e-07,0,0,0
6700,18,89180,1.050078e-03,4.986756e-03,1.017995e-02,0.000000e+00,0.000000e+00,188,1.389384e-04,0,0,0
6701,16,89196,7.576330e-04,4.884250e-03,1.034914e-02,0.000000e+00,0.000000e+00,217,2.183020e-04,0,0,0
6702,15,89211,8.455586e-04,4.810305e-03,1.080701e-02,0.000000e+00,0.000000e+00,210,2.530813e-04,0,0,0
6703,15,89226,9.975133e-04,4.794550e-03,9.469820e-03,0.000000e+00,0.000000e+00,196,6.458163e-05,0,0,0
6704,17,89243,1.242728e-03,4.878319e-03,1.205355e-02,0.000000e+00,0.000000e+00,202,5.710125e-05,0,0,0
6705,14,89257,1.314671e-03,4.961658e-03,9.774665e-03,0.000000e+00,0.000000e+00,181,2.037268e-10,0,0,0
6706,13,89270,1.091663e-03,5.009458e-03,1.211831e-02,0.000000e+00,0.000000e+00,190,1.817010e-06,0,0,0
6707,12,89282,1.365294e-03,4.990187e-03,1.000000e-02,0.000000e+00,0.000000e+00,197,3.302097e-05,0,0,0
6708,12,89294,1.173037e-03,4.922979e-03,1.040760e-02,0.000000e+00,0.000000e+00,194,2.337843e-04,0,0,0
6709,15,89309,1.341542e-03,4.927727e-03,1.083910e-02,0.000000e+00,0.000000e+00,198,4.139729e-04,0,0,0
6710,12,89321,1.260638e-03,4.964561e-03,1.000000e-02,0.000000e+00,0.000000e+00,195,1.166239e-04,0,0,0
6711,12,89333,1.323724e-03,4.873643e-03,9.567418e-03,0.000000e+00,0.000000e+00,203,1.742446e-07,0,0,0
6712,10,89343,1.174133e-03,4.935386e-03,9.753807e-03,0.000000e+00,0.000000e+00,178,4.916803e-04,0,0,0
6713,24,89367,5.615042e-04,4.935089e-03,1.226507e-02,0.000000e+00,0.000000e+00,200,4.875660e-05,0,0,0
6714,13,89380,9.173633e-04,4.960857e-03,9.815010e-03,0.000000e+00,0.000000e+00,205,6.855130e-04,0,0,0
6715,12,89392,9.173633e-04,4.973660e-03,1.029719e-02,0.000000e+00,0.000000e+00,200,5.437769e-04,0,0,0
6716,12,89404,9.240235e-04,4.927168e-03,1.000000e-02,0.000000e+00,0.000000e+00,215,3.942847e-05,0,0,0
6717,13,89417,8.167599e-04,4.925460e-03,9.401441e-03,0.000000e+00,0.000000e+00,220,1.733750e-04,0,0,0
6718,11,89428,1.311471e-03,4.949736e-03,1.070446e-02,0.000000e+00,0.000000e+00,205,4.667165e-04,0,0,0
6719,13,89441,1.075615e-03,4.893343e-03,9.777968e-03,0.000000e+00,0.000000e+00,196,7.635243e-04,0,0,0
HIST {'total_samples': 7424931, 'floor_samples': 0, 'floor_fraction': 0.0, 'saturation_depth': 0.0, 'boundaries': 6720, 'capped_boundaries': 0, 'unfinished_worlds': 0}
6720,12,89453,1.550160e-03,5.038987e-03,1.039436e-02,0.000000e+00,0.000000e+00,188,4.766285e-04,0,0,0
6721,13,89466,1.152749e-03,5.036360e-03,9.605470e-03,0.000000e+00,0.000000e+00,190,1.158714e-04,0,0,0
6722,10,89476,1.278157e-03,5.098366e-03,1.076951e-02,0.000000e+00,0.000000e+00,186,1.676381e-04,0,0,0
6723,12,89488,1.065357e-03,4.967016e-03,1.000000e-02,0.000000e+00,0.000000e+00,205,8.326769e-05,0,0,0
6724,12,89500,1.293085e-03,5.135008e-03,1.253062e-02,0.000000e+00,0.000000e+00,169,2.867710e-04,0,0,0
6725,14,89514,9.647848e-04,5.005554e-03,1.003521e-02,0.000000e+00,0.000000e+00,205,4.516169e-05,0,0,0
6726,16,89530,7.557749e-04,5.097678e-03,1.167629e-02,0.000000e+00,0.000000e+00,186,2.629459e-04,0,0,0
6727,15,89545,8.982380e-04,5.144544e-03,1.466777e-02,0.000000e+00,0.000000e+00,187,1.156330e-05,0,0,0
6728,14,89559,1.314789e-03,5.111485e-03,1.009294e-02,0.000000e+00,0.000000e+00,199,2.385229e-04,0,0,0
6729,14,89573,6.849273e-04,4.850884e-03,9.393935e-03,0.000000e+00,0.000000e+00,212,6.239861e-07,0,0,0
6730,17,89590,7.983116e-04,4.949896e-03,1.080886e-02,0.000000e+00,0.000000e+00,208,2.267957e-05,0,0,0
6731,14,89604,8.441213e-04,4.817686e-03,9.341169e-03,0.000000e+00,0.000000e+00,192,1.852587e-04,0,0,0
6732,17,89621,1.115743e-03,4.945200e-03,1.118528e-02,0.000000e+00,0.000000e+00,188,5.550683e-05,0,0,0
6733,14,89635,1.000357e-03,4.921293e-03,1.061784e-02,0.000000e+00,0.000000e+00,201,7.258356e-05,0,0,0
6734,11,89646,9.765598e-04,4.990580e-03,1.041708e-02,0.000000e+00,0.000000e+00,200,3.046244e-04,0,0,0
6735,12,89658,1.011793e-03,4.869539e-03,1.077080e-02,0.000000e+00,0.000000e+00,197,1.754165e-04,0,0,0
6736,13,89671,1.103075e-03,4.889955e-03,1.000000e-02,0.000000e+00,0.000000e+00,210,1.320951e-04,0,0,0
6737,16,89687,1.088119e-03,4.947800e-03,1.019837e-02,0.000000e+00,0.000000e+00,200,1.898706e-04,0,0,0
6738,11,89698,1.375306e-03,5.163696e-03,1.000000e-02,0.000000e+00,0.000000e+00,189,3.874302e-07,0,0,0
6739,10,89708,1.175117e-03,5.001563e-03,1.083684e-02,0.000000e+00,0.000000e+00,215,1.991987e-04,0,0,0
6740,15,89723,7.763119e-04,4.962892e-03,1.112438e-02,0.000000e+00,0.000000e+00,194,2.913773e-04,0,0,0
6741,10,89733,1.598337e-03,4.992332e-03,9.355661e-03,0.000000e+00,0.000000e+00,202,1.370907e-05,0,0,0
6742,11,89744,1.082609e-03,4.844104e-03,1.138427e-02,0.000000e+00,0.000000e+00,218,3.612638e-04,0,0,0
6743,15,89759,1.183979e-03,4.801603e-03,1.017844e-02,0.000000e+00,0.000000e+00,212,1.343042e-04,0,0,0
6744,12,89771,1.291339e-03,4.800532e-03,1.000000e-02,0.000000e+00,0.000000e+00,206,5.415939e-04,0,0,0
6745,13,89784,1.240469e-03,4.841503e-03,9.771971e-03,0.000000e+00,0.000000e+00,204,1.070648e-05,0,0,0
6746,11,89795,1.018135e-03,4.882985e-03,1.221632e-02,0.000000e+00,0.000000e+00,201,6.222166e-06,0,0,0
6747,12,89807,1.141653e-03,4.875991e-03,1.083227e-02,0.000000e+00,0.000000e+00,203,3.972650e-05,0,0,0
6748,15,89822,1.002742e-03,5.061854e-03,1.059424e-02,0.000000e+00,0.000000e+00,187,2.286285e-04,0,0,0
6749,12,89834,1.262194e-03,5.057375e-03,1.284464e-02,0.000000e+00,0.000000e+00,203,1.495332e-05,0,0,0
6750,12,89846,1.108393e-03,4.978096e-03,1.028205e-02,0.000000e+00,0.000000e+00,216,9.780750e-06,0,0,0
6751,9,89855,1.205813e-03,5.006516e-03,9.297510e-03,0.000000e+00,0.000000e+00,188,1.364946e-05,0,0,0
6752,15,89870,8.403796e-04,5.001951e-03,1.078067e-02,0.000000e+00,0.000000e+00,198,1.890324e-04,0,0,0
6753,14,89884,7.540243e-04,4.905662e-03,1.000000e-02,0.000000e+00,0.000000e+00,222,6.078184e-05,0,0,0
6754,14,89898,1.204772e-03,4.914854e-03,1.444363e-02,0.000000e+00,0.000000e+00,201,8.349270e-04,0,0,0
6755,14,89912,1.335685e-03,4.856010e-03,1.000000e-02,0.000000e+00,0.000000e+00,207,7.394552e-04,0,0,0
6756,9,89921,8.655995e-04,4.934277e-03,1.037267e-02,0.000000e+00,0.000000e+00,187,6.722845e-05,0,0,0
6757,14,89935,1.346110e-03,4.958299e-03,1.112030e-02,0.000000e+00,0.000000e+00,208,9.238720e-07,0,0,0
6758,12,89947,1.169140e-03,5.041759e-03,1.000000e-02,0.000000e+00,0.000000e+00,209,2.259351e-04,0,0,0
6759,14,89961,1.054346e-03,4.893085e-03,1.001177e-02,0.000000e+00,0.000000e+00,219,6.418079e-04,0,0,0
6760,16,89977,7.778112e-04,5.023060e-03,1.000000e-02,0.000000e+00,0.000000e+00,185,4.952215e-05,0,0,0
6761,11,89988,1.574811e-03,4.900658e-03,1.045537e-02,0.000000e+00,0.000000e+00,220,5.332567e-05,0,0,0
6762,15,90003,9.337844e-04,5.061782e-03,1.051697e-02,0.000000e+00,0.000000e+00,189,1.864582e-04,0,0,0
6763,12,90015,1.151291e-03,4.935435e-03,1.156867e-02,0.000000e+00,0.000000e+00,217,1.296401e-06,0,0,0
6764,12,90027,1.519552e-03,5.062890e-03,1.023819e-02,0.000000e+00,0.000000e+00,193,2.332330e-04,0,0,0
6765,12,90039,1.377333e-03,4.823133e-03,1.000000e-02,0.000000e+00,0.000000e+00,239,2.457201e-05,0,0,0
6766,14,90053,7.620170e-04,5.011978e-03,1.000000e-02,0.000000e+00,0.000000e+00,188,3.606081e-06,0,0,0
6767,13,90066,1.092373e-03,4.889773e-03,1.000000e-02,0.000000e+00,0.000000e+00,211,1.069903e-04,0,0,0
HIST {'total_samples': 7477990, 'floor_samples': 0, 'floor_fraction': 0.0, 'saturation_depth': 0.0, 'boundaries': 6768, 'capped_boundaries': 0, 'unfinished_worlds': 0}
6768,17,90083,7.798176e-04,4.893971e-03,1.058799e-02,0.000000e+00,0.000000e+00,211,3.890321e-05,0,0,0
6769,15,90098,1.028811e-03,4.914068e-03,1.011805e-02,0.000000e+00,0.000000e+00,202,2.436936e-04,0,0,0
6770,13,90111,1.145137e-03,5.030133e-03,1.000000e-02,0.000000e+00,0.000000e+00,197,1.358986e-04,0,0,0
6771,13,90124,1.083233e-03,4.956826e-03,9.685325e-03,0.000000e+00,0.000000e+00,216,9.918213e-05,0,0,0
6772,15,90139,8.354047e-04,4.912861e-03,1.065386e-02,0.000000e+00,0.000000e+00,212,2.784319e-04,0,0,0
6773,12,90151,1.168340e-03,4.877684e-03,9.684612e-03,0.000000e+00,0.000000e+00,209,2.110600e-04,0,0,0
6774,10,90161,1.114604e-03,4.966575e-03,1.141481e-02,0.000000e+00,0.000000e+00,195,2.670884e-04,0,0,0
6775,11,90172,1.239984e-03,4.904766e-03,1.000000e-02,0.000000e+00,0.000000e+00,201,1.966953e-05,0,0,0
6776,10,90182,1.132771e-03,4.847539e-03,1.064116e-02,0.000000e+00,0.000000e+00,219,1.260042e-04,0,0,0
6777,11,90193,1.117506e-03,4.842612e-03,1.162119e-02,0.000000e+00,0.000000e+00,199,2.741814e-05,0,0,0
6778,15,90208,9.608191e-04,4.964645e-03,1.089000e-02,0.000000e+00,0.000000e+00,198,2.172589e-05,0,0,0
6779,14,90222,9.437003e-04,5.061970e-03,1.000000e-02,0.000000e+00,0.000000e+00,195,1.735985e-06,0,0,0
6780,11,90233,1.526016e-03,5.221126e-03,1.060151e-02,0.000000e+00,0.000000e+00,183,4.559755e-06,0,0,0
6781,13,90246,1.040168e-03,5.089086e-03,1.008579e-02,0.000000e+00,0.000000e+00,215,4.763007e-04,0,0,0
6782,14,90260,9.865480e-04,5.125673e-03,1.064663e-02,0.000000e+00,0.000000e+00,205,2.374053e-04,0,0,0
6783,11,90271,1.143733e-03,4.991716e-03,1.202986e-02,0.000000e+00,0.000000e+00,218,5.944315e-04,0,0,0
6784,13,90284,8.021569e-04,5.071001e-03,1.000000e-02,0.000000e+00,0.000000e+00,192,3.305450e-04,0,0,0
6785,10,90294,1.202504e-03,4.863679e-03,9.106353e-03,0.000000e+00,0.000000e+00,208,3.372803e-04,0,0,0
6786,13,90307,1.255414e-03,4.935998e-03,9.870056e-03,0.000000e+00,0.000000e+00,190,6.424263e-06,0,0,0
6787,14,90321,1.000526e-03,4.936888e-03,9.259805e-03,0.000000e+00,0.000000e+00,182,3.312083e-04,0,0,0
6788,14,90335,1.231709e-03,5.153762e-03,1.000000e-02,0.000000e+00,0.000000e+00,186,5.194545e-05,0,0,0
6789,13,90348,1.199821e-03,4.945172e-03,1.238238e-02,0.000000e+00,0.000000e+00,232,6.511807e-06,0,0,0
6790,10,90358,1.455011e-03,4.967653e-03,1.109894e-02,0.000000e+00,0.000000e+00,187,7.146597e-05,0,0,0
6791,16,90374,1.109489e-03,5.047329e-03,1.491343e-02,0.000000e+00,0.000000e+00,185,8.141994e-05,0,0,0
6792,10,90384,1.011246e-03,5.127602e-03,1.202147e-02,0.000000e+00,0.000000e+00,193,7.004291e-04,0,0,0
6793,10,90394,1.280377e-03,5.055377e-03,1.260133e-02,0.000000e+00,0.000000e+00,204,6.216317e-04,0,0,0
6794,11,90405,1.284375e-03,4.968251e-03,1.202043e-02,0.000000e+00,0.000000e+00,206,2.894551e-04,0,0,0
6795,11,90416,1.053806e-03,4.853576e-03,1.018132e-02,0.000000e+00,0.000000e+00,217,7.823110e-08,0,0,0
6796,15,90431,8.113679e-04,5.029068e-03,1.119945e-02,0.000000e+00,0.000000e+00,190,3.658235e-05,0,0,0
6797,12,90443,1.165236e-03,4.952631e-03,1.231940e-02,0.000000e+00,0.000000e+00,198,1.201332e-04,0,0,0
6798,13,90456,1.023924e-03,5.173526e-03,1.089000e-02,0.000000e+00,0.000000e+00,184,5.355477e-05,0,0,0
6799,14,90470,1.150922e-03,5.212025e-03,1.007959e-02,0.000000e+00,0.000000e+00,187,1.128018e-05,0,0,0
6800,17,90487,8.431182e-04,5.194604e-03,1.017608e-02,0.000000e+00,0.000000e+00,188,3.408194e-04,0,0,0
6801,26,90513,6.310527e-04,5.132703e-03,9.957647e-03,0.000000e+00,0.000000e+00,195,4.470348e-07,0,0,0
6802,16,90529,7.617590e-04,5.052205e-03,1.000000e-02,0.000000e+00,0.000000e+00,201,1.613200e-04,0,0,0
6803,12,90541,9.099810e-04,5.103214e-03,1.106680e-02,0.000000e+00,0.000000e+00,188,6.377697e-04,0,0,0
6804,24,90565,4.848744e-04,5.128875e-03,1.080895e-02,0.000000e+00,0.000000e+00,195,7.450581e-08,0,0,0
6805,13,90578,1.193642e-03,5.074919e-03,1.000000e-02,0.000000e+00,0.000000e+00,186,1.049042e-05,0,0,0
6806,17,90595,1.029991e-03,5.004756e-03,9.354750e-03,0.000000e+00,0.000000e+00,202,2.216995e-04,0,0,0
6807,19,90614,9.510214e-04,5.008511e-03,1.300861e-02,0.000000e+00,0.000000e+00,202,1.190975e-05,0,0,0
6808,13,90627,1.093774e-03,5.260468e-03,1.045044e-02,0.000000e+00,0.000000e+00,175,1.263246e-04,0,0,0
6809,12,90639,1.202386e-03,5.156432e-03,9.959663e-03,0.000000e+00,0.000000e+00,208,2.296865e-04,0,0,0
6810,20,90659,9.340844e-04,5.120764e-03,1.000000e-02,0.000000e+00,0.000000e+00,205,9.267218e-05,0,0,0
6811,13,90672,8.530904e-04,5.052357e-03,9.153599e-03,0.000000e+00,0.000000e+00,194,6.787479e-06,0,0,0
6812,16,90688,5.780723e-04,5.107919e-03,1.205687e-02,0.000000e+00,0.000000e+00,188,3.872216e-04,0,0,0
6813,12,90700,1.327280e-03,5.011803e-03,1.069450e-02,0.000000e+00,0.000000e+00,197,1.404881e-04,0,0,0
6814,10,90710,1.411236e-03,5.094267e-03,1.000000e-02,0.000000e+00,0.000000e+00,188,1.409501e-04,0,0,0
6815,13,90723,1.216130e-03,5.159231e-03,1.055787e-02,0.000000e+00,0.000000e+00,192,1.527593e-04,0,0,0
HIST {'total_samples': 7530432, 'floor_samples': 0, 'floor_fraction': 0.0, 'saturation_depth': 0.0, 'boundaries': 6816, 'capped_boundaries': 0, 'unfinished_worlds': 0}
6816,11,90734,1.107882e-03,5.125780e-03,1.379735e-02,0.000000e+00,0.000000e+00,204,1.604673e-04,0,0,0
6817,17,90751,9.914753e-04,5.126387e-03,1.222466e-02,0.000000e+00,0.000000e+00,208,1.430511e-06,0,0,0
6818,18,90769,1.090099e-03,5.103223e-03,1.061994e-02,0.000000e+00,0.000000e+00,205,1.007318e-05,0,0,0
6819,15,90784,9.398387e-04,5.019915e-03,1.133315e-02,0.000000e+00,0.000000e+00,200,8.232892e-05,0,0,0
6820,18,90802,1.025844e-03,5.063398e-03,1.089000e-02,0.000000e+00,0.000000e+00,196,2.656877e-04,0,0,0
6821,15,90817,1.097650e-03,4.975215e-03,1.051088e-02,0.000000e+00,0.000000e+00,217,4.097261e-04,0,0,0
6822,13,90830,1.182382e-03,4.969047e-03,1.594405e-02,0.000000e+00,0.000000e+00,206,4.231874e-04,0,0,0
6823,18,90848,8.686014e-04,4.887638e-03,1.000000e-02,0.000000e+00,0.000000e+00,216,4.039125e-04,0,0,0
6824,13,90861,8.009681e-04,4.879825e-03,1.084078e-02,0.000000e+00,0.000000e+00,214,1.612306e-04,0,0,0
6825,13,90874,1.148723e-03,4.838379e-03,1.084267e-02,0.000000e+00,0.000000e+00,182,1.359731e-06,0,0,0
6826,14,90888,1.242100e-03,5.026037e-03,1.261709e-02,0.000000e+00,0.000000e+00,188,9.298325e-06,0,0,0
6827,11,90899,1.000138e-03,5.000239e-03,1.000000e-02,0.000000e+00,0.000000e+00,219,1.184940e-04,0,0,0
6828,14,90913,8.980431e-04,5.101840e-03,1.034119e-02,0.000000e+00,0.000000e+00,200,1.185909e-04,0,0,0
6829,17,90930,9.289888e-04,4.907047e-03,1.137531e-02,0.000000e+00,0.000000e+00,230,8.692816e-04,0,0,0
6830,12,90942,1.030276e-03,5.055997e-03,1.090376e-02,0.000000e+00,0.000000e+00,192,5.312040e-04,0,0,0
6831,13,90955,1.051572e-03,5.051150e-03,1.194663e-02,0.000000e+00,0.000000e+00,207,3.551245e-04,0,0,0
6832,13,90968,1.162741e-03,4.863495e-03,9.435360e-03,0.000000e+00,0.000000e+00,210,6.949902e-05,0,0,0
6833,11,90979,1.328685e-03,4.858495e-03,9.435360e-03,0.000000e+00,0.000000e+00,202,2.770871e-05,0,0,0
6834,10,90989,1.173090e-03,4.849880e-03,1.159804e-02,0.000000e+00,0.000000e+00,203,4.162751e-04,0,0,0
6835,13,91002,1.338388e-03,4.912059e-03,1.003467e-02,0.000000e+00,0.000000e+00,197,2.328306e-09,0,0,0
6836,10,91012,2.001341e-03,4.900551e-03,1.433543e-02,0.000000e+00,0.000000e+00,207,8.336455e-05,0,0,0
6837,12,91024,1.373222e-03,4.870071e-03,1.025935e-02,0.000000e+00,0.000000e+00,210,1.164200e-05,0,0,0
6838,11,91035,1.230682e-03,4.898760e-03,1.074436e-02,0.000000e+00,0.000000e+00,209,1.531839e-05,0,0,0
6839,15,91050,1.398461e-03,4.755318e-03,1.000000e-02,0.000000e+00,0.000000e+00,220,1.496077e-05,0,0,0
6840,14,91064,1.033666e-03,4.959586e-03,1.276572e-02,0.000000e+00,0.000000e+00,185,3.238246e-04,0,0,0
6841,14,91078,1.218527e-03,4.769510e-03,1.000000e-02,0.000000e+00,0.000000e+00,227,9.502470e-05,0,0,0
6842,11,91089,1.341991e-03,4.916088e-03,1.000000e-02,0.000000e+00,0.000000e+00,190,6.483942e-04,0,0,0
6843,14,91103,1.150883e-03,4.854175e-03,1.054001e-02,0.000000e+00,0.000000e+00,216,3.132224e-05,0,0,0
6844,21,91124,1.115766e-03,5.012237e-03,1.081965e-02,0.000000e+00,0.000000e+00,191,5.513430e-05,0,0,0
6845,16,91140,9.601701e-04,4.939851e-03,1.190162e-02,0.000000e+00,0.000000e+00,182,2.266690e-04,0,0,0
6846,17,91157,8.886844e-04,4.962134e-03,1.011478e-02,0.000000e+00,0.000000e+00,200,9.503961e-05,0,0,0
6847,14,91171,1.019669e-03,4.803108e-03,1.000000e-02,0.000000e+00,0.000000e+00,232,1.086518e-04,0,0,0
6848,15,91186,1.322474e-03,4.880598e-03,1.000000e-02,0.000000e+00,0.000000e+00,196,5.587935e-08,0,0,0
6849,13,91199,1.260400e-03,4.947097e-03,1.001600e-02,0.000000e+00,0.000000e+00,207,2.514012e-05,0,0,0
6850,11,91210,1.491279e-03,5.091197e-03,9.880323e-03,0.000000e+00,0.000000e+00,190,2.256930e-04,0,0,0
6851,13,91223,1.270460e-03,4.780027e-03,1.039224e-02,0.000000e+00,0.000000e+00,214,5.604140e-05,0,0,0
6852,11,91234,1.447783e-03,5.017938e-03,1.032238e-02,0.000000e+00,0.000000e+00,182,5.751103e-05,0,0,0
6853,12,91246,1.155100e-03,4.934116e-03,1.052899e-02,0.000000e+00,0.000000e+00,201,3.430843e-04,0,0,0
6854,14,91260,1.281985e-03,5.049233e-03,1.068103e-02,0.000000e+00,0.000000e+00,204,1.873374e-04,0,0,0
6855,11,91271,1.227860e-03,4.823241e-03,1.000000e-02,0.000000e+00,0.000000e+00,206,7.930398e-05,0,0,0
6856,15,91286,1.221787e-03,4.900147e-03,1.192212e-02,0.000000e+00,0.000000e+00,206,5.215406e-08,0,0,0
6857,22,91308,8.318893e-04,4.842611e-03,1.000000e-02,0.000000e+00,0.000000e+00,226,9.036064e-05,0,0,0
6858,10,91318,1.420549e-03,4.985092e-03,1.206615e-02,0.000000e+00,0.000000e+00,177,5.985349e-04,0,0,0
6859,13,91331,1.161159e-03,5.049092e-03,1.000000e-02,0.000000e+00,0.000000e+00,187,5.592555e-04,0,0,0
6860,10,91341,1.280196e-03,5.117137e-03,1.000000e-02,0.000000e+00,0.000000e+00,189,1.941845e-04,0,0,0
6861,12,91353,1.291636e-03,4.997869e-03,1.109051e-02,0.000000e+00,0.000000e+00,218,8.190796e-05,0,0,0
6862,11,91364,1.363381e-03,5.110665e-03,1.089000e-02,0.000000e+00,0.000000e+00,190,2.454221e-05,0,0,0
6863,11,91375,1.610058e-03,4.977798e-03,1.000000e-02,0.000000e+00,0.000000e+00,225,4.262924e-04,0,0,0
HIST {'total_samples': 7584126, 'floor_samples': 0, 'floor_fraction': 0.0, 'saturation_depth': 0.0, 'boundaries': 6864, 'capped_boundaries': 0, 'unfinished_worlds': 0}
6864,13,91388,1.124864e-03,4.928264e-03,1.175389e-02,0.000000e+00,0.000000e+00,205,9.291917e-04,0,0,0
6865,15,91403,7.909528e-04,4.944560e-03,1.000000e-02,0.000000e+00,0.000000e+00,195,5.511194e-05,0,0,0
6866,12,91415,1.024879e-03,4.926548e-03,1.036120e-02,0.000000e+00,0.000000e+00,196,2.147257e-05,0,0,0
6867,12,91427,1.427010e-03,4.804528e-03,9.965979e-03,0.000000e+00,0.000000e+00,189,2.350211e-04,0,0,0
6868,13,91440,1.281322e-03,4.959363e-03,1.111704e-02,0.000000e+00,0.000000e+00,195,2.339333e-04,0,0,0
6869,13,91453,1.391550e-03,4.997462e-03,1.027091e-02,0.000000e+00,0.000000e+00,193,1.358986e-05,0,0,0
6870,13,91466,1.124727e-03,4.951970e-03,1.345162e-02,0.000000e+00,0.000000e+00,212,2.086163e-07,0,0,0
6871,12,91478,1.245928e-03,4.922407e-03,1.000000e-02,0.000000e+00,0.000000e+00,194,6.101211e-06,0,0,0
6872,13,91491,1.052659e-03,5.026635e-03,1.054301e-02,0.000000e+00,0.000000e+00,201,2.532303e-04,0,0,0
6873,14,91505,9.039124e-04,4.969235e-03,1.000000e-02,0.000000e+00,0.000000e+00,196,3.073812e-04,0,0,0
6874,11,91516,1.133060e-03,5.008006e-03,1.116743e-02,0.000000e+00,0.000000e+00,196,2.768934e-04,0,0,0
6875,10,91526,1.624701e-03,4.942792e-03,9.800395e-03,0.000000e+00,0.000000e+00,179,1.829118e-05,0,0,0
6876,11,91537,1.616196e-03,5.153668e-03,1.050254e-02,0.000000e+00,0.000000e+00,185,9.536743e-07,0,0,0
6877,15,91552,1.089877e-03,4.951909e-03,1.047822e-02,0.000000e+00,0.000000e+00,213,1.049601e-04,0,0,0
6878,12,91564,1.022913e-03,4.947859e-03,1.057403e-02,0.000000e+00,0.000000e+00,193,8.024275e-05,0,0,0
6879,12,91576,9.907907e-04,4.884084e-03,9.571225e-03,0.000000e+00,0.000000e+00,222,4.080683e-04,0,0,0
6880,16,91592,8.922772e-04,4.904071e-03,1.181505e-02,0.000000e+00,0.000000e+00,195,5.869567e-04,0,0,0
6881,18,91610,6.863349e-04,4.946862e-03,1.133799e-02,0.000000e+00,0.000000e+00,197,3.033876e-05,0,0,0
6882,15,91625,1.111655e-03,5.026657e-03,1.063251e-02,0.000000e+00,0.000000e+00,215,1.753839e-04,0,0,0
6883,13,91638,1.071061e-03,4.984104e-03,1.169576e-02,0.000000e+00,0.000000e+00,214,1.415610e-06,0,0,0
6884,15,91653,1.133937e-03,4.963297e-03,1.286534e-02,0.000000e+00,0.000000e+00,207,2.045929e-04,0,0,0
6885,11,91664,1.144903e-03,4.878459e-03,1.280786e-02,0.000000e+00,0.000000e+00,197,2.742559e-05,0,0,0
6886,11,91675,1.154588e-03,4.992383e-03,1.097399e-02,0.000000e+00,0.000000e+00,208,5.885959e-07,0,0,0
6887,12,91687,1.534378e-03,4.999605e-03,9.703326e-03,0.000000e+00,0.000000e+00,198,4.084408e-05,0,0,0
6888,11,91698,1.378881e-03,5.039174e-03,1.097166e-02,0.000000e+00,0.000000e+00,198,1.314878e-04,0,0,0
6889,14,91712,9.282941e-04,4.865370e-03,1.206883e-02,0.000000e+00,0.000000e+00,221,3.212988e-04,0,0,0
6890,18,91730,7.258905e-04,4.775829e-03,1.000000e-02,0.000000e+00,0.000000e+00,213,2.602190e-04,0,0,0
6891,15,91745,8.287370e-04,4.825068e-03,9.533146e-03,0.000000e+00,0.000000e+00,183,1.043081e-06,0,0,0
6892,14,91759,8.679031e-04,4.921578e-03,1.000000e-02,0.000000e+00,0.000000e+00,192,1.235306e-05,0,0,0
6893,19,91778,1.106862e-03,4.872479e-03,8.740565e-03,0.000000e+00,0.000000e+00,214,1.782421e-04,0,0,0
6894,12,91790,9.855855e-04,5.010766e-03,1.317690e-02,0.000000e+00,0.000000e+00,199,1.192093e-05,0,0,0
6895,12,91802,1.274537e-03,5.001357e-03,1.211165e-02,0.000000e+00,0.000000e+00,206,3.644526e-04,0,0,0
6896,17,91819,1.071267e-03,4.833363e-03,9.889441e-03,0.000000e+00,0.000000e+00,220,4.270524e-04,0,0,0
6897,12,91831,1.157025e-03,4.766466e-03,9.207124e-03,0.000000e+00,0.000000e+00,209,3.154278e-04,0,0,0
6898,13,91844,1.136424e-03,4.877129e-03,1.012061e-02,0.000000e+00,0.000000e+00,199,1.354893e-04,0,0,0
6899,12,91856,1.286799e-03,4.964062e-03,1.053652e-02,0.000000e+00,0.000000e+00,201,2.123415e-06,0,0,0
6900,14,91870,8.047747e-04,4.976921e-03,1.256486e-02,0.000000e+00,0.000000e+00,196,2.264977e-05,0,0,0
6901,19,91889,1.010208e-03,4.996157e-03,1.000000e-02,0.000000e+00,0.000000e+00,208,3.726557e-04,0,0,0
6902,12,91901,1.095667e-03,5.080090e-03,1.181052e-02,0.000000e+00,0.000000e+00,199,1.486950e-04,0,0,0
6903,12,91913,1.284773e-03,5.023405e-03,1.005178e-02,0.000000e+00,0.000000e+00,195,4.357100e-05,0,0,0
6904,11,91924,8.864981e-04,5.028085e-03,1.334741e-02,0.000000e+00,0.000000e+00,214,1.000687e-04,0,0,0
6905,14,91938,9.709268e-04,4.994405e-03,1.000000e-02,0.000000e+00,0.000000e+00,222,2.768263e-05,0,0,0
6906,17,91955,7.759253e-04,5.092545e-03,1.381488e-02,0.000000e+00,0.000000e+00,191,6.384104e-04,0,0,0
6907,12,91967,1.153541e-03,4.992933e-03,1.010060e-02,0.000000e+00,0.000000e+00,214,2.759099e-04,0,0,0
6908,18,91985,7.917035e-04,4.756750e-03,1.041200e-02,0.000000e+00,0.000000e+00,223,1.119822e-05,0,0,0
6909,17,92002,8.378011e-04,4.883067e-03,1.045502e-02,0.000000e+00,0.000000e+00,203,5.873293e-05,0,0,0
6910,14,92016,1.205924e-03,4.851958e-03,1.058188e-02,0.000000e+00,0.000000e+00,219,8.203834e-05,0,0,0
6911,16,92032,1.094509e-03,4.750696e-03,1.000000e-02,0.000000e+00,0.000000e+00,227,3.260672e-04,0,0,0
HIST {'total_samples': 7638005, 'floor_samples': 0, 'floor_fraction': 0.0, 'saturation_depth': 0.0, 'boundaries': 6912, 'capped_boundaries': 0, 'unfinished_worlds': 0}
6912,17,92049,7.112836e-04,4.924184e-03,1.261304e-02,0.000000e+00,0.000000e+00,186,1.018345e-04,0,0,0
6913,18,92067,6.911110e-04,4.883162e-03,1.167172e-02,0.000000e+00,0.000000e+00,214,4.352629e-05,0,0,0
6914,11,92078,1.376194e-03,5.101605e-03,1.020120e-02,0.000000e+00,0.000000e+00,177,1.573861e-04,0,0,0
6915,12,92090,1.384958e-03,5.044473e-03,1.037935e-02,0.000000e+00,0.000000e+00,210,1.139939e-06,0,0,0
6916,11,92101,1.813101e-03,5.159911e-03,1.317690e-02,0.000000e+00,0.000000e+00,200,6.147474e-05,0,0,0
6917,13,92114,1.175444e-03,5.132677e-03,1.042287e-02,0.000000e+00,0.000000e+00,196,6.075948e-05,0,0,0
6918,12,92126,1.307997e-03,4.911736e-03,1.238999e-02,0.000000e+00,0.000000e+00,218,1.445413e-05,0,0,0
6919,11,92137,1.051788e-03,4.927247e-03,1.000000e-02,0.000000e+00,0.000000e+00,203,3.510539e-04,0,0,0
6920,11,92148,9.440397e-04,5.056265e-03,1.290980e-02,0.000000e+00,0.000000e+00,185,3.624409e-04,0,0,0
6921,13,92161,1.233318e-03,4.986211e-03,1.000000e-02,0.000000e+00,0.000000e+00,208,1.054630e-05,0,0,0
6922,14,92175,9.039582e-04,4.994365e-03,1.000000e-02,0.000000e+00,0.000000e+00,200,3.185868e-05,0,0,0
6923,14,92189,1.180373e-03,4.945177e-03,9.894200e-03,0.000000e+00,0.000000e+00,215,6.086230e-04,0,0,0
6924,12,92201,1.227107e-03,5.000942e-03,9.894200e-03,0.000000e+00,0.000000e+00,197,5.736947e-06,0,0,0
6925,11,92212,1.702116e-03,4.914844e-03,1.148537e-02,0.000000e+00,0.000000e+00,207,1.823902e-05,0,0,0
6926,12,92224,1.436522e-03,5.032162e-03,1.286658e-02,0.000000e+00,0.000000e+00,202,9.904057e-05,0,0,0
6927,12,92236,1.261699e-03,4.936112e-03,1.000000e-02,0.000000e+00,0.000000e+00,202,3.218651e-04,0,0,0
6928,15,92251,8.186710e-04,5.048379e-03,1.183817e-02,0.000000e+00,0.000000e+00,206,6.539281e-06,0,0,0
6929,15,92266,7.734596e-04,5.009464e-03,1.082641e-02,0.000000e+00,0.000000e+00,217,6.848853e-04,0,0,0
6930,13,92279,1.105521e-03,4.908096e-03,1.000000e-02,0.000000e+00,0.000000e+00,224,5.637407e-04,0,0,0
6931,13,92292,1.251772e-03,4.737458e-03,1.000000e-02,0.000000e+00,0.000000e+00,224,4.578307e-04,0,0,0
6932,15,92307,9.823914e-04,4.880674e-03,1.000000e-02,0.000000e+00,0.000000e+00,209,3.792346e-06,0,0,0
6933,13,92320,9.657997e-04,4.858000e-03,9.758469e-03,0.000000e+00,0.000000e+00,209,6.891731e-04,0,0,0
6934,13,92333,1.141405e-03,4.782006e-03,1.010501e-02,0.000000e+00,0.000000e+00,210,6.317347e-05,0,0,0
6935,12,92345,1.174377e-03,4.868198e-03,1.001461e-02,0.000000e+00,0.000000e+00,202,8.307397e-07,0,0,0
6936,11,92356,1.088018e-03,4.778207e-03,9.673039e-03,0.000000e+00,0.000000e+00,224,1.192093e-05,0,0,0
6937,11,92367,1.291811e-03,4.885335e-03,8.922883e-03,0.000000e+00,0.000000e+00,192,2.277493e-04,0,0,0
6938,15,92382,1.095077e-03,4.815507e-03,1.260649e-02,0.000000e+00,0.000000e+00,227,9.156764e-05,0,0,0
6939,17,92399,8.346376e-04,4.814029e-03,1.000000e-02,0.000000e+00,0.000000e+00,202,2.900884e-05,0,0,0
6940,12,92411,1.625767e-03,4.968254e-03,1.102599e-02,0.000000e+00,0.000000e+00,188,1.841784e-05,0,0,0
6941,14,92425,1.461387e-03,5.008707e-03,9.955009e-03,0.000000e+00,0.000000e+00,199,2.416223e-05,0,0,0
6942,10,92435,1.259697e-03,4.839212e-03,9.749030e-03,0.000000e+00,0.000000e+00,216,3.389269e-04,0,0,0
6943,10,92445,1.370363e-03,4.857884e-03,9.709777e-03,0.000000e+00,0.000000e+00,199,9.103119e-04,0,0,0
6944,13,92458,1.042643e-03,4.973163e-03,9.681888e-03,0.000000e+00,0.000000e+00,192,7.830560e-06,0,0,0
6945,13,92471,1.272289e-03,4.908531e-03,9.379633e-03,0.000000e+00,0.000000e+00,206,1.168102e-04,0,0,0
6946,12,92483,1.075589e-03,4.849265e-03,1.003865e-02,0.000000e+00,0.000000e+00,218,2.720952e-04,0,0,0
6947,13,92496,9.230937e-04,4.768440e-03,1.000000e-02,0.000000e+00,0.000000e+00,216,4.671514e-05,0,0,0
6948,12,92508,1.345145e-03,4.873299e-03,1.063925e-02,0.000000e+00,0.000000e+00,209,1.118332e-04,0,0,0
6949,17,92525,1.175949e-03,4.809704e-03,1.164363e-02,0.000000e+00,0.000000e+00,220,1.651049e-05,0,0,0
6950,10,92535,1.896684e-03,4.885585e-03,1.089000e-02,0.000000e+00,0.000000e+00,194,1.476556e-04,0,0,0
6951,12,92547,1.099914e-03,4.751297e-03,9.209275e-03,0.000000e+00,0.000000e+00,219,9.864569e-06,0,0,0
6952,11,92558,1.248328e-03,4.882135e-03,1.074757e-02,0.000000e+00,0.000000e+00,201,2.977625e-05,0,0,0
6953,10,92568,1.223997e-03,4.870356e-03,9.402272e-03,0.000000e+00,0.000000e+00,199,4.210481e-04,0,0,0
6954,10,92578,9.427643e-04,4.976715e-03,1.003516e-02,0.000000e+00,0.000000e+00,202,3.441071e-20,0,0,0
6955,12,92590,1.440365e-03,4.889440e-03,1.000000e-02,0.000000e+00,0.000000e+00,195,2.394915e-04,0,0,0
6956,15,92605,1.070540e-03,5.057107e-03,1.032430e-02,0.000000e+00,0.000000e+00,190,2.962537e-05,0,0,0
6957,12,92617,1.015579e-03,4.936612e-03,1.000000e-02,0.000000e+00,0.000000e+00,215,5.643368e-04,0,0,0
6958,12,92629,1.180504e-03,4.899753e-03,1.569828e-02,0.000000e+00,0.000000e+00,207,4.715025e-04,0,0,0
6959,13,92642,9.070553e-04,4.787530e-03,1.726811e-02,0.000000e+00,0.000000e+00,212,2.356172e-04,0,0,0
HIST {'total_samples': 7691571, 'floor_samples': 0, 'floor_fraction': 0.0, 'saturation_depth': 0.0, 'boundaries': 6960, 'capped_boundaries': 0, 'unfinished_worlds': 0}
6960,15,92657,1.310156e-03,4.771776e-03,1.045935e-02,0.000000e+00,0.000000e+00,223,6.169081e-06,0,0,0
6961,12,92669,1.326906e-03,4.750300e-03,1.000000e-02,0.000000e+00,0.000000e+00,217,2.682209e-05,0,0,0
6962,16,92685,9.328802e-04,4.945870e-03,1.089000e-02,0.000000e+00,0.000000e+00,207,8.126795e-04,0,0,0
6963,13,92698,1.158215e-03,4.896220e-03,1.197900e-02,0.000000e+00,0.000000e+00,204,1.120120e-04,0,0,0
6964,14,92712,7.914883e-04,4.878331e-03,1.317690e-02,0.000000e+00,0.000000e+00,216,3.039837e-05,0,0,0
6965,10,92722,1.253967e-03,4.759016e-03,1.000000e-02,0.000000e+00,0.000000e+00,213,6.059185e-05,0,0,0
6966,13,92735,1.450400e-03,4.737838e-03,1.080975e-02,0.000000e+00,0.000000e+00,226,4.072394e-05,0,0,0
6967,11,92746,1.187970e-03,4.636740e-03,8.875551e-03,0.000000e+00,0.000000e+00,227,7.906929e-05,0,0,0
6968,11,92757,1.045827e-03,4.721723e-03,1.104678e-02,0.000000e+00,0.000000e+00,208,4.973263e-05,0,0,0
6969,10,92767,1.270475e-03,4.846164e-03,1.164084e-02,0.000000e+00,0.000000e+00,186,3.637895e-04,0,0,0
6970,11,92778,9.086955e-04,4.936572e-03,1.214578e-02,0.000000e+00,0.000000e+00,202,1.076981e-05,0,0,0
6971,12,92790,1.105367e-03,4.928986e-03,1.000000e-02,0.000000e+00,0.000000e+00,200,4.297495e-05,0,0,0
6972,11,92801,9.790021e-04,5.018475e-03,9.563416e-03,0.000000e+00,0.000000e+00,186,9.458065e-04,0,0,0
6973,12,92813,1.409632e-03,4.834688e-03,9.563416e-03,0.000000e+00,0.000000e+00,200,4.544854e-07,0,0,0
6974,14,92827,9.835311e-04,4.941783e-03,1.189104e-02,0.000000e+00,0.000000e+00,205,9.873509e-05,0,0,0
6975,11,92838,1.235665e-03,4.974707e-03,1.040984e-02,0.000000e+00,0.000000e+00,186,2.112985e-05,0,0,0
6976,13,92851,1.349398e-03,4.943684e-03,1.000000e-02,0.000000e+00,0.000000e+00,210,1.114607e-04,0,0,0
6977,16,92867,9.567305e-04,4.918657e-03,9.994769e-03,0.000000e+00,0.000000e+00,208,1.400709e-06,0,0,0
6978,12,92879,1.128934e-03,4.962409e-03,1.049487e-02,0.000000e+00,0.000000e+00,197,7.143244e-05,0,0,0
6979,13,92892,7.721618e-04,4.846179e-03,1.116532e-02,0.000000e+00,0.000000e+00,226,2.712011e-06,0,0,0
6980,14,92906,9.069147e-04,4.851545e-03,1.000000e-02,0.000000e+00,0.000000e+00,218,1.346320e-05,0,0,0
6981,17,92923,9.500118e-04,4.851786e-03,1.351003e-02,0.000000e+00,0.000000e+00,218,1.314282e-04,0,0,0
6982,14,92937,9.924317e-04,4.937309e-03,1.094533e-02,0.000000e+00,0.000000e+00,202,1.564026e-04,0,0,0
6983,14,92951,1.157253e-03,4.813340e-03,1.219181e-02,0.000000e+00,0.000000e+00,230,2.649426e-05,0,0,0
6984,16,92967,1.230897e-03,4.912013e-03,1.089000e-02,0.000000e+00,0.000000e+00,212,1.251698e-06,0,0,0
6985,12,92979,1.186211e-03,4.813861e-03,1.197900e-02,0.000000e+00,0.000000e+00,242,6.852113e-05,0,0,0
6986,11,92990,1.117804e-03,4.810799e-03,1.000000e-02,0.000000e+00,0.000000e+00,202,8.999184e-05,0,0,0
6987,15,93005,1.406867e-03,4.699487e-03,1.000000e-02,0.000000e+00,0.000000e+00,222,2.443790e-06,0,0,0
6988,13,93018,1.186677e-03,4.770759e-03,1.000000e-02,0.000000e+00,0.000000e+00,199,8.740276e-05,0,0,0
6989,10,93028,1.200400e-03,4.853975e-03,1.013370e-02,0.000000e+00,0.000000e+00,199,5.398691e-05,0,0,0
6990,14,93042,1.122889e-03,4.803656e-03,1.167872e-02,0.000000e+00,0.000000e+00,231,3.276765e-05,0,0,0
6991,14,93056,1.236980e-03,4.811925e-03,1.287229e-02,0.000000e+00,0.000000e+00,218,1.768321e-04,0,0,0
6992,14,93070,1.117784e-03,4.769408e-03,1.000000e-02,0.000000e+00,0.000000e+00,182,2.269447e-05,0,0,0
6993,16,93086,1.116089e-03,4.824561e-03,9.395589e-03,0.000000e+00,0.000000e+00,207,9.937584e-05,0,0,0
6994,13,93099,1.230493e-03,4.803800e-03,9.930192e-03,0.000000e+00,0.000000e+00,218,1.544058e-04,0,0,0
6995,12,93111,1.303600e-03,4.724488e-03,8.649819e-03,0.000000e+00,0.000000e+00,218,2.192110e-04,0,0,0
6996,14,93125,9.782246e-04,4.862739e-03,1.018726e-02,0.000000e+00,0.000000e+00,215,2.494641e-05,0,0,0
6997,12,93137,1.006077e-03,4.733271e-03,1.189416e-02,0.000000e+00,0.000000e+00,211,5.498528e-06,0,0,0
6998,13,93150,1.006077e-03,4.758978e-03,1.104497e-02,0.000000e+00,0.000000e+00,197,1.853108e-04,0,0,0
6999,12,93162,1.251511e-03,4.745616e-03,1.240435e-02,0.000000e+00,0.000000e+00,196,4.226891e-04,0,0,0
7000,13,93175,1.356893e-03,4.732119e-03,1.023783e-02,0.000000e+00,0.000000e+00,200,1.502037e-05,0,0,0
7001,16,93191,8.212886e-04,4.645409e-03,1.000000e-02,0.000000e+00,0.000000e+00,227,7.152557e-06,0,0,0
7002,14,93205,9.336043e-04,4.742540e-03,1.000000e-02,0.000000e+00,0.000000e+00,190,5.122274e-07,0,0,0
7003,12,93217,1.177193e-03,4.720926e-03,1.102211e-02,0.000000e+00,0.000000e+00,209,8.271635e-05,0,0,0
7004,11,93228,1.363689e-03,4.846686e-03,9.412679e-03,0.000000e+00,0.000000e+00,182,1.531988e-04,0,0,0
7005,19,93247,6.679980e-04,4.962948e-03,9.412679e-03,0.000000e+00,0.000000e+00,186,1.710793e-04,0,0,0
7006,13,93260,9.009497e-04,4.859750e-03,1.000000e-02,0.000000e+00,0.000000e+00,209,5.576015e-05,0,0,0
7007,21,93281,9.463817e-04,4.755659e-03,1.444148e-02,0.000000e+00,0.000000e+00,212,5.396232e-04,0,0,0
HIST {'total_samples': 7746088, 'floor_samples': 0, 'floor_fraction': 0.0, 'saturation_depth': 0.0, 'boundaries': 7008, 'capped_boundaries': 0, 'unfinished_worlds': 0}
7008,16,93297,9.763186e-04,4.790151e-03,1.127545e-02,0.000000e+00,0.000000e+00,215,5.628448e-05,0,0,0
7009,18,93315,8.312879e-04,4.694873e-03,1.000000e-02,0.000000e+00,0.000000e+00,219,4.759952e-04,0,0,0
7010,14,93329,1.124613e-03,4.755242e-03,1.058831e-02,0.000000e+00,0.000000e+00,201,1.975968e-04,0,0,0
7011,14,93343,1.014820e-03,4.746703e-03,1.208702e-02,0.000000e+00,0.000000e+00,216,2.688169e-05,0,0,0
7012,15,93358,7.721823e-04,4.714374e-03,1.000000e-02,0.000000e+00,0.000000e+00,220,2.549775e-04,0,0,0
7013,22,93380,7.287327e-04,4.759026e-03,9.544953e-03,0.000000e+00,0.000000e+00,210,8.255243e-05,0,0,0
7014,17,93397,1.052000e-03,4.850948e-03,1.000000e-02,0.000000e+00,0.000000e+00,191,9.195507e-05,0,0,0
7015,13,93410,1.127898e-03,4.801915e-03,9.571728e-03,0.000000e+00,0.000000e+00,197,4.573911e-05,0,0,0
7016,13,93423,7.076557e-04,4.812088e-03,8.679485e-03,0.000000e+00,0.000000e+00,206,1.326203e-04,0,0,0
7017,14,93437,1.117736e-03,4.829329e-03,8.808924e-03,0.000000e+00,0.000000e+00,211,2.441108e-04,0,0,0
7018,11,93448,1.441180e-03,4.846227e-03,1.097176e-02,0.000000e+00,0.000000e+00,197,2.156198e-05,0,0,0
7019,13,93461,1.152816e-03,4.858660e-03,1.000000e-02,0.000000e+00,0.000000e+00,213,3.127381e-06,0,0,0
7020,11,93472,1.219598e-03,4.756883e-03,9.215815e-03,0.000000e+00,0.000000e+00,213,2.063215e-04,0,0,0
7021,10,93482,8.196387e-04,4.768417e-03,9.543454e-03,0.000000e+00,0.000000e+00,193,2.312958e-04,0,0,0
7022,16,93498,1.021147e-03,4.915031e-03,1.000000e-02,0.000000e+00,0.000000e+00,205,5.742535e-06,0,0,0
7023,10,93508,1.525161e-03,4.978059e-03,1.146272e-02,0.000000e+00,0.000000e+00,188,1.316890e-04,0,0,0
7024,14,93522,1.284640e-03,4.914501e-03,1.131165e-02,0.000000e+00,0.000000e+00,198,5.237758e-05,0,0,0
7025,12,93534,1.286400e-03,4.797019e-03,1.058763e-02,0.000000e+00,0.000000e+00,216,1.962855e-05,0,0,0
7026,10,93544,1.219717e-03,4.798842e-03,1.022651e-02,0.000000e+00,0.000000e+00,192,5.063787e-05,0,0,0
7027,17,93561,8.436273e-04,4.802356e-03,1.088164e-02,0.000000e+00,0.000000e+00,214,6.697178e-04,0,0,0
7028,13,93574,1.377960e-03,4.940907e-03,1.196981e-02,0.000000e+00,0.000000e+00,206,1.277626e-04,0,0,0
7029,15,93589,1.087811e-03,4.815497e-03,1.180269e-02,0.000000e+00,0.000000e+00,207,7.703714e-05,0,0,0
7030,10,93599,9.912570e-04,4.927009e-03,1.051421e-02,0.000000e+00,0.000000e+00,197,1.025125e-04,0,0,0
7031,14,93613,8.235664e-04,4.935654e-03,1.014435e-02,0.000000e+00,0.000000e+00,197,8.120835e-04,0,0,0
7032,17,93630,9.080570e-04,4.843060e-03,1.115879e-02,0.000000e+00,0.000000e+00,209,7.452816e-05,0,0,0
7033,11,93641,8.617500e-04,4.853652e-03,1.000000e-02,0.000000e+00,0.000000e+00,203,1.621991e-05,0,0,0
7034,17,93658,8.822219e-04,4.807120e-03,1.000000e-02,0.000000e+00,0.000000e+00,218,1.703203e-04,0,0,0
7035,14,93672,9.459099e-04,4.823152e-03,9.382943e-03,0.000000e+00,0.000000e+00,190,1.917779e-05,0,0,0
7036,13,93685,1.029288e-03,4.896079e-03,1.105064e-02,0.000000e+00,0.000000e+00,195,2.369285e-05,0,0,0
7037,11,93696,1.060551e-03,5.026633e-03,1.329054e-02,0.000000e+00,0.000000e+00,203,7.016808e-04,0,0,0
7038,15,93711,1.133520e-03,4.855583e-03,1.179354e-02,0.000000e+00,0.000000e+00,221,6.824136e-04,0,0,0
7039,12,93723,1.021577e-03,4.841460e-03,9.675013e-03,0.000000e+00,0.000000e+00,208,9.324262e-05,0,0,0
7040,13,93736,1.098849e-03,4.908699e-03,1.033304e-02,0.000000e+00,0.000000e+00,200,2.538841e-04,0,0,0
7041,17,93753,1.101488e-03,4.749021e-03,8.928788e-03,0.000000e+00,0.000000e+00,213,1.661689e-05,0,0,0
7042,13,93766,1.122404e-03,4.804945e-03,1.000000e-02,0.000000e+00,0.000000e+00,191,3.259610e-04,0,0,0
7043,12,93778,1.062054e-03,4.702567e-03,8.707035e-03,0.000000e+00,0.000000e+00,220,2.987010e-04,0,0,0
7044,11,93789,1.004226e-03,4.809882e-03,1.097386e-02,0.000000e+00,0.000000e+00,195,4.030764e-05,0,0,0
7045,14,93803,1.098802e-03,4.876273e-03,1.000000e-02,0.000000e+00,0.000000e+00,210,5.953014e-06,0,0,0
7046,12,93815,1.128907e-03,4.826109e-03,9.285687e-03,0.000000e+00,0.000000e+00,196,1.597330e-04,0,0,0
7047,11,93826,1.301429e-03,4.762829e-03,9.466344e-03,0.000000e+00,0.000000e+00,226,8.280808e-05,0,0,0
7048,12,93838,1.395651e-03,4.958418e-03,1.080452e-02,0.000000e+00,0.000000e+00,199,2.572164e-04,0,0,0
7049,12,93850,1.397463e-03,4.975877e-03,1.051388e-02,0.000000e+00,0.000000e+00,205,4.485250e-05,0,0,0
7050,12,93862,1.112186e-03,4.776684e-03,9.691149e-03,0.000000e+00,0.000000e+00,216,4.388466e-04,0,0,0
7051,11,93873,1.274930e-03,4.697098e-03,1.066026e-02,0.000000e+00,0.000000e+00,215,2.271384e-04,0,0,0
7052,12,93885,9.803149e-04,4.868949e-03,1.172629e-02,0.000000e+00,0.000000e+00,199,1.238212e-04,0,0,0
7053,12,93897,7.985240e-04,4.917975e-03,1.289892e-02,0.000000e+00,0.000000e+00,207,8.139387e-05,0,0,0
7054,11,93908,1.320998e-03,4.861776e-03,1.003646e-02,0.000000e+00,0.000000e+00,204,2.234727e-04,0,0,0
7055,12,93920,1.365740e-03,4.774376e-03,8.659201e-03,0.000000e+00,0.000000e+00,217,2.177502e-05,0,0,0
HIST {'total_samples': 7800307, 'floor_samples': 0, 'floor_fraction': 0.0, 'saturation_depth': 0.0, 'boundaries': 7056, 'capped_boundaries': 0, 'unfinished_worlds': 0}
7056,12,93932,1.060513e-03,4.895614e-03,1.089000e-02,0.000000e+00,0.000000e+00,202,2.425537e-04,0,0,0
7057,15,93947,6.825430e-04,4.893821e-03,1.000000e-02,0.000000e+00,0.000000e+00,198,2.458692e-07,0,0,0
7058,10,93957,1.557227e-03,5.047180e-03,1.027784e-02,0.000000e+00,0.000000e+00,198,1.214109e-04,0,0,0
7059,11,93968,1.102857e-03,5.005520e-03,1.000000e-02,0.000000e+00,0.000000e+00,192,5.841851e-04,0,0,0
7060,13,93981,8.840999e-04,4.997344e-03,1.057534e-02,0.000000e+00,0.000000e+00,200,6.526243e-05,0,0,0
7061,16,93997,7.362279e-04,4.972720e-03,1.063942e-02,0.000000e+00,0.000000e+00,200,1.339242e-05,0,0,0
7062,15,94012,1.098347e-03,4.985442e-03,1.240019e-02,0.000000e+00,0.000000e+00,208,5.204044e-05,0,0,0
7063,14,94026,1.025622e-03,4.821063e-03,1.000000e-02,0.000000e+00,0.000000e+00,216,2.433546e-05,0,0,0
7064,15,94041,1.006721e-03,4.819642e-03,1.000000e-02,0.000000e+00,0.000000e+00,199,2.570450e-07,0,0,0
7065,15,94056,9.802646e-04,4.689240e-03,9.989180e-03,0.000000e+00,0.000000e+00,228,2.172859e-04,0,0,0
7066,13,94069,1.040214e-03,4.760824e-03,9.883970e-03,0.000000e+00,0.000000e+00,212,6.705523e-07,0,0,0
7067,18,94087,8.653533e-04,4.747882e-03,9.595162e-03,0.000000e+00,0.000000e+00,191,1.788139e-07,0,0,0
7068,17,94104,6.480991e-04,4.894535e-03,1.007978e-02,0.000000e+00,0.000000e+00,203,1.013279e-06,0,0,0
7069,17,94121,6.836184e-04,4.752588e-03,9.297768e-03,0.000000e+00,0.000000e+00,232,1.072884e-06,0,0,0
7070,15,94136,6.762533e-04,4.725154e-03,1.061486e-02,0.000000e+00,0.000000e+00,212,1.828969e-04,0,0,0
7071,13,94149,8.612214e-04,4.816887e-03,9.405865e-03,0.000000e+00,0.000000e+00,215,2.072752e-05,0,0,0
7072,12,94161,1.037724e-03,4.765219e-03,9.743526e-03,0.000000e+00,0.000000e+00,205,2.132058e-04,0,0,0
7073,16,94177,1.033079e-03,4.812458e-03,8.736134e-03,0.000000e+00,0.000000e+00,190,1.043081e-07,0,0,0
7074,11,94188,1.443942e-03,4.983327e-03,1.058447e-02,0.000000e+00,0.000000e+00,181,9.506941e-05,0,0,0
7075,15,94203,9.531428e-04,4.927848e-03,1.138247e-02,0.000000e+00,0.000000e+00,191,2.549887e-04,0,0,0
7076,11,94214,1.018724e-03,5.059081e-03,1.000000e-02,0.000000e+00,0.000000e+00,192,5.449206e-04,0,0,0
7077,12,94226,9.113596e-04,4.983428e-03,9.883411e-03,0.000000e+00,0.000000e+00,195,1.758933e-04,0,0,0
7078,13,94239,1.185999e-03,5.143302e-03,1.046016e-02,0.000000e+00,0.000000e+00,182,5.601346e-05,0,0,0
7079,15,94254,6.036146e-04,4.938255e-03,1.150618e-02,0.000000e+00,0.000000e+00,241,6.881729e-04,0,0,0
7080,14,94268,1.418709e-03,5.004368e-03,1.211649e-02,0.000000e+00,0.000000e+00,198,3.539026e-06,0,0,0
7081,11,94279,8.773890e-04,4.878368e-03,1.002587e-02,0.000000e+00,0.000000e+00,214,3.886744e-04,0,0,0
7082,11,94290,1.019612e-03,4.988982e-03,1.032477e-02,0.000000e+00,0.000000e+00,200,2.059042e-04,0,0,0
7083,11,94301,1.290013e-03,4.924764e-03,1.079789e-02,0.000000e+00,0.000000e+00,222,1.579523e-06,0,0,0
7084,11,94312,1.353220e-03,4.902324e-03,9.581341e-03,0.000000e+00,0.000000e+00,205,1.309142e-04,0,0,0
7085,13,94325,8.876138e-04,4.852435e-03,1.324947e-02,0.000000e+00,0.000000e+00,206,1.958199e-04,0,0,0
7086,12,94337,1.390769e-03,4.920206e-03,1.037813e-02,0.000000e+00,0.000000e+00,186,1.370683e-04,0,0,0
7087,14,94351,1.037626e-03,4.833178e-03,1.134054e-02,0.000000e+00,0.000000e+00,215,9.767711e-06,0,0,0
7088,13,94364,1.251626e-03,4.949865e-03,1.069937e-02,0.000000e+00,0.000000e+00,205,9.849668e-06,0,0,0
7089,13,94377,1.430140e-03,4.893126e-03,9.406011e-03,0.000000e+00,0.000000e+00,211,3.957585e-05,0,0,0
7090,14,94391,1.384931e-03,4.878048e-03,1.089000e-02,0.000000e+00,0.000000e+00,206,3.103167e-06,0,0,0
7091,11,94402,1.536578e-03,4.842794e-03,1.005560e-02,0.000000e+00,0.000000e+00,203,1.159236e-04,0,0,0
7092,18,94420,5.218444e-04,4.796377e-03,1.317690e-02,0.000000e+00,0.000000e+00,210,5.101264e-04,0,0,0
7093,14,94434,9.141634e-04,4.810295e-03,1.027995e-02,0.000000e+00,0.000000e+00,192,8.034706e-05,0,0,0
7094,13,94447,1.562064e-03,4.851946e-03,1.059327e-02,0.000000e+00,0.000000e+00,203,1.378357e-06,0,0,0
7095,15,94462,1.073973e-03,4.772901e-03,1.000000e-02,0.000000e+00,0.000000e+00,205,2.358109e-05,0,0,0
7096,13,94475,9.183555e-04,4.710582e-03,1.000000e-02,0.000000e+00,0.000000e+00,212,5.947393e-04,0,0,0
7097,12,94487,1.300512e-03,4.605483e-03,1.029134e-02,0.000000e+00,0.000000e+00,229,6.321520e-04,0,0,0
7098,12,94499,1.041641e-03,4.852678e-03,1.001839e-02,0.000000e+00,0.000000e+00,178,4.469454e-04,0,0,0
7099,19,94518,6.037256e-04,4.794982e-03,1.197958e-02,0.000000e+00,0.000000e+00,197,4.037619e-04,0,0,0
7100,15,94533,8.842428e-04,4.783379e-03,9.395225e-03,0.000000e+00,0.000000e+00,200,6.830692e-05,0,0,0
7101,18,94551,8.751928e-04,4.693729e-03,1.059541e-02,0.000000e+00,0.000000e+00,209,4.373752e-04,0,0,0
7102,10,94561,1.262197e-03,4.850648e-03,1.008173e-02,0.000000e+00,0.000000e+00,192,8.532032e-05,0,0,0
7103,12,94573,1.031227e-03,4.853287e-03,9.568884e-03,0.000000e+00,0.000000e+00,202,6.028265e-04,0,0,0
HIST {'total_samples': 7854110, 'floor_samples': 0, 'floor_fraction': 0.0, 'saturation_depth': 0.0, 'boundaries': 7104, 'capped_boundaries': 0, 'unfinished_worlds': 0}
7104,13,94586,1.066855e-03,5.054047e-03,1.000000e-02,0.000000e+00,0.000000e+00,189,2.980232e-07,0,0,0
7105,13,94599,1.109435e-03,5.046191e-03,1.155174e-02,0.000000e+00,0.000000e+00,181,3.605485e-04,0,0,0
7106,11,94610,1.459626e-03,5.075585e-03,1.064518e-02,0.000000e+00,0.000000e+00,189,7.906780e-04,0,0,0
7107,10,94620,1.156991e-03,4.895080e-03,1.069513e-02,0.000000e+00,0.000000e+00,211,3.859103e-04,0,0,0
7108,12,94632,1.497322e-03,5.024182e-03,1.000000e-02,0.000000e+00,0.000000e+00,185,1.970585e-05,0,0,0
7109,11,94643,8.131883e-04,5.002614e-03,1.000000e-02,0.000000e+00,0.000000e+00,190,5.716179e-04,0,0,0
7110,11,94654,1.651850e-03,5.118902e-03,1.055539e-02,0.000000e+00,0.000000e+00,174,1.966953e-06,0,0,0
7111,14,94668,9.248939e-04,4.900297e-03,1.020089e-02,0.000000e+00,0.000000e+00,206,2.563521e-04,0,0,0
7112,12,94680,9.968281e-04,4.920268e-03,1.000000e-02,0.000000e+00,0.000000e+00,201,3.496706e-04,0,0,0
7113,9,94689,1.664897e-03,4.979949e-03,1.052475e-02,0.000000e+00,0.000000e+00,197,5.526813e-04,0,0,0
7114,12,94701,9.081851e-04,5.121314e-03,1.319920e-02,0.000000e+00,0.000000e+00,179,3.417581e-05,0,0,0
7115,11,94712,1.058236e-03,5.088311e-03,1.000000e-02,0.000000e+00,0.000000e+00,195,3.765598e-04,0,0,0
7116,12,94724,8.235855e-04,4.999142e-03,9.275854e-03,0.000000e+00,0.000000e+00,194,3.620982e-05,0,0,0
7117,11,94735,1.378449e-03,5.040136e-03,9.423797e-03,0.000000e+00,0.000000e+00,180,1.153350e-04,0,0,0
7118,11,94746,1.580291e-03,5.006678e-03,1.000000e-02,0.000000e+00,0.000000e+00,197,1.499057e-04,0,0,0
7119,13,94759,8.703421e-04,5.081034e-03,9.370953e-03,0.000000e+00,0.000000e+00,183,2.235174e-06,0,0,0
7120,11,94770,1.022624e-03,4.887046e-03,1.099499e-02,0.000000e+00,0.000000e+00,211,6.564893e-06,0,0,0
7121,10,94780,1.118731e-03,4.959696e-03,1.125129e-02,0.000000e+00,0.000000e+00,185,4.583597e-05,0,0,0
7122,14,94794,1.270390e-03,5.074542e-03,1.237642e-02,0.000000e+00,0.000000e+00,196,1.405478e-04,0,0,0
7123,15,94809,1.015090e-03,4.957129e-03,1.118254e-02,0.000000e+00,0.000000e+00,202,1.624227e-05,0,0,0
7124,14,94823,1.043362e-03,5.056371e-03,1.000000e-02,0.000000e+00,0.000000e+00,178,9.608269e-05,0,0,0
7125,16,94839,8.554872e-04,5.003097e-03,9.440780e-03,0.000000e+00,0.000000e+00,201,8.708239e-05,0,0,0
7126,13,94852,1.114391e-03,5.037040e-03,1.000000e-02,0.000000e+00,0.000000e+00,198,1.408439e-04,0,0,0
7127,13,94865,1.135543e-03,5.054506e-03,9.940820e-03,0.000000e+00,0.000000e+00,179,5.666539e-05,0,0,0
7128,12,94877,1.439627e-03,5.015538e-03,1.176313e-02,0.000000e+00,0.000000e+00,197,2.666563e-04,0,0,0
7129,13,94890,1.362737e-03,5.088304e-03,1.017379e-02,0.000000e+00,0.000000e+00,185,1.303852e-08,0,0,0
7130,11,94901,7.743962e-04,5.096423e-03,9.940820e-03,0.000000e+00,0.000000e+00,196,3.477931e-05,0,0,0
7131,15,94916,6.886271e-04,4.992152e-03,9.907613e-03,0.000000e+00,0.000000e+00,201,4.971400e-06,0,0,0
7132,13,94929,1.142720e-03,4.960291e-03,1.058988e-02,0.000000e+00,0.000000e+00,197,3.221631e-05,0,0,0
7133,11,94940,1.168116e-03,5.083324e-03,1.095300e-02,0.000000e+00,0.000000e+00,183,1.008883e-04,0,0,0
7134,15,94955,8.699573e-04,5.175178e-03,1.054049e-02,0.000000e+00,0.000000e+00,190,1.668930e-05,0,0,0
7135,15,94970,1.088304e-03,5.136276e-03,1.065256e-02,0.000000e+00,0.000000e+00,183,1.842342e-05,0,0,0
7136,16,94986,1.100379e-03,5.148483e-03,1.073789e-02,0.000000e+00,0.000000e+00,196,1.639128e-06,0,0,0
7137,12,94998,1.128805e-03,5.031723e-03,1.218819e-02,0.000000e+00,0.000000e+00,205,8.807331e-05,0,0,0
7138,10,95008,1.867854e-03,5.108446e-03,1.087693e-02,0.000000e+00,0.000000e+00,171,2.801046e-05,0,0,0
7139,14,95022,1.108361e-03,5.198029e-03,1.065215e-02,0.000000e+00,0.000000e+00,184,3.010035e-06,0,0,0
7140,15,95037,1.143185e-03,5.253533e-03,1.240079e-02,0.000000e+00,0.000000e+00,202,3.024936e-06,0,0,0
7141,12,95049,1.281165e-03,4.983002e-03,1.000000e-02,0.000000e+00,0.000000e+00,221,3.237277e-06,0,0,0
7142,11,95060,1.284915e-03,5.117357e-03,1.216979e-02,0.000000e+00,0.000000e+00,195,5.232841e-04,0,0,0
7143,12,95072,9.219514e-04,5.023914e-03,1.001992e-02,0.000000e+00,0.000000e+00,196,4.050136e-04,0,0,0
7144,15,95087,1.174303e-03,5.094920e-03,1.362150e-02,0.000000e+00,0.000000e+00,185,9.592623e-07,0,0,0
7145,13,95100,1.034470e-03,4.986464e-03,1.000000e-02,0.000000e+00,0.000000e+00,209,7.940829e-05,0,0,0
7146,12,95112,1.277364e-03,5.145817e-03,1.074296e-02,0.000000e+00,0.000000e+00,178,1.266599e-06,0,0,0
7147,12,95124,1.123983e-03,4.916319e-03,1.023842e-02,0.000000e+00,0.000000e+00,206,4.434958e-05,0,0,0
7148,11,95135,1.450929e-03,5.115526e-03,1.121835e-02,0.000000e+00,0.000000e+00,177,8.392334e-04,0,0,0
7149,14,95149,1.190554e-03,4.979737e-03,1.089000e-02,0.000000e+00,0.000000e+00,208,1.053289e-04,0,0,0
7150,12,95161,9.256408e-04,5.011376e-03,1.143441e-02,0.000000e+00,0.000000e+00,190,1.803115e-04,0,0,0
7151,14,95175,9.135975e-04,4.944925e-03,1.000000e-02,0.000000e+00,0.000000e+00,209,3.629699e-04,0,0,0
HIST {'total_samples': 7905709, 'floor_samples': 0, 'floor_fraction': 0.0, 'saturation_depth': 0.0, 'boundaries': 7152, 'capped_boundaries': 0, 'unfinished_worlds': 0}
7152,12,95187,8.881594e-04,4.931178e-03,1.000000e-02,0.000000e+00,0.000000e+00,196,6.209314e-05,0,0,0
7153,15,95202,7.025641e-04,5.040094e-03,1.000000e-02,0.000000e+00,0.000000e+00,190,7.090122e-04,0,0,0
7154,13,95215,1.113526e-03,4.930231e-03,1.015148e-02,0.000000e+00,0.000000e+00,207,5.215406e-08,0,0,0
7155,18,95233,8.834871e-04,4.812125e-03,1.261571e-02,0.000000e+00,0.000000e+00,209,4.109144e-04,0,0,0
7156,13,95246,1.020769e-03,5.086081e-03,1.064181e-02,0.000000e+00,0.000000e+00,179,1.040101e-05,0,0,0
7157,15,95261,8.864251e-04,4.965612e-03,1.170599e-02,0.000000e+00,0.000000e+00,189,4.194677e-06,0,0,0
7158,10,95271,1.164141e-03,5.164832e-03,1.287659e-02,0.000000e+00,0.000000e+00,168,7.596016e-04,0,0,0
7159,13,95284,1.165471e-03,4.951688e-03,1.283829e-02,0.000000e+00,0.000000e+00,217,5.142328e-05,0,0,0
7160,11,95295,1.042545e-03,4.903974e-03,1.394324e-02,0.000000e+00,0.000000e+00,219,5.765855e-04,0,0,0
7161,19,95314,8.455312e-04,4.817162e-03,1.000000e-02,0.000000e+00,0.000000e+00,205,6.861985e-05,0,0,0
7162,15,95329,1.052188e-03,4.979323e-03,1.679806e-02,0.000000e+00,0.000000e+00,173,1.226142e-04,0,0,0
7163,17,95346,1.173811e-03,4.968674e-03,1.677804e-02,0.000000e+00,0.000000e+00,194,1.706257e-04,0,0,0
7164,12,95358,1.053420e-03,5.004417e-03,1.561864e-02,0.000000e+00,0.000000e+00,188,9.417534e-06,0,0,0
7165,13,95371,1.243852e-03,4.938873e-03,9.824224e-03,0.000000e+00,0.000000e+00,197,1.376122e-05,0,0,0
7166,12,95383,1.235665e-03,4.938373e-03,1.096701e-02,0.000000e+00,0.000000e+00,201,3.324077e-05,0,0,0
7167,12,95395,9.604069e-04,4.784108e-03,1.006908e-02,0.000000e+00,0.000000e+00,206,8.940697e-07,0,0,0
7168,13,95408,1.333433e-03,4.803020e-03,9.824224e-03,0.000000e+00,0.000000e+00,197,1.907349e-06,0,0,0
7169,13,95421,9.827302e-04,4.817912e-03,1.300079e-02,0.000000e+00,0.000000e+00,188,5.550832e-04,0,0,0
7170,13,95434,1.049693e-03,4.982824e-03,1.006547e-02,0.000000e+00,0.000000e+00,192,6.146729e-06,0,0,0
7171,17,95451,8.949113e-04,4.893114e-03,1.000000e-02,0.000000e+00,0.000000e+00,204,2.624169e-04,0,0,0
7172,15,95466,1.001212e-03,4.936715e-03,1.006943e-02,0.000000e+00,0.000000e+00,182,2.225637e-04,0,0,0
7173,14,95480,1.112810e-03,4.878352e-03,9.738307e-03,0.000000e+00,0.000000e+00,201,6.598458e-04,0,0,0
7174,14,95494,1.161024e-03,4.842455e-03,9.219981e-03,0.000000e+00,0.000000e+00,208,1.618117e-04,0,0,0
7175,14,95508,1.023235e-03,4.820174e-03,1.024442e-02,0.000000e+00,0.000000e+00,205,7.849932e-05,0,0,0
7176,13,95521,1.002980e-03,4.896145e-03,1.134836e-02,0.000000e+00,0.000000e+00,197,2.684891e-04,0,0,0
7177,13,95534,1.459052e-03,4.922949e-03,1.080826e-02,0.000000e+00,0.000000e+00,205,3.296009e-09,0,0,0
7178,9,95543,1.651602e-03,4.975307e-03,1.188909e-02,0.000000e+00,0.000000e+00,192,4.435554e-04,0,0,0
7179,15,95558,8.751585e-04,4.882750e-03,1.307800e-02,0.000000e+00,0.000000e+00,204,2.397969e-05,0,0,0
7180,13,95571,8.809858e-04,4.934671e-03,1.163426e-02,0.000000e+00,0.000000e+00,189,8.720905e-06,0,0,0
7181,18,95589,8.065166e-04,4.852087e-03,1.179070e-02,0.000000e+00,0.000000e+00,199,1.385808e-06,0,0,0
7182,14,95603,9.517575e-04,5.037987e-03,1.108992e-02,0.000000e+00,0.000000e+00,178,3.355742e-05,0,0,0
7183,12,95615,1.024541e-03,5.019267e-03,1.000783e-02,0.000000e+00,0.000000e+00,202,2.180189e-04,0,0,0
7184,14,95629,1.424175e-03,5.010530e-03,1.266336e-02,0.000000e+00,0.000000e+00,202,3.129244e-07,0,0,0
7185,15,95644,1.391364e-03,4.967032e-03,1.210947e-02,0.000000e+00,0.000000e+00,204,3.427267e-07,0,0,0
7186,11,95655,1.198656e-03,4.898210e-03,9.093934e-03,0.000000e+00,0.000000e+00,198,3.414229e-06,0,0,0
7187,12,95667,1.368233e-03,4.871842e-03,9.093934e-03,0.000000e+00,0.000000e+00,193,2.691895e-05,0,0,0
7188,14,95681,1.108842e-03,4.971606e-03,1.283134e-02,0.000000e+00,0.000000e+00,197,3.635883e-06,0,0,0
7189,14,95695,1.182211e-03,4.992218e-03,1.000000e-02,0.000000e+00,0.000000e+00,189,1.713859e-04,0,0,0
7190,14,95709,1.217628e-03,5.155932e-03,1.003044e-02,0.000000e+00,0.000000e+00,186,1.296699e-04,0,0,0
7191,13,95722,1.519622e-03,4.944600e-03,1.020990e-02,0.000000e+00,0.000000e+00,214,7.763505e-05,0,0,0
7192,12,95734,9.910403e-04,4.970807e-03,1.079256e-02,0.000000e+00,0.000000e+00,192,2.567172e-04,0,0,0
7193,13,95747,9.901827e-04,5.013606e-03,1.187181e-02,0.000000e+00,0.000000e+00,185,6.691366e-05,0,0,0
7194,11,95758,1.616875e-03,5.059013e-03,1.140436e-02,0.000000e+00,0.000000e+00,198,1.831204e-04,0,0,0
7195,11,95769,1.637444e-03,5.075512e-03,1.027177e-02,0.000000e+00,0.000000e+00,190,1.138398e-05,0,0,0
7196,10,95779,1.050610e-03,5.074071e-03,1.129895e-02,0.000000e+00,0.000000e+00,203,5.533402e-04,0,0,0
7197,12,95791,1.493192e-03,4.851573e-03,1.085332e-02,0.000000e+00,0.000000e+00,206,2.630055e-05,0,0,0
7198,13,95804,1.137789e-03,5.083635e-03,1.257510e-02,0.000000e+00,0.000000e+00,191,6.034225e-05,0,0,0
7199,15,95819,1.163944e-03,5.075063e-03,9.693756e-03,0.000000e+00,0.000000e+00,198,6.407499e-05,0,0,0
HIST {'total_samples': 7958380, 'floor_samples': 0, 'floor_fraction': 0.0, 'saturation_depth': 0.0, 'boundaries': 7200, 'capped_boundaries': 0, 'unfinished_worlds': 0}
7200,33,95852,4.675048e-04,5.137722e-03,1.514956e-02,0.000000e+00,0.000000e+00,197,4.355311e-04,0,0,0
7201,13,95865,1.255286e-03,5.054980e-03,1.017272e-02,0.000000e+00,0.000000e+00,198,2.145767e-06,0,0,0
7202,15,95880,1.063217e-03,4.967725e-03,1.000000e-02,0.000000e+00,0.000000e+00,214,3.125519e-05,0,0,0
7203,16,95896,9.088046e-04,4.849419e-03,9.462542e-03,0.000000e+00,0.000000e+00,218,3.171433e-05,0,0,0
7204,12,95908,1.095282e-03,4.890322e-03,1.134883e-02,0.000000e+00,0.000000e+00,199,1.109112e-04,0,0,0
7205,13,95921,1.022243e-03,4.771826e-03,1.000000e-02,0.000000e+00,0.000000e+00,214,1.147203e-05,0,0,0
7206,11,95932,1.966183e-03,4.979726e-03,1.000000e-02,0.000000e+00,0.000000e+00,186,1.111627e-04,0,0,0
7207,10,95942,1.371387e-03,4.894292e-03,9.046569e-03,0.000000e+00,0.000000e+00,217,4.382432e-05,0,0,0
7208,11,95953,1.468466e-03,4.902415e-03,1.064672e-02,0.000000e+00,0.000000e+00,201,8.839369e-05,0,0,0
7209,14,95967,9.729663e-04,4.776477e-03,1.000000e-02,0.000000e+00,0.000000e+00,211,1.477450e-04,0,0,0
7210,11,95978,1.509631e-03,4.902285e-03,1.047814e-02,0.000000e+00,0.000000e+00,174,1.866668e-04,0,0,0
7211,17,95995,8.530004e-04,4.834198e-03,1.000000e-02,0.000000e+00,0.000000e+00,205,7.571280e-05,0,0,0
7212,13,96008,1.156684e-03,4.816336e-03,1.026362e-02,0.000000e+00,0.000000e+00,213,7.476807e-04,0,0,0
7213,18,96026,9.538187e-04,4.801206e-03,1.000000e-02,0.000000e+00,0.000000e+00,201,3.236681e-04,0,0,0
7214,12,96038,8.541486e-04,4.845438e-03,1.000000e-02,0.000000e+00,0.000000e+00,201,4.478693e-04,0,0,0
7215,11,96049,1.270022e-03,4.838394e-03,1.339541e-02,0.000000e+00,0.000000e+00,206,8.774223e-05,0,0,0
7216,11,96060,1.538001e-03,4.855020e-03,1.166420e-02,0.000000e+00,0.000000e+00,194,9.203330e-05,0,0,0
7217,11,96071,1.353138e-03,4.840788e-03,1.000000e-02,0.000000e+00,0.000000e+00,194,3.086776e-05,0,0,0
7218,13,96084,1.235753e-03,5.025567e-03,9.508362e-03,0.000000e+00,0.000000e+00,190,1.247320e-05,0,0,0
7219,12,96096,6.333358e-04,5.031471e-03,9.456753e-03,0.000000e+00,0.000000e+00,201,4.422665e-05,0,0,0
7220,15,96111,9.073599e-04,5.021947e-03,1.277856e-02,0.000000e+00,0.000000e+00,200,6.117970e-04,0,0,0
7221,14,96125,1.007201e-03,4.954756e-03,1.096335e-02,0.000000e+00,0.000000e+00,199,2.807677e-04,0,0,0
7222,13,96138,9.436033e-04,4.922618e-03,1.000000e-02,0.000000e+00,0.000000e+00,205,2.595186e-04,0,0,0
7223,12,96150,1.262265e-03,4.909018e-03,9.698966e-03,0.000000e+00,0.000000e+00,206,6.768107e-05,0,0,0
7224,15,96165,9.530958e-04,5.018201e-03,1.037791e-02,0.000000e+00,0.000000e+00,187,7.003080e-05,0,0,0
7225,12,96177,1.259331e-03,5.035887e-03,1.156702e-02,0.000000e+00,0.000000e+00,200,1.031458e-04,0,0,0
7226,11,96188,1.109451e-03,5.134960e-03,1.088165e-02,0.000000e+00,0.000000e+00,207,3.829598e-05,0,0,0
7227,12,96200,9.902567e-04,5.064085e-03,1.018563e-02,0.000000e+00,0.000000e+00,182,4.410478e-04,0,0,0
7228,15,96215,9.443129e-04,4.983149e-03,1.194536e-02,0.000000e+00,0.000000e+00,205,9.317696e-05,0,0,0
7229,12,96227,8.389974e-04,4.922129e-03,1.108017e-02,0.000000e+00,0.000000e+00,214,8.819997e-05,0,0,0
7230,12,96239,7.588855e-04,4.912579e-03,1.000000e-02,0.000000e+00,0.000000e+00,193,3.159046e-06,0,0,0
7231,13,96252,1.125168e-03,4.836805e-03,9.210388e-03,0.000000e+00,0.000000e+00,197,5.704910e-05,0,0,0
7232,12,96264,1.261086e-03,5.081265e-03,1.089000e-02,0.000000e+00,0.000000e+00,177,1.817197e-04,0,0,0
7233,13,96277,8.004075e-04,4.871794e-03,8.950299e-03,0.000000e+00,0.000000e+00,212,1.181662e-04,0,0,0
7234,14,96291,8.079472e-04,4.922487e-03,1.000000e-02,0.000000e+00,0.000000e+00,206,1.063794e-04,0,0,0
7235,15,96306,1.115770e-03,4.937797e-03,1.114924e-02,0.000000e+00,0.000000e+00,200,8.046627e-07,0,0,0
7236,13,96319,1.160933e-03,4.973132e-03,1.069463e-02,0.000000e+00,0.000000e+00,200,3.578961e-04,0,0,0
7237,14,96333,1.094297e-03,4.895769e-03,1.136949e-02,0.000000e+00,0.000000e+00,193,2.682209e-07,0,0,0
7238,14,96347,8.068650e-04,4.869497e-03,1.000000e-02,0.000000e+00,0.000000e+00,216,2.050251e-04,0,0,0
7239,10,96357,1.018012e-03,4.884066e-03,1.044863e-02,0.000000e+00,0.000000e+00,200,1.873448e-04,0,0,0
7240,15,96372,7.276866e-04,4.895435e-03,1.132728e-02,0.000000e+00,0.000000e+00,223,8.294731e-05,0,0,0
7241,16,96388,7.815300e-04,4.928792e-03,1.038442e-02,0.000000e+00,0.000000e+00,210,3.238022e-04,0,0,0
7242,15,96403,9.057055e-04,5.071777e-03,1.138413e-02,0.000000e+00,0.000000e+00,170,1.061708e-06,0,0,0
7243,10,96413,1.222492e-03,5.033860e-03,1.000000e-02,0.000000e+00,0.000000e+00,191,3.745370e-04,0,0,0
7244,14,96427,1.121481e-03,4.911038e-03,1.117219e-02,0.000000e+00,0.000000e+00,209,2.856553e-05,0,0,0
7245,10,96437,1.070716e-03,4.846063e-03,1.000000e-02,0.000000e+00,0.000000e+00,213,2.954900e-04,0,0,0
7246,13,96450,1.371278e-03,4.966385e-03,1.186755e-02,0.000000e+00,0.000000e+00,200,2.273737e-11,0,0,0
7247,12,96462,7.208471e-04,4.729311e-03,1.000000e-02,0.000000e+00,0.000000e+00,213,8.638203e-05,0,0,0
HIST {'total_samples': 8011570, 'floor_samples': 0, 'floor_fraction': 0.0, 'saturation_depth': 0.0, 'boundaries': 7248, 'capped_boundaries': 0, 'unfinished_worlds': 0}
7248,15,96477,1.041977e-03,4.888303e-03,1.182211e-02,0.000000e+00,0.000000e+00,181,1.617689e-04,0,0,0
7249,13,96490,1.017176e-03,4.865768e-03,1.000000e-02,0.000000e+00,0.000000e+00,201,3.613532e-07,0,0,0
7250,14,96504,9.061531e-04,5.098336e-03,1.099294e-02,0.000000e+00,0.000000e+00,185,1.307204e-04,0,0,0
7251,11,96515,8.294499e-04,5.144103e-03,1.046840e-02,0.000000e+00,0.000000e+00,192,1.100898e-04,0,0,0
7252,13,96528,1.170801e-03,5.157708e-03,1.017204e-02,0.000000e+00,0.000000e+00,181,4.140064e-04,0,0,0
7253,14,96542,8.704147e-04,4.974437e-03,1.063433e-02,0.000000e+00,0.000000e+00,217,8.791685e-07,0,0,0
7254,12,96554,9.844066e-04,5.021781e-03,1.169776e-02,0.000000e+00,0.000000e+00,193,4.635155e-04,0,0,0
7255,11,96565,1.292672e-03,4.983038e-03,1.000000e-02,0.000000e+00,0.000000e+00,189,1.054406e-04,0,0,0
7256,11,96576,9.766006e-04,5.053258e-03,1.000000e-02,0.000000e+00,0.000000e+00,185,7.919446e-04,0,0,0
7257,11,96587,1.397496e-03,5.032583e-03,9.418654e-03,0.000000e+00,0.000000e+00,194,8.153915e-05,0,0,0
7258,17,96604,6.882465e-04,5.244256e-03,1.000000e-02,0.000000e+00,0.000000e+00,176,1.266152e-04,0,0,0
7259,13,96617,1.105906e-03,5.149183e-03,9.462821e-03,0.000000e+00,0.000000e+00,214,1.501665e-04,0,0,0
7260,16,96633,9.404231e-04,5.030861e-03,1.312575e-02,0.000000e+00,0.000000e+00,211,3.656195e-04,0,0,0
7261,12,96645,1.248134e-03,4.825785e-03,1.000000e-02,0.000000e+00,0.000000e+00,220,8.612312e-05,0,0,0
7262,10,96655,1.297709e-03,4.829443e-03,1.000000e-02,0.000000e+00,0.000000e+00,203,3.896318e-04,0,0,0
7263,16,96671,8.133255e-04,4.914010e-03,9.406821e-03,0.000000e+00,0.000000e+00,190,4.413724e-05,0,0,0
7264,13,96684,8.868423e-04,4.996696e-03,1.000000e-02,0.000000e+00,0.000000e+00,204,7.260088e-04,0,0,0
7265,12,96696,1.151925e-03,4.931329e-03,1.038356e-02,0.000000e+00,0.000000e+00,202,5.147457e-04,0,0,0
7266,11,96707,9.021144e-04,4.951969e-03,1.142780e-02,0.000000e+00,0.000000e+00,193,3.573094e-04,0,0,0
7267,12,96719,1.358764e-03,4.981614e-03,1.257058e-02,0.000000e+00,0.000000e+00,195,7.319450e-05,0,0,0
7268,13,96732,1.501602e-03,5.050073e-03,1.089000e-02,0.000000e+00,0.000000e+00,176,3.766268e-06,0,0,0
7269,12,96744,1.106334e-03,5.093766e-03,1.000000e-02,0.000000e+00,0.000000e+00,186,1.058653e-04,0,0,0
7270,11,96755,1.196449e-03,5.187984e-03,1.376906e-02,0.000000e+00,0.000000e+00,174,2.252534e-04,0,0,0
7271,17,96772,1.096365e-03,5.120493e-03,1.000000e-02,0.000000e+00,0.000000e+00,183,3.244728e-05,0,0,0
7272,10,96782,9.161957e-04,5.055676e-03,1.042179e-02,0.000000e+00,0.000000e+00,199,6.670207e-04,0,0,0
7273,13,96795,1.319474e-03,5.109467e-03,1.200685e-02,0.000000e+00,0.000000e+00,196,4.979782e-05,0,0,0
7274,12,96807,1.482424e-03,5.093060e-03,1.099743e-02,0.000000e+00,0.000000e+00,203,2.411008e-05,0,0,0
7275,19,96826,1.096502e-03,4.802858e-03,8.802379e-03,0.000000e+00,0.000000e+00,214,7.402897e-05,0,0,0
7276,12,96838,9.523738e-04,4.898664e-03,9.191003e-03,0.000000e+00,0.000000e+00,175,1.944825e-04,0,0,0
7277,14,96852,8.921858e-04,4.860716e-03,9.982426e-03,0.000000e+00,0.000000e+00,198,8.615479e-05,0,0,0
7278,11,96863,1.404119e-03,4.934318e-03,1.005829e-02,0.000000e+00,0.000000e+00,188,7.331371e-06,0,0,0
7279,14,96877,1.185822e-03,4.947080e-03,1.032305e-02,0.000000e+00,0.000000e+00,181,1.953840e-04,0,0,0
7280,17,96894,9.744642e-04,5.031279e-03,1.047871e-02,0.000000e+00,0.000000e+00,175,4.670396e-05,0,0,0
7281,17,96911,8.020794e-04,5.061178e-03,1.000000e-02,0.000000e+00,0.000000e+00,197,4.892051e-05,0,0,0
7282,11,96922,1.294256e-03,5.205097e-03,1.000000e-02,0.000000e+00,0.000000e+00,180,3.682896e-04,0,0,0
7283,17,96939,9.485680e-04,5.250325e-03,1.065814e-02,0.000000e+00,0.000000e+00,189,6.980514e-04,0,0,0
7284,12,96951,1.481533e-03,5.192228e-03,1.089068e-02,0.000000e+00,0.000000e+00,187,6.705523e-08,0,0,0
7285,11,96962,1.478391e-03,5.022273e-03,1.170607e-02,0.000000e+00,0.000000e+00,201,1.192093e-05,0,0,0
7286,12,96974,9.948768e-04,5.063501e-03,1.047834e-02,0.000000e+00,0.000000e+00,188,5.725026e-05,0,0,0
7287,11,96985,7.228614e-04,4.910024e-03,9.778163e-03,0.000000e+00,0.000000e+00,200,3.776820e-04,0,0,0
7288,11,96996,1.311367e-03,5.037227e-03,1.259043e-02,0.000000e+00,0.000000e+00,187,3.108606e-04,0,0,0
7289,13,97009,1.021481e-03,4.905175e-03,1.088399e-02,0.000000e+00,0.000000e+00,200,2.797432e-04,0,0,0
7290,13,97022,1.309618e-03,5.032648e-03,1.317690e-02,0.000000e+00,0.000000e+00,185,3.058277e-05,0,0,0
7291,13,97035,1.161107e-03,5.148950e-03,1.449459e-02,0.000000e+00,0.000000e+00,197,3.178716e-04,0,0,0
7292,17,97052,8.674103e-04,5.080263e-03,1.262903e-02,0.000000e+00,0.000000e+00,199,1.025200e-05,0,0,0
7293,16,97068,8.829513e-04,5.028995e-03,1.000000e-02,0.000000e+00,0.000000e+00,192,1.424588e-04,0,0,0
7294,13,97081,1.350474e-03,5.164936e-03,1.229911e-02,0.000000e+00,0.000000e+00,186,9.009615e-06,0,0,0
7295,15,97096,1.096290e-03,5.159145e-03,1.436781e-02,0.000000e+00,0.000000e+00,185,1.490116e-08,0,0,0
HIST {'total_samples': 8063140, 'floor_samples': 0, 'floor_fraction': 0.0, 'saturation_depth': 0.0, 'boundaries': 7296, 'capped_boundaries': 0, 'unfinished_worlds': 0}
7296,12,97108,9.724115e-04,5.100857e-03,1.207966e-02,0.000000e+00,0.000000e+00,209,2.905726e-06,0,0,0
7297,11,97119,1.094942e-03,4.903831e-03,1.000000e-02,0.000000e+00,0.000000e+00,208,1.244247e-06,0,0,0
7298,9,97128,1.587231e-03,5.015892e-03,1.349054e-02,0.000000e+00,0.000000e+00,165,2.660118e-04,0,0,0
7299,13,97141,1.184011e-03,5.065789e-03,1.230305e-02,0.000000e+00,0.000000e+00,173,1.017563e-05,0,0,0
7300,11,97152,1.440251e-03,5.028761e-03,1.675290e-02,0.000000e+00,0.000000e+00,194,1.675636e-05,0,0,0
7301,16,97168,1.151049e-03,5.025484e-03,1.361940e-02,0.000000e+00,0.000000e+00,205,3.159046e-06,0,0,0
7302,16,97184,1.106391e-03,5.196095e-03,1.713956e-02,0.000000e+00,0.000000e+00,171,4.903302e-04,0,0,0
7303,12,97196,1.243379e-03,5.255152e-03,1.579433e-02,0.000000e+00,0.000000e+00,180,1.051128e-04,0,0,0
7304,13,97209,1.448521e-03,5.409946e-03,1.100019e-02,0.000000e+00,0.000000e+00,176,8.103997e-05,0,0,0
7305,12,97221,9.490994e-04,5.149117e-03,1.000000e-02,0.000000e+00,0.000000e+00,224,2.783760e-04,0,0,0
7306,11,97232,1.637449e-03,5.138342e-03,1.496402e-02,0.000000e+00,0.000000e+00,191,6.368160e-04,0,0,0
7307,13,97245,1.070182e-03,5.101926e-03,1.197900e-02,0.000000e+00,0.000000e+00,195,3.141165e-05,0,0,0
7308,13,97258,1.254898e-03,5.134590e-03,1.046601e-02,0.000000e+00,0.000000e+00,182,7.807650e-05,0,0,0
7309,10,97268,1.078544e-03,5.116556e-03,1.308896e-02,0.000000e+00,0.000000e+00,186,9.237230e-05,0,0,0
7310,11,97279,1.174132e-03,5.177772e-03,1.308708e-02,0.000000e+00,0.000000e+00,180,4.924685e-04,0,0,0
7311,14,97293,1.005810e-03,5.074138e-03,1.000000e-02,0.000000e+00,0.000000e+00,216,2.005082e-04,0,0,0
7312,11,97304,1.427733e-03,5.174111e-03,1.301815e-02,0.000000e+00,0.000000e+00,176,6.137230e-05,0,0,0
7313,14,97318,9.142053e-04,4.969744e-03,1.534469e-02,0.000000e+00,0.000000e+00,202,7.704645e-05,0,0,0
7314,17,97335,1.148082e-03,5.099693e-03,1.311666e-02,0.000000e+00,0.000000e+00,189,1.072884e-05,0,0,0
7315,14,97349,1.086656e-03,5.065780e-03,1.120972e-02,0.000000e+00,0.000000e+00,214,2.021715e-05,0,0,0
7316,17,97366,9.533225e-04,5.059590e-03,1.027640e-02,0.000000e+00,0.000000e+00,180,2.438128e-04,0,0,0
7317,15,97381,1.157759e-03,5.068358e-03,1.049197e-02,0.000000e+00,0.000000e+00,198,3.843307e-04,0,0,0
7318,19,97400,8.051194e-04,5.107632e-03,1.000000e-02,0.000000e+00,0.000000e+00,213,2.399562e-04,0,0,0
7319,20,97420,1.015643e-03,4.960123e-03,1.061962e-02,0.000000e+00,0.000000e+00,204,2.621263e-04,0,0,0
7320,10,97430,1.426823e-03,5.102895e-03,1.247489e-02,0.000000e+00,0.000000e+00,171,2.658889e-04,0,0,0
7321,11,97441,1.320470e-03,5.025743e-03,1.000000e-02,0.000000e+00,0.000000e+00,203,2.151728e-05,0,0,0
7322,14,97455,9.903677e-04,5.149052e-03,1.229002e-02,0.000000e+00,0.000000e+00,176,1.728535e-06,0,0,0
7323,10,97465,1.287536e-03,5.058008e-03,1.252048e-02,0.000000e+00,0.000000e+00,190,3.363341e-04,0,0,0
7324,12,97477,1.264785e-03,5.156178e-03,1.410355e-02,0.000000e+00,0.000000e+00,178,3.889203e-06,0,0,0
7325,14,97491,8.449209e-04,4.946433e-03,1.062877e-02,0.000000e+00,0.000000e+00,222,2.250075e-05,0,0,0
7326,13,97504,1.031794e-03,5.066213e-03,1.070300e-02,0.000000e+00,0.000000e+00,189,3.350899e-05,0,0,0
7327,23,97527,6.781452e-04,5.008771e-03,1.179381e-02,0.000000e+00,0.000000e+00,194,2.414361e-04,0,0,0
7328,15,97542,1.024006e-03,4.940199e-03,1.000000e-02,0.000000e+00,0.000000e+00,199,5.996227e-05,0,0,0
7329,12,97554,1.213002e-03,4.972314e-03,1.027915e-02,0.000000e+00,0.000000e+00,199,1.277141e-04,0,0,0
7330,20,97574,9.496980e-04,5.029657e-03,1.075556e-02,0.000000e+00,0.000000e+00,214,6.757677e-04,0,0,0
7331,14,97588,1.052512e-03,4.899551e-03,1.052188e-02,0.000000e+00,0.000000e+00,211,1.871586e-05,0,0,0
7332,13,97601,8.812725e-04,4.812608e-03,9.617602e-03,0.000000e+00,0.000000e+00,202,3.904104e-06,0,0,0
7333,13,97614,9.390363e-04,4.763182e-03,9.237480e-03,0.000000e+00,0.000000e+00,217,6.566942e-04,0,0,0
7334,14,97628,1.005295e-03,4.900235e-03,1.108190e-02,0.000000e+00,0.000000e+00,182,6.854534e-07,0,0,0
7335,15,97643,9.465233e-04,4.870995e-03,9.511799e-03,0.000000e+00,0.000000e+00,198,1.847744e-06,0,0,0
7336,13,97656,1.107744e-03,4.880922e-03,1.000000e-02,0.000000e+00,0.000000e+00,207,2.580881e-05,0,0,0
7337,16,97672,7.029358e-04,4.984188e-03,1.150928e-02,0.000000e+00,0.000000e+00,175,1.721084e-05,0,0,0
7338,11,97683,8.927004e-04,4.954569e-03,1.025713e-02,0.000000e+00,0.000000e+00,197,4.022866e-04,0,0,0
7339,14,97697,8.133522e-04,4.883966e-03,1.119240e-02,0.000000e+00,0.000000e+00,200,1.979060e-09,0,0,0
7340,11,97708,1.206019e-03,4.941303e-03,1.091527e-02,0.000000e+00,0.000000e+00,179,2.769344e-04,0,0,0
7341,13,97721,1.406451e-03,5.002420e-03,1.000000e-02,0.000000e+00,0.000000e+00,203,5.820766e-11,0,0,0
7342,15,97736,1.009429e-03,5.048870e-03,1.330562e-02,0.000000e+00,0.000000e+00,195,4.778802e-05,0,0,0
7343,14,97750,1.223327e-03,5.011673e-03,1.205711e-02,0.000000e+00,0.000000e+00,199,5.349219e-04,0,0,0
HIST {'total_samples': 8115338, 'floor_samples': 0, 'floor_fraction': 0.0, 'saturation_depth': 0.0, 'boundaries': 7344, 'capped_boundaries': 0, 'unfinished_worlds': 0}
7344,12,97762,1.235098e-03,4.973656e-03,1.089000e-02,0.000000e+00,0.000000e+00,190,2.313405e-04,0,0,0
7345,12,97774,1.093753e-03,4.877933e-03,1.197900e-02,0.000000e+00,0.000000e+00,209,2.081916e-04,0,0,0
7346,19,97793,8.766748e-04,4.945092e-03,1.000000e-02,0.000000e+00,0.000000e+00,189,3.369451e-04,0,0,0
7347,11,97804,1.183610e-03,4.960212e-03,1.000000e-02,0.000000e+00,0.000000e+00,182,2.368540e-05,0,0,0
7348,16,97820,8.415830e-04,4.922657e-03,1.287818e-02,0.000000e+00,0.000000e+00,188,1.681149e-04,0,0,0
7349,14,97834,6.425801e-04,4.940080e-03,1.000000e-02,0.000000e+00,0.000000e+00,193,3.982745e-04,0,0,0
7350,13,97847,1.121243e-03,4.850788e-03,1.007873e-02,0.000000e+00,0.000000e+00,202,4.702508e-04,0,0,0
7351,15,97862,1.200137e-03,4.788799e-03,9.238590e-03,0.000000e+00,0.000000e+00,195,1.902878e-05,0,0,0
7352,12,97874,9.693244e-04,4.920323e-03,1.000000e-02,0.000000e+00,0.000000e+00,203,7.614493e-06,0,0,0
7353,12,97886,1.057042e-03,4.952266e-03,1.075645e-02,0.000000e+00,0.000000e+00,200,8.344650e-07,0,0,0
7354,13,97899,1.303455e-03,5.024939e-03,1.000000e-02,0.000000e+00,0.000000e+00,192,4.279613e-05,0,0,0
7355,16,97915,8.828470e-04,4.883495e-03,9.632738e-03,0.000000e+00,0.000000e+00,214,9.867363e-06,0,0,0
7356,14,97929,1.017882e-03,5.075017e-03,1.095933e-02,0.000000e+00,0.000000e+00,178,1.210347e-05,0,0,0
7357,12,97941,8.835663e-04,5.050276e-03,1.146691e-02,0.000000e+00,0.000000e+00,196,1.251996e-04,0,0,0
7358,13,97954,1.088919e-03,5.054731e-03,1.126721e-02,0.000000e+00,0.000000e+00,198,2.832413e-04,0,0,0
7359,15,97969,1.367582e-03,5.159947e-03,1.000000e-02,0.000000e+00,0.000000e+00,181,1.668930e-06,0,0,0
7360,11,97980,8.952494e-04,5.118845e-03,1.089000e-02,0.000000e+00,0.000000e+00,194,5.149916e-04,0,0,0
7361,10,97990,1.416833e-03,5.042997e-03,1.000000e-02,0.000000e+00,0.000000e+00,178,3.720075e-05,0,0,0
7362,13,98003,1.071715e-03,5.025323e-03,9.324231e-03,0.000000e+00,0.000000e+00,192,2.533197e-05,0,0,0
7363,13,98016,1.244832e-03,4.945918e-03,9.324231e-03,0.000000e+00,0.000000e+00,196,3.121346e-04,0,0,0
7364,22,98038,5.698963e-04,5.061483e-03,1.063548e-02,0.000000e+00,0.000000e+00,194,1.444668e-05,0,0,0
7365,12,98050,1.085404e-03,5.026594e-03,9.711212e-03,0.000000e+00,0.000000e+00,199,3.559534e-04,0,0,0
7366,10,98060,1.348810e-03,5.132885e-03,1.178122e-02,0.000000e+00,0.000000e+00,170,6.240606e-05,0,0,0
7367,15,98075,1.125756e-03,4.951018e-03,1.000000e-02,0.000000e+00,0.000000e+00,222,7.288072e-06,0,0,0
7368,15,98090,1.326571e-03,5.053528e-03,1.086628e-02,0.000000e+00,0.000000e+00,184,1.318753e-05,0,0,0
7369,10,98100,1.089586e-03,4.949114e-03,1.195290e-02,0.000000e+00,0.000000e+00,202,2.429131e-04,0,0,0
7370,13,98113,1.137990e-03,4.924342e-03,1.197900e-02,0.000000e+00,0.000000e+00,206,1.402888e-04,0,0,0
7371,13,98126,1.139156e-03,4.930504e-03,1.300740e-02,0.000000e+00,0.000000e+00,204,1.113862e-04,0,0,0
7372,14,98140,1.063759e-03,5.052417e-03,1.449459e-02,0.000000e+00,0.000000e+00,186,1.102686e-05,0,0,0
7373,12,98152,9.679374e-04,4.948245e-03,1.239870e-02,0.000000e+00,0.000000e+00,209,8.891523e-05,0,0,0
7374,12,98164,1.242667e-03,4.816234e-03,1.068661e-02,0.000000e+00,0.000000e+00,211,1.669377e-04,0,0,0
7375,11,98175,1.404142e-03,4.876920e-03,1.411699e-02,0.000000e+00,0.000000e+00,190,1.360998e-04,0,0,0
7376,11,98186,9.837301e-04,4.989738e-03,1.280494e-02,0.000000e+00,0.000000e+00,190,7.255003e-05,0,0,0
7377,13,98199,1.036109e-03,5.009198e-03,1.197900e-02,0.000000e+00,0.000000e+00,195,1.560748e-04,0,0,0
7378,11,98210,1.091896e-03,5.083937e-03,1.170516e-02,0.000000e+00,0.000000e+00,181,2.500154e-04,0,0,0
7379,13,98223,1.211825e-03,4.967835e-03,1.000000e-02,0.000000e+00,0.000000e+00,189,1.067966e-04,0,0,0
7380,13,98236,1.001662e-03,5.086180e-03,1.347794e-02,0.000000e+00,0.000000e+00,188,2.638474e-04,0,0,0
7381,17,98253,8.588060e-04,5.005440e-03,1.457855e-02,0.000000e+00,0.000000e+00,206,6.876886e-04,0,0,0
7382,11,98264,1.551603e-03,5.190960e-03,1.691319e-02,0.000000e+00,0.000000e+00,173,1.603365e-05,0,0,0
7383,17,98281,8.718682e-04,4.979897e-03,1.738226e-02,0.000000e+00,0.000000e+00,225,1.406539e-04,0,0,0
7384,16,98297,8.357372e-04,5.017999e-03,1.391776e-02,0.000000e+00,0.000000e+00,195,5.787760e-04,0,0,0
7385,13,98310,9.033323e-04,5.059163e-03,1.444354e-02,0.000000e+00,0.000000e+00,192,5.456805e-05,0,0,0
7386,13,98323,1.216199e-03,5.144903e-03,1.066502e-02,0.000000e+00,0.000000e+00,194,2.038479e-05,0,0,0
7387,21,98344,1.122936e-03,4.923827e-03,1.000000e-02,0.000000e+00,0.000000e+00,212,2.221987e-04,0,0,0
7388,17,98361,7.787574e-04,4.977408e-03,1.007731e-02,0.000000e+00,0.000000e+00,186,2.616644e-05,0,0,0
7389,13,98374,5.337200e-04,4.918947e-03,9.769394e-03,0.000000e+00,0.000000e+00,194,5.663037e-04,0,0,0
7390,18,98392,5.895860e-04,4.788246e-03,1.197900e-02,0.000000e+00,0.000000e+00,212,6.986856e-04,0,0,0
7391,12,98404,1.444094e-03,4.876766e-03,1.000000e-02,0.000000e+00,0.000000e+00,187,4.239380e-04,0,0,0
HIST {'total_samples': 8167343, 'floor_samples': 0, 'floor_fraction': 0.0, 'saturation_depth': 0.0, 'boundaries': 7392, 'capped_boundaries': 0, 'unfinished_worlds': 0}
7392,14,98418,1.145649e-03,4.871826e-03,1.044854e-02,0.000000e+00,0.000000e+00,217,5.318727e-04,0,0,0
7393,13,98431,7.731087e-04,4.823168e-03,1.069493e-02,0.000000e+00,0.000000e+00,206,5.930662e-06,0,0,0
7394,14,98445,5.090472e-04,4.808093e-03,1.000000e-02,0.000000e+00,0.000000e+00,208,1.313984e-04,0,0,0
7395,10,98455,1.235919e-03,4.981141e-03,9.222180e-03,0.000000e+00,0.000000e+00,184,1.202766e-04,0,0,0
7396,12,98467,1.111270e-03,5.043965e-03,1.048404e-02,0.000000e+00,0.000000e+00,190,2.670884e-04,0,0,0
7397,18,98485,1.118640e-03,4.934653e-03,1.093618e-02,0.000000e+00,0.000000e+00,202,2.014637e-05,0,0,0
7398,18,98503,7.526875e-04,5.005759e-03,1.148136e-02,0.000000e+00,0.000000e+00,209,1.072884e-04,0,0,0
7399,19,98522,8.137731e-04,5.119954e-03,1.262950e-02,0.000000e+00,0.000000e+00,185,2.181530e-04,0,0,0
7400,16,98538,1.424848e-03,5.137245e-03,1.262077e-02,0.000000e+00,0.000000e+00,192,1.299381e-05,0,0,0
7401,10,98548,1.262463e-03,5.030196e-03,1.213508e-02,0.000000e+00,0.000000e+00,209,2.216394e-04,0,0,0
7402,13,98561,1.264277e-03,5.043590e-03,1.043562e-02,0.000000e+00,0.000000e+00,190,3.866851e-06,0,0,0
7403,13,98574,8.597106e-04,4.939971e-03,9.574521e-03,0.000000e+00,0.000000e+00,217,7.018447e-05,0,0,0
7404,14,98588,8.002928e-04,5.018965e-03,1.000000e-02,0.000000e+00,0.000000e+00,206,6.120391e-04,0,0,0
7405,12,98600,1.295352e-03,5.200918e-03,9.574521e-03,0.000000e+00,0.000000e+00,178,4.129000e-04,0,0,0
7406,14,98614,9.826482e-04,5.088085e-03,1.113858e-02,0.000000e+00,0.000000e+00,215,1.011146e-20,0,0,0
7407,13,98627,1.023456e-03,4.952472e-03,1.000000e-02,0.000000e+00,0.000000e+00,216,1.144409e-04,0,0,0
7408,14,98641,1.048264e-03,4.901627e-03,1.261183e-02,0.000000e+00,0.000000e+00,205,3.316998e-05,0,0,0
7409,13,98654,1.143301e-03,4.898850e-03,1.082798e-02,0.000000e+00,0.000000e+00,201,2.875924e-05,0,0,0
7410,24,98678,4.929308e-04,5.154052e-03,1.206645e-02,0.000000e+00,0.000000e+00,180,1.670197e-04,0,0,0
7411,13,98691,1.076224e-03,4.997348e-03,1.000000e-02,0.000000e+00,0.000000e+00,219,8.547306e-05,0,0,0
7412,14,98705,1.193541e-03,5.047552e-03,1.153446e-02,0.000000e+00,0.000000e+00,210,1.061559e-04,0,0,0
7413,18,98723,1.031228e-03,5.028158e-03,1.044280e-02,0.000000e+00,0.000000e+00,206,2.481677e-04,0,0,0
7414,12,98735,1.189535e-03,5.161139e-03,1.089000e-02,0.000000e+00,0.000000e+00,188,3.392547e-04,0,0,0
7415,16,98751,9.540006e-04,5.071904e-03,1.000000e-02,0.000000e+00,0.000000e+00,210,2.571810e-04,0,0,0
7416,18,98769,7.524462e-04,5.201895e-03,1.238610e-02,0.000000e+00,0.000000e+00,201,2.104574e-05,0,0,0
7417,14,98783,8.805893e-04,5.054685e-03,1.000000e-02,0.000000e+00,0.000000e+00,207,2.948567e-06,0,0,0
7418,16,98799,1.169282e-03,5.039980e-03,1.100182e-02,0.000000e+00,0.000000e+00,196,9.536743e-07,0,0,0
7419,12,98811,1.506945e-03,5.121622e-03,1.108094e-02,0.000000e+00,0.000000e+00,187,1.706257e-04,0,0,0
7420,12,98823,1.123854e-03,5.090671e-03,1.218904e-02,0.000000e+00,0.000000e+00,216,2.577007e-04,0,0,0
7421,15,98838,1.001307e-03,4.934163e-03,9.438719e-03,0.000000e+00,0.000000e+00,218,1.270697e-05,0,0,0
7422,12,98850,1.268860e-03,5.111755e-03,1.016973e-02,0.000000e+00,0.000000e+00,197,1.566857e-04,0,0,0
7423,11,98861,1.221042e-03,4.995407e-03,1.000000e-02,0.000000e+00,0.000000e+00,207,1.728428e-04,0,0,0
7424,12,98873,9.688247e-04,5.054935e-03,1.000000e-02,0.000000e+00,0.000000e+00,193,9.689785e-04,0,0,0
7425,10,98883,1.535866e-03,5.033186e-03,9.131910e-03,0.000000e+00,0.000000e+00,192,4.541636e-04,0,0,0
7426,16,98899,1.304595e-03,4.988926e-03,1.192515e-02,0.000000e+00,0.000000e+00,212,7.231534e-05,0,0,0
7427,17,98916,1.190452e-03,4.999561e-03,1.231318e-02,0.000000e+00,0.000000e+00,203,1.245737e-05,0,0,0
7428,15,98931,1.228548e-03,4.971792e-03,1.000000e-02,0.000000e+00,0.000000e+00,202,3.174841e-04,0,0,0
7429,13,98944,1.179863e-03,4.989099e-03,9.399317e-03,0.000000e+00,0.000000e+00,184,4.937425e-04,0,0,0
7430,14,98958,1.250036e-03,4.948245e-03,9.466489e-03,0.000000e+00,0.000000e+00,192,1.237169e-05,0,0,0
7431,16,98974,1.132020e-03,4.901869e-03,9.990113e-03,0.000000e+00,0.000000e+00,195,3.334135e-07,0,0,0
7432,11,98985,1.307229e-03,5.034780e-03,1.056064e-02,0.000000e+00,0.000000e+00,194,6.247312e-04,0,0,0
7433,12,98997,1.111517e-03,4.965518e-03,1.009882e-02,0.000000e+00,0.000000e+00,204,1.710951e-04,0,0,0
7434,15,99012,1.360002e-03,4.970340e-03,1.187685e-02,0.000000e+00,0.000000e+00,201,4.504323e-04,0,0,0
7435,12,99024,1.118983e-03,4.941532e-03,1.000000e-02,0.000000e+00,0.000000e+00,201,4.787445e-04,0,0,0
7436,12,99036,1.239049e-03,4.936435e-03,1.000000e-02,0.000000e+00,0.000000e+00,212,1.282810e-04,0,0,0
7437,20,99056,6.282178e-04,4.948218e-03,9.241391e-03,0.000000e+00,0.000000e+00,189,2.384186e-05,0,0,0
7438,18,99074,9.491792e-04,4.942814e-03,1.000000e-02,0.000000e+00,0.000000e+00,203,2.160668e-06,0,0,0
7439,11,99085,1.189633e-03,4.889035e-03,1.025086e-02,0.000000e+00,0.000000e+00,217,6.049499e-05,0,0,0
HIST {'total_samples': 8219796, 'floor_samples': 0, 'floor_fraction': 0.0, 'saturation_depth': 0.0, 'boundaries': 7440, 'capped_boundaries': 0, 'unfinished_worlds': 0}
7440,18,99103,9.250228e-04,5.081574e-03,1.000000e-02,0.000000e+00,0.000000e+00,187,4.094578e-04,0,0,0
7441,16,99119,8.445603e-04,4.958450e-03,9.605017e-03,0.000000e+00,0.000000e+00,205,4.843771e-04,0,0,0
7442,26,99145,6.456946e-04,4.893253e-03,9.088288e-03,0.000000e+00,0.000000e+00,206,9.448081e-05,0,0,0
7443,21,99166,8.833674e-04,4.977162e-03,9.561415e-03,0.000000e+00,0.000000e+00,202,1.108646e-05,0,0,0
7444,14,99180,1.237951e-03,4.898640e-03,9.337654e-03,0.000000e+00,0.000000e+00,204,5.293936e-04,0,0,0
7445,12,99192,8.274486e-04,4.837278e-03,1.151899e-02,0.000000e+00,0.000000e+00,225,2.845228e-04,0,0,0
7446,17,99209,1.000635e-03,5.034855e-03,1.267089e-02,0.000000e+00,0.000000e+00,181,4.662573e-04,0,0,0
7447,14,99223,8.200593e-04,4.922925e-03,1.000000e-02,0.000000e+00,0.000000e+00,205,1.707673e-05,0,0,0
7448,10,99233,1.338808e-03,5.105346e-03,1.014749e-02,0.000000e+00,0.000000e+00,186,1.187623e-04,0,0,0
7449,12,99245,1.139634e-03,4.987010e-03,9.725918e-03,0.000000e+00,0.000000e+00,214,2.807677e-04,0,0,0
7450,13,99258,9.929589e-04,5.042077e-03,1.089000e-02,0.000000e+00,0.000000e+00,199,1.547858e-05,0,0,0
7451,19,99277,7.289657e-04,5.072192e-03,1.282836e-02,0.000000e+00,0.000000e+00,193,8.344650e-06,0,0,0
7452,16,99293,9.956735e-04,5.124821e-03,1.000000e-02,0.000000e+00,0.000000e+00,202,9.486079e-05,0,0,0
7453,16,99309,1.015393e-03,4.945590e-03,1.000000e-02,0.000000e+00,0.000000e+00,225,8.344650e-07,0,0,0
