boundary,iters,cum_iters,ideal_min,ideal_mean,ideal_max,resid_min,resid_max
0,5,5,5.250340e-03,9.948839e-03,1.238700e-02,0.000000e+00,0.000000e+00
1,3,8,4.770271e-03,9.188415e-03,1.025695e-02,0.000000e+00,0.000000e+00
2,5,13,5.972851e-04,7.543381e-03,1.233243e-02,0.000000e+00,0.000000e+00
3,9,22,3.921334e-04,6.780808e-03,1.189396e-02,0.000000e+00,0.000000e+00
4,6,28,1.179758e-03,6.799106e-03,1.173524e-02,0.000000e+00,0.000000e+00
5,8,36,1.436612e-04,6.046005e-03,1.177219e-02,0.000000e+00,0.000000e+00
6,9,45,1.514936e-04,6.408255e-03,1.053639e-02,0.000000e+00,0.000000e+00
7,8,53,6.579794e-06,6.214636e-03,1.287487e-02,0.000000e+00,0.000000e+00
8,9,62,6.448384e-04,5.076697e-03,9.697462e-03,0.000000e+00,0.000000e+00
9,7,69,2.646260e-04,5.430324e-03,1.058661e-02,0.000000e+00,0.000000e+00
10,8,77,1.478707e-04,4.943091e-03,1.000000e-02,0.000000e+00,0.000000e+00
11,9,86,1.006201e-04,5.038618e-03,9.386137e-03,0.000000e+00,0.000000e+00
12,9,95,6.135553e-05,5.484743e-03,1.172357e-02,0.000000e+00,0.000000e+00
13,11,106,3.957190e-05,5.160755e-03,1.140309e-02,0.000000e+00,0.000000e+00
14,9,115,4.954636e-05,5.405102e-03,1.089779e-02,0.000000e+00,0.000000e+00
15,7,122,6.731134e-05,5.531884e-03,1.130150e-02,0.000000e+00,0.000000e+00
16,7,129,1.067994e-04,5.886776e-03,1.132123e-02,0.000000e+00,0.000000e+00
17,9,138,2.742279e-05,5.842435e-03,1.222959e-02,0.000000e+00,0.000000e+00
18,8,146,3.525987e-05,6.060374e-03,1.169138e-02,0.000000e+00,0.000000e+00
19,8,154,6.388873e-05,6.233871e-03,1.087518e-02,0.000000e+00,0.000000e+00
20,8,162,1.346460e-04,6.492564e-03,1.171071e-02,0.000000e+00,0.000000e+00
21,8,170,2.376176e-04,6.453509e-03,1.139462e-02,0.000000e+00,0.000000e+00
22,8,178,5.024485e-05,6.725943e-03,1.200033e-02,0.000000e+00,0.000000e+00
23,9,187,4.783645e-04,6.698590e-03,1.156027e-02,0.000000e+00,0.000000e+00
24,8,195,6.463379e-06,6.878695e-03,1.417549e-02,0.000000e+00,0.000000e+00
25,7,202,1.951214e-04,6.723663e-03,1.206728e-02,0.000000e+00,0.000000e+00
26,7,209,1.267996e-05,7.291234e-03,1.429512e-02,0.000000e+00,0.000000e+00
27,9,218,3.597885e-04,7.209085e-03,1.567025e-02,0.000000e+00,0.000000e+00
28,7,225,1.929607e-04,7.222772e-03,1.300324e-02,0.000000e+00,0.000000e+00
29,6,231,1.479732e-04,7.141012e-03,1.505063e-02,0.000000e+00,0.000000e+00
30,7,238,4.681665e-04,7.480313e-03,1.355205e-02,0.000000e+00,0.000000e+00
31,7,245,9.448733e-05,7.306902e-03,1.557927e-02,0.000000e+00,0.000000e+00
32,7,252,1.822459e-04,7.554337e-03,1.387779e-02,0.000000e+00,0.000000e+00
33,6,258,9.925570e-05,7.275151e-03,1.350602e-02,0.000000e+00,0.000000e+00
34,6,264,1.580454e-05,7.696413e-03,1.411673e-02,0.000000e+00,0.000000e+00
35,6,270,9.876676e-05,7.217352e-03,1.380447e-02,0.000000e+00,0.000000e+00
36,6,276,6.551528e-04,7.871721e-03,1.412191e-02,0.000000e+00,0.000000e+00
37,7,283,2.724584e-05,7.600855e-03,1.311983e-02,0.000000e+00,0.000000e+00
38,7,290,8.773059e-06,7.755097e-03,1.482168e-02,0.000000e+00,0.000000e+00
39,8,298,4.167389e-04,7.395479e-03,1.196826e-02,0.000000e+00,0.000000e+00
40,6,304,1.794007e-04,8.067576e-03,1.592025e-02,0.000000e+00,0.000000e+00
41,7,311,1.215003e-04,7.443447e-03,1.190718e-02,0.000000e+00,0.000000e+00
42,6,317,2.058782e-04,8.020008e-03,1.615671e-02,0.000000e+00,0.000000e+00
43,6,323,2.844911e-04,7.524894e-03,1.353867e-02,0.000000e+00,0.000000e+00
44,6,329,1.452491e-04,7.716822e-03,1.524988e-02,0.000000e+00,0.000000e+00
45,5,334,3.658421e-04,7.502212e-03,1.267115e-02,0.000000e+00,0.000000e+00
46,7,341,4.046690e-04,8.070100e-03,1.361754e-02,0.000000e+00,0.000000e+00
47,5,346,3.635976e-04,7.593019e-03,1.259719e-02,0.000000e+00,0.000000e+00
HIST {'total_samples': 35764, 'floor_samples': 0, 'floor_fraction': 0.0, 'saturation_depth': 0.0, 'boundaries': 48, 'capped_boundaries': 0, 'unfinished_worlds': 0}
48,7,353,3.139954e-05,7.882143e-03,1.579950e-02,0.000000e+00,0.000000e+00
49,10,363,4.186668e-04,7.429072e-03,1.208971e-02,0.000000e+00,0.000000e+00
50,6,369,1.673913e-04,7.707531e-03,1.646635e-02,0.000000e+00,0.000000e+00
51,10,379,1.773052e-04,7.246988e-03,1.424181e-02,0.000000e+00,0.000000e+00
52,17,396,9.058975e-05,7.575621e-03,1.459677e-02,0.000000e+00,0.000000e+00
53,11,407,3.473926e-04,7.538633e-03,1.220623e-02,0.000000e+00,0.000000e+00
54,11,418,5.268026e-04,7.375670e-03,1.334148e-02,0.000000e+00,0.000000e+00
55,12,430,8.323230e-05,7.174111e-03,1.472436e-02,0.000000e+00,0.000000e+00
56,11,441,2.487237e-04,7.431398e-03,1.816905e-02,0.000000e+00,0.000000e+00
57,11,452,1.993217e-04,7.037887e-03,1.366372e-02,0.000000e+00,0.000000e+00
58,12,464,1.303060e-04,7.084750e-03,1.588480e-02,0.000000e+00,0.000000e+00
59,11,475,3.566220e-04,6.759847e-03,1.673003e-02,0.000000e+00,0.000000e+00
60,10,485,5.462207e-05,7.403453e-03,1.385927e-02,0.000000e+00,0.000000e+00
61,11,496,5.880371e-05,7.053963e-03,1.665346e-02,0.000000e+00,0.000000e+00
62,10,506,7.822644e-05,6.970148e-03,1.801569e-02,0.000000e+00,0.000000e+00
63,11,517,1.348229e-04,6.560036e-03,1.390550e-02,0.000000e+00,0.000000e+00
64,13,530,6.439164e-05,6.938311e-03,1.413019e-02,0.000000e+00,0.000000e+00
65,15,545,6.347429e-05,6.508483e-03,1.448680e-02,0.000000e+00,0.000000e+00
66,18,563,2.323650e-04,7.238167e-03,1.599761e-02,0.000000e+00,0.000000e+00
67,10,573,5.378388e-05,6.834921e-03,1.639955e-02,0.000000e+00,0.000000e+00
68,13,586,1.540128e-04,6.987248e-03,1.717399e-02,0.000000e+00,0.000000e+00
69,21,607,4.315749e-05,7.014462e-03,1.590799e-02,0.000000e+00,0.000000e+00
70,13,620,1.279125e-04,6.573986e-03,1.515613e-02,0.000000e+00,0.000000e+00
71,12,632,7.008668e-05,6.394121e-03,1.365180e-02,0.000000e+00,0.000000e+00
72,14,646,2.264977e-05,6.875580e-03,1.482538e-02,0.000000e+00,0.000000e+00
73,13,659,2.325419e-04,6.200182e-03,1.817925e-02,0.000000e+00,0.000000e+00
74,11,670,2.185768e-04,6.830074e-03,1.817041e-02,0.000000e+00,0.000000e+00
75,10,680,4.977919e-05,6.345554e-03,1.244099e-02,0.000000e+00,0.000000e+00
76,10,690,2.164626e-04,6.661145e-03,1.674934e-02,0.000000e+00,0.000000e+00
77,13,703,4.527625e-05,6.306574e-03,1.312872e-02,0.000000e+00,0.000000e+00
78,20,723,5.987473e-05,6.565935e-03,1.481390e-02,0.000000e+00,0.000000e+00
79,16,739,5.226117e-05,6.273142e-03,1.295841e-02,0.000000e+00,0.000000e+00
80,14,753,5.083671e-04,6.435278e-03,1.314629e-02,0.000000e+00,0.000000e+00
81,18,771,4.404690e-05,6.312110e-03,1.381721e-02,0.000000e+00,0.000000e+00
82,14,785,1.791958e-04,6.336115e-03,1.422431e-02,0.000000e+00,0.000000e+00
83,15,800,1.602340e-05,6.217470e-03,1.263088e-02,0.000000e+00,0.000000e+00
84,15,815,1.381617e-05,6.383701e-03,1.364096e-02,0.000000e+00,0.000000e+00
85,15,830,1.141801e-05,6.268616e-03,1.346641e-02,0.000000e+00,0.000000e+00
86,11,841,1.603272e-04,6.327308e-03,1.665969e-02,0.000000e+00,0.000000e+00
87,12,853,2.178410e-04,6.194687e-03,1.315565e-02,0.000000e+00,0.000000e+00
88,11,864,1.529977e-04,6.275210e-03,1.291963e-02,0.000000e+00,0.000000e+00
89,18,882,1.340173e-04,5.819529e-03,1.117056e-02,0.000000e+00,0.000000e+00
90,12,894,9.908807e-05,6.394417e-03,1.448596e-02,0.000000e+00,0.000000e+00
91,11,905,9.982847e-05,6.109194e-03,1.817041e-02,0.000000e+00,0.000000e+00
92,18,923,2.534594e-05,6.352846e-03,1.484811e-02,0.000000e+00,0.000000e+00
93,13,936,2.299855e-04,5.916347e-03,1.239712e-02,0.000000e+00,0.000000e+00
94,14,950,6.227754e-05,6.470297e-03,1.817925e-02,0.000000e+00,0.000000e+00
95,15,965,1.531281e-04,6.186960e-03,1.591392e-02,0.000000e+00,0.000000e+00
HIST {'total_samples': 78072, 'floor_samples': 0, 'floor_fraction': 0.0, 'saturation_depth': 0.0, 'boundaries': 96, 'capped_boundaries': 0, 'unfinished_worlds': 0}
96,14,979,2.344605e-04,5.930169e-03,1.396524e-02,0.000000e+00,0.000000e+00
97,10,989,5.992129e-05,6.037790e-03,1.225844e-02,0.000000e+00,0.000000e+00
98,14,1003,1.348462e-04,6.301876e-03,1.454679e-02,0.000000e+00,0.000000e+00
99,16,1019,2.626330e-06,5.727190e-03,1.467765e-02,0.000000e+00,0.000000e+00
100,17,1036,1.022592e-04,6.838016e-03,1.687125e-02,0.000000e+00,0.000000e+00
101,17,1053,2.326909e-05,5.950218e-03,1.648938e-02,0.000000e+00,0.000000e+00
102,18,1071,9.357929e-05,6.105007e-03,1.225469e-02,0.000000e+00,0.000000e+00
103,12,1083,2.369564e-04,6.130871e-03,1.206937e-02,0.000000e+00,0.000000e+00
104,13,1096,9.654090e-05,6.046220e-03,1.431375e-02,0.000000e+00,0.000000e+00
105,13,1109,3.322680e-04,5.895895e-03,1.771980e-02,0.000000e+00,0.000000e+00
106,11,1120,3.263634e-04,6.288125e-03,1.817925e-02,0.000000e+00,0.000000e+00
107,15,1135,2.504326e-05,6.376468e-03,1.372081e-02,0.000000e+00,0.000000e+00
108,16,1151,9.137671e-05,6.549427e-03,1.398935e-02,0.000000e+00,0.000000e+00
109,14,1165,4.114583e-05,5.914471e-03,1.434845e-02,0.000000e+00,0.000000e+00
110,14,1179,3.087334e-06,6.244393e-03,1.701082e-02,0.000000e+00,0.000000e+00
111,18,1197,3.837049e-05,5.912914e-03,1.411182e-02,0.000000e+00,0.000000e+00
112,19,1216,1.819013e-04,6.397723e-03,1.470389e-02,0.000000e+00,0.000000e+00
113,11,1227,5.204231e-05,6.458470e-03,1.816159e-02,0.000000e+00,0.000000e+00
114,14,1241,1.021521e-04,6.293866e-03,1.527624e-02,0.000000e+00,0.000000e+00
115,12,1253,1.845276e-04,5.951936e-03,1.557009e-02,0.000000e+00,0.000000e+00
116,15,1268,4.130416e-05,6.273896e-03,1.225122e-02,0.000000e+00,0.000000e+00
117,16,1284,6.227754e-05,5.810362e-03,1.328003e-02,0.000000e+00,0.000000e+00
118,13,1297,1.941621e-04,6.129743e-03,1.504716e-02,0.000000e+00,0.000000e+00
119,15,1312,5.958136e-05,5.789190e-03,1.407889e-02,0.000000e+00,0.000000e+00
120,16,1328,1.187436e-05,5.869242e-03,1.725936e-02,0.000000e+00,0.000000e+00
121,12,1340,3.549783e-04,5.680882e-03,1.270558e-02,0.000000e+00,0.000000e+00
122,10,1350,9.457581e-06,6.090574e-03,1.505468e-02,0.000000e+00,0.000000e+00
123,16,1366,4.992401e-04,5.922055e-03,1.417321e-02,0.000000e+00,0.000000e+00
124,12,1378,1.781154e-05,6.218296e-03,1.422086e-02,0.000000e+00,0.000000e+00
125,13,1391,2.508378e-04,6.152292e-03,1.437327e-02,0.000000e+00,0.000000e+00
126,14,1405,1.926906e-04,6.262233e-03,1.407564e-02,0.000000e+00,0.000000e+00
127,21,1426,2.659764e-04,5.845212e-03,1.130571e-02,0.000000e+00,0.000000e+00
128,12,1438,1.757406e-05,6.189245e-03,1.483610e-02,0.000000e+00,0.000000e+00
129,12,1450,1.513679e-04,6.183433e-03,1.428664e-02,0.000000e+00,0.000000e+00
130,15,1465,4.576053e-05,6.408764e-03,1.494017e-02,0.000000e+00,0.000000e+00
131,12,1477,1.418870e-05,5.723403e-03,1.529640e-02,0.000000e+00,0.000000e+00
132,17,1494,5.904585e-05,6.218613e-03,1.628418e-02,0.000000e+00,0.000000e+00
133,15,1509,5.287584e-05,6.015861e-03,1.800493e-02,0.000000e+00,0.000000e+00
134,11,1520,1.411419e-05,6.060118e-03,1.682300e-02,0.000000e+00,0.000000e+00
135,16,1536,4.546531e-04,6.186783e-03,1.271825e-02,0.000000e+00,0.000000e+00
136,15,1551,1.166016e-04,6.244245e-03,1.843353e-02,0.000000e+00,0.000000e+00
137,14,1565,1.631677e-04,5.897325e-03,1.606153e-02,0.000000e+00,0.000000e+00
138,12,1577,4.433095e-05,6.431237e-03,1.559724e-02,0.000000e+00,0.000000e+00
139,15,1592,3.127847e-05,5.978872e-03,1.345922e-02,0.000000e+00,0.000000e+00
140,14,1606,6.570481e-05,6.255495e-03,1.323187e-02,0.000000e+00,0.000000e+00
141,13,1619,1.412863e-04,5.896598e-03,1.518747e-02,0.000000e+00,0.000000e+00
142,21,1640,5.862676e-06,6.036840e-03,1.357065e-02,0.000000e+00,0.000000e+00
143,14,1654,2.103392e-04,6.223397e-03,1.276551e-02,0.000000e+00,0.000000e+00
HIST {'total_samples': 127407, 'floor_samples': 0, 'floor_fraction': 0.0, 'saturation_depth': 0.0, 'boundaries': 144, 'capped_boundaries': 0, 'unfinished_worlds': 0}
144,12,1666,9.172596e-05,6.215636e-03,1.187829e-02,0.000000e+00,0.000000e+00
145,16,1682,4.594214e-05,5.886822e-03,1.388349e-02,0.000000e+00,0.000000e+00
146,13,1695,3.198627e-05,6.209635e-03,1.477242e-02,0.000000e+00,0.000000e+00
147,15,1710,1.886487e-04,6.258673e-03,1.370070e-02,0.000000e+00,0.000000e+00
148,14,1724,5.198177e-05,6.063080e-03,1.625385e-02,0.000000e+00,0.000000e+00
149,15,1739,8.424744e-05,6.159645e-03,1.280494e-02,0.000000e+00,0.000000e+00
150,9,1748,1.742877e-04,6.347734e-03,1.386451e-02,0.000000e+00,0.000000e+00
151,15,1763,2.857763e-05,6.048565e-03,1.368712e-02,0.000000e+00,0.000000e+00
152,13,1776,1.059566e-04,6.372504e-03,1.519919e-02,0.000000e+00,0.000000e+00
153,12,1788,1.437031e-05,6.092716e-03,1.552805e-02,0.000000e+00,0.000000e+00
154,14,1802,5.554408e-05,5.940655e-03,1.533606e-02,0.000000e+00,0.000000e+00
155,15,1817,1.378730e-04,5.953840e-03,1.336502e-02,0.000000e+00,0.000000e+00
156,11,1828,2.153777e-04,6.347357e-03,1.281663e-02,0.000000e+00,0.000000e+00
157,14,1842,1.537753e-04,6.202569e-03,1.558809e-02,0.000000e+00,0.000000e+00
158,12,1854,7.702038e-06,6.475273e-03,1.365414e-02,0.000000e+00,0.000000e+00
159,11,1865,3.471971e-05,6.190082e-03,1.505155e-02,0.000000e+00,0.000000e+00
160,10,1875,1.120660e-04,6.625235e-03,1.368916e-02,0.000000e+00,0.000000e+00
161,14,1889,7.739291e-05,6.187918e-03,1.457983e-02,0.000000e+00,0.000000e+00
162,12,1901,6.053597e-07,6.130201e-03,1.521978e-02,0.000000e+00,0.000000e+00
163,11,1912,1.736544e-04,5.988091e-03,1.550071e-02,0.000000e+00,0.000000e+00
164,13,1925,1.897383e-04,6.587188e-03,1.293121e-02,0.000000e+00,0.000000e+00
165,10,1935,3.849436e-04,6.185268e-03,1.367451e-02,0.000000e+00,0.000000e+00
166,16,1951,1.451327e-04,6.351508e-03,1.367031e-02,0.000000e+00,0.000000e+00
167,10,1961,1.690350e-05,6.036511e-03,1.265915e-02,0.000000e+00,0.000000e+00
168,19,1980,1.184642e-04,6.314997e-03,1.391147e-02,0.000000e+00,0.000000e+00
169,17,1997,1.247367e-04,5.919895e-03,1.486330e-02,0.000000e+00,0.000000e+00
170,13,2010,3.832392e-05,6.146179e-03,1.721531e-02,0.000000e+00,0.000000e+00
171,15,2025,1.467671e-04,6.121553e-03,1.445927e-02,0.000000e+00,0.000000e+00
172,12,2037,4.369766e-05,6.051923e-03,1.503973e-02,0.000000e+00,0.000000e+00
173,13,2050,2.044067e-04,6.036472e-03,1.290223e-02,0.000000e+00,0.000000e+00
174,18,2068,6.731600e-05,6.316485e-03,1.229822e-02,0.000000e+00,0.000000e+00
175,15,2083,3.003515e-05,5.805685e-03,1.218478e-02,0.000000e+00,0.000000e+00
176,16,2099,1.931703e-04,6.144971e-03,1.358035e-02,0.000000e+00,0.000000e+00
177,16,2115,1.825858e-04,5.684961e-03,1.376680e-02,0.000000e+00,0.000000e+00
178,16,2131,3.638677e-05,6.196338e-03,1.814398e-02,0.000000e+00,0.000000e+00
179,13,2144,2.407003e-05,5.841907e-03,1.819957e-02,0.000000e+00,0.000000e+00
180,16,2160,1.379289e-05,6.245802e-03,1.496140e-02,0.000000e+00,0.000000e+00
181,11,2171,1.905300e-04,6.042609e-03,1.482530e-02,0.000000e+00,0.000000e+00
182,11,2182,3.203098e-04,6.372702e-03,1.331082e-02,0.000000e+00,0.000000e+00
183,18,2200,1.254398e-04,6.096179e-03,1.267990e-02,0.000000e+00,0.000000e+00
184,21,2221,2.135057e-05,6.022046e-03,1.324972e-02,0.000000e+00,0.000000e+00
185,14,2235,8.190051e-05,6.328810e-03,1.467951e-02,0.000000e+00,0.000000e+00
186,14,2249,3.572274e-04,6.342104e-03,1.465022e-02,0.000000e+00,0.000000e+00
187,14,2263,1.458265e-04,6.153392e-03,1.457279e-02,0.000000e+00,0.000000e+00
188,15,2278,1.580548e-04,6.031299e-03,1.494259e-02,0.000000e+00,0.000000e+00
189,10,2288,5.984679e-05,5.867912e-03,1.345885e-02,0.000000e+00,0.000000e+00
190,11,2299,2.654269e-06,6.136622e-03,1.335638e-02,0.000000e+00,0.000000e+00
191,15,2314,1.678709e-04,6.254897e-03,1.469742e-02,0.000000e+00,0.000000e+00
HIST {'total_samples': 177339, 'floor_samples': 1, 'floor_fraction': 5.638917553386452e-06, 'saturation_depth': 6.05359673500061e-07, 'boundaries': 192, 'capped_boundaries': 0, 'unfinished_worlds': 0}
192,21,2335,7.269904e-05,6.150678e-03,1.400362e-02,0.000000e+00,0.000000e+00
193,12,2347,2.123276e-04,6.148390e-03,1.271571e-02,0.000000e+00,0.000000e+00
194,15,2362,8.554198e-05,6.217936e-03,1.832099e-02,0.000000e+00,0.000000e+00
195,11,2373,1.115212e-04,6.240603e-03,1.461016e-02,0.000000e+00,0.000000e+00
196,14,2387,8.223578e-06,6.096058e-03,1.366423e-02,0.000000e+00,0.000000e+00
197,22,2409,8.999370e-05,6.069189e-03,1.296894e-02,0.000000e+00,0.000000e+00
198,16,2425,5.368143e-05,6.105953e-03,1.176323e-02,0.000000e+00,0.000000e+00
199,16,2441,1.006061e-04,5.977172e-03,1.405744e-02,0.000000e+00,0.000000e+00
200,18,2459,2.825167e-05,6.119987e-03,1.663645e-02,0.000000e+00,0.000000e+00
201,11,2470,3.117090e-04,5.907133e-03,1.490993e-02,0.000000e+00,0.000000e+00
202,13,2483,1.563318e-04,6.288988e-03,1.334516e-02,0.000000e+00,0.000000e+00
203,12,2495,1.718756e-05,6.132760e-03,1.217030e-02,0.000000e+00,0.000000e+00
204,11,2506,8.255709e-05,6.035661e-03,1.393987e-02,0.000000e+00,0.000000e+00
205,15,2521,1.788512e-04,5.931185e-03,1.394319e-02,0.000000e+00,0.000000e+00
206,13,2534,8.331146e-05,6.065703e-03,1.341948e-02,0.000000e+00,0.000000e+00
207,14,2548,3.649853e-05,5.905267e-03,1.542662e-02,0.000000e+00,0.000000e+00
208,10,2558,4.642643e-06,6.150901e-03,1.344689e-02,0.000000e+00,0.000000e+00
209,11,2569,2.016779e-04,6.007437e-03,1.393638e-02,0.000000e+00,0.000000e+00
210,11,2580,1.441082e-04,5.966187e-03,1.611306e-02,0.000000e+00,0.000000e+00
211,13,2593,2.492219e-05,5.967506e-03,1.460490e-02,0.000000e+00,0.000000e+00
212,16,2609,1.137843e-04,5.859411e-03,1.814398e-02,0.000000e+00,0.000000e+00
213,12,2621,1.392607e-04,5.904286e-03,1.190544e-02,0.000000e+00,0.000000e+00
214,11,2632,5.306676e-05,6.327510e-03,1.609775e-02,0.000000e+00,0.000000e+00
215,13,2645,2.034940e-05,6.111932e-03,1.368426e-02,0.000000e+00,0.000000e+00
216,13,2658,5.807728e-05,6.319617e-03,1.574106e-02,0.000000e+00,0.000000e+00
217,14,2672,7.710420e-05,6.036402e-03,1.311301e-02,0.000000e+00,0.000000e+00
218,12,2684,2.193730e-05,6.231546e-03,1.514109e-02,0.000000e+00,0.000000e+00
219,13,2697,9.761192e-05,6.210644e-03,1.343542e-02,0.000000e+00,0.000000e+00
220,21,2718,5.092006e-05,6.303184e-03,1.290103e-02,0.000000e+00,0.000000e+00
221,11,2729,8.549541e-06,5.764601e-03,1.548416e-02,0.000000e+00,0.000000e+00
222,10,2739,2.486166e-05,6.150349e-03,1.518568e-02,0.000000e+00,0.000000e+00
223,12,2751,1.703389e-05,5.920425e-03,1.206399e-02,0.000000e+00,0.000000e+00
224,11,2762,6.545801e-05,6.098649e-03,1.521445e-02,0.000000e+00,0.000000e+00
225,11,2773,1.119915e-04,6.376471e-03,1.424245e-02,0.000000e+00,0.000000e+00
226,13,2786,5.652849e-04,6.218418e-03,1.375369e-02,0.000000e+00,0.000000e+00
227,11,2797,1.728907e-04,6.028540e-03,1.390616e-02,0.000000e+00,0.000000e+00
228,12,2809,8.223578e-05,6.307909e-03,1.508300e-02,0.000000e+00,0.000000e+00
229,15,2824,3.038906e-05,6.090568e-03,1.221657e-02,0.000000e+00,0.000000e+00
230,21,2845,1.277402e-04,6.331617e-03,1.669953e-02,0.000000e+00,0.000000e+00
231,17,2862,8.837320e-05,6.009842e-03,1.629455e-02,0.000000e+00,0.000000e+00
232,14,2876,1.791678e-04,6.000725e-03,1.337873e-02,0.000000e+00,0.000000e+00
233,13,2889,2.646586e-04,5.853104e-03,1.299884e-02,0.000000e+00,0.000000e+00
234,17,2906,9.481795e-05,6.683480e-03,1.520246e-02,0.000000e+00,0.000000e+00
235,14,2920,1.618266e-04,5.922399e-03,1.297272e-02,0.000000e+00,0.000000e+00
236,13,2933,6.118789e-06,6.162916e-03,1.324366e-02,0.000000e+00,0.000000e+00
237,16,2949,8.360483e-05,5.875009e-03,1.456777e-02,0.000000e+00,0.000000e+00
238,11,2960,1.163222e-05,5.987797e-03,1.212457e-02,0.000000e+00,0.000000e+00
239,15,2975,4.339032e-05,5.873205e-03,1.421480e-02,0.000000e+00,0.000000e+00
HIST {'total_samples': 228001, 'floor_samples': 1, 'floor_fraction': 4.385945675676861e-06, 'saturation_depth': 6.05359673500061e-07, 'boundaries': 240, 'capped_boundaries': 0, 'unfinished_worlds': 0}
240,12,2987,1.871493e-05,6.138062e-03,1.513259e-02,0.000000e+00,0.000000e+00
241,14,3001,4.458241e-05,6.079040e-03,1.322551e-02,0.000000e+00,0.000000e+00
242,12,3013,1.057331e-04,5.937736e-03,1.398377e-02,0.000000e+00,0.000000e+00
243,18,3031,7.162336e-05,5.815659e-03,1.229239e-02,0.000000e+00,0.000000e+00
244,12,3043,1.101429e-04,5.972347e-03,1.740210e-02,0.000000e+00,0.000000e+00
245,14,3057,7.661059e-05,5.764897e-03,1.366271e-02,0.000000e+00,0.000000e+00
246,14,3071,1.366250e-05,6.089844e-03,1.452131e-02,0.000000e+00,0.000000e+00
247,12,3083,4.441291e-04,6.047214e-03,1.490626e-02,0.000000e+00,0.000000e+00
248,11,3094,7.687137e-05,6.096192e-03,1.400171e-02,0.000000e+00,0.000000e+00
249,11,3105,3.447291e-05,5.842646e-03,1.580369e-02,0.000000e+00,0.000000e+00
250,16,3121,6.629154e-05,6.372800e-03,1.441531e-02,0.000000e+00,0.000000e+00
251,12,3133,3.234157e-04,6.117246e-03,1.210511e-02,0.000000e+00,0.000000e+00
252,14,3147,1.353398e-04,6.352614e-03,1.369269e-02,0.000000e+00,0.000000e+00
253,9,3156,1.897663e-04,5.931726e-03,1.333385e-02,0.000000e+00,0.000000e+00
254,15,3171,7.600524e-05,6.410820e-03,1.379434e-02,0.000000e+00,0.000000e+00
255,16,3187,1.620967e-05,5.961402e-03,1.417066e-02,0.000000e+00,0.000000e+00
256,14,3201,7.734634e-05,6.237356e-03,1.392842e-02,0.000000e+00,0.000000e+00
257,10,3211,1.573004e-05,5.938087e-03,1.258370e-02,0.000000e+00,0.000000e+00
258,11,3222,1.065293e-04,6.175804e-03,1.245300e-02,0.000000e+00,0.000000e+00
259,13,3235,1.351302e-04,5.980039e-03,1.256492e-02,0.000000e+00,0.000000e+00
260,23,3258,1.768116e-05,6.147280e-03,1.279714e-02,0.000000e+00,0.000000e+00
261,12,3270,2.921093e-05,5.848910e-03,1.324826e-02,0.000000e+00,0.000000e+00
262,11,3281,1.654960e-05,6.188368e-03,1.445373e-02,0.000000e+00,0.000000e+00
263,15,3296,7.244293e-05,6.000730e-03,1.469722e-02,0.000000e+00,0.000000e+00
264,17,3313,1.999130e-04,6.216597e-03,1.203288e-02,0.000000e+00,0.000000e+00
265,21,3334,2.003834e-04,6.143324e-03,1.350709e-02,0.000000e+00,0.000000e+00
266,13,3347,2.749264e-05,6.279497e-03,1.860588e-02,0.000000e+00,0.000000e+00
267,13,3360,9.499490e-07,5.917314e-03,1.465820e-02,0.000000e+00,0.000000e+00
268,13,3373,2.124347e-04,6.410542e-03,1.446685e-02,0.000000e+00,0.000000e+00
269,15,3388,3.816839e-04,6.247254e-03,1.378680e-02,0.000000e+00,0.000000e+00
270,11,3399,5.144626e-05,6.292016e-03,1.522621e-02,0.000000e+00,0.000000e+00
271,16,3415,1.873262e-04,5.952544e-03,1.321723e-02,0.000000e+00,0.000000e+00
272,12,3427,2.761837e-04,6.020329e-03,1.717395e-02,0.000000e+00,0.000000e+00
273,13,3440,2.512336e-04,5.803273e-03,1.475498e-02,0.000000e+00,0.000000e+00
274,18,3458,2.438203e-05,6.247723e-03,1.753459e-02,0.000000e+00,0.000000e+00
275,15,3473,1.835730e-04,6.059696e-03,1.844561e-02,0.000000e+00,0.000000e+00
276,13,3486,2.023298e-04,6.426150e-03,1.471829e-02,0.000000e+00,0.000000e+00
277,13,3499,2.476387e-04,5.880503e-03,1.481599e-02,0.000000e+00,0.000000e+00
278,11,3510,6.229617e-05,6.344771e-03,1.477051e-02,0.000000e+00,0.000000e+00
279,10,3520,2.767285e-04,6.186374e-03,1.413469e-02,0.000000e+00,0.000000e+00
280,10,3530,7.656403e-05,6.281827e-03,1.621904e-02,0.000000e+00,0.000000e+00
281,9,3539,7.227063e-06,6.106773e-03,1.420052e-02,0.000000e+00,0.000000e+00
282,10,3549,3.763940e-05,6.139862e-03,1.672013e-02,0.000000e+00,0.000000e+00
283,17,3566,8.046627e-05,6.225175e-03,1.520343e-02,0.000000e+00,0.000000e+00
284,16,3582,5.217269e-05,6.484051e-03,1.776317e-02,0.000000e+00,0.000000e+00
285,13,3595,1.748698e-04,6.102245e-03,1.685732e-02,0.000000e+00,0.000000e+00
286,11,3606,1.267530e-05,6.248397e-03,1.361517e-02,0.000000e+00,0.000000e+00
287,15,3621,1.975754e-04,5.897316e-03,1.442805e-02,0.000000e+00,0.000000e+00
HIST {'total_samples': 279328, 'floor_samples': 2, 'floor_fraction': 7.160041241837553e-06, 'saturation_depth': 6.05359673500061e-07, 'boundaries': 288, 'capped_boundaries': 0, 'unfinished_worlds': 0}
288,11,3632,6.040093e-05,6.299025e-03,1.780104e-02,0.000000e+00,0.000000e+00
289,10,3642,2.141576e-04,6.160039e-03,1.574934e-02,0.000000e+00,0.000000e+00
290,18,3660,1.197914e-04,6.017028e-03,1.770901e-02,0.000000e+00,0.000000e+00
291,11,3671,2.581580e-04,5.909287e-03,1.632276e-02,0.000000e+00,0.000000e+00
292,13,3684,1.900736e-04,6.124333e-03,1.625060e-02,0.000000e+00,0.000000e+00
293,12,3696,9.909272e-06,5.979132e-03,1.651091e-02,0.000000e+00,0.000000e+00
294,10,3706,2.079504e-04,6.445493e-03,1.375875e-02,0.000000e+00,0.000000e+00
295,12,3718,3.396766e-04,5.911323e-03,1.526829e-02,0.000000e+00,0.000000e+00
296,10,3728,5.802605e-05,6.131222e-03,1.254011e-02,0.000000e+00,0.000000e+00
297,17,3745,1.310930e-04,6.080213e-03,1.454188e-02,0.000000e+00,0.000000e+00
298,14,3759,5.325396e-04,6.082081e-03,1.394416e-02,0.000000e+00,0.000000e+00
299,11,3770,1.027621e-04,6.008575e-03,1.399439e-02,0.000000e+00,0.000000e+00
300,25,3795,5.639158e-04,6.182151e-03,1.465641e-02,0.000000e+00,0.000000e+00
301,12,3807,5.808659e-05,5.939028e-03,1.420524e-02,0.000000e+00,0.000000e+00
302,10,3817,1.123874e-04,5.995060e-03,1.489840e-02,0.000000e+00,0.000000e+00
303,13,3830,6.674789e-05,5.986886e-03,1.460369e-02,0.000000e+00,0.000000e+00
304,11,3841,3.838725e-04,6.064276e-03,1.386451e-02,0.000000e+00,0.000000e+00
305,10,3851,1.024455e-06,5.870962e-03,1.293862e-02,0.000000e+00,0.000000e+00
306,15,3866,1.003128e-04,6.216044e-03,1.358809e-02,0.000000e+00,0.000000e+00
307,12,3878,2.089329e-04,5.904297e-03,1.512161e-02,0.000000e+00,0.000000e+00
308,12,3890,5.413778e-05,5.994253e-03,1.821472e-02,0.000000e+00,0.000000e+00
309,16,3906,3.099861e-04,6.107656e-03,1.556150e-02,0.000000e+00,0.000000e+00
310,16,3922,9.896699e-05,6.080775e-03,1.620337e-02,0.000000e+00,0.000000e+00
311,14,3936,2.839696e-04,5.589510e-03,1.265235e-02,0.000000e+00,0.000000e+00
312,11,3947,6.211922e-05,6.074217e-03,1.430302e-02,0.000000e+00,0.000000e+00
313,13,3960,1.718290e-06,5.888388e-03,1.427166e-02,0.000000e+00,0.000000e+00
314,11,3971,1.362246e-04,5.893802e-03,1.718586e-02,0.000000e+00,0.000000e+00
315,12,3983,3.243797e-05,5.996801e-03,1.329762e-02,0.000000e+00,0.000000e+00
316,11,3994,2.665678e-04,5.940204e-03,1.655076e-02,0.000000e+00,0.000000e+00
317,11,4005,4.987698e-05,5.746095e-03,1.236586e-02,0.000000e+00,0.000000e+00
318,10,4015,2.204347e-04,6.303555e-03,1.485376e-02,0.000000e+00,0.000000e+00
319,15,4030,7.571653e-05,5.649382e-03,1.214051e-02,0.000000e+00,0.000000e+00
320,16,4046,1.011551e-03,6.330981e-03,1.317101e-02,0.000000e+00,0.000000e+00
321,12,4058,1.275260e-04,5.895244e-03,1.362638e-02,0.000000e+00,0.000000e+00
322,10,4068,1.127459e-04,6.285673e-03,1.441343e-02,0.000000e+00,0.000000e+00
323,12,4080,3.951695e-04,6.047903e-03,1.453811e-02,0.000000e+00,0.000000e+00
324,17,4097,1.675636e-04,6.141048e-03,1.739139e-02,0.000000e+00,0.000000e+00
325,16,4113,1.791399e-04,5.825678e-03,1.408758e-02,0.000000e+00,0.000000e+00
326,11,4124,5.978718e-04,5.863595e-03,1.269314e-02,0.000000e+00,0.000000e+00
327,14,4138,1.722947e-06,5.788393e-03,1.287467e-02,0.000000e+00,0.000000e+00
328,12,4150,2.296921e-04,6.202199e-03,1.308909e-02,0.000000e+00,0.000000e+00
329,11,4161,6.727874e-05,6.029811e-03,1.384464e-02,0.000000e+00,0.000000e+00
330,11,4172,4.637986e-06,5.975026e-03,1.294473e-02,0.000000e+00,0.000000e+00
331,14,4186,1.254538e-04,6.080910e-03,1.398640e-02,0.000000e+00,0.000000e+00
332,12,4198,1.961831e-05,6.409935e-03,1.608579e-02,0.000000e+00,0.000000e+00
333,20,4218,1.834892e-04,6.177128e-03,1.374646e-02,0.000000e+00,0.000000e+00
334,16,4234,1.983717e-06,6.178712e-03,1.373169e-02,0.000000e+00,0.000000e+00
335,10,4244,1.621433e-05,6.040359e-03,1.522650e-02,0.000000e+00,0.000000e+00
HIST {'total_samples': 331488, 'floor_samples': 2, 'floor_fraction': 6.033400907423497e-06, 'saturation_depth': 6.05359673500061e-07, 'boundaries': 336, 'capped_boundaries': 0, 'unfinished_worlds': 0}
336,13,4257,1.378264e-04,6.029632e-03,1.299435e-02,0.000000e+00,0.000000e+00
337,15,4272,1.090718e-04,5.594510e-03,1.340976e-02,0.000000e+00,0.000000e+00
338,12,4284,1.218356e-04,5.981959e-03,1.442416e-02,0.000000e+00,0.000000e+00
339,16,4300,1.084059e-05,5.897704e-03,1.836848e-02,0.000000e+00,0.000000e+00
340,12,4312,2.341904e-04,6.192535e-03,1.641228e-02,0.000000e+00,0.000000e+00
341,14,4326,1.493748e-04,5.815008e-03,1.185167e-02,0.000000e+00,0.000000e+00
342,14,4340,1.694541e-05,5.949101e-03,1.348513e-02,0.000000e+00,0.000000e+00
343,12,4352,3.082678e-06,5.751386e-03,1.279025e-02,0.000000e+00,0.000000e+00
344,14,4366,5.457550e-05,6.161826e-03,1.474638e-02,0.000000e+00,0.000000e+00
345,17,4383,1.477171e-04,5.804438e-03,1.224269e-02,0.000000e+00,0.000000e+00
346,12,4395,7.295050e-05,5.896245e-03,1.395550e-02,0.000000e+00,0.000000e+00
347,22,4417,3.857072e-05,5.800340e-03,1.411544e-02,0.000000e+00,0.000000e+00
348,13,4430,1.323596e-04,6.148356e-03,1.613685e-02,0.000000e+00,0.000000e+00
349,14,4444,2.423022e-04,5.890009e-03,1.220076e-02,0.000000e+00,0.000000e+00
350,11,4455,1.470558e-05,5.920122e-03,1.429813e-02,0.000000e+00,0.000000e+00
351,11,4466,2.056360e-05,5.680263e-03,1.197455e-02,0.000000e+00,0.000000e+00
352,12,4478,6.102957e-05,5.930172e-03,1.593174e-02,0.000000e+00,0.000000e+00
353,13,4491,3.621727e-04,5.765967e-03,1.488185e-02,0.000000e+00,0.000000e+00
354,15,4506,1.255423e-05,6.015236e-03,1.623456e-02,0.000000e+00,0.000000e+00
355,15,4521,6.952789e-05,5.820426e-03,1.370856e-02,0.000000e+00,0.000000e+00
356,14,4535,2.671033e-05,5.918300e-03,1.614675e-02,0.000000e+00,0.000000e+00
357,16,4551,1.939619e-04,5.887121e-03,1.527006e-02,0.000000e+00,0.000000e+00
358,19,4570,2.264045e-04,5.827237e-03,1.492850e-02,0.000000e+00,0.000000e+00
359,14,4584,1.065060e-04,5.756118e-03,1.339147e-02,0.000000e+00,0.000000e+00
360,12,4596,1.155399e-04,5.888905e-03,1.495918e-02,0.000000e+00,0.000000e+00
361,15,4611,2.265442e-05,5.647912e-03,1.353065e-02,0.000000e+00,0.000000e+00
362,12,4623,2.360903e-05,6.234999e-03,1.483680e-02,0.000000e+00,0.000000e+00
363,11,4634,8.133706e-05,6.058722e-03,1.317641e-02,0.000000e+00,0.000000e+00
364,11,4645,2.308749e-05,5.928808e-03,1.369663e-02,0.000000e+00,0.000000e+00
365,11,4656,6.808899e-05,5.551551e-03,1.425211e-02,0.000000e+00,0.000000e+00
366,10,4666,3.094086e-04,6.272106e-03,1.458050e-02,0.000000e+00,0.000000e+00
367,12,4678,4.724599e-05,6.082270e-03,1.323963e-02,0.000000e+00,0.000000e+00
368,15,4693,1.107715e-04,5.853696e-03,1.558782e-02,0.000000e+00,0.000000e+00
369,14,4707,2.362300e-05,5.761979e-03,1.764357e-02,0.000000e+00,0.000000e+00
370,13,4720,3.698282e-05,6.124015e-03,1.374024e-02,0.000000e+00,0.000000e+00
371,20,4740,1.316331e-04,5.607699e-03,1.285964e-02,0.000000e+00,0.000000e+00
372,14,4754,9.912997e-05,5.896144e-03,1.541850e-02,0.000000e+00,0.000000e+00
373,12,4766,8.078292e-05,5.706914e-03,1.394349e-02,0.000000e+00,0.000000e+00
374,10,4776,9.784009e-05,6.291283e-03,1.605405e-02,0.000000e+00,0.000000e+00
375,15,4791,1.881318e-04,5.655220e-03,1.312976e-02,0.000000e+00,0.000000e+00
376,13,4804,1.833169e-04,6.076045e-03,1.276379e-02,0.000000e+00,0.000000e+00
377,12,4816,3.752112e-04,6.005120e-03,1.173457e-02,0.000000e+00,0.000000e+00
378,13,4829,1.721084e-05,5.831577e-03,1.332557e-02,0.000000e+00,0.000000e+00
379,17,4846,1.512934e-05,5.924160e-03,1.599799e-02,0.000000e+00,0.000000e+00
380,13,4859,1.850259e-04,5.931100e-03,1.574223e-02,0.000000e+00,0.000000e+00
381,11,4870,5.388632e-05,5.718429e-03,1.429955e-02,0.000000e+00,0.000000e+00
382,12,4882,8.046161e-05,6.113300e-03,1.344470e-02,0.000000e+00,0.000000e+00
383,15,4897,2.950290e-04,6.026922e-03,1.610916e-02,0.000000e+00,0.000000e+00
HIST {'total_samples': 385627, 'floor_samples': 2, 'floor_fraction': 5.18635883898171e-06, 'saturation_depth': 6.05359673500061e-07, 'boundaries': 384, 'capped_boundaries': 0, 'unfinished_worlds': 0}
384,13,4910,5.660579e-05,6.153683e-03,1.531542e-02,0.000000e+00,0.000000e+00
385,12,4922,6.714836e-06,5.478274e-03,1.454793e-02,0.000000e+00,0.000000e+00
386,18,4940,8.121133e-06,5.921893e-03,1.287811e-02,0.000000e+00,0.000000e+00
387,10,4950,1.230184e-04,5.974579e-03,1.824585e-02,0.000000e+00,0.000000e+00
388,13,4963,2.272427e-06,6.194399e-03,1.286990e-02,0.000000e+00,0.000000e+00
389,12,4975,1.414679e-05,6.020414e-03,1.349506e-02,0.000000e+00,0.000000e+00
390,14,4989,4.365109e-05,6.115915e-03,1.463241e-02,0.000000e+00,0.000000e+00
391,11,5000,8.789822e-05,5.803721e-03,1.379320e-02,0.000000e+00,0.000000e+00
392,19,5019,1.470186e-04,5.789488e-03,1.533210e-02,0.000000e+00,0.000000e+00
393,14,5033,3.283238e-04,5.660490e-03,1.517950e-02,0.000000e+00,0.000000e+00
394,11,5044,5.536247e-04,6.347606e-03,1.501169e-02,0.000000e+00,0.000000e+00
395,13,5057,1.304317e-05,5.793619e-03,1.682957e-02,0.000000e+00,0.000000e+00
396,12,5069,5.359761e-05,5.916450e-03,1.541060e-02,0.000000e+00,0.000000e+00
397,14,5083,3.485754e-04,5.666231e-03,1.748880e-02,0.000000e+00,0.000000e+00
398,31,5114,1.154374e-05,5.663711e-03,1.633446e-02,0.000000e+00,0.000000e+00
399,15,5129,9.789132e-05,5.745139e-03,1.525038e-02,0.000000e+00,0.000000e+00
400,12,5141,9.267125e-05,5.880581e-03,1.791265e-02,0.000000e+00,0.000000e+00
401,13,5154,2.766959e-05,5.824945e-03,1.289434e-02,0.000000e+00,0.000000e+00
402,13,5167,4.889444e-06,5.903954e-03,1.453801e-02,0.000000e+00,0.000000e+00
403,12,5179,2.364349e-04,5.658478e-03,1.524284e-02,0.000000e+00,0.000000e+00
404,12,5191,6.994233e-06,5.949385e-03,1.444854e-02,0.000000e+00,0.000000e+00
405,12,5203,1.314096e-04,5.726886e-03,1.482737e-02,0.000000e+00,0.000000e+00
406,12,5215,2.443045e-04,6.154866e-03,1.660451e-02,0.000000e+00,0.000000e+00
407,15,5230,1.319312e-04,5.870285e-03,1.630493e-02,0.000000e+00,0.000000e+00
408,13,5243,1.373375e-04,5.871949e-03,1.408622e-02,0.000000e+00,0.000000e+00
409,15,5258,5.286187e-05,5.890310e-03,1.529189e-02,0.000000e+00,0.000000e+00
410,12,5270,8.970965e-05,6.025994e-03,1.252762e-02,0.000000e+00,0.000000e+00
411,10,5280,1.640990e-05,5.624152e-03,1.624009e-02,0.000000e+00,0.000000e+00
412,12,5292,2.206303e-05,6.250458e-03,1.417301e-02,0.000000e+00,0.000000e+00
413,11,5303,2.144743e-04,5.988264e-03,1.736319e-02,0.000000e+00,0.000000e+00
414,13,5316,5.645677e-05,5.945335e-03,1.374629e-02,0.000000e+00,0.000000e+00
415,12,5328,1.561083e-04,5.768822e-03,1.520045e-02,0.000000e+00,0.000000e+00
416,10,5338,5.960464e-07,6.302104e-03,1.857707e-02,0.000000e+00,0.000000e+00
417,12,5350,6.968621e-05,5.989293e-03,1.295200e-02,0.000000e+00,0.000000e+00
418,11,5361,3.938470e-04,5.937468e-03,1.532672e-02,0.000000e+00,0.000000e+00
419,11,5372,1.206994e-04,5.834680e-03,1.284732e-02,0.000000e+00,0.000000e+00
420,12,5384,7.329974e-05,5.925084e-03,1.486556e-02,0.000000e+00,0.000000e+00
421,14,5398,9.004958e-05,5.836785e-03,1.552311e-02,0.000000e+00,0.000000e+00
422,11,5409,4.264526e-05,5.874615e-03,1.443371e-02,0.000000e+00,0.000000e+00
423,12,5421,1.554471e-04,5.675425e-03,1.504405e-02,0.000000e+00,0.000000e+00
424,14,5435,1.837267e-04,5.974649e-03,1.510605e-02,0.000000e+00,0.000000e+00
425,15,5450,3.999565e-05,5.729523e-03,1.543528e-02,0.000000e+00,0.000000e+00
426,13,5463,7.315073e-05,6.001174e-03,1.736726e-02,0.000000e+00,0.000000e+00
427,14,5477,1.044851e-04,5.729054e-03,1.342272e-02,0.000000e+00,0.000000e+00
428,13,5490,6.808899e-05,6.027654e-03,1.426070e-02,0.000000e+00,0.000000e+00
429,14,5504,4.763249e-05,5.827867e-03,1.279282e-02,0.000000e+00,0.000000e+00
430,12,5516,1.144595e-05,5.922583e-03,1.374843e-02,0.000000e+00,0.000000e+00
431,13,5529,1.031905e-04,5.915881e-03,1.642751e-02,0.000000e+00,0.000000e+00
HIST {'total_samples': 440431, 'floor_samples': 3, 'floor_fraction': 6.811509634880379e-06, 'saturation_depth': 5.960464477539062e-07, 'boundaries': 432, 'capped_boundaries': 0, 'unfinished_worlds': 0}
432,19,5548,3.420748e-05,6.159702e-03,1.804397e-02,0.000000e+00,0.000000e+00
433,12,5560,8.338597e-05,5.953906e-03,1.416214e-02,0.000000e+00,0.000000e+00
434,15,5575,1.986977e-05,6.187410e-03,1.711737e-02,0.000000e+00,0.000000e+00
435,13,5588,2.237502e-05,5.895364e-03,1.517546e-02,0.000000e+00,0.000000e+00
436,13,5601,1.064502e-05,6.022745e-03,1.362614e-02,0.000000e+00,0.000000e+00
437,18,5619,5.972572e-05,5.956102e-03,1.345073e-02,0.000000e+00,0.000000e+00
438,20,5639,1.262268e-04,6.094137e-03,1.868692e-02,0.000000e+00,0.000000e+00
439,13,5652,7.243827e-05,5.762150e-03,1.526716e-02,0.000000e+00,0.000000e+00
440,11,5663,1.950422e-04,5.778820e-03,1.275781e-02,0.000000e+00,0.000000e+00
441,13,5676,6.463379e-06,5.723601e-03,1.204763e-02,0.000000e+00,0.000000e+00
442,14,5690,9.732321e-06,5.718458e-03,1.437529e-02,0.000000e+00,0.000000e+00
443,11,5701,8.506700e-05,5.801444e-03,1.513284e-02,0.000000e+00,0.000000e+00
444,12,5713,3.942754e-05,5.914659e-03,1.377288e-02,0.000000e+00,0.000000e+00
445,12,5725,1.310743e-04,5.533154e-03,1.537452e-02,0.000000e+00,0.000000e+00
446,10,5735,6.733462e-06,5.985032e-03,1.570116e-02,0.000000e+00,0.000000e+00
447,14,5749,6.703660e-05,5.482766e-03,1.364041e-02,0.000000e+00,0.000000e+00
448,13,5762,3.268942e-06,6.034504e-03,1.443583e-02,0.000000e+00,0.000000e+00
449,11,5773,6.491784e-05,5.573007e-03,1.325282e-02,0.000000e+00,0.000000e+00
450,13,5786,4.558358e-05,5.999889e-03,1.582207e-02,0.000000e+00,0.000000e+00
451,11,5797,2.634153e-04,5.986805e-03,1.248363e-02,0.000000e+00,0.000000e+00
452,12,5809,6.975606e-06,5.771191e-03,1.326999e-02,0.000000e+00,0.000000e+00
453,13,5822,3.696885e-05,5.763228e-03,1.536079e-02,0.000000e+00,0.000000e+00
454,11,5833,3.097579e-05,5.844085e-03,1.236558e-02,0.000000e+00,0.000000e+00
455,12,5845,8.280855e-05,5.519184e-03,1.192775e-02,0.000000e+00,0.000000e+00
456,11,5856,5.664304e-05,6.053473e-03,1.641159e-02,0.000000e+00,0.000000e+00
457,13,5869,9.167474e-05,5.498583e-03,1.252545e-02,0.000000e+00,0.000000e+00
458,14,5883,2.477318e-06,6.173468e-03,1.610940e-02,0.000000e+00,0.000000e+00
459,10,5893,1.380686e-05,5.915849e-03,1.383430e-02,0.000000e+00,0.000000e+00
460,10,5903,1.158938e-04,5.924900e-03,1.248085e-02,0.000000e+00,0.000000e+00
461,22,5925,1.008529e-04,5.920507e-03,1.330827e-02,0.000000e+00,0.000000e+00
462,11,5936,2.806075e-05,5.887501e-03,1.589881e-02,0.000000e+00,0.000000e+00
463,15,5951,9.872019e-06,5.896116e-03,1.429348e-02,0.000000e+00,0.000000e+00
464,13,5964,1.894077e-04,6.146832e-03,1.289938e-02,0.000000e+00,0.000000e+00
465,16,5980,2.359040e-05,5.704545e-03,1.303187e-02,0.000000e+00,0.000000e+00
466,18,5998,9.965152e-07,5.991017e-03,1.256937e-02,0.000000e+00,0.000000e+00
467,13,6011,4.111789e-06,5.741962e-03,1.465817e-02,0.000000e+00,0.000000e+00
468,10,6021,3.322959e-05,6.056714e-03,1.297257e-02,0.000000e+00,0.000000e+00
469,11,6032,8.358620e-05,5.914109e-03,1.633756e-02,0.000000e+00,0.000000e+00
470,11,6043,3.036112e-06,6.045335e-03,1.471084e-02,0.000000e+00,0.000000e+00
471,13,6056,1.850538e-05,5.732443e-03,1.219972e-02,0.000000e+00,0.000000e+00
472,11,6067,1.761597e-05,6.037575e-03,1.380761e-02,0.000000e+00,0.000000e+00
473,12,6079,7.897150e-05,5.785978e-03,1.137555e-02,0.000000e+00,0.000000e+00
474,15,6094,1.871027e-05,6.208642e-03,1.300761e-02,0.000000e+00,0.000000e+00
475,19,6113,4.895963e-05,5.902691e-03,1.335296e-02,0.000000e+00,0.000000e+00
476,12,6125,1.593959e-04,6.233975e-03,1.422735e-02,0.000000e+00,0.000000e+00
477,15,6140,5.830079e-06,5.887075e-03,1.418200e-02,0.000000e+00,0.000000e+00
478,13,6153,3.081327e-04,6.153997e-03,1.311458e-02,0.000000e+00,0.000000e+00
479,11,6164,2.360903e-06,5.857519e-03,1.268629e-02,0.000000e+00,0.000000e+00
HIST {'total_samples': 494774, 'floor_samples': 4, 'floor_fraction': 8.084499185486708e-06, 'saturation_depth': 5.960464477539062e-07, 'boundaries': 480, 'capped_boundaries': 0, 'unfinished_worlds': 0}
480,10,6174,4.621223e-05,5.879303e-03,1.316816e-02,0.000000e+00,0.000000e+00
481,11,6185,7.221103e-04,5.782444e-03,1.157113e-02,0.000000e+00,0.000000e+00
482,13,6198,1.680432e-04,6.202033e-03,1.322265e-02,0.000000e+00,0.000000e+00
483,12,6210,2.665911e-05,6.103226e-03,1.258075e-02,0.000000e+00,0.000000e+00
484,11,6221,1.295470e-05,6.064296e-03,1.446727e-02,0.000000e+00,0.000000e+00
485,10,6231,3.916211e-05,5.805100e-03,1.600779e-02,0.000000e+00,0.000000e+00
486,9,6240,3.691297e-05,6.306401e-03,1.767016e-02,0.000000e+00,0.000000e+00
487,13,6253,2.401415e-05,5.912384e-03,1.392566e-02,0.000000e+00,0.000000e+00
488,12,6265,5.987473e-05,6.028473e-03,1.539430e-02,0.000000e+00,0.000000e+00
489,13,6278,1.060404e-04,5.699981e-03,1.244828e-02,0.000000e+00,0.000000e+00
490,12,6290,4.410744e-05,6.229135e-03,1.385316e-02,0.000000e+00,0.000000e+00
491,12,6302,5.696900e-05,5.516718e-03,1.163879e-02,0.000000e+00,0.000000e+00
492,10,6312,4.093582e-04,6.238636e-03,1.347433e-02,0.000000e+00,0.000000e+00
493,12,6324,2.637645e-04,5.843915e-03,1.362346e-02,0.000000e+00,0.000000e+00
494,13,6337,2.288539e-04,5.842647e-03,1.278758e-02,0.000000e+00,0.000000e+00
495,12,6349,4.550442e-05,5.843638e-03,1.282332e-02,0.000000e+00,0.000000e+00
496,13,6362,2.193637e-04,6.128833e-03,1.512708e-02,0.000000e+00,0.000000e+00
497,11,6373,6.630085e-05,5.675443e-03,1.269365e-02,0.000000e+00,0.000000e+00
498,14,6387,2.442626e-04,6.215962e-03,1.347964e-02,0.000000e+00,0.000000e+00
499,12,6399,1.972076e-05,5.675997e-03,1.265575e-02,0.000000e+00,0.000000e+00
500,13,6412,1.667812e-04,5.852233e-03,1.492213e-02,0.000000e+00,0.000000e+00
501,18,6430,8.093193e-06,5.793773e-03,1.622500e-02,0.000000e+00,0.000000e+00
502,12,6442,2.204580e-04,5.700545e-03,1.682428e-02,0.000000e+00,0.000000e+00
503,14,6456,2.244906e-04,5.739778e-03,1.116079e-02,0.000000e+00,0.000000e+00
504,12,6468,1.530629e-04,6.119028e-03,1.383100e-02,0.000000e+00,0.000000e+00
505,14,6482,1.264038e-04,5.900053e-03,1.377498e-02,0.000000e+00,0.000000e+00
506,11,6493,2.195640e-04,5.979047e-03,1.389573e-02,0.000000e+00,0.000000e+00
507,11,6504,5.029142e-07,5.785923e-03,1.744388e-02,0.000000e+00,0.000000e+00
508,11,6515,6.882474e-06,5.794032e-03,1.513118e-02,0.000000e+00,0.000000e+00
509,19,6534,3.212132e-05,6.032276e-03,1.427531e-02,0.000000e+00,0.000000e+00
510,14,6548,5.976297e-05,6.012544e-03,1.314717e-02,0.000000e+00,0.000000e+00
511,11,6559,6.836373e-05,5.642958e-03,1.438366e-02,0.000000e+00,0.000000e+00
512,14,6573,5.986076e-05,5.851031e-03,1.485244e-02,0.000000e+00,0.000000e+00
513,12,6585,6.578397e-05,5.806170e-03,1.245474e-02,0.000000e+00,0.000000e+00
514,15,6600,1.065014e-04,5.899562e-03,1.402811e-02,0.000000e+00,0.000000e+00
515,14,6614,3.739493e-04,6.121055e-03,1.352418e-02,0.000000e+00,0.000000e+00
516,12,6626,2.685003e-05,6.259564e-03,1.511667e-02,0.000000e+00,0.000000e+00
517,11,6637,6.332994e-05,5.773484e-03,1.329914e-02,0.000000e+00,0.000000e+00
518,16,6653,1.061149e-04,6.053704e-03,1.430650e-02,0.000000e+00,0.000000e+00
519,12,6665,9.965152e-05,6.142250e-03,1.720477e-02,0.000000e+00,0.000000e+00
520,16,6681,6.943475e-05,6.091099e-03,1.821472e-02,0.000000e+00,0.000000e+00
521,13,6694,1.463108e-05,5.728808e-03,1.401695e-02,0.000000e+00,0.000000e+00
522,11,6705,7.214025e-05,5.890351e-03,1.397727e-02,0.000000e+00,0.000000e+00
523,14,6719,4.901551e-04,5.751900e-03,1.220571e-02,0.000000e+00,0.000000e+00
524,14,6733,1.410255e-04,6.082102e-03,1.579622e-02,0.000000e+00,0.000000e+00
525,16,6749,9.974930e-05,5.891887e-03,1.396524e-02,0.000000e+00,0.000000e+00
526,12,6761,8.172356e-06,5.739333e-03,1.357024e-02,0.000000e+00,0.000000e+00
527,9,6770,1.042476e-04,5.615432e-03,1.305352e-02,0.000000e+00,0.000000e+00
HIST {'total_samples': 549370, 'floor_samples': 5, 'floor_fraction': 9.101334255601872e-06, 'saturation_depth': 5.029141902923584e-07, 'boundaries': 528, 'capped_boundaries': 0, 'unfinished_worlds': 0}
528,11,6781,2.194289e-04,5.962446e-03,1.478641e-02,0.000000e+00,0.000000e+00
529,11,6792,5.811453e-05,5.725948e-03,1.409852e-02,0.000000e+00,0.000000e+00
530,10,6802,8.811709e-05,5.909017e-03,1.421527e-02,0.000000e+00,0.000000e+00
531,13,6815,5.009584e-05,6.008999e-03,1.190820e-02,0.000000e+00,0.000000e+00
532,14,6829,1.091789e-04,5.976331e-03,1.308409e-02,0.000000e+00,0.000000e+00
533,14,6843,4.737638e-05,5.984402e-03,1.443257e-02,0.000000e+00,0.000000e+00
534,13,6856,3.607478e-05,5.991216e-03,1.310116e-02,0.000000e+00,0.000000e+00
535,11,6867,4.095025e-05,5.554770e-03,1.821472e-02,0.000000e+00,0.000000e+00
536,13,6880,1.360662e-05,5.756290e-03,1.302200e-02,0.000000e+00,0.000000e+00
537,11,6891,2.561137e-05,5.758456e-03,1.227869e-02,0.000000e+00,0.000000e+00
538,10,6901,7.987022e-05,6.054962e-03,1.342782e-02,0.000000e+00,0.000000e+00
539,19,6920,3.225170e-05,5.798474e-03,1.575480e-02,0.000000e+00,0.000000e+00
540,16,6936,3.795139e-06,5.552733e-03,1.716660e-02,0.000000e+00,0.000000e+00
541,14,6950,6.132759e-05,5.610286e-03,1.419155e-02,0.000000e+00,0.000000e+00
542,14,6964,1.177052e-04,5.798385e-03,1.780774e-02,0.000000e+00,0.000000e+00
543,18,6982,1.849420e-04,5.930007e-03,1.761399e-02,0.000000e+00,0.000000e+00
544,17,6999,5.299225e-06,5.746646e-03,1.729728e-02,0.000000e+00,0.000000e+00
545,14,7013,4.624017e-06,5.772843e-03,1.425505e-02,0.000000e+00,0.000000e+00
546,17,7030,1.297612e-04,6.224991e-03,1.794837e-02,0.000000e+00,0.000000e+00
547,14,7044,9.757001e-05,5.633651e-03,1.399283e-02,0.000000e+00,0.000000e+00
548,14,7058,1.350138e-04,5.618908e-03,1.327452e-02,0.000000e+00,0.000000e+00
549,11,7069,8.354895e-05,5.543613e-03,1.229901e-02,0.000000e+00,0.000000e+00
550,13,7082,2.267538e-04,5.884695e-03,1.549758e-02,0.000000e+00,0.000000e+00
551,12,7094,8.507632e-06,5.883668e-03,1.346049e-02,0.000000e+00,0.000000e+00
552,10,7104,2.521090e-05,5.836735e-03,1.595337e-02,0.000000e+00,0.000000e+00
553,18,7122,2.069678e-04,5.706491e-03,1.459588e-02,0.000000e+00,0.000000e+00
554,11,7133,5.810522e-05,6.049017e-03,1.504861e-02,0.000000e+00,0.000000e+00
555,12,7145,6.893650e-05,5.578265e-03,1.172034e-02,0.000000e+00,0.000000e+00
556,13,7158,4.845206e-05,5.756367e-03,1.309026e-02,0.000000e+00,0.000000e+00
557,11,7169,1.589535e-04,5.627971e-03,1.546354e-02,0.000000e+00,0.000000e+00
558,14,7183,1.417473e-05,5.653490e-03,1.570448e-02,0.000000e+00,0.000000e+00
559,13,7196,2.524862e-04,5.602743e-03,1.162417e-02,0.000000e+00,0.000000e+00
560,13,7209,1.859339e-04,5.853675e-03,1.266309e-02,0.000000e+00,0.000000e+00
561,12,7221,4.492234e-05,5.775498e-03,1.318338e-02,0.000000e+00,0.000000e+00
562,11,7232,1.234980e-04,6.003954e-03,1.576538e-02,0.000000e+00,0.000000e+00
563,13,7245,5.814526e-04,5.781076e-03,1.439947e-02,0.000000e+00,0.000000e+00
564,15,7260,1.169136e-04,5.913996e-03,1.559867e-02,0.000000e+00,0.000000e+00
565,11,7271,1.792144e-04,5.816156e-03,1.226161e-02,0.000000e+00,0.000000e+00
566,20,7291,8.558854e-06,5.790223e-03,1.498848e-02,0.000000e+00,0.000000e+00
567,14,7305,7.946510e-05,6.043159e-03,1.642858e-02,0.000000e+00,0.000000e+00
568,13,7318,3.387686e-05,5.872971e-03,1.462588e-02,0.000000e+00,0.000000e+00
569,15,7333,1.150835e-04,5.776246e-03,1.432436e-02,0.000000e+00,0.000000e+00
570,16,7349,3.452506e-04,6.049604e-03,1.277365e-02,0.000000e+00,0.000000e+00
571,18,7367,1.163874e-04,5.836328e-03,1.527602e-02,0.000000e+00,0.000000e+00
572,14,7381,2.316199e-04,5.930195e-03,1.502808e-02,0.000000e+00,0.000000e+00
573,16,7397,5.148817e-05,5.780634e-03,1.556911e-02,0.000000e+00,0.000000e+00
574,13,7410,9.525567e-05,5.898693e-03,1.471689e-02,0.000000e+00,0.000000e+00
575,15,7425,5.359761e-05,5.603429e-03,1.485966e-02,0.000000e+00,0.000000e+00
HIST {'total_samples': 604474, 'floor_samples': 5, 'floor_fraction': 8.27165436395941e-06, 'saturation_depth': 5.029141902923584e-07, 'boundaries': 576, 'capped_boundaries': 0, 'unfinished_worlds': 0}
576,12,7437,1.185806e-04,5.963881e-03,1.218154e-02,0.000000e+00,0.000000e+00
577,11,7448,1.226738e-04,5.754090e-03,1.613531e-02,0.000000e+00,0.000000e+00
578,21,7469,5.517155e-05,5.835163e-03,1.323736e-02,0.000000e+00,0.000000e+00
579,13,7482,8.913223e-05,5.789117e-03,1.336135e-02,0.000000e+00,0.000000e+00
580,23,7505,1.686066e-04,5.776578e-03,1.251878e-02,0.000000e+00,0.000000e+00
581,16,7521,8.232892e-05,5.695636e-03,1.599462e-02,0.000000e+00,0.000000e+00
582,13,7534,2.179481e-04,6.191446e-03,1.763171e-02,0.000000e+00,0.000000e+00
583,13,7547,3.354158e-05,5.765568e-03,1.329243e-02,0.000000e+00,0.000000e+00
584,14,7561,9.797513e-06,6.003382e-03,1.391045e-02,0.000000e+00,0.000000e+00
585,12,7573,8.133240e-05,5.768871e-03,1.368434e-02,0.000000e+00,0.000000e+00
586,18,7591,7.000752e-05,5.642499e-03,1.370891e-02,0.000000e+00,0.000000e+00
587,15,7606,2.626609e-04,5.549895e-03,1.241267e-02,0.000000e+00,0.000000e+00
588,15,7621,2.549961e-05,6.090295e-03,1.406399e-02,0.000000e+00,0.000000e+00
589,11,7632,2.785120e-05,5.902925e-03,1.452016e-02,0.000000e+00,0.000000e+00
590,12,7644,1.165085e-04,6.006571e-03,1.475842e-02,0.000000e+00,0.000000e+00
591,15,7659,4.930422e-05,5.919460e-03,1.344620e-02,0.000000e+00,0.000000e+00
592,20,7679,1.972076e-05,6.012467e-03,1.508603e-02,0.000000e+00,0.000000e+00
593,15,7694,1.034467e-04,5.970584e-03,1.282852e-02,0.000000e+00,0.000000e+00
594,13,7707,3.793743e-05,5.887959e-03,1.433118e-02,0.000000e+00,0.000000e+00
595,10,7717,6.155111e-05,5.736369e-03,1.405467e-02,0.000000e+00,0.000000e+00
596,14,7731,7.142778e-05,6.156110e-03,1.810674e-02,0.000000e+00,0.000000e+00
597,12,7743,7.571653e-06,5.802689e-03,1.279106e-02,0.000000e+00,0.000000e+00
598,10,7753,3.470527e-04,6.212827e-03,1.441914e-02,0.000000e+00,0.000000e+00
599,11,7764,3.014226e-05,5.925654e-03,1.891619e-02,0.000000e+00,0.000000e+00
600,16,7780,1.036609e-04,5.903982e-03,1.565912e-02,0.000000e+00,0.000000e+00
601,13,7793,1.095049e-04,5.694184e-03,1.347718e-02,0.000000e+00,0.000000e+00
602,11,7804,3.221026e-04,6.104674e-03,1.571409e-02,0.000000e+00,0.000000e+00
603,18,7822,3.049802e-04,5.898423e-03,1.563312e-02,0.000000e+00,0.000000e+00
604,10,7832,1.738966e-04,6.399813e-03,1.641868e-02,0.000000e+00,0.000000e+00
605,10,7842,3.042351e-04,5.991183e-03,1.481253e-02,0.000000e+00,0.000000e+00
606,13,7855,6.279908e-05,5.947005e-03,1.743384e-02,0.000000e+00,0.000000e+00
607,14,7869,4.842877e-06,5.928233e-03,1.657639e-02,0.000000e+00,0.000000e+00
608,12,7881,1.422781e-04,5.988498e-03,1.620863e-02,0.000000e+00,0.000000e+00
609,15,7896,9.430107e-05,5.826327e-03,1.351901e-02,0.000000e+00,0.000000e+00
610,12,7908,8.167699e-06,5.955928e-03,1.551847e-02,0.000000e+00,0.000000e+00
611,13,7921,9.377021e-05,5.980532e-03,1.333182e-02,0.000000e+00,0.000000e+00
612,12,7933,1.359731e-05,5.913067e-03,1.393632e-02,0.000000e+00,0.000000e+00
613,13,7946,4.863832e-05,5.659724e-03,1.395223e-02,0.000000e+00,0.000000e+00
614,11,7957,8.208677e-05,5.892107e-03,1.623779e-02,0.000000e+00,0.000000e+00
615,13,7970,1.378823e-05,5.720602e-03,1.509930e-02,0.000000e+00,0.000000e+00
616,12,7982,3.202818e-05,5.861669e-03,1.281895e-02,0.000000e+00,0.000000e+00
617,14,7996,1.341105e-06,5.539900e-03,1.365725e-02,0.000000e+00,0.000000e+00
618,12,8008,1.593493e-05,5.553224e-03,1.472206e-02,0.000000e+00,0.000000e+00
619,13,8021,1.314469e-04,5.970500e-03,1.417961e-02,0.000000e+00,0.000000e+00
620,13,8034,5.157664e-05,5.877537e-03,1.748685e-02,0.000000e+00,0.000000e+00
621,12,8046,7.105060e-05,5.661866e-03,1.360848e-02,0.000000e+00,0.000000e+00
622,13,8059,1.116470e-04,5.980271e-03,1.254524e-02,0.000000e+00,0.000000e+00
623,14,8073,3.764499e-04,5.776413e-03,1.335254e-02,0.000000e+00,0.000000e+00
HIST {'total_samples': 659169, 'floor_samples': 5, 'floor_fraction': 7.585308168314954e-06, 'saturation_depth': 5.029141902923584e-07, 'boundaries': 624, 'capped_boundaries': 0, 'unfinished_worlds': 0}
624,18,8091,3.535766e-05,5.625285e-03,1.574868e-02,0.000000e+00,0.000000e+00
625,11,8102,6.690621e-05,5.608579e-03,1.266455e-02,0.000000e+00,0.000000e+00
626,14,8116,4.401430e-05,5.731927e-03,1.246862e-02,0.000000e+00,0.000000e+00
627,15,8131,1.521874e-04,5.644160e-03,1.326789e-02,0.000000e+00,0.000000e+00
628,14,8145,1.513679e-04,5.658968e-03,1.322807e-02,0.000000e+00,0.000000e+00
629,12,8157,5.871989e-06,5.660289e-03,1.365053e-02,0.000000e+00,0.000000e+00
630,12,8169,5.238689e-05,5.861993e-03,1.513096e-02,0.000000e+00,0.000000e+00
631,12,8181,1.814216e-05,5.745755e-03,1.354835e-02,0.000000e+00,0.000000e+00
632,13,8194,3.810041e-05,5.933357e-03,1.463274e-02,0.000000e+00,0.000000e+00
633,10,8204,4.188158e-04,6.003129e-03,1.223711e-02,0.000000e+00,0.000000e+00
634,11,8215,6.235205e-06,6.407491e-03,1.415934e-02,0.000000e+00,0.000000e+00
635,12,8227,4.737638e-05,5.722788e-03,1.471405e-02,0.000000e+00,0.000000e+00
636,11,8238,5.669426e-05,5.927687e-03,1.278366e-02,0.000000e+00,0.000000e+00
637,20,8258,4.246831e-06,5.727315e-03,1.577687e-02,0.000000e+00,0.000000e+00
638,11,8269,5.443580e-05,5.876060e-03,1.660966e-02,0.000000e+00,0.000000e+00
639,11,8280,1.152325e-04,6.045598e-03,1.588591e-02,0.000000e+00,0.000000e+00
640,14,8294,4.276447e-04,6.324070e-03,1.597693e-02,0.000000e+00,0.000000e+00
641,11,8305,2.172636e-04,5.938929e-03,1.309125e-02,0.000000e+00,0.000000e+00
642,13,8318,1.476146e-06,5.802665e-03,1.515335e-02,0.000000e+00,0.000000e+00
643,15,8333,6.471761e-05,5.800433e-03,1.401253e-02,0.000000e+00,0.000000e+00
644,12,8345,6.211922e-06,5.897238e-03,1.285248e-02,0.000000e+00,0.000000e+00
645,12,8357,4.848931e-05,5.919056e-03,1.486336e-02,0.000000e+00,0.000000e+00
646,12,8369,7.092021e-06,6.087310e-03,1.450320e-02,0.000000e+00,0.000000e+00
647,11,8380,1.927838e-05,5.824598e-03,1.403755e-02,0.000000e+00,0.000000e+00
648,16,8396,2.328306e-07,5.904185e-03,1.665983e-02,0.000000e+00,0.000000e+00
649,12,8408,3.945082e-05,5.956341e-03,1.439008e-02,0.000000e+00,0.000000e+00
650,11,8419,1.102360e-04,6.093794e-03,1.356862e-02,0.000000e+00,0.000000e+00
651,19,8438,1.047272e-05,5.655193e-03,1.488655e-02,0.000000e+00,0.000000e+00
652,17,8455,1.277914e-04,5.793479e-03,1.607629e-02,0.000000e+00,0.000000e+00
653,14,8469,1.221662e-04,5.751191e-03,1.322232e-02,0.000000e+00,0.000000e+00
654,13,8482,2.747402e-05,6.265810e-03,1.484089e-02,0.000000e+00,0.000000e+00
655,13,8495,4.488509e-05,5.924200e-03,1.496919e-02,0.000000e+00,0.000000e+00
656,14,8509,1.210719e-06,6.154323e-03,1.387717e-02,0.000000e+00,0.000000e+00
657,14,8523,1.262221e-04,5.904929e-03,1.555577e-02,0.000000e+00,0.000000e+00
658,14,8537,7.842667e-05,6.129178e-03,1.334831e-02,0.000000e+00,0.000000e+00
659,10,8547,9.899959e-05,5.987424e-03,1.503694e-02,0.000000e+00,0.000000e+00
660,11,8558,3.845431e-05,5.886018e-03,1.553833e-02,0.000000e+00,0.000000e+00
661,15,8573,3.239652e-04,5.937093e-03,1.566343e-02,0.000000e+00,0.000000e+00
662,12,8585,3.459398e-05,6.001094e-03,1.824462e-02,0.000000e+00,0.000000e+00
663,12,8597,6.540678e-05,5.546878e-03,1.765999e-02,0.000000e+00,0.000000e+00
664,11,8608,2.337620e-05,5.983908e-03,1.244043e-02,0.000000e+00,0.000000e+00
665,13,8621,1.164712e-04,5.973282e-03,1.484741e-02,0.000000e+00,0.000000e+00
666,10,8631,1.036096e-04,6.212474e-03,1.552902e-02,0.000000e+00,0.000000e+00
667,13,8644,9.916723e-05,5.763216e-03,1.363004e-02,0.000000e+00,0.000000e+00
668,10,8654,2.017757e-04,6.024259e-03,1.625788e-02,0.000000e+00,0.000000e+00
669,13,8667,6.564427e-05,6.068841e-03,1.424260e-02,0.000000e+00,0.000000e+00
670,12,8679,1.595030e-04,6.348394e-03,1.617297e-02,0.000000e+00,0.000000e+00
671,14,8693,1.168856e-04,5.911791e-03,1.497860e-02,0.000000e+00,0.000000e+00
HIST {'total_samples': 713227, 'floor_samples': 6, 'floor_fraction': 8.412468961494727e-06, 'saturation_depth': 2.3283064365386963e-07, 'boundaries': 672, 'capped_boundaries': 0, 'unfinished_worlds': 0}
672,14,8707,4.390255e-04,5.997125e-03,1.390128e-02,0.000000e+00,0.000000e+00
673,12,8719,1.921318e-05,5.833421e-03,1.420795e-02,0.000000e+00,0.000000e+00
674,14,8733,1.073629e-04,6.141761e-03,1.422860e-02,0.000000e+00,0.000000e+00
675,14,8747,3.550667e-04,5.890953e-03,1.658053e-02,0.000000e+00,0.000000e+00
676,14,8761,1.241593e-04,5.899929e-03,1.436283e-02,0.000000e+00,0.000000e+00
677,16,8777,2.896879e-04,5.688207e-03,1.308262e-02,0.000000e+00,0.000000e+00
678,13,8790,9.958632e-05,5.863048e-03,1.471287e-02,0.000000e+00,0.000000e+00
679,12,8802,3.994443e-05,5.750133e-03,1.275051e-02,0.000000e+00,0.000000e+00
680,11,8813,7.003546e-06,5.784628e-03,1.540395e-02,0.000000e+00,0.000000e+00
681,13,8826,1.021102e-04,5.923861e-03,1.426813e-02,0.000000e+00,0.000000e+00
682,10,8836,7.160939e-05,6.088924e-03,1.492877e-02,0.000000e+00,0.000000e+00
683,11,8847,3.627501e-06,5.903611e-03,1.395029e-02,0.000000e+00,0.000000e+00
684,12,8859,8.588657e-05,5.946469e-03,1.442976e-02,0.000000e+00,0.000000e+00
685,12,8871,3.447011e-04,5.867769e-03,1.268919e-02,0.000000e+00,0.000000e+00
686,16,8887,5.647261e-04,6.058003e-03,1.560895e-02,0.000000e+00,0.000000e+00
687,11,8898,2.615899e-04,5.408436e-03,1.121075e-02,0.000000e+00,0.000000e+00
688,10,8908,1.038704e-04,5.833682e-03,1.531774e-02,0.000000e+00,0.000000e+00
689,11,8919,1.238659e-06,5.859164e-03,1.464238e-02,0.000000e+00,0.000000e+00
690,13,8932,6.062910e-06,5.902688e-03,1.607461e-02,0.000000e+00,0.000000e+00
691,24,8956,3.127847e-05,5.884940e-03,1.312518e-02,0.000000e+00,0.000000e+00
692,15,8971,5.084090e-05,5.895654e-03,1.405117e-02,0.000000e+00,0.000000e+00
693,10,8981,1.754612e-05,5.992258e-03,1.407000e-02,0.000000e+00,0.000000e+00
694,16,8997,9.898096e-05,6.139776e-03,1.652513e-02,0.000000e+00,0.000000e+00
695,15,9012,1.451001e-05,5.746934e-03,1.554936e-02,0.000000e+00,0.000000e+00
696,16,9028,2.957415e-05,5.864887e-03,1.477459e-02,0.000000e+00,0.000000e+00
697,14,9042,4.132744e-05,5.491290e-03,1.415616e-02,0.000000e+00,0.000000e+00
698,14,9056,6.980263e-05,5.751578e-03,1.757422e-02,0.000000e+00,0.000000e+00
699,13,9069,6.788410e-05,5.818819e-03,1.390110e-02,0.000000e+00,0.000000e+00
700,13,9082,2.175989e-04,5.962616e-03,1.350978e-02,0.000000e+00,0.000000e+00
701,12,9094,4.079193e-05,5.517983e-03,1.167369e-02,0.000000e+00,0.000000e+00
702,11,9105,2.385583e-05,5.990727e-03,1.342648e-02,0.000000e+00,0.000000e+00
703,11,9116,4.979782e-05,5.909148e-03,1.231828e-02,0.000000e+00,0.000000e+00
704,15,9131,5.505513e-05,5.981304e-03,1.581380e-02,0.000000e+00,0.000000e+00
705,11,9142,2.762396e-04,5.787995e-03,1.261971e-02,0.000000e+00,0.000000e+00
706,15,9157,2.249051e-04,5.875071e-03,1.595267e-02,0.000000e+00,0.000000e+00
707,11,9168,3.589317e-05,5.882671e-03,1.370052e-02,0.000000e+00,0.000000e+00
708,18,9186,6.467104e-05,5.979124e-03,1.776613e-02,0.000000e+00,0.000000e+00
709,16,9202,1.232512e-04,5.653235e-03,1.680778e-02,0.000000e+00,0.000000e+00
710,13,9215,5.333684e-05,5.987518e-03,1.634176e-02,0.000000e+00,0.000000e+00
711,11,9226,6.860495e-04,5.850051e-03,1.534668e-02,0.000000e+00,0.000000e+00
712,15,9241,1.961738e-04,5.896764e-03,1.419211e-02,0.000000e+00,0.000000e+00
713,13,9254,5.350448e-05,5.904160e-03,1.242243e-02,0.000000e+00,0.000000e+00
714,13,9267,2.977438e-05,6.043813e-03,1.609239e-02,0.000000e+00,0.000000e+00
715,11,9278,4.009716e-04,6.053620e-03,1.671102e-02,0.000000e+00,0.000000e+00
716,12,9290,1.133978e-04,5.882175e-03,1.328445e-02,0.000000e+00,0.000000e+00
717,14,9304,1.980923e-05,5.669590e-03,1.371133e-02,0.000000e+00,0.000000e+00
718,9,9313,1.172349e-04,6.018217e-03,1.604609e-02,0.000000e+00,0.000000e+00
719,12,9325,6.753951e-05,5.693217e-03,1.314354e-02,0.000000e+00,0.000000e+00
HIST {'total_samples': 767923, 'floor_samples': 6, 'floor_fraction': 7.813283363045513e-06, 'saturation_depth': 2.3283064365386963e-07, 'boundaries': 720, 'capped_boundaries': 0, 'unfinished_worlds': 0}
720,14,9339,2.767891e-05,5.828954e-03,1.229318e-02,0.000000e+00,0.000000e+00
721,15,9354,1.046062e-04,5.791093e-03,1.459701e-02,0.000000e+00,0.000000e+00
722,13,9367,6.276183e-05,5.870747e-03,1.306400e-02,0.000000e+00,0.000000e+00
723,20,9387,6.787479e-05,5.663314e-03,1.357987e-02,0.000000e+00,0.000000e+00
724,12,9399,2.730405e-04,5.814853e-03,1.192858e-02,0.000000e+00,0.000000e+00
725,12,9411,2.283603e-04,5.629695e-03,1.283604e-02,0.000000e+00,0.000000e+00
726,12,9423,7.275492e-05,5.799698e-03,1.328295e-02,0.000000e+00,0.000000e+00
727,12,9435,1.192000e-04,5.890904e-03,1.433232e-02,0.000000e+00,0.000000e+00
728,14,9449,3.184937e-04,5.757367e-03,1.492850e-02,0.000000e+00,0.000000e+00
729,10,9459,8.434057e-05,5.649445e-03,1.281200e-02,0.000000e+00,0.000000e+00
730,10,9469,2.204906e-05,6.029264e-03,1.213740e-02,0.000000e+00,0.000000e+00
731,11,9480,2.368353e-05,5.871198e-03,1.276006e-02,0.000000e+00,0.000000e+00
732,13,9493,6.793998e-06,5.811147e-03,1.341072e-02,0.000000e+00,0.000000e+00
733,14,9507,8.294359e-05,5.600338e-03,1.225599e-02,0.000000e+00,0.000000e+00
734,13,9520,1.104409e-04,6.132864e-03,1.567324e-02,0.000000e+00,0.000000e+00
735,11,9531,9.378418e-06,5.907455e-03,1.391850e-02,0.000000e+00,0.000000e+00
736,12,9543,1.065154e-04,6.118882e-03,1.311448e-02,0.000000e+00,0.000000e+00
737,13,9556,1.012161e-04,5.908077e-03,1.294792e-02,0.000000e+00,0.000000e+00
738,13,9569,1.559965e-05,5.854239e-03,1.250375e-02,0.000000e+00,0.000000e+00
739,12,9581,5.269423e-05,5.616529e-03,1.204993e-02,0.000000e+00,0.000000e+00
740,10,9591,3.459724e-04,5.955573e-03,1.243433e-02,0.000000e+00,0.000000e+00
741,12,9603,3.978610e-05,5.741106e-03,1.183510e-02,0.000000e+00,0.000000e+00
742,20,9623,1.207087e-04,6.141189e-03,1.358381e-02,0.000000e+00,0.000000e+00
743,24,9647,3.199279e-04,6.204525e-03,1.551635e-02,0.000000e+00,0.000000e+00
744,14,9661,1.444668e-04,5.961803e-03,1.480633e-02,0.000000e+00,0.000000e+00
745,17,9678,2.816506e-04,5.778161e-03,1.274368e-02,0.000000e+00,0.000000e+00
746,26,9704,1.052395e-06,5.835838e-03,1.362987e-02,0.000000e+00,0.000000e+00
747,16,9720,6.332994e-07,5.720184e-03,1.139722e-02,0.000000e+00,0.000000e+00
748,14,9734,8.279458e-06,5.908799e-03,1.239750e-02,0.000000e+00,0.000000e+00
749,16,9750,1.173560e-04,5.717156e-03,1.340205e-02,0.000000e+00,0.000000e+00
750,18,9768,4.269183e-05,5.931153e-03,1.423242e-02,0.000000e+00,0.000000e+00
751,13,9781,2.800021e-05,5.629851e-03,1.562539e-02,0.000000e+00,0.000000e+00
752,13,9794,1.449697e-04,5.846828e-03,1.320617e-02,0.000000e+00,0.000000e+00
753,14,9808,6.893650e-05,5.775583e-03,1.161201e-02,0.000000e+00,0.000000e+00
754,16,9824,1.423527e-05,5.888238e-03,1.209425e-02,0.000000e+00,0.000000e+00
755,14,9838,2.182089e-05,5.866972e-03,1.553311e-02,0.000000e+00,0.000000e+00
756,16,9854,3.595371e-05,6.048388e-03,1.532587e-02,0.000000e+00,0.000000e+00
757,16,9870,1.448346e-04,6.091154e-03,1.618072e-02,0.000000e+00,0.000000e+00
758,18,9888,1.159497e-05,5.918604e-03,1.380611e-02,0.000000e+00,0.000000e+00
759,18,9906,4.311092e-05,5.742534e-03,1.717300e-02,0.000000e+00,0.000000e+00
760,20,9926,1.324061e-04,5.784604e-03,1.396995e-02,0.000000e+00,0.000000e+00
761,14,9940,1.299661e-05,5.814051e-03,1.443782e-02,0.000000e+00,0.000000e+00
762,18,9958,4.089437e-05,5.917357e-03,1.553133e-02,0.000000e+00,0.000000e+00
763,18,9976,1.908746e-05,5.871058e-03,1.596982e-02,0.000000e+00,0.000000e+00
764,13,9989,8.419156e-06,5.832101e-03,1.412881e-02,0.000000e+00,0.000000e+00
765,12,10001,2.424233e-05,5.793858e-03,1.311224e-02,0.000000e+00,0.000000e+00
766,17,10018,1.116470e-04,5.804284e-03,1.453276e-02,0.000000e+00,0.000000e+00
767,15,10033,5.924143e-05,5.547062e-03,1.688595e-02,0.000000e+00,0.000000e+00
HIST {'total_samples': 822289, 'floor_samples': 7, 'floor_fraction': 8.512822134310443e-06, 'saturation_depth': 2.3283064365386963e-07, 'boundaries': 768, 'capped_boundaries': 0, 'unfinished_worlds': 0}
768,11,10044,1.314748e-04,6.093635e-03,1.397728e-02,0.000000e+00,0.000000e+00
769,14,10058,3.599562e-06,5.644039e-03,1.215568e-02,0.000000e+00,0.000000e+00
770,11,10069,7.378869e-05,5.969979e-03,1.277278e-02,0.000000e+00,0.000000e+00
771,16,10085,8.590519e-05,5.859395e-03,1.567574e-02,0.000000e+00,0.000000e+00
772,14,10099,6.064307e-05,6.050194e-03,1.326813e-02,0.000000e+00,0.000000e+00
773,18,10117,2.209703e-04,5.771312e-03,1.245981e-02,0.000000e+00,0.000000e+00
774,12,10129,9.231269e-05,6.146162e-03,1.449719e-02,0.000000e+00,0.000000e+00
775,14,10143,1.088064e-04,5.586389e-03,1.433694e-02,0.000000e+00,0.000000e+00
776,12,10155,8.298084e-05,6.059233e-03,1.451745e-02,0.000000e+00,0.000000e+00
777,18,10173,7.925555e-06,5.721435e-03,1.427650e-02,0.000000e+00,0.000000e+00
778,12,10185,2.565794e-06,5.740523e-03,1.493131e-02,0.000000e+00,0.000000e+00
779,14,10199,5.558599e-05,5.582997e-03,1.321865e-02,0.000000e+00,0.000000e+00
780,13,10212,6.424263e-05,6.113479e-03,1.604685e-02,0.000000e+00,0.000000e+00
781,20,10232,1.371512e-04,5.551695e-03,1.268342e-02,0.000000e+00,0.000000e+00
782,11,10243,2.307352e-05,5.820491e-03,1.514568e-02,0.000000e+00,0.000000e+00
783,12,10255,5.583279e-05,5.814724e-03,1.281254e-02,0.000000e+00,0.000000e+00
784,14,10269,3.238209e-05,6.011993e-03,1.473930e-02,0.000000e+00,0.000000e+00
785,10,10279,1.168717e-04,5.828723e-03,1.318013e-02,0.000000e+00,0.000000e+00
786,16,10295,4.968373e-04,6.115434e-03,1.433911e-02,0.000000e+00,0.000000e+00
787,11,10306,4.152767e-05,5.774732e-03,1.240151e-02,0.000000e+00,0.000000e+00
788,15,10321,3.249524e-04,6.019505e-03,1.342031e-02,0.000000e+00,0.000000e+00
789,19,10340,1.417007e-04,5.547328e-03,1.350011e-02,0.000000e+00,0.000000e+00
790,10,10350,5.452428e-05,6.057206e-03,1.450274e-02,0.000000e+00,0.000000e+00
791,15,10365,5.108304e-05,5.840329e-03,1.309957e-02,0.000000e+00,0.000000e+00
792,13,10378,1.312839e-04,5.783468e-03,1.249645e-02,0.000000e+00,0.000000e+00
793,16,10394,7.667113e-05,5.752888e-03,1.258564e-02,0.000000e+00,0.000000e+00
794,12,10406,1.570303e-04,5.914397e-03,1.472686e-02,0.000000e+00,0.000000e+00
795,12,10418,1.353072e-04,5.728319e-03,1.254973e-02,0.000000e+00,0.000000e+00
796,11,10429,8.684117e-05,5.878000e-03,1.486138e-02,0.000000e+00,0.000000e+00
797,14,10443,9.536743e-06,5.584356e-03,1.142667e-02,0.000000e+00,0.000000e+00
798,11,10454,1.054257e-05,6.232005e-03,1.497517e-02,0.000000e+00,0.000000e+00
799,15,10469,6.927643e-05,5.897588e-03,1.378413e-02,0.000000e+00,0.000000e+00
800,13,10482,1.102826e-04,6.193103e-03,1.478467e-02,0.000000e+00,0.000000e+00
801,15,10497,1.051743e-04,5.923120e-03,1.342063e-02,0.000000e+00,0.000000e+00
802,13,10510,4.174653e-05,6.042945e-03,1.204187e-02,0.000000e+00,0.000000e+00
803,12,10522,1.703855e-04,5.778899e-03,1.174083e-02,0.000000e+00,0.000000e+00
804,12,10534,2.630986e-06,5.965832e-03,1.640751e-02,0.000000e+00,0.000000e+00
805,14,10548,9.545125e-05,5.525857e-03,1.206779e-02,0.000000e+00,0.000000e+00
806,23,10571,7.396098e-05,5.962142e-03,1.291220e-02,0.000000e+00,0.000000e+00
807,12,10583,1.326669e-05,5.815289e-03,1.445203e-02,0.000000e+00,0.000000e+00
808,11,10594,9.753276e-05,6.330934e-03,1.276207e-02,0.000000e+00,0.000000e+00
809,15,10609,9.359792e-07,5.980138e-03,1.587366e-02,0.000000e+00,0.000000e+00
810,17,10626,1.540687e-04,5.914400e-03,1.727104e-02,0.000000e+00,0.000000e+00
811,15,10641,4.712492e-06,5.503999e-03,1.508022e-02,0.000000e+00,0.000000e+00
812,14,10655,2.761371e-05,5.722872e-03,1.328961e-02,0.000000e+00,0.000000e+00
813,13,10668,3.108755e-05,5.578601e-03,1.442024e-02,0.000000e+00,0.000000e+00
814,15,10683,1.575798e-04,5.759151e-03,1.310430e-02,0.000000e+00,0.000000e+00
815,12,10695,5.508307e-05,5.844744e-03,1.603313e-02,0.000000e+00,0.000000e+00
HIST {'total_samples': 876988, 'floor_samples': 8, 'floor_fraction': 9.122131659726244e-06, 'saturation_depth': 2.3283064365386963e-07, 'boundaries': 816, 'capped_boundaries': 0, 'unfinished_worlds': 0}
816,11,10706,3.361143e-05,5.713871e-03,1.396629e-02,0.000000e+00,0.000000e+00
817,13,10719,8.733943e-05,5.647707e-03,1.303739e-02,0.000000e+00,0.000000e+00
818,12,10731,1.122709e-04,5.840036e-03,1.493136e-02,0.000000e+00,0.000000e+00
819,10,10741,1.225946e-04,6.030798e-03,1.392900e-02,0.000000e+00,0.000000e+00
820,10,10751,2.456363e-05,6.029071e-03,1.418494e-02,0.000000e+00,0.000000e+00
821,14,10765,1.282897e-05,5.868675e-03,1.098520e-02,0.000000e+00,0.000000e+00
822,10,10775,3.247429e-04,6.125315e-03,1.556617e-02,0.000000e+00,0.000000e+00
823,11,10786,1.084525e-05,5.851400e-03,1.224387e-02,0.000000e+00,0.000000e+00
824,12,10798,2.209563e-05,5.870562e-03,1.366594e-02,0.000000e+00,0.000000e+00
825,16,10814,1.668418e-04,5.720716e-03,1.449722e-02,0.000000e+00,0.000000e+00
826,13,10827,1.119450e-05,5.906035e-03,1.423431e-02,0.000000e+00,0.000000e+00
827,15,10842,1.320615e-05,5.750521e-03,1.268927e-02,0.000000e+00,0.000000e+00
828,13,10855,2.531335e-05,6.083776e-03,1.537389e-02,0.000000e+00,0.000000e+00
829,12,10867,2.361881e-04,5.922138e-03,1.297996e-02,0.000000e+00,0.000000e+00
830,11,10878,7.096212e-05,5.972113e-03,1.431813e-02,0.000000e+00,0.000000e+00
831,12,10890,3.525056e-05,5.955544e-03,1.330998e-02,0.000000e+00,0.000000e+00
832,10,10900,3.224239e-05,5.875231e-03,1.381639e-02,0.000000e+00,0.000000e+00
833,14,10914,3.371388e-06,5.806921e-03,1.291501e-02,0.000000e+00,0.000000e+00
834,10,10924,4.040543e-05,5.871573e-03,1.351093e-02,0.000000e+00,0.000000e+00
835,11,10935,1.506228e-04,5.670405e-03,1.299062e-02,0.000000e+00,0.000000e+00
836,13,10948,7.211696e-05,5.777881e-03,1.387287e-02,0.000000e+00,0.000000e+00
837,14,10962,2.188608e-04,5.553825e-03,1.333613e-02,0.000000e+00,0.000000e+00
838,11,10973,6.632879e-05,5.612446e-03,1.391204e-02,0.000000e+00,0.000000e+00
839,12,10985,8.665491e-05,5.740700e-03,1.219997e-02,0.000000e+00,0.000000e+00
840,10,10995,5.654059e-05,5.874690e-03,1.249440e-02,0.000000e+00,0.000000e+00
841,12,11007,5.032402e-05,5.834250e-03,1.296875e-02,0.000000e+00,0.000000e+00
842,14,11021,2.094172e-04,5.852346e-03,1.358896e-02,0.000000e+00,0.000000e+00
843,13,11034,4.386529e-05,6.008156e-03,1.503414e-02,0.000000e+00,0.000000e+00
844,17,11051,6.859191e-05,6.037320e-03,1.519471e-02,0.000000e+00,0.000000e+00
845,10,11061,5.732756e-05,5.665812e-03,1.475568e-02,0.000000e+00,0.000000e+00
846,15,11076,6.508082e-05,5.860032e-03,1.763136e-02,0.000000e+00,0.000000e+00
847,13,11089,1.533749e-04,5.719268e-03,1.520945e-02,0.000000e+00,0.000000e+00
848,11,11100,2.004113e-04,6.028962e-03,1.408170e-02,0.000000e+00,0.000000e+00
849,16,11116,1.294073e-05,5.610409e-03,1.345823e-02,0.000000e+00,0.000000e+00
850,14,11130,2.285652e-04,5.752683e-03,1.302443e-02,0.000000e+00,0.000000e+00
851,12,11142,2.322719e-05,5.597477e-03,1.361648e-02,0.000000e+00,0.000000e+00
852,17,11159,6.202608e-06,5.709903e-03,1.345416e-02,0.000000e+00,0.000000e+00
853,17,11176,6.014947e-05,5.572882e-03,1.695130e-02,0.000000e+00,0.000000e+00
854,10,11186,1.608394e-05,5.575490e-03,1.305622e-02,0.000000e+00,0.000000e+00
855,11,11197,3.250316e-06,5.737526e-03,1.318481e-02,0.000000e+00,0.000000e+00
856,19,11216,5.316921e-05,5.630626e-03,1.506273e-02,0.000000e+00,0.000000e+00
857,17,11233,7.239170e-05,5.555419e-03,1.296764e-02,0.000000e+00,0.000000e+00
858,16,11249,4.876405e-05,5.960218e-03,1.266807e-02,0.000000e+00,0.000000e+00
859,13,11262,2.443092e-04,5.749335e-03,1.630578e-02,0.000000e+00,0.000000e+00
860,12,11274,2.517365e-05,6.029470e-03,1.533400e-02,0.000000e+00,0.000000e+00
861,11,11285,2.572685e-04,5.562244e-03,1.412764e-02,0.000000e+00,0.000000e+00
862,14,11299,1.343247e-04,5.596072e-03,1.780647e-02,0.000000e+00,0.000000e+00
863,11,11310,3.326219e-04,5.376270e-03,1.235174e-02,0.000000e+00,0.000000e+00
HIST {'total_samples': 932509, 'floor_samples': 8, 'floor_fraction': 8.579005671795125e-06, 'saturation_depth': 2.3283064365386963e-07, 'boundaries': 864, 'capped_boundaries': 0, 'unfinished_worlds': 0}
864,10,11320,2.053985e-04,5.797386e-03,1.424579e-02,0.000000e+00,0.000000e+00
865,10,11330,3.254972e-06,5.806240e-03,1.495771e-02,0.000000e+00,0.000000e+00
866,11,11341,7.451978e-05,5.863905e-03,1.508093e-02,0.000000e+00,0.000000e+00
867,11,11352,7.916242e-07,5.681751e-03,1.549783e-02,0.000000e+00,0.000000e+00
868,13,11365,1.300918e-04,5.562833e-03,1.468088e-02,0.000000e+00,0.000000e+00
869,11,11376,6.115064e-05,5.588106e-03,1.546771e-02,0.000000e+00,0.000000e+00
870,11,11387,2.682209e-05,5.715249e-03,1.571893e-02,0.000000e+00,0.000000e+00
871,14,11401,8.516479e-05,5.414641e-03,1.614225e-02,0.000000e+00,0.000000e+00
872,13,11414,5.065463e-05,5.660681e-03,1.337877e-02,0.000000e+00,0.000000e+00
873,12,11426,1.222035e-04,5.554881e-03,1.150138e-02,0.000000e+00,0.000000e+00
874,13,11439,1.007318e-04,5.580002e-03,1.593741e-02,0.000000e+00,0.000000e+00
875,17,11456,3.854278e-05,5.318238e-03,1.287873e-02,0.000000e+00,0.000000e+00
876,13,11469,1.241453e-04,5.737389e-03,1.509268e-02,0.000000e+00,0.000000e+00
877,12,11481,6.047077e-05,5.470468e-03,1.243116e-02,0.000000e+00,0.000000e+00
878,14,11495,6.613368e-04,5.962772e-03,1.290419e-02,0.000000e+00,0.000000e+00
879,13,11508,1.018634e-04,5.738019e-03,1.205931e-02,0.000000e+00,0.000000e+00
880,15,11523,4.371628e-05,5.752425e-03,1.335527e-02,0.000000e+00,0.000000e+00
881,12,11535,2.691522e-06,5.651603e-03,1.277276e-02,0.000000e+00,0.000000e+00
882,10,11545,2.644723e-04,5.799494e-03,1.332578e-02,0.000000e+00,0.000000e+00
883,10,11555,1.577102e-04,5.961842e-03,1.482006e-02,0.000000e+00,0.000000e+00
884,12,11567,3.052410e-05,5.617473e-03,1.307293e-02,0.000000e+00,0.000000e+00
885,14,11581,6.930437e-05,5.365533e-03,1.330968e-02,0.000000e+00,0.000000e+00
886,14,11595,3.574882e-05,5.633824e-03,1.549872e-02,0.000000e+00,0.000000e+00
887,13,11608,1.059799e-04,5.715667e-03,1.464408e-02,0.000000e+00,0.000000e+00
888,12,11620,8.036848e-05,5.898238e-03,1.455470e-02,0.000000e+00,0.000000e+00
889,11,11631,2.448447e-05,5.817964e-03,1.300013e-02,0.000000e+00,0.000000e+00
890,13,11644,1.005875e-04,6.302700e-03,1.828063e-02,0.000000e+00,0.000000e+00
891,13,11657,1.514424e-04,5.732792e-03,1.460605e-02,0.000000e+00,0.000000e+00
892,13,11670,1.028134e-04,5.813027e-03,1.489799e-02,0.000000e+00,0.000000e+00
893,12,11682,3.101304e-05,5.956367e-03,1.344798e-02,0.000000e+00,0.000000e+00
894,17,11699,8.661300e-06,6.103621e-03,1.439195e-02,0.000000e+00,0.000000e+00
895,15,11714,7.336494e-05,5.795665e-03,1.372442e-02,0.000000e+00,0.000000e+00
896,19,11733,8.828938e-06,6.172000e-03,1.326371e-02,0.000000e+00,0.000000e+00
897,15,11748,6.066635e-05,5.643990e-03,1.392206e-02,0.000000e+00,0.000000e+00
898,12,11760,6.873161e-05,5.684822e-03,1.365745e-02,0.000000e+00,0.000000e+00
899,14,11774,5.510636e-05,5.375852e-03,1.231745e-02,0.000000e+00,0.000000e+00
900,16,11790,2.309680e-04,5.829886e-03,1.463926e-02,0.000000e+00,0.000000e+00
901,14,11804,2.840906e-04,5.726413e-03,1.449856e-02,0.000000e+00,0.000000e+00
902,13,11817,2.321322e-05,5.607016e-03,1.408916e-02,0.000000e+00,0.000000e+00
903,13,11830,4.069880e-06,5.523648e-03,1.317165e-02,0.000000e+00,0.000000e+00
904,16,11846,8.118339e-05,5.962929e-03,1.564623e-02,0.000000e+00,0.000000e+00
905,14,11860,3.192574e-05,5.681147e-03,1.568186e-02,0.000000e+00,0.000000e+00
906,10,11870,2.700835e-06,5.532478e-03,1.185514e-02,0.000000e+00,0.000000e+00
907,15,11885,1.247972e-06,5.458225e-03,1.313379e-02,0.000000e+00,0.000000e+00
908,14,11899,3.681518e-05,5.799180e-03,1.647822e-02,0.000000e+00,0.000000e+00
909,10,11909,1.848675e-06,5.377543e-03,1.405268e-02,0.000000e+00,0.000000e+00
910,11,11920,5.941838e-06,5.644382e-03,1.266214e-02,0.000000e+00,0.000000e+00
911,13,11933,1.700502e-04,5.540576e-03,1.717300e-02,0.000000e+00,0.000000e+00
HIST {'total_samples': 989256, 'floor_samples': 9, 'floor_fraction': 9.097746185011766e-06, 'saturation_depth': 2.3283064365386963e-07, 'boundaries': 912, 'capped_boundaries': 0, 'unfinished_worlds': 0}
912,11,11944,3.059395e-05,5.780615e-03,1.279443e-02,0.000000e+00,0.000000e+00
913,15,11959,1.276704e-04,5.605569e-03,1.303996e-02,0.000000e+00,0.000000e+00
914,12,11971,9.887852e-05,5.818333e-03,1.503179e-02,0.000000e+00,0.000000e+00
915,12,11983,1.498824e-04,5.520409e-03,1.176963e-02,0.000000e+00,0.000000e+00
916,18,12001,8.366071e-05,5.791545e-03,1.432116e-02,0.000000e+00,0.000000e+00
917,13,12014,1.281453e-04,5.698006e-03,1.341696e-02,0.000000e+00,0.000000e+00
918,13,12027,4.321337e-06,5.898227e-03,1.308140e-02,0.000000e+00,0.000000e+00
919,12,12039,5.711801e-05,5.739232e-03,1.330105e-02,0.000000e+00,0.000000e+00
920,10,12049,3.878493e-05,5.753942e-03,1.252262e-02,0.000000e+00,0.000000e+00
921,16,12065,9.251293e-05,5.661947e-03,1.292357e-02,0.000000e+00,0.000000e+00
922,15,12080,2.045138e-04,5.990479e-03,1.315523e-02,0.000000e+00,0.000000e+00
923,13,12093,1.947768e-04,5.514449e-03,1.641858e-02,0.000000e+00,0.000000e+00
924,13,12106,6.780028e-05,5.823495e-03,1.309368e-02,0.000000e+00,0.000000e+00
925,13,12119,9.578653e-06,5.796521e-03,1.343338e-02,0.000000e+00,0.000000e+00
926,13,12132,7.093884e-05,5.496307e-03,1.794251e-02,0.000000e+00,0.000000e+00
927,17,12149,9.266660e-06,5.912992e-03,1.203666e-02,0.000000e+00,0.000000e+00
928,13,12162,1.406297e-06,5.818930e-03,1.450421e-02,0.000000e+00,0.000000e+00
929,13,12175,8.154195e-05,5.648389e-03,1.406526e-02,0.000000e+00,0.000000e+00
930,10,12185,1.017936e-05,6.058309e-03,1.389243e-02,0.000000e+00,0.000000e+00
931,12,12197,1.726206e-04,5.798955e-03,1.574686e-02,0.000000e+00,0.000000e+00
932,13,12210,7.847324e-05,5.768566e-03,1.257325e-02,0.000000e+00,0.000000e+00
933,15,12225,7.443130e-05,5.506048e-03,1.315756e-02,0.000000e+00,0.000000e+00
934,18,12243,9.666197e-05,5.765235e-03,1.244737e-02,0.000000e+00,0.000000e+00
935,13,12256,2.804771e-04,5.564414e-03,1.351402e-02,0.000000e+00,0.000000e+00
936,13,12269,1.957314e-04,5.627686e-03,1.821472e-02,0.000000e+00,0.000000e+00
937,9,12278,3.227964e-05,5.497476e-03,1.303585e-02,0.000000e+00,0.000000e+00
938,22,12300,5.281530e-05,5.758869e-03,1.363136e-02,0.000000e+00,0.000000e+00
939,12,12312,7.274561e-05,5.362728e-03,1.184817e-02,0.000000e+00,0.000000e+00
940,12,12324,2.728403e-04,5.729424e-03,1.224441e-02,0.000000e+00,0.000000e+00
941,12,12336,5.604234e-05,5.437185e-03,1.387101e-02,0.000000e+00,0.000000e+00
942,11,12347,3.624707e-05,5.597013e-03,1.434099e-02,0.000000e+00,0.000000e+00
943,11,12358,3.930880e-04,5.337940e-03,1.142079e-02,0.000000e+00,0.000000e+00
944,9,12367,5.192123e-06,5.644829e-03,1.130866e-02,0.000000e+00,0.000000e+00
945,16,12383,7.417053e-05,5.353129e-03,1.418355e-02,0.000000e+00,0.000000e+00
946,16,12399,3.759749e-05,5.826424e-03,1.528846e-02,0.000000e+00,0.000000e+00
947,11,12410,6.681774e-05,5.725704e-03,1.250154e-02,0.000000e+00,0.000000e+00
948,13,12423,1.037493e-05,5.729035e-03,1.604840e-02,0.000000e+00,0.000000e+00
949,11,12434,2.105720e-05,5.418249e-03,1.251650e-02,0.000000e+00,0.000000e+00
950,12,12446,1.187949e-04,5.625254e-03,1.500443e-02,0.000000e+00,0.000000e+00
951,10,12456,1.600012e-05,5.622137e-03,2.247731e-02,0.000000e+00,0.000000e+00
952,11,12467,7.668976e-05,5.649586e-03,1.509924e-02,0.000000e+00,0.000000e+00
953,13,12480,4.883390e-05,5.586181e-03,1.153515e-02,0.000000e+00,0.000000e+00
954,12,12492,1.998432e-04,5.652760e-03,2.119156e-02,0.000000e+00,0.000000e+00
955,18,12510,9.243377e-06,5.368979e-03,1.105739e-02,0.000000e+00,0.000000e+00
956,19,12529,3.445428e-05,5.431300e-03,1.482895e-02,0.000000e+00,0.000000e+00
957,14,12543,1.149718e-04,5.627528e-03,1.361651e-02,0.000000e+00,0.000000e+00
958,13,12556,7.674564e-05,5.809696e-03,1.413095e-02,0.000000e+00,0.000000e+00
959,13,12569,1.210719e-06,5.529059e-03,1.475294e-02,0.000000e+00,0.000000e+00
HIST {'total_samples': 1046204, 'floor_samples': 9, 'floor_fraction': 8.602528761121158e-06, 'saturation_depth': 2.3283064365386963e-07, 'boundaries': 960, 'capped_boundaries': 0, 'unfinished_worlds': 0}
960,11,12580,1.177192e-05,5.415309e-03,1.259696e-02,0.000000e+00,0.000000e+00
961,12,12592,1.086947e-04,5.247747e-03,1.213737e-02,0.000000e+00,0.000000e+00
962,19,12611,3.620982e-05,5.560347e-03,1.393290e-02,0.000000e+00,0.000000e+00
963,11,12622,2.542604e-04,5.386529e-03,1.387397e-02,0.000000e+00,0.000000e+00
964,15,12637,6.040093e-05,5.538899e-03,1.358208e-02,0.000000e+00,0.000000e+00
965,16,12653,2.157688e-04,5.475960e-03,1.576359e-02,0.000000e+00,0.000000e+00
966,14,12667,2.445001e-04,5.783086e-03,1.474119e-02,0.000000e+00,0.000000e+00
967,27,12694,5.089678e-06,5.479242e-03,1.329617e-02,0.000000e+00,0.000000e+00
968,11,12705,2.667308e-05,5.482326e-03,1.357733e-02,0.000000e+00,0.000000e+00
969,12,12717,1.333328e-04,5.695441e-03,1.500969e-02,0.000000e+00,0.000000e+00
970,10,12727,7.919036e-05,5.925691e-03,1.362006e-02,0.000000e+00,0.000000e+00
971,12,12739,3.121328e-05,5.609843e-03,1.349775e-02,0.000000e+00,0.000000e+00
972,17,12756,5.296431e-05,5.841286e-03,1.502718e-02,0.000000e+00,0.000000e+00
973,11,12767,3.253203e-04,5.558571e-03,1.247713e-02,0.000000e+00,0.000000e+00
974,13,12780,3.657304e-05,5.726026e-03,1.243927e-02,0.000000e+00,0.000000e+00
975,12,12792,1.883786e-04,5.728066e-03,1.336758e-02,0.000000e+00,0.000000e+00
976,13,12805,1.152419e-04,5.730674e-03,1.249738e-02,0.000000e+00,0.000000e+00
977,14,12819,1.630466e-04,5.557621e-03,1.401349e-02,0.000000e+00,0.000000e+00
978,10,12829,2.184883e-05,5.892362e-03,1.242715e-02,0.000000e+00,0.000000e+00
979,14,12843,1.320383e-04,5.827377e-03,1.254772e-02,0.000000e+00,0.000000e+00
980,14,12857,1.606438e-04,6.285078e-03,1.358295e-02,0.000000e+00,0.000000e+00
981,15,12872,6.044284e-06,5.827633e-03,1.256703e-02,0.000000e+00,0.000000e+00
982,13,12885,7.948838e-06,6.116515e-03,1.540911e-02,0.000000e+00,0.000000e+00
983,12,12897,1.937244e-04,5.820636e-03,1.371366e-02,0.000000e+00,0.000000e+00
984,13,12910,2.363278e-04,5.820065e-03,1.535896e-02,0.000000e+00,0.000000e+00
985,10,12920,5.284324e-05,5.592134e-03,1.949686e-02,0.000000e+00,0.000000e+00
986,10,12930,6.118789e-06,5.500638e-03,1.545200e-02,0.000000e+00,0.000000e+00
987,11,12941,2.706423e-04,5.699350e-03,1.621614e-02,0.000000e+00,0.000000e+00
988,11,12952,5.875714e-05,5.777054e-03,1.434695e-02,0.000000e+00,0.000000e+00
989,14,12966,1.743203e-04,5.658576e-03,1.745413e-02,0.000000e+00,0.000000e+00
990,13,12979,8.102506e-07,5.775740e-03,1.367211e-02,0.000000e+00,0.000000e+00
991,11,12990,3.640633e-04,5.724256e-03,1.486902e-02,0.000000e+00,0.000000e+00
992,11,13001,6.664079e-05,5.855368e-03,1.796190e-02,0.000000e+00,0.000000e+00
993,10,13011,4.539452e-04,5.587373e-03,1.267441e-02,0.000000e+00,0.000000e+00
994,11,13022,6.052665e-05,5.761866e-03,1.268516e-02,0.000000e+00,0.000000e+00
995,12,13034,4.026107e-05,5.596465e-03,1.278200e-02,0.000000e+00,0.000000e+00
996,13,13047,5.967915e-05,5.903719e-03,1.597483e-02,0.000000e+00,0.000000e+00
997,11,13058,2.362300e-05,5.838574e-03,1.973983e-02,0.000000e+00,0.000000e+00
998,13,13071,1.455750e-04,5.834972e-03,1.279993e-02,0.000000e+00,0.000000e+00
999,13,13084,8.435454e-05,5.828419e-03,1.209858e-02,0.000000e+00,0.000000e+00
1000,14,13098,6.999355e-05,6.012808e-03,1.317819e-02,0.000000e+00,0.000000e+00
1001,30,13128,4.636589e-05,5.497891e-03,1.395337e-02,0.000000e+00,0.000000e+00
1002,22,13150,1.597311e-04,6.104919e-03,1.598845e-02,0.000000e+00,0.000000e+00
1003,22,13172,3.722496e-05,5.679711e-03,1.340082e-02,0.000000e+00,0.000000e+00
1004,15,13187,2.240250e-04,5.933002e-03,1.475660e-02,0.000000e+00,0.000000e+00
1005,12,13199,4.692469e-05,5.485598e-03,1.423886e-02,0.000000e+00,0.000000e+00
1006,15,13214,7.207505e-05,5.685696e-03,1.584593e-02,0.000000e+00,0.000000e+00
1007,13,13227,1.864042e-05,5.705733e-03,1.485105e-02,0.000000e+00,0.000000e+00
HIST {'total_samples': 1102708, 'floor_samples': 10, 'floor_fraction': 9.068583886214664e-06, 'saturation_depth': 2.3283064365386963e-07, 'boundaries': 1008, 'capped_boundaries': 0, 'unfinished_worlds': 0}
1008,11,13238,2.362300e-05,5.722435e-03,1.229179e-02,0.000000e+00,0.000000e+00
1009,13,13251,1.616077e-04,5.607748e-03,1.346388e-02,0.000000e+00,0.000000e+00
1010,15,13266,1.016818e-04,5.898627e-03,1.350913e-02,0.000000e+00,0.000000e+00
1011,15,13281,3.344845e-05,5.640433e-03,1.258023e-02,0.000000e+00,0.000000e+00
1012,12,13293,4.204921e-05,5.934604e-03,1.263628e-02,0.000000e+00,0.000000e+00
1013,11,13304,7.943716e-05,5.620398e-03,1.298321e-02,0.000000e+00,0.000000e+00
1014,14,13318,2.208725e-04,5.911672e-03,1.546030e-02,0.000000e+00,0.000000e+00
1015,13,13331,6.797723e-05,5.293604e-03,1.210525e-02,0.000000e+00,0.000000e+00
1016,15,13346,4.543969e-04,5.760283e-03,1.311299e-02,0.000000e+00,0.000000e+00
1017,13,13359,5.050562e-05,5.365655e-03,1.382736e-02,0.000000e+00,0.000000e+00
1018,16,13375,1.649046e-04,5.710004e-03,1.578067e-02,0.000000e+00,0.000000e+00
1019,17,13392,7.357448e-06,5.663343e-03,1.442821e-02,0.000000e+00,0.000000e+00
1020,12,13404,2.331566e-05,5.793457e-03,1.749154e-02,0.000000e+00,0.000000e+00
1021,14,13418,3.756490e-05,5.488655e-03,1.434925e-02,0.000000e+00,0.000000e+00
1022,13,13431,4.589042e-05,5.507927e-03,1.564870e-02,0.000000e+00,0.000000e+00
1023,11,13442,1.228178e-06,5.439216e-03,1.553219e-02,0.000000e+00,0.000000e+00
1024,11,13453,1.078014e-04,5.616362e-03,1.341465e-02,0.000000e+00,0.000000e+00
1025,13,13466,2.878414e-05,5.751854e-03,1.271952e-02,0.000000e+00,0.000000e+00
1026,11,13477,1.619702e-05,5.941549e-03,1.353975e-02,0.000000e+00,0.000000e+00
1027,10,13487,3.253653e-05,5.464638e-03,1.438096e-02,0.000000e+00,0.000000e+00
1028,12,13499,1.206435e-04,5.643614e-03,1.252854e-02,0.000000e+00,0.000000e+00
1029,13,13512,1.289882e-06,5.435152e-03,1.220959e-02,0.000000e+00,0.000000e+00
1030,11,13523,4.282337e-05,5.717189e-03,1.389888e-02,0.000000e+00,0.000000e+00
1031,11,13534,2.527875e-04,5.645033e-03,1.330901e-02,0.000000e+00,0.000000e+00
1032,12,13546,8.496818e-05,5.664761e-03,1.321299e-02,0.000000e+00,0.000000e+00
1033,12,13558,7.147859e-05,5.533574e-03,1.439219e-02,0.000000e+00,0.000000e+00
1034,16,13574,2.302229e-05,5.330960e-03,1.336974e-02,0.000000e+00,0.000000e+00
1035,11,13585,7.580095e-05,5.746383e-03,1.415280e-02,0.000000e+00,0.000000e+00
1036,12,13597,1.819535e-04,5.756146e-03,1.735229e-02,0.000000e+00,0.000000e+00
1037,13,13610,1.381338e-04,5.495162e-03,1.281891e-02,0.000000e+00,0.000000e+00
1038,13,13623,1.287687e-04,5.798631e-03,1.409890e-02,0.000000e+00,0.000000e+00
1039,14,13637,1.077540e-05,5.403237e-03,1.316102e-02,0.000000e+00,0.000000e+00
1040,15,13652,4.077753e-05,5.682901e-03,1.334860e-02,0.000000e+00,0.000000e+00
1041,12,13664,1.494577e-04,5.407162e-03,1.359214e-02,0.000000e+00,0.000000e+00
1042,13,13677,3.601071e-05,5.522007e-03,1.223205e-02,0.000000e+00,0.000000e+00
1043,13,13690,1.188135e-04,5.272957e-03,1.605197e-02,0.000000e+00,0.000000e+00
1044,13,13703,7.134397e-05,5.689687e-03,1.260346e-02,0.000000e+00,0.000000e+00
1045,13,13716,6.269474e-05,5.412405e-03,1.483457e-02,0.000000e+00,0.000000e+00
1046,13,13729,1.435401e-04,5.441025e-03,1.516152e-02,0.000000e+00,0.000000e+00
1047,15,13744,1.365971e-04,5.267146e-03,1.374421e-02,0.000000e+00,0.000000e+00
1048,15,13759,9.019859e-05,5.568376e-03,1.407087e-02,0.000000e+00,0.000000e+00
1049,12,13771,9.373506e-05,5.407840e-03,1.142672e-02,0.000000e+00,0.000000e+00
1050,15,13786,9.828815e-06,5.607751e-03,1.268543e-02,0.000000e+00,0.000000e+00
1051,13,13799,6.731228e-06,5.286511e-03,1.168489e-02,0.000000e+00,0.000000e+00
1052,14,13813,1.171697e-04,5.563200e-03,1.302174e-02,0.000000e+00,0.000000e+00
1053,14,13827,1.875171e-04,5.518262e-03,1.518102e-02,0.000000e+00,0.000000e+00
1054,12,13839,6.758370e-05,5.712359e-03,1.635397e-02,0.000000e+00,0.000000e+00
1055,11,13850,1.264853e-04,5.653704e-03,1.511357e-02,0.000000e+00,0.000000e+00
HIST {'total_samples': 1159280, 'floor_samples': 10, 'floor_fraction': 8.626043751293907e-06, 'saturation_depth': 2.3283064365386963e-07, 'boundaries': 1056, 'capped_boundaries': 0, 'unfinished_worlds': 0}
1056,16,13866,5.454873e-05,5.695055e-03,1.626094e-02,0.000000e+00,0.000000e+00
1057,12,13878,4.650094e-05,5.638865e-03,1.246488e-02,0.000000e+00,0.000000e+00
1058,14,13892,3.947597e-04,5.568417e-03,1.190600e-02,0.000000e+00,0.000000e+00
1059,14,13906,5.448766e-05,5.350334e-03,1.486492e-02,0.000000e+00,0.000000e+00
1060,12,13918,4.135091e-05,5.627213e-03,1.194525e-02,0.000000e+00,0.000000e+00
1061,13,13931,9.387266e-05,5.314202e-03,1.305299e-02,0.000000e+00,0.000000e+00
1062,20,13951,1.009040e-04,5.708638e-03,1.681195e-02,0.000000e+00,0.000000e+00
1063,12,13963,1.975941e-04,5.563557e-03,1.320507e-02,0.000000e+00,0.000000e+00
1064,11,13974,7.050112e-06,5.840454e-03,1.508743e-02,0.000000e+00,0.000000e+00
1065,11,13985,4.495062e-05,5.461195e-03,1.211701e-02,0.000000e+00,0.000000e+00
1066,13,13998,1.364388e-06,5.441247e-03,1.948423e-02,0.000000e+00,0.000000e+00
1067,11,14009,1.391256e-04,5.501728e-03,1.550883e-02,0.000000e+00,0.000000e+00
1068,15,14024,1.093373e-05,5.493591e-03,1.236518e-02,0.000000e+00,0.000000e+00
1069,20,14044,5.665903e-06,5.716031e-03,1.448468e-02,0.000000e+00,0.000000e+00
1070,14,14058,3.074041e-04,5.855332e-03,1.406860e-02,0.000000e+00,0.000000e+00
1071,15,14073,1.752656e-04,5.666328e-03,1.495504e-02,0.000000e+00,0.000000e+00
1072,18,14091,4.411600e-05,5.555172e-03,1.893305e-02,0.000000e+00,0.000000e+00
1073,13,14104,1.112145e-05,5.506138e-03,1.228421e-02,0.000000e+00,0.000000e+00
1074,15,14119,1.798839e-05,5.281917e-03,1.302344e-02,0.000000e+00,0.000000e+00
1075,11,14130,4.435689e-04,5.596787e-03,1.298093e-02,0.000000e+00,0.000000e+00
1076,14,14144,7.333103e-05,5.651398e-03,1.278033e-02,0.000000e+00,0.000000e+00
1077,13,14157,3.094194e-06,5.093869e-03,1.372237e-02,0.000000e+00,0.000000e+00
1078,16,14173,9.857991e-05,5.393669e-03,1.351592e-02,0.000000e+00,0.000000e+00
1079,12,14185,1.103222e-04,5.423697e-03,1.484785e-02,0.000000e+00,0.000000e+00
1080,11,14196,2.792571e-05,5.456365e-03,1.452659e-02,0.000000e+00,0.000000e+00
1081,14,14210,6.137496e-06,5.698531e-03,1.436057e-02,0.000000e+00,0.000000e+00
1082,11,14221,1.076861e-05,5.568196e-03,1.346067e-02,0.000000e+00,0.000000e+00
1083,24,14245,3.118961e-05,5.552638e-03,1.227421e-02,0.000000e+00,0.000000e+00
1084,14,14259,3.099283e-05,5.601444e-03,1.650849e-02,0.000000e+00,0.000000e+00
1085,12,14271,7.375143e-05,5.385750e-03,1.225824e-02,0.000000e+00,0.000000e+00
1086,14,14285,1.436357e-04,5.768459e-03,1.465158e-02,0.000000e+00,0.000000e+00
1087,13,14298,2.765775e-05,5.471535e-03,1.435893e-02,0.000000e+00,0.000000e+00
1088,14,14312,5.733222e-05,5.662962e-03,1.266862e-02,0.000000e+00,0.000000e+00
1089,10,14322,2.100727e-04,5.676124e-03,1.311961e-02,0.000000e+00,0.000000e+00
1090,12,14334,1.455492e-05,5.545022e-03,1.274871e-02,0.000000e+00,0.000000e+00
1091,13,14347,1.473847e-04,5.556391e-03,1.797005e-02,0.000000e+00,0.000000e+00
1092,14,14361,3.981738e-05,5.544373e-03,1.531350e-02,0.000000e+00,0.000000e+00
1093,14,14375,1.587810e-06,5.590236e-03,1.279115e-02,0.000000e+00,0.000000e+00
1094,10,14385,8.484604e-05,5.761705e-03,1.308441e-02,0.000000e+00,0.000000e+00
1095,14,14399,5.100330e-05,5.539441e-03,1.389431e-02,0.000000e+00,0.000000e+00
1096,14,14413,1.187397e-04,5.619867e-03,1.676614e-02,0.000000e+00,0.000000e+00
1097,13,14426,1.076236e-04,5.654345e-03,1.270139e-02,0.000000e+00,0.000000e+00
1098,14,14440,9.733817e-05,5.573841e-03,1.330381e-02,0.000000e+00,0.000000e+00
1099,14,14454,1.707744e-04,5.692781e-03,1.476024e-02,0.000000e+00,0.000000e+00
1100,14,14468,2.776273e-05,5.835403e-03,1.526304e-02,0.000000e+00,0.000000e+00
1101,13,14481,3.259163e-05,5.351268e-03,1.131073e-02,0.000000e+00,0.000000e+00
1102,13,14494,2.439392e-04,5.802743e-03,1.407632e-02,0.000000e+00,0.000000e+00
1103,14,14508,4.563481e-06,5.394177e-03,1.288558e-02,0.000000e+00,0.000000e+00
HIST {'total_samples': 1215147, 'floor_samples': 10, 'floor_fraction': 8.229457012196878e-06, 'saturation_depth': 2.3283064365386963e-07, 'boundaries': 1104, 'capped_boundaries': 0, 'unfinished_worlds': 0}
1104,11,14519,8.431263e-05,5.625196e-03,1.326332e-02,0.000000e+00,0.000000e+00
1105,15,14534,2.813991e-05,5.261027e-03,1.248081e-02,0.000000e+00,0.000000e+00
1106,14,14548,1.870087e-05,5.511168e-03,1.246446e-02,0.000000e+00,0.000000e+00
1107,23,14571,5.964465e-06,5.666099e-03,1.641305e-02,0.000000e+00,0.000000e+00
1108,20,14591,6.427237e-05,5.632669e-03,1.256741e-02,0.000000e+00,0.000000e+00
1109,12,14603,2.025238e-04,5.422723e-03,1.244720e-02,0.000000e+00,0.000000e+00
1110,14,14617,1.159848e-04,5.615229e-03,1.325190e-02,0.000000e+00,0.000000e+00
1111,14,14631,8.321412e-05,5.381604e-03,1.180773e-02,0.000000e+00,0.000000e+00
1112,11,14642,1.820315e-04,5.444053e-03,1.219620e-02,0.000000e+00,0.000000e+00
1113,12,14654,1.275778e-04,5.375630e-03,1.265030e-02,0.000000e+00,0.000000e+00
1114,11,14665,6.635673e-06,5.317857e-03,1.150024e-02,0.000000e+00,0.000000e+00
1115,13,14678,1.028005e-05,5.201278e-03,1.143243e-02,0.000000e+00,0.000000e+00
1116,13,14691,1.869748e-05,5.623050e-03,1.258762e-02,0.000000e+00,0.000000e+00
1117,11,14702,4.847534e-06,5.455929e-03,1.367433e-02,0.000000e+00,0.000000e+00
1118,10,14712,6.116927e-05,6.279859e-03,1.427948e-02,0.000000e+00,0.000000e+00
1119,11,14723,7.948549e-05,5.639918e-03,1.297004e-02,0.000000e+00,0.000000e+00
1120,13,14736,4.675896e-05,5.695547e-03,1.531697e-02,0.000000e+00,0.000000e+00
1121,13,14749,5.781595e-05,5.464029e-03,1.284565e-02,0.000000e+00,0.000000e+00
1122,13,14762,1.494170e-05,5.386163e-03,1.360675e-02,0.000000e+00,0.000000e+00
1123,13,14775,8.963980e-05,5.640294e-03,1.197213e-02,0.000000e+00,0.000000e+00
1124,15,14790,1.798839e-04,5.574543e-03,1.311738e-02,0.000000e+00,0.000000e+00
1125,14,14804,2.993429e-05,5.678422e-03,1.277904e-02,0.000000e+00,0.000000e+00
1126,18,14822,6.695604e-05,5.760264e-03,1.322563e-02,0.000000e+00,0.000000e+00
1127,12,14834,1.313845e-04,5.605517e-03,1.256372e-02,0.000000e+00,0.000000e+00
1128,11,14845,5.058260e-05,5.489101e-03,1.399909e-02,0.000000e+00,0.000000e+00
1129,12,14857,5.067326e-05,5.428788e-03,1.443820e-02,0.000000e+00,0.000000e+00
1130,12,14869,1.101628e-04,5.605445e-03,1.533640e-02,0.000000e+00,0.000000e+00
1131,11,14880,5.708991e-05,5.317555e-03,1.202100e-02,0.000000e+00,0.000000e+00
1132,14,14894,5.418900e-05,5.781245e-03,1.278681e-02,0.000000e+00,0.000000e+00
1133,11,14905,9.791460e-05,5.433935e-03,1.348666e-02,0.000000e+00,0.000000e+00
1134,11,14916,4.444737e-05,5.670507e-03,1.349622e-02,0.000000e+00,0.000000e+00
1135,12,14928,1.131009e-04,5.529799e-03,1.291286e-02,0.000000e+00,0.000000e+00
1136,11,14939,1.356424e-05,5.862548e-03,1.299964e-02,0.000000e+00,0.000000e+00
1137,11,14950,5.475711e-05,5.685864e-03,1.335157e-02,0.000000e+00,0.000000e+00
1138,15,14965,1.888272e-04,5.931140e-03,1.509756e-02,0.000000e+00,0.000000e+00
1139,12,14977,1.656751e-04,5.748154e-03,1.325004e-02,0.000000e+00,0.000000e+00
1140,14,14991,6.583983e-05,5.989698e-03,1.615549e-02,0.000000e+00,0.000000e+00
1141,12,15003,3.767316e-05,5.530262e-03,1.331690e-02,0.000000e+00,0.000000e+00
1142,12,15015,2.349857e-04,5.927038e-03,1.566767e-02,0.000000e+00,0.000000e+00
1143,12,15027,6.414019e-05,5.475925e-03,1.401105e-02,0.000000e+00,0.000000e+00
1144,9,15036,2.022739e-04,5.885394e-03,1.656245e-02,0.000000e+00,0.000000e+00
1145,14,15050,2.563567e-05,5.631589e-03,1.327490e-02,0.000000e+00,0.000000e+00
1146,14,15064,2.875021e-05,5.713092e-03,1.483986e-02,0.000000e+00,0.000000e+00
1147,13,15077,9.873416e-05,5.597956e-03,1.393614e-02,0.000000e+00,0.000000e+00
1148,15,15092,5.851500e-05,5.659196e-03,1.396819e-02,0.000000e+00,0.000000e+00
1149,15,15107,1.769662e-05,5.458983e-03,1.528102e-02,0.000000e+00,0.000000e+00
1150,16,15123,8.124633e-05,5.498757e-03,1.288911e-02,0.000000e+00,0.000000e+00
1151,11,15134,5.051678e-04,5.754450e-03,1.211665e-02,0.000000e+00,0.000000e+00
HIST {'total_samples': 1271164, 'floor_samples': 10, 'floor_fraction': 7.866805542007168e-06, 'saturation_depth': 2.3283064365386963e-07, 'boundaries': 1152, 'capped_boundaries': 0, 'unfinished_worlds': 0}
1152,14,15148,1.374405e-05,5.853170e-03,1.343805e-02,0.000000e+00,0.000000e+00
1153,13,15161,5.388714e-05,5.276676e-03,1.240259e-02,0.000000e+00,0.000000e+00
1154,22,15183,2.261251e-05,5.745547e-03,1.253448e-02,0.000000e+00,0.000000e+00
1155,19,15202,2.457169e-04,5.549502e-03,1.146532e-02,0.000000e+00,0.000000e+00
1156,10,15212,1.944422e-04,5.572509e-03,1.231710e-02,0.000000e+00,0.000000e+00
1157,12,15224,1.855023e-04,5.362935e-03,1.252649e-02,0.000000e+00,0.000000e+00
1158,10,15234,2.728309e-05,5.587362e-03,1.320122e-02,0.000000e+00,0.000000e+00
1159,17,15251,9.102747e-05,5.750737e-03,1.282688e-02,0.000000e+00,0.000000e+00
1160,18,15269,9.894973e-05,5.549846e-03,1.477268e-02,0.000000e+00,0.000000e+00
1161,16,15285,8.681323e-05,5.524330e-03,1.130504e-02,0.000000e+00,0.000000e+00
1162,12,15297,9.164173e-05,5.604643e-03,1.257646e-02,0.000000e+00,0.000000e+00
1163,13,15310,7.655415e-05,5.355400e-03,1.303134e-02,0.000000e+00,0.000000e+00
1164,20,15330,2.666377e-05,5.051849e-03,1.233605e-02,0.000000e+00,0.000000e+00
1165,12,15342,2.244487e-05,5.296254e-03,1.521851e-02,0.000000e+00,0.000000e+00
1166,11,15353,2.061778e-05,5.744106e-03,1.477158e-02,0.000000e+00,0.000000e+00
1167,17,15370,6.734621e-05,5.276110e-03,1.629174e-02,0.000000e+00,0.000000e+00
1168,14,15384,3.175344e-05,5.681827e-03,1.365943e-02,0.000000e+00,0.000000e+00
1169,14,15398,3.701463e-04,5.512377e-03,1.440641e-02,0.000000e+00,0.000000e+00
1170,12,15410,1.605600e-05,5.482421e-03,1.345628e-02,0.000000e+00,0.000000e+00
1171,13,15423,1.365177e-04,5.356492e-03,1.389647e-02,0.000000e+00,0.000000e+00
1172,13,15436,4.049254e-05,5.723947e-03,1.782473e-02,0.000000e+00,0.000000e+00
1173,14,15450,1.056810e-04,5.420273e-03,1.474543e-02,0.000000e+00,0.000000e+00
1174,13,15463,5.010515e-06,5.787400e-03,1.340929e-02,0.000000e+00,0.000000e+00
1175,11,15474,6.419141e-05,5.587859e-03,1.442446e-02,0.000000e+00,0.000000e+00
1176,14,15488,3.352761e-07,5.662499e-03,1.421637e-02,0.000000e+00,0.000000e+00
1177,14,15502,8.889474e-05,5.483604e-03,1.325220e-02,0.000000e+00,0.000000e+00
1178,12,15514,1.085922e-05,5.772249e-03,1.256958e-02,0.000000e+00,0.000000e+00
1179,11,15525,1.405042e-04,5.437263e-03,1.369402e-02,0.000000e+00,0.000000e+00
1180,13,15538,1.551847e-04,5.779874e-03,1.427731e-02,0.000000e+00,0.000000e+00
1181,14,15552,2.404107e-05,5.585400e-03,1.479899e-02,0.000000e+00,0.000000e+00
1182,12,15564,7.413328e-05,5.752734e-03,1.498556e-02,0.000000e+00,0.000000e+00
1183,13,15577,8.955519e-05,5.352486e-03,1.066989e-02,0.000000e+00,0.000000e+00
1184,14,15591,2.322346e-04,5.823984e-03,1.654575e-02,0.000000e+00,0.000000e+00
1185,11,15602,5.367340e-06,5.353699e-03,1.475629e-02,0.000000e+00,0.000000e+00
1186,12,15614,1.659940e-04,5.853082e-03,1.576285e-02,0.000000e+00,0.000000e+00
1187,13,15627,2.076129e-04,5.522309e-03,1.420698e-02,0.000000e+00,0.000000e+00
1188,13,15640,1.508277e-05,5.380161e-03,1.199835e-02,0.000000e+00,0.000000e+00
1189,13,15653,1.545995e-05,5.501668e-03,1.292483e-02,0.000000e+00,0.000000e+00
1190,13,15666,5.290844e-05,5.583968e-03,1.425539e-02,0.000000e+00,0.000000e+00
1191,13,15679,1.501702e-04,5.325485e-03,1.337344e-02,0.000000e+00,0.000000e+00
1192,14,15693,2.130651e-06,5.485211e-03,1.629174e-02,0.000000e+00,0.000000e+00
1193,15,15708,7.370021e-05,5.410860e-03,1.252041e-02,0.000000e+00,0.000000e+00
1194,12,15720,1.260070e-05,5.441832e-03,1.387579e-02,0.000000e+00,0.000000e+00
1195,13,15733,2.543535e-04,5.176845e-03,1.262076e-02,0.000000e+00,0.000000e+00
1196,14,15747,1.336067e-05,5.537543e-03,1.428719e-02,0.000000e+00,0.000000e+00
1197,12,15759,8.177899e-05,5.437411e-03,1.287103e-02,0.000000e+00,0.000000e+00
1198,11,15770,6.693229e-05,5.419753e-03,1.514733e-02,0.000000e+00,0.000000e+00
1199,10,15780,3.655016e-05,5.407707e-03,1.390995e-02,0.000000e+00,0.000000e+00
HIST {'total_samples': 1327836, 'floor_samples': 11, 'floor_fraction': 8.284155573429248e-06, 'saturation_depth': 2.3283064365386963e-07, 'boundaries': 1200, 'capped_boundaries': 0, 'unfinished_worlds': 0}
1200,15,15795,1.256032e-04,5.843852e-03,1.680424e-02,0.000000e+00,0.000000e+00
1201,13,15808,2.511997e-05,5.542041e-03,1.264425e-02,0.000000e+00,0.000000e+00
1202,14,15822,1.796295e-04,5.595439e-03,1.298655e-02,0.000000e+00,0.000000e+00
1203,14,15836,1.945610e-04,5.511457e-03,1.453745e-02,0.000000e+00,0.000000e+00
1204,14,15850,7.685740e-05,5.701227e-03,1.791863e-02,0.000000e+00,0.000000e+00
1205,14,15864,5.374126e-06,5.617150e-03,1.491358e-02,0.000000e+00,0.000000e+00
1206,10,15874,1.954474e-04,5.527520e-03,1.393438e-02,0.000000e+00,0.000000e+00
1207,19,15893,2.735579e-05,5.269084e-03,1.447327e-02,0.000000e+00,0.000000e+00
1208,15,15908,4.594233e-04,5.608284e-03,1.441835e-02,0.000000e+00,0.000000e+00
1209,13,15921,1.172349e-04,5.403448e-03,1.244008e-02,0.000000e+00,0.000000e+00
1210,14,15935,4.320675e-05,5.884543e-03,1.485790e-02,0.000000e+00,0.000000e+00
1211,15,15950,9.391149e-06,5.358167e-03,1.095785e-02,0.000000e+00,0.000000e+00
1212,13,15963,9.387732e-06,5.472674e-03,1.565014e-02,0.000000e+00,0.000000e+00
1213,12,15975,1.620967e-05,5.197517e-03,1.345568e-02,0.000000e+00,0.000000e+00
1214,12,15987,1.354931e-04,5.532537e-03,1.210915e-02,0.000000e+00,0.000000e+00
1215,11,15998,6.846582e-05,5.344504e-03,1.305735e-02,0.000000e+00,0.000000e+00
1216,13,16011,1.944602e-05,5.207893e-03,1.230464e-02,0.000000e+00,0.000000e+00
1217,13,16024,4.409812e-06,5.181794e-03,1.115420e-02,0.000000e+00,0.000000e+00
1218,17,16041,6.206334e-05,5.284660e-03,1.400372e-02,0.000000e+00,0.000000e+00
1219,12,16053,5.094562e-05,5.208543e-03,1.265304e-02,0.000000e+00,0.000000e+00
1220,22,16075,4.251462e-05,5.501117e-03,1.299998e-02,0.000000e+00,0.000000e+00
1221,13,16088,2.037780e-04,5.586484e-03,1.157554e-02,0.000000e+00,0.000000e+00
1222,12,16100,5.545095e-05,5.365475e-03,1.218022e-02,0.000000e+00,0.000000e+00
1223,12,16112,1.602059e-05,5.520340e-03,1.851664e-02,0.000000e+00,0.000000e+00
1224,12,16124,5.994458e-05,5.545018e-03,1.400283e-02,0.000000e+00,0.000000e+00
1225,14,16138,2.311145e-05,5.547076e-03,1.305863e-02,0.000000e+00,0.000000e+00
1226,13,16151,8.580279e-06,5.438378e-03,1.542696e-02,0.000000e+00,0.000000e+00
1227,16,16167,3.522359e-05,5.552857e-03,1.360062e-02,0.000000e+00,0.000000e+00
1228,12,16179,8.687152e-05,5.552574e-03,1.506129e-02,0.000000e+00,0.000000e+00
1229,10,16189,5.706616e-05,5.173096e-03,1.438939e-02,0.000000e+00,0.000000e+00
1230,12,16201,3.214297e-05,5.528588e-03,1.270661e-02,0.000000e+00,0.000000e+00
1231,14,16215,5.696437e-06,5.395799e-03,1.698309e-02,0.000000e+00,0.000000e+00
1232,11,16226,1.484063e-05,5.539386e-03,1.692254e-02,0.000000e+00,0.000000e+00
1233,14,16240,5.462673e-05,5.369067e-03,1.463035e-02,0.000000e+00,0.000000e+00
1234,11,16251,6.049871e-05,5.585068e-03,1.340114e-02,0.000000e+00,0.000000e+00
1235,13,16264,3.981264e-04,5.471474e-03,1.126535e-02,0.000000e+00,0.000000e+00
1236,14,16278,2.833257e-04,5.688776e-03,1.415170e-02,0.000000e+00,0.000000e+00
1237,10,16288,1.149873e-04,5.563927e-03,1.367882e-02,0.000000e+00,0.000000e+00
1238,12,16300,2.666028e-05,5.512999e-03,1.315142e-02,0.000000e+00,0.000000e+00
1239,14,16314,2.303003e-05,5.179115e-03,1.269923e-02,0.000000e+00,0.000000e+00
1240,13,16327,1.059519e-04,5.604899e-03,1.237560e-02,0.000000e+00,0.000000e+00
1241,14,16341,1.862645e-08,5.534668e-03,1.297833e-02,0.000000e+00,0.000000e+00
1242,11,16352,3.782923e-05,5.654669e-03,1.300684e-02,0.000000e+00,0.000000e+00
1243,11,16363,2.016145e-04,5.519198e-03,1.523946e-02,0.000000e+00,0.000000e+00
1244,14,16377,1.211892e-05,5.655002e-03,1.346762e-02,0.000000e+00,0.000000e+00
1245,14,16391,8.754432e-07,5.249628e-03,1.239858e-02,0.000000e+00,0.000000e+00
1246,12,16403,7.891211e-05,5.657188e-03,1.370256e-02,0.000000e+00,0.000000e+00
1247,14,16417,2.562534e-05,5.469842e-03,1.437035e-02,0.000000e+00,0.000000e+00
HIST {'total_samples': 1384178, 'floor_samples': 13, 'floor_fraction': 9.39185567174164e-06, 'saturation_depth': 1.862645149230957e-08, 'boundaries': 1248, 'capped_boundaries': 0, 'unfinished_worlds': 0}
1248,17,16434,6.489456e-05,5.872940e-03,1.336146e-02,0.000000e+00,0.000000e+00
1249,14,16448,1.247245e-04,5.753672e-03,1.380761e-02,0.000000e+00,0.000000e+00
1250,17,16465,2.005119e-05,5.362813e-03,1.414045e-02,0.000000e+00,0.000000e+00
1251,14,16479,6.391953e-05,5.327161e-03,1.209469e-02,0.000000e+00,0.000000e+00
1252,13,16492,1.999691e-05,5.299965e-03,1.279152e-02,0.000000e+00,0.000000e+00
1253,18,16510,1.410954e-05,5.425603e-03,1.418175e-02,0.000000e+00,0.000000e+00
1254,14,16524,8.515082e-05,5.476634e-03,1.349928e-02,0.000000e+00,0.000000e+00
1255,16,16540,1.434220e-04,5.496737e-03,1.290387e-02,0.000000e+00,0.000000e+00
1256,11,16551,5.199059e-05,5.490059e-03,1.616103e-02,0.000000e+00,0.000000e+00
1257,11,16562,1.919282e-05,5.461901e-03,1.399572e-02,0.000000e+00,0.000000e+00
1258,11,16573,8.717179e-06,5.418013e-03,1.465346e-02,0.000000e+00,0.000000e+00
1259,12,16585,2.457155e-04,5.508540e-03,1.170534e-02,0.000000e+00,0.000000e+00
1260,12,16597,1.199339e-05,5.532943e-03,1.514590e-02,0.000000e+00,0.000000e+00
1261,12,16609,2.358983e-05,5.552587e-03,1.765870e-02,0.000000e+00,0.000000e+00
1262,11,16620,3.395470e-05,5.627449e-03,1.564790e-02,0.000000e+00,0.000000e+00
1263,11,16631,1.126225e-04,5.232068e-03,1.397196e-02,0.000000e+00,0.000000e+00
1264,12,16643,1.687557e-05,5.484300e-03,1.381927e-02,0.000000e+00,0.000000e+00
1265,13,16656,9.319745e-05,5.196168e-03,1.749413e-02,0.000000e+00,0.000000e+00
1266,18,16674,8.766542e-05,5.918044e-03,1.525945e-02,0.000000e+00,0.000000e+00
1267,18,16692,1.447275e-05,5.339335e-03,1.358917e-02,0.000000e+00,0.000000e+00
1268,15,16707,1.609184e-05,5.386420e-03,1.534668e-02,0.000000e+00,0.000000e+00
1269,14,16721,3.134971e-04,5.416849e-03,1.395219e-02,0.000000e+00,0.000000e+00
1270,23,16744,3.829133e-05,5.796492e-03,1.821472e-02,0.000000e+00,0.000000e+00
1271,15,16759,2.379529e-05,5.591190e-03,1.360761e-02,0.000000e+00,0.000000e+00
1272,12,16771,2.403185e-04,5.776990e-03,1.399911e-02,0.000000e+00,0.000000e+00
1273,20,16791,7.216731e-05,5.263130e-03,1.343711e-02,0.000000e+00,0.000000e+00
1274,11,16802,2.817251e-05,5.648333e-03,1.413706e-02,0.000000e+00,0.000000e+00
1275,13,16815,1.356285e-04,5.437951e-03,1.532822e-02,0.000000e+00,0.000000e+00
1276,12,16827,5.924143e-05,5.967483e-03,1.531846e-02,0.000000e+00,0.000000e+00
1277,10,16837,4.815678e-05,5.805669e-03,1.175070e-02,0.000000e+00,0.000000e+00
1278,13,16850,1.108244e-04,6.081536e-03,1.674080e-02,0.000000e+00,0.000000e+00
1279,14,16864,7.903085e-05,5.625039e-03,1.505400e-02,0.000000e+00,0.000000e+00
1280,10,16874,7.322246e-05,5.610993e-03,1.603793e-02,0.000000e+00,0.000000e+00
1281,13,16887,1.606809e-05,5.702099e-03,1.179281e-02,0.000000e+00,0.000000e+00
1282,15,16902,1.866370e-05,5.678325e-03,1.744046e-02,0.000000e+00,0.000000e+00
1283,13,16915,1.332723e-05,5.806476e-03,1.880130e-02,0.000000e+00,0.000000e+00
1284,20,16935,3.044999e-05,5.583789e-03,1.235452e-02,0.000000e+00,0.000000e+00
1285,11,16946,5.210750e-06,5.546676e-03,1.444792e-02,0.000000e+00,0.000000e+00
1286,11,16957,1.497359e-04,5.796121e-03,1.543549e-02,0.000000e+00,0.000000e+00
1287,13,16970,6.336719e-05,5.602938e-03,1.563221e-02,0.000000e+00,0.000000e+00
1288,11,16981,2.176734e-04,5.886284e-03,1.428905e-02,0.000000e+00,0.000000e+00
1289,15,16996,5.808737e-05,5.431253e-03,1.340321e-02,0.000000e+00,0.000000e+00
1290,14,17010,1.540873e-05,5.778753e-03,1.566233e-02,0.000000e+00,0.000000e+00
1291,13,17023,1.493627e-04,5.386362e-03,1.373173e-02,0.000000e+00,0.000000e+00
1292,14,17037,2.314877e-05,5.668514e-03,1.236379e-02,0.000000e+00,0.000000e+00
1293,11,17048,3.316419e-04,5.493050e-03,1.353100e-02,0.000000e+00,0.000000e+00
1294,11,17059,1.169415e-04,5.757091e-03,1.423000e-02,0.000000e+00,0.000000e+00
1295,18,17077,1.599006e-05,5.551758e-03,1.166706e-02,0.000000e+00,0.000000e+00
HIST {'total_samples': 1439424, 'floor_samples': 13, 'floor_fraction': 9.031390333911342e-06, 'saturation_depth': 1.862645149230957e-08, 'boundaries': 1296, 'capped_boundaries': 0, 'unfinished_worlds': 0}
1296,13,17090,1.143087e-04,5.474447e-03,1.285178e-02,0.000000e+00,0.000000e+00
1297,14,17104,3.766268e-05,5.636146e-03,1.318470e-02,0.000000e+00,0.000000e+00
1298,13,17117,5.747657e-05,5.969482e-03,1.695188e-02,0.000000e+00,0.000000e+00
1299,13,17130,3.912020e-05,5.608297e-03,1.343692e-02,0.000000e+00,0.000000e+00
1300,16,17146,1.253284e-05,5.678039e-03,1.450282e-02,0.000000e+00,0.000000e+00
1301,13,17159,4.553078e-06,5.661340e-03,1.453945e-02,0.000000e+00,0.000000e+00
1302,12,17171,5.200505e-05,5.713527e-03,1.473536e-02,0.000000e+00,0.000000e+00
1303,13,17184,2.523512e-04,5.747908e-03,1.354796e-02,0.000000e+00,0.000000e+00
1304,12,17196,6.232696e-04,5.925406e-03,1.558591e-02,0.000000e+00,0.000000e+00
1305,10,17206,2.378318e-04,5.627362e-03,1.439573e-02,0.000000e+00,0.000000e+00
1306,12,17218,7.523097e-05,5.752990e-03,1.580136e-02,0.000000e+00,0.000000e+00
1307,12,17230,4.294794e-05,5.551388e-03,1.423433e-02,0.000000e+00,0.000000e+00
1308,13,17243,1.312699e-05,5.728504e-03,1.495874e-02,0.000000e+00,0.000000e+00
1309,20,17263,3.364257e-05,5.657574e-03,1.148308e-02,0.000000e+00,0.000000e+00
1310,18,17281,7.685740e-05,5.892014e-03,1.287754e-02,0.000000e+00,0.000000e+00
1311,22,17303,6.588455e-04,5.976867e-03,1.297843e-02,0.000000e+00,0.000000e+00
1312,15,17318,1.524705e-05,5.931273e-03,1.441758e-02,0.000000e+00,0.000000e+00
1313,14,17332,6.075408e-05,5.808291e-03,1.315588e-02,0.000000e+00,0.000000e+00
1314,12,17344,4.251802e-05,5.739771e-03,1.262478e-02,0.000000e+00,0.000000e+00
1315,12,17356,2.153755e-04,5.770650e-03,1.244058e-02,0.000000e+00,0.000000e+00
1316,11,17367,7.636845e-07,5.649844e-03,1.552110e-02,0.000000e+00,0.000000e+00
1317,15,17382,1.051517e-04,5.570468e-03,1.305996e-02,0.000000e+00,0.000000e+00
1318,11,17393,2.563024e-04,5.593498e-03,1.436636e-02,0.000000e+00,0.000000e+00
1319,11,17404,1.217999e-05,5.575132e-03,1.376254e-02,0.000000e+00,0.000000e+00
1320,11,17415,2.285869e-04,5.534633e-03,1.228527e-02,0.000000e+00,0.000000e+00
1321,9,17424,8.719722e-05,5.655754e-03,1.337544e-02,0.000000e+00,0.000000e+00
1322,14,17438,7.044524e-05,5.672879e-03,1.156323e-02,0.000000e+00,0.000000e+00
1323,12,17450,1.917593e-05,5.703457e-03,1.348902e-02,0.000000e+00,0.000000e+00
1324,15,17465,2.928078e-05,5.878103e-03,1.528309e-02,0.000000e+00,0.000000e+00
1325,11,17476,7.927883e-05,5.600123e-03,1.225033e-02,0.000000e+00,0.000000e+00
1326,11,17487,1.256075e-04,6.001759e-03,1.440967e-02,0.000000e+00,0.000000e+00
1327,14,17501,2.234808e-05,5.589376e-03,1.340796e-02,0.000000e+00,0.000000e+00
1328,16,17517,1.918943e-05,5.817152e-03,1.431725e-02,0.000000e+00,0.000000e+00
1329,17,17534,4.023314e-06,5.690517e-03,1.221159e-02,0.000000e+00,0.000000e+00
1330,12,17546,1.269094e-04,5.657411e-03,1.355029e-02,0.000000e+00,0.000000e+00
1331,12,17558,1.433771e-05,5.444326e-03,1.312006e-02,0.000000e+00,0.000000e+00
1332,16,17574,8.689240e-06,5.775902e-03,1.255447e-02,0.000000e+00,0.000000e+00
1333,14,17588,3.860617e-05,5.540279e-03,1.194306e-02,0.000000e+00,0.000000e+00
1334,13,17601,8.681045e-05,5.525442e-03,1.400414e-02,0.000000e+00,0.000000e+00
1335,16,17617,9.904616e-06,5.608977e-03,1.324885e-02,0.000000e+00,0.000000e+00
1336,11,17628,1.497563e-05,5.544393e-03,1.298902e-02,0.000000e+00,0.000000e+00
1337,11,17639,1.952735e-04,5.600057e-03,1.202808e-02,0.000000e+00,0.000000e+00
1338,34,17673,2.091425e-04,5.557288e-03,1.279834e-02,0.000000e+00,0.000000e+00
1339,17,17690,2.007222e-04,5.514165e-03,1.264884e-02,0.000000e+00,0.000000e+00
1340,13,17703,3.194619e-05,5.614826e-03,1.366025e-02,0.000000e+00,0.000000e+00
1341,16,17719,6.845225e-05,5.517722e-03,1.340772e-02,0.000000e+00,0.000000e+00
1342,13,17732,8.987263e-06,5.591083e-03,1.248821e-02,0.000000e+00,0.000000e+00
1343,12,17744,8.429401e-05,5.353150e-03,1.256345e-02,0.000000e+00,0.000000e+00
HIST {'total_samples': 1493794, 'floor_samples': 14, 'floor_fraction': 9.372108871772145e-06, 'saturation_depth': 1.862645149230957e-08, 'boundaries': 1344, 'capped_boundaries': 0, 'unfinished_worlds': 0}
1344,12,17756,1.160662e-05,5.531769e-03,1.456307e-02,0.000000e+00,0.000000e+00
1345,18,17774,7.310710e-05,5.362066e-03,1.310683e-02,0.000000e+00,0.000000e+00
1346,13,17787,1.885649e-04,5.416006e-03,1.323589e-02,0.000000e+00,0.000000e+00
1347,13,17800,1.782551e-05,5.518472e-03,1.162699e-02,0.000000e+00,0.000000e+00
1348,12,17812,5.529514e-05,5.409824e-03,1.195586e-02,0.000000e+00,0.000000e+00
1349,12,17824,4.617541e-06,5.535044e-03,1.274173e-02,0.000000e+00,0.000000e+00
1350,12,17836,1.089719e-04,5.476178e-03,1.304476e-02,0.000000e+00,0.000000e+00
1351,15,17851,4.086411e-04,5.498555e-03,1.363951e-02,0.000000e+00,0.000000e+00
1352,19,17870,3.841706e-06,5.436864e-03,1.242258e-02,0.000000e+00,0.000000e+00
1353,19,17889,2.332777e-04,5.077087e-03,1.372182e-02,0.000000e+00,0.000000e+00
1354,13,17902,1.012348e-05,5.461973e-03,1.293163e-02,0.000000e+00,0.000000e+00
1355,12,17914,4.610047e-06,5.454497e-03,1.363921e-02,0.000000e+00,0.000000e+00
1356,12,17926,1.078218e-04,5.454913e-03,1.460126e-02,0.000000e+00,0.000000e+00
1357,11,17937,3.504717e-05,5.569794e-03,1.255636e-02,0.000000e+00,0.000000e+00
1358,11,17948,3.535252e-05,5.533094e-03,1.536983e-02,0.000000e+00,0.000000e+00
1359,13,17961,6.881187e-05,5.447282e-03,1.302363e-02,0.000000e+00,0.000000e+00
1360,14,17975,2.681024e-04,5.756072e-03,1.198214e-02,0.000000e+00,0.000000e+00
1361,14,17989,1.418511e-04,5.263855e-03,1.453845e-02,0.000000e+00,0.000000e+00
1362,12,18001,4.466623e-05,5.400539e-03,1.468690e-02,0.000000e+00,0.000000e+00
1363,13,18014,4.071742e-05,5.282736e-03,1.390647e-02,0.000000e+00,0.000000e+00
1364,11,18025,2.655201e-05,5.511762e-03,1.348344e-02,0.000000e+00,0.000000e+00
1365,12,18037,9.549782e-05,5.325043e-03,1.203930e-02,0.000000e+00,0.000000e+00
1366,10,18047,1.778360e-05,5.482043e-03,1.309812e-02,0.000000e+00,0.000000e+00
1367,12,18059,5.146471e-05,5.127727e-03,1.104925e-02,0.000000e+00,0.000000e+00
1368,13,18072,1.977400e-04,5.499423e-03,1.448091e-02,0.000000e+00,0.000000e+00
1369,14,18086,1.136709e-04,5.230760e-03,1.436167e-02,0.000000e+00,0.000000e+00
1370,15,18101,2.061371e-04,5.484015e-03,1.272897e-02,0.000000e+00,0.000000e+00
1371,12,18113,1.916196e-05,5.356036e-03,1.653902e-02,0.000000e+00,0.000000e+00
1372,14,18127,9.063748e-05,5.605207e-03,1.282645e-02,0.000000e+00,0.000000e+00
1373,13,18140,4.908070e-06,5.231615e-03,1.163819e-02,0.000000e+00,0.000000e+00
1374,13,18153,7.304363e-05,5.331670e-03,1.319655e-02,0.000000e+00,0.000000e+00
1375,12,18165,5.072849e-05,5.495600e-03,1.491756e-02,0.000000e+00,0.000000e+00
1376,13,18178,3.443193e-04,5.670301e-03,1.539210e-02,0.000000e+00,0.000000e+00
1377,13,18191,1.357034e-04,5.411651e-03,1.308873e-02,0.000000e+00,0.000000e+00
1378,14,18205,1.759924e-04,5.564753e-03,1.231645e-02,0.000000e+00,0.000000e+00
1379,11,18216,2.614085e-04,5.628869e-03,1.348603e-02,0.000000e+00,0.000000e+00
1380,12,18228,4.072674e-05,5.842743e-03,1.678413e-02,0.000000e+00,0.000000e+00
1381,15,18243,1.858454e-05,5.779871e-03,1.774853e-02,0.000000e+00,0.000000e+00
1382,11,18254,7.411476e-05,5.636741e-03,1.412839e-02,0.000000e+00,0.000000e+00
1383,11,18265,7.286668e-05,5.654752e-03,1.345005e-02,0.000000e+00,0.000000e+00
1384,12,18277,4.468486e-05,5.615897e-03,1.315397e-02,0.000000e+00,0.000000e+00
1385,13,18290,7.426064e-05,5.213262e-03,1.315591e-02,0.000000e+00,0.000000e+00
1386,11,18301,6.018749e-05,5.603476e-03,1.312030e-02,0.000000e+00,0.000000e+00
1387,12,18313,5.773269e-05,5.410315e-03,1.241301e-02,0.000000e+00,0.000000e+00
1388,12,18325,4.773608e-06,5.786323e-03,1.394343e-02,0.000000e+00,0.000000e+00
1389,11,18336,1.817942e-05,5.617613e-03,1.778816e-02,0.000000e+00,0.000000e+00
1390,16,18352,1.932448e-04,5.757077e-03,1.370660e-02,0.000000e+00,0.000000e+00
1391,12,18364,6.651838e-05,5.648002e-03,1.339786e-02,0.000000e+00,0.000000e+00
HIST {'total_samples': 1549737, 'floor_samples': 14, 'floor_fraction': 9.033790894842157e-06, 'saturation_depth': 1.862645149230957e-08, 'boundaries': 1392, 'capped_boundaries': 0, 'unfinished_worlds': 0}
1392,12,18376,1.778822e-05,5.800580e-03,1.291319e-02,0.000000e+00,0.000000e+00
1393,13,18389,4.766822e-05,5.513591e-03,2.003656e-02,0.000000e+00,0.000000e+00
1394,14,18403,5.627903e-05,5.738230e-03,1.638805e-02,0.000000e+00,0.000000e+00
1395,10,18413,1.149392e-04,5.483691e-03,1.784744e-02,0.000000e+00,0.000000e+00
1396,11,18424,2.033279e-05,5.394358e-03,1.446304e-02,0.000000e+00,0.000000e+00
1397,17,18441,9.750016e-05,5.383344e-03,1.326102e-02,0.000000e+00,0.000000e+00
1398,13,18454,2.164578e-05,5.568937e-03,1.421569e-02,0.000000e+00,0.000000e+00
1399,14,18468,8.892268e-05,5.382341e-03,1.442357e-02,0.000000e+00,0.000000e+00
1400,11,18479,3.425666e-05,5.669773e-03,1.197047e-02,0.000000e+00,0.000000e+00
1401,14,18493,1.484331e-05,5.576318e-03,1.290754e-02,0.000000e+00,0.000000e+00
1402,12,18505,8.828938e-05,5.433554e-03,1.523750e-02,0.000000e+00,0.000000e+00
1403,13,18518,1.097145e-04,5.686830e-03,1.373550e-02,0.000000e+00,0.000000e+00
1404,12,18530,1.498871e-04,5.864765e-03,1.257440e-02,0.000000e+00,0.000000e+00
1405,12,18542,3.646594e-05,5.500206e-03,1.906519e-02,0.000000e+00,0.000000e+00
1406,20,18562,4.924368e-05,5.414798e-03,1.369756e-02,0.000000e+00,0.000000e+00
1407,12,18574,4.074021e-05,5.395571e-03,1.347011e-02,0.000000e+00,0.000000e+00
1408,11,18585,5.192123e-06,5.623581e-03,1.368958e-02,0.000000e+00,0.000000e+00
1409,12,18597,5.364418e-06,5.422045e-03,1.629174e-02,0.000000e+00,0.000000e+00
1410,17,18614,5.770475e-05,5.728942e-03,1.551498e-02,0.000000e+00,0.000000e+00
1411,13,18627,5.266629e-05,5.733173e-03,1.499759e-02,0.000000e+00,0.000000e+00
1412,14,18641,1.413422e-05,5.872089e-03,1.522479e-02,0.000000e+00,0.000000e+00
1413,12,18653,5.314413e-05,5.742071e-03,1.498239e-02,0.000000e+00,0.000000e+00
1414,11,18664,3.297081e-05,5.774023e-03,1.494786e-02,0.000000e+00,0.000000e+00
1415,11,18675,1.764949e-04,5.764219e-03,1.352272e-02,0.000000e+00,0.000000e+00
1416,14,18689,1.716395e-05,5.792976e-03,1.310278e-02,0.000000e+00,0.000000e+00
1417,13,18702,8.081205e-05,5.475184e-03,1.377195e-02,0.000000e+00,0.000000e+00
1418,16,18718,6.906688e-05,5.879819e-03,1.477894e-02,0.000000e+00,0.000000e+00
1419,12,18730,7.571275e-05,5.246246e-03,1.582860e-02,0.000000e+00,0.000000e+00
1420,17,18747,1.092807e-04,5.533292e-03,1.484642e-02,0.000000e+00,0.000000e+00
1421,12,18759,4.293863e-05,5.426821e-03,1.674918e-02,0.000000e+00,0.000000e+00
1422,17,18776,6.455058e-05,5.589317e-03,1.212192e-02,0.000000e+00,0.000000e+00
1423,12,18788,3.363070e-04,5.308354e-03,1.437799e-02,0.000000e+00,0.000000e+00
1424,11,18799,1.477885e-05,5.575866e-03,1.821472e-02,0.000000e+00,0.000000e+00
1425,11,18810,1.863878e-04,5.221421e-03,1.275480e-02,0.000000e+00,0.000000e+00
1426,11,18821,2.347073e-04,5.627768e-03,1.302562e-02,0.000000e+00,0.000000e+00
1427,13,18834,8.369929e-05,5.378784e-03,1.220339e-02,0.000000e+00,0.000000e+00
1428,16,18850,3.026338e-05,5.088302e-03,1.197987e-02,0.000000e+00,0.000000e+00
1429,13,18863,9.625684e-05,5.503689e-03,1.661301e-02,0.000000e+00,0.000000e+00
1430,13,18876,3.499967e-04,5.608055e-03,1.543121e-02,0.000000e+00,0.000000e+00
1431,11,18887,1.911072e-04,5.217106e-03,1.303511e-02,0.000000e+00,0.000000e+00
1432,15,18902,3.021589e-05,5.588755e-03,1.411906e-02,0.000000e+00,0.000000e+00
1433,14,18916,3.520865e-05,5.213346e-03,1.316840e-02,0.000000e+00,0.000000e+00
1434,15,18931,3.322526e-05,5.081282e-03,1.422173e-02,0.000000e+00,0.000000e+00
1435,12,18943,2.410621e-04,5.419132e-03,1.351137e-02,0.000000e+00,0.000000e+00
1436,13,18956,3.394622e-04,5.409979e-03,1.540524e-02,0.000000e+00,0.000000e+00
1437,13,18969,1.677312e-05,5.457521e-03,1.468055e-02,0.000000e+00,0.000000e+00
1438,10,18979,1.298031e-04,5.260470e-03,1.329059e-02,0.000000e+00,0.000000e+00
1439,13,18992,2.073992e-05,5.230551e-03,1.250272e-02,0.000000e+00,0.000000e+00
HIST {'total_samples': 1605527, 'floor_samples': 14, 'floor_fraction': 8.719878270499344e-06, 'saturation_depth': 1.862645149230957e-08, 'boundaries': 1440, 'capped_boundaries': 0, 'unfinished_worlds': 0}
1440,14,19006,1.183733e-04,5.534348e-03,1.345251e-02,0.000000e+00,0.000000e+00
1441,13,19019,7.090860e-05,5.670813e-03,1.305056e-02,0.000000e+00,0.000000e+00
1442,11,19030,8.087991e-05,5.430691e-03,1.564628e-02,0.000000e+00,0.000000e+00
1443,13,19043,6.728513e-05,5.322861e-03,1.234227e-02,0.000000e+00,0.000000e+00
1444,14,19057,5.173772e-05,5.419779e-03,1.579695e-02,0.000000e+00,0.000000e+00
1445,10,19067,7.770024e-05,4.925583e-03,1.206449e-02,0.000000e+00,0.000000e+00
1446,10,19077,4.494563e-05,5.233461e-03,1.318685e-02,0.000000e+00,0.000000e+00
1447,13,19090,4.990964e-05,5.037298e-03,1.381858e-02,0.000000e+00,0.000000e+00
1448,15,19105,9.443611e-06,5.312381e-03,1.189980e-02,0.000000e+00,0.000000e+00
1449,12,19117,2.719720e-04,5.185417e-03,1.252732e-02,0.000000e+00,0.000000e+00
1450,13,19130,1.536682e-06,5.471450e-03,1.395797e-02,0.000000e+00,0.000000e+00
1451,13,19143,8.277650e-05,5.091459e-03,1.151105e-02,0.000000e+00,0.000000e+00
1452,10,19153,1.522167e-04,5.279792e-03,1.487226e-02,0.000000e+00,0.000000e+00
1453,13,19166,2.135122e-04,5.290680e-03,1.283140e-02,0.000000e+00,0.000000e+00
1454,12,19178,6.815675e-05,5.031914e-03,1.317693e-02,0.000000e+00,0.000000e+00
1455,13,19191,2.629493e-04,5.252180e-03,1.214183e-02,0.000000e+00,0.000000e+00
1456,11,19202,3.339225e-05,5.274956e-03,1.382322e-02,0.000000e+00,0.000000e+00
1457,11,19213,9.078690e-05,5.286813e-03,1.342586e-02,0.000000e+00,0.000000e+00
1458,11,19224,1.337321e-04,5.339788e-03,1.719193e-02,0.000000e+00,0.000000e+00
1459,16,19240,1.813195e-04,5.348689e-03,1.339121e-02,0.000000e+00,0.000000e+00
1460,12,19252,1.462407e-04,5.030904e-03,1.274886e-02,0.000000e+00,0.000000e+00
1461,15,19267,2.821272e-06,5.223208e-03,1.307309e-02,0.000000e+00,0.000000e+00
1462,16,19283,5.779322e-05,5.122295e-03,1.182940e-02,0.000000e+00,0.000000e+00
1463,11,19294,2.345302e-05,5.301381e-03,1.529240e-02,0.000000e+00,0.000000e+00
1464,14,19308,2.877409e-05,5.372031e-03,1.295739e-02,0.000000e+00,0.000000e+00
1465,12,19320,1.543621e-04,5.211652e-03,1.281491e-02,0.000000e+00,0.000000e+00
1466,13,19333,7.667814e-05,5.407148e-03,1.872789e-02,0.000000e+00,0.000000e+00
1467,11,19344,1.033099e-04,5.329425e-03,1.432409e-02,0.000000e+00,0.000000e+00
1468,14,19358,2.352259e-05,5.413756e-03,2.056463e-02,0.000000e+00,0.000000e+00
1469,11,19369,7.529743e-05,5.423051e-03,1.214203e-02,0.000000e+00,0.000000e+00
1470,12,19381,1.744367e-05,5.546908e-03,1.404526e-02,0.000000e+00,0.000000e+00
1471,12,19393,4.379857e-04,5.263600e-03,1.080574e-02,0.000000e+00,0.000000e+00
1472,12,19405,1.106390e-04,5.343822e-03,1.366100e-02,0.000000e+00,0.000000e+00
1473,19,19424,3.121152e-06,5.406996e-03,1.256339e-02,0.000000e+00,0.000000e+00
1474,14,19438,5.088281e-05,5.732953e-03,1.544023e-02,0.000000e+00,0.000000e+00
1475,12,19450,3.293163e-05,5.629158e-03,1.241221e-02,0.000000e+00,0.000000e+00
1476,12,19462,7.197123e-05,5.669819e-03,1.493486e-02,0.000000e+00,0.000000e+00
1477,11,19473,7.411465e-05,5.324327e-03,1.381538e-02,0.000000e+00,0.000000e+00
1478,18,19491,5.100854e-05,5.765317e-03,1.457861e-02,0.000000e+00,0.000000e+00
1479,12,19503,1.639128e-06,5.819052e-03,1.144523e-02,0.000000e+00,0.000000e+00
1480,14,19517,3.620872e-05,5.727632e-03,1.285606e-02,0.000000e+00,0.000000e+00
1481,13,19530,2.359457e-05,5.212563e-03,1.205986e-02,0.000000e+00,0.000000e+00
1482,10,19540,3.377441e-05,5.291895e-03,1.437125e-02,0.000000e+00,0.000000e+00
1483,11,19551,5.066860e-05,5.209110e-03,1.624982e-02,0.000000e+00,0.000000e+00
1484,12,19563,4.269648e-05,5.642147e-03,1.444935e-02,0.000000e+00,0.000000e+00
1485,11,19574,1.788677e-04,5.181754e-03,1.202265e-02,0.000000e+00,0.000000e+00
1486,10,19584,2.431218e-05,5.318271e-03,1.415181e-02,0.000000e+00,0.000000e+00
1487,11,19595,2.391604e-05,5.208357e-03,1.378063e-02,0.000000e+00,0.000000e+00
HIST {'total_samples': 1660650, 'floor_samples': 14, 'floor_fraction': 8.430433866257188e-06, 'saturation_depth': 1.862645149230957e-08, 'boundaries': 1488, 'capped_boundaries': 0, 'unfinished_worlds': 0}
1488,13,19608,3.085167e-06,5.522280e-03,1.630226e-02,0.000000e+00,0.000000e+00
1489,13,19621,1.856378e-05,5.410108e-03,1.269853e-02,0.000000e+00,0.000000e+00
1490,12,19633,6.300361e-05,5.411311e-03,1.605527e-02,0.000000e+00,0.000000e+00
1491,12,19645,2.537854e-05,5.326109e-03,1.265331e-02,0.000000e+00,0.000000e+00
1492,19,19664,1.748613e-04,5.531552e-03,1.499746e-02,0.000000e+00,0.000000e+00
1493,13,19677,2.567749e-04,5.526147e-03,1.832357e-02,0.000000e+00,0.000000e+00
1494,12,19689,9.120908e-05,5.713791e-03,1.265435e-02,0.000000e+00,0.000000e+00
1495,15,19704,3.535706e-05,5.332718e-03,1.735329e-02,0.000000e+00,0.000000e+00
1496,11,19715,3.240624e-05,5.328065e-03,1.309824e-02,0.000000e+00,0.000000e+00
1497,17,19732,5.726703e-05,5.337779e-03,1.235079e-02,0.000000e+00,0.000000e+00
1498,11,19743,2.642628e-05,5.266536e-03,1.605075e-02,0.000000e+00,0.000000e+00
1499,11,19754,2.708277e-05,5.405269e-03,1.489395e-02,0.000000e+00,0.000000e+00
1500,12,19766,1.507557e-05,5.332406e-03,1.194717e-02,0.000000e+00,0.000000e+00
1501,12,19778,1.608605e-04,5.439624e-03,1.391316e-02,0.000000e+00,0.000000e+00
1502,12,19790,9.065960e-05,5.249288e-03,1.526898e-02,0.000000e+00,0.000000e+00
1503,11,19801,1.896442e-04,5.251422e-03,1.343832e-02,0.000000e+00,0.000000e+00
1504,17,19818,1.933099e-04,5.342140e-03,1.236250e-02,0.000000e+00,0.000000e+00
1505,17,19835,5.892478e-05,5.061625e-03,1.187381e-02,0.000000e+00,0.000000e+00
1506,14,19849,6.337650e-06,5.140776e-03,1.648315e-02,0.000000e+00,0.000000e+00
1507,22,19871,3.122591e-05,5.167146e-03,1.221101e-02,0.000000e+00,0.000000e+00
1508,16,19887,2.226166e-04,5.557570e-03,1.461325e-02,0.000000e+00,0.000000e+00
1509,15,19902,1.849708e-04,5.162613e-03,1.253441e-02,0.000000e+00,0.000000e+00
1510,16,19918,1.846446e-04,5.408197e-03,1.639877e-02,0.000000e+00,0.000000e+00
1511,19,19937,9.499490e-06,5.436191e-03,1.247606e-02,0.000000e+00,0.000000e+00
1512,18,19955,6.177770e-05,5.238888e-03,1.300689e-02,0.000000e+00,0.000000e+00
1513,13,19968,1.378945e-04,5.097350e-03,1.568794e-02,0.000000e+00,0.000000e+00
1514,22,19990,4.960976e-05,5.770733e-03,1.714697e-02,0.000000e+00,0.000000e+00
1515,13,20003,1.332676e-04,5.192373e-03,1.558380e-02,0.000000e+00,0.000000e+00
1516,16,20019,9.767711e-05,5.275359e-03,1.433133e-02,0.000000e+00,0.000000e+00
1517,10,20029,3.586326e-05,4.900760e-03,1.588714e-02,0.000000e+00,0.000000e+00
1518,13,20042,1.835506e-05,5.505876e-03,1.466119e-02,0.000000e+00,0.000000e+00
1519,15,20057,1.914075e-04,5.111222e-03,1.246649e-02,0.000000e+00,0.000000e+00
1520,15,20072,1.562495e-05,5.550897e-03,1.295055e-02,0.000000e+00,0.000000e+00
1521,11,20083,7.313476e-05,5.297659e-03,1.401839e-02,0.000000e+00,0.000000e+00
1522,14,20097,1.021751e-05,5.667694e-03,1.281817e-02,0.000000e+00,0.000000e+00
1523,9,20106,1.550260e-05,5.564586e-03,1.218276e-02,0.000000e+00,0.000000e+00
1524,11,20117,1.618080e-04,5.466330e-03,1.392539e-02,0.000000e+00,0.000000e+00
1525,15,20132,8.217914e-05,4.999588e-03,1.455076e-02,0.000000e+00,0.000000e+00
1526,11,20143,5.515394e-06,5.351320e-03,1.538186e-02,0.000000e+00,0.000000e+00
1527,14,20157,4.317793e-05,5.339745e-03,1.382314e-02,0.000000e+00,0.000000e+00
1528,15,20172,4.901240e-05,5.392015e-03,1.330323e-02,0.000000e+00,0.000000e+00
1529,15,20187,5.641105e-05,5.278454e-03,1.495599e-02,0.000000e+00,0.000000e+00
1530,12,20199,1.075370e-04,5.446648e-03,1.090562e-02,0.000000e+00,0.000000e+00
1531,19,20218,2.202127e-04,5.426985e-03,1.546572e-02,0.000000e+00,0.000000e+00
1532,13,20231,7.357858e-05,5.575301e-03,1.361554e-02,0.000000e+00,0.000000e+00
1533,11,20242,8.754432e-07,5.300391e-03,1.187996e-02,0.000000e+00,0.000000e+00
1534,10,20252,1.140648e-04,5.462149e-03,1.552913e-02,0.000000e+00,0.000000e+00
1535,16,20268,4.891306e-05,5.374433e-03,1.421270e-02,0.000000e+00,0.000000e+00
HIST {'total_samples': 1715466, 'floor_samples': 15, 'floor_fraction': 8.743979769928404e-06, 'saturation_depth': 1.862645149230957e-08, 'boundaries': 1536, 'capped_boundaries': 0, 'unfinished_worlds': 0}
1536,12,20280,1.574514e-04,5.581941e-03,1.218673e-02,0.000000e+00,0.000000e+00
1537,13,20293,1.804319e-05,5.192869e-03,1.282196e-02,0.000000e+00,0.000000e+00
1538,11,20304,7.135794e-05,5.157530e-03,1.203490e-02,0.000000e+00,0.000000e+00
1539,11,20315,2.438016e-04,5.151782e-03,1.532789e-02,0.000000e+00,0.000000e+00
1540,18,20333,2.346742e-04,5.310614e-03,1.544944e-02,0.000000e+00,0.000000e+00
1541,15,20348,3.990085e-05,5.106129e-03,1.163400e-02,0.000000e+00,0.000000e+00
1542,13,20361,9.577256e-05,5.368505e-03,1.540996e-02,0.000000e+00,0.000000e+00
1543,11,20372,4.830770e-05,5.090804e-03,1.220170e-02,0.000000e+00,0.000000e+00
1544,12,20384,1.715962e-05,5.066360e-03,1.237052e-02,0.000000e+00,0.000000e+00
1545,12,20396,3.867973e-05,5.362836e-03,1.338742e-02,0.000000e+00,0.000000e+00
1546,14,20410,3.834626e-05,5.768754e-03,1.270705e-02,0.000000e+00,0.000000e+00
1547,11,20421,1.729000e-05,5.086871e-03,1.147228e-02,0.000000e+00,0.000000e+00
1548,13,20434,1.543327e-04,5.409056e-03,1.864821e-02,0.000000e+00,0.000000e+00
1549,12,20446,1.295578e-04,5.281774e-03,1.459494e-02,0.000000e+00,0.000000e+00
1550,10,20456,1.448672e-05,5.125933e-03,1.419506e-02,0.000000e+00,0.000000e+00
1551,11,20467,1.087389e-04,5.114189e-03,1.102394e-02,0.000000e+00,0.000000e+00
1552,11,20478,5.612076e-05,5.391652e-03,1.508902e-02,0.000000e+00,0.000000e+00
1553,12,20490,9.289085e-06,5.151983e-03,1.377993e-02,0.000000e+00,0.000000e+00
1554,11,20501,1.094682e-05,5.332779e-03,1.430559e-02,0.000000e+00,0.000000e+00
1555,12,20513,7.549302e-05,5.211034e-03,1.289139e-02,0.000000e+00,0.000000e+00
1556,11,20524,7.007271e-05,5.143036e-03,1.329666e-02,0.000000e+00,0.000000e+00
1557,10,20534,2.651084e-04,5.366805e-03,1.171680e-02,0.000000e+00,0.000000e+00
1558,11,20545,1.932667e-05,5.347541e-03,2.125195e-02,0.000000e+00,0.000000e+00
1559,10,20555,3.041984e-05,5.160991e-03,1.264343e-02,0.000000e+00,0.000000e+00
1560,17,20572,1.017673e-05,5.357515e-03,1.247842e-02,0.000000e+00,0.000000e+00
1561,14,20586,3.241003e-05,5.222261e-03,1.301601e-02,0.000000e+00,0.000000e+00
1562,11,20597,1.041424e-04,5.344650e-03,1.404775e-02,0.000000e+00,0.000000e+00
1563,11,20608,1.448393e-04,5.373226e-03,1.471205e-02,0.000000e+00,0.000000e+00
1564,13,20621,1.199520e-06,5.379798e-03,1.535588e-02,0.000000e+00,0.000000e+00
1565,12,20633,1.942791e-04,5.453819e-03,1.330407e-02,0.000000e+00,0.000000e+00
1566,12,20645,1.224689e-06,5.504933e-03,1.399398e-02,0.000000e+00,0.000000e+00
1567,16,20661,1.499160e-05,5.413070e-03,1.298013e-02,0.000000e+00,0.000000e+00
1568,10,20671,6.332507e-05,5.458642e-03,1.500969e-02,0.000000e+00,0.000000e+00
1569,13,20684,1.299195e-06,5.488171e-03,1.551535e-02,0.000000e+00,0.000000e+00
1570,12,20696,1.858777e-05,5.571170e-03,1.461014e-02,0.000000e+00,0.000000e+00
1571,12,20708,2.636786e-05,5.260501e-03,1.370986e-02,0.000000e+00,0.000000e+00
1572,10,20718,5.796082e-06,5.419103e-03,2.056587e-02,0.000000e+00,0.000000e+00
1573,11,20729,3.932508e-05,5.213847e-03,1.226360e-02,0.000000e+00,0.000000e+00
1574,15,20744,9.970413e-06,5.503177e-03,1.567535e-02,0.000000e+00,0.000000e+00
1575,12,20756,1.496868e-04,5.190264e-03,1.357032e-02,0.000000e+00,0.000000e+00
1576,13,20769,6.645582e-05,5.187611e-03,1.368699e-02,0.000000e+00,0.000000e+00
1577,12,20781,9.553460e-05,5.288956e-03,1.307172e-02,0.000000e+00,0.000000e+00
1578,13,20794,1.863095e-05,5.526634e-03,1.215560e-02,0.000000e+00,0.000000e+00
1579,13,20807,6.296522e-05,5.420937e-03,1.200171e-02,0.000000e+00,0.000000e+00
1580,13,20820,1.031588e-06,5.378138e-03,1.302702e-02,0.000000e+00,0.000000e+00
1581,13,20833,2.722911e-05,5.267869e-03,1.443323e-02,0.000000e+00,0.000000e+00
1582,12,20845,1.629815e-05,5.299096e-03,1.706959e-02,0.000000e+00,0.000000e+00
1583,15,20860,1.521688e-04,5.236379e-03,1.821472e-02,0.000000e+00,0.000000e+00
HIST {'total_samples': 1770018, 'floor_samples': 15, 'floor_fraction': 8.474490089931288e-06, 'saturation_depth': 1.862645149230957e-08, 'boundaries': 1584, 'capped_boundaries': 0, 'unfinished_worlds': 0}
1584,14,20874,9.197922e-06,5.585759e-03,1.847268e-02,0.000000e+00,0.000000e+00
1585,15,20889,2.667254e-05,5.352076e-03,1.829511e-02,0.000000e+00,0.000000e+00
1586,12,20901,1.741573e-06,5.524514e-03,1.410513e-02,0.000000e+00,0.000000e+00
1587,16,20917,2.572731e-05,5.486747e-03,1.227496e-02,0.000000e+00,0.000000e+00
1588,14,20931,1.808877e-06,5.507064e-03,1.541173e-02,0.000000e+00,0.000000e+00
1589,14,20945,1.588069e-04,5.259585e-03,1.322391e-02,0.000000e+00,0.000000e+00
1590,18,20963,1.055818e-05,5.048973e-03,1.381247e-02,0.000000e+00,0.000000e+00
1591,17,20980,9.323470e-05,5.190349e-03,1.374227e-02,0.000000e+00,0.000000e+00
1592,13,20993,3.735069e-05,5.685119e-03,1.440568e-02,0.000000e+00,0.000000e+00
1593,10,21003,1.933612e-04,5.269284e-03,1.116468e-02,0.000000e+00,0.000000e+00
1594,15,21018,3.782807e-05,5.626681e-03,1.507996e-02,0.000000e+00,0.000000e+00
1595,13,21031,2.118945e-04,5.608844e-03,1.171208e-02,0.000000e+00,0.000000e+00
1596,11,21042,9.947456e-05,5.627313e-03,1.425452e-02,0.000000e+00,0.000000e+00
1597,10,21052,2.989205e-05,5.576921e-03,1.602315e-02,0.000000e+00,0.000000e+00
1598,16,21068,1.305528e-04,5.513502e-03,1.648526e-02,0.000000e+00,0.000000e+00
1599,16,21084,3.771856e-05,5.298645e-03,1.225273e-02,0.000000e+00,0.000000e+00
1600,13,21097,1.147749e-04,5.532032e-03,1.289010e-02,0.000000e+00,0.000000e+00
1601,12,21109,2.583767e-06,5.258370e-03,1.445918e-02,0.000000e+00,0.000000e+00
1602,14,21123,1.923926e-04,5.510781e-03,1.457349e-02,0.000000e+00,0.000000e+00
1603,14,21137,3.769613e-05,5.197380e-03,1.334581e-02,0.000000e+00,0.000000e+00
1604,12,21149,8.225351e-05,5.309861e-03,1.501438e-02,0.000000e+00,0.000000e+00
1605,15,21164,9.007438e-05,5.092214e-03,1.266449e-02,0.000000e+00,0.000000e+00
1606,13,21177,1.715077e-04,5.675453e-03,1.195426e-02,0.000000e+00,0.000000e+00
1607,16,21193,1.586508e-05,5.365368e-03,1.291545e-02,0.000000e+00,0.000000e+00
1608,12,21205,4.228070e-05,5.513733e-03,1.393527e-02,0.000000e+00,0.000000e+00
1609,12,21217,1.387578e-04,5.428781e-03,1.263384e-02,0.000000e+00,0.000000e+00
1610,14,21231,1.703319e-06,5.340595e-03,1.350634e-02,0.000000e+00,0.000000e+00
1611,10,21241,2.870942e-04,4.989336e-03,1.268904e-02,0.000000e+00,0.000000e+00
1612,11,21252,5.696522e-05,5.224855e-03,1.487226e-02,0.000000e+00,0.000000e+00
1613,13,21265,4.589558e-05,5.354093e-03,1.187334e-02,0.000000e+00,0.000000e+00
1614,11,21276,7.709797e-05,5.108118e-03,1.401912e-02,0.000000e+00,0.000000e+00
1615,14,21290,5.388246e-05,5.057465e-03,1.328423e-02,0.000000e+00,0.000000e+00
1616,12,21302,1.374632e-05,5.497798e-03,1.678840e-02,0.000000e+00,0.000000e+00
1617,17,21319,5.469657e-05,5.311275e-03,1.219713e-02,0.000000e+00,0.000000e+00
1618,12,21331,3.807247e-05,5.521297e-03,1.456368e-02,0.000000e+00,0.000000e+00
1619,18,21349,1.838145e-05,5.449841e-03,1.378594e-02,0.000000e+00,0.000000e+00
1620,12,21361,1.058355e-04,5.185594e-03,1.690980e-02,0.000000e+00,0.000000e+00
1621,17,21378,2.998801e-05,5.235735e-03,1.149205e-02,0.000000e+00,0.000000e+00
1622,13,21391,2.288685e-06,5.491374e-03,1.418874e-02,0.000000e+00,0.000000e+00
1623,16,21407,5.774731e-05,5.140037e-03,1.347779e-02,0.000000e+00,0.000000e+00
1624,15,21422,2.275586e-04,5.377433e-03,1.240571e-02,0.000000e+00,0.000000e+00
1625,14,21436,6.556511e-06,5.255255e-03,1.324758e-02,0.000000e+00,0.000000e+00
1626,13,21449,7.045455e-05,5.474467e-03,1.352378e-02,0.000000e+00,0.000000e+00
1627,12,21461,7.748422e-05,5.472869e-03,1.372794e-02,0.000000e+00,0.000000e+00
1628,12,21473,2.506998e-06,5.334455e-03,1.369584e-02,0.000000e+00,0.000000e+00
1629,11,21484,2.416194e-04,5.661570e-03,1.504916e-02,0.000000e+00,0.000000e+00
1630,10,21494,2.368353e-05,5.225375e-03,1.506106e-02,0.000000e+00,0.000000e+00
1631,11,21505,8.987263e-07,5.242309e-03,1.327646e-02,0.000000e+00,0.000000e+00
HIST {'total_samples': 1824829, 'floor_samples': 15, 'floor_fraction': 8.219948280085422e-06, 'saturation_depth': 1.862645149230957e-08, 'boundaries': 1632, 'capped_boundaries': 0, 'unfinished_worlds': 0}
1632,12,21517,6.835827e-05,5.506800e-03,1.546847e-02,0.000000e+00,0.000000e+00
1633,11,21528,6.788565e-05,5.103552e-03,1.470331e-02,0.000000e+00,0.000000e+00
1634,10,21538,1.276843e-04,5.714099e-03,1.246383e-02,0.000000e+00,0.000000e+00
1635,19,21557,1.039768e-04,5.492525e-03,1.265726e-02,0.000000e+00,0.000000e+00
1636,10,21567,5.614715e-05,5.270856e-03,1.391312e-02,0.000000e+00,0.000000e+00
1637,18,21585,6.532588e-06,5.006345e-03,1.244294e-02,0.000000e+00,0.000000e+00
1638,13,21598,2.722911e-06,5.480584e-03,1.765339e-02,0.000000e+00,0.000000e+00
1639,14,21612,2.997361e-05,5.127620e-03,1.304388e-02,0.000000e+00,0.000000e+00
1640,11,21623,3.867783e-05,5.442623e-03,1.741382e-02,0.000000e+00,0.000000e+00
1641,13,21636,4.077889e-05,5.229981e-03,1.349089e-02,0.000000e+00,0.000000e+00
1642,13,21649,1.826603e-04,5.394102e-03,1.491328e-02,0.000000e+00,0.000000e+00
1643,12,21661,4.520640e-05,5.260682e-03,1.312524e-02,0.000000e+00,0.000000e+00
1644,12,21673,3.705078e-05,5.607842e-03,1.605012e-02,0.000000e+00,0.000000e+00
1645,15,21688,2.404675e-05,5.147467e-03,1.387546e-02,0.000000e+00,0.000000e+00
1646,18,21706,9.475251e-05,5.501802e-03,1.257720e-02,0.000000e+00,0.000000e+00
1647,17,21723,2.308333e-04,5.690956e-03,1.349007e-02,0.000000e+00,0.000000e+00
1648,11,21734,4.920912e-05,5.370840e-03,1.596996e-02,0.000000e+00,0.000000e+00
1649,14,21748,1.191412e-04,5.398935e-03,1.688259e-02,0.000000e+00,0.000000e+00
1650,12,21760,2.538185e-06,5.283753e-03,1.253705e-02,0.000000e+00,0.000000e+00
1651,12,21772,6.468534e-05,5.557366e-03,1.379483e-02,0.000000e+00,0.000000e+00
1652,15,21787,7.431954e-06,5.339769e-03,1.496137e-02,0.000000e+00,0.000000e+00
1653,11,21798,3.667653e-05,5.519449e-03,1.403766e-02,0.000000e+00,0.000000e+00
1654,14,21812,5.673252e-05,5.530701e-03,1.262902e-02,0.000000e+00,0.000000e+00
1655,12,21824,1.337379e-05,5.526147e-03,1.643258e-02,0.000000e+00,0.000000e+00
1656,12,21836,9.557778e-06,5.856781e-03,1.225034e-02,0.000000e+00,0.000000e+00
1657,11,21847,4.458377e-05,5.653428e-03,1.379068e-02,0.000000e+00,0.000000e+00
1658,12,21859,8.270144e-06,5.389938e-03,1.445056e-02,0.000000e+00,0.000000e+00
1659,15,21874,9.131618e-06,5.248151e-03,1.248892e-02,0.000000e+00,0.000000e+00
1660,12,21886,2.055258e-04,5.461281e-03,1.270502e-02,0.000000e+00,0.000000e+00
1661,17,21903,8.661976e-05,4.856693e-03,1.274169e-02,0.000000e+00,0.000000e+00
1662,12,21915,2.643743e-06,5.709459e-03,1.390316e-02,0.000000e+00,0.000000e+00
1663,10,21925,1.287274e-04,5.269262e-03,1.281833e-02,0.000000e+00,0.000000e+00
1664,12,21937,4.601665e-05,5.786586e-03,1.777589e-02,0.000000e+00,0.000000e+00
1665,13,21950,6.024951e-05,5.277136e-03,1.353781e-02,0.000000e+00,0.000000e+00
1666,15,21965,1.139232e-04,5.405889e-03,1.544144e-02,0.000000e+00,0.000000e+00
1667,11,21976,2.179062e-04,5.866404e-03,1.609784e-02,0.000000e+00,0.000000e+00
1668,18,21994,1.324270e-06,5.404816e-03,1.450054e-02,0.000000e+00,0.000000e+00
1669,14,22008,6.386247e-06,5.654933e-03,1.345331e-02,0.000000e+00,0.000000e+00
1670,13,22021,1.339475e-04,5.624576e-03,1.608774e-02,0.000000e+00,0.000000e+00
1671,13,22034,2.828892e-05,5.574439e-03,1.620193e-02,0.000000e+00,0.000000e+00
1672,11,22045,5.210716e-06,5.758053e-03,1.541182e-02,0.000000e+00,0.000000e+00
1673,12,22057,2.534347e-05,5.488382e-03,1.192071e-02,0.000000e+00,0.000000e+00
1674,16,22073,6.585382e-05,5.516763e-03,1.487226e-02,0.000000e+00,0.000000e+00
1675,10,22083,6.403759e-05,5.444158e-03,1.487226e-02,0.000000e+00,0.000000e+00
1676,14,22097,1.786184e-04,5.515560e-03,1.392365e-02,0.000000e+00,0.000000e+00
1677,12,22109,1.372971e-05,5.307579e-03,1.429755e-02,0.000000e+00,0.000000e+00
1678,14,22123,5.204479e-05,5.535027e-03,1.271602e-02,0.000000e+00,0.000000e+00
1679,15,22138,1.265974e-05,5.375101e-03,1.282442e-02,0.000000e+00,0.000000e+00
HIST {'total_samples': 1879221, 'floor_samples': 16, 'floor_fraction': 8.514166242288693e-06, 'saturation_depth': 1.862645149230957e-08, 'boundaries': 1680, 'capped_boundaries': 0, 'unfinished_worlds': 0}
1680,16,22154,8.797273e-05,5.598424e-03,1.225824e-02,0.000000e+00,0.000000e+00
1681,15,22169,2.018313e-05,5.715805e-03,1.488201e-02,0.000000e+00,0.000000e+00
1682,13,22182,1.762335e-05,5.527867e-03,1.442379e-02,0.000000e+00,0.000000e+00
1683,12,22194,8.263975e-05,5.266500e-03,1.276210e-02,0.000000e+00,0.000000e+00
1684,14,22208,5.465015e-05,5.735417e-03,1.932929e-02,0.000000e+00,0.000000e+00
1685,12,22220,1.331232e-04,5.548818e-03,1.874478e-02,0.000000e+00,0.000000e+00
1686,13,22233,9.447423e-06,5.538623e-03,1.689798e-02,0.000000e+00,0.000000e+00
1687,13,22246,1.709556e-05,5.390858e-03,1.584252e-02,0.000000e+00,0.000000e+00
1688,11,22257,2.502199e-06,5.523437e-03,1.292997e-02,0.000000e+00,0.000000e+00
1689,14,22271,8.132268e-05,5.201067e-03,1.218927e-02,0.000000e+00,0.000000e+00
1690,12,22283,6.278769e-05,5.520605e-03,1.376348e-02,0.000000e+00,0.000000e+00
1691,11,22294,1.008557e-05,5.365370e-03,1.576471e-02,0.000000e+00,0.000000e+00
1692,12,22306,1.402959e-05,5.580669e-03,1.324475e-02,0.000000e+00,0.000000e+00
1693,12,22318,6.742310e-05,5.318088e-03,1.398105e-02,0.000000e+00,0.000000e+00
1694,10,22328,4.659417e-05,5.394374e-03,1.339826e-02,0.000000e+00,0.000000e+00
1695,11,22339,5.016874e-05,5.330605e-03,1.463681e-02,0.000000e+00,0.000000e+00
1696,14,22353,9.262696e-05,5.599580e-03,1.743710e-02,0.000000e+00,0.000000e+00
1697,10,22363,1.152907e-04,5.111013e-03,1.302953e-02,0.000000e+00,0.000000e+00
1698,10,22373,4.981644e-05,5.371637e-03,1.284686e-02,0.000000e+00,0.000000e+00
1699,23,22396,7.797362e-05,5.394045e-03,1.288090e-02,0.000000e+00,0.000000e+00
1700,11,22407,6.626630e-05,5.496957e-03,1.496706e-02,0.000000e+00,0.000000e+00
1701,11,22418,3.594243e-05,5.186312e-03,1.402139e-02,0.000000e+00,0.000000e+00
1702,10,22428,7.433351e-05,5.742469e-03,1.368293e-02,0.000000e+00,0.000000e+00
1703,14,22442,6.007031e-05,5.328759e-03,1.395111e-02,0.000000e+00,0.000000e+00
1704,13,22455,1.671124e-04,5.188602e-03,1.714931e-02,0.000000e+00,0.000000e+00
1705,12,22467,1.265830e-04,5.493499e-03,1.554193e-02,0.000000e+00,0.000000e+00
1706,12,22479,4.380010e-05,5.194172e-03,1.336407e-02,0.000000e+00,0.000000e+00
1707,16,22495,1.738314e-04,5.221731e-03,1.139828e-02,0.000000e+00,0.000000e+00
1708,10,22505,1.386646e-06,5.216617e-03,1.423552e-02,0.000000e+00,0.000000e+00
1709,13,22518,1.853499e-04,5.152733e-03,1.223181e-02,0.000000e+00,0.000000e+00
1710,11,22529,1.554843e-05,5.819119e-03,1.516852e-02,0.000000e+00,0.000000e+00
1711,12,22541,8.742105e-05,5.137403e-03,1.619666e-02,0.000000e+00,0.000000e+00
1712,13,22554,2.738745e-05,5.225704e-03,1.390805e-02,0.000000e+00,0.000000e+00
1713,12,22566,4.660856e-05,5.217090e-03,1.343716e-02,0.000000e+00,0.000000e+00
1714,18,22584,3.714580e-05,5.166330e-03,1.172405e-02,0.000000e+00,0.000000e+00
1715,14,22598,4.632068e-05,4.842441e-03,1.046538e-02,0.000000e+00,0.000000e+00
1716,11,22609,3.230716e-04,5.633636e-03,1.742696e-02,0.000000e+00,0.000000e+00
1717,11,22620,3.107238e-05,5.393380e-03,1.267623e-02,0.000000e+00,0.000000e+00
1718,10,22630,1.404878e-04,5.357385e-03,1.612876e-02,0.000000e+00,0.000000e+00
1719,17,22647,3.188565e-05,5.146465e-03,1.293069e-02,0.000000e+00,0.000000e+00
1720,12,22659,6.803311e-06,5.493043e-03,1.865890e-02,0.000000e+00,0.000000e+00
1721,13,22672,4.997943e-05,5.274847e-03,1.225745e-02,0.000000e+00,0.000000e+00
1722,15,22687,5.392564e-05,5.393376e-03,1.253644e-02,0.000000e+00,0.000000e+00
1723,15,22702,5.325391e-05,5.413599e-03,1.272952e-02,0.000000e+00,0.000000e+00
1724,15,22717,1.467517e-04,5.449880e-03,1.277772e-02,0.000000e+00,0.000000e+00
1725,21,22738,3.466848e-05,5.324918e-03,1.429473e-02,0.000000e+00,0.000000e+00
1726,10,22748,6.612390e-06,5.547979e-03,1.239400e-02,0.000000e+00,0.000000e+00
1727,13,22761,1.102407e-04,5.495133e-03,1.628672e-02,0.000000e+00,0.000000e+00
HIST {'total_samples': 1934446, 'floor_samples': 16, 'floor_fraction': 8.271101907212711e-06, 'saturation_depth': 1.862645149230957e-08, 'boundaries': 1728, 'capped_boundaries': 0, 'unfinished_worlds': 0}
1728,12,22773,7.689645e-05,5.387352e-03,1.619817e-02,0.000000e+00,0.000000e+00
1729,14,22787,7.258778e-05,5.318730e-03,1.358256e-02,0.000000e+00,0.000000e+00
1730,13,22800,2.201647e-05,5.567206e-03,1.245313e-02,0.000000e+00,0.000000e+00
1731,14,22814,1.025878e-04,5.282925e-03,1.459911e-02,0.000000e+00,0.000000e+00
1732,14,22828,1.223385e-04,5.587254e-03,1.264335e-02,0.000000e+00,0.000000e+00
1733,15,22843,2.835474e-04,5.094906e-03,1.113131e-02,0.000000e+00,0.000000e+00
1734,17,22860,1.604958e-06,5.588094e-03,1.484552e-02,0.000000e+00,0.000000e+00
1735,15,22875,6.552980e-05,5.438074e-03,1.296927e-02,0.000000e+00,0.000000e+00
1736,11,22886,4.177450e-05,5.400619e-03,1.911888e-02,0.000000e+00,0.000000e+00
1737,12,22898,8.753501e-05,5.410319e-03,1.589786e-02,0.000000e+00,0.000000e+00
1738,20,22918,5.178619e-05,5.233566e-03,1.323923e-02,0.000000e+00,0.000000e+00
1739,13,22931,2.277549e-05,5.248017e-03,1.203193e-02,0.000000e+00,0.000000e+00
1740,14,22945,1.130716e-04,5.087594e-03,1.211422e-02,0.000000e+00,0.000000e+00
1741,13,22958,6.132759e-06,4.908607e-03,1.389364e-02,0.000000e+00,0.000000e+00
1742,15,22973,2.306438e-05,4.925906e-03,1.507019e-02,0.000000e+00,0.000000e+00
1743,13,22986,1.721457e-04,5.141779e-03,1.409846e-02,0.000000e+00,0.000000e+00
1744,12,22998,2.073635e-04,5.185063e-03,1.460862e-02,0.000000e+00,0.000000e+00
1745,11,23009,5.312196e-05,5.240377e-03,1.277805e-02,0.000000e+00,0.000000e+00
1746,12,23021,7.176490e-05,5.250119e-03,1.229776e-02,0.000000e+00,0.000000e+00
1747,12,23033,3.163855e-04,5.021934e-03,1.171111e-02,0.000000e+00,0.000000e+00
1748,11,23044,7.657334e-05,5.594817e-03,1.786001e-02,0.000000e+00,0.000000e+00
1749,13,23057,5.844049e-05,5.425274e-03,1.353296e-02,0.000000e+00,0.000000e+00
1750,12,23069,2.844026e-04,5.631951e-03,1.672382e-02,0.000000e+00,0.000000e+00
1751,11,23080,5.322991e-05,5.384976e-03,1.852990e-02,0.000000e+00,0.000000e+00
1752,14,23094,1.531094e-05,5.084776e-03,1.439810e-02,0.000000e+00,0.000000e+00
1753,11,23105,2.800160e-05,4.988750e-03,1.135606e-02,0.000000e+00,0.000000e+00
1754,13,23118,6.488990e-05,5.181501e-03,1.325739e-02,0.000000e+00,0.000000e+00
1755,11,23129,5.260137e-05,5.319445e-03,1.239258e-02,0.000000e+00,0.000000e+00
1756,12,23141,8.184087e-05,5.274573e-03,1.526096e-02,0.000000e+00,0.000000e+00
1757,11,23152,2.127805e-04,5.458518e-03,1.510280e-02,0.000000e+00,0.000000e+00
1758,15,23167,2.496730e-04,5.395433e-03,1.340173e-02,0.000000e+00,0.000000e+00
1759,13,23180,2.759137e-05,5.104311e-03,1.415577e-02,0.000000e+00,0.000000e+00
1760,15,23195,4.905742e-05,5.202095e-03,1.283769e-02,0.000000e+00,0.000000e+00
1761,13,23208,4.498201e-05,5.100352e-03,1.350734e-02,0.000000e+00,0.000000e+00
1762,12,23220,1.990702e-05,5.243158e-03,1.248004e-02,0.000000e+00,0.000000e+00
1763,14,23234,7.775291e-05,5.234734e-03,1.572459e-02,0.000000e+00,0.000000e+00
1764,10,23244,3.430992e-05,5.355108e-03,1.217635e-02,0.000000e+00,0.000000e+00
1765,14,23258,2.395682e-05,5.303686e-03,2.087475e-02,0.000000e+00,0.000000e+00
1766,13,23271,4.146022e-05,5.302737e-03,1.646559e-02,0.000000e+00,0.000000e+00
1767,14,23285,1.348741e-05,5.323909e-03,1.345859e-02,0.000000e+00,0.000000e+00
1768,12,23297,1.979526e-05,5.363168e-03,1.665822e-02,0.000000e+00,0.000000e+00
1769,11,23308,1.181941e-04,5.498088e-03,1.730554e-02,0.000000e+00,0.000000e+00
1770,11,23319,1.567605e-04,5.565057e-03,1.495536e-02,0.000000e+00,0.000000e+00
1771,12,23331,2.268773e-05,5.248512e-03,1.400749e-02,0.000000e+00,0.000000e+00
1772,13,23344,3.497562e-05,5.510032e-03,1.252820e-02,0.000000e+00,0.000000e+00
1773,11,23355,6.634307e-05,5.485817e-03,1.441986e-02,0.000000e+00,0.000000e+00
1774,11,23366,1.168093e-04,5.615122e-03,1.449156e-02,0.000000e+00,0.000000e+00
1775,12,23378,4.893084e-05,5.421703e-03,1.472625e-02,0.000000e+00,0.000000e+00
HIST {'total_samples': 1990127, 'floor_samples': 16, 'floor_fraction': 8.039687919414187e-06, 'saturation_depth': 1.862645149230957e-08, 'boundaries': 1776, 'capped_boundaries': 0, 'unfinished_worlds': 0}
1776,11,23389,4.924991e-05,5.608227e-03,1.456736e-02,0.000000e+00,0.000000e+00
1777,13,23402,2.703239e-05,5.346311e-03,1.639198e-02,0.000000e+00,0.000000e+00
1778,13,23415,4.229269e-05,5.224381e-03,1.487892e-02,0.000000e+00,0.000000e+00
1779,12,23427,7.860363e-06,5.080745e-03,1.446358e-02,0.000000e+00,0.000000e+00
1780,10,23437,7.608905e-06,5.763579e-03,1.928735e-02,0.000000e+00,0.000000e+00
1781,13,23450,4.551700e-05,5.587716e-03,1.611407e-02,0.000000e+00,0.000000e+00
1782,15,23465,2.180944e-04,5.792642e-03,1.720898e-02,0.000000e+00,0.000000e+00
1783,20,23485,1.845942e-04,5.502749e-03,1.474299e-02,0.000000e+00,0.000000e+00
1784,11,23496,6.592564e-05,5.490947e-03,1.458888e-02,0.000000e+00,0.000000e+00
1785,13,23509,5.750501e-06,5.299805e-03,1.440024e-02,0.000000e+00,0.000000e+00
1786,12,23521,5.679671e-05,5.695397e-03,2.095178e-02,0.000000e+00,0.000000e+00
1787,13,23534,1.385203e-04,5.520062e-03,1.507431e-02,0.000000e+00,0.000000e+00
1788,12,23546,5.634502e-05,5.486145e-03,1.346655e-02,0.000000e+00,0.000000e+00
1789,14,23560,2.967133e-05,5.499195e-03,1.380028e-02,0.000000e+00,0.000000e+00
1790,14,23574,2.371692e-04,5.347699e-03,1.448376e-02,0.000000e+00,0.000000e+00
1791,12,23586,1.192659e-04,5.131743e-03,1.104174e-02,0.000000e+00,0.000000e+00
1792,15,23601,4.135226e-05,5.620202e-03,1.575549e-02,0.000000e+00,0.000000e+00
1793,15,23616,9.706519e-06,5.528459e-03,1.121624e-02,0.000000e+00,0.000000e+00
1794,13,23629,5.582348e-05,5.548171e-03,1.836637e-02,0.000000e+00,0.000000e+00
1795,10,23639,2.707727e-04,5.401778e-03,1.835002e-02,0.000000e+00,0.000000e+00
1796,13,23652,4.184432e-05,5.483331e-03,1.805056e-02,0.000000e+00,0.000000e+00
1797,13,23665,8.142553e-05,5.310447e-03,1.714172e-02,0.000000e+00,0.000000e+00
1798,14,23679,1.556498e-05,5.454209e-03,1.799875e-02,0.000000e+00,0.000000e+00
1799,12,23691,1.308437e-04,5.160656e-03,1.357520e-02,0.000000e+00,0.000000e+00
1800,12,23703,6.332994e-06,5.554649e-03,1.369439e-02,0.000000e+00,0.000000e+00
1801,13,23716,9.533787e-06,5.310175e-03,1.168251e-02,0.000000e+00,0.000000e+00
1802,11,23727,5.654059e-05,5.494157e-03,1.625269e-02,0.000000e+00,0.000000e+00
1803,20,23747,2.176794e-04,5.634867e-03,1.551973e-02,0.000000e+00,0.000000e+00
1804,17,23764,8.055940e-06,5.557070e-03,1.438554e-02,0.000000e+00,0.000000e+00
1805,14,23778,4.119240e-05,5.356240e-03,1.467653e-02,0.000000e+00,0.000000e+00
1806,11,23789,1.271492e-06,5.234526e-03,1.348445e-02,0.000000e+00,0.000000e+00
1807,11,23800,2.112547e-04,5.257374e-03,1.375963e-02,0.000000e+00,0.000000e+00
1808,15,23815,1.629815e-06,5.656394e-03,1.205030e-02,0.000000e+00,0.000000e+00
1809,12,23827,2.076849e-05,5.440009e-03,1.316017e-02,0.000000e+00,0.000000e+00
1810,10,23837,5.539972e-05,5.396593e-03,1.235386e-02,0.000000e+00,0.000000e+00
1811,20,23857,6.686896e-06,5.217775e-03,1.164234e-02,0.000000e+00,0.000000e+00
1812,13,23870,1.302679e-06,5.604586e-03,1.525152e-02,0.000000e+00,0.000000e+00
1813,14,23884,2.583287e-05,5.347560e-03,1.638871e-02,0.000000e+00,0.000000e+00
1814,13,23897,5.163695e-05,5.365153e-03,1.189301e-02,0.000000e+00,0.000000e+00
1815,12,23909,2.969293e-05,5.183673e-03,1.334660e-02,0.000000e+00,0.000000e+00
1816,11,23920,6.235205e-05,5.399173e-03,1.306463e-02,0.000000e+00,0.000000e+00
1817,13,23933,8.287006e-05,5.466907e-03,1.581327e-02,0.000000e+00,0.000000e+00
1818,11,23944,1.220152e-05,5.580834e-03,1.408193e-02,0.000000e+00,0.000000e+00
1819,15,23959,4.874371e-04,5.542711e-03,1.728056e-02,0.000000e+00,0.000000e+00
1820,15,23974,1.894043e-05,5.579799e-03,1.346805e-02,0.000000e+00,0.000000e+00
1821,13,23987,2.449205e-04,5.424168e-03,1.361195e-02,0.000000e+00,0.000000e+00
1822,12,23999,1.980840e-04,5.668291e-03,1.592638e-02,0.000000e+00,0.000000e+00
1823,16,24015,7.087365e-06,5.354621e-03,1.432477e-02,0.000000e+00,0.000000e+00
HIST {'total_samples': 2044327, 'floor_samples': 16, 'floor_fraction': 7.82653655701852e-06, 'saturation_depth': 1.862645149230957e-08, 'boundaries': 1824, 'capped_boundaries': 0, 'unfinished_worlds': 0}
1824,11,24026,1.634131e-04,5.458657e-03,1.182885e-02,0.000000e+00,0.000000e+00
1825,16,24042,4.652422e-05,5.286168e-03,1.272606e-02,0.000000e+00,0.000000e+00
1826,12,24054,5.781208e-05,5.397585e-03,1.311455e-02,0.000000e+00,0.000000e+00
1827,12,24066,7.259659e-06,5.568023e-03,1.402542e-02,0.000000e+00,0.000000e+00
1828,11,24077,2.431500e-04,5.658129e-03,1.489807e-02,0.000000e+00,0.000000e+00
1829,12,24089,1.411373e-04,5.283620e-03,1.285393e-02,0.000000e+00,0.000000e+00
1830,10,24099,3.464520e-05,5.453513e-03,1.278796e-02,0.000000e+00,0.000000e+00
1831,14,24113,1.734507e-04,5.440263e-03,1.320303e-02,0.000000e+00,0.000000e+00
1832,12,24125,1.682295e-04,5.488752e-03,1.199525e-02,0.000000e+00,0.000000e+00
1833,15,24140,1.867413e-05,5.224063e-03,1.166346e-02,0.000000e+00,0.000000e+00
1834,15,24155,2.361462e-04,5.522133e-03,1.514344e-02,0.000000e+00,0.000000e+00
1835,13,24168,3.853963e-04,5.351705e-03,1.525503e-02,0.000000e+00,0.000000e+00
1836,13,24181,1.002511e-04,5.374874e-03,1.614593e-02,0.000000e+00,0.000000e+00
1837,12,24193,1.245178e-05,5.125663e-03,1.259838e-02,0.000000e+00,0.000000e+00
1838,13,24206,6.617047e-06,5.191523e-03,1.157090e-02,0.000000e+00,0.000000e+00
1839,11,24217,1.181528e-05,5.304611e-03,1.227760e-02,0.000000e+00,0.000000e+00
1840,11,24228,2.826098e-05,5.375907e-03,1.406547e-02,0.000000e+00,0.000000e+00
1841,13,24241,3.328429e-05,5.229353e-03,1.232123e-02,0.000000e+00,0.000000e+00
1842,13,24254,3.513414e-05,5.309629e-03,1.243378e-02,0.000000e+00,0.000000e+00
1843,16,24270,1.133883e-04,5.310848e-03,1.242274e-02,0.000000e+00,0.000000e+00
1844,19,24289,6.733928e-05,5.329069e-03,1.244357e-02,0.000000e+00,0.000000e+00
1845,16,24305,4.233234e-04,5.168878e-03,1.354686e-02,0.000000e+00,0.000000e+00
1846,12,24317,6.771053e-05,5.354006e-03,1.533427e-02,0.000000e+00,0.000000e+00
1847,13,24330,1.889485e-05,5.073364e-03,1.145739e-02,0.000000e+00,0.000000e+00
1848,13,24343,3.378838e-05,5.244782e-03,1.388638e-02,0.000000e+00,0.000000e+00
1849,14,24357,2.295162e-05,5.102174e-03,1.499767e-02,0.000000e+00,0.000000e+00
1850,15,24372,1.229460e-04,5.126812e-03,1.494319e-02,0.000000e+00,0.000000e+00
1851,12,24384,5.448462e-05,5.023587e-03,1.522200e-02,0.000000e+00,0.000000e+00
1852,15,24399,1.479313e-04,5.440005e-03,1.203950e-02,0.000000e+00,0.000000e+00
1853,11,24410,1.460314e-05,5.195539e-03,1.348402e-02,0.000000e+00,0.000000e+00
1854,14,24424,5.685967e-05,5.611341e-03,1.460992e-02,0.000000e+00,0.000000e+00
1855,13,24437,8.106358e-06,5.246569e-03,1.347737e-02,0.000000e+00,0.000000e+00
1856,18,24455,9.308278e-07,5.448984e-03,1.451697e-02,0.000000e+00,0.000000e+00
1857,13,24468,3.462192e-05,4.929987e-03,1.737871e-02,0.000000e+00,0.000000e+00
1858,10,24478,6.052300e-05,5.265361e-03,1.941579e-02,0.000000e+00,0.000000e+00
1859,11,24489,6.023511e-05,4.861081e-03,1.189187e-02,0.000000e+00,0.000000e+00
1860,15,24504,1.122223e-04,5.422393e-03,1.474949e-02,0.000000e+00,0.000000e+00
1861,11,24515,2.277549e-04,5.242259e-03,1.230713e-02,0.000000e+00,0.000000e+00
1862,15,24530,1.912035e-05,5.208396e-03,1.620865e-02,0.000000e+00,0.000000e+00
1863,16,24546,2.013659e-04,5.215652e-03,1.380493e-02,0.000000e+00,0.000000e+00
1864,13,24559,3.526110e-05,5.501628e-03,1.313024e-02,0.000000e+00,0.000000e+00
1865,15,24574,1.725834e-04,4.939478e-03,1.305216e-02,0.000000e+00,0.000000e+00
1866,14,24588,7.400561e-05,5.480689e-03,1.453820e-02,0.000000e+00,0.000000e+00
1867,13,24601,4.993843e-05,5.068757e-03,1.205751e-02,0.000000e+00,0.000000e+00
1868,16,24617,1.077001e-04,5.528817e-03,1.230950e-02,0.000000e+00,0.000000e+00
1869,14,24631,1.077937e-04,5.056084e-03,1.221090e-02,0.000000e+00,0.000000e+00
1870,14,24645,5.303559e-05,5.486411e-03,1.256176e-02,0.000000e+00,0.000000e+00
1871,12,24657,1.739478e-04,5.019971e-03,1.215230e-02,0.000000e+00,0.000000e+00
HIST {'total_samples': 2100054, 'floor_samples': 17, 'floor_fraction': 8.095029937325422e-06, 'saturation_depth': 1.862645149230957e-08, 'boundaries': 1872, 'capped_boundaries': 0, 'unfinished_worlds': 0}
1872,13,24670,1.515306e-04,5.343075e-03,1.330522e-02,0.000000e+00,0.000000e+00
1873,12,24682,1.741703e-06,5.315896e-03,1.082878e-02,0.000000e+00,0.000000e+00
1874,16,24698,1.555538e-05,4.946603e-03,1.266955e-02,0.000000e+00,0.000000e+00
1875,12,24710,4.558177e-06,5.002687e-03,1.387450e-02,0.000000e+00,0.000000e+00
1876,14,24724,5.224720e-05,5.137161e-03,1.319445e-02,0.000000e+00,0.000000e+00
1877,14,24738,3.201887e-05,4.981922e-03,1.571886e-02,0.000000e+00,0.000000e+00
1878,15,24753,1.134026e-05,5.132921e-03,1.338452e-02,0.000000e+00,0.000000e+00
1879,16,24769,1.380744e-04,5.293956e-03,1.128147e-02,0.000000e+00,0.000000e+00
1880,13,24782,4.481408e-06,5.302836e-03,1.449189e-02,0.000000e+00,0.000000e+00
1881,12,24794,2.815514e-05,5.315809e-03,1.430228e-02,0.000000e+00,0.000000e+00
1882,11,24805,9.075571e-06,5.352166e-03,1.382025e-02,0.000000e+00,0.000000e+00
1883,12,24817,9.946525e-05,5.371461e-03,1.255415e-02,0.000000e+00,0.000000e+00
1884,15,24832,1.245918e-04,5.531880e-03,1.462736e-02,0.000000e+00,0.000000e+00
1885,13,24845,1.910422e-04,5.414214e-03,1.438655e-02,0.000000e+00,0.000000e+00
1886,11,24856,3.603359e-05,5.446691e-03,1.482020e-02,0.000000e+00,0.000000e+00
1887,12,24868,5.288205e-05,5.539031e-03,1.487382e-02,0.000000e+00,0.000000e+00
1888,18,24886,2.627765e-04,5.514203e-03,1.239590e-02,0.000000e+00,0.000000e+00
1889,14,24900,5.987938e-05,5.245814e-03,1.422933e-02,0.000000e+00,0.000000e+00
1890,10,24910,4.203839e-05,5.646274e-03,1.423196e-02,0.000000e+00,0.000000e+00
1891,24,24934,5.824871e-06,5.350608e-03,1.265370e-02,0.000000e+00,0.000000e+00
1892,12,24946,4.191364e-05,5.506814e-03,1.318614e-02,0.000000e+00,0.000000e+00
1893,11,24957,8.998802e-06,5.280434e-03,1.247046e-02,0.000000e+00,0.000000e+00
1894,11,24968,3.232467e-05,5.473772e-03,1.717179e-02,0.000000e+00,0.000000e+00
1895,12,24980,1.266550e-04,5.136485e-03,1.146238e-02,0.000000e+00,0.000000e+00
1896,12,24992,1.159936e-05,5.282559e-03,1.244456e-02,0.000000e+00,0.000000e+00
1897,13,25005,1.542559e-04,5.113818e-03,1.295341e-02,0.000000e+00,0.000000e+00
1898,10,25015,2.104439e-04,5.325043e-03,1.314351e-02,0.000000e+00,0.000000e+00
1899,11,25026,5.295034e-04,5.701153e-03,1.368669e-02,0.000000e+00,0.000000e+00
1900,11,25037,2.074987e-05,5.568217e-03,1.255452e-02,0.000000e+00,0.000000e+00
1901,13,25050,4.898841e-06,5.552904e-03,1.314755e-02,0.000000e+00,0.000000e+00
1902,10,25060,1.880128e-05,5.433369e-03,1.420159e-02,0.000000e+00,0.000000e+00
1903,13,25073,1.357729e-04,5.652803e-03,1.195572e-02,0.000000e+00,0.000000e+00
1904,13,25086,1.232931e-04,5.456638e-03,1.367119e-02,0.000000e+00,0.000000e+00
1905,11,25097,3.166031e-05,5.212227e-03,1.161774e-02,0.000000e+00,0.000000e+00
1906,11,25108,1.547861e-05,5.415250e-03,1.255196e-02,0.000000e+00,0.000000e+00
1907,10,25118,1.965246e-04,5.330711e-03,1.205582e-02,0.000000e+00,0.000000e+00
1908,12,25130,2.206710e-04,5.148360e-03,1.358326e-02,0.000000e+00,0.000000e+00
1909,15,25145,9.281169e-05,5.037817e-03,1.103745e-02,0.000000e+00,0.000000e+00
1910,19,25164,1.057449e-04,5.726785e-03,1.369240e-02,0.000000e+00,0.000000e+00
1911,14,25178,5.732290e-06,5.097819e-03,1.426575e-02,0.000000e+00,0.000000e+00
1912,14,25192,2.408866e-04,5.341987e-03,1.263550e-02,0.000000e+00,0.000000e+00
1913,14,25206,2.138745e-05,5.265663e-03,1.396180e-02,0.000000e+00,0.000000e+00
1914,13,25219,5.407438e-06,5.598353e-03,1.246622e-02,0.000000e+00,0.000000e+00
1915,14,25233,8.528121e-05,5.067082e-03,1.410116e-02,0.000000e+00,0.000000e+00
1916,11,25244,1.686526e-06,5.736380e-03,1.256945e-02,0.000000e+00,0.000000e+00
1917,16,25260,3.855259e-05,5.704173e-03,1.392223e-02,0.000000e+00,0.000000e+00
1918,10,25270,2.701767e-05,5.406015e-03,1.430325e-02,0.000000e+00,0.000000e+00
1919,13,25283,5.082693e-05,5.382400e-03,1.271929e-02,0.000000e+00,0.000000e+00
HIST {'total_samples': 2155334, 'floor_samples': 17, 'floor_fraction': 7.887408633650283e-06, 'saturation_depth': 1.862645149230957e-08, 'boundaries': 1920, 'capped_boundaries': 0, 'unfinished_worlds': 0}
1920,15,25298,5.585446e-05,5.811933e-03,1.207239e-02,0.000000e+00,0.000000e+00
1921,13,25311,2.120272e-05,5.607466e-03,1.448986e-02,0.000000e+00,0.000000e+00
1922,18,25329,7.137191e-05,5.537473e-03,1.380578e-02,0.000000e+00,0.000000e+00
1923,14,25343,7.803086e-05,5.453095e-03,1.100084e-02,0.000000e+00,0.000000e+00
1924,14,25357,1.982786e-05,5.318909e-03,1.339158e-02,0.000000e+00,0.000000e+00
1925,14,25371,2.440784e-05,5.207073e-03,1.518696e-02,0.000000e+00,0.000000e+00
1926,13,25384,4.749745e-07,5.614605e-03,2.002956e-02,0.000000e+00,0.000000e+00
1927,14,25398,1.432947e-05,5.222474e-03,1.582103e-02,0.000000e+00,0.000000e+00
1928,13,25411,3.492763e-05,5.576468e-03,1.349377e-02,0.000000e+00,0.000000e+00
1929,11,25422,7.065895e-05,5.443080e-03,1.380394e-02,0.000000e+00,0.000000e+00
1930,12,25434,2.407917e-05,5.467660e-03,1.266550e-02,0.000000e+00,0.000000e+00
1931,14,25448,3.808644e-05,5.359965e-03,1.527885e-02,0.000000e+00,0.000000e+00
1932,13,25461,4.489906e-05,5.734542e-03,1.575253e-02,0.000000e+00,0.000000e+00
1933,10,25471,2.141984e-04,5.416408e-03,1.255696e-02,0.000000e+00,0.000000e+00
1934,12,25483,6.921124e-05,5.726480e-03,1.499308e-02,0.000000e+00,0.000000e+00
1935,12,25495,8.797763e-05,5.594276e-03,1.538515e-02,0.000000e+00,0.000000e+00
1936,13,25508,5.051421e-05,5.407547e-03,1.431023e-02,0.000000e+00,0.000000e+00
1937,16,25524,1.398761e-04,5.510092e-03,1.340354e-02,0.000000e+00,0.000000e+00
1938,16,25540,6.824791e-05,5.745439e-03,1.635144e-02,0.000000e+00,0.000000e+00
1939,16,25556,5.761296e-05,5.156250e-03,1.203806e-02,0.000000e+00,0.000000e+00
1940,12,25568,1.842463e-06,5.575951e-03,1.455139e-02,0.000000e+00,0.000000e+00
1941,16,25584,3.836118e-05,5.256437e-03,1.356837e-02,0.000000e+00,0.000000e+00
1942,22,25606,9.754259e-05,5.480192e-03,1.487226e-02,0.000000e+00,0.000000e+00
1943,17,25623,1.630484e-04,5.211921e-03,1.331125e-02,0.000000e+00,0.000000e+00
1944,13,25636,9.771773e-05,5.772915e-03,1.577617e-02,0.000000e+00,0.000000e+00
1945,13,25649,1.419848e-04,5.608974e-03,1.487226e-02,0.000000e+00,0.000000e+00
1946,14,25663,8.533388e-06,5.109256e-03,1.472986e-02,0.000000e+00,0.000000e+00
1947,17,25680,1.792035e-04,5.263272e-03,1.487226e-02,0.000000e+00,0.000000e+00
1948,12,25692,5.178154e-06,5.193663e-03,1.548162e-02,0.000000e+00,0.000000e+00
1949,12,25704,3.466134e-05,5.310623e-03,1.405481e-02,0.000000e+00,0.000000e+00
1950,11,25715,1.858594e-04,5.525134e-03,1.240546e-02,0.000000e+00,0.000000e+00
1951,15,25730,2.558809e-05,5.244250e-03,1.219574e-02,0.000000e+00,0.000000e+00
1952,10,25740,5.067254e-05,5.503639e-03,1.793479e-02,0.000000e+00,0.000000e+00
1953,13,25753,4.729229e-05,5.415124e-03,1.612027e-02,0.000000e+00,0.000000e+00
1954,14,25767,5.661256e-05,5.428595e-03,1.515371e-02,0.000000e+00,0.000000e+00
1955,10,25777,3.319699e-05,5.165654e-03,1.682659e-02,0.000000e+00,0.000000e+00
1956,13,25790,1.069756e-04,5.524745e-03,1.485367e-02,0.000000e+00,0.000000e+00
1957,12,25802,8.167699e-05,5.113510e-03,1.469944e-02,0.000000e+00,0.000000e+00
1958,14,25816,1.186350e-04,5.588499e-03,1.371822e-02,0.000000e+00,0.000000e+00
1959,13,25829,8.740186e-05,5.184178e-03,1.447993e-02,0.000000e+00,0.000000e+00
1960,11,25840,9.936827e-05,5.253353e-03,1.281441e-02,0.000000e+00,0.000000e+00
1961,13,25853,1.609397e-04,4.977942e-03,1.266047e-02,0.000000e+00,0.000000e+00
1962,16,25869,8.306918e-05,5.241509e-03,1.307443e-02,0.000000e+00,0.000000e+00
1963,17,25886,1.789257e-04,5.278288e-03,1.462734e-02,0.000000e+00,0.000000e+00
1964,13,25899,4.131148e-05,4.985344e-03,1.752847e-02,0.000000e+00,0.000000e+00
1965,13,25912,6.441958e-05,5.334212e-03,1.522059e-02,0.000000e+00,0.000000e+00
1966,14,25926,1.313547e-04,5.209175e-03,1.375580e-02,0.000000e+00,0.000000e+00
1967,11,25937,7.562805e-05,5.457832e-03,1.505985e-02,0.000000e+00,0.000000e+00
HIST {'total_samples': 2210536, 'floor_samples': 18, 'floor_fraction': 8.142821469544037e-06, 'saturation_depth': 1.862645149230957e-08, 'boundaries': 1968, 'capped_boundaries': 0, 'unfinished_worlds': 0}
1968,11,25948,3.014875e-05,5.392730e-03,1.490451e-02,0.000000e+00,0.000000e+00
1969,10,25958,1.443131e-04,5.478678e-03,1.304437e-02,0.000000e+00,0.000000e+00
1970,16,25974,1.127549e-06,5.674813e-03,1.338780e-02,0.000000e+00,0.000000e+00
1971,13,25987,5.674548e-05,5.353311e-03,1.404942e-02,0.000000e+00,0.000000e+00
1972,12,25999,5.617354e-05,5.458947e-03,1.338497e-02,0.000000e+00,0.000000e+00
1973,16,26015,4.140264e-05,5.238937e-03,1.298521e-02,0.000000e+00,0.000000e+00
1974,16,26031,7.227830e-05,5.561659e-03,1.486299e-02,0.000000e+00,0.000000e+00
1975,12,26043,2.115954e-06,5.212680e-03,1.458545e-02,0.000000e+00,0.000000e+00
1976,15,26058,2.725310e-05,5.467149e-03,1.312530e-02,0.000000e+00,0.000000e+00
1977,10,26068,5.107373e-05,5.144246e-03,1.682250e-02,0.000000e+00,0.000000e+00
1978,11,26079,6.317634e-05,5.337463e-03,1.462269e-02,0.000000e+00,0.000000e+00
1979,12,26091,1.065654e-05,5.016401e-03,1.204547e-02,0.000000e+00,0.000000e+00
1980,12,26103,1.254698e-06,5.207141e-03,1.260443e-02,0.000000e+00,0.000000e+00
1981,12,26115,7.548342e-05,5.299785e-03,1.283252e-02,0.000000e+00,0.000000e+00
1982,11,26126,3.052875e-05,5.126721e-03,1.352826e-02,0.000000e+00,0.000000e+00
1983,16,26142,1.515495e-04,5.258218e-03,1.275742e-02,0.000000e+00,0.000000e+00
1984,10,26152,2.286286e-06,5.289190e-03,1.481462e-02,0.000000e+00,0.000000e+00
1985,14,26166,1.432707e-05,5.189261e-03,1.292466e-02,0.000000e+00,0.000000e+00
1986,11,26177,2.524350e-05,5.355714e-03,1.373108e-02,0.000000e+00,0.000000e+00
1987,15,26192,4.318753e-05,5.126463e-03,1.162216e-02,0.000000e+00,0.000000e+00
1988,13,26205,4.949979e-06,5.235980e-03,1.207887e-02,0.000000e+00,0.000000e+00
1989,10,26215,1.496522e-05,5.167724e-03,1.208205e-02,0.000000e+00,0.000000e+00
1990,10,26225,2.016394e-05,5.333862e-03,1.470886e-02,0.000000e+00,0.000000e+00
1991,12,26237,6.647502e-05,5.235855e-03,1.444281e-02,0.000000e+00,0.000000e+00
1992,18,26255,1.260173e-04,5.239828e-03,1.409863e-02,0.000000e+00,0.000000e+00
1993,12,26267,4.279427e-05,5.143330e-03,1.252579e-02,0.000000e+00,0.000000e+00
1994,15,26282,3.663575e-05,5.133137e-03,1.517485e-02,0.000000e+00,0.000000e+00
1995,14,26296,2.170316e-04,5.328026e-03,1.644895e-02,0.000000e+00,0.000000e+00
1996,17,26313,2.461488e-04,5.252817e-03,1.279424e-02,0.000000e+00,0.000000e+00
1997,13,26326,1.297425e-04,5.178568e-03,1.331083e-02,0.000000e+00,0.000000e+00
1998,13,26339,5.285327e-05,5.035946e-03,1.346271e-02,0.000000e+00,0.000000e+00
1999,14,26353,6.267254e-05,5.104838e-03,1.221357e-02,0.000000e+00,0.000000e+00
2000,11,26364,6.197682e-05,5.464878e-03,1.163733e-02,0.000000e+00,0.000000e+00
2001,15,26379,2.177991e-04,5.298344e-03,1.109961e-02,0.000000e+00,0.000000e+00
2002,13,26392,6.621704e-06,5.389140e-03,1.443182e-02,0.000000e+00,0.000000e+00
2003,13,26405,2.479600e-04,5.307125e-03,1.726009e-02,0.000000e+00,0.000000e+00
2004,16,26421,1.814682e-05,5.242730e-03,1.339169e-02,0.000000e+00,0.000000e+00
2005,13,26434,6.755814e-05,5.258625e-03,2.229437e-02,0.000000e+00,0.000000e+00
2006,13,26447,3.274930e-05,5.494875e-03,1.382660e-02,0.000000e+00,0.000000e+00
2007,14,26461,5.027190e-05,5.203687e-03,1.333518e-02,0.000000e+00,0.000000e+00
2008,13,26474,2.786246e-05,5.136518e-03,1.277994e-02,0.000000e+00,0.000000e+00
2009,13,26487,1.457753e-04,5.490558e-03,1.279513e-02,0.000000e+00,0.000000e+00
2010,12,26499,1.921318e-04,5.210957e-03,1.330997e-02,0.000000e+00,0.000000e+00
2011,16,26515,4.920177e-05,5.159540e-03,1.488210e-02,0.000000e+00,0.000000e+00
2012,12,26527,4.692044e-05,5.420561e-03,1.513265e-02,0.000000e+00,0.000000e+00
2013,14,26541,8.726511e-05,5.108477e-03,1.263181e-02,0.000000e+00,0.000000e+00
2014,14,26555,1.825430e-05,5.294493e-03,1.851345e-02,0.000000e+00,0.000000e+00
2015,17,26572,8.654781e-05,5.280726e-03,1.249533e-02,0.000000e+00,0.000000e+00
HIST {'total_samples': 2267043, 'floor_samples': 18, 'floor_fraction': 7.939858220598374e-06, 'saturation_depth': 1.862645149230957e-08, 'boundaries': 2016, 'capped_boundaries': 0, 'unfinished_worlds': 0}
2016,12,26584,1.027461e-04,5.551008e-03,1.432764e-02,0.000000e+00,0.000000e+00
2017,11,26595,1.132659e-04,5.268581e-03,1.284301e-02,0.000000e+00,0.000000e+00
2018,11,26606,3.384567e-05,5.673768e-03,1.396843e-02,0.000000e+00,0.000000e+00
2019,9,26615,1.033349e-04,5.181359e-03,1.722781e-02,0.000000e+00,0.000000e+00
2020,15,26630,1.805834e-05,5.445552e-03,1.291843e-02,0.000000e+00,0.000000e+00
2021,15,26645,5.462207e-05,5.047894e-03,1.245840e-02,0.000000e+00,0.000000e+00
2022,12,26657,7.283408e-05,5.331109e-03,1.548300e-02,0.000000e+00,0.000000e+00
2023,14,26671,4.255213e-05,5.271971e-03,1.392433e-02,0.000000e+00,0.000000e+00
2024,13,26684,8.474570e-05,5.414181e-03,1.376076e-02,0.000000e+00,0.000000e+00
2025,12,26696,3.697161e-05,5.341723e-03,1.450481e-02,0.000000e+00,0.000000e+00
2026,12,26708,1.035906e-05,5.447290e-03,1.407186e-02,0.000000e+00,0.000000e+00
2027,13,26721,3.039105e-05,5.397798e-03,1.273835e-02,0.000000e+00,0.000000e+00
2028,10,26731,2.414059e-04,5.690487e-03,1.821472e-02,0.000000e+00,0.000000e+00
2029,12,26743,9.876851e-05,5.298850e-03,1.464280e-02,0.000000e+00,0.000000e+00
2030,19,26762,2.640576e-04,5.322344e-03,1.114471e-02,0.000000e+00,0.000000e+00
2031,13,26775,4.755799e-05,5.292896e-03,1.421935e-02,0.000000e+00,0.000000e+00
2032,15,26790,1.437985e-05,5.488991e-03,1.414618e-02,0.000000e+00,0.000000e+00
2033,12,26802,2.751700e-05,5.226439e-03,1.317075e-02,0.000000e+00,0.000000e+00
2034,21,26823,2.255098e-06,5.450857e-03,1.364353e-02,0.000000e+00,0.000000e+00
2035,18,26841,1.497553e-04,5.225468e-03,1.215134e-02,0.000000e+00,0.000000e+00
2036,13,26854,6.115064e-05,5.386678e-03,1.391360e-02,0.000000e+00,0.000000e+00
2037,12,26866,9.783544e-05,4.967278e-03,1.226203e-02,0.000000e+00,0.000000e+00
2038,15,26881,2.965214e-05,5.259475e-03,1.568308e-02,0.000000e+00,0.000000e+00
2039,11,26892,1.777689e-05,5.398477e-03,1.580369e-02,0.000000e+00,0.000000e+00
2040,18,26910,3.294842e-05,5.504854e-03,1.266254e-02,0.000000e+00,0.000000e+00
2041,11,26921,3.779307e-05,5.344335e-03,1.321235e-02,0.000000e+00,0.000000e+00
2042,15,26936,1.684367e-05,5.298652e-03,1.308911e-02,0.000000e+00,0.000000e+00
2043,16,26952,1.199000e-05,4.778490e-03,1.117146e-02,0.000000e+00,0.000000e+00
2044,13,26965,7.039867e-05,4.945476e-03,1.273830e-02,0.000000e+00,0.000000e+00
2045,11,26976,9.636614e-05,4.496249e-03,1.407006e-02,0.000000e+00,0.000000e+00
2046,15,26991,1.445484e-05,4.861958e-03,1.442789e-02,0.000000e+00,0.000000e+00
2047,15,27006,7.342772e-05,4.667617e-03,1.396245e-02,0.000000e+00,0.000000e+00
2048,11,27017,2.065679e-05,4.826681e-03,1.505930e-02,0.000000e+00,0.000000e+00
2049,11,27028,1.086388e-05,4.955588e-03,1.436087e-02,0.000000e+00,0.000000e+00
2050,12,27040,5.045367e-05,5.117390e-03,1.262208e-02,0.000000e+00,0.000000e+00
2051,13,27053,5.118651e-05,4.780038e-03,1.330572e-02,0.000000e+00,0.000000e+00
2052,11,27064,2.886634e-04,5.075304e-03,1.343007e-02,0.000000e+00,0.000000e+00
2053,13,27077,7.182360e-05,5.112628e-03,1.155180e-02,0.000000e+00,0.000000e+00
2054,10,27087,1.139796e-05,4.840463e-03,1.130283e-02,0.000000e+00,0.000000e+00
2055,12,27099,1.304224e-04,5.080400e-03,1.152041e-02,0.000000e+00,0.000000e+00
2056,11,27110,3.376131e-05,5.248849e-03,1.473435e-02,0.000000e+00,0.000000e+00
2057,13,27123,4.219910e-05,4.951879e-03,1.301307e-02,0.000000e+00,0.000000e+00
2058,13,27136,1.872292e-05,5.185773e-03,1.784978e-02,0.000000e+00,0.000000e+00
2059,14,27150,2.086884e-05,5.121351e-03,1.433985e-02,0.000000e+00,0.000000e+00
2060,12,27162,1.347806e-04,4.982230e-03,2.142833e-02,0.000000e+00,0.000000e+00
2061,18,27180,1.444466e-05,4.723983e-03,2.060961e-02,0.000000e+00,0.000000e+00
2062,11,27191,1.503669e-05,5.023513e-03,1.473499e-02,0.000000e+00,0.000000e+00
2063,15,27206,1.447010e-05,4.717483e-03,1.288920e-02,0.000000e+00,0.000000e+00
HIST {'total_samples': 2322546, 'floor_samples': 18, 'floor_fraction': 7.75011560589112e-06, 'saturation_depth': 1.862645149230957e-08, 'boundaries': 2064, 'capped_boundaries': 0, 'unfinished_worlds': 0}
2064,13,27219,1.064308e-05,5.081378e-03,1.453322e-02,0.000000e+00,0.000000e+00
2065,22,27241,2.109446e-05,4.876457e-03,1.348874e-02,0.000000e+00,0.000000e+00
2066,11,27252,3.128121e-06,5.267659e-03,1.653252e-02,0.000000e+00,0.000000e+00
2067,16,27268,1.111297e-05,4.754161e-03,1.245578e-02,0.000000e+00,0.000000e+00
2068,15,27283,1.118761e-04,5.169455e-03,1.559146e-02,0.000000e+00,0.000000e+00
2069,13,27296,6.057766e-06,4.732105e-03,1.352796e-02,0.000000e+00,0.000000e+00
2070,17,27313,4.578524e-05,5.035168e-03,1.353517e-02,0.000000e+00,0.000000e+00
2071,17,27330,3.822448e-05,4.704478e-03,1.425350e-02,0.000000e+00,0.000000e+00
2072,11,27341,1.196150e-04,5.160345e-03,1.821472e-02,0.000000e+00,0.000000e+00
2073,16,27357,2.309788e-05,4.930301e-03,1.207776e-02,0.000000e+00,0.000000e+00
2074,14,27371,1.098405e-05,5.037813e-03,1.416786e-02,0.000000e+00,0.000000e+00
2075,12,27383,3.234654e-05,5.258357e-03,1.278639e-02,0.000000e+00,0.000000e+00
2076,17,27400,5.091509e-05,5.197802e-03,1.375437e-02,0.000000e+00,0.000000e+00
2077,12,27412,2.930323e-05,4.915556e-03,1.414742e-02,0.000000e+00,0.000000e+00
2078,11,27423,2.498714e-04,5.306808e-03,1.598185e-02,0.000000e+00,0.000000e+00
2079,14,27437,1.763555e-04,5.205729e-03,1.959944e-02,0.000000e+00,0.000000e+00
2080,10,27447,9.006749e-05,5.223949e-03,1.612177e-02,0.000000e+00,0.000000e+00
2081,13,27460,3.358150e-05,5.005391e-03,1.467315e-02,0.000000e+00,0.000000e+00
2082,16,27476,1.685928e-04,5.213718e-03,1.325649e-02,0.000000e+00,0.000000e+00
2083,15,27491,1.568302e-05,5.148198e-03,1.469255e-02,0.000000e+00,0.000000e+00
2084,12,27503,2.352876e-06,5.064363e-03,1.289806e-02,0.000000e+00,0.000000e+00
2085,14,27517,3.017856e-06,4.527297e-03,1.265682e-02,0.000000e+00,0.000000e+00
2086,14,27531,5.453177e-05,4.911019e-03,1.265448e-02,0.000000e+00,0.000000e+00
2087,14,27545,1.153028e-05,4.888839e-03,1.209928e-02,0.000000e+00,0.000000e+00
2088,16,27561,5.570905e-06,5.167085e-03,2.005971e-02,0.000000e+00,0.000000e+00
2089,12,27573,1.905033e-05,4.960353e-03,1.279365e-02,0.000000e+00,0.000000e+00
2090,14,27587,2.650078e-05,4.945095e-03,1.534028e-02,0.000000e+00,0.000000e+00
2091,9,27596,5.951151e-05,5.111490e-03,1.409994e-02,0.000000e+00,0.000000e+00
2092,13,27609,5.469123e-05,5.148923e-03,1.236633e-02,0.000000e+00,0.000000e+00
2093,15,27624,1.042764e-05,5.250703e-03,1.228645e-02,0.000000e+00,0.000000e+00
2094,15,27639,4.490652e-05,5.174926e-03,1.553652e-02,0.000000e+00,0.000000e+00
2095,10,27649,1.413422e-04,4.888566e-03,1.308110e-02,0.000000e+00,0.000000e+00
2096,14,27663,5.917306e-05,5.165574e-03,1.477688e-02,0.000000e+00,0.000000e+00
2097,14,27677,3.222440e-05,4.894142e-03,1.586007e-02,0.000000e+00,0.000000e+00
2098,11,27688,1.117404e-05,4.926916e-03,1.552580e-02,0.000000e+00,0.000000e+00
2099,18,27706,7.057950e-05,5.002886e-03,1.173702e-02,0.000000e+00,0.000000e+00
2100,20,27726,6.881543e-05,4.995105e-03,1.689396e-02,0.000000e+00,0.000000e+00
2101,13,27739,4.940701e-05,4.885834e-03,1.350955e-02,0.000000e+00,0.000000e+00
2102,14,27753,5.355804e-05,5.105757e-03,1.275634e-02,0.000000e+00,0.000000e+00
2103,15,27768,2.376117e-05,4.851429e-03,1.127971e-02,0.000000e+00,0.000000e+00
2104,16,27784,1.504857e-05,5.012398e-03,1.303934e-02,0.000000e+00,0.000000e+00
2105,19,27803,1.434237e-05,5.138451e-03,1.348514e-02,0.000000e+00,0.000000e+00
2106,20,27823,1.083307e-05,5.020482e-03,1.373794e-02,0.000000e+00,0.000000e+00
2107,14,27837,2.123730e-04,4.798425e-03,1.266372e-02,0.000000e+00,0.000000e+00
2108,14,27851,3.790017e-05,4.837772e-03,1.316949e-02,0.000000e+00,0.000000e+00
2109,12,27863,3.647059e-05,4.672430e-03,1.383878e-02,0.000000e+00,0.000000e+00
2110,15,27878,4.982262e-05,5.104031e-03,1.458787e-02,0.000000e+00,0.000000e+00
2111,11,27889,6.907620e-05,5.048551e-03,1.246152e-02,0.000000e+00,0.000000e+00
HIST {'total_samples': 2377802, 'floor_samples': 18, 'floor_fraction': 7.570016342824171e-06, 'saturation_depth': 1.862645149230957e-08, 'boundaries': 2112, 'capped_boundaries': 0, 'unfinished_worlds': 0}
2112,16,27905,2.388842e-06,4.923382e-03,1.188803e-02,0.000000e+00,0.000000e+00
2113,12,27917,7.087830e-05,5.042919e-03,1.311405e-02,0.000000e+00,0.000000e+00
2114,13,27930,8.319038e-05,4.844825e-03,1.065826e-02,0.000000e+00,0.000000e+00
2115,13,27943,6.161245e-06,5.069458e-03,1.346770e-02,0.000000e+00,0.000000e+00
2116,16,27959,1.570167e-05,4.754238e-03,1.131185e-02,0.000000e+00,0.000000e+00
2117,13,27972,1.872801e-05,4.517782e-03,1.318600e-02,0.000000e+00,0.000000e+00
2118,13,27985,3.601919e-05,4.923145e-03,1.593485e-02,0.000000e+00,0.000000e+00
2119,13,27998,4.548838e-05,4.902970e-03,1.262890e-02,0.000000e+00,0.000000e+00
2120,13,28011,1.438020e-05,4.791986e-03,1.431652e-02,0.000000e+00,0.000000e+00
2121,14,28025,2.284003e-05,4.695036e-03,1.094668e-02,0.000000e+00,0.000000e+00
2122,12,28037,2.021065e-05,5.243227e-03,1.658108e-02,0.000000e+00,0.000000e+00
2123,12,28049,3.541698e-05,4.952213e-03,1.280686e-02,0.000000e+00,0.000000e+00
2124,12,28061,6.101094e-05,5.114144e-03,1.526158e-02,0.000000e+00,0.000000e+00
2125,11,28072,6.809261e-06,4.871730e-03,1.240187e-02,0.000000e+00,0.000000e+00
2126,13,28085,9.421259e-05,5.214685e-03,1.312279e-02,0.000000e+00,0.000000e+00
2127,14,28099,1.777804e-06,4.781067e-03,1.256284e-02,0.000000e+00,0.000000e+00
2128,11,28110,1.932684e-05,5.166631e-03,1.417948e-02,0.000000e+00,0.000000e+00
2129,13,28123,5.855897e-06,4.855996e-03,1.355187e-02,0.000000e+00,0.000000e+00
2130,11,28134,1.087480e-04,5.188805e-03,1.431094e-02,0.000000e+00,0.000000e+00
2131,14,28148,1.158565e-05,5.024455e-03,1.492102e-02,0.000000e+00,0.000000e+00
2132,15,28163,3.270277e-05,4.965495e-03,1.547281e-02,0.000000e+00,0.000000e+00
2133,13,28176,6.947201e-05,4.621902e-03,1.108642e-02,0.000000e+00,0.000000e+00
2134,13,28189,5.402964e-05,4.921329e-03,1.422246e-02,0.000000e+00,0.000000e+00
2135,11,28200,6.511038e-05,4.863549e-03,1.723754e-02,0.000000e+00,0.000000e+00
2136,11,28211,3.966132e-05,4.906347e-03,1.287975e-02,0.000000e+00,0.000000e+00
2137,12,28223,5.358858e-06,4.914352e-03,1.664719e-02,0.000000e+00,0.000000e+00
2138,10,28233,2.561137e-06,5.236586e-03,1.195724e-02,0.000000e+00,0.000000e+00
2139,16,28249,5.960464e-05,4.873306e-03,1.329194e-02,0.000000e+00,0.000000e+00
2140,12,28261,4.019228e-05,5.019711e-03,1.338647e-02,0.000000e+00,0.000000e+00
2141,13,28274,3.658070e-05,4.672091e-03,1.233300e-02,0.000000e+00,0.000000e+00
2142,13,28287,5.408053e-06,4.938160e-03,1.359726e-02,0.000000e+00,0.000000e+00
2143,11,28298,5.762257e-05,4.846908e-03,1.240942e-02,0.000000e+00,0.000000e+00
2144,11,28309,2.261102e-04,5.092540e-03,1.482089e-02,0.000000e+00,0.000000e+00
2145,11,28320,1.675377e-04,4.771467e-03,1.257787e-02,0.000000e+00,0.000000e+00
2146,11,28331,1.815125e-06,4.825146e-03,1.154722e-02,0.000000e+00,0.000000e+00
2147,12,28343,2.057152e-04,5.063917e-03,1.154915e-02,0.000000e+00,0.000000e+00
2148,12,28355,4.500830e-05,5.365808e-03,1.196656e-02,0.000000e+00,0.000000e+00
2149,14,28369,8.009840e-05,4.780285e-03,1.304834e-02,0.000000e+00,0.000000e+00
2150,11,28380,1.407694e-05,4.740031e-03,1.405892e-02,0.000000e+00,0.000000e+00
2151,13,28393,9.235460e-05,4.911725e-03,1.476626e-02,0.000000e+00,0.000000e+00
2152,13,28406,1.457596e-04,5.123644e-03,1.238029e-02,0.000000e+00,0.000000e+00
2153,11,28417,7.774670e-05,4.870290e-03,1.076453e-02,0.000000e+00,0.000000e+00
2154,12,28429,2.254266e-05,4.971988e-03,1.325909e-02,0.000000e+00,0.000000e+00
2155,12,28441,2.390027e-05,5.116529e-03,1.346406e-02,0.000000e+00,0.000000e+00
2156,13,28454,8.585708e-05,5.045736e-03,1.364917e-02,0.000000e+00,0.000000e+00
2157,10,28464,6.710179e-05,5.026018e-03,1.355174e-02,0.000000e+00,0.000000e+00
2158,11,28475,3.487584e-05,4.795896e-03,1.398394e-02,0.000000e+00,0.000000e+00
2159,12,28487,4.743412e-05,4.984862e-03,1.386084e-02,0.000000e+00,0.000000e+00
HIST {'total_samples': 2433356, 'floor_samples': 18, 'floor_fraction': 7.397191368628347e-06, 'saturation_depth': 1.862645149230957e-08, 'boundaries': 2160, 'capped_boundaries': 0, 'unfinished_worlds': 0}
2160,10,28497,1.706649e-04,5.192107e-03,1.215373e-02,0.000000e+00,0.000000e+00
2161,12,28509,5.632993e-05,4.850625e-03,1.092575e-02,0.000000e+00,0.000000e+00
2162,13,28522,1.882301e-05,4.996474e-03,1.415284e-02,0.000000e+00,0.000000e+00
2163,13,28535,7.788651e-05,4.828455e-03,1.178769e-02,0.000000e+00,0.000000e+00
2164,13,28548,3.641445e-05,5.269784e-03,1.238448e-02,0.000000e+00,0.000000e+00
2165,15,28563,6.565831e-05,4.983375e-03,1.208380e-02,0.000000e+00,0.000000e+00
2166,14,28577,3.207342e-05,5.068312e-03,1.734797e-02,0.000000e+00,0.000000e+00
2167,18,28595,9.016928e-05,4.742491e-03,1.540773e-02,0.000000e+00,0.000000e+00
2168,16,28611,1.493152e-05,5.102619e-03,1.523867e-02,0.000000e+00,0.000000e+00
2169,17,28628,6.439451e-05,4.956561e-03,1.340861e-02,0.000000e+00,0.000000e+00
2170,18,28646,3.446359e-05,5.059394e-03,1.381135e-02,0.000000e+00,0.000000e+00
2171,13,28659,2.159489e-06,4.600209e-03,1.543959e-02,0.000000e+00,0.000000e+00
2172,12,28671,1.099253e-06,4.873990e-03,1.337545e-02,0.000000e+00,0.000000e+00
2173,12,28683,6.141737e-05,4.832003e-03,1.145496e-02,0.000000e+00,0.000000e+00
2174,13,28696,1.391768e-04,5.010110e-03,1.253414e-02,0.000000e+00,0.000000e+00
2175,14,28710,8.091553e-05,4.669686e-03,1.188000e-02,0.000000e+00,0.000000e+00
2176,17,28727,1.957281e-05,5.004053e-03,1.525743e-02,0.000000e+00,0.000000e+00
2177,15,28742,2.296387e-05,4.640240e-03,1.427880e-02,0.000000e+00,0.000000e+00
2178,15,28757,5.294226e-05,4.818704e-03,1.593164e-02,0.000000e+00,0.000000e+00
2179,13,28770,9.426094e-05,5.134122e-03,1.376707e-02,0.000000e+00,0.000000e+00
2180,14,28784,7.636415e-05,4.906442e-03,1.527438e-02,0.000000e+00,0.000000e+00
2181,17,28801,5.255718e-05,4.983234e-03,1.391691e-02,0.000000e+00,0.000000e+00
2182,18,28819,1.820383e-05,4.901107e-03,1.417956e-02,0.000000e+00,0.000000e+00
2183,12,28831,1.133373e-04,4.788585e-03,1.385045e-02,0.000000e+00,0.000000e+00
2184,15,28846,1.369510e-05,4.600751e-03,1.392816e-02,0.000000e+00,0.000000e+00
2185,13,28859,1.905711e-05,4.806411e-03,1.341649e-02,0.000000e+00,0.000000e+00
2186,13,28872,3.175959e-05,5.094424e-03,1.433966e-02,0.000000e+00,0.000000e+00
2187,12,28884,4.485250e-05,4.856617e-03,1.469786e-02,0.000000e+00,0.000000e+00
2188,13,28897,5.811791e-06,4.842173e-03,1.249243e-02,0.000000e+00,0.000000e+00
2189,14,28911,1.959707e-04,4.664986e-03,1.106870e-02,0.000000e+00,0.000000e+00
2190,10,28921,3.344379e-05,5.035259e-03,1.506526e-02,0.000000e+00,0.000000e+00
2191,12,28933,1.350147e-05,4.818183e-03,1.528921e-02,0.000000e+00,0.000000e+00
2192,18,28951,3.346242e-05,5.238193e-03,1.422149e-02,0.000000e+00,0.000000e+00
2193,17,28968,5.377518e-06,4.712444e-03,1.293088e-02,0.000000e+00,0.000000e+00
2194,15,28983,1.911139e-05,5.006647e-03,1.449049e-02,0.000000e+00,0.000000e+00
2195,12,28995,1.032416e-05,4.966484e-03,1.263821e-02,0.000000e+00,0.000000e+00
2196,16,29011,1.128091e-06,4.878363e-03,1.297794e-02,0.000000e+00,0.000000e+00
2197,14,29025,3.970542e-05,4.808128e-03,1.263261e-02,0.000000e+00,0.000000e+00
2198,15,29040,4.630536e-05,5.037767e-03,1.335004e-02,0.000000e+00,0.000000e+00
2199,13,29053,5.494908e-05,4.412490e-03,1.129203e-02,0.000000e+00,0.000000e+00
2200,14,29067,6.005009e-05,5.374637e-03,1.497319e-02,0.000000e+00,0.000000e+00
2201,18,29085,9.523466e-06,4.844567e-03,1.633555e-02,0.000000e+00,0.000000e+00
2202,14,29099,2.122169e-06,4.667821e-03,1.237634e-02,0.000000e+00,0.000000e+00
2203,14,29113,1.229346e-06,4.953405e-03,1.483286e-02,0.000000e+00,0.000000e+00
2204,11,29124,1.337007e-04,5.228964e-03,1.576551e-02,0.000000e+00,0.000000e+00
2205,19,29143,5.514925e-06,4.721362e-03,1.265095e-02,0.000000e+00,0.000000e+00
2206,11,29154,8.099866e-05,4.862565e-03,1.489408e-02,0.000000e+00,0.000000e+00
2207,11,29165,6.815368e-05,4.909749e-03,1.679559e-02,0.000000e+00,0.000000e+00
HIST {'total_samples': 2490302, 'floor_samples': 18, 'floor_fraction': 7.228039008923416e-06, 'saturation_depth': 1.862645149230957e-08, 'boundaries': 2208, 'capped_boundaries': 0, 'unfinished_worlds': 0}
2208,12,29177,2.988848e-05,4.810983e-03,1.087319e-02,0.000000e+00,0.000000e+00
2209,11,29188,4.408208e-05,5.041836e-03,1.440312e-02,0.000000e+00,0.000000e+00
2210,12,29200,8.817603e-05,4.661770e-03,1.315179e-02,0.000000e+00,0.000000e+00
2211,12,29212,8.917414e-06,5.168679e-03,1.533022e-02,0.000000e+00,0.000000e+00
2212,13,29225,9.592623e-06,4.949356e-03,1.321898e-02,0.000000e+00,0.000000e+00
2213,18,29243,8.408946e-05,5.022375e-03,1.186822e-02,0.000000e+00,0.000000e+00
2214,13,29256,1.146877e-04,4.936049e-03,1.641637e-02,0.000000e+00,0.000000e+00
2215,14,29270,2.758311e-05,4.814365e-03,1.496516e-02,0.000000e+00,0.000000e+00
2216,20,29290,2.703518e-05,5.087357e-03,1.325663e-02,0.000000e+00,0.000000e+00
2217,11,29301,5.579387e-05,5.177774e-03,1.356004e-02,0.000000e+00,0.000000e+00
2218,16,29317,2.023881e-04,4.858119e-03,1.550257e-02,0.000000e+00,0.000000e+00
2219,11,29328,2.235174e-07,4.711196e-03,1.299191e-02,0.000000e+00,0.000000e+00
2220,12,29340,1.327076e-05,5.119553e-03,1.429614e-02,0.000000e+00,0.000000e+00
2221,12,29352,6.324097e-06,4.731939e-03,1.304873e-02,0.000000e+00,0.000000e+00
2222,11,29363,1.837008e-05,5.067646e-03,1.407278e-02,0.000000e+00,0.000000e+00
2223,15,29378,7.594470e-05,4.733254e-03,1.618215e-02,0.000000e+00,0.000000e+00
2224,16,29394,1.118677e-04,5.180155e-03,1.421798e-02,0.000000e+00,0.000000e+00
2225,12,29406,1.318241e-04,4.765814e-03,1.305300e-02,0.000000e+00,0.000000e+00
2226,18,29424,2.400950e-05,4.995445e-03,1.263014e-02,0.000000e+00,0.000000e+00
2227,13,29437,1.374066e-05,4.756278e-03,1.322524e-02,0.000000e+00,0.000000e+00
2228,12,29449,3.518288e-05,5.007020e-03,1.379946e-02,0.000000e+00,0.000000e+00
2229,17,29466,6.327830e-05,4.960071e-03,1.531579e-02,0.000000e+00,0.000000e+00
2230,13,29479,2.262799e-05,5.227269e-03,1.818082e-02,0.000000e+00,0.000000e+00
2231,13,29492,5.323234e-06,4.700520e-03,1.569710e-02,0.000000e+00,0.000000e+00
2232,11,29503,1.337085e-05,4.796972e-03,1.121851e-02,0.000000e+00,0.000000e+00
2233,10,29513,9.664265e-06,5.047002e-03,1.451260e-02,0.000000e+00,0.000000e+00
2234,10,29523,2.553218e-05,4.690911e-03,1.567567e-02,0.000000e+00,0.000000e+00
2235,16,29539,2.307074e-06,4.847022e-03,1.217272e-02,0.000000e+00,0.000000e+00
2236,10,29549,6.880509e-06,4.823413e-03,1.445112e-02,0.000000e+00,0.000000e+00
2237,14,29563,4.624017e-05,4.684594e-03,1.257344e-02,0.000000e+00,0.000000e+00
2238,11,29574,2.127606e-05,4.974862e-03,1.243546e-02,0.000000e+00,0.000000e+00
2239,11,29585,7.543713e-07,4.933603e-03,1.287975e-02,0.000000e+00,0.000000e+00
2240,11,29596,3.278721e-05,4.949072e-03,1.349582e-02,0.000000e+00,0.000000e+00
2241,10,29606,4.680476e-05,4.883223e-03,1.407659e-02,0.000000e+00,0.000000e+00
2242,14,29620,7.430644e-05,5.241498e-03,1.709202e-02,0.000000e+00,0.000000e+00
2243,15,29635,5.967858e-06,4.769964e-03,1.210304e-02,0.000000e+00,0.000000e+00
2244,10,29645,2.151007e-04,5.184463e-03,1.297033e-02,0.000000e+00,0.000000e+00
2245,16,29661,1.265159e-04,5.028559e-03,1.276228e-02,0.000000e+00,0.000000e+00
2246,13,29674,1.555613e-04,5.145739e-03,1.287975e-02,0.000000e+00,0.000000e+00
2247,12,29686,2.588673e-05,4.882825e-03,1.276693e-02,0.000000e+00,0.000000e+00
2248,12,29698,1.500786e-05,5.152008e-03,1.331484e-02,0.000000e+00,0.000000e+00
2249,17,29715,3.777156e-05,5.114247e-03,1.229984e-02,0.000000e+00,0.000000e+00
2250,13,29728,3.218185e-05,5.238463e-03,1.479884e-02,0.000000e+00,0.000000e+00
2251,12,29740,2.963912e-05,5.075198e-03,1.356298e-02,0.000000e+00,0.000000e+00
2252,13,29753,1.187923e-04,4.911903e-03,1.327471e-02,0.000000e+00,0.000000e+00
2253,16,29769,6.229100e-05,4.716755e-03,1.413111e-02,0.000000e+00,0.000000e+00
2254,12,29781,6.684917e-05,4.943161e-03,1.438542e-02,0.000000e+00,0.000000e+00
2255,13,29794,5.693175e-05,4.905226e-03,1.490502e-02,0.000000e+00,0.000000e+00
HIST {'total_samples': 2546433, 'floor_samples': 20, 'floor_fraction': 7.854123788059611e-06, 'saturation_depth': 1.862645149230957e-08, 'boundaries': 2256, 'capped_boundaries': 0, 'unfinished_worlds': 0}
2256,18,29812,1.039880e-05,5.157550e-03,1.523907e-02,0.000000e+00,0.000000e+00
2257,12,29824,9.957739e-06,4.925977e-03,1.198143e-02,0.000000e+00,0.000000e+00
2258,19,29843,6.377697e-05,4.919271e-03,1.635618e-02,0.000000e+00,0.000000e+00
2259,13,29856,3.065448e-05,5.170367e-03,1.293500e-02,0.000000e+00,0.000000e+00
2260,19,29875,2.347787e-06,5.142786e-03,1.462510e-02,0.000000e+00,0.000000e+00
2261,13,29888,8.196220e-05,4.609681e-03,1.593973e-02,0.000000e+00,0.000000e+00
2262,12,29900,9.270706e-06,5.293752e-03,1.505041e-02,0.000000e+00,0.000000e+00
2263,11,29911,9.895142e-05,4.979065e-03,1.143624e-02,0.000000e+00,0.000000e+00
2264,17,29928,1.033768e-06,5.101306e-03,1.241513e-02,0.000000e+00,0.000000e+00
2265,12,29940,2.602413e-05,4.918777e-03,1.444014e-02,0.000000e+00,0.000000e+00
2266,12,29952,2.590030e-05,5.497373e-03,1.536826e-02,0.000000e+00,0.000000e+00
2267,10,29962,2.506568e-05,5.037904e-03,1.206291e-02,0.000000e+00,0.000000e+00
2268,14,29976,3.375792e-05,5.140085e-03,1.347163e-02,0.000000e+00,0.000000e+00
2269,16,29992,4.129663e-05,4.988847e-03,1.095010e-02,0.000000e+00,0.000000e+00
2270,14,30006,1.016809e-05,4.978431e-03,1.543500e-02,0.000000e+00,0.000000e+00
2271,12,30018,9.024516e-05,5.025247e-03,1.484714e-02,0.000000e+00,0.000000e+00
2272,12,30030,6.586865e-05,5.033555e-03,1.289868e-02,0.000000e+00,0.000000e+00
2273,15,30045,1.011940e-04,4.759130e-03,1.200139e-02,0.000000e+00,0.000000e+00
2274,15,30060,1.006993e-04,5.146227e-03,1.235235e-02,0.000000e+00,0.000000e+00
2275,14,30074,9.180798e-06,4.885076e-03,1.232965e-02,0.000000e+00,0.000000e+00
2276,12,30086,1.644265e-04,5.117853e-03,1.331124e-02,0.000000e+00,0.000000e+00
2277,11,30097,1.695411e-04,4.857790e-03,1.075186e-02,0.000000e+00,0.000000e+00
2278,13,30110,1.523212e-04,5.498609e-03,1.504590e-02,0.000000e+00,0.000000e+00
2279,13,30123,1.408740e-04,5.025288e-03,1.111159e-02,0.000000e+00,0.000000e+00
2280,13,30136,6.507306e-06,5.123513e-03,1.543187e-02,0.000000e+00,0.000000e+00
2281,12,30148,2.199693e-05,4.710995e-03,1.235511e-02,0.000000e+00,0.000000e+00
2282,12,30160,1.059931e-04,4.895411e-03,1.455475e-02,0.000000e+00,0.000000e+00
2283,11,30171,4.947995e-05,4.684673e-03,1.052731e-02,0.000000e+00,0.000000e+00
2284,19,30190,4.221945e-05,4.898443e-03,1.295456e-02,0.000000e+00,0.000000e+00
2285,15,30205,1.288252e-04,4.997231e-03,1.370039e-02,0.000000e+00,0.000000e+00
2286,11,30216,1.353212e-05,4.910662e-03,1.218726e-02,0.000000e+00,0.000000e+00
2287,18,30234,9.124818e-06,5.221987e-03,1.354233e-02,0.000000e+00,0.000000e+00
2288,10,30244,1.215692e-04,5.098146e-03,1.386983e-02,0.000000e+00,0.000000e+00
2289,13,30257,9.416594e-06,4.728656e-03,1.345310e-02,0.000000e+00,0.000000e+00
2290,11,30268,7.391967e-05,5.184830e-03,1.397232e-02,0.000000e+00,0.000000e+00
2291,10,30278,6.831653e-05,4.976717e-03,1.317718e-02,0.000000e+00,0.000000e+00
2292,13,30291,3.388617e-05,5.349194e-03,1.328589e-02,0.000000e+00,0.000000e+00
2293,13,30304,4.084878e-05,4.827391e-03,1.259974e-02,0.000000e+00,0.000000e+00
2294,12,30316,6.067265e-05,5.100034e-03,1.289138e-02,0.000000e+00,0.000000e+00
2295,10,30326,2.899636e-04,5.129923e-03,1.273843e-02,0.000000e+00,0.000000e+00
2296,11,30337,1.094304e-04,5.291758e-03,1.448964e-02,0.000000e+00,0.000000e+00
2297,18,30355,4.357193e-05,4.934251e-03,1.530694e-02,0.000000e+00,0.000000e+00
2298,13,30368,1.060236e-06,4.942742e-03,1.448504e-02,0.000000e+00,0.000000e+00
2299,15,30383,1.076329e-04,4.997317e-03,1.400600e-02,0.000000e+00,0.000000e+00
2300,12,30395,2.240576e-05,5.029485e-03,1.587224e-02,0.000000e+00,0.000000e+00
2301,14,30409,6.056578e-05,4.817787e-03,1.464818e-02,0.000000e+00,0.000000e+00
2302,12,30421,4.917630e-05,5.241797e-03,1.352878e-02,0.000000e+00,0.000000e+00
2303,16,30437,3.408024e-05,4.637649e-03,1.513437e-02,0.000000e+00,0.000000e+00
HIST {'total_samples': 2601509, 'floor_samples': 20, 'floor_fraction': 7.687845784888694e-06, 'saturation_depth': 1.862645149230957e-08, 'boundaries': 2304, 'capped_boundaries': 0, 'unfinished_worlds': 0}
2304,16,30453,6.384682e-05,5.071912e-03,1.250640e-02,0.000000e+00,0.000000e+00
2305,13,30466,6.853198e-05,4.823986e-03,1.307862e-02,0.000000e+00,0.000000e+00
2306,17,30483,1.260409e-06,5.099757e-03,1.367406e-02,0.000000e+00,0.000000e+00
2307,14,30497,7.285944e-05,5.056468e-03,1.455229e-02,0.000000e+00,0.000000e+00
2308,13,30510,9.629875e-06,4.879555e-03,1.260120e-02,0.000000e+00,0.000000e+00
2309,16,30526,1.156777e-04,5.049517e-03,1.550144e-02,0.000000e+00,0.000000e+00
2310,17,30543,1.826320e-05,4.940621e-03,1.658098e-02,0.000000e+00,0.000000e+00
2311,15,30558,6.660819e-05,4.866235e-03,1.161550e-02,0.000000e+00,0.000000e+00
2312,13,30571,1.068871e-04,5.096339e-03,1.464471e-02,0.000000e+00,0.000000e+00
2313,17,30588,1.905032e-06,5.147166e-03,1.477305e-02,0.000000e+00,0.000000e+00
2314,14,30602,2.401415e-05,5.026273e-03,1.223667e-02,0.000000e+00,0.000000e+00
2315,13,30615,1.444975e-05,4.937960e-03,1.197194e-02,0.000000e+00,0.000000e+00
2316,17,30632,5.832148e-06,4.811685e-03,1.171152e-02,0.000000e+00,0.000000e+00
2317,10,30642,2.594271e-05,5.027906e-03,1.257829e-02,0.000000e+00,0.000000e+00
2318,14,30656,2.598390e-06,5.016304e-03,1.544829e-02,0.000000e+00,0.000000e+00
2319,15,30671,6.356328e-06,5.067905e-03,1.821472e-02,0.000000e+00,0.000000e+00
2320,14,30685,2.096214e-05,5.025829e-03,1.774442e-02,0.000000e+00,0.000000e+00
2321,11,30696,4.125591e-05,5.202908e-03,1.355789e-02,0.000000e+00,0.000000e+00
2322,13,30709,2.198506e-05,5.087872e-03,1.541631e-02,0.000000e+00,0.000000e+00
2323,11,30720,2.300289e-06,5.032250e-03,1.304683e-02,0.000000e+00,0.000000e+00
2324,12,30732,1.052094e-05,5.099079e-03,1.681553e-02,0.000000e+00,0.000000e+00
2325,13,30745,2.124205e-05,4.872466e-03,1.201255e-02,0.000000e+00,0.000000e+00
2326,16,30761,5.531889e-06,5.324821e-03,1.381887e-02,0.000000e+00,0.000000e+00
2327,13,30774,6.446066e-05,5.093347e-03,1.434386e-02,0.000000e+00,0.000000e+00
2328,12,30786,6.473379e-06,4.842894e-03,1.821472e-02,0.000000e+00,0.000000e+00
2329,14,30800,7.208588e-05,5.014287e-03,1.282876e-02,0.000000e+00,0.000000e+00
2330,15,30815,6.346963e-05,5.060461e-03,1.821472e-02,0.000000e+00,0.000000e+00
2331,12,30827,5.980411e-05,4.956258e-03,1.398834e-02,0.000000e+00,0.000000e+00
2332,12,30839,5.169772e-05,4.907877e-03,1.244171e-02,0.000000e+00,0.000000e+00
2333,12,30851,1.219832e-04,5.084023e-03,1.254965e-02,0.000000e+00,0.000000e+00
2334,17,30868,4.012273e-05,5.175320e-03,1.196152e-02,0.000000e+00,0.000000e+00
2335,11,30879,4.528990e-05,5.079507e-03,1.289795e-02,0.000000e+00,0.000000e+00
2336,10,30889,2.055332e-05,5.095288e-03,1.211989e-02,0.000000e+00,0.000000e+00
2337,15,30904,2.092991e-05,5.012073e-03,1.225725e-02,0.000000e+00,0.000000e+00
2338,11,30915,2.088241e-06,5.002622e-03,1.303089e-02,0.000000e+00,0.000000e+00
2339,17,30932,1.971191e-06,4.817800e-03,1.538721e-02,0.000000e+00,0.000000e+00
2340,17,30949,5.158685e-06,4.763770e-03,1.306765e-02,0.000000e+00,0.000000e+00
2341,15,30964,5.701696e-05,4.963245e-03,1.205029e-02,0.000000e+00,0.000000e+00
2342,13,30977,6.320886e-05,5.490374e-03,1.287975e-02,0.000000e+00,0.000000e+00
2343,19,30996,2.270564e-05,4.803002e-03,1.360323e-02,0.000000e+00,0.000000e+00
2344,14,31010,2.167632e-05,5.121681e-03,1.413195e-02,0.000000e+00,0.000000e+00
2345,13,31023,1.697057e-05,4.831304e-03,1.287975e-02,0.000000e+00,0.000000e+00
2346,17,31040,1.301461e-05,5.153107e-03,1.378295e-02,0.000000e+00,0.000000e+00
2347,13,31053,6.064890e-05,5.083809e-03,1.351823e-02,0.000000e+00,0.000000e+00
2348,14,31067,1.352861e-05,5.051014e-03,1.515162e-02,0.000000e+00,0.000000e+00
2349,12,31079,3.323544e-05,4.937990e-03,1.381122e-02,0.000000e+00,0.000000e+00
2350,10,31089,3.106892e-05,5.031218e-03,1.591506e-02,0.000000e+00,0.000000e+00
2351,11,31100,1.061525e-04,5.007112e-03,1.559040e-02,0.000000e+00,0.000000e+00
HIST {'total_samples': 2656867, 'floor_samples': 20, 'floor_fraction': 7.527663221380671e-06, 'saturation_depth': 1.862645149230957e-08, 'boundaries': 2352, 'capped_boundaries': 0, 'unfinished_worlds': 0}
2352,11,31111,1.575705e-04,5.349547e-03,1.438467e-02,0.000000e+00,0.000000e+00
2353,12,31123,7.411931e-05,5.197082e-03,1.203148e-02,0.000000e+00,0.000000e+00
2354,11,31134,6.385167e-05,4.960634e-03,1.372547e-02,0.000000e+00,0.000000e+00
2355,13,31147,9.904472e-05,4.859870e-03,1.278034e-02,0.000000e+00,0.000000e+00
2356,15,31162,1.312318e-05,5.165649e-03,1.522038e-02,0.000000e+00,0.000000e+00
2357,11,31173,7.416587e-05,4.941113e-03,1.307798e-02,0.000000e+00,0.000000e+00
2358,12,31185,9.620562e-05,5.217286e-03,1.623100e-02,0.000000e+00,0.000000e+00
2359,11,31196,6.810958e-05,4.828886e-03,1.121502e-02,0.000000e+00,0.000000e+00
2360,15,31211,1.004897e-05,5.306055e-03,1.283416e-02,0.000000e+00,0.000000e+00
2361,15,31226,6.250474e-05,4.822633e-03,1.287975e-02,0.000000e+00,0.000000e+00
2362,12,31238,8.665438e-05,5.115816e-03,1.287975e-02,0.000000e+00,0.000000e+00
2363,13,31251,9.483940e-05,5.006651e-03,1.333033e-02,0.000000e+00,0.000000e+00
2364,12,31263,1.848675e-05,5.297851e-03,1.429951e-02,0.000000e+00,0.000000e+00
2365,15,31278,1.384923e-05,4.821665e-03,1.317768e-02,0.000000e+00,0.000000e+00
2366,12,31290,3.609723e-05,5.200363e-03,1.259606e-02,0.000000e+00,0.000000e+00
2367,15,31305,1.635478e-05,5.071367e-03,1.270510e-02,0.000000e+00,0.000000e+00
2368,12,31317,1.619362e-04,5.414287e-03,1.383761e-02,0.000000e+00,0.000000e+00
2369,10,31327,1.568906e-04,4.928499e-03,1.248881e-02,0.000000e+00,0.000000e+00
2370,15,31342,5.150543e-05,5.011173e-03,1.281971e-02,0.000000e+00,0.000000e+00
2371,12,31354,1.977977e-06,4.749925e-03,1.986038e-02,0.000000e+00,0.000000e+00
2372,14,31368,5.466069e-05,5.010110e-03,1.592864e-02,0.000000e+00,0.000000e+00
2373,13,31381,2.974644e-05,4.785992e-03,1.264599e-02,0.000000e+00,0.000000e+00
2374,20,31401,2.517764e-05,5.204629e-03,1.278617e-02,0.000000e+00,0.000000e+00
2375,11,31412,1.007852e-04,4.802995e-03,1.610929e-02,0.000000e+00,0.000000e+00
2376,12,31424,8.489005e-06,4.963104e-03,1.291947e-02,0.000000e+00,0.000000e+00
2377,15,31439,3.565787e-05,4.953443e-03,1.127638e-02,0.000000e+00,0.000000e+00
2378,16,31455,1.281444e-05,5.083387e-03,1.251413e-02,0.000000e+00,0.000000e+00
2379,18,31473,7.306226e-05,4.827794e-03,1.322307e-02,0.000000e+00,0.000000e+00
2380,11,31484,1.042933e-05,5.033293e-03,1.283205e-02,0.000000e+00,0.000000e+00
2381,12,31496,1.364906e-05,4.973049e-03,1.509372e-02,0.000000e+00,0.000000e+00
2382,12,31508,5.573619e-05,4.897602e-03,1.285096e-02,0.000000e+00,0.000000e+00
2383,11,31519,9.174459e-05,5.157276e-03,1.341622e-02,0.000000e+00,0.000000e+00
2384,14,31533,5.389393e-06,5.007740e-03,1.400353e-02,0.000000e+00,0.000000e+00
2385,12,31545,5.708312e-06,5.012287e-03,1.223307e-02,0.000000e+00,0.000000e+00
2386,16,31561,2.012588e-05,4.607370e-03,1.390550e-02,0.000000e+00,0.000000e+00
2387,12,31573,7.395190e-05,5.033407e-03,2.012294e-02,0.000000e+00,0.000000e+00
2388,10,31583,7.403672e-05,5.065272e-03,1.616577e-02,0.000000e+00,0.000000e+00
2389,18,31601,9.409618e-05,4.967547e-03,1.288583e-02,0.000000e+00,0.000000e+00
2390,17,31618,3.530332e-05,4.880635e-03,1.305349e-02,0.000000e+00,0.000000e+00
2391,18,31636,6.428920e-05,4.886643e-03,1.346243e-02,0.000000e+00,0.000000e+00
2392,11,31647,2.454035e-06,5.125650e-03,1.545440e-02,0.000000e+00,0.000000e+00
2393,21,31668,3.573081e-05,4.816448e-03,1.405502e-02,0.000000e+00,0.000000e+00
2394,12,31680,8.689240e-06,5.219963e-03,1.438929e-02,0.000000e+00,0.000000e+00
2395,13,31693,1.389164e-05,5.175941e-03,1.408818e-02,0.000000e+00,0.000000e+00
2396,14,31707,3.990390e-05,4.650945e-03,1.211478e-02,0.000000e+00,0.000000e+00
2397,17,31724,4.310836e-05,4.895560e-03,1.289397e-02,0.000000e+00,0.000000e+00
2398,14,31738,9.261884e-05,5.041637e-03,1.124880e-02,0.000000e+00,0.000000e+00
2399,13,31751,1.264989e-05,4.893697e-03,1.264653e-02,0.000000e+00,0.000000e+00
HIST {'total_samples': 2712215, 'floor_samples': 20, 'floor_fraction': 7.374046674028424e-06, 'saturation_depth': 1.862645149230957e-08, 'boundaries': 2400, 'capped_boundaries': 0, 'unfinished_worlds': 0}
2400,15,31766,6.237412e-05,4.955564e-03,1.354981e-02,0.000000e+00,0.000000e+00
2401,14,31780,2.124714e-05,4.986447e-03,1.321660e-02,0.000000e+00,0.000000e+00
2402,19,31799,6.054373e-06,4.769971e-03,1.276351e-02,0.000000e+00,0.000000e+00
2403,16,31815,4.328787e-05,4.975292e-03,1.528910e-02,0.000000e+00,0.000000e+00
2404,10,31825,1.090771e-06,5.077229e-03,1.888392e-02,0.000000e+00,0.000000e+00
2405,14,31839,1.234002e-06,4.957426e-03,1.220889e-02,0.000000e+00,0.000000e+00
2406,12,31851,2.291054e-06,5.034963e-03,1.200135e-02,0.000000e+00,0.000000e+00
2407,14,31865,1.771358e-05,4.743243e-03,1.446107e-02,0.000000e+00,0.000000e+00
2408,17,31882,7.036745e-05,4.952700e-03,1.301555e-02,0.000000e+00,0.000000e+00
2409,13,31895,9.414898e-07,5.118451e-03,1.378012e-02,0.000000e+00,0.000000e+00
2410,12,31907,6.284572e-05,5.372854e-03,1.259187e-02,0.000000e+00,0.000000e+00
2411,10,31917,1.843963e-06,4.764942e-03,1.765531e-02,0.000000e+00,0.000000e+00
2412,10,31927,5.275735e-06,5.077100e-03,1.600968e-02,0.000000e+00,0.000000e+00
2413,11,31938,9.732121e-06,4.800605e-03,1.429992e-02,0.000000e+00,0.000000e+00
2414,15,31953,3.516761e-05,5.154178e-03,1.735026e-02,0.000000e+00,0.000000e+00
2415,13,31966,2.101134e-05,4.944793e-03,1.314161e-02,0.000000e+00,0.000000e+00
2416,16,31982,1.552003e-04,4.849084e-03,1.451671e-02,0.000000e+00,0.000000e+00
2417,13,31995,8.788935e-06,4.859596e-03,1.405427e-02,0.000000e+00,0.000000e+00
2418,15,32010,1.362851e-04,5.055440e-03,1.248886e-02,0.000000e+00,0.000000e+00
2419,10,32020,1.073349e-04,4.924424e-03,1.159029e-02,0.000000e+00,0.000000e+00
2420,13,32033,1.547198e-04,5.125089e-03,1.443777e-02,0.000000e+00,0.000000e+00
2421,12,32045,2.519121e-05,5.175701e-03,1.138639e-02,0.000000e+00,0.000000e+00
2422,12,32057,4.190952e-05,5.261027e-03,1.116637e-02,0.000000e+00,0.000000e+00
2423,10,32067,6.248608e-05,4.912492e-03,1.257192e-02,0.000000e+00,0.000000e+00
2424,10,32077,8.040108e-05,5.168905e-03,1.498055e-02,0.000000e+00,0.000000e+00
2425,13,32090,8.741436e-06,5.260325e-03,1.182240e-02,0.000000e+00,0.000000e+00
2426,17,32107,2.290467e-04,5.046164e-03,1.345007e-02,0.000000e+00,0.000000e+00
2427,16,32123,1.276843e-05,5.082582e-03,1.228625e-02,0.000000e+00,0.000000e+00
2428,12,32135,6.210525e-05,5.114376e-03,1.442931e-02,0.000000e+00,0.000000e+00
2429,12,32147,1.845727e-04,5.105302e-03,1.348365e-02,0.000000e+00,0.000000e+00
2430,12,32159,1.978316e-05,5.219459e-03,1.396257e-02,0.000000e+00,0.000000e+00
2431,15,32174,4.199799e-05,5.087506e-03,1.163420e-02,0.000000e+00,0.000000e+00
2432,14,32188,1.933871e-06,5.071718e-03,1.253689e-02,0.000000e+00,0.000000e+00
2433,14,32202,5.823666e-06,4.789096e-03,1.554243e-02,0.000000e+00,0.000000e+00
2434,14,32216,5.626885e-06,5.083044e-03,1.267540e-02,0.000000e+00,0.000000e+00
2435,13,32229,6.088640e-05,5.090385e-03,1.332683e-02,0.000000e+00,0.000000e+00
2436,15,32244,1.478597e-04,4.827640e-03,1.291935e-02,0.000000e+00,0.000000e+00
2437,12,32256,5.322895e-05,4.867416e-03,1.396869e-02,0.000000e+00,0.000000e+00
2438,13,32269,8.062925e-05,4.723212e-03,1.245119e-02,0.000000e+00,0.000000e+00
2439,14,32283,2.000369e-05,5.032186e-03,1.271054e-02,0.000000e+00,0.000000e+00
2440,13,32296,5.301860e-05,5.250093e-03,1.448968e-02,0.000000e+00,0.000000e+00
2441,12,32308,1.618871e-04,5.150574e-03,1.373862e-02,0.000000e+00,0.000000e+00
2442,12,32320,1.241919e-05,5.193916e-03,1.357471e-02,0.000000e+00,0.000000e+00
2443,11,32331,4.130416e-05,4.788479e-03,1.192936e-02,0.000000e+00,0.000000e+00
2444,26,32357,5.322555e-05,4.714103e-03,1.326957e-02,0.000000e+00,0.000000e+00
2445,13,32370,3.981870e-05,5.083819e-03,1.275197e-02,0.000000e+00,0.000000e+00
2446,13,32383,2.003275e-05,4.877015e-03,1.467149e-02,0.000000e+00,0.000000e+00
2447,12,32395,4.070811e-05,4.913085e-03,1.319155e-02,0.000000e+00,0.000000e+00
HIST {'total_samples': 2767472, 'floor_samples': 21, 'floor_fraction': 7.588152653396313e-06, 'saturation_depth': 1.862645149230957e-08, 'boundaries': 2448, 'capped_boundaries': 0, 'unfinished_worlds': 0}
2448,10,32405,3.153737e-05,5.155539e-03,1.309421e-02,0.000000e+00,0.000000e+00
2449,13,32418,5.078956e-05,4.916951e-03,1.202398e-02,0.000000e+00,0.000000e+00
2450,18,32436,1.609184e-04,4.945979e-03,1.254565e-02,0.000000e+00,0.000000e+00
2451,16,32452,2.228655e-05,4.912239e-03,1.605852e-02,0.000000e+00,0.000000e+00
2452,13,32465,1.133885e-05,5.263274e-03,1.586631e-02,0.000000e+00,0.000000e+00
2453,13,32478,2.324716e-05,4.995330e-03,1.383287e-02,0.000000e+00,0.000000e+00
2454,13,32491,1.245141e-05,4.961051e-03,1.469555e-02,0.000000e+00,0.000000e+00
2455,14,32505,1.058031e-04,4.923079e-03,1.197694e-02,0.000000e+00,0.000000e+00
2456,14,32519,4.285051e-05,4.991455e-03,1.264714e-02,0.000000e+00,0.000000e+00
2457,11,32530,1.013654e-04,4.821096e-03,1.126496e-02,0.000000e+00,0.000000e+00
2458,14,32544,4.211089e-05,5.398520e-03,1.244778e-02,0.000000e+00,0.000000e+00
2459,11,32555,3.174432e-05,5.063673e-03,1.271797e-02,0.000000e+00,0.000000e+00
2460,17,32572,6.431138e-05,5.067693e-03,1.558302e-02,0.000000e+00,0.000000e+00
2461,12,32584,5.315770e-05,4.775042e-03,1.111734e-02,0.000000e+00,0.000000e+00
2462,10,32594,1.080762e-04,4.934077e-03,1.486617e-02,0.000000e+00,0.000000e+00
2463,11,32605,2.717258e-05,5.003777e-03,1.401107e-02,0.000000e+00,0.000000e+00
2464,12,32617,1.266126e-04,5.012511e-03,1.406048e-02,0.000000e+00,0.000000e+00
2465,13,32630,2.483514e-04,5.182921e-03,1.452771e-02,0.000000e+00,0.000000e+00
2466,13,32643,5.753775e-05,4.873024e-03,1.448030e-02,0.000000e+00,0.000000e+00
2467,12,32655,6.111032e-05,5.044956e-03,1.382757e-02,0.000000e+00,0.000000e+00
2468,14,32669,1.010939e-04,5.084372e-03,1.615174e-02,0.000000e+00,0.000000e+00
2469,14,32683,1.675004e-05,4.879699e-03,1.304433e-02,0.000000e+00,0.000000e+00
2470,11,32694,7.813857e-05,5.049206e-03,1.963118e-02,0.000000e+00,0.000000e+00
2471,14,32708,4.933916e-05,4.785715e-03,1.315201e-02,0.000000e+00,0.000000e+00
2472,17,32725,1.225295e-04,4.909219e-03,1.711899e-02,0.000000e+00,0.000000e+00
2473,12,32737,9.307687e-05,4.798408e-03,1.145682e-02,0.000000e+00,0.000000e+00
2474,16,32753,1.014163e-04,4.785012e-03,1.179554e-02,0.000000e+00,0.000000e+00
2475,14,32767,2.529565e-04,5.124092e-03,1.726256e-02,0.000000e+00,0.000000e+00
2476,14,32781,1.548589e-04,5.167373e-03,1.424599e-02,0.000000e+00,0.000000e+00
2477,14,32795,2.951361e-05,4.889524e-03,1.532528e-02,0.000000e+00,0.000000e+00
2478,14,32809,8.680196e-05,5.016852e-03,1.314983e-02,0.000000e+00,0.000000e+00
2479,13,32822,1.924541e-04,5.125867e-03,1.407507e-02,0.000000e+00,0.000000e+00
2480,11,32833,9.180798e-06,4.925447e-03,1.281113e-02,0.000000e+00,0.000000e+00
2481,11,32844,1.948460e-05,5.094772e-03,1.488802e-02,0.000000e+00,0.000000e+00
2482,11,32855,7.065075e-05,5.215594e-03,1.469839e-02,0.000000e+00,0.000000e+00
2483,16,32871,1.190722e-04,4.831406e-03,1.346005e-02,0.000000e+00,0.000000e+00
2484,16,32887,1.921318e-05,4.743928e-03,1.447638e-02,0.000000e+00,0.000000e+00
2485,14,32901,1.276657e-04,4.680172e-03,1.433010e-02,0.000000e+00,0.000000e+00
2486,13,32914,1.140870e-05,4.735947e-03,1.502041e-02,0.000000e+00,0.000000e+00
2487,11,32925,1.796057e-04,5.140719e-03,1.228038e-02,0.000000e+00,0.000000e+00
2488,12,32937,9.429641e-06,5.054556e-03,1.428363e-02,0.000000e+00,0.000000e+00
2489,11,32948,9.501413e-06,4.910012e-03,1.175246e-02,0.000000e+00,0.000000e+00
2490,16,32964,2.008512e-05,4.863090e-03,1.257628e-02,0.000000e+00,0.000000e+00
2491,13,32977,4.791655e-05,5.003634e-03,1.426149e-02,0.000000e+00,0.000000e+00
2492,15,32992,2.063474e-05,4.949589e-03,1.300951e-02,0.000000e+00,0.000000e+00
2493,13,33005,2.785792e-05,4.968962e-03,1.713070e-02,0.000000e+00,0.000000e+00
2494,15,33020,1.254980e-05,4.936064e-03,1.494517e-02,0.000000e+00,0.000000e+00
2495,15,33035,3.724568e-05,5.247407e-03,1.257244e-02,0.000000e+00,0.000000e+00
HIST {'total_samples': 2823156, 'floor_samples': 21, 'floor_fraction': 7.4384837394745456e-06, 'saturation_depth': 1.862645149230957e-08, 'boundaries': 2496, 'capped_boundaries': 0, 'unfinished_worlds': 0}
2496,15,33050,2.373691e-04,4.849807e-03,1.358608e-02,0.000000e+00,0.000000e+00
2497,12,33062,1.143393e-04,5.027458e-03,1.344857e-02,0.000000e+00,0.000000e+00
2498,17,33079,2.791051e-05,4.897177e-03,1.436895e-02,0.000000e+00,0.000000e+00
2499,14,33093,2.340154e-05,4.857675e-03,1.123143e-02,0.000000e+00,0.000000e+00
2500,14,33107,9.979792e-05,5.083939e-03,1.250798e-02,0.000000e+00,0.000000e+00
2501,11,33118,1.474068e-04,5.038802e-03,1.239370e-02,0.000000e+00,0.000000e+00
2502,16,33134,3.793277e-05,5.137098e-03,1.341869e-02,0.000000e+00,0.000000e+00
2503,13,33147,2.442615e-05,4.502321e-03,1.316152e-02,0.000000e+00,0.000000e+00
2504,12,33159,1.952870e-05,5.092654e-03,1.626767e-02,0.000000e+00,0.000000e+00
2505,12,33171,1.970275e-04,4.891573e-03,1.202753e-02,0.000000e+00,0.000000e+00
2506,11,33182,1.318934e-04,5.056552e-03,1.213677e-02,0.000000e+00,0.000000e+00
2507,14,33196,4.021917e-05,5.003706e-03,1.952387e-02,0.000000e+00,0.000000e+00
2508,20,33216,8.942965e-05,5.170640e-03,1.276592e-02,0.000000e+00,0.000000e+00
2509,12,33228,1.940656e-06,4.999947e-03,1.529928e-02,0.000000e+00,0.000000e+00
2510,14,33242,5.730365e-06,5.018021e-03,1.325461e-02,0.000000e+00,0.000000e+00
2511,14,33256,1.594765e-05,4.967262e-03,1.731852e-02,0.000000e+00,0.000000e+00
2512,13,33269,8.097850e-05,5.069908e-03,1.657671e-02,0.000000e+00,0.000000e+00
2513,12,33281,1.055028e-04,4.867928e-03,1.423655e-02,0.000000e+00,0.000000e+00
2514,14,33295,1.150183e-06,4.881900e-03,1.508442e-02,0.000000e+00,0.000000e+00
2515,17,33312,9.103613e-05,4.935748e-03,1.461108e-02,0.000000e+00,0.000000e+00
2516,12,33324,8.398768e-06,4.949246e-03,1.232365e-02,0.000000e+00,0.000000e+00
2517,14,33338,4.086643e-05,4.768895e-03,1.343222e-02,0.000000e+00,0.000000e+00
2518,12,33350,6.895512e-05,4.785111e-03,1.341748e-02,0.000000e+00,0.000000e+00
2519,10,33360,5.935627e-06,5.175802e-03,1.576930e-02,0.000000e+00,0.000000e+00
2520,13,33373,2.758112e-05,5.196988e-03,1.478041e-02,0.000000e+00,0.000000e+00
2521,12,33385,3.370194e-05,5.036580e-03,1.177888e-02,0.000000e+00,0.000000e+00
2522,16,33401,5.860477e-05,4.962277e-03,1.350864e-02,0.000000e+00,0.000000e+00
2523,12,33413,9.596410e-05,5.066585e-03,1.381397e-02,0.000000e+00,0.000000e+00
2524,15,33428,7.088824e-05,5.035342e-03,1.620050e-02,0.000000e+00,0.000000e+00
2525,13,33441,2.034009e-05,4.856520e-03,1.578866e-02,0.000000e+00,0.000000e+00
2526,14,33455,1.844019e-06,5.024467e-03,1.412277e-02,0.000000e+00,0.000000e+00
2527,13,33468,2.409196e-05,4.878329e-03,1.154011e-02,0.000000e+00,0.000000e+00
2528,11,33479,8.699026e-06,5.174973e-03,1.318971e-02,0.000000e+00,0.000000e+00
2529,14,33493,1.193350e-04,4.712410e-03,1.417992e-02,0.000000e+00,0.000000e+00
2530,20,33513,1.616309e-05,5.018691e-03,1.368913e-02,0.000000e+00,0.000000e+00
2531,14,33527,1.092196e-04,4.999258e-03,1.133591e-02,0.000000e+00,0.000000e+00
2532,21,33548,2.486025e-04,5.080661e-03,1.356875e-02,0.000000e+00,0.000000e+00
2533,17,33565,9.090042e-05,4.625921e-03,1.208762e-02,0.000000e+00,0.000000e+00
2534,18,33583,2.656189e-05,4.916035e-03,1.191193e-02,0.000000e+00,0.000000e+00
2535,12,33595,1.245141e-05,4.942519e-03,1.188504e-02,0.000000e+00,0.000000e+00
2536,14,33609,1.306652e-04,5.253590e-03,1.212093e-02,0.000000e+00,0.000000e+00
2537,18,33627,6.269304e-05,4.783616e-03,1.367077e-02,0.000000e+00,0.000000e+00
2538,13,33640,8.102506e-06,5.023031e-03,1.339637e-02,0.000000e+00,0.000000e+00
2539,13,33653,1.020730e-05,4.883793e-03,1.372007e-02,0.000000e+00,0.000000e+00
2540,11,33664,3.122725e-05,4.809522e-03,1.469865e-02,0.000000e+00,0.000000e+00
2541,11,33675,1.155844e-04,4.959641e-03,1.272877e-02,0.000000e+00,0.000000e+00
2542,14,33689,2.602413e-05,4.996485e-03,1.181982e-02,0.000000e+00,0.000000e+00
2543,15,33704,7.331916e-05,4.893198e-03,1.342567e-02,0.000000e+00,0.000000e+00
HIST {'total_samples': 2879161, 'floor_samples': 21, 'floor_fraction': 7.293791489951413e-06, 'saturation_depth': 1.862645149230957e-08, 'boundaries': 2544, 'capped_boundaries': 0, 'unfinished_worlds': 0}
2544,13,33717,9.957739e-07,4.834287e-03,1.293282e-02,0.000000e+00,0.000000e+00
2545,14,33731,7.991679e-05,4.671302e-03,1.342069e-02,0.000000e+00,0.000000e+00
2546,13,33744,3.016839e-05,5.128831e-03,1.246022e-02,0.000000e+00,0.000000e+00
2547,20,33764,3.061257e-05,4.877791e-03,1.185182e-02,0.000000e+00,0.000000e+00
2548,13,33777,1.957451e-05,4.906376e-03,1.228596e-02,0.000000e+00,0.000000e+00
2549,13,33790,5.073018e-05,4.940598e-03,1.496695e-02,0.000000e+00,0.000000e+00
2550,10,33800,6.646849e-05,5.223178e-03,1.238423e-02,0.000000e+00,0.000000e+00
2551,15,33815,2.047047e-05,5.018519e-03,1.142773e-02,0.000000e+00,0.000000e+00
2552,10,33825,2.002344e-07,5.121262e-03,1.272717e-02,0.000000e+00,0.000000e+00
2553,13,33838,5.437061e-05,5.176512e-03,1.238876e-02,0.000000e+00,0.000000e+00
2554,14,33852,4.081987e-05,5.076085e-03,1.311839e-02,0.000000e+00,0.000000e+00
2555,12,33864,5.314752e-06,4.760178e-03,1.064609e-02,0.000000e+00,0.000000e+00
2556,13,33877,5.541369e-07,4.993518e-03,1.821472e-02,0.000000e+00,0.000000e+00
2557,13,33890,1.663638e-05,4.768998e-03,1.432100e-02,0.000000e+00,0.000000e+00
2558,13,33903,8.590458e-06,4.877213e-03,1.284391e-02,0.000000e+00,0.000000e+00
2559,12,33915,7.563271e-05,4.941935e-03,1.367697e-02,0.000000e+00,0.000000e+00
2560,11,33926,6.282875e-05,5.058328e-03,1.191940e-02,0.000000e+00,0.000000e+00
2561,14,33940,1.590524e-05,4.908226e-03,1.317145e-02,0.000000e+00,0.000000e+00
2562,12,33952,1.436459e-04,4.842035e-03,1.439773e-02,0.000000e+00,0.000000e+00
2563,12,33964,2.647198e-05,4.589399e-03,1.209608e-02,0.000000e+00,0.000000e+00
2564,13,33977,7.664785e-06,4.932251e-03,1.763062e-02,0.000000e+00,0.000000e+00
2565,11,33988,4.082918e-05,5.006060e-03,1.103232e-02,0.000000e+00,0.000000e+00
2566,14,34002,7.534400e-06,5.011037e-03,1.489433e-02,0.000000e+00,0.000000e+00
2567,15,34017,5.050118e-06,5.051847e-03,1.324874e-02,0.000000e+00,0.000000e+00
2568,12,34029,1.294336e-06,5.002722e-03,1.274054e-02,0.000000e+00,0.000000e+00
2569,14,34043,5.484559e-05,4.710359e-03,1.304460e-02,0.000000e+00,0.000000e+00
2570,15,34058,7.649884e-05,5.248780e-03,1.864216e-02,0.000000e+00,0.000000e+00
2571,11,34069,7.967548e-05,5.095066e-03,1.311952e-02,0.000000e+00,0.000000e+00
2572,9,34078,5.845210e-05,5.166736e-03,1.398021e-02,0.000000e+00,0.000000e+00
2573,11,34089,1.110059e-04,5.173190e-03,1.211393e-02,0.000000e+00,0.000000e+00
2574,13,34102,2.360001e-05,5.099556e-03,1.383878e-02,0.000000e+00,0.000000e+00
2575,16,34118,5.587004e-05,5.220199e-03,1.264285e-02,0.000000e+00,0.000000e+00
2576,10,34128,5.805005e-06,5.329003e-03,1.563130e-02,0.000000e+00,0.000000e+00
2577,13,34141,6.032320e-06,4.888951e-03,1.156642e-02,0.000000e+00,0.000000e+00
2578,13,34154,8.791685e-06,5.057714e-03,1.287975e-02,0.000000e+00,0.000000e+00
2579,16,34170,1.782086e-05,4.873919e-03,1.969532e-02,0.000000e+00,0.000000e+00
2580,15,34185,1.549132e-05,5.129389e-03,1.572212e-02,0.000000e+00,0.000000e+00
2581,12,34197,5.721883e-06,5.082095e-03,1.339732e-02,0.000000e+00,0.000000e+00
2582,11,34208,2.620225e-05,5.223000e-03,1.207881e-02,0.000000e+00,0.000000e+00
2583,14,34222,2.917834e-05,5.240609e-03,1.270267e-02,0.000000e+00,0.000000e+00
2584,12,34234,6.809601e-05,5.108389e-03,1.565706e-02,0.000000e+00,0.000000e+00
2585,9,34243,5.331716e-06,5.241592e-03,1.689230e-02,0.000000e+00,0.000000e+00
2586,14,34257,1.003425e-04,5.005192e-03,1.269701e-02,0.000000e+00,0.000000e+00
2587,16,34273,1.343531e-06,5.225424e-03,1.573435e-02,0.000000e+00,0.000000e+00
2588,13,34286,1.557105e-05,5.136525e-03,1.494855e-02,0.000000e+00,0.000000e+00
2589,15,34301,1.276355e-05,5.017226e-03,1.297192e-02,0.000000e+00,0.000000e+00
2590,20,34321,1.601550e-05,5.271936e-03,1.341967e-02,0.000000e+00,0.000000e+00
2591,39,34360,1.688524e-04,4.998720e-03,1.407885e-02,0.000000e+00,0.000000e+00
HIST {'total_samples': 2933934, 'floor_samples': 24, 'floor_fraction': 8.180143111603737e-06, 'saturation_depth': 1.862645149230957e-08, 'boundaries': 2592, 'capped_boundaries': 0, 'unfinished_worlds': 0}
2592,12,34372,1.042290e-04,5.124460e-03,1.288188e-02,0.000000e+00,0.000000e+00
2593,12,34384,1.023951e-04,5.183566e-03,1.250382e-02,0.000000e+00,0.000000e+00
2594,20,34404,4.675218e-05,5.137880e-03,1.227963e-02,0.000000e+00,0.000000e+00
2595,13,34417,4.718546e-05,5.055462e-03,1.175366e-02,0.000000e+00,0.000000e+00
2596,12,34429,1.975335e-05,4.926831e-03,1.313726e-02,0.000000e+00,0.000000e+00
2597,12,34441,6.026383e-05,4.842760e-03,1.448950e-02,0.000000e+00,0.000000e+00
2598,13,34454,4.422627e-05,5.140355e-03,1.454561e-02,0.000000e+00,0.000000e+00
2599,11,34465,2.312672e-05,4.775172e-03,1.395876e-02,0.000000e+00,0.000000e+00
2600,11,34476,6.055730e-05,4.936067e-03,1.262700e-02,0.000000e+00,0.000000e+00
2601,13,34489,3.632158e-07,5.146296e-03,1.177593e-02,0.000000e+00,0.000000e+00
2602,17,34506,2.786983e-05,5.199536e-03,1.364667e-02,0.000000e+00,0.000000e+00
2603,10,34516,6.094577e-05,4.896229e-03,1.132290e-02,0.000000e+00,0.000000e+00
2604,15,34531,7.581897e-05,4.869731e-03,1.130379e-02,0.000000e+00,0.000000e+00
2605,12,34543,1.999012e-05,4.773937e-03,1.203110e-02,0.000000e+00,0.000000e+00
2606,13,34556,2.634712e-05,4.619896e-03,1.379833e-02,0.000000e+00,0.000000e+00
2607,14,34570,9.248033e-06,4.687641e-03,1.354179e-02,0.000000e+00,0.000000e+00
2608,13,34583,4.669651e-05,4.874570e-03,1.337814e-02,0.000000e+00,0.000000e+00
2609,13,34596,3.666212e-05,4.728709e-03,1.006484e-02,0.000000e+00,0.000000e+00
2610,13,34609,1.274658e-05,4.851831e-03,1.591611e-02,0.000000e+00,0.000000e+00
2611,12,34621,1.814775e-04,4.749997e-03,1.247668e-02,0.000000e+00,0.000000e+00
2612,15,34636,6.039106e-06,4.948909e-03,1.466571e-02,0.000000e+00,0.000000e+00
2613,15,34651,3.725585e-05,4.808555e-03,1.234689e-02,0.000000e+00,0.000000e+00
2614,15,34666,1.704320e-05,5.174922e-03,1.233069e-02,0.000000e+00,0.000000e+00
2615,13,34679,4.020520e-05,4.706719e-03,1.430217e-02,0.000000e+00,0.000000e+00
2616,14,34693,1.123641e-05,4.818317e-03,1.391789e-02,0.000000e+00,0.000000e+00
2617,12,34705,1.904693e-05,4.587032e-03,1.219553e-02,0.000000e+00,0.000000e+00
2618,11,34716,2.300289e-05,4.958128e-03,1.628631e-02,0.000000e+00,0.000000e+00
2619,13,34729,1.247177e-05,4.613735e-03,1.222707e-02,0.000000e+00,0.000000e+00
2620,19,34748,1.387671e-06,4.623115e-03,1.249826e-02,0.000000e+00,0.000000e+00
2621,13,34761,1.407536e-04,4.998784e-03,1.395077e-02,0.000000e+00,0.000000e+00
2622,12,34773,1.602059e-05,4.940921e-03,1.316157e-02,0.000000e+00,0.000000e+00
2623,14,34787,7.818453e-06,4.888605e-03,1.232326e-02,0.000000e+00,0.000000e+00
2624,16,34803,2.955087e-05,5.000549e-03,1.308796e-02,0.000000e+00,0.000000e+00
2625,10,34813,5.415178e-05,4.843318e-03,1.383642e-02,0.000000e+00,0.000000e+00
2626,10,34823,2.870102e-05,4.951875e-03,1.524424e-02,0.000000e+00,0.000000e+00
2627,13,34836,1.916907e-05,4.662417e-03,1.274885e-02,0.000000e+00,0.000000e+00
2628,15,34851,1.675449e-05,5.140116e-03,1.481131e-02,0.000000e+00,0.000000e+00
2629,13,34864,6.737334e-05,4.689263e-03,1.403134e-02,0.000000e+00,0.000000e+00
2630,11,34875,8.468997e-05,5.235906e-03,1.821472e-02,0.000000e+00,0.000000e+00
2631,11,34886,8.439180e-05,4.813964e-03,1.792929e-02,0.000000e+00,0.000000e+00
2632,12,34898,1.960674e-05,5.095191e-03,1.918608e-02,0.000000e+00,0.000000e+00
2633,15,34913,3.227529e-05,4.918584e-03,1.706836e-02,0.000000e+00,0.000000e+00
2634,13,34926,9.448268e-05,5.066724e-03,1.525042e-02,0.000000e+00,0.000000e+00
2635,10,34936,2.174452e-04,5.003173e-03,1.636281e-02,0.000000e+00,0.000000e+00
2636,9,34945,6.468035e-05,5.243524e-03,1.579115e-02,0.000000e+00,0.000000e+00
2637,11,34956,1.158660e-04,4.917827e-03,1.399405e-02,0.000000e+00,0.000000e+00
2638,10,34966,4.785482e-06,5.267866e-03,1.323356e-02,0.000000e+00,0.000000e+00
2639,13,34979,6.304419e-05,5.051431e-03,1.522708e-02,0.000000e+00,0.000000e+00
HIST {'total_samples': 2990366, 'floor_samples': 25, 'floor_fraction': 8.360180660159993e-06, 'saturation_depth': 1.862645149230957e-08, 'boundaries': 2640, 'capped_boundaries': 0, 'unfinished_worlds': 0}
2640,15,34994,9.417068e-05,4.920929e-03,1.257999e-02,0.000000e+00,0.000000e+00
2641,10,35004,7.916242e-06,4.995036e-03,1.249297e-02,0.000000e+00,0.000000e+00
2642,11,35015,3.864519e-05,4.847582e-03,1.278504e-02,0.000000e+00,0.000000e+00
2643,10,35025,1.019519e-04,5.087840e-03,1.324464e-02,0.000000e+00,0.000000e+00
2644,14,35039,2.215809e-05,4.865905e-03,1.206874e-02,0.000000e+00,0.000000e+00
2645,11,35050,9.190976e-06,5.002473e-03,1.223758e-02,0.000000e+00,0.000000e+00
2646,12,35062,1.114181e-05,4.912404e-03,1.214503e-02,0.000000e+00,0.000000e+00
2647,13,35075,5.825362e-06,4.665095e-03,1.137987e-02,0.000000e+00,0.000000e+00
2648,20,35095,5.234513e-05,5.192017e-03,1.420136e-02,0.000000e+00,0.000000e+00
2649,14,35109,2.896735e-05,4.800512e-03,1.094741e-02,0.000000e+00,0.000000e+00
2650,11,35120,1.106411e-05,5.255525e-03,1.370579e-02,0.000000e+00,0.000000e+00
2651,12,35132,1.864461e-04,4.965622e-03,1.237823e-02,0.000000e+00,0.000000e+00
2652,14,35146,1.492305e-04,5.164084e-03,1.511038e-02,0.000000e+00,0.000000e+00
2653,12,35158,9.635427e-07,4.763128e-03,1.012197e-02,0.000000e+00,0.000000e+00
2654,17,35175,3.300642e-05,4.894475e-03,1.611846e-02,0.000000e+00,0.000000e+00
2655,12,35187,2.795318e-04,5.191842e-03,1.353952e-02,0.000000e+00,0.000000e+00
2656,12,35199,2.944234e-05,5.113653e-03,1.604604e-02,0.000000e+00,0.000000e+00
2657,12,35211,2.098735e-05,5.206813e-03,1.261010e-02,0.000000e+00,0.000000e+00
2658,13,35224,2.977822e-05,5.203075e-03,1.395545e-02,0.000000e+00,0.000000e+00
2659,15,35239,4.488975e-05,4.773594e-03,1.317110e-02,0.000000e+00,0.000000e+00
2660,13,35252,8.966036e-05,5.012196e-03,1.548037e-02,0.000000e+00,0.000000e+00
2661,10,35262,3.844034e-05,4.937401e-03,1.102210e-02,0.000000e+00,0.000000e+00
2662,11,35273,7.803339e-06,5.075883e-03,1.320400e-02,0.000000e+00,0.000000e+00
2663,14,35287,1.042645e-04,5.092281e-03,1.357073e-02,0.000000e+00,0.000000e+00
2664,13,35300,2.218271e-04,5.138381e-03,1.237171e-02,0.000000e+00,0.000000e+00
2665,13,35313,1.357102e-06,4.975337e-03,1.356221e-02,0.000000e+00,0.000000e+00
2666,13,35326,1.643790e-06,5.501403e-03,1.422179e-02,0.000000e+00,0.000000e+00
2667,11,35337,3.583429e-05,5.411866e-03,1.356171e-02,0.000000e+00,0.000000e+00
2668,11,35348,5.627903e-05,5.332195e-03,1.251251e-02,0.000000e+00,0.000000e+00
2669,12,35360,4.292854e-05,5.092987e-03,1.524501e-02,0.000000e+00,0.000000e+00
2670,19,35379,2.052635e-05,5.109379e-03,1.580837e-02,0.000000e+00,0.000000e+00
2671,18,35397,7.628781e-05,5.152486e-03,1.509750e-02,0.000000e+00,0.000000e+00
2672,15,35412,9.185887e-06,4.992363e-03,1.362596e-02,0.000000e+00,0.000000e+00
2673,13,35425,2.430774e-04,5.177427e-03,1.434267e-02,0.000000e+00,0.000000e+00
2674,14,35439,1.435543e-04,5.527215e-03,1.667723e-02,0.000000e+00,0.000000e+00
2675,15,35454,7.693244e-05,5.163106e-03,1.263013e-02,0.000000e+00,0.000000e+00
2676,12,35466,4.826195e-05,5.462439e-03,1.396159e-02,0.000000e+00,0.000000e+00
2677,12,35478,1.853293e-05,5.187566e-03,1.194929e-02,0.000000e+00,0.000000e+00
2678,13,35491,7.594854e-05,5.321659e-03,1.306612e-02,0.000000e+00,0.000000e+00
2679,11,35502,5.963956e-05,5.243047e-03,1.382179e-02,0.000000e+00,0.000000e+00
2680,15,35517,1.019891e-04,5.282966e-03,1.359131e-02,0.000000e+00,0.000000e+00
2681,13,35530,6.515109e-05,5.193632e-03,1.395757e-02,0.000000e+00,0.000000e+00
2682,14,35544,5.526121e-05,4.873378e-03,1.577452e-02,0.000000e+00,0.000000e+00
2683,13,35557,7.211696e-05,5.056603e-03,1.937843e-02,0.000000e+00,0.000000e+00
2684,17,35574,2.210211e-05,5.023037e-03,1.333958e-02,0.000000e+00,0.000000e+00
2685,12,35586,2.201559e-05,4.798657e-03,1.163218e-02,0.000000e+00,0.000000e+00
2686,14,35600,5.514585e-05,5.249884e-03,1.450932e-02,0.000000e+00,0.000000e+00
2687,12,35612,7.990748e-06,5.026437e-03,1.660545e-02,0.000000e+00,0.000000e+00
HIST {'total_samples': 3045138, 'floor_samples': 26, 'floor_fraction': 8.538200895985667e-06, 'saturation_depth': 1.862645149230957e-08, 'boundaries': 2688, 'capped_boundaries': 0, 'unfinished_worlds': 0}
2688,13,35625,4.597354e-05,5.297760e-03,1.407082e-02,0.000000e+00,0.000000e+00
2689,14,35639,5.470589e-05,5.047694e-03,1.174883e-02,0.000000e+00,0.000000e+00
2690,18,35657,1.978129e-05,5.264733e-03,1.876929e-02,0.000000e+00,0.000000e+00
2691,11,35668,4.973781e-06,4.886598e-03,1.295008e-02,0.000000e+00,0.000000e+00
2692,10,35678,1.963694e-05,5.183526e-03,1.347054e-02,0.000000e+00,0.000000e+00
2693,10,35688,1.539633e-05,5.055699e-03,1.287975e-02,0.000000e+00,0.000000e+00
2694,14,35702,3.242287e-05,5.086473e-03,1.328600e-02,0.000000e+00,0.000000e+00
2695,13,35715,7.296970e-05,4.969919e-03,1.595014e-02,0.000000e+00,0.000000e+00
2696,12,35727,5.515434e-05,5.109889e-03,1.302065e-02,0.000000e+00,0.000000e+00
2697,15,35742,4.831285e-06,4.907044e-03,1.175953e-02,0.000000e+00,0.000000e+00
2698,12,35754,8.187738e-05,5.107379e-03,1.566978e-02,0.000000e+00,0.000000e+00
2699,13,35767,6.916642e-05,5.136110e-03,1.427166e-02,0.000000e+00,0.000000e+00
2700,15,35782,4.544936e-05,5.312858e-03,1.260955e-02,0.000000e+00,0.000000e+00
2701,10,35792,5.550217e-05,4.841050e-03,1.479316e-02,0.000000e+00,0.000000e+00
2702,10,35802,5.591771e-05,5.164768e-03,1.127425e-02,0.000000e+00,0.000000e+00
2703,10,35812,2.449570e-06,5.139111e-03,1.727121e-02,0.000000e+00,0.000000e+00
2704,11,35823,5.558692e-05,4.730187e-03,1.712240e-02,0.000000e+00,0.000000e+00
2705,15,35838,8.499715e-05,4.734418e-03,1.287328e-02,0.000000e+00,0.000000e+00
2706,12,35850,1.220033e-06,5.058199e-03,1.610340e-02,0.000000e+00,0.000000e+00
2707,12,35862,2.764587e-05,4.983914e-03,1.703797e-02,0.000000e+00,0.000000e+00
2708,13,35875,7.597229e-05,5.003215e-03,1.297634e-02,0.000000e+00,0.000000e+00
2709,13,35888,4.263167e-05,5.083662e-03,1.234785e-02,0.000000e+00,0.000000e+00
2710,13,35901,1.219492e-04,5.315419e-03,1.409897e-02,0.000000e+00,0.000000e+00
2711,11,35912,1.142341e-05,4.876326e-03,1.226250e-02,0.000000e+00,0.000000e+00
2712,15,35927,1.199730e-04,5.052477e-03,1.497766e-02,0.000000e+00,0.000000e+00
2713,22,35949,2.491979e-06,4.954441e-03,1.452335e-02,0.000000e+00,0.000000e+00
2714,13,35962,3.220065e-05,5.133921e-03,1.363774e-02,0.000000e+00,0.000000e+00
2715,15,35977,8.358054e-06,4.707651e-03,1.613650e-02,0.000000e+00,0.000000e+00
2716,14,35991,2.346939e-04,5.074133e-03,1.404474e-02,0.000000e+00,0.000000e+00
2717,12,36003,1.382548e-06,4.847371e-03,1.208961e-02,0.000000e+00,0.000000e+00
2718,14,36017,9.434237e-05,5.083271e-03,1.333420e-02,0.000000e+00,0.000000e+00
2719,19,36036,1.014570e-04,4.891263e-03,1.434754e-02,0.000000e+00,0.000000e+00
2720,12,36048,3.849082e-05,5.313919e-03,1.339005e-02,0.000000e+00,0.000000e+00
2721,13,36061,8.228621e-05,4.895032e-03,1.485826e-02,0.000000e+00,0.000000e+00
2722,14,36075,9.045088e-06,5.316219e-03,1.475048e-02,0.000000e+00,0.000000e+00
2723,18,36093,2.711660e-04,5.070224e-03,1.351362e-02,0.000000e+00,0.000000e+00
2724,12,36105,3.842975e-05,4.947181e-03,1.420391e-02,0.000000e+00,0.000000e+00
2725,18,36123,7.133931e-06,4.913548e-03,1.359657e-02,0.000000e+00,0.000000e+00
2726,16,36139,4.459099e-05,4.880114e-03,1.330807e-02,0.000000e+00,0.000000e+00
2727,11,36150,5.484051e-05,4.867077e-03,1.415968e-02,0.000000e+00,0.000000e+00
2728,13,36163,1.597218e-06,5.099620e-03,1.251371e-02,0.000000e+00,0.000000e+00
2729,13,36176,2.096873e-04,4.916561e-03,1.279144e-02,0.000000e+00,0.000000e+00
2730,13,36189,4.551891e-05,4.937118e-03,1.550054e-02,0.000000e+00,0.000000e+00
2731,13,36202,2.112330e-05,4.949339e-03,1.334532e-02,0.000000e+00,0.000000e+00
2732,12,36214,3.162727e-05,5.129784e-03,1.553237e-02,0.000000e+00,0.000000e+00
2733,15,36229,1.384329e-04,5.035735e-03,1.457448e-02,0.000000e+00,0.000000e+00
2734,11,36240,8.475035e-06,4.928105e-03,1.253721e-02,0.000000e+00,0.000000e+00
2735,13,36253,5.640090e-05,4.833490e-03,1.479955e-02,0.000000e+00,0.000000e+00
HIST {'total_samples': 3100940, 'floor_samples': 26, 'floor_fraction': 8.384554360935716e-06, 'saturation_depth': 1.862645149230957e-08, 'boundaries': 2736, 'capped_boundaries': 0, 'unfinished_worlds': 0}
2736,17,36270,1.740619e-04,5.213797e-03,1.481407e-02,0.000000e+00,0.000000e+00
2737,13,36283,1.593027e-05,4.895127e-03,1.458679e-02,0.000000e+00,0.000000e+00
2738,10,36293,6.167218e-05,5.351125e-03,1.269899e-02,0.000000e+00,0.000000e+00
2739,21,36314,8.742962e-05,4.749284e-03,1.348608e-02,0.000000e+00,0.000000e+00
2740,12,36326,1.543399e-04,5.094811e-03,1.478983e-02,0.000000e+00,0.000000e+00
2741,10,36336,3.686175e-05,4.903284e-03,1.567231e-02,0.000000e+00,0.000000e+00
2742,10,36346,1.033094e-06,5.170383e-03,1.575049e-02,0.000000e+00,0.000000e+00
2743,11,36357,1.209399e-04,4.757619e-03,1.129712e-02,0.000000e+00,0.000000e+00
2744,10,36367,7.997267e-05,5.279080e-03,1.821472e-02,0.000000e+00,0.000000e+00
2745,10,36377,1.659516e-04,5.298532e-03,1.655840e-02,0.000000e+00,0.000000e+00
2746,13,36390,1.574612e-04,5.157766e-03,1.426241e-02,0.000000e+00,0.000000e+00
2747,16,36406,1.699943e-04,4.935924e-03,1.227865e-02,0.000000e+00,0.000000e+00
2748,12,36418,1.892447e-04,5.184344e-03,1.382014e-02,0.000000e+00,0.000000e+00
2749,19,36437,2.687331e-05,4.767134e-03,1.151564e-02,0.000000e+00,0.000000e+00
2750,14,36451,2.094348e-05,5.219220e-03,1.324182e-02,0.000000e+00,0.000000e+00
2751,15,36466,2.743891e-05,4.996560e-03,1.151456e-02,0.000000e+00,0.000000e+00
2752,12,36478,1.190929e-04,4.976571e-03,1.350996e-02,0.000000e+00,0.000000e+00
2753,22,36500,1.249090e-04,4.901746e-03,1.295722e-02,0.000000e+00,0.000000e+00
2754,22,36522,4.312024e-05,5.158773e-03,1.475241e-02,0.000000e+00,0.000000e+00
2755,15,36537,2.542324e-04,5.091733e-03,1.374356e-02,0.000000e+00,0.000000e+00
2756,13,36550,9.974872e-05,5.145891e-03,1.258194e-02,0.000000e+00,0.000000e+00
2757,12,36562,1.165921e-05,4.685537e-03,1.365712e-02,0.000000e+00,0.000000e+00
2758,19,36581,7.462197e-05,5.105360e-03,1.327165e-02,0.000000e+00,0.000000e+00
2759,23,36604,1.190891e-04,4.924248e-03,1.236009e-02,0.000000e+00,0.000000e+00
2760,15,36619,7.474242e-06,4.940218e-03,1.599873e-02,0.000000e+00,0.000000e+00
2761,13,36632,2.735257e-04,5.201248e-03,1.391852e-02,0.000000e+00,0.000000e+00
2762,12,36644,4.598881e-06,5.252393e-03,1.650621e-02,0.000000e+00,0.000000e+00
2763,12,36656,3.848742e-05,4.896713e-03,1.053430e-02,0.000000e+00,0.000000e+00
2764,14,36670,3.160013e-05,5.365694e-03,1.535733e-02,0.000000e+00,0.000000e+00
2765,12,36682,1.693019e-04,5.004791e-03,1.104260e-02,0.000000e+00,0.000000e+00
2766,13,36695,7.114779e-05,4.887585e-03,1.558806e-02,0.000000e+00,0.000000e+00
2767,13,36708,6.779744e-05,4.841054e-03,1.198714e-02,0.000000e+00,0.000000e+00
2768,13,36721,2.603047e-05,4.992379e-03,1.390550e-02,0.000000e+00,0.000000e+00
2769,15,36736,2.139714e-04,5.152932e-03,1.247157e-02,0.000000e+00,0.000000e+00
2770,20,36756,1.399173e-05,5.092730e-03,1.331597e-02,0.000000e+00,0.000000e+00
2771,17,36773,4.046540e-05,4.877087e-03,1.861327e-02,0.000000e+00,0.000000e+00
2772,12,36785,7.078052e-06,5.041147e-03,1.363581e-02,0.000000e+00,0.000000e+00
2773,12,36797,1.790002e-05,4.878006e-03,1.554965e-02,0.000000e+00,0.000000e+00
2774,12,36809,5.410428e-05,5.149127e-03,1.284219e-02,0.000000e+00,0.000000e+00
2775,11,36820,6.258488e-05,5.176088e-03,1.788587e-02,0.000000e+00,0.000000e+00
2776,11,36831,1.515442e-04,5.081926e-03,1.649025e-02,0.000000e+00,0.000000e+00
2777,13,36844,4.539507e-06,4.940239e-03,1.180508e-02,0.000000e+00,0.000000e+00
2778,15,36859,1.679414e-06,5.101752e-03,1.301886e-02,0.000000e+00,0.000000e+00
2779,14,36873,8.071366e-06,4.836942e-03,1.240694e-02,0.000000e+00,0.000000e+00
2780,15,36888,1.088735e-05,4.855173e-03,1.154418e-02,0.000000e+00,0.000000e+00
2781,11,36899,2.671499e-05,5.120331e-03,1.800452e-02,0.000000e+00,0.000000e+00
2782,17,36916,2.505211e-05,5.002826e-03,1.378468e-02,0.000000e+00,0.000000e+00
2783,12,36928,3.403613e-05,4.659799e-03,1.260588e-02,0.000000e+00,0.000000e+00
HIST {'total_samples': 3155992, 'floor_samples': 26, 'floor_fraction': 8.238297181995392e-06, 'saturation_depth': 1.862645149230957e-08, 'boundaries': 2784, 'capped_boundaries': 0, 'unfinished_worlds': 0}
2784,15,36943,1.796804e-05,4.781736e-03,1.350481e-02,0.000000e+00,0.000000e+00
2785,15,36958,8.361786e-05,4.772459e-03,1.216251e-02,0.000000e+00,0.000000e+00
2786,15,36973,4.603970e-06,5.061212e-03,1.443650e-02,0.000000e+00,0.000000e+00
2787,11,36984,5.133240e-06,5.138650e-03,1.212080e-02,0.000000e+00,0.000000e+00
2788,16,37000,3.346275e-05,5.070972e-03,1.686192e-02,0.000000e+00,0.000000e+00
2789,16,37016,3.019214e-05,5.063374e-03,1.524175e-02,0.000000e+00,0.000000e+00
2790,13,37029,3.004794e-05,5.062587e-03,1.591651e-02,0.000000e+00,0.000000e+00
2791,10,37039,1.334399e-04,4.790156e-03,1.578036e-02,0.000000e+00,0.000000e+00
2792,15,37054,1.117574e-05,5.112919e-03,1.217340e-02,0.000000e+00,0.000000e+00
2793,15,37069,3.755781e-05,4.966718e-03,1.265156e-02,0.000000e+00,0.000000e+00
2794,13,37082,1.579548e-04,5.039148e-03,1.459325e-02,0.000000e+00,0.000000e+00
2795,14,37096,7.411476e-06,4.889985e-03,1.273650e-02,0.000000e+00,0.000000e+00
2796,14,37110,1.644147e-04,5.174535e-03,1.287975e-02,0.000000e+00,0.000000e+00
2797,18,37128,3.413621e-05,5.095583e-03,1.391146e-02,0.000000e+00,0.000000e+00
2798,10,37138,3.410229e-04,5.201258e-03,1.397567e-02,0.000000e+00,0.000000e+00
2799,12,37150,8.203345e-05,5.041732e-03,1.322298e-02,0.000000e+00,0.000000e+00
2800,20,37170,2.749730e-05,4.895821e-03,1.147027e-02,0.000000e+00,0.000000e+00
2801,17,37187,9.152469e-05,5.026508e-03,1.201732e-02,0.000000e+00,0.000000e+00
2802,12,37199,5.535781e-05,5.036231e-03,1.315056e-02,0.000000e+00,0.000000e+00
2803,14,37213,9.033829e-06,4.772441e-03,1.333440e-02,0.000000e+00,0.000000e+00
2804,13,37226,3.975462e-05,5.092746e-03,1.577365e-02,0.000000e+00,0.000000e+00
2805,15,37241,1.025664e-04,4.945084e-03,1.500627e-02,0.000000e+00,0.000000e+00
2806,14,37255,4.639594e-06,4.896211e-03,1.905515e-02,0.000000e+00,0.000000e+00
2807,12,37267,3.133549e-05,4.867724e-03,1.145703e-02,0.000000e+00,0.000000e+00
2808,10,37277,2.380018e-05,5.237028e-03,1.246587e-02,0.000000e+00,0.000000e+00
2809,11,37288,4.289206e-05,4.850287e-03,1.413932e-02,0.000000e+00,0.000000e+00
2810,12,37300,1.117587e-07,5.021932e-03,1.406921e-02,0.000000e+00,0.000000e+00
2811,11,37311,4.997360e-05,4.945884e-03,1.145512e-02,0.000000e+00,0.000000e+00
2812,13,37324,5.016359e-05,5.100079e-03,1.349196e-02,0.000000e+00,0.000000e+00
2813,21,37345,8.665099e-06,4.941240e-03,1.356822e-02,0.000000e+00,0.000000e+00
2814,17,37362,9.005889e-05,5.138969e-03,1.370784e-02,0.000000e+00,0.000000e+00
2815,12,37374,5.382098e-05,4.917748e-03,1.168234e-02,0.000000e+00,0.000000e+00
2816,18,37392,5.160382e-06,5.000988e-03,1.326936e-02,0.000000e+00,0.000000e+00
2817,12,37404,5.474314e-05,4.830348e-03,1.463018e-02,0.000000e+00,0.000000e+00
2818,19,37423,2.105205e-06,5.063689e-03,1.201078e-02,0.000000e+00,0.000000e+00
2819,15,37438,1.028180e-05,4.690313e-03,1.296539e-02,0.000000e+00,0.000000e+00
2820,13,37451,3.591180e-05,4.874866e-03,1.584002e-02,0.000000e+00,0.000000e+00
2821,14,37465,4.183268e-06,4.795561e-03,1.177195e-02,0.000000e+00,0.000000e+00
2822,19,37484,1.504348e-05,4.830664e-03,1.301391e-02,0.000000e+00,0.000000e+00
2823,13,37497,6.607222e-05,5.080368e-03,1.716661e-02,0.000000e+00,0.000000e+00
2824,16,37513,1.872733e-04,5.056337e-03,1.369090e-02,0.000000e+00,0.000000e+00
2825,14,37527,2.995464e-05,5.033960e-03,1.747130e-02,0.000000e+00,0.000000e+00
2826,15,37542,8.383500e-06,4.905793e-03,1.306540e-02,0.000000e+00,0.000000e+00
2827,15,37557,1.449894e-05,4.632161e-03,1.376643e-02,0.000000e+00,0.000000e+00
2828,14,37571,2.988339e-05,4.752214e-03,1.267544e-02,0.000000e+00,0.000000e+00
2829,11,37582,3.363409e-05,4.861183e-03,1.320829e-02,0.000000e+00,0.000000e+00
2830,14,37596,4.217960e-05,4.891307e-03,1.268535e-02,0.000000e+00,0.000000e+00
2831,14,37610,3.117943e-05,4.879939e-03,1.122818e-02,0.000000e+00,0.000000e+00
HIST {'total_samples': 3211795, 'floor_samples': 27, 'floor_fraction': 8.406514114381521e-06, 'saturation_depth': 1.862645149230957e-08, 'boundaries': 2832, 'capped_boundaries': 0, 'unfinished_worlds': 0}
2832,14,37624,3.479887e-05,4.991296e-03,1.322251e-02,0.000000e+00,0.000000e+00
2833,13,37637,1.049719e-05,4.878467e-03,1.113893e-02,0.000000e+00,0.000000e+00
2834,15,37652,1.036589e-04,5.189992e-03,1.485023e-02,0.000000e+00,0.000000e+00
2835,15,37667,3.695022e-05,4.885877e-03,1.255593e-02,0.000000e+00,0.000000e+00
2836,13,37680,1.097557e-06,5.034226e-03,1.304399e-02,0.000000e+00,0.000000e+00
2837,17,37697,6.540216e-05,4.939484e-03,1.238581e-02,0.000000e+00,0.000000e+00
2838,13,37710,3.327615e-05,5.167110e-03,1.778581e-02,0.000000e+00,0.000000e+00
2839,14,37724,7.165840e-05,4.874812e-03,1.448155e-02,0.000000e+00,0.000000e+00
2840,15,37739,2.409366e-04,5.066818e-03,1.765840e-02,0.000000e+00,0.000000e+00
2841,19,37758,3.626008e-05,4.745281e-03,1.148305e-02,0.000000e+00,0.000000e+00
2842,12,37770,2.317931e-05,4.973100e-03,1.302353e-02,0.000000e+00,0.000000e+00
2843,11,37781,1.428859e-05,4.652814e-03,1.356755e-02,0.000000e+00,0.000000e+00
2844,10,37791,4.088271e-06,5.096446e-03,1.403543e-02,0.000000e+00,0.000000e+00
2845,10,37801,1.096098e-04,5.157331e-03,1.301635e-02,0.000000e+00,0.000000e+00
2846,12,37813,1.595356e-05,4.897117e-03,1.289439e-02,0.000000e+00,0.000000e+00
2847,15,37828,3.354248e-05,4.944772e-03,1.140613e-02,0.000000e+00,0.000000e+00
2848,10,37838,4.491303e-05,4.732260e-03,1.267036e-02,0.000000e+00,0.000000e+00
2849,13,37851,7.472884e-05,4.919951e-03,1.185504e-02,0.000000e+00,0.000000e+00
2850,12,37863,4.037380e-06,5.300981e-03,1.470484e-02,0.000000e+00,0.000000e+00
2851,17,37880,5.931046e-05,4.819223e-03,1.319044e-02,0.000000e+00,0.000000e+00
2852,15,37895,1.771376e-05,5.210545e-03,1.243211e-02,0.000000e+00,0.000000e+00
2853,15,37910,6.216113e-05,4.961195e-03,1.239767e-02,0.000000e+00,0.000000e+00
2854,15,37925,4.943755e-05,4.796877e-03,1.628643e-02,0.000000e+00,0.000000e+00
2855,15,37940,3.094532e-05,4.667575e-03,1.306118e-02,0.000000e+00,0.000000e+00
2856,17,37957,6.243010e-05,4.661348e-03,1.374604e-02,0.000000e+00,0.000000e+00
2857,15,37972,1.055375e-04,5.012796e-03,1.150507e-02,0.000000e+00,0.000000e+00
2858,14,37986,6.826129e-05,5.216515e-03,2.179560e-02,0.000000e+00,0.000000e+00
2859,16,38002,1.448368e-04,4.716270e-03,1.160028e-02,0.000000e+00,0.000000e+00
2860,12,38014,3.644329e-05,5.123372e-03,1.663148e-02,0.000000e+00,0.000000e+00
2861,12,38026,9.728728e-05,4.753424e-03,2.025555e-02,0.000000e+00,0.000000e+00
2862,14,38040,4.118806e-06,5.025193e-03,1.331950e-02,0.000000e+00,0.000000e+00
2863,11,38051,1.187465e-06,4.844641e-03,1.367675e-02,0.000000e+00,0.000000e+00
2864,16,38067,1.681111e-06,4.997698e-03,1.421306e-02,0.000000e+00,0.000000e+00
2865,17,38084,1.432523e-04,4.859240e-03,1.458041e-02,0.000000e+00,0.000000e+00
2866,14,38098,6.848956e-05,5.109217e-03,1.295886e-02,0.000000e+00,0.000000e+00
2867,11,38109,7.148832e-05,5.137734e-03,1.473945e-02,0.000000e+00,0.000000e+00
2868,15,38124,1.363549e-05,4.801540e-03,1.677451e-02,0.000000e+00,0.000000e+00
2869,12,38136,4.332513e-05,4.850912e-03,1.352904e-02,0.000000e+00,0.000000e+00
2870,20,38156,7.096678e-06,4.788611e-03,1.737254e-02,0.000000e+00,0.000000e+00
2871,17,38173,2.290110e-05,4.685548e-03,1.401200e-02,0.000000e+00,0.000000e+00
2872,16,38189,1.691282e-05,5.090351e-03,1.601872e-02,0.000000e+00,0.000000e+00
2873,21,38210,2.402241e-05,4.895133e-03,1.410304e-02,0.000000e+00,0.000000e+00
2874,11,38221,4.190952e-07,4.988020e-03,1.810892e-02,0.000000e+00,0.000000e+00
2875,13,38234,5.503220e-05,4.994441e-03,1.526806e-02,0.000000e+00,0.000000e+00
2876,20,38254,3.902348e-05,5.254870e-03,1.801467e-02,0.000000e+00,0.000000e+00
2877,17,38271,1.156251e-05,4.749646e-03,1.175156e-02,0.000000e+00,0.000000e+00
2878,10,38281,7.285944e-06,5.038768e-03,1.299574e-02,0.000000e+00,0.000000e+00
2879,14,38295,6.922055e-05,4.860621e-03,1.242177e-02,0.000000e+00,0.000000e+00
HIST {'total_samples': 3268030, 'floor_samples': 28, 'floor_fraction': 8.567852804288822e-06, 'saturation_depth': 1.862645149230957e-08, 'boundaries': 2880, 'capped_boundaries': 0, 'unfinished_worlds': 0}
2880,15,38310,1.374880e-04,5.389684e-03,1.771980e-02,0.000000e+00,0.000000e+00
2881,13,38323,8.193506e-06,4.871748e-03,1.326913e-02,0.000000e+00,0.000000e+00
2882,11,38334,3.935597e-06,5.066466e-03,1.323150e-02,0.000000e+00,0.000000e+00
2883,15,38349,3.913544e-05,4.782403e-03,1.371082e-02,0.000000e+00,0.000000e+00
2884,12,38361,3.586652e-05,4.958292e-03,1.346672e-02,0.000000e+00,0.000000e+00
2885,16,38377,1.595821e-05,4.884867e-03,1.421601e-02,0.000000e+00,0.000000e+00
2886,12,38389,6.788565e-05,4.927931e-03,1.287975e-02,0.000000e+00,0.000000e+00
2887,14,38403,1.522533e-04,4.715252e-03,1.292187e-02,0.000000e+00,0.000000e+00
2888,15,38418,7.136832e-05,4.890109e-03,1.652256e-02,0.000000e+00,0.000000e+00
2889,15,38433,3.804039e-05,4.685925e-03,1.860548e-02,0.000000e+00,0.000000e+00
2890,12,38445,1.530828e-05,4.399662e-03,1.191331e-02,0.000000e+00,0.000000e+00
2891,12,38457,3.338745e-05,4.165479e-03,1.175298e-02,0.000000e+00,0.000000e+00
2892,12,38469,2.060086e-05,4.733465e-03,1.208241e-02,0.000000e+00,0.000000e+00
2893,14,38483,2.840534e-06,4.191770e-03,1.896647e-02,0.000000e+00,0.000000e+00
2894,14,38497,3.874302e-06,4.372548e-03,1.317871e-02,0.000000e+00,0.000000e+00
2895,13,38510,2.213115e-06,4.557225e-03,1.532019e-02,0.000000e+00,0.000000e+00
2896,14,38524,8.324161e-05,4.463920e-03,1.576132e-02,0.000000e+00,0.000000e+00
2897,14,38538,2.525350e-05,4.306002e-03,1.381731e-02,0.000000e+00,0.000000e+00
2898,12,38550,1.997201e-05,4.275623e-03,1.450651e-02,0.000000e+00,0.000000e+00
2899,10,38560,7.703080e-05,4.280926e-03,1.392578e-02,0.000000e+00,0.000000e+00
2900,10,38570,3.649900e-05,4.396709e-03,1.287627e-02,0.000000e+00,0.000000e+00
2901,15,38585,6.909238e-06,4.392515e-03,1.443943e-02,0.000000e+00,0.000000e+00
2902,17,38602,2.430108e-05,4.508694e-03,1.344413e-02,0.000000e+00,0.000000e+00
2903,19,38621,5.308539e-07,4.356357e-03,1.381832e-02,0.000000e+00,0.000000e+00
2904,13,38634,2.274290e-06,4.671836e-03,1.746348e-02,0.000000e+00,0.000000e+00
2905,13,38647,1.092763e-05,4.319168e-03,1.971361e-02,0.000000e+00,0.000000e+00
2906,11,38658,1.638425e-05,4.320270e-03,1.584626e-02,0.000000e+00,0.000000e+00
2907,11,38669,6.312116e-05,4.526207e-03,1.321183e-02,0.000000e+00,0.000000e+00
2908,17,38686,1.561735e-04,4.700448e-03,1.432698e-02,0.000000e+00,0.000000e+00
2909,14,38700,1.515714e-05,4.292208e-03,1.447182e-02,0.000000e+00,0.000000e+00
2910,11,38711,4.714355e-05,4.524861e-03,1.659502e-02,0.000000e+00,0.000000e+00
2911,14,38725,6.417554e-05,4.574099e-03,1.167099e-02,0.000000e+00,0.000000e+00
2912,13,38738,5.058013e-05,4.445341e-03,1.220011e-02,0.000000e+00,0.000000e+00
2913,15,38753,5.812876e-06,4.395081e-03,1.506285e-02,0.000000e+00,0.000000e+00
2914,11,38764,3.245422e-05,4.448866e-03,1.734288e-02,0.000000e+00,0.000000e+00
2915,13,38777,5.999521e-05,4.584382e-03,1.289755e-02,0.000000e+00,0.000000e+00
2916,18,38795,1.487405e-06,4.721286e-03,1.527484e-02,0.000000e+00,0.000000e+00
2917,19,38814,1.032307e-05,4.229251e-03,1.325632e-02,0.000000e+00,0.000000e+00
2918,12,38826,4.708118e-05,4.296370e-03,1.131749e-02,0.000000e+00,0.000000e+00
2919,17,38843,4.656178e-05,4.753247e-03,1.268569e-02,0.000000e+00,0.000000e+00
2920,16,38859,9.972812e-06,4.543663e-03,1.371512e-02,0.000000e+00,0.000000e+00
2921,16,38875,2.845262e-05,4.417523e-03,1.307680e-02,0.000000e+00,0.000000e+00
2922,12,38887,2.021901e-05,4.412768e-03,1.388121e-02,0.000000e+00,0.000000e+00
2923,12,38899,1.335051e-05,4.494362e-03,1.287975e-02,0.000000e+00,0.000000e+00
2924,17,38916,6.184727e-06,4.152577e-03,1.287975e-02,0.000000e+00,0.000000e+00
2925,15,38931,4.172325e-06,4.385462e-03,1.318266e-02,0.000000e+00,0.000000e+00
2926,12,38943,2.058977e-05,4.554240e-03,1.475983e-02,0.000000e+00,0.000000e+00
2927,15,38958,5.102760e-05,4.350926e-03,1.335789e-02,0.000000e+00,0.000000e+00
HIST {'total_samples': 3324916, 'floor_samples': 29, 'floor_fraction': 8.722024857169324e-06, 'saturation_depth': 1.862645149230957e-08, 'boundaries': 2928, 'capped_boundaries': 0, 'unfinished_worlds': 0}
2928,13,38971,6.593763e-06,4.774526e-03,1.387631e-02,0.000000e+00,0.000000e+00
2929,11,38982,5.165115e-05,4.480603e-03,1.080182e-02,0.000000e+00,0.000000e+00
2930,11,38993,8.889940e-05,4.662216e-03,1.508410e-02,0.000000e+00,0.000000e+00
2931,11,39004,3.740704e-05,4.366277e-03,1.669564e-02,0.000000e+00,0.000000e+00
2932,12,39016,2.825230e-05,4.496049e-03,1.528717e-02,0.000000e+00,0.000000e+00
2933,11,39027,2.010396e-05,4.016813e-03,1.306488e-02,0.000000e+00,0.000000e+00
2934,12,39039,2.130348e-06,4.401487e-03,1.396380e-02,0.000000e+00,0.000000e+00
2935,12,39051,1.312699e-05,4.636352e-03,1.182988e-02,0.000000e+00,0.000000e+00
2936,11,39062,3.279652e-05,4.850625e-03,1.340035e-02,0.000000e+00,0.000000e+00
2937,14,39076,1.167133e-05,4.414827e-03,1.300356e-02,0.000000e+00,0.000000e+00
2938,12,39088,6.807968e-05,4.926078e-03,1.893174e-02,0.000000e+00,0.000000e+00
2939,14,39102,1.885928e-06,4.369291e-03,1.229044e-02,0.000000e+00,0.000000e+00
2940,12,39114,2.286397e-06,4.473136e-03,1.489067e-02,0.000000e+00,0.000000e+00
2941,16,39130,1.732239e-04,4.401064e-03,1.584419e-02,0.000000e+00,0.000000e+00
2942,14,39144,7.587326e-05,4.562274e-03,1.381776e-02,0.000000e+00,0.000000e+00
2943,13,39157,1.890204e-05,4.363507e-03,1.245997e-02,0.000000e+00,0.000000e+00
2944,13,39170,3.264855e-05,4.575749e-03,1.574901e-02,0.000000e+00,0.000000e+00
2945,15,39185,2.291054e-06,4.290493e-03,1.361608e-02,0.000000e+00,0.000000e+00
2946,12,39197,3.727389e-05,4.224762e-03,1.054756e-02,0.000000e+00,0.000000e+00
2947,14,39211,2.300800e-05,4.343903e-03,1.597771e-02,0.000000e+00,0.000000e+00
2948,13,39224,7.582168e-06,4.430352e-03,1.286200e-02,0.000000e+00,0.000000e+00
2949,15,39239,4.546902e-05,4.452514e-03,1.434339e-02,0.000000e+00,0.000000e+00
2950,17,39256,4.094203e-05,4.938981e-03,1.340798e-02,0.000000e+00,0.000000e+00
2951,13,39269,9.679650e-05,4.485982e-03,1.512501e-02,0.000000e+00,0.000000e+00
2952,13,39282,2.465014e-06,4.652339e-03,1.201433e-02,0.000000e+00,0.000000e+00
2953,13,39295,5.779169e-05,4.547352e-03,1.423436e-02,0.000000e+00,0.000000e+00
2954,13,39308,7.137266e-05,4.539106e-03,1.287975e-02,0.000000e+00,0.000000e+00
2955,12,39320,2.748221e-05,4.347287e-03,1.113020e-02,0.000000e+00,0.000000e+00
2956,14,39334,3.720672e-05,4.798600e-03,1.323050e-02,0.000000e+00,0.000000e+00
2957,14,39348,1.917313e-05,4.781868e-03,1.503052e-02,0.000000e+00,0.000000e+00
2958,13,39361,4.786532e-05,4.423034e-03,1.207269e-02,0.000000e+00,0.000000e+00
2959,11,39372,1.591764e-05,4.572005e-03,1.140026e-02,0.000000e+00,0.000000e+00
2960,13,39385,8.021313e-05,4.552676e-03,1.612628e-02,0.000000e+00,0.000000e+00
2961,13,39398,1.443491e-04,4.480437e-03,1.315472e-02,0.000000e+00,0.000000e+00
2962,14,39412,1.715158e-04,4.546477e-03,1.315622e-02,0.000000e+00,0.000000e+00
2963,12,39424,2.357537e-05,4.363144e-03,1.524512e-02,0.000000e+00,0.000000e+00
2964,14,39438,1.175650e-05,4.396714e-03,1.331013e-02,0.000000e+00,0.000000e+00
2965,11,39449,1.309876e-06,3.839235e-03,1.094060e-02,0.000000e+00,0.000000e+00
2966,12,39461,6.233667e-05,4.634813e-03,1.560443e-02,0.000000e+00,0.000000e+00
2967,12,39473,1.438465e-05,4.526615e-03,1.519079e-02,0.000000e+00,0.000000e+00
2968,13,39486,2.434187e-05,4.404589e-03,1.257660e-02,0.000000e+00,0.000000e+00
2969,16,39502,4.077410e-05,4.463240e-03,1.310863e-02,0.000000e+00,0.000000e+00
2970,11,39513,2.716554e-05,4.502053e-03,1.390240e-02,0.000000e+00,0.000000e+00
2971,10,39523,8.611474e-05,4.385151e-03,1.703104e-02,0.000000e+00,0.000000e+00
2972,12,39535,5.008957e-05,4.490862e-03,1.371186e-02,0.000000e+00,0.000000e+00
2973,13,39548,6.570972e-06,4.409503e-03,1.072099e-02,0.000000e+00,0.000000e+00
2974,15,39563,7.505399e-06,4.636529e-03,1.627820e-02,0.000000e+00,0.000000e+00
2975,12,39575,1.912995e-05,4.532044e-03,1.351157e-02,0.000000e+00,0.000000e+00
HIST {'total_samples': 3382044, 'floor_samples': 29, 'floor_fraction': 8.574696248777366e-06, 'saturation_depth': 1.862645149230957e-08, 'boundaries': 2976, 'capped_boundaries': 0, 'unfinished_worlds': 0}
2976,17,39592,1.144103e-05,4.364015e-03,1.379516e-02,0.000000e+00,0.000000e+00
2977,18,39610,1.597641e-05,4.385913e-03,1.378064e-02,0.000000e+00,0.000000e+00
2978,13,39623,1.861714e-05,4.404639e-03,1.238313e-02,0.000000e+00,0.000000e+00
2979,16,39639,1.775566e-05,4.545278e-03,1.187713e-02,0.000000e+00,0.000000e+00
2980,13,39652,1.517513e-05,4.591197e-03,1.316443e-02,0.000000e+00,0.000000e+00
2981,14,39666,7.893084e-05,4.550466e-03,1.295159e-02,0.000000e+00,0.000000e+00
2982,17,39683,1.468230e-05,4.590841e-03,1.286558e-02,0.000000e+00,0.000000e+00
2983,14,39697,1.137625e-05,4.428479e-03,1.089071e-02,0.000000e+00,0.000000e+00
2984,12,39709,2.318193e-05,4.316218e-03,1.733362e-02,0.000000e+00,0.000000e+00
2985,12,39721,6.782088e-06,4.411770e-03,1.365787e-02,0.000000e+00,0.000000e+00
2986,10,39731,1.935786e-05,4.536089e-03,1.364014e-02,0.000000e+00,0.000000e+00
2987,14,39745,8.408757e-05,4.747271e-03,1.274145e-02,0.000000e+00,0.000000e+00
2988,14,39759,6.321352e-05,4.577949e-03,1.120975e-02,0.000000e+00,0.000000e+00
2989,13,39772,2.802559e-05,4.439978e-03,1.317364e-02,0.000000e+00,0.000000e+00
2990,14,39786,2.826430e-05,4.681740e-03,1.627317e-02,0.000000e+00,0.000000e+00
2991,13,39799,6.309238e-05,4.412030e-03,1.585152e-02,0.000000e+00,0.000000e+00
2992,13,39812,2.314475e-05,4.351027e-03,1.317581e-02,0.000000e+00,0.000000e+00
2993,13,39825,9.983008e-05,4.572058e-03,1.394421e-02,0.000000e+00,0.000000e+00
2994,12,39837,6.269664e-05,4.505685e-03,1.653976e-02,0.000000e+00,0.000000e+00
2995,11,39848,1.491124e-05,4.469749e-03,2.269682e-02,0.000000e+00,0.000000e+00
2996,12,39860,1.460536e-05,4.495876e-03,1.176226e-02,0.000000e+00,0.000000e+00
2997,11,39871,1.124502e-04,4.778136e-03,1.282507e-02,0.000000e+00,0.000000e+00
2998,14,39885,2.526190e-06,4.471252e-03,1.499964e-02,0.000000e+00,0.000000e+00
2999,14,39899,2.001759e-05,4.528217e-03,1.778981e-02,0.000000e+00,0.000000e+00
3000,19,39918,1.407997e-05,4.399571e-03,1.352638e-02,0.000000e+00,0.000000e+00
3001,15,39933,6.413835e-06,4.156223e-03,1.008827e-02,0.000000e+00,0.000000e+00
3002,14,39947,3.999441e-05,4.290187e-03,1.296180e-02,0.000000e+00,0.000000e+00
3003,13,39960,3.251900e-05,4.325174e-03,1.648353e-02,0.000000e+00,0.000000e+00
3004,13,39973,2.757577e-05,4.442960e-03,1.336626e-02,0.000000e+00,0.000000e+00
3005,13,39986,4.913658e-05,4.427295e-03,1.469755e-02,0.000000e+00,0.000000e+00
3006,11,39997,1.676929e-06,4.657993e-03,2.127215e-02,0.000000e+00,0.000000e+00
3007,13,40010,1.379289e-05,4.730743e-03,1.590336e-02,0.000000e+00,0.000000e+00
3008,12,40022,6.895047e-05,4.776444e-03,1.420416e-02,0.000000e+00,0.000000e+00
3009,11,40033,3.108917e-05,4.275377e-03,1.260148e-02,0.000000e+00,0.000000e+00
3010,13,40046,4.045142e-05,4.615729e-03,1.401666e-02,0.000000e+00,0.000000e+00
3011,11,40057,8.023344e-05,4.422323e-03,1.137005e-02,0.000000e+00,0.000000e+00
3012,10,40067,1.005810e-04,4.531619e-03,1.133592e-02,0.000000e+00,0.000000e+00
3013,10,40077,1.543303e-05,4.239272e-03,1.138060e-02,0.000000e+00,0.000000e+00
3014,15,40092,5.740904e-05,4.225247e-03,1.406913e-02,0.000000e+00,0.000000e+00
3015,12,40104,3.708317e-05,4.487816e-03,1.367288e-02,0.000000e+00,0.000000e+00
3016,12,40116,2.733587e-05,4.491697e-03,1.232029e-02,0.000000e+00,0.000000e+00
3017,13,40129,1.937225e-05,4.384466e-03,1.296605e-02,0.000000e+00,0.000000e+00
3018,13,40142,3.454275e-05,4.309237e-03,1.303502e-02,0.000000e+00,0.000000e+00
3019,14,40156,2.803039e-05,4.271706e-03,1.381613e-02,0.000000e+00,0.000000e+00
3020,14,40170,6.953720e-05,4.622215e-03,1.441701e-02,0.000000e+00,0.000000e+00
3021,16,40186,9.662137e-06,4.175138e-03,1.376094e-02,0.000000e+00,0.000000e+00
3022,13,40199,1.131376e-04,4.696062e-03,1.240696e-02,0.000000e+00,0.000000e+00
3023,11,40210,1.453831e-04,4.612994e-03,1.556794e-02,0.000000e+00,0.000000e+00
HIST {'total_samples': 3438894, 'floor_samples': 29, 'floor_fraction': 8.432943847644039e-06, 'saturation_depth': 1.862645149230957e-08, 'boundaries': 3024, 'capped_boundaries': 0, 'unfinished_worlds': 0}
3024,14,40224,1.163535e-05,4.595070e-03,1.424157e-02,0.000000e+00,0.000000e+00
3025,11,40235,1.026310e-05,4.379924e-03,1.409170e-02,0.000000e+00,0.000000e+00
3026,13,40248,1.975610e-05,4.540361e-03,1.460563e-02,0.000000e+00,0.000000e+00
3027,11,40259,4.549511e-05,4.451214e-03,1.289022e-02,0.000000e+00,0.000000e+00
3028,15,40274,9.470933e-05,4.783582e-03,1.510201e-02,0.000000e+00,0.000000e+00
3029,11,40285,6.162536e-05,4.478145e-03,1.367195e-02,0.000000e+00,0.000000e+00
3030,13,40298,3.398396e-05,4.529131e-03,1.469787e-02,0.000000e+00,0.000000e+00
3031,11,40309,5.235547e-05,4.441458e-03,1.277816e-02,0.000000e+00,0.000000e+00
3032,11,40320,6.723218e-05,4.485364e-03,1.273816e-02,0.000000e+00,0.000000e+00
3033,13,40333,7.904959e-05,4.444709e-03,1.152039e-02,0.000000e+00,0.000000e+00
3034,12,40345,8.194763e-05,4.511611e-03,1.300579e-02,0.000000e+00,0.000000e+00
3035,17,40362,4.332188e-05,4.204081e-03,1.318319e-02,0.000000e+00,0.000000e+00
3036,17,40379,3.172732e-05,4.523649e-03,1.395258e-02,0.000000e+00,0.000000e+00
3037,13,40392,7.844623e-05,4.405143e-03,1.287975e-02,0.000000e+00,0.000000e+00
3038,15,40407,6.483408e-06,4.704304e-03,1.236288e-02,0.000000e+00,0.000000e+00
3039,15,40422,4.447582e-05,4.506934e-03,1.249948e-02,0.000000e+00,0.000000e+00
3040,14,40436,1.247507e-05,4.638964e-03,1.204520e-02,0.000000e+00,0.000000e+00
3041,15,40451,6.153540e-06,4.367689e-03,1.432191e-02,0.000000e+00,0.000000e+00
3042,20,40471,5.027279e-05,4.582925e-03,1.439515e-02,0.000000e+00,0.000000e+00
3043,16,40487,2.762975e-05,4.410806e-03,1.294194e-02,0.000000e+00,0.000000e+00
3044,13,40500,5.613995e-05,4.408109e-03,1.362059e-02,0.000000e+00,0.000000e+00
3045,14,40514,4.424791e-05,4.446572e-03,1.167623e-02,0.000000e+00,0.000000e+00
3046,31,40545,5.424231e-06,4.440595e-03,1.287975e-02,0.000000e+00,0.000000e+00
3047,14,40559,2.768493e-06,4.545567e-03,1.384580e-02,0.000000e+00,0.000000e+00
3048,12,40571,3.987566e-05,4.394741e-03,1.278899e-02,0.000000e+00,0.000000e+00
3049,11,40582,1.936026e-06,4.412604e-03,1.260402e-02,0.000000e+00,0.000000e+00
3050,11,40593,1.245102e-06,4.661887e-03,1.185265e-02,0.000000e+00,0.000000e+00
3051,15,40608,1.791865e-05,4.531141e-03,1.410050e-02,0.000000e+00,0.000000e+00
3052,14,40622,6.155699e-05,4.331984e-03,1.204693e-02,0.000000e+00,0.000000e+00
3053,13,40635,5.602959e-06,4.238110e-03,1.461598e-02,0.000000e+00,0.000000e+00
3054,11,40646,1.743287e-04,4.887403e-03,1.251526e-02,0.000000e+00,0.000000e+00
3055,15,40661,1.000400e-05,4.483109e-03,1.485960e-02,0.000000e+00,0.000000e+00
3056,12,40673,4.786998e-05,4.208791e-03,1.615411e-02,0.000000e+00,0.000000e+00
3057,16,40689,4.867092e-05,4.209311e-03,1.474833e-02,0.000000e+00,0.000000e+00
3058,11,40700,5.702520e-05,4.632914e-03,1.810377e-02,0.000000e+00,0.000000e+00
3059,17,40717,4.332787e-05,4.281889e-03,1.174496e-02,0.000000e+00,0.000000e+00
3060,13,40730,3.077370e-05,4.582856e-03,1.401255e-02,0.000000e+00,0.000000e+00
3061,12,40742,2.638465e-05,4.294146e-03,1.324224e-02,0.000000e+00,0.000000e+00
3062,13,40755,6.149523e-05,4.344442e-03,1.481881e-02,0.000000e+00,0.000000e+00
3063,11,40766,1.676381e-07,4.443363e-03,1.331550e-02,0.000000e+00,0.000000e+00
3064,14,40780,3.426801e-05,4.241219e-03,1.263101e-02,0.000000e+00,0.000000e+00
3065,18,40798,6.453420e-06,4.287818e-03,1.572561e-02,0.000000e+00,0.000000e+00
3066,12,40810,2.204839e-05,4.494216e-03,1.486463e-02,0.000000e+00,0.000000e+00
3067,14,40824,3.981568e-05,4.861223e-03,1.100017e-02,0.000000e+00,0.000000e+00
3068,12,40836,1.065858e-04,4.592652e-03,1.382863e-02,0.000000e+00,0.000000e+00
3069,13,40849,6.529109e-05,4.209580e-03,1.305779e-02,0.000000e+00,0.000000e+00
3070,12,40861,3.047022e-05,4.502173e-03,1.353051e-02,0.000000e+00,0.000000e+00
3071,13,40874,2.702999e-05,4.351630e-03,1.240853e-02,0.000000e+00,0.000000e+00
HIST {'total_samples': 3496028, 'floor_samples': 30, 'floor_fraction': 8.581166970058593e-06, 'saturation_depth': 1.862645149230957e-08, 'boundaries': 3072, 'capped_boundaries': 0, 'unfinished_worlds': 0}
3072,15,40889,4.860936e-05,4.551070e-03,1.477854e-02,0.000000e+00,0.000000e+00
3073,22,40911,3.239606e-05,4.579973e-03,1.746616e-02,0.000000e+00,0.000000e+00
3074,15,40926,2.668239e-06,4.283361e-03,1.702943e-02,0.000000e+00,0.000000e+00
3075,12,40938,1.039624e-05,4.637062e-03,1.315411e-02,0.000000e+00,0.000000e+00
3076,10,40948,9.803680e-06,4.281316e-03,1.255322e-02,0.000000e+00,0.000000e+00
3077,13,40961,2.451820e-06,4.494607e-03,1.254422e-02,0.000000e+00,0.000000e+00
3078,11,40972,4.451722e-05,4.629630e-03,1.347484e-02,0.000000e+00,0.000000e+00
3079,12,40984,1.505483e-05,4.315832e-03,1.606418e-02,0.000000e+00,0.000000e+00
3080,12,40996,1.834067e-06,4.228450e-03,1.351967e-02,0.000000e+00,0.000000e+00
3081,12,41008,9.345822e-05,4.447151e-03,1.275415e-02,0.000000e+00,0.000000e+00
3082,12,41020,1.924031e-06,4.458736e-03,1.207361e-02,0.000000e+00,0.000000e+00
3083,12,41032,1.391324e-05,4.376877e-03,1.168458e-02,0.000000e+00,0.000000e+00
3084,13,41045,5.785286e-06,4.055650e-03,1.463690e-02,0.000000e+00,0.000000e+00
3085,15,41060,2.773231e-04,4.574175e-03,1.307078e-02,0.000000e+00,0.000000e+00
3086,17,41077,2.661975e-05,4.365252e-03,1.528120e-02,0.000000e+00,0.000000e+00
3087,20,41097,4.445782e-05,4.032376e-03,1.631969e-02,0.000000e+00,0.000000e+00
3088,19,41116,4.284084e-07,4.544791e-03,1.600666e-02,0.000000e+00,0.000000e+00
3089,18,41134,1.273118e-05,4.390088e-03,1.401610e-02,0.000000e+00,0.000000e+00
3090,14,41148,9.604560e-06,4.729787e-03,1.250562e-02,0.000000e+00,0.000000e+00
3091,12,41160,7.827766e-05,4.436721e-03,1.349144e-02,0.000000e+00,0.000000e+00
3092,15,41175,2.992803e-06,4.540411e-03,1.757779e-02,0.000000e+00,0.000000e+00
3093,15,41190,2.371572e-05,4.386166e-03,1.473499e-02,0.000000e+00,0.000000e+00
3094,15,41205,1.907357e-05,4.203741e-03,1.493493e-02,0.000000e+00,0.000000e+00
3095,13,41218,2.106358e-06,4.362966e-03,1.787536e-02,0.000000e+00,0.000000e+00
3096,12,41230,6.042824e-05,4.520278e-03,1.218353e-02,0.000000e+00,0.000000e+00
3097,11,41241,9.741305e-06,4.531132e-03,1.079579e-02,0.000000e+00,0.000000e+00
3098,12,41253,1.781648e-05,4.487514e-03,1.701134e-02,0.000000e+00,0.000000e+00
3099,20,41273,2.761296e-06,4.528359e-03,1.593174e-02,0.000000e+00,0.000000e+00
3100,18,41291,7.797033e-05,4.320449e-03,1.450611e-02,0.000000e+00,0.000000e+00
3101,21,41312,5.812876e-06,4.546920e-03,1.452081e-02,0.000000e+00,0.000000e+00
3102,16,41328,2.294442e-05,4.415654e-03,1.255637e-02,0.000000e+00,0.000000e+00
3103,14,41342,1.531094e-05,4.483429e-03,1.165450e-02,0.000000e+00,0.000000e+00
3104,14,41356,1.986511e-05,4.515933e-03,1.288023e-02,0.000000e+00,0.000000e+00
3105,12,41368,3.118153e-05,4.299061e-03,1.322223e-02,0.000000e+00,0.000000e+00
3106,14,41382,1.889005e-05,4.480046e-03,1.481933e-02,0.000000e+00,0.000000e+00
3107,12,41394,2.942048e-05,4.528377e-03,1.369678e-02,0.000000e+00,0.000000e+00
3108,18,41412,8.352860e-05,4.656276e-03,1.173654e-02,0.000000e+00,0.000000e+00
3109,20,41432,2.185526e-06,4.448429e-03,1.231086e-02,0.000000e+00,0.000000e+00
3110,15,41447,4.387725e-05,4.467398e-03,1.546883e-02,0.000000e+00,0.000000e+00
3111,14,41461,2.313155e-05,4.181617e-03,1.226873e-02,0.000000e+00,0.000000e+00
3112,20,41481,1.813675e-05,4.447990e-03,1.403461e-02,0.000000e+00,0.000000e+00
3113,11,41492,7.651021e-05,4.308620e-03,1.332625e-02,0.000000e+00,0.000000e+00
3114,23,41515,1.388481e-04,4.441280e-03,1.539394e-02,0.000000e+00,0.000000e+00
3115,16,41531,4.649581e-05,4.279249e-03,1.479856e-02,0.000000e+00,0.000000e+00
3116,11,41542,1.164338e-04,4.710879e-03,1.328466e-02,0.000000e+00,0.000000e+00
3117,13,41555,4.409347e-05,4.537328e-03,1.843661e-02,0.000000e+00,0.000000e+00
3118,13,41568,4.324751e-05,4.519253e-03,1.979964e-02,0.000000e+00,0.000000e+00
3119,16,41584,3.919553e-05,4.614063e-03,1.203530e-02,0.000000e+00,0.000000e+00
HIST {'total_samples': 3553411, 'floor_samples': 31, 'floor_fraction': 8.724011942328089e-06, 'saturation_depth': 1.862645149230957e-08, 'boundaries': 3120, 'capped_boundaries': 0, 'unfinished_worlds': 0}
3120,12,41596,3.803679e-05,4.709245e-03,1.274102e-02,0.000000e+00,0.000000e+00
3121,19,41615,5.608477e-05,4.340841e-03,1.623217e-02,0.000000e+00,0.000000e+00
3122,20,41635,6.864375e-05,4.158844e-03,1.156476e-02,0.000000e+00,0.000000e+00
3123,13,41648,1.199543e-05,4.227301e-03,1.360690e-02,0.000000e+00,0.000000e+00
3124,11,41659,7.599921e-05,4.652194e-03,1.724230e-02,0.000000e+00,0.000000e+00
3125,17,41676,5.159377e-05,4.512085e-03,1.771993e-02,0.000000e+00,0.000000e+00
3126,13,41689,1.209116e-06,4.365062e-03,1.296970e-02,0.000000e+00,0.000000e+00
3127,13,41702,3.500376e-05,4.165540e-03,1.509531e-02,0.000000e+00,0.000000e+00
3128,13,41715,5.321072e-06,4.322520e-03,1.263980e-02,0.000000e+00,0.000000e+00
3129,20,41735,1.804079e-06,4.845530e-03,1.241406e-02,0.000000e+00,0.000000e+00
3130,17,41752,1.741824e-05,4.565120e-03,1.402982e-02,0.000000e+00,0.000000e+00
3131,11,41763,9.597722e-05,4.515320e-03,1.208102e-02,0.000000e+00,0.000000e+00
3132,12,41775,3.311783e-05,4.477443e-03,1.331212e-02,0.000000e+00,0.000000e+00
3133,19,41794,2.761296e-05,4.098574e-03,1.112996e-02,0.000000e+00,0.000000e+00
3134,12,41806,2.652020e-05,4.363357e-03,1.379688e-02,0.000000e+00,0.000000e+00
3135,12,41818,7.904600e-05,4.558352e-03,1.314044e-02,0.000000e+00,0.000000e+00
3136,16,41834,7.588405e-05,4.571574e-03,1.600915e-02,0.000000e+00,0.000000e+00
3137,15,41849,1.388205e-05,4.231144e-03,1.274269e-02,0.000000e+00,0.000000e+00
3138,19,41868,1.328349e-05,4.460599e-03,1.168333e-02,0.000000e+00,0.000000e+00
3139,12,41880,3.951820e-05,4.725344e-03,1.238770e-02,0.000000e+00,0.000000e+00
3140,13,41893,3.521552e-05,4.413431e-03,1.288668e-02,0.000000e+00,0.000000e+00
3141,16,41909,3.443103e-05,4.340068e-03,1.304211e-02,0.000000e+00,0.000000e+00
3142,17,41926,3.386246e-05,4.578759e-03,1.240107e-02,0.000000e+00,0.000000e+00
3143,14,41940,3.848062e-05,4.464343e-03,1.198312e-02,0.000000e+00,0.000000e+00
3144,13,41953,1.000208e-04,4.499506e-03,1.191215e-02,0.000000e+00,0.000000e+00
3145,14,41967,1.710516e-06,4.445937e-03,1.163870e-02,0.000000e+00,0.000000e+00
3146,12,41979,4.722392e-05,4.826561e-03,1.519800e-02,0.000000e+00,0.000000e+00
3147,14,41993,1.448853e-04,4.260319e-03,1.187807e-02,0.000000e+00,0.000000e+00
3148,10,42003,1.862375e-05,4.421290e-03,1.297823e-02,0.000000e+00,0.000000e+00
3149,14,42017,3.837626e-05,4.416697e-03,1.544130e-02,0.000000e+00,0.000000e+00
3150,14,42031,4.993603e-05,4.458128e-03,1.275135e-02,0.000000e+00,0.000000e+00
3151,13,42044,6.602160e-06,4.526620e-03,1.250570e-02,0.000000e+00,0.000000e+00
3152,11,42055,1.607463e-05,4.531835e-03,1.333203e-02,0.000000e+00,0.000000e+00
3153,10,42065,2.236266e-05,4.662650e-03,1.598298e-02,0.000000e+00,0.000000e+00
3154,16,42081,2.691484e-05,4.618280e-03,1.305324e-02,0.000000e+00,0.000000e+00
3155,12,42093,2.360656e-06,4.523224e-03,1.239170e-02,0.000000e+00,0.000000e+00
3156,12,42105,2.955087e-05,4.471419e-03,1.340216e-02,0.000000e+00,0.000000e+00
3157,10,42115,5.161056e-05,4.840291e-03,1.465426e-02,0.000000e+00,0.000000e+00
3158,11,42126,6.469898e-05,4.461914e-03,1.178247e-02,0.000000e+00,0.000000e+00
3159,14,42140,5.840225e-05,4.126581e-03,1.121966e-02,0.000000e+00,0.000000e+00
3160,16,42156,2.168253e-05,4.483455e-03,1.579086e-02,0.000000e+00,0.000000e+00
3161,13,42169,1.373571e-05,4.335901e-03,1.281043e-02,0.000000e+00,0.000000e+00
3162,14,42183,1.339504e-05,4.570156e-03,1.106828e-02,0.000000e+00,0.000000e+00
3163,14,42197,3.525870e-05,4.280080e-03,1.231415e-02,0.000000e+00,0.000000e+00
3164,18,42215,2.131548e-06,4.473723e-03,1.366072e-02,0.000000e+00,0.000000e+00
3165,13,42228,7.113875e-05,4.477852e-03,1.350933e-02,0.000000e+00,0.000000e+00
3166,20,42248,6.133690e-05,4.781646e-03,1.510746e-02,0.000000e+00,0.000000e+00
3167,13,42261,2.183727e-05,4.271167e-03,1.403210e-02,0.000000e+00,0.000000e+00
HIST {'total_samples': 3610009, 'floor_samples': 31, 'floor_fraction': 8.587236209106404e-06, 'saturation_depth': 1.862645149230957e-08, 'boundaries': 3168, 'capped_boundaries': 0, 'unfinished_worlds': 0}
3168,11,42272,2.677329e-06,4.488344e-03,1.309785e-02,0.000000e+00,0.000000e+00
3169,17,42289,1.383287e-05,4.333659e-03,1.430609e-02,0.000000e+00,0.000000e+00
3170,13,42302,9.089965e-05,4.648558e-03,1.335259e-02,0.000000e+00,0.000000e+00
3171,15,42317,9.894843e-06,4.697634e-03,1.501586e-02,0.000000e+00,0.000000e+00
3172,14,42331,1.744822e-05,4.340510e-03,1.263053e-02,0.000000e+00,0.000000e+00
3173,12,42343,1.551795e-04,4.384460e-03,1.421425e-02,0.000000e+00,0.000000e+00
3174,12,42355,6.255019e-05,4.379477e-03,1.251444e-02,0.000000e+00,0.000000e+00
3175,11,42366,4.673691e-05,4.354102e-03,1.119872e-02,0.000000e+00,0.000000e+00
3176,14,42380,1.109298e-04,4.429362e-03,1.336288e-02,0.000000e+00,0.000000e+00
3177,16,42396,1.752739e-05,4.447525e-03,1.272744e-02,0.000000e+00,0.000000e+00
3178,10,42406,6.734108e-05,4.467195e-03,1.443926e-02,0.000000e+00,0.000000e+00
3179,11,42417,1.859616e-05,4.420711e-03,1.061959e-02,0.000000e+00,0.000000e+00
3180,13,42430,5.449421e-06,4.484000e-03,1.486628e-02,0.000000e+00,0.000000e+00
3181,13,42443,3.024231e-05,4.605381e-03,1.207143e-02,0.000000e+00,0.000000e+00
3182,13,42456,1.865446e-04,4.543070e-03,1.212804e-02,0.000000e+00,0.000000e+00
3183,31,42487,9.152821e-05,4.459137e-03,1.283139e-02,0.000000e+00,0.000000e+00
3184,13,42500,5.398561e-05,4.614070e-03,1.435377e-02,0.000000e+00,0.000000e+00
3185,14,42514,3.337860e-05,4.388926e-03,1.225140e-02,0.000000e+00,0.000000e+00
3186,15,42529,4.587806e-05,4.641022e-03,1.360310e-02,0.000000e+00,0.000000e+00
3187,12,42541,1.302187e-04,4.505905e-03,1.332284e-02,0.000000e+00,0.000000e+00
3188,10,42551,2.156977e-05,4.303290e-03,1.196222e-02,0.000000e+00,0.000000e+00
3189,21,42572,3.516154e-05,4.503385e-03,1.363531e-02,0.000000e+00,0.000000e+00
3190,14,42586,9.446223e-06,4.386823e-03,1.335475e-02,0.000000e+00,0.000000e+00
3191,11,42597,6.458722e-05,4.497197e-03,1.232400e-02,0.000000e+00,0.000000e+00
3192,13,42610,6.560177e-06,4.117309e-03,1.658854e-02,0.000000e+00,0.000000e+00
3193,19,42629,1.320672e-06,4.303247e-03,1.998056e-02,0.000000e+00,0.000000e+00
3194,19,42648,3.078449e-05,4.376533e-03,1.661513e-02,0.000000e+00,0.000000e+00
3195,14,42662,4.288885e-05,4.381593e-03,1.049256e-02,0.000000e+00,0.000000e+00
3196,16,42678,2.291084e-05,4.386506e-03,1.495564e-02,0.000000e+00,0.000000e+00
3197,14,42692,5.168840e-07,4.357683e-03,1.334019e-02,0.000000e+00,0.000000e+00
3198,17,42709,3.468893e-05,4.423937e-03,1.344649e-02,0.000000e+00,0.000000e+00
3199,14,42723,2.275130e-05,4.493265e-03,1.225531e-02,0.000000e+00,0.000000e+00
3200,13,42736,5.159137e-06,4.313878e-03,1.178354e-02,0.000000e+00,0.000000e+00
3201,14,42750,1.871372e-05,4.310885e-03,1.206478e-02,0.000000e+00,0.000000e+00
3202,22,42772,8.213596e-05,4.652228e-03,1.696196e-02,0.000000e+00,0.000000e+00
3203,17,42789,1.480208e-06,4.548571e-03,1.369378e-02,0.000000e+00,0.000000e+00
3204,15,42804,3.064415e-05,4.241400e-03,1.255627e-02,0.000000e+00,0.000000e+00
3205,13,42817,2.936786e-05,4.350919e-03,1.388184e-02,0.000000e+00,0.000000e+00
3206,16,42833,6.350261e-06,4.473242e-03,1.621546e-02,0.000000e+00,0.000000e+00
3207,13,42846,2.648661e-05,4.503151e-03,1.309885e-02,0.000000e+00,0.000000e+00
3208,18,42864,1.532538e-04,4.390813e-03,1.492824e-02,0.000000e+00,0.000000e+00
3209,11,42875,1.299661e-05,4.312743e-03,2.127980e-02,0.000000e+00,0.000000e+00
3210,13,42888,3.434827e-05,4.377297e-03,1.689393e-02,0.000000e+00,0.000000e+00
3211,13,42901,6.675451e-05,4.236710e-03,1.283907e-02,0.000000e+00,0.000000e+00
3212,13,42914,1.756474e-05,4.377757e-03,1.689569e-02,0.000000e+00,0.000000e+00
3213,12,42926,1.217297e-04,4.194343e-03,2.056907e-02,0.000000e+00,0.000000e+00
3214,14,42940,5.713315e-05,4.597850e-03,1.700500e-02,0.000000e+00,0.000000e+00
3215,12,42952,3.846362e-06,4.488280e-03,1.609490e-02,0.000000e+00,0.000000e+00
HIST {'total_samples': 3666474, 'floor_samples': 32, 'floor_fraction': 8.727731329882607e-06, 'saturation_depth': 1.862645149230957e-08, 'boundaries': 3216, 'capped_boundaries': 0, 'unfinished_worlds': 0}
3216,22,42974,3.313180e-05,4.941296e-03,1.286484e-02,0.000000e+00,0.000000e+00
3217,16,42990,3.266148e-05,4.497362e-03,1.285975e-02,0.000000e+00,0.000000e+00
3218,13,43003,5.313395e-05,4.223036e-03,1.470917e-02,0.000000e+00,0.000000e+00
3219,13,43016,1.290684e-06,4.549944e-03,1.312724e-02,0.000000e+00,0.000000e+00
3220,14,43030,1.323671e-05,4.698541e-03,1.328055e-02,0.000000e+00,0.000000e+00
3221,12,43042,5.354659e-06,4.368342e-03,2.100180e-02,0.000000e+00,0.000000e+00
3222,14,43056,8.943384e-05,4.571263e-03,1.441485e-02,0.000000e+00,0.000000e+00
3223,12,43068,6.356277e-05,4.549002e-03,1.192847e-02,0.000000e+00,0.000000e+00
3224,14,43082,1.200940e-04,4.584554e-03,1.321691e-02,0.000000e+00,0.000000e+00
3225,12,43094,2.662456e-05,4.345723e-03,1.829530e-02,0.000000e+00,0.000000e+00
3226,12,43106,8.453980e-05,4.617320e-03,1.199457e-02,0.000000e+00,0.000000e+00
3227,12,43118,5.279449e-05,4.396942e-03,1.044401e-02,0.000000e+00,0.000000e+00
3228,16,43134,1.034346e-05,4.638702e-03,1.328917e-02,0.000000e+00,0.000000e+00
3229,14,43148,2.652619e-05,4.437425e-03,1.380918e-02,0.000000e+00,0.000000e+00
3230,14,43162,2.831221e-06,4.315061e-03,1.700588e-02,0.000000e+00,0.000000e+00
3231,16,43178,6.512675e-05,4.374490e-03,1.200933e-02,0.000000e+00,0.000000e+00
3232,10,43188,4.869886e-05,4.399488e-03,1.389750e-02,0.000000e+00,0.000000e+00
3233,12,43200,5.284727e-05,4.183399e-03,1.074865e-02,0.000000e+00,0.000000e+00
3234,21,43221,3.443583e-05,4.666910e-03,1.751387e-02,0.000000e+00,0.000000e+00
3235,14,43235,3.764934e-05,4.589207e-03,1.271480e-02,0.000000e+00,0.000000e+00
3236,19,43254,5.263736e-05,4.530993e-03,1.411554e-02,0.000000e+00,0.000000e+00
3237,13,43267,1.785606e-05,4.591988e-03,1.306288e-02,0.000000e+00,0.000000e+00
3238,13,43280,2.572251e-05,4.236596e-03,1.300497e-02,0.000000e+00,0.000000e+00
3239,11,43291,1.264270e-05,4.371212e-03,1.297535e-02,0.000000e+00,0.000000e+00
3240,11,43302,6.169133e-05,4.288214e-03,1.315265e-02,0.000000e+00,0.000000e+00
3241,12,43314,2.868053e-05,4.364985e-03,1.052973e-02,0.000000e+00,0.000000e+00
3242,17,43331,1.161136e-06,4.597557e-03,1.208823e-02,0.000000e+00,0.000000e+00
3243,23,43354,7.235986e-05,4.457091e-03,1.186261e-02,0.000000e+00,0.000000e+00
3244,14,43368,2.081168e-05,4.540925e-03,1.420362e-02,0.000000e+00,0.000000e+00
3245,14,43382,1.455858e-05,4.380312e-03,1.407115e-02,0.000000e+00,0.000000e+00
3246,12,43394,1.438893e-06,4.889247e-03,1.662440e-02,0.000000e+00,0.000000e+00
3247,14,43408,3.700041e-05,4.086099e-03,1.296967e-02,0.000000e+00,0.000000e+00
3248,15,43423,1.430788e-05,4.416524e-03,1.595338e-02,0.000000e+00,0.000000e+00
3249,20,43443,2.118113e-05,4.523364e-03,1.252928e-02,0.000000e+00,0.000000e+00
3250,29,43472,1.910143e-05,4.479961e-03,1.477256e-02,0.000000e+00,0.000000e+00
3251,17,43489,1.303852e-05,4.485574e-03,1.418390e-02,0.000000e+00,0.000000e+00
3252,11,43500,2.614954e-06,4.900150e-03,1.789015e-02,0.000000e+00,0.000000e+00
3253,19,43519,5.095562e-06,4.510493e-03,1.391917e-02,0.000000e+00,0.000000e+00
3254,17,43536,2.963775e-05,4.473751e-03,1.570040e-02,0.000000e+00,0.000000e+00
3255,15,43551,1.452863e-06,4.603407e-03,1.083811e-02,0.000000e+00,0.000000e+00
3256,16,43567,4.504199e-05,4.729792e-03,1.582419e-02,0.000000e+00,0.000000e+00
3257,12,43579,3.653259e-05,4.559595e-03,1.536897e-02,0.000000e+00,0.000000e+00
3258,10,43589,1.813675e-05,4.787102e-03,1.365903e-02,0.000000e+00,0.000000e+00
3259,11,43600,3.250316e-06,4.534923e-03,1.216490e-02,0.000000e+00,0.000000e+00
3260,14,43614,2.539624e-05,4.670231e-03,1.352028e-02,0.000000e+00,0.000000e+00
3261,11,43625,5.740665e-05,4.420019e-03,1.274150e-02,0.000000e+00,0.000000e+00
3262,17,43642,3.339345e-05,4.788592e-03,1.324973e-02,0.000000e+00,0.000000e+00
3263,14,43656,1.800360e-05,4.371002e-03,1.079907e-02,0.000000e+00,0.000000e+00
HIST {'total_samples': 3722494, 'floor_samples': 32, 'floor_fraction': 8.59638726079881e-06, 'saturation_depth': 1.862645149230957e-08, 'boundaries': 3264, 'capped_boundaries': 0, 'unfinished_worlds': 0}
3264,12,43668,2.409836e-06,4.536315e-03,1.706847e-02,0.000000e+00,0.000000e+00
3265,11,43679,8.779049e-05,4.275819e-03,1.859329e-02,0.000000e+00,0.000000e+00
3266,14,43693,2.486006e-05,4.676254e-03,1.282426e-02,0.000000e+00,0.000000e+00
3267,14,43707,6.692124e-06,4.337139e-03,1.280610e-02,0.000000e+00,0.000000e+00
3268,11,43718,4.070333e-05,4.764314e-03,1.355389e-02,0.000000e+00,0.000000e+00
3269,23,43741,1.706378e-04,4.713587e-03,1.817992e-02,0.000000e+00,0.000000e+00
3270,14,43755,7.276889e-05,4.739146e-03,1.287975e-02,0.000000e+00,0.000000e+00
3271,11,43766,5.606558e-06,4.458531e-03,1.372521e-02,0.000000e+00,0.000000e+00
3272,15,43781,3.680008e-05,4.908930e-03,1.412496e-02,0.000000e+00,0.000000e+00
3273,12,43793,1.654029e-05,4.636908e-03,1.120672e-02,0.000000e+00,0.000000e+00
3274,13,43806,5.748102e-06,4.576234e-03,1.483059e-02,0.000000e+00,0.000000e+00
3275,10,43816,6.840505e-05,4.534127e-03,1.294499e-02,0.000000e+00,0.000000e+00
3276,13,43829,1.142733e-05,4.644478e-03,1.287975e-02,0.000000e+00,0.000000e+00
3277,14,43843,4.021872e-05,4.338591e-03,1.235649e-02,0.000000e+00,0.000000e+00
3278,15,43858,1.667093e-05,4.828329e-03,1.257538e-02,0.000000e+00,0.000000e+00
3279,13,43871,4.951380e-05,4.706684e-03,1.349043e-02,0.000000e+00,0.000000e+00
3280,11,43882,4.308298e-05,4.714882e-03,1.287975e-02,0.000000e+00,0.000000e+00
3281,12,43894,1.060616e-05,4.725438e-03,1.287975e-02,0.000000e+00,0.000000e+00
3282,13,43907,4.054859e-05,4.686217e-03,1.416186e-02,0.000000e+00,0.000000e+00
3283,14,43921,1.618639e-05,4.483267e-03,1.227984e-02,0.000000e+00,0.000000e+00
3284,15,43936,4.401760e-05,4.369150e-03,1.283537e-02,0.000000e+00,0.000000e+00
3285,15,43951,4.515595e-05,4.546127e-03,1.460342e-02,0.000000e+00,0.000000e+00
3286,14,43965,4.491724e-05,4.525724e-03,1.287975e-02,0.000000e+00,0.000000e+00
3287,14,43979,1.846973e-04,4.634581e-03,1.356888e-02,0.000000e+00,0.000000e+00
3288,12,43991,5.982608e-05,4.368179e-03,1.216525e-02,0.000000e+00,0.000000e+00
3289,11,44002,1.792203e-05,4.672890e-03,1.771766e-02,0.000000e+00,0.000000e+00
3290,14,44016,6.317161e-05,4.617771e-03,1.545706e-02,0.000000e+00,0.000000e+00
3291,12,44028,7.911316e-05,4.540745e-03,1.287975e-02,0.000000e+00,0.000000e+00
3292,10,44038,5.160337e-06,4.650613e-03,1.410816e-02,0.000000e+00,0.000000e+00
3293,10,44048,3.618593e-05,4.533926e-03,1.287348e-02,0.000000e+00,0.000000e+00
3294,12,44060,9.231509e-05,4.766391e-03,1.309138e-02,0.000000e+00,0.000000e+00
3295,12,44072,5.680569e-05,4.616045e-03,1.321303e-02,0.000000e+00,0.000000e+00
3296,12,44084,6.100761e-05,4.576665e-03,1.417886e-02,0.000000e+00,0.000000e+00
3297,12,44096,6.099561e-06,4.776435e-03,1.167265e-02,0.000000e+00,0.000000e+00
3298,11,44107,4.653819e-05,4.829662e-03,1.287975e-02,0.000000e+00,0.000000e+00
3299,19,44126,1.798921e-05,4.193816e-03,1.374886e-02,0.000000e+00,0.000000e+00
3300,16,44142,2.545862e-05,4.633929e-03,1.719354e-02,0.000000e+00,0.000000e+00
3301,13,44155,1.017913e-05,4.417043e-03,1.863340e-02,0.000000e+00,0.000000e+00
3302,13,44168,1.271732e-05,4.979501e-03,1.460327e-02,0.000000e+00,0.000000e+00
3303,13,44181,3.659737e-05,4.510378e-03,1.821529e-02,0.000000e+00,0.000000e+00
3304,19,44200,3.151130e-05,5.107577e-03,1.672287e-02,0.000000e+00,0.000000e+00
3305,11,44211,1.168996e-04,4.767422e-03,1.626318e-02,0.000000e+00,0.000000e+00
3306,11,44222,3.665134e-05,4.847215e-03,1.370608e-02,0.000000e+00,0.000000e+00
3307,16,44238,7.154179e-05,4.778828e-03,1.482408e-02,0.000000e+00,0.000000e+00
3308,11,44249,7.904479e-05,4.805741e-03,1.219941e-02,0.000000e+00,0.000000e+00
3309,11,44260,2.691522e-06,4.881655e-03,1.325050e-02,0.000000e+00,0.000000e+00
3310,11,44271,1.952819e-06,4.722319e-03,1.425884e-02,0.000000e+00,0.000000e+00
3311,16,44287,9.664535e-06,4.625415e-03,1.067257e-02,0.000000e+00,0.000000e+00
HIST {'total_samples': 3777197, 'floor_samples': 32, 'floor_fraction': 8.471890663897064e-06, 'saturation_depth': 1.862645149230957e-08, 'boundaries': 3312, 'capped_boundaries': 0, 'unfinished_worlds': 0}
3312,14,44301,8.847564e-08,4.719518e-03,1.803000e-02,0.000000e+00,0.000000e+00
3313,13,44314,1.165690e-04,4.633042e-03,1.257429e-02,0.000000e+00,0.000000e+00
3314,10,44324,9.168405e-05,4.745303e-03,1.213580e-02,0.000000e+00,0.000000e+00
3315,11,44335,5.453020e-06,4.436316e-03,1.296002e-02,0.000000e+00,0.000000e+00
3316,17,44352,5.213115e-06,4.805476e-03,1.453928e-02,0.000000e+00,0.000000e+00
3317,20,44372,9.266660e-07,4.460595e-03,1.140467e-02,0.000000e+00,0.000000e+00
3318,15,44387,4.077889e-05,4.625930e-03,1.516046e-02,0.000000e+00,0.000000e+00
3319,13,44400,4.894763e-05,4.684629e-03,1.316685e-02,0.000000e+00,0.000000e+00
3320,16,44416,5.784087e-06,4.572587e-03,1.526055e-02,0.000000e+00,0.000000e+00
3321,20,44436,2.925030e-05,4.677490e-03,1.362164e-02,0.000000e+00,0.000000e+00
3322,13,44449,6.431828e-06,4.647148e-03,1.225672e-02,0.000000e+00,0.000000e+00
3323,11,44460,1.041219e-04,4.959694e-03,1.452609e-02,0.000000e+00,0.000000e+00
3324,15,44475,6.374011e-05,4.957830e-03,2.426985e-02,0.000000e+00,0.000000e+00
3325,19,44494,4.872572e-05,4.831768e-03,1.306068e-02,0.000000e+00,0.000000e+00
3326,12,44506,1.357857e-06,4.685042e-03,1.510516e-02,0.000000e+00,0.000000e+00
3327,14,44520,5.654539e-06,4.703666e-03,1.692171e-02,0.000000e+00,0.000000e+00
3328,11,44531,2.437185e-05,4.644278e-03,1.216842e-02,0.000000e+00,0.000000e+00
3329,12,44543,1.587905e-05,4.698605e-03,1.416681e-02,0.000000e+00,0.000000e+00
3330,10,44553,3.313075e-05,4.483984e-03,1.620227e-02,0.000000e+00,0.000000e+00
3331,14,44567,6.312504e-05,4.507069e-03,1.406449e-02,0.000000e+00,0.000000e+00
3332,14,44581,2.644942e-06,4.587333e-03,1.600580e-02,0.000000e+00,0.000000e+00
3333,12,44593,4.630070e-05,4.589655e-03,1.330115e-02,0.000000e+00,0.000000e+00
3334,13,44606,1.394322e-05,4.725484e-03,1.502628e-02,0.000000e+00,0.000000e+00
3335,13,44619,5.998801e-06,4.504789e-03,1.157842e-02,0.000000e+00,0.000000e+00
3336,15,44634,7.835987e-05,4.644121e-03,1.349931e-02,0.000000e+00,0.000000e+00
3337,12,44646,1.273891e-06,4.536680e-03,1.625556e-02,0.000000e+00,0.000000e+00
3338,16,44662,3.742983e-05,4.442505e-03,1.336156e-02,0.000000e+00,0.000000e+00
3339,11,44673,9.344264e-06,4.780542e-03,1.331788e-02,0.000000e+00,0.000000e+00
3340,11,44684,4.821712e-05,4.531286e-03,1.460878e-02,0.000000e+00,0.000000e+00
3341,18,44702,2.490924e-05,4.816473e-03,2.135126e-02,0.000000e+00,0.000000e+00
3342,11,44713,8.339786e-05,4.860332e-03,1.533675e-02,0.000000e+00,0.000000e+00
3343,13,44726,6.200321e-06,4.779696e-03,1.259212e-02,0.000000e+00,0.000000e+00
3344,13,44739,3.338791e-05,4.669672e-03,1.397912e-02,0.000000e+00,0.000000e+00
3345,13,44752,5.213475e-05,4.486130e-03,1.488208e-02,0.000000e+00,0.000000e+00
3346,11,44763,5.191284e-05,4.511897e-03,1.306733e-02,0.000000e+00,0.000000e+00
3347,13,44776,1.802279e-05,4.543200e-03,1.940479e-02,0.000000e+00,0.000000e+00
3348,11,44787,1.246062e-05,4.726887e-03,1.623791e-02,0.000000e+00,0.000000e+00
3349,11,44798,4.355578e-05,4.697795e-03,1.330226e-02,0.000000e+00,0.000000e+00
3350,13,44811,6.640545e-06,4.595459e-03,1.474029e-02,0.000000e+00,0.000000e+00
3351,19,44830,2.490564e-05,4.565521e-03,1.287928e-02,0.000000e+00,0.000000e+00
3352,12,44842,1.286725e-05,4.485583e-03,1.289239e-02,0.000000e+00,0.000000e+00
3353,11,44853,1.409316e-05,4.835325e-03,1.649311e-02,0.000000e+00,0.000000e+00
3354,14,44867,1.760200e-06,4.703215e-03,1.390289e-02,0.000000e+00,0.000000e+00
3355,14,44881,1.160428e-05,4.452349e-03,1.082257e-02,0.000000e+00,0.000000e+00
3356,14,44895,1.655818e-05,4.656536e-03,1.590651e-02,0.000000e+00,0.000000e+00
3357,18,44913,2.072459e-04,4.522054e-03,1.266992e-02,0.000000e+00,0.000000e+00
3358,13,44926,1.266599e-05,4.708754e-03,1.570530e-02,0.000000e+00,0.000000e+00
3359,12,44938,4.701160e-05,4.414747e-03,1.287975e-02,0.000000e+00,0.000000e+00
HIST {'total_samples': 3831856, 'floor_samples': 34, 'floor_fraction': 8.872984788572432e-06, 'saturation_depth': 1.862645149230957e-08, 'boundaries': 3360, 'capped_boundaries': 0, 'unfinished_worlds': 0}
3360,12,44950,8.700121e-06,4.766887e-03,1.366723e-02,0.000000e+00,0.000000e+00
3361,13,44963,9.037186e-06,4.473738e-03,1.368885e-02,0.000000e+00,0.000000e+00
3362,12,44975,4.756338e-05,4.344066e-03,1.310667e-02,0.000000e+00,0.000000e+00
3363,12,44987,1.289882e-05,4.684701e-03,1.207564e-02,0.000000e+00,0.000000e+00
3364,17,45004,4.449859e-05,4.396047e-03,1.248295e-02,0.000000e+00,0.000000e+00
3365,14,45018,5.595043e-05,4.561740e-03,1.167932e-02,0.000000e+00,0.000000e+00
3366,11,45029,4.785846e-05,4.702199e-03,1.209408e-02,0.000000e+00,0.000000e+00
3367,18,45047,3.352761e-07,4.425954e-03,1.241686e-02,0.000000e+00,0.000000e+00
3368,13,45060,9.080370e-06,4.659838e-03,1.388344e-02,0.000000e+00,0.000000e+00
3369,18,45078,1.696404e-05,4.751364e-03,1.474994e-02,0.000000e+00,0.000000e+00
3370,13,45091,1.075274e-04,4.716855e-03,1.370691e-02,0.000000e+00,0.000000e+00
3371,11,45102,2.024790e-06,4.646713e-03,1.365798e-02,0.000000e+00,0.000000e+00
3372,14,45116,4.650559e-05,4.338014e-03,1.446270e-02,0.000000e+00,0.000000e+00
3373,14,45130,1.655338e-06,4.535629e-03,1.654032e-02,0.000000e+00,0.000000e+00
3374,12,45142,7.396962e-05,4.309188e-03,1.572092e-02,0.000000e+00,0.000000e+00
3375,12,45154,1.149140e-06,4.203506e-03,1.241067e-02,0.000000e+00,0.000000e+00
3376,16,45170,5.216474e-05,4.635769e-03,1.257737e-02,0.000000e+00,0.000000e+00
3377,13,45183,3.304439e-05,4.406955e-03,1.310351e-02,0.000000e+00,0.000000e+00
3378,12,45195,6.972692e-05,4.571247e-03,1.508327e-02,0.000000e+00,0.000000e+00
3379,16,45211,1.425030e-06,4.430790e-03,1.296734e-02,0.000000e+00,0.000000e+00
3380,15,45226,7.730429e-05,4.464140e-03,1.286568e-02,0.000000e+00,0.000000e+00
3381,16,45242,4.074291e-05,4.395208e-03,1.294807e-02,0.000000e+00,0.000000e+00
3382,12,45254,2.616085e-05,4.557780e-03,1.277010e-02,0.000000e+00,0.000000e+00
3383,11,45265,2.328269e-06,4.453856e-03,1.517238e-02,0.000000e+00,0.000000e+00
3384,14,45279,2.477318e-06,4.553995e-03,1.581926e-02,0.000000e+00,0.000000e+00
3385,12,45291,9.566415e-05,4.420885e-03,1.331785e-02,0.000000e+00,0.000000e+00
3386,14,45305,2.376250e-06,4.566577e-03,1.517910e-02,0.000000e+00,0.000000e+00
3387,18,45323,7.457658e-05,4.753871e-03,1.700507e-02,0.000000e+00,0.000000e+00
3388,13,45336,1.907237e-06,4.368545e-03,1.523862e-02,0.000000e+00,0.000000e+00
3389,14,45350,5.740904e-06,4.343300e-03,2.058837e-02,0.000000e+00,0.000000e+00
3390,13,45363,3.909956e-05,4.717389e-03,1.157677e-02,0.000000e+00,0.000000e+00
3391,14,45377,2.448101e-05,4.571727e-03,1.172718e-02,0.000000e+00,0.000000e+00
3392,17,45394,2.712115e-06,4.486726e-03,1.275507e-02,0.000000e+00,0.000000e+00
3393,12,45406,2.644942e-06,4.319491e-03,1.390596e-02,0.000000e+00,0.000000e+00
3394,12,45418,1.488253e-05,4.556191e-03,1.871916e-02,0.000000e+00,0.000000e+00
3395,12,45430,2.430588e-05,4.298149e-03,1.358154e-02,0.000000e+00,0.000000e+00
3396,12,45442,9.581769e-06,4.599466e-03,1.677502e-02,0.000000e+00,0.000000e+00
3397,15,45457,9.049181e-06,4.573288e-03,1.384483e-02,0.000000e+00,0.000000e+00
3398,14,45471,1.743383e-05,4.488438e-03,1.344142e-02,0.000000e+00,0.000000e+00
3399,12,45483,7.281688e-05,4.779227e-03,1.287975e-02,0.000000e+00,0.000000e+00
3400,13,45496,2.420272e-05,4.801279e-03,1.424452e-02,0.000000e+00,0.000000e+00
3401,12,45508,1.755582e-04,4.413715e-03,1.401295e-02,0.000000e+00,0.000000e+00
3402,12,45520,1.111068e-05,4.857886e-03,1.407830e-02,0.000000e+00,0.000000e+00
3403,11,45531,9.958418e-05,4.627976e-03,1.170884e-02,0.000000e+00,0.000000e+00
3404,12,45543,9.229349e-05,4.831032e-03,1.297374e-02,0.000000e+00,0.000000e+00
3405,13,45556,2.528109e-05,4.619595e-03,1.346377e-02,0.000000e+00,0.000000e+00
3406,16,45572,3.611756e-05,4.890816e-03,1.347597e-02,0.000000e+00,0.000000e+00
3407,15,45587,9.593764e-06,4.585878e-03,1.287975e-02,0.000000e+00,0.000000e+00
HIST {'total_samples': 3887387, 'floor_samples': 35, 'floor_fraction': 9.003477142872578e-06, 'saturation_depth': 1.862645149230957e-08, 'boundaries': 3408, 'capped_boundaries': 0, 'unfinished_worlds': 0}
3408,13,45600,2.817913e-05,4.927936e-03,1.304449e-02,0.000000e+00,0.000000e+00
3409,13,45613,5.493803e-06,4.589111e-03,1.322724e-02,0.000000e+00,0.000000e+00
3410,21,45634,5.804239e-05,4.611827e-03,1.378490e-02,0.000000e+00,0.000000e+00
3411,12,45646,4.312755e-05,4.355747e-03,1.206540e-02,0.000000e+00,0.000000e+00
3412,15,45661,1.410954e-06,4.457059e-03,1.210417e-02,0.000000e+00,0.000000e+00
3413,17,45678,2.741863e-05,4.581244e-03,1.576426e-02,0.000000e+00,0.000000e+00
3414,14,45692,1.280128e-05,4.918839e-03,1.426893e-02,0.000000e+00,0.000000e+00
3415,11,45703,1.227373e-04,4.621273e-03,1.604771e-02,0.000000e+00,0.000000e+00
3416,14,45717,6.108558e-05,4.717878e-03,1.158421e-02,0.000000e+00,0.000000e+00
3417,18,45735,1.030089e-04,4.224429e-03,1.221961e-02,0.000000e+00,0.000000e+00
3418,13,45748,5.635433e-05,4.508858e-03,1.561622e-02,0.000000e+00,0.000000e+00
3419,13,45761,2.089564e-06,4.398197e-03,1.182012e-02,0.000000e+00,0.000000e+00
3420,14,45775,9.004799e-06,4.589393e-03,1.179189e-02,0.000000e+00,0.000000e+00
3421,17,45792,8.762497e-06,4.390251e-03,1.359579e-02,0.000000e+00,0.000000e+00
3422,13,45805,1.045503e-04,4.671852e-03,1.473049e-02,0.000000e+00,0.000000e+00
3423,11,45816,6.148741e-06,4.138949e-03,1.433925e-02,0.000000e+00,0.000000e+00
3424,15,45831,1.026478e-04,4.448384e-03,1.468347e-02,0.000000e+00,0.000000e+00
3425,11,45842,2.358257e-05,4.170979e-03,1.368401e-02,0.000000e+00,0.000000e+00
3426,12,45854,1.636146e-05,4.392974e-03,1.656635e-02,0.000000e+00,0.000000e+00
3427,13,45867,3.556338e-05,4.174487e-03,1.216796e-02,0.000000e+00,0.000000e+00
3428,12,45879,1.696404e-05,4.163915e-03,1.268299e-02,0.000000e+00,0.000000e+00
3429,10,45889,5.122671e-05,4.307346e-03,1.467524e-02,0.000000e+00,0.000000e+00
3430,14,45903,1.588729e-04,4.784461e-03,1.378443e-02,0.000000e+00,0.000000e+00
3431,20,45923,4.394911e-05,4.573426e-03,1.151305e-02,0.000000e+00,0.000000e+00
3432,18,45941,4.971652e-05,4.605628e-03,1.845602e-02,0.000000e+00,0.000000e+00
3433,15,45956,1.645647e-05,4.734856e-03,1.535600e-02,0.000000e+00,0.000000e+00
3434,15,45971,3.591364e-05,4.713035e-03,1.376085e-02,0.000000e+00,0.000000e+00
3435,11,45982,4.661735e-05,4.752530e-03,1.212454e-02,0.000000e+00,0.000000e+00
3436,14,45996,6.018206e-05,4.472317e-03,1.386002e-02,0.000000e+00,0.000000e+00
3437,10,46006,8.560717e-05,4.564778e-03,2.185948e-02,0.000000e+00,0.000000e+00
3438,13,46019,1.438093e-04,4.970954e-03,1.715486e-02,0.000000e+00,0.000000e+00
3439,12,46031,1.535386e-06,4.580539e-03,1.528423e-02,0.000000e+00,0.000000e+00
3440,13,46044,3.961776e-05,4.643740e-03,1.427086e-02,0.000000e+00,0.000000e+00
3441,14,46058,3.940904e-05,4.570401e-03,1.278042e-02,0.000000e+00,0.000000e+00
3442,17,46075,1.292003e-05,4.887900e-03,1.574381e-02,0.000000e+00,0.000000e+00
3443,13,46088,1.733657e-05,4.477669e-03,1.241193e-02,0.000000e+00,0.000000e+00
3444,11,46099,1.752379e-05,4.669805e-03,1.201687e-02,0.000000e+00,0.000000e+00
3445,11,46110,9.239905e-06,4.524171e-03,1.264084e-02,0.000000e+00,0.000000e+00
3446,11,46121,1.022111e-05,4.618988e-03,1.406212e-02,0.000000e+00,0.000000e+00
3447,14,46135,2.772931e-05,4.728838e-03,1.200369e-02,0.000000e+00,0.000000e+00
3448,13,46148,5.052020e-05,4.798451e-03,1.309186e-02,0.000000e+00,0.000000e+00
3449,13,46161,5.407917e-05,4.494827e-03,1.213054e-02,0.000000e+00,0.000000e+00
3450,11,46172,4.442409e-05,4.770487e-03,1.431805e-02,0.000000e+00,0.000000e+00
3451,12,46184,9.620153e-07,4.617875e-03,1.760729e-02,0.000000e+00,0.000000e+00
3452,14,46198,3.880329e-05,4.441104e-03,1.343042e-02,0.000000e+00,0.000000e+00
3453,14,46212,9.529349e-05,4.367433e-03,1.269330e-02,0.000000e+00,0.000000e+00
3454,15,46227,8.036187e-05,4.624204e-03,2.045791e-02,0.000000e+00,0.000000e+00
3455,16,46243,1.354522e-04,4.526356e-03,1.271226e-02,0.000000e+00,0.000000e+00
HIST {'total_samples': 3942685, 'floor_samples': 36, 'floor_fraction': 9.130833429502992e-06, 'saturation_depth': 1.862645149230957e-08, 'boundaries': 3456, 'capped_boundaries': 0, 'unfinished_worlds': 0}
3456,11,46254,1.978369e-05,4.649470e-03,1.343220e-02,0.000000e+00,0.000000e+00
3457,11,46265,1.209572e-04,4.462230e-03,1.570693e-02,0.000000e+00,0.000000e+00
3458,9,46274,2.736826e-05,4.745024e-03,1.353826e-02,0.000000e+00,0.000000e+00
3459,11,46285,3.062256e-05,4.455181e-03,1.267883e-02,0.000000e+00,0.000000e+00
3460,13,46298,9.350261e-06,4.744246e-03,1.577862e-02,0.000000e+00,0.000000e+00
3461,13,46311,1.970212e-05,4.393766e-03,1.345859e-02,0.000000e+00,0.000000e+00
3462,14,46325,1.733427e-05,4.372154e-03,1.377303e-02,0.000000e+00,0.000000e+00
3463,14,46339,1.483597e-05,4.423365e-03,1.533150e-02,0.000000e+00,0.000000e+00
3464,16,46355,1.624692e-05,4.731597e-03,1.468443e-02,0.000000e+00,0.000000e+00
3465,13,46368,6.221912e-06,4.609038e-03,1.476323e-02,0.000000e+00,0.000000e+00
3466,14,46382,1.007357e-05,4.436376e-03,1.267353e-02,0.000000e+00,0.000000e+00
3467,10,46392,3.523831e-05,4.556808e-03,1.247295e-02,0.000000e+00,0.000000e+00
3468,12,46404,1.220872e-05,4.522879e-03,1.182812e-02,0.000000e+00,0.000000e+00
3469,14,46418,2.419792e-05,4.464351e-03,1.191685e-02,0.000000e+00,0.000000e+00
3470,16,46434,4.339865e-05,4.865413e-03,1.283767e-02,0.000000e+00,0.000000e+00
3471,16,46450,2.414155e-05,4.449775e-03,1.337862e-02,0.000000e+00,0.000000e+00
3472,11,46461,1.347901e-05,4.514017e-03,1.599244e-02,0.000000e+00,0.000000e+00
3473,21,46482,4.895242e-06,4.557743e-03,1.361892e-02,0.000000e+00,0.000000e+00
3474,26,46508,1.220632e-05,4.940490e-03,1.356773e-02,0.000000e+00,0.000000e+00
3475,14,46522,5.474611e-06,4.233102e-03,1.702683e-02,0.000000e+00,0.000000e+00
3476,16,46538,7.647662e-05,4.599816e-03,2.022909e-02,0.000000e+00,0.000000e+00
3477,14,46552,1.729349e-05,4.453939e-03,1.412806e-02,0.000000e+00,0.000000e+00
3478,12,46564,3.893163e-05,4.501690e-03,1.193624e-02,0.000000e+00,0.000000e+00
3479,14,46578,8.629349e-06,4.598939e-03,1.654269e-02,0.000000e+00,0.000000e+00
3480,12,46590,3.558137e-05,4.535939e-03,1.446016e-02,0.000000e+00,0.000000e+00
3481,13,46603,3.443343e-05,4.581830e-03,1.367610e-02,0.000000e+00,0.000000e+00
3482,18,46621,5.403534e-05,4.188296e-03,1.198905e-02,0.000000e+00,0.000000e+00
3483,10,46631,5.280049e-05,4.398195e-03,1.367856e-02,0.000000e+00,0.000000e+00
3484,11,46642,5.295163e-05,4.649943e-03,1.495166e-02,0.000000e+00,0.000000e+00
3485,12,46654,5.433827e-06,4.535941e-03,1.301039e-02,0.000000e+00,0.000000e+00
3486,15,46669,4.219823e-05,4.500606e-03,1.256399e-02,0.000000e+00,0.000000e+00
3487,10,46679,1.109205e-05,4.221432e-03,1.161957e-02,0.000000e+00,0.000000e+00
3488,11,46690,6.375451e-06,4.760810e-03,1.360973e-02,0.000000e+00,0.000000e+00
3489,11,46701,8.680689e-05,4.364486e-03,1.313418e-02,0.000000e+00,0.000000e+00
3490,12,46713,1.678249e-05,4.605639e-03,1.350349e-02,0.000000e+00,0.000000e+00
3491,15,46728,1.562975e-06,4.393476e-03,1.316510e-02,0.000000e+00,0.000000e+00
3492,17,46745,2.379488e-05,4.551228e-03,1.619664e-02,0.000000e+00,0.000000e+00
3493,16,46761,1.301887e-04,4.573154e-03,1.565359e-02,0.000000e+00,0.000000e+00
3494,17,46778,1.738345e-05,4.718361e-03,1.287975e-02,0.000000e+00,0.000000e+00
3495,13,46791,1.694541e-05,4.658397e-03,1.302938e-02,0.000000e+00,0.000000e+00
3496,15,46806,3.913075e-05,4.201899e-03,1.306554e-02,0.000000e+00,0.000000e+00
3497,21,46827,3.565215e-05,4.405376e-03,1.307398e-02,0.000000e+00,0.000000e+00
3498,13,46840,2.359337e-05,4.539275e-03,1.444300e-02,0.000000e+00,0.000000e+00
3499,11,46851,7.426710e-05,4.191519e-03,1.281746e-02,0.000000e+00,0.000000e+00
3500,12,46863,2.570450e-06,4.447350e-03,1.261065e-02,0.000000e+00,0.000000e+00
3501,19,46882,9.764452e-05,4.218790e-03,1.324368e-02,0.000000e+00,0.000000e+00
3502,20,46902,1.270324e-05,4.526779e-03,1.364147e-02,0.000000e+00,0.000000e+00
3503,15,46917,1.368053e-05,4.138545e-03,1.998703e-02,0.000000e+00,0.000000e+00
HIST {'total_samples': 3998514, 'floor_samples': 36, 'floor_fraction': 9.003344742571865e-06, 'saturation_depth': 1.862645149230957e-08, 'boundaries': 3504, 'capped_boundaries': 0, 'unfinished_worlds': 0}
3504,13,46930,3.080968e-05,4.856526e-03,1.521516e-02,0.000000e+00,0.000000e+00
3505,13,46943,2.714275e-05,4.616880e-03,1.744002e-02,0.000000e+00,0.000000e+00
3506,12,46955,1.297281e-05,4.623567e-03,1.629952e-02,0.000000e+00,0.000000e+00
3507,16,46971,1.992044e-05,4.645843e-03,1.587972e-02,0.000000e+00,0.000000e+00
3508,15,46986,2.320232e-05,4.664325e-03,1.844864e-02,0.000000e+00,0.000000e+00
3509,12,46998,3.016794e-05,4.535337e-03,1.605548e-02,0.000000e+00,0.000000e+00
3510,15,47013,1.338185e-05,4.713829e-03,1.533375e-02,0.000000e+00,0.000000e+00
3511,22,47035,4.968054e-05,4.449459e-03,1.207594e-02,0.000000e+00,0.000000e+00
3512,14,47049,7.531189e-05,4.687294e-03,1.697168e-02,0.000000e+00,0.000000e+00
3513,12,47061,4.915395e-05,4.286368e-03,1.066851e-02,0.000000e+00,0.000000e+00
3514,13,47074,1.683366e-05,4.683606e-03,1.559963e-02,0.000000e+00,0.000000e+00
3515,11,47085,1.696404e-05,4.503944e-03,1.361129e-02,0.000000e+00,0.000000e+00
3516,12,47097,1.843663e-06,4.722002e-03,1.546331e-02,0.000000e+00,0.000000e+00
3517,11,47108,3.154259e-05,4.196081e-03,1.214644e-02,0.000000e+00,0.000000e+00
3518,14,47122,1.727549e-05,4.674718e-03,1.536311e-02,0.000000e+00,0.000000e+00
3519,10,47132,5.702520e-06,4.383704e-03,1.157752e-02,0.000000e+00,0.000000e+00
3520,10,47142,4.956418e-06,4.803886e-03,1.683578e-02,0.000000e+00,0.000000e+00
3521,10,47152,1.705718e-06,4.700826e-03,1.367775e-02,0.000000e+00,0.000000e+00
3522,11,47163,1.328997e-05,4.571468e-03,1.452743e-02,0.000000e+00,0.000000e+00
3523,13,47176,2.502199e-06,4.510899e-03,1.565403e-02,0.000000e+00,0.000000e+00
3524,24,47200,7.154420e-05,4.604734e-03,1.340520e-02,0.000000e+00,0.000000e+00
3525,19,47219,3.832228e-05,4.722654e-03,1.526003e-02,0.000000e+00,0.000000e+00
3526,13,47232,2.706118e-06,4.742705e-03,1.457070e-02,0.000000e+00,0.000000e+00
3527,18,47250,7.176970e-05,4.727527e-03,1.308749e-02,0.000000e+00,0.000000e+00
3528,11,47261,2.400720e-05,4.632330e-03,1.491612e-02,0.000000e+00,0.000000e+00
3529,10,47271,2.702519e-05,4.620348e-03,1.821691e-02,0.000000e+00,0.000000e+00
3530,11,47282,6.996561e-05,4.871580e-03,1.464348e-02,0.000000e+00,0.000000e+00
3531,12,47294,5.079969e-06,4.751196e-03,1.337784e-02,0.000000e+00,0.000000e+00
3532,12,47306,4.621752e-06,5.100099e-03,1.590517e-02,0.000000e+00,0.000000e+00
3533,19,47325,4.793283e-06,4.541302e-03,1.255229e-02,0.000000e+00,0.000000e+00
3534,12,47337,2.699904e-05,4.735202e-03,1.354286e-02,0.000000e+00,0.000000e+00
3535,14,47351,2.391636e-04,4.623659e-03,1.260095e-02,0.000000e+00,0.000000e+00
3536,14,47365,4.984007e-06,4.580420e-03,1.469630e-02,0.000000e+00,0.000000e+00
3537,11,47376,1.976810e-05,4.273903e-03,1.517879e-02,0.000000e+00,0.000000e+00
3538,10,47386,2.022391e-05,4.303989e-03,1.344071e-02,0.000000e+00,0.000000e+00
3539,14,47400,5.274291e-06,4.344352e-03,1.296158e-02,0.000000e+00,0.000000e+00
3540,14,47414,5.881302e-05,4.348224e-03,1.335349e-02,0.000000e+00,0.000000e+00
3541,13,47427,3.128109e-05,4.458231e-03,1.764474e-02,0.000000e+00,0.000000e+00
3542,15,47442,7.394563e-05,4.716872e-03,1.279869e-02,0.000000e+00,0.000000e+00
3543,20,47462,3.421872e-05,4.393629e-03,1.899016e-02,0.000000e+00,0.000000e+00
3544,17,47479,3.029149e-05,4.634985e-03,1.509039e-02,0.000000e+00,0.000000e+00
3545,15,47494,8.374918e-05,4.302109e-03,1.234631e-02,0.000000e+00,0.000000e+00
3546,14,47508,3.999565e-05,4.393011e-03,1.295059e-02,0.000000e+00,0.000000e+00
3547,14,47522,5.698921e-06,4.362697e-03,1.285342e-02,0.000000e+00,0.000000e+00
3548,15,47537,2.721472e-05,4.629662e-03,1.632365e-02,0.000000e+00,0.000000e+00
3549,14,47551,1.289508e-04,4.434998e-03,1.371902e-02,0.000000e+00,0.000000e+00
3550,14,47565,1.925230e-06,4.465540e-03,1.432327e-02,0.000000e+00,0.000000e+00
3551,14,47579,3.805118e-05,4.597683e-03,1.543292e-02,0.000000e+00,0.000000e+00
HIST {'total_samples': 4053764, 'floor_samples': 36, 'floor_fraction': 8.880635379859311e-06, 'saturation_depth': 1.862645149230957e-08, 'boundaries': 3552, 'capped_boundaries': 0, 'unfinished_worlds': 0}
3552,13,47592,1.327029e-05,4.769298e-03,1.443720e-02,0.000000e+00,0.000000e+00
3553,11,47603,1.512595e-06,4.559938e-03,1.546643e-02,0.000000e+00,0.000000e+00
3554,14,47617,2.329589e-05,4.161359e-03,1.437560e-02,0.000000e+00,0.000000e+00
3555,16,47633,5.549461e-05,4.172608e-03,1.262269e-02,0.000000e+00,0.000000e+00
3556,13,47646,4.603759e-06,4.613438e-03,1.427132e-02,0.000000e+00,0.000000e+00
3557,13,47659,1.209596e-05,4.390804e-03,1.247696e-02,0.000000e+00,0.000000e+00
3558,15,47674,8.381903e-08,4.205989e-03,1.315466e-02,0.000000e+00,0.000000e+00
3559,17,47691,1.903999e-05,4.687733e-03,1.176781e-02,0.000000e+00,0.000000e+00
3560,14,47705,2.762495e-05,4.505828e-03,2.497748e-02,0.000000e+00,0.000000e+00
3561,14,47719,2.612555e-05,4.327940e-03,1.215076e-02,0.000000e+00,0.000000e+00
3562,14,47733,2.329229e-05,4.515824e-03,1.440095e-02,0.000000e+00,0.000000e+00
3563,14,47747,1.530108e-05,4.247436e-03,1.337607e-02,0.000000e+00,0.000000e+00
3564,12,47759,1.438428e-05,4.550853e-03,1.379336e-02,0.000000e+00,0.000000e+00
3565,12,47771,2.060737e-04,4.141895e-03,1.272236e-02,0.000000e+00,0.000000e+00
3566,11,47782,3.632158e-07,4.658467e-03,1.435582e-02,0.000000e+00,0.000000e+00
3567,16,47798,7.353780e-05,4.296644e-03,1.373580e-02,0.000000e+00,0.000000e+00
3568,10,47808,5.571292e-05,4.615939e-03,1.438202e-02,0.000000e+00,0.000000e+00
3569,12,47820,3.410117e-05,4.492920e-03,1.546507e-02,0.000000e+00,0.000000e+00
3570,13,47833,4.009344e-05,4.672910e-03,1.188991e-02,0.000000e+00,0.000000e+00
3571,10,47843,3.755458e-05,4.494512e-03,1.169555e-02,0.000000e+00,0.000000e+00
3572,11,47854,6.992844e-05,4.303291e-03,1.344165e-02,0.000000e+00,0.000000e+00
3573,14,47868,4.571132e-05,4.370159e-03,1.519100e-02,0.000000e+00,0.000000e+00
3574,13,47881,4.186566e-05,4.607096e-03,1.254210e-02,0.000000e+00,0.000000e+00
3575,18,47899,3.717673e-05,4.774550e-03,1.614830e-02,0.000000e+00,0.000000e+00
3576,13,47912,7.646462e-05,4.680621e-03,1.258144e-02,0.000000e+00,0.000000e+00
3577,11,47923,7.375011e-05,4.496235e-03,1.349033e-02,0.000000e+00,0.000000e+00
3578,13,47936,2.594199e-05,4.686221e-03,1.396251e-02,0.000000e+00,0.000000e+00
3579,16,47952,1.675010e-05,4.438124e-03,1.340487e-02,0.000000e+00,0.000000e+00
3580,13,47965,8.327071e-06,4.527084e-03,1.354517e-02,0.000000e+00,0.000000e+00
3581,14,47979,2.040144e-05,4.254462e-03,1.216783e-02,0.000000e+00,0.000000e+00
3582,11,47990,9.138066e-05,4.565265e-03,1.585552e-02,0.000000e+00,0.000000e+00
3583,13,48003,1.567893e-05,4.221672e-03,1.429799e-02,0.000000e+00,0.000000e+00
3584,16,48019,9.765849e-05,4.267376e-03,1.359395e-02,0.000000e+00,0.000000e+00
3585,12,48031,5.239985e-05,4.424535e-03,1.287896e-02,0.000000e+00,0.000000e+00
3586,14,48045,1.451420e-06,4.480328e-03,1.505380e-02,0.000000e+00,0.000000e+00
3587,14,48059,2.948661e-05,4.443514e-03,1.324081e-02,0.000000e+00,0.000000e+00
3588,14,48073,3.785446e-05,4.420693e-03,1.305541e-02,0.000000e+00,0.000000e+00
3589,18,48091,4.764615e-05,4.296537e-03,1.096403e-02,0.000000e+00,0.000000e+00
3590,12,48103,5.122072e-05,4.579767e-03,1.469268e-02,0.000000e+00,0.000000e+00
3591,21,48124,4.410756e-05,4.362850e-03,1.276827e-02,0.000000e+00,0.000000e+00
3592,25,48149,5.275490e-06,4.510958e-03,1.256695e-02,0.000000e+00,0.000000e+00
3593,17,48166,3.724151e-05,4.673585e-03,1.264511e-02,0.000000e+00,0.000000e+00
3594,16,48182,2.281728e-05,4.593747e-03,1.135503e-02,0.000000e+00,0.000000e+00
3595,19,48201,1.925950e-05,4.307532e-03,1.179106e-02,0.000000e+00,0.000000e+00
3596,13,48214,2.006798e-05,4.674321e-03,1.187126e-02,0.000000e+00,0.000000e+00
3597,24,48238,2.294107e-04,4.624121e-03,1.165114e-02,0.000000e+00,0.000000e+00
3598,14,48252,2.741814e-05,4.540836e-03,1.819112e-02,0.000000e+00,0.000000e+00
3599,15,48267,4.915635e-06,4.737804e-03,1.465206e-02,0.000000e+00,0.000000e+00
HIST {'total_samples': 4110033, 'floor_samples': 38, 'floor_fraction': 9.245667857168057e-06, 'saturation_depth': 1.862645149230957e-08, 'boundaries': 3600, 'capped_boundaries': 0, 'unfinished_worlds': 0}
3600,14,48281,2.328306e-07,4.809452e-03,1.433326e-02,0.000000e+00,0.000000e+00
3601,14,48295,3.700640e-05,4.585903e-03,2.027668e-02,0.000000e+00,0.000000e+00
3602,26,48321,2.874061e-05,4.735378e-03,1.549324e-02,0.000000e+00,0.000000e+00
3603,23,48344,5.309077e-06,4.543451e-03,1.342387e-02,0.000000e+00,0.000000e+00
3604,14,48358,4.048459e-05,4.699095e-03,1.175999e-02,0.000000e+00,0.000000e+00
3605,22,48380,4.874851e-06,4.751102e-03,1.708141e-02,0.000000e+00,0.000000e+00
3606,13,48393,1.105480e-05,4.375094e-03,1.397986e-02,0.000000e+00,0.000000e+00
3607,23,48416,9.747303e-05,4.444196e-03,1.753567e-02,0.000000e+00,0.000000e+00
3608,17,48433,7.975847e-05,4.785758e-03,1.264368e-02,0.000000e+00,0.000000e+00
3609,13,48446,1.501224e-04,4.672391e-03,1.354293e-02,0.000000e+00,0.000000e+00
3610,12,48458,1.152512e-05,5.036170e-03,1.314650e-02,0.000000e+00,0.000000e+00
3611,22,48480,7.913476e-05,4.688043e-03,1.330638e-02,0.000000e+00,0.000000e+00
3612,19,48499,1.991204e-06,4.394419e-03,1.234658e-02,0.000000e+00,0.000000e+00
3613,13,48512,1.867653e-06,4.675630e-03,1.302452e-02,0.000000e+00,0.000000e+00
3614,23,48535,4.866694e-05,4.495378e-03,1.496337e-02,0.000000e+00,0.000000e+00
3615,18,48553,2.455898e-05,4.537733e-03,1.318548e-02,0.000000e+00,0.000000e+00
3616,13,48566,5.355570e-05,4.682145e-03,1.471278e-02,0.000000e+00,0.000000e+00
3617,13,48579,1.153339e-05,4.474523e-03,1.404735e-02,0.000000e+00,0.000000e+00
3618,14,48593,5.882568e-05,4.557342e-03,1.331557e-02,0.000000e+00,0.000000e+00
3619,12,48605,4.883247e-06,4.509678e-03,1.110054e-02,0.000000e+00,0.000000e+00
3620,16,48621,1.735706e-06,4.547561e-03,1.447426e-02,0.000000e+00,0.000000e+00
3621,13,48634,5.177370e-05,4.373620e-03,1.377370e-02,0.000000e+00,0.000000e+00
3622,13,48647,3.860332e-05,4.625540e-03,1.283335e-02,0.000000e+00,0.000000e+00
3623,12,48659,3.777409e-05,4.606437e-03,1.291779e-02,0.000000e+00,0.000000e+00
3624,11,48670,1.727603e-06,4.463954e-03,1.564796e-02,0.000000e+00,0.000000e+00
3625,12,48682,6.864313e-05,4.493442e-03,1.296860e-02,0.000000e+00,0.000000e+00
3626,19,48701,8.238546e-05,4.516833e-03,1.589347e-02,0.000000e+00,0.000000e+00
3627,18,48719,3.442024e-05,4.515481e-03,1.173715e-02,0.000000e+00,0.000000e+00
3628,19,48738,4.340895e-05,4.543084e-03,1.287975e-02,0.000000e+00,0.000000e+00
3629,13,48751,6.127870e-05,4.306122e-03,1.206095e-02,0.000000e+00,0.000000e+00
3630,13,48764,1.152499e-05,4.564150e-03,1.703573e-02,0.000000e+00,0.000000e+00
3631,12,48776,8.944823e-06,4.750523e-03,1.721813e-02,0.000000e+00,0.000000e+00
3632,16,48792,1.886006e-05,4.794294e-03,1.478706e-02,0.000000e+00,0.000000e+00
3633,13,48805,2.017833e-05,4.477534e-03,1.342805e-02,0.000000e+00,0.000000e+00
3634,14,48819,1.255298e-05,4.633112e-03,1.320028e-02,0.000000e+00,0.000000e+00
3635,26,48845,1.547021e-05,4.601805e-03,1.196889e-02,0.000000e+00,0.000000e+00
3636,13,48858,5.399041e-06,4.690667e-03,1.325563e-02,0.000000e+00,0.000000e+00
3637,19,48877,4.815354e-05,5.002801e-03,1.698745e-02,0.000000e+00,0.000000e+00
3638,15,48892,1.320672e-05,4.882968e-03,1.927339e-02,0.000000e+00,0.000000e+00
3639,13,48905,2.670132e-05,4.699270e-03,1.928230e-02,0.000000e+00,0.000000e+00
3640,12,48917,8.947222e-06,4.668186e-03,1.416210e-02,0.000000e+00,0.000000e+00
3641,16,48933,8.103438e-05,4.514505e-03,1.236831e-02,0.000000e+00,0.000000e+00
3642,13,48946,7.263455e-05,4.690724e-03,1.446736e-02,0.000000e+00,0.000000e+00
3643,15,48961,1.487322e-05,4.275071e-03,1.495867e-02,0.000000e+00,0.000000e+00
3644,14,48975,1.569279e-05,4.651560e-03,1.555988e-02,0.000000e+00,0.000000e+00
3645,15,48990,2.401440e-06,4.668304e-03,1.554876e-02,0.000000e+00,0.000000e+00
3646,16,49006,6.547582e-05,4.909604e-03,1.748307e-02,0.000000e+00,0.000000e+00
3647,14,49020,5.414635e-06,4.709484e-03,1.678174e-02,0.000000e+00,0.000000e+00
HIST {'total_samples': 4164721, 'floor_samples': 39, 'floor_fraction': 9.36437278751686e-06, 'saturation_depth': 1.862645149230957e-08, 'boundaries': 3648, 'capped_boundaries': 0, 'unfinished_worlds': 0}
3648,13,49033,1.414679e-05,4.822747e-03,1.413118e-02,0.000000e+00,0.000000e+00
3649,13,49046,9.255979e-05,4.798977e-03,1.256468e-02,0.000000e+00,0.000000e+00
3650,16,49062,8.566974e-06,4.647973e-03,1.851784e-02,0.000000e+00,0.000000e+00
3651,15,49077,1.617193e-05,4.781151e-03,1.227726e-02,0.000000e+00,0.000000e+00
3652,17,49094,9.134348e-06,5.006010e-03,1.943848e-02,0.000000e+00,0.000000e+00
3653,14,49108,2.958257e-05,4.698448e-03,1.626239e-02,0.000000e+00,0.000000e+00
3654,12,49120,1.479406e-05,4.865154e-03,1.814855e-02,0.000000e+00,0.000000e+00
3655,12,49132,2.294682e-05,4.747882e-03,1.384437e-02,0.000000e+00,0.000000e+00
3656,16,49148,8.271893e-06,4.783790e-03,1.339471e-02,0.000000e+00,0.000000e+00
3657,15,49163,1.424934e-04,5.153983e-03,1.637834e-02,0.000000e+00,0.000000e+00
3658,10,49173,4.000520e-05,4.850445e-03,1.267413e-02,0.000000e+00,0.000000e+00
3659,14,49187,1.382015e-04,4.707989e-03,1.250725e-02,0.000000e+00,0.000000e+00
3660,14,49201,4.374051e-05,4.934921e-03,1.654992e-02,0.000000e+00,0.000000e+00
3661,14,49215,1.860936e-05,4.859624e-03,1.383836e-02,0.000000e+00,0.000000e+00
3662,10,49225,3.271332e-05,4.926790e-03,1.435010e-02,0.000000e+00,0.000000e+00
3663,13,49238,5.702880e-05,4.950379e-03,1.369980e-02,0.000000e+00,0.000000e+00
3664,14,49252,2.317953e-05,4.953474e-03,1.543102e-02,0.000000e+00,0.000000e+00
3665,13,49265,8.838066e-06,5.038319e-03,1.299447e-02,0.000000e+00,0.000000e+00
3666,12,49277,1.633027e-05,4.807583e-03,1.357698e-02,0.000000e+00,0.000000e+00
3667,14,49291,7.913236e-06,4.855148e-03,1.283814e-02,0.000000e+00,0.000000e+00
3668,19,49310,1.841983e-05,4.841964e-03,1.244154e-02,0.000000e+00,0.000000e+00
3669,15,49325,4.799401e-05,4.468129e-03,1.362669e-02,0.000000e+00,0.000000e+00
3670,14,49339,1.804918e-04,4.857497e-03,1.374853e-02,0.000000e+00,0.000000e+00
3671,12,49351,1.556857e-05,4.615732e-03,1.498982e-02,0.000000e+00,0.000000e+00
3672,11,49362,5.385726e-05,4.925298e-03,1.446867e-02,0.000000e+00,0.000000e+00
3673,14,49376,9.294364e-05,4.884101e-03,1.303886e-02,0.000000e+00,0.000000e+00
3674,10,49386,2.205198e-05,4.305263e-03,1.680429e-02,0.000000e+00,0.000000e+00
3675,13,49399,5.594455e-05,4.702623e-03,1.310046e-02,0.000000e+00,0.000000e+00
3676,11,49410,7.177930e-05,4.849651e-03,1.418883e-02,0.000000e+00,0.000000e+00
3677,14,49424,1.914794e-05,4.505623e-03,1.550466e-02,0.000000e+00,0.000000e+00
3678,13,49437,2.597201e-05,4.855435e-03,1.441165e-02,0.000000e+00,0.000000e+00
3679,14,49451,1.970128e-04,4.727531e-03,1.447541e-02,0.000000e+00,0.000000e+00
3680,10,49461,5.433336e-05,4.533635e-03,1.364772e-02,0.000000e+00,0.000000e+00
3681,17,49478,4.535386e-06,4.741289e-03,1.246240e-02,0.000000e+00,0.000000e+00
3682,13,49491,7.556738e-05,5.144463e-03,1.428471e-02,0.000000e+00,0.000000e+00
3683,12,49503,1.378573e-04,4.787123e-03,1.326211e-02,0.000000e+00,0.000000e+00
3684,13,49516,3.585606e-05,4.790413e-03,1.437668e-02,0.000000e+00,0.000000e+00
3685,12,49528,5.350820e-05,4.662621e-03,1.259944e-02,0.000000e+00,0.000000e+00
3686,14,49542,9.270851e-05,4.686491e-03,1.373769e-02,0.000000e+00,0.000000e+00
3687,23,49565,9.416235e-06,4.681261e-03,1.407285e-02,0.000000e+00,0.000000e+00
3688,14,49579,4.392884e-05,4.699099e-03,1.448128e-02,0.000000e+00,0.000000e+00
3689,14,49593,1.715314e-06,4.183784e-03,1.682005e-02,0.000000e+00,0.000000e+00
3690,13,49606,2.268533e-05,4.511098e-03,1.241862e-02,0.000000e+00,0.000000e+00
3691,14,49620,8.459017e-06,4.502936e-03,1.285122e-02,0.000000e+00,0.000000e+00
3692,13,49633,2.475455e-05,4.803509e-03,1.378388e-02,0.000000e+00,0.000000e+00
3693,15,49648,1.488965e-05,4.399404e-03,1.258118e-02,0.000000e+00,0.000000e+00
3694,12,49660,4.234724e-05,4.468706e-03,1.287975e-02,0.000000e+00,0.000000e+00
3695,16,49676,5.047582e-05,4.593858e-03,1.330669e-02,0.000000e+00,0.000000e+00
HIST {'total_samples': 4218012, 'floor_samples': 39, 'floor_fraction': 9.24606188887087e-06, 'saturation_depth': 1.862645149230957e-08, 'boundaries': 3696, 'capped_boundaries': 0, 'unfinished_worlds': 0}
3696,11,49687,2.952859e-05,4.654550e-03,1.492451e-02,0.000000e+00,0.000000e+00
3697,13,49700,7.405718e-05,4.388425e-03,1.418052e-02,0.000000e+00,0.000000e+00
3698,13,49713,6.731709e-05,4.645315e-03,1.612383e-02,0.000000e+00,0.000000e+00
3699,11,49724,8.183531e-05,4.706057e-03,1.502393e-02,0.000000e+00,0.000000e+00
3700,13,49737,5.114755e-06,4.788799e-03,1.482727e-02,0.000000e+00,0.000000e+00
3701,14,49751,2.631268e-05,4.577669e-03,1.252924e-02,0.000000e+00,0.000000e+00
3702,19,49770,2.064758e-04,4.667369e-03,1.301468e-02,0.000000e+00,0.000000e+00
3703,17,49787,9.539905e-05,4.662499e-03,1.513229e-02,0.000000e+00,0.000000e+00
3704,12,49799,5.802080e-06,4.609223e-03,1.296446e-02,0.000000e+00,0.000000e+00
3705,11,49810,1.561775e-06,4.580394e-03,1.735608e-02,0.000000e+00,0.000000e+00
3706,16,49826,6.747898e-05,4.739396e-03,1.356742e-02,0.000000e+00,0.000000e+00
3707,19,49845,2.271172e-05,4.392099e-03,1.272952e-02,0.000000e+00,0.000000e+00
3708,12,49857,2.197521e-06,4.859797e-03,1.340597e-02,0.000000e+00,0.000000e+00
3709,17,49874,1.640584e-05,4.524205e-03,1.473391e-02,0.000000e+00,0.000000e+00
3710,13,49887,4.994083e-05,4.494890e-03,1.326756e-02,0.000000e+00,0.000000e+00
3711,14,49901,2.288445e-05,4.490750e-03,1.439301e-02,0.000000e+00,0.000000e+00
3712,15,49916,2.916202e-04,4.837040e-03,1.266139e-02,0.000000e+00,0.000000e+00
3713,13,49929,1.266454e-04,4.255044e-03,1.240345e-02,0.000000e+00,0.000000e+00
3714,11,49940,9.109517e-05,4.525358e-03,1.313300e-02,0.000000e+00,0.000000e+00
3715,15,49955,4.007238e-05,4.536645e-03,1.556654e-02,0.000000e+00,0.000000e+00
3716,13,49968,9.439025e-06,4.625696e-03,1.407471e-02,0.000000e+00,0.000000e+00
3717,15,49983,6.021712e-05,4.578311e-03,1.313358e-02,0.000000e+00,0.000000e+00
3718,14,49997,4.683527e-05,4.468717e-03,1.305998e-02,0.000000e+00,0.000000e+00
3719,13,50010,3.329508e-05,4.641877e-03,1.399439e-02,0.000000e+00,0.000000e+00
3720,11,50021,7.834427e-05,4.318331e-03,1.287975e-02,0.000000e+00,0.000000e+00
3721,11,50032,6.538350e-05,4.352760e-03,1.342878e-02,0.000000e+00,0.000000e+00
3722,15,50047,2.076849e-06,4.726698e-03,1.458961e-02,0.000000e+00,0.000000e+00
3723,13,50060,2.940984e-05,4.646613e-03,1.422155e-02,0.000000e+00,0.000000e+00
3724,13,50073,2.503399e-06,4.418764e-03,1.130299e-02,0.000000e+00,0.000000e+00
3725,12,50085,8.979609e-06,4.631314e-03,1.297899e-02,0.000000e+00,0.000000e+00
3726,18,50103,8.353100e-05,4.566618e-03,1.547988e-02,0.000000e+00,0.000000e+00
3727,19,50122,3.596522e-05,4.030992e-03,1.329754e-02,0.000000e+00,0.000000e+00
3728,19,50141,1.904598e-05,4.551785e-03,1.269350e-02,0.000000e+00,0.000000e+00
3729,15,50156,2.188285e-05,4.468144e-03,1.152097e-02,0.000000e+00,0.000000e+00
3730,20,50176,7.650180e-05,4.682228e-03,1.600559e-02,0.000000e+00,0.000000e+00
3731,13,50189,9.150541e-05,4.439968e-03,1.369838e-02,0.000000e+00,0.000000e+00
3732,19,50208,6.385148e-05,4.619821e-03,1.414548e-02,0.000000e+00,0.000000e+00
3733,15,50223,1.149620e-05,4.411860e-03,1.368821e-02,0.000000e+00,0.000000e+00
3734,16,50239,1.221112e-05,4.482886e-03,1.683333e-02,0.000000e+00,0.000000e+00
3735,11,50250,3.243503e-05,4.646445e-03,1.287975e-02,0.000000e+00,0.000000e+00
3736,15,50265,2.542511e-06,4.481878e-03,1.287975e-02,0.000000e+00,0.000000e+00
3737,11,50276,5.699161e-05,4.490533e-03,1.468174e-02,0.000000e+00,0.000000e+00
3738,14,50290,1.632643e-04,4.532883e-03,1.169972e-02,0.000000e+00,0.000000e+00
3739,13,50303,9.784127e-05,4.231899e-03,1.251174e-02,0.000000e+00,0.000000e+00
3740,12,50315,5.547782e-06,4.423260e-03,1.326475e-02,0.000000e+00,0.000000e+00
3741,12,50327,2.407725e-04,4.813099e-03,1.446136e-02,0.000000e+00,0.000000e+00
3742,12,50339,5.892044e-06,4.507707e-03,1.108770e-02,0.000000e+00,0.000000e+00
3743,13,50352,1.540424e-05,4.373617e-03,1.397194e-02,0.000000e+00,0.000000e+00
HIST {'total_samples': 4274112, 'floor_samples': 39, 'floor_fraction': 9.124702394321909e-06, 'saturation_depth': 1.862645149230957e-08, 'boundaries': 3744, 'capped_boundaries': 0, 'unfinished_worlds': 0}
3744,13,50365,6.612390e-05,4.523400e-03,1.211957e-02,0.000000e+00,0.000000e+00
3745,15,50380,1.397441e-06,4.508139e-03,1.251823e-02,0.000000e+00,0.000000e+00
3746,15,50395,7.337586e-05,4.619317e-03,1.106235e-02,0.000000e+00,0.000000e+00
3747,12,50407,1.933387e-05,4.410157e-03,1.377202e-02,0.000000e+00,0.000000e+00
3748,15,50422,2.926950e-05,4.382079e-03,1.565841e-02,0.000000e+00,0.000000e+00
3749,13,50435,3.599281e-05,4.393286e-03,1.167957e-02,0.000000e+00,0.000000e+00
3750,12,50447,1.831428e-05,4.448245e-03,1.126415e-02,0.000000e+00,0.000000e+00
3751,17,50464,2.491164e-05,4.706157e-03,1.405609e-02,0.000000e+00,0.000000e+00
3752,12,50476,2.955087e-05,4.392473e-03,1.726315e-02,0.000000e+00,0.000000e+00
3753,14,50490,1.071952e-05,4.392535e-03,1.475930e-02,0.000000e+00,0.000000e+00
3754,16,50506,4.229149e-05,4.932440e-03,1.462328e-02,0.000000e+00,0.000000e+00
3755,18,50524,1.830228e-05,4.490240e-03,1.555568e-02,0.000000e+00,0.000000e+00
3756,13,50537,7.629395e-05,4.662341e-03,1.203396e-02,0.000000e+00,0.000000e+00
3757,12,50549,1.519918e-05,3.961898e-03,1.062166e-02,0.000000e+00,0.000000e+00
3758,16,50565,9.661417e-05,4.742794e-03,1.361440e-02,0.000000e+00,0.000000e+00
3759,11,50576,2.710149e-05,4.527139e-03,1.319044e-02,0.000000e+00,0.000000e+00
3760,12,50588,7.976330e-05,4.579679e-03,1.396998e-02,0.000000e+00,0.000000e+00
3761,11,50599,5.133947e-06,4.398873e-03,1.249566e-02,0.000000e+00,0.000000e+00
3762,12,50611,4.571372e-06,4.438199e-03,1.490549e-02,0.000000e+00,0.000000e+00
3763,12,50623,2.727844e-05,4.458643e-03,1.129794e-02,0.000000e+00,0.000000e+00
3764,13,50636,2.142042e-06,4.644022e-03,1.826309e-02,0.000000e+00,0.000000e+00
3765,16,50652,2.827509e-05,4.517327e-03,1.214815e-02,0.000000e+00,0.000000e+00
3766,12,50664,5.963655e-05,4.547383e-03,1.240437e-02,0.000000e+00,0.000000e+00
3767,12,50676,3.950500e-05,4.833229e-03,1.191532e-02,0.000000e+00,0.000000e+00
3768,18,50694,8.019513e-05,4.666003e-03,1.506273e-02,0.000000e+00,0.000000e+00
3769,15,50709,6.917154e-05,4.332746e-03,1.358363e-02,0.000000e+00,0.000000e+00
3770,16,50725,8.874052e-06,4.709045e-03,1.168179e-02,0.000000e+00,0.000000e+00
3771,14,50739,4.308677e-05,4.631255e-03,1.440540e-02,0.000000e+00,0.000000e+00
3772,10,50749,2.403839e-06,5.068420e-03,1.172602e-02,0.000000e+00,0.000000e+00
3773,13,50762,8.737306e-06,4.458350e-03,1.133898e-02,0.000000e+00,0.000000e+00
3774,15,50777,1.196750e-06,4.177365e-03,1.154669e-02,0.000000e+00,0.000000e+00
3775,13,50790,1.177378e-04,4.514355e-03,1.518837e-02,0.000000e+00,0.000000e+00
3776,11,50801,1.108357e-06,4.604395e-03,1.593478e-02,0.000000e+00,0.000000e+00
3777,12,50813,3.026798e-06,4.660170e-03,1.279117e-02,0.000000e+00,0.000000e+00
3778,12,50825,4.342264e-06,4.922220e-03,1.852562e-02,0.000000e+00,0.000000e+00
3779,12,50837,6.639105e-05,4.754085e-03,1.203061e-02,0.000000e+00,0.000000e+00
3780,14,50851,2.566014e-05,4.406462e-03,1.380100e-02,0.000000e+00,0.000000e+00
3781,12,50863,6.606718e-05,4.534523e-03,1.224940e-02,0.000000e+00,0.000000e+00
3782,13,50876,1.268133e-05,4.389025e-03,1.240672e-02,0.000000e+00,0.000000e+00
3783,12,50888,4.536586e-06,4.393993e-03,1.267988e-02,0.000000e+00,0.000000e+00
3784,12,50900,8.946023e-06,4.692893e-03,1.368069e-02,0.000000e+00,0.000000e+00
3785,14,50914,6.405171e-05,4.850319e-03,1.625637e-02,0.000000e+00,0.000000e+00
3786,10,50924,1.571612e-05,5.022302e-03,1.283482e-02,0.000000e+00,0.000000e+00
3787,14,50938,1.400032e-04,4.693385e-03,1.330562e-02,0.000000e+00,0.000000e+00
3788,14,50952,1.133907e-05,4.632652e-03,1.485491e-02,0.000000e+00,0.000000e+00
3789,14,50966,3.249860e-05,4.623988e-03,1.349804e-02,0.000000e+00,0.000000e+00
3790,14,50980,1.534786e-05,4.387045e-03,1.500894e-02,0.000000e+00,0.000000e+00
3791,16,50996,4.469413e-06,4.519330e-03,1.281023e-02,0.000000e+00,0.000000e+00
HIST {'total_samples': 4328899, 'floor_samples': 39, 'floor_fraction': 9.009219203312436e-06, 'saturation_depth': 1.862645149230957e-08, 'boundaries': 3792, 'capped_boundaries': 0, 'unfinished_worlds': 0}
3792,12,51008,7.862856e-05,4.654865e-03,1.308171e-02,0.000000e+00,0.000000e+00
3793,13,51021,2.246342e-05,4.921931e-03,1.769121e-02,0.000000e+00,0.000000e+00
3794,13,51034,2.531468e-05,4.751211e-03,1.387324e-02,0.000000e+00,0.000000e+00
3795,12,51046,1.239464e-05,4.662088e-03,1.232571e-02,0.000000e+00,0.000000e+00
3796,13,51059,2.478689e-05,4.661836e-03,1.594217e-02,0.000000e+00,0.000000e+00
3797,13,51072,2.922991e-05,4.650800e-03,1.131896e-02,0.000000e+00,0.000000e+00
3798,14,51086,1.317030e-04,4.845432e-03,1.257983e-02,0.000000e+00,0.000000e+00
3799,19,51105,2.181772e-04,4.884962e-03,1.510262e-02,0.000000e+00,0.000000e+00
3800,14,51119,7.777689e-06,4.885287e-03,1.625922e-02,0.000000e+00,0.000000e+00
3801,13,51132,2.535666e-05,4.830323e-03,2.070488e-02,0.000000e+00,0.000000e+00
3802,13,51145,3.930828e-05,4.587806e-03,1.279260e-02,0.000000e+00,0.000000e+00
3803,13,51158,3.454978e-05,4.754989e-03,1.529037e-02,0.000000e+00,0.000000e+00
3804,13,51171,1.769293e-06,4.770722e-03,1.287975e-02,0.000000e+00,0.000000e+00
3805,12,51183,2.852641e-05,4.810134e-03,1.206775e-02,0.000000e+00,0.000000e+00
3806,12,51195,1.441687e-05,4.594453e-03,1.344697e-02,0.000000e+00,0.000000e+00
3807,17,51212,5.598881e-05,4.469219e-03,1.418180e-02,0.000000e+00,0.000000e+00
3808,13,51225,8.003200e-06,4.625509e-03,1.511750e-02,0.000000e+00,0.000000e+00
3809,14,51239,1.099001e-05,4.553156e-03,1.287975e-02,0.000000e+00,0.000000e+00
3810,14,51253,3.829948e-05,4.573617e-03,1.833222e-02,0.000000e+00,0.000000e+00
3811,11,51264,1.457681e-04,4.443680e-03,1.183315e-02,0.000000e+00,0.000000e+00
3812,14,51278,3.580088e-05,4.638756e-03,1.446947e-02,0.000000e+00,0.000000e+00
3813,17,51295,4.103407e-05,4.742291e-03,1.287975e-02,0.000000e+00,0.000000e+00
3814,13,51308,2.415385e-05,4.603417e-03,1.453424e-02,0.000000e+00,0.000000e+00
3815,15,51323,4.895483e-05,4.317571e-03,1.418705e-02,0.000000e+00,0.000000e+00
3816,17,51340,2.514915e-05,4.428858e-03,1.428737e-02,0.000000e+00,0.000000e+00
3817,11,51351,1.524998e-04,4.645864e-03,1.321419e-02,0.000000e+00,0.000000e+00
3818,15,51366,2.994202e-06,4.532424e-03,1.342211e-02,0.000000e+00,0.000000e+00
3819,12,51378,2.880768e-05,4.626239e-03,1.402334e-02,0.000000e+00,0.000000e+00
3820,11,51389,1.572571e-06,4.684049e-03,1.632152e-02,0.000000e+00,0.000000e+00
3821,12,51401,2.442943e-05,4.634197e-03,1.282843e-02,0.000000e+00,0.000000e+00
3822,13,51414,8.859538e-05,4.624849e-03,1.519882e-02,0.000000e+00,0.000000e+00
3823,17,51431,8.346263e-06,4.500504e-03,1.245955e-02,0.000000e+00,0.000000e+00
3824,15,51446,1.216793e-05,4.557258e-03,1.415728e-02,0.000000e+00,0.000000e+00
3825,15,51461,2.131919e-04,4.634864e-03,1.368150e-02,0.000000e+00,0.000000e+00
3826,12,51473,9.182688e-05,5.087786e-03,1.385030e-02,0.000000e+00,0.000000e+00
3827,13,51486,1.130188e-05,4.765905e-03,1.239977e-02,0.000000e+00,0.000000e+00
3828,13,51499,1.038425e-06,4.440979e-03,1.874698e-02,0.000000e+00,0.000000e+00
3829,18,51517,1.194242e-05,4.378256e-03,1.276346e-02,0.000000e+00,0.000000e+00
3830,12,51529,1.313630e-05,4.590281e-03,1.518782e-02,0.000000e+00,0.000000e+00
3831,10,51539,5.547782e-06,4.577050e-03,1.311348e-02,0.000000e+00,0.000000e+00
3832,13,51552,1.119153e-05,4.655212e-03,1.495078e-02,0.000000e+00,0.000000e+00
3833,17,51569,2.011596e-06,4.228499e-03,1.264929e-02,0.000000e+00,0.000000e+00
3834,13,51582,6.265938e-05,4.169822e-03,1.416022e-02,0.000000e+00,0.000000e+00
3835,14,51596,1.409557e-05,4.411228e-03,1.337165e-02,0.000000e+00,0.000000e+00
3836,15,51611,3.869645e-05,4.164056e-03,1.323756e-02,0.000000e+00,0.000000e+00
3837,15,51626,3.151020e-05,4.699401e-03,1.884023e-02,0.000000e+00,0.000000e+00
3838,16,51642,3.244703e-05,4.782808e-03,1.243633e-02,0.000000e+00,0.000000e+00
3839,15,51657,8.595763e-06,4.325978e-03,1.349596e-02,0.000000e+00,0.000000e+00
HIST {'total_samples': 4383418, 'floor_samples': 39, 'floor_fraction': 8.897166549026354e-06, 'saturation_depth': 1.862645149230957e-08, 'boundaries': 3840, 'capped_boundaries': 0, 'unfinished_worlds': 0}
3840,16,51673,1.877729e-05,4.821722e-03,1.846573e-02,0.000000e+00,0.000000e+00
3841,10,51683,2.578729e-05,4.267549e-03,1.119123e-02,0.000000e+00,0.000000e+00
3842,25,51708,1.283363e-05,4.593985e-03,1.585916e-02,0.000000e+00,0.000000e+00
3843,18,51726,3.208597e-05,4.603242e-03,1.315547e-02,0.000000e+00,0.000000e+00
3844,16,51742,1.140032e-04,4.546983e-03,1.328691e-02,0.000000e+00,0.000000e+00
3845,12,51754,8.381048e-06,4.657515e-03,1.287975e-02,0.000000e+00,0.000000e+00
3846,12,51766,7.904479e-05,4.478890e-03,1.515039e-02,0.000000e+00,0.000000e+00
3847,11,51777,1.278689e-06,4.339669e-03,1.222013e-02,0.000000e+00,0.000000e+00
3848,11,51788,1.246482e-04,4.955490e-03,1.559319e-02,0.000000e+00,0.000000e+00
3849,11,51799,2.159496e-05,4.615754e-03,2.206616e-02,0.000000e+00,0.000000e+00
3850,10,51809,2.571892e-05,4.717715e-03,1.314189e-02,0.000000e+00,0.000000e+00
3851,13,51822,5.002000e-06,4.503922e-03,1.600740e-02,0.000000e+00,0.000000e+00
3852,13,51835,5.303882e-05,4.804824e-03,1.333235e-02,0.000000e+00,0.000000e+00
3853,12,51847,1.085566e-05,4.683761e-03,1.508576e-02,0.000000e+00,0.000000e+00
3854,13,51860,6.422400e-05,4.918069e-03,1.373173e-02,0.000000e+00,0.000000e+00
3855,15,51875,9.215075e-05,4.417683e-03,1.323511e-02,0.000000e+00,0.000000e+00
3856,14,51889,3.809677e-05,4.982029e-03,2.262830e-02,0.000000e+00,0.000000e+00
3857,11,51900,7.728270e-05,4.597809e-03,1.290286e-02,0.000000e+00,0.000000e+00
3858,25,51925,1.203479e-05,4.915512e-03,1.220780e-02,0.000000e+00,0.000000e+00
3859,27,51952,1.116034e-05,4.711847e-03,1.556835e-02,0.000000e+00,0.000000e+00
3860,13,51965,5.551380e-06,4.457769e-03,1.422457e-02,0.000000e+00,0.000000e+00
3861,14,51979,1.411236e-05,4.477982e-03,1.179681e-02,0.000000e+00,0.000000e+00
3862,14,51993,1.402572e-05,4.643899e-03,1.256156e-02,0.000000e+00,0.000000e+00
3863,12,52005,3.610738e-05,4.555178e-03,1.331701e-02,0.000000e+00,0.000000e+00
3864,13,52018,4.125031e-05,4.745590e-03,1.549970e-02,0.000000e+00,0.000000e+00
3865,10,52028,2.559177e-05,4.654492e-03,1.599930e-02,0.000000e+00,0.000000e+00
3866,15,52043,8.445702e-05,4.703639e-03,1.487619e-02,0.000000e+00,0.000000e+00
3867,13,52056,4.901240e-06,4.672904e-03,1.367819e-02,0.000000e+00,0.000000e+00
3868,14,52070,8.076370e-06,4.627248e-03,1.342213e-02,0.000000e+00,0.000000e+00
3869,13,52083,1.411715e-04,4.856250e-03,1.366576e-02,0.000000e+00,0.000000e+00
3870,13,52096,1.511636e-05,4.555166e-03,1.208796e-02,0.000000e+00,0.000000e+00
3871,12,52108,7.611699e-05,4.486362e-03,1.334943e-02,0.000000e+00,0.000000e+00
3872,12,52120,4.735707e-06,4.595961e-03,1.212111e-02,0.000000e+00,0.000000e+00
3873,13,52133,1.787165e-05,4.591055e-03,1.139880e-02,0.000000e+00,0.000000e+00
3874,14,52147,6.741664e-05,4.578429e-03,1.311342e-02,0.000000e+00,0.000000e+00
3875,17,52164,1.944422e-06,4.566075e-03,1.416485e-02,0.000000e+00,0.000000e+00
3876,12,52176,6.377610e-05,4.776435e-03,1.494192e-02,0.000000e+00,0.000000e+00
3877,13,52189,4.799881e-05,4.476788e-03,1.462820e-02,0.000000e+00,0.000000e+00
3878,12,52201,1.367525e-04,4.566173e-03,1.492125e-02,0.000000e+00,0.000000e+00
3879,14,52215,4.759817e-05,4.358577e-03,1.409493e-02,0.000000e+00,0.000000e+00
3880,13,52228,3.413595e-05,4.603981e-03,1.387034e-02,0.000000e+00,0.000000e+00
3881,13,52241,1.206957e-05,4.304502e-03,1.210120e-02,0.000000e+00,0.000000e+00
3882,14,52255,1.177209e-05,4.265996e-03,1.248005e-02,0.000000e+00,0.000000e+00
3883,16,52271,4.856378e-05,4.873625e-03,1.385380e-02,0.000000e+00,0.000000e+00
3884,13,52284,5.563375e-06,4.693743e-03,1.852431e-02,0.000000e+00,0.000000e+00
3885,14,52298,5.007998e-06,4.656933e-03,1.538675e-02,0.000000e+00,0.000000e+00
3886,17,52315,4.093363e-05,4.417538e-03,1.898876e-02,0.000000e+00,0.000000e+00
3887,14,52329,8.743544e-05,4.569698e-03,1.499665e-02,0.000000e+00,0.000000e+00
HIST {'total_samples': 4438260, 'floor_samples': 39, 'floor_fraction': 8.787227426964621e-06, 'saturation_depth': 1.862645149230957e-08, 'boundaries': 3888, 'capped_boundaries': 0, 'unfinished_worlds': 0}
3888,17,52346,4.162815e-05,4.747451e-03,1.572029e-02,0.000000e+00,0.000000e+00
3889,16,52362,6.127989e-05,4.433468e-03,1.695815e-02,0.000000e+00,0.000000e+00
3890,11,52373,7.336267e-05,4.819366e-03,1.612124e-02,0.000000e+00,0.000000e+00
3891,12,52385,1.521232e-05,4.642575e-03,1.148760e-02,0.000000e+00,0.000000e+00
3892,12,52397,2.566259e-05,4.718306e-03,1.298776e-02,0.000000e+00,0.000000e+00
3893,14,52411,8.869253e-06,4.716781e-03,1.412217e-02,0.000000e+00,0.000000e+00
3894,11,52422,3.652647e-05,4.869174e-03,2.236018e-02,0.000000e+00,0.000000e+00
3895,17,52439,1.402106e-04,4.341619e-03,1.208533e-02,0.000000e+00,0.000000e+00
3896,13,52452,5.649741e-06,4.961335e-03,1.578671e-02,0.000000e+00,0.000000e+00
3897,12,52464,3.462296e-05,4.826307e-03,1.703455e-02,0.000000e+00,0.000000e+00
3898,12,52476,2.293382e-05,4.851351e-03,1.366136e-02,0.000000e+00,0.000000e+00
3899,16,52492,2.598856e-05,4.659382e-03,1.289393e-02,0.000000e+00,0.000000e+00
3900,14,52506,1.098317e-04,4.539993e-03,1.459845e-02,0.000000e+00,0.000000e+00
3901,11,52517,5.340204e-05,4.715168e-03,2.362883e-02,0.000000e+00,0.000000e+00
3902,12,52529,1.517590e-05,4.836123e-03,1.611315e-02,0.000000e+00,0.000000e+00
3903,12,52541,2.189964e-05,4.793830e-03,1.537347e-02,0.000000e+00,0.000000e+00
3904,11,52552,5.221460e-05,4.860375e-03,1.210968e-02,0.000000e+00,0.000000e+00
3905,16,52568,3.828869e-05,4.783933e-03,1.228010e-02,0.000000e+00,0.000000e+00
3906,14,52582,2.117393e-05,4.917714e-03,1.565636e-02,0.000000e+00,0.000000e+00
3907,18,52600,4.767254e-05,4.839048e-03,1.677620e-02,0.000000e+00,0.000000e+00
3908,16,52616,4.143143e-06,4.400660e-03,1.287975e-02,0.000000e+00,0.000000e+00
3909,13,52629,7.397202e-05,4.960542e-03,1.439308e-02,0.000000e+00,0.000000e+00
3910,11,52640,2.213115e-06,4.971007e-03,1.484202e-02,0.000000e+00,0.000000e+00
3911,12,52652,1.515727e-05,4.465818e-03,1.376594e-02,0.000000e+00,0.000000e+00
3912,16,52668,5.803040e-05,4.913350e-03,1.349732e-02,0.000000e+00,0.000000e+00
3913,19,52687,1.000952e-04,4.651279e-03,1.316540e-02,0.000000e+00,0.000000e+00
3914,15,52702,7.412076e-05,4.855275e-03,1.378357e-02,0.000000e+00,0.000000e+00
3915,12,52714,1.150100e-05,4.687957e-03,1.486015e-02,0.000000e+00,0.000000e+00
3916,16,52730,8.039186e-06,4.758220e-03,1.408608e-02,0.000000e+00,0.000000e+00
3917,13,52743,1.730908e-05,4.660573e-03,1.557472e-02,0.000000e+00,0.000000e+00
3918,12,52755,3.089484e-05,4.381607e-03,1.352627e-02,0.000000e+00,0.000000e+00
3919,13,52768,1.169834e-04,4.593516e-03,1.458322e-02,0.000000e+00,0.000000e+00
3920,14,52782,4.693723e-05,4.634884e-03,1.434168e-02,0.000000e+00,0.000000e+00
3921,13,52795,1.058914e-05,4.522886e-03,1.335929e-02,0.000000e+00,0.000000e+00
3922,14,52809,1.122703e-04,4.696676e-03,1.533635e-02,0.000000e+00,0.000000e+00
3923,13,52822,2.821907e-05,4.455437e-03,1.210073e-02,0.000000e+00,0.000000e+00
3924,16,52838,5.429869e-05,4.674893e-03,1.212863e-02,0.000000e+00,0.000000e+00
3925,12,52850,1.168856e-04,4.610399e-03,1.229812e-02,0.000000e+00,0.000000e+00
3926,14,52864,2.806638e-05,4.816334e-03,1.688659e-02,0.000000e+00,0.000000e+00
3927,13,52877,3.394643e-05,4.689537e-03,1.685048e-02,0.000000e+00,0.000000e+00
3928,11,52888,1.122244e-06,5.071386e-03,1.311541e-02,0.000000e+00,0.000000e+00
3929,16,52904,3.707957e-05,4.725944e-03,1.287279e-02,0.000000e+00,0.000000e+00
3930,14,52918,3.421512e-05,4.810981e-03,1.605885e-02,0.000000e+00,0.000000e+00
3931,16,52934,8.748102e-06,4.647412e-03,1.212744e-02,0.000000e+00,0.000000e+00
3932,17,52951,8.827270e-06,4.760519e-03,1.447577e-02,0.000000e+00,0.000000e+00
3933,12,52963,4.701280e-05,4.358949e-03,1.151665e-02,0.000000e+00,0.000000e+00
3934,12,52975,2.306886e-05,4.999273e-03,1.354378e-02,0.000000e+00,0.000000e+00
3935,11,52986,3.800320e-05,4.845419e-03,1.281682e-02,0.000000e+00,0.000000e+00
HIST {'total_samples': 4492390, 'floor_samples': 39, 'floor_fraction': 8.681347790374388e-06, 'saturation_depth': 1.862645149230957e-08, 'boundaries': 3936, 'capped_boundaries': 0, 'unfinished_worlds': 0}
3936,12,52998,1.756817e-05,4.531712e-03,1.438556e-02,0.000000e+00,0.000000e+00
3937,13,53011,1.495238e-05,4.382845e-03,1.849568e-02,0.000000e+00,0.000000e+00
3938,17,53028,1.604958e-06,4.765209e-03,1.223747e-02,0.000000e+00,0.000000e+00
3939,13,53041,3.017873e-05,4.951268e-03,1.623293e-02,0.000000e+00,0.000000e+00
3940,13,53054,1.250944e-04,4.781468e-03,1.623856e-02,0.000000e+00,0.000000e+00
3941,11,53065,1.286156e-05,4.753597e-03,1.503608e-02,0.000000e+00,0.000000e+00
3942,11,53076,3.491204e-05,4.650761e-03,1.425085e-02,0.000000e+00,0.000000e+00
3943,28,53104,4.322832e-05,4.596826e-03,1.208078e-02,0.000000e+00,0.000000e+00
3944,12,53116,5.626950e-06,4.918273e-03,1.386237e-02,0.000000e+00,0.000000e+00
3945,12,53128,4.312515e-05,4.568575e-03,1.238071e-02,0.000000e+00,0.000000e+00
3946,11,53139,2.416794e-05,4.840819e-03,1.379323e-02,0.000000e+00,0.000000e+00
3947,12,53151,6.017994e-05,4.832178e-03,1.666274e-02,0.000000e+00,0.000000e+00
3948,12,53163,8.850061e-06,4.847914e-03,1.640854e-02,0.000000e+00,0.000000e+00
3949,21,53184,6.970413e-05,4.663208e-03,1.287975e-02,0.000000e+00,0.000000e+00
3950,24,53208,3.810041e-05,4.906510e-03,1.212673e-02,0.000000e+00,0.000000e+00
3951,18,53226,3.088285e-05,4.532757e-03,1.185076e-02,0.000000e+00,0.000000e+00
3952,13,53239,9.313226e-09,4.541458e-03,1.287975e-02,0.000000e+00,0.000000e+00
3953,17,53256,8.228470e-05,4.358885e-03,1.196080e-02,0.000000e+00,0.000000e+00
3954,11,53267,1.143143e-05,4.753768e-03,1.465006e-02,0.000000e+00,0.000000e+00
3955,12,53279,3.150900e-05,4.870959e-03,1.469311e-02,0.000000e+00,0.000000e+00
3956,18,53297,4.830468e-06,4.722455e-03,1.271726e-02,0.000000e+00,0.000000e+00
3957,14,53311,2.282672e-05,4.598795e-03,1.705248e-02,0.000000e+00,0.000000e+00
3958,12,53323,1.540124e-04,4.612399e-03,1.404078e-02,0.000000e+00,0.000000e+00
3959,16,53339,7.333628e-05,4.447367e-03,1.425524e-02,0.000000e+00,0.000000e+00
3960,22,53361,6.559217e-05,4.496184e-03,1.532434e-02,0.000000e+00,0.000000e+00
3961,13,53374,8.564575e-06,4.462453e-03,1.675983e-02,0.000000e+00,0.000000e+00
3962,15,53389,2.349980e-05,4.577279e-03,1.343000e-02,0.000000e+00,0.000000e+00
3963,25,53414,6.323632e-05,4.924251e-03,1.863454e-02,0.000000e+00,0.000000e+00
3964,15,53429,2.712955e-05,4.661486e-03,1.493592e-02,0.000000e+00,0.000000e+00
3965,14,53443,2.795842e-05,4.650015e-03,1.250023e-02,0.000000e+00,0.000000e+00
3966,19,53462,2.699760e-05,4.756509e-03,1.334588e-02,0.000000e+00,0.000000e+00
3967,17,53479,6.252139e-05,4.551766e-03,1.354379e-02,0.000000e+00,0.000000e+00
3968,11,53490,5.913396e-05,4.505116e-03,1.438778e-02,0.000000e+00,0.000000e+00
3969,12,53502,6.884407e-05,4.670978e-03,1.473848e-02,0.000000e+00,0.000000e+00
3970,16,53518,3.055658e-05,4.533028e-03,1.082238e-02,0.000000e+00,0.000000e+00
3971,16,53534,4.046131e-05,4.481947e-03,1.340758e-02,0.000000e+00,0.000000e+00
3972,17,53551,1.139939e-04,4.686343e-03,1.353389e-02,0.000000e+00,0.000000e+00
3973,13,53564,1.142733e-05,4.582905e-03,1.525659e-02,0.000000e+00,0.000000e+00
3974,12,53576,2.426869e-05,4.379303e-03,1.941556e-02,0.000000e+00,0.000000e+00
3975,14,53590,1.453219e-05,4.451370e-03,2.169926e-02,0.000000e+00,0.000000e+00
3976,14,53604,1.189924e-06,4.742765e-03,2.535720e-02,0.000000e+00,0.000000e+00
3977,21,53625,3.378809e-05,4.434554e-03,1.654742e-02,0.000000e+00,0.000000e+00
3978,12,53637,1.119033e-05,5.015221e-03,1.566201e-02,0.000000e+00,0.000000e+00
3979,15,53652,6.587046e-05,4.260758e-03,1.110679e-02,0.000000e+00,0.000000e+00
3980,11,53663,2.153259e-05,4.663163e-03,1.560298e-02,0.000000e+00,0.000000e+00
3981,12,53675,2.716554e-05,4.617448e-03,1.548142e-02,0.000000e+00,0.000000e+00
3982,16,53691,9.520353e-05,4.911208e-03,1.303885e-02,0.000000e+00,0.000000e+00
3983,18,53709,2.230518e-05,4.649880e-03,1.697570e-02,0.000000e+00,0.000000e+00
HIST {'total_samples': 4547189, 'floor_samples': 40, 'floor_fraction': 8.796643376820273e-06, 'saturation_depth': 9.313225746154785e-09, 'boundaries': 3984, 'capped_boundaries': 0, 'unfinished_worlds': 0}
3984,13,53722,1.402119e-05,4.780033e-03,1.536094e-02,0.000000e+00,0.000000e+00
3985,17,53739,5.958138e-05,5.004371e-03,1.740321e-02,0.000000e+00,0.000000e+00
3986,13,53752,9.801520e-05,4.772675e-03,1.303339e-02,0.000000e+00,0.000000e+00
3987,11,53763,9.927899e-05,4.685506e-03,1.269150e-02,0.000000e+00,0.000000e+00
3988,15,53778,6.623632e-05,4.626343e-03,1.240442e-02,0.000000e+00,0.000000e+00
3989,14,53792,3.489666e-05,4.590964e-03,1.238528e-02,0.000000e+00,0.000000e+00
3990,13,53805,9.115395e-05,4.696612e-03,1.615295e-02,0.000000e+00,0.000000e+00
3991,12,53817,1.845582e-05,4.253037e-03,1.426819e-02,0.000000e+00,0.000000e+00
3992,12,53829,5.558577e-05,4.664644e-03,1.361504e-02,0.000000e+00,0.000000e+00
3993,17,53846,7.882049e-06,4.410380e-03,1.349178e-02,0.000000e+00,0.000000e+00
3994,21,53867,2.649860e-05,4.664385e-03,1.714055e-02,0.000000e+00,0.000000e+00
3995,15,53882,1.455498e-05,4.334772e-03,1.323128e-02,0.000000e+00,0.000000e+00
3996,14,53896,1.149438e-04,4.852553e-03,1.338487e-02,0.000000e+00,0.000000e+00
3997,20,53916,3.027229e-05,4.553256e-03,1.741938e-02,0.000000e+00,0.000000e+00
3998,17,53933,2.708757e-05,4.571879e-03,1.222399e-02,0.000000e+00,0.000000e+00
3999,13,53946,7.338665e-06,4.452243e-03,1.329252e-02,0.000000e+00,0.000000e+00
4000,18,53964,9.308278e-07,4.422861e-03,1.355414e-02,0.000000e+00,0.000000e+00
4001,19,53983,3.321592e-05,4.476134e-03,1.183374e-02,0.000000e+00,0.000000e+00
4002,15,53998,4.797243e-05,4.725513e-03,1.329846e-02,0.000000e+00,0.000000e+00
4003,14,54012,4.120353e-06,4.736701e-03,1.243448e-02,0.000000e+00,0.000000e+00
4004,12,54024,2.338825e-05,4.699474e-03,1.526501e-02,0.000000e+00,0.000000e+00
4005,11,54035,6.162056e-05,4.635490e-03,1.383911e-02,0.000000e+00,0.000000e+00
4006,11,54046,1.722511e-05,4.631919e-03,1.243157e-02,0.000000e+00,0.000000e+00
4007,10,54056,1.647613e-04,4.542647e-03,1.266268e-02,0.000000e+00,0.000000e+00
4008,9,54065,2.334626e-05,4.627815e-03,1.186186e-02,0.000000e+00,0.000000e+00
4009,11,54076,2.354658e-06,4.269663e-03,1.055428e-02,0.000000e+00,0.000000e+00
4010,17,54093,1.501292e-05,4.361265e-03,1.139338e-02,0.000000e+00,0.000000e+00
4011,11,54104,1.437385e-05,4.309516e-03,1.203764e-02,0.000000e+00,0.000000e+00
4012,11,54115,2.372651e-06,4.477489e-03,1.215845e-02,0.000000e+00,0.000000e+00
4013,12,54127,3.381208e-05,4.286415e-03,1.287281e-02,0.000000e+00,0.000000e+00
4014,11,54138,9.727664e-06,4.785025e-03,1.362899e-02,0.000000e+00,0.000000e+00
4015,14,54152,7.368653e-06,4.786649e-03,1.347577e-02,0.000000e+00,0.000000e+00
4016,11,54163,1.052339e-05,4.896817e-03,1.791780e-02,0.000000e+00,0.000000e+00
4017,16,54179,7.494243e-05,4.677120e-03,1.675463e-02,0.000000e+00,0.000000e+00
4018,18,54197,4.425031e-06,4.810486e-03,1.438421e-02,0.000000e+00,0.000000e+00
4019,15,54212,2.661376e-05,4.449268e-03,1.266502e-02,0.000000e+00,0.000000e+00
4020,15,54227,2.063055e-05,4.801654e-03,1.364047e-02,0.000000e+00,0.000000e+00
4021,15,54242,2.468613e-05,4.425689e-03,1.562878e-02,0.000000e+00,0.000000e+00
4022,12,54254,1.122849e-04,4.607861e-03,1.505671e-02,0.000000e+00,0.000000e+00
4023,16,54270,3.663095e-05,4.657343e-03,1.648193e-02,0.000000e+00,0.000000e+00
4024,18,54288,1.358217e-05,4.768868e-03,1.341631e-02,0.000000e+00,0.000000e+00
4025,20,54308,8.534587e-06,4.523319e-03,1.488384e-02,0.000000e+00,0.000000e+00
4026,14,54322,3.936235e-05,4.840527e-03,1.474456e-02,0.000000e+00,0.000000e+00
4027,23,54345,1.509117e-05,4.770124e-03,1.741925e-02,0.000000e+00,0.000000e+00
4028,18,54363,1.674770e-05,4.781924e-03,1.945318e-02,0.000000e+00,0.000000e+00
4029,15,54378,7.154059e-05,4.669017e-03,1.287975e-02,0.000000e+00,0.000000e+00
4030,16,54394,2.703959e-05,4.578288e-03,1.459264e-02,0.000000e+00,0.000000e+00
4031,11,54405,2.518296e-05,4.702771e-03,1.458375e-02,0.000000e+00,0.000000e+00
HIST {'total_samples': 4602423, 'floor_samples': 41, 'floor_fraction': 8.908351101148243e-06, 'saturation_depth': 9.313225746154785e-09, 'boundaries': 4032, 'capped_boundaries': 0, 'unfinished_worlds': 0}
4032,11,54416,1.196126e-04,4.842612e-03,1.278784e-02,0.000000e+00,0.000000e+00
4033,15,54431,7.709317e-06,4.631248e-03,1.556760e-02,0.000000e+00,0.000000e+00
4034,13,54444,1.806958e-05,5.090042e-03,1.403827e-02,0.000000e+00,0.000000e+00
4035,14,54458,2.188142e-05,4.629144e-03,1.542461e-02,0.000000e+00,0.000000e+00
4036,13,54471,1.990964e-05,4.634614e-03,1.363940e-02,0.000000e+00,0.000000e+00
4037,13,54484,1.705997e-04,4.815424e-03,1.253715e-02,0.000000e+00,0.000000e+00
4038,11,54495,1.354978e-05,4.774695e-03,1.306013e-02,0.000000e+00,0.000000e+00
4039,13,54508,1.120568e-04,4.570800e-03,1.436861e-02,0.000000e+00,0.000000e+00
4040,17,54525,8.865260e-05,4.607582e-03,1.404517e-02,0.000000e+00,0.000000e+00
4041,14,54539,6.095972e-05,4.252508e-03,1.192888e-02,0.000000e+00,0.000000e+00
4042,11,54550,4.658010e-05,4.594006e-03,1.392240e-02,0.000000e+00,0.000000e+00
4043,10,54560,5.352260e-06,4.802695e-03,1.687011e-02,0.000000e+00,0.000000e+00
4044,13,54573,7.869676e-07,4.549512e-03,1.881738e-02,0.000000e+00,0.000000e+00
4045,14,54587,1.418404e-05,4.763489e-03,1.280185e-02,0.000000e+00,0.000000e+00
4046,13,54600,9.680488e-05,4.463851e-03,1.278029e-02,0.000000e+00,0.000000e+00
4047,12,54612,3.289685e-05,4.758934e-03,1.902571e-02,0.000000e+00,0.000000e+00
4048,15,54627,1.136905e-05,4.123366e-03,1.287975e-02,0.000000e+00,0.000000e+00
4049,13,54640,3.716234e-05,4.548608e-03,1.257588e-02,0.000000e+00,0.000000e+00
4050,17,54657,5.138107e-05,4.811755e-03,1.482194e-02,0.000000e+00,0.000000e+00
4051,12,54669,8.639880e-05,4.733694e-03,1.315055e-02,0.000000e+00,0.000000e+00
4052,14,54683,9.254539e-05,4.760147e-03,1.315746e-02,0.000000e+00,0.000000e+00
4053,15,54698,1.983167e-05,4.366924e-03,2.254310e-02,0.000000e+00,0.000000e+00
4054,12,54710,1.431747e-05,4.518685e-03,1.610566e-02,0.000000e+00,0.000000e+00
4055,12,54722,7.131388e-05,4.529884e-03,1.487362e-02,0.000000e+00,0.000000e+00
4056,11,54733,5.503519e-05,4.946565e-03,1.410832e-02,0.000000e+00,0.000000e+00
4057,15,54748,3.597961e-05,4.552150e-03,1.299201e-02,0.000000e+00,0.000000e+00
4058,13,54761,2.244487e-06,4.810701e-03,1.961282e-02,0.000000e+00,0.000000e+00
4059,11,54772,9.258498e-05,4.491474e-03,1.287975e-02,0.000000e+00,0.000000e+00
4060,12,54784,4.318393e-05,4.815373e-03,1.725924e-02,0.000000e+00,0.000000e+00
4061,13,54797,2.427350e-05,4.425622e-03,1.822341e-02,0.000000e+00,0.000000e+00
4062,14,54811,1.283828e-05,5.236703e-03,1.862668e-02,0.000000e+00,0.000000e+00
4063,18,54829,8.383448e-05,4.826277e-03,1.468797e-02,0.000000e+00,0.000000e+00
4064,16,54845,5.032402e-05,4.552719e-03,1.265082e-02,0.000000e+00,0.000000e+00
4065,12,54857,1.250368e-04,4.825556e-03,1.261335e-02,0.000000e+00,0.000000e+00
4066,12,54869,1.391444e-05,4.571008e-03,1.272338e-02,0.000000e+00,0.000000e+00
4067,18,54887,1.062295e-05,4.552261e-03,1.499571e-02,0.000000e+00,0.000000e+00
4068,17,54904,2.080388e-04,4.900499e-03,1.536138e-02,0.000000e+00,0.000000e+00
4069,14,54918,1.802399e-05,4.904415e-03,1.287975e-02,0.000000e+00,0.000000e+00
4070,15,54933,7.727910e-05,5.088799e-03,1.301813e-02,0.000000e+00,0.000000e+00
4071,13,54946,1.801680e-06,4.743549e-03,1.905173e-02,0.000000e+00,0.000000e+00
4072,15,54961,6.131828e-05,4.866721e-03,1.509375e-02,0.000000e+00,0.000000e+00
4073,22,54983,1.033768e-06,4.647657e-03,1.310941e-02,0.000000e+00,0.000000e+00
4074,13,54996,6.509677e-05,5.162947e-03,1.414812e-02,0.000000e+00,0.000000e+00
4075,12,55008,7.687006e-05,4.912715e-03,1.498363e-02,0.000000e+00,0.000000e+00
4076,15,55023,1.742663e-05,4.487348e-03,1.471678e-02,0.000000e+00,0.000000e+00
4077,17,55040,7.646822e-05,4.851239e-03,1.333306e-02,0.000000e+00,0.000000e+00
4078,14,55054,6.455938e-05,4.741349e-03,1.478264e-02,0.000000e+00,0.000000e+00
4079,15,55069,1.838541e-04,5.006756e-03,1.309657e-02,0.000000e+00,0.000000e+00
HIST {'total_samples': 4657145, 'floor_samples': 42, 'floor_fraction': 9.01840075840456e-06, 'saturation_depth': 9.313225746154785e-09, 'boundaries': 4080, 'capped_boundaries': 0, 'unfinished_worlds': 0}
4080,12,55081,9.825391e-05,5.262483e-03,1.451115e-02,0.000000e+00,0.000000e+00
4081,12,55093,5.043577e-05,5.101402e-03,1.290457e-02,0.000000e+00,0.000000e+00
4082,13,55106,3.285006e-05,4.990316e-03,1.319051e-02,0.000000e+00,0.000000e+00
4083,13,55119,5.800640e-05,4.907986e-03,1.233394e-02,0.000000e+00,0.000000e+00
4084,15,55134,1.555406e-04,4.935490e-03,1.382314e-02,0.000000e+00,0.000000e+00
4085,12,55146,3.259629e-07,4.810134e-03,1.712578e-02,0.000000e+00,0.000000e+00
4086,17,55163,8.102320e-05,5.049266e-03,1.235151e-02,0.000000e+00,0.000000e+00
4087,124,55287,2.847984e-06,3.428284e-03,1.369856e-02,0.000000e+00,0.000000e+00
4088,256,55543,2.847984e-06,3.248733e-03,1.647867e-02,0.000000e+00,9.270916e-03
4089,256,55799,2.847984e-06,3.070638e-03,1.257765e-02,0.000000e+00,1.854183e-02
4090,256,56055,1.797453e-06,2.790185e-03,1.479400e-02,0.000000e+00,2.781275e-02
4091,256,56311,1.272187e-06,2.719009e-03,1.265068e-02,0.000000e+00,3.708366e-02
4092,256,56567,1.272187e-06,2.571928e-03,1.224577e-02,0.000000e+00,4.635505e-02
4093,256,56823,3.725290e-08,2.426818e-03,1.349579e-02,0.000000e+00,5.562644e-02
4094,256,57079,1.272187e-06,2.518422e-03,1.372697e-02,0.000000e+00,6.489784e-02
4095,256,57335,1.272187e-06,2.287490e-03,1.090966e-02,0.000000e+00,7.416923e-02
4096,256,57591,1.272187e-06,2.535656e-03,1.492074e-02,0.000000e+00,8.344062e-02
4097,256,57847,1.272187e-06,2.046815e-03,1.566689e-02,0.000000e+00,9.271201e-02
4098,256,58103,1.272187e-06,2.018342e-03,1.320111e-02,0.000000e+00,1.019834e-01
4099,256,58359,1.272187e-06,2.061728e-03,1.215327e-02,0.000000e+00,1.112548e-01
4100,256,58615,1.272187e-06,1.990016e-03,1.275977e-02,0.000000e+00,1.205262e-01
4101,256,58871,4.097819e-07,1.901763e-03,1.066433e-02,0.000000e+00,1.297976e-01
4102,256,59127,1.272187e-06,1.875621e-03,1.146524e-02,0.000000e+00,1.390690e-01
4103,256,59383,1.272187e-06,1.894042e-03,1.033512e-02,0.000000e+00,1.483404e-01
4104,256,59639,1.272187e-06,1.852462e-03,1.216152e-02,0.000000e+00,1.576118e-01
4105,256,59895,1.272187e-06,1.929004e-03,1.588003e-02,0.000000e+00,1.668832e-01
4106,256,60151,1.272187e-06,1.658761e-03,1.190215e-02,0.000000e+00,1.761546e-01
4107,256,60407,1.272187e-06,1.831341e-03,1.445851e-02,0.000000e+00,1.854260e-01
4108,256,60663,1.272187e-06,2.015373e-03,1.280340e-02,0.000000e+00,1.946974e-01
4109,256,60919,1.272187e-06,1.694287e-03,1.147327e-02,0.000000e+00,2.039688e-01
4110,256,61175,1.272187e-06,1.693194e-03,1.261109e-02,0.000000e+00,2.132402e-01
4111,256,61431,1.272187e-06,1.675814e-03,1.052057e-02,0.000000e+00,2.225116e-01
4112,256,61687,1.272187e-06,1.758391e-03,1.492989e-02,0.000000e+00,2.317830e-01
4113,256,61943,1.272187e-06,1.458642e-03,1.233012e-02,0.000000e+00,2.410544e-01
4114,256,62199,1.272187e-06,1.545002e-03,1.244809e-02,0.000000e+00,2.503257e-01
4115,256,62455,1.272187e-06,1.461423e-03,1.165400e-02,0.000000e+00,2.595955e-01
4116,256,62711,1.272187e-06,1.438069e-03,1.612044e-02,0.000000e+00,2.688630e-01
4117,256,62967,1.272187e-06,1.446012e-03,1.523735e-02,0.000000e+00,2.781306e-01
4118,256,63223,1.272187e-06,1.461231e-03,1.624437e-02,0.000000e+00,2.873982e-01
4119,256,63479,1.272187e-06,1.336556e-03,1.252118e-02,0.000000e+00,2.966657e-01
4120,256,63735,4.190952e-07,1.304766e-03,1.287298e-02,0.000000e+00,3.059333e-01
4121,256,63991,1.196750e-06,1.181237e-03,1.397078e-02,0.000000e+00,3.152009e-01
4122,256,64247,1.272187e-06,1.374245e-03,1.144977e-02,0.000000e+00,3.244684e-01
4123,256,64503,1.272187e-06,1.130893e-03,1.000000e-02,0.000000e+00,3.337360e-01
4124,256,64759,1.272187e-06,1.300789e-03,1.026736e-02,0.000000e+00,3.430036e-01
4125,256,65015,1.272187e-06,1.037946e-03,1.204369e-02,0.000000e+00,3.522711e-01
4126,256,65271,1.272187e-06,1.168026e-03,1.000000e-02,0.000000e+00,3.615387e-01
4127,256,65527,1.272187e-06,1.101032e-03,1.248408e-02,0.000000e+00,3.708063e-01
HIST {'total_samples': 5894216, 'floor_samples': 46, 'floor_fraction': 7.804260990774685e-06, 'saturation_depth': 9.313225746154785e-09, 'boundaries': 4128, 'capped_boundaries': 40, 'unfinished_worlds': 4406}
4128,256,65783,1.272187e-06,1.249061e-03,1.121651e-02,0.000000e+00,3.800738e-01
4129,256,66039,1.272187e-06,1.094566e-03,1.278357e-02,0.000000e+00,3.893414e-01
4130,256,66295,1.272187e-06,1.187056e-03,1.075572e-02,0.000000e+00,3.986090e-01
4131,256,66551,1.272187e-06,1.124807e-03,1.171463e-02,0.000000e+00,4.078766e-01
4132,256,66807,1.272187e-06,1.100965e-03,1.000000e-02,0.000000e+00,4.171441e-01
4133,256,67063,1.272187e-06,9.751916e-04,1.000000e-02,0.000000e+00,4.264117e-01
4134,256,67319,1.272187e-06,1.075090e-03,1.100558e-02,0.000000e+00,4.356793e-01
4135,256,67575,1.272187e-06,8.695419e-04,9.446637e-03,0.000000e+00,4.449468e-01
